firm_num,round,consumer_id,share,share_reason,final_choice,final_reason,decision_sequence,total_revenue,Privacy_Cost,Valuations
10,1,C1,True,"Yes, because with a low privacy value of 0.026 and 10 firms, the significant reduction in search costs from personalized recommendations likely outweighs the privacy cost.",1,"### Decision:
I'll **purchase Firm 1** (choose number 1) because: 
- The firm offers a positive profit of 0.36, ensuring immediate gain.
- Additional searches incur a cost of 0.02 with uncertain benefits, given the sorted recommendation order.","C1 Search #1 (Searched:1/10, SearchCost:0.00, BestProfit:0.36@F1) → Purchase F1",0.33,0.026,"[0.61, 0.96, 0.83, 0.14, 0.51, 0.1, 0.35, 0.85, 0.36, 0.17]"
10,1,C2,True,"### Thought Process:
As a consumer with a privacy value of 0.043, I am weighing the trade-off between privacy cost and benefits of sharing data. With 10 firms, sharing data provides personalized recommendations that sort products by my valuation, significantly reducing search costs by minimizing the number of searches needed to find a good deal. The first search is free, and each subsequent search costs 0.02, so without recommendations, I might face higher costs (e.g., worst case 0.18 for 9 paid searches). Sharing could save multiple search costs (e.g., saving 3 searches saves 0.06, exceeding my privacy value of 0.043) and potentially improve product match by prioritizing high-valuation items. My goal is to maximize total revenue (valuation minus price minus search cost minus privacy cost), so the expected reduction in search cost and better outcomes likely outweigh the privacy loss, especially with many firms amplifying the value of recommendations.

### Answer:
Yes, because expected search cost savings and better product matching outweigh the low privacy cost with 10 firms.",0,"### Decision:
I'll **purchase Firm 0** (choose number 0) because: 
- I have a firm with positive profit of 0.4, ensuring a net gain after accounting for costs.
- The expected benefit from additional searches is unlikely to exceed the search cost of 0.02, given decreasing valuations and potential low surplus gains.","C2 Search #1 (Searched:1/10, SearchCost:0.00, BestProfit:0.40@F0) → Purchase F0",0.36,0.043,"[1.0, 0.24, 0.75, 0.35, 0.82, 0.21, 0.36, 0.72, 0.11, 0.53]"
10,1,C3,True,"Yes, because with 10 firms, personalized recommendations will likely reduce search costs and improve product matching substantially, exceeding the privacy cost of 0.052.",1,"### Decision:
I'll **purchase Firm 1** because: 
- Firm 1 offers a positive profit of 0.35, which I must buy given rationality.
- Additional search costs 0.02 with low expected gain, making it inefficient.","C3 Search #1 (Searched:1/10, SearchCost:0.00, BestProfit:0.35@F1) → Purchase F1",0.3,0.052,"[0.5, 0.95, 0.23, 0.08, 0.26, 0.89, 0.44, 0.87, 0.75, 0.52]"
10,1,C4,True,"Yes, because with 10 firms, personalized recommendations will likely reduce search costs by more than the privacy value of 0.038, outweighing the privacy cost.",0,"### Decision:
I'll **purchase Firm 0** because: 
- It offers a positive profit of 0.35, which I must act on per rules.
- Searching further may not improve profit and adds a cost of 0.02.","C4 Search #1 (Searched:1/10, SearchCost:0.00, BestProfit:0.35@F0) → Purchase F0",0.31,0.038,"[0.95, 0.4, 0.24, 0.16, 0.04, 0.79, 0.9, 0.83, 0.48, 0.29]"
10,1,C5,True,"Yes, because with 10 firms, personalized recommendations will likely reduce search costs substantially (e.g., from a potential 0.18 without sharing to much lower), outweighing the privacy cost of 0.051 and maximizing expected revenue.",4,"### Decision:
I'll **purchase Firm 4** because: 
- The firm offers a positive profit of 0.32
- As a rational consumer, I won't leave without buying when positive profit is available","C5 Search #1 (Searched:1/10, SearchCost:0.00, BestProfit:0.32@F4) → Purchase F4",0.27,0.051,"[0.31, 0.11, 0.69, 0.66, 0.92, 0.78, 0.0, 0.32, 0.19, 0.58]"
10,1,C6,True,"Yes, because with 10 firms, personalized recommendations will substantially reduce search costs by minimizing the number of searches needed, and the privacy cost of 0.031 is likely offset by these savings, leading to higher overall revenue.",2,"### Decision:
I'll **purchase Firm 2** (choose number 2) because: 
- Firm 2 offers a positive profit of 0.32, ensuring immediate gain.
- With data shared and recommendations sorted highest to lowest value, further searches are unlikely to improve profit, and the 0.02 search cost outweighs potential benefits.","C6 Search #1 (Searched:1/10, SearchCost:0.00, BestProfit:0.32@F2) → Purchase F2",0.29,0.031,"[0.02, 0.38, 0.92, 0.33, 0.75, 0.55, 0.1, 0.7, 0.22, 0.19]"
10,1,C7,True,"Yes, because with 10 firms, personalized recommendations will likely reduce search costs by more than the privacy cost of 0.044, improving overall revenue.",4,"### Decision:
I'll **purchase Firm 4** (choose number 4) because: 
- The firm offers a positive profit of 0.31, making it rational to buy immediately.
- With data sharing and sorted search sequence, this is likely the highest-value option, so further searches may not improve profit and incur unnecessary cost.","C7 Search #1 (Searched:1/10, SearchCost:0.00, BestProfit:0.31@F4) → Purchase F4",0.27,0.044,"[0.82, 0.56, 0.08, 0.47, 0.91, 0.01, 0.45, 0.03, 0.22, 0.87]"
10,1,C8,True,"Yes, because with 10 firms, personalized recommendations can significantly reduce search costs (potentially saving more than the 0.027 privacy value by minimizing searches).",8,"### Decision:
I'll **purchase Firm 8** because: 
- It offers a positive profit of 0.32, ensuring a net gain after accounting for costs.
- With data-shared recommendations sorting by valuation, additional searches are unlikely to yield substantial improvements relative to the 0.02 search cost.","C8 Search #1 (Searched:1/10, SearchCost:0.00, BestProfit:0.32@F8) → Purchase F8",0.29,0.027,"[0.8, 0.91, 0.7, 0.38, 0.65, 0.26, 0.43, 0.72, 0.92, 0.15]"
10,1,C9,True,"Yes, because with 10 firms, personalized recommendations will likely reduce search costs significantly, exceeding the privacy cost of 0.04.",0,"### Decision:
I'll **purchase Firm 0** (choose number 0) because: 
- It offers a positive profit of 0.39, ensuring a net gain.
- Further search costs 0.02 with uncertain benefits, likely minimal due to valuation sorting.","C9 Search #1 (Searched:1/10, SearchCost:0.00, BestProfit:0.39@F0) → Purchase F0",0.35,0.04,"[0.99, 0.53, 0.38, 0.09, 0.29, 0.3, 0.27, 0.68, 0.87, 0.54]"
10,1,C10,True,"Yes, because with 10 firms, personalized recommendations will likely reduce search costs substantially, outweighing the privacy cost of 0.054.",2,"### Decision:
I'll **purchase Firm 2** (choose number 2) because: 
- The firm offers a positive profit of 0.29, and rationality dictates buying when positive profit is available.
- Searching further incurs a cost of 0.02 with likely diminishing returns due to sorted valuation order.","C10 Search #1 (Searched:1/10, SearchCost:0.00, BestProfit:0.29@F2) → Purchase F2",0.24,0.054,"[0.69, 0.04, 0.89, 0.43, 0.08, 0.13, 0.52, 0.45, 0.02, 0.47]"
10,1,C11,True,"Yes, because the expected reduction in search costs from personalized recommendations with 10 firms likely exceeds the privacy cost of 0.039.",7,"### Decision:
I'll **purchase Firm 7** (choose number 7) because: 
- Positive profit of 0.37 is available from the searched firm.
- Rational to buy immediately given the positive profit condition, avoiding unnecessary search costs.","C11 Search #1 (Searched:1/10, SearchCost:0.00, BestProfit:0.37@F7) → Purchase F7",0.33,0.039,"[0.16, 0.33, 0.38, 0.0, 0.72, 0.13, 0.81, 0.97, 0.86, 0.63]"
10,1,C12,True,"Yes, because with 10 firms, personalized recommendations will likely reduce search costs by more than the 0.03 privacy cost.",6,"### Decision:
I'll **purchase Firm 6** (choose number 6) because: 
- The firm offers a positive profit of 0.33, which I can realize immediately.
- Searching another firm costs 0.02 with likely diminishing returns in profit due to decreasing valuation order, making additional search inefficient.","C12 Search #1 (Searched:1/10, SearchCost:0.00, BestProfit:0.33@F6) → Purchase F6",0.3,0.03,"[0.07, 0.43, 0.01, 0.21, 0.22, 0.26, 0.93, 0.2, 0.86, 0.47]"
10,1,C13,True,"Yes, because the expected reduction in search cost from personalized recommendations with 10 firms likely exceeds the privacy cost of 0.034, improving overall revenue.",3,"### Decision:  
I'll **purchase Firm 3** because:  
- It offers a positive profit of 0.4, ensuring immediate gain.  
- Further searching incurs a cost of 0.02 with low likelihood of a better deal due to sorted recommendations.","C13 Search #1 (Searched:1/10, SearchCost:0.00, BestProfit:0.40@F3) → Purchase F3",0.37,0.034,"[0.33, 0.29, 0.16, 1.0, 0.39, 0.05, 0.95, 0.69, 0.01, 0.23]"
10,1,C14,True,"Yes, because with 10 firms, personalized recommendations will likely reduce search costs significantly, exceeding my privacy value of 0.051.",7,"### Decision:
I'll **purchase Firm 7** because: 
- Positive profit of 0.32 ensures immediate gain
- Sorted recommendations make further search unlikely to yield better profit, avoiding unnecessary cost","C14 Search #1 (Searched:1/10, SearchCost:0.00, BestProfit:0.32@F7) → Purchase F7",0.27,0.051,"[0.49, 0.44, 0.4, 0.38, 0.37, 0.01, 0.25, 0.92, 0.54, 0.28]"
10,1,C15,True,"Yes, because the potential reduction in search cost from personalized recommendations with 10 firms is likely to exceed my privacy value of 0.043, making it worthwhile to share data for efficiency.",5,"### Decision:  
I'll **purchase Firm 5** because:  
- It offers a positive profit of 0.45, ensuring immediate net gain.  
- As a rational consumer, I won't leave without buying when a positive profit option exists.","C15 Search #1 (Searched:1/10, SearchCost:0.00, BestProfit:0.45@F5) → Purchase F5",0.41,0.043,"[0.71, 0.05, 0.35, 0.98, 0.59, 1.0, 0.64, 0.81, 0.48, 0.71]"
10,1,C16,True,"Yes, because with 10 firms, personalized recommendations will likely reduce search costs by more than the privacy value of 0.04.",9,"### Decision:
I'll **purchase Firm 9** because: 
- The firm offers a positive profit of 0.37, which I must act on rationally.
- Further search costs 0.02 and is unlikely to improve profit significantly due to decreasing valuations.","C16 Search #1 (Searched:1/10, SearchCost:0.00, BestProfit:0.37@F9) → Purchase F9",0.33,0.04,"[0.77, 0.5, 0.02, 0.66, 0.17, 0.25, 0.1, 0.86, 0.12, 0.92]"
10,1,C17,True,"Yes, because with 10 firms, personalized recommendations significantly reduce expected search costs, likely exceeding the privacy cost of 0.028.",7,"### Decision: I'll **purchase Firm 7** because: 
- It offers a positive profit of 0.12, which is rational to accept.
- Additional search costs 0.02 with uncertain improvement, risking reduced net gain.","C17 Search #1 (Searched:1/10, SearchCost:0.00, BestProfit:0.12@F7) → Purchase F7",0.09,0.028,"[0.33, 0.67, 0.04, 0.23, 0.71, 0.58, 0.18, 0.72, 0.56, 0.22]"
10,1,C18,True,"Yes, because with 10 firms, personalized recommendations will likely reduce search costs substantially, outweighing the privacy cost of 0.033.",8,"### Decision:
I'll **purchase Firm 8** (choose number 8) because: 
- It offers a positive profit of 0.37.
- As a rational consumer, I won't leave without buying when a positive profit option exists.","C18 Search #1 (Searched:1/10, SearchCost:0.00, BestProfit:0.37@F8) → Purchase F8",0.34,0.033,"[0.92, 0.63, 0.87, 0.02, 0.46, 0.85, 0.77, 0.38, 0.97, 0.89]"
10,1,C19,True,"Yes, because sharing data with 10 firms significantly reduces expected search costs through personalized recommendations, likely offsetting the privacy cost of 0.04 by saving more than two search costs (each 0.02).",6,"### Decision:
I'll **purchase Firm 6** because: 
- Positive profit of 0.38 is available, ensuring immediate gain.
- Additional search costs 0.02 with uncertain improvement, risking reduced net revenue.","C19 Search #1 (Searched:1/10, SearchCost:0.00, BestProfit:0.38@F6) → Purchase F6",0.34,0.04,"[0.1, 0.14, 0.5, 0.8, 0.71, 0.77, 0.98, 0.05, 0.85, 0.86]"
10,1,C20,True,"Yes, because with 10 firms, personalized recommendations will significantly reduce my expected search costs, and the savings likely exceed my privacy value of 0.031.",7,"### Decision:
I'll **purchase Firm 7** (choose number 7) because: 
- The firm offers a positive profit of 0.37, ensuring a gain.
- With data sharing and sorted search, this is likely the best option, minimizing unnecessary search costs.","C20 Search #1 (Searched:1/10, SearchCost:0.00, BestProfit:0.37@F7) → Purchase F7",0.34,0.031,"[0.18, 0.66, 0.69, 0.48, 0.94, 0.4, 0.64, 0.97, 0.31, 0.42]"
10,2,C1,True,"Yes, because with a low privacy value of 0.026 and 10 firms, the expected reduction in search costs from personalized recommendations likely outweighs the privacy cost, based on past benefits and top consumers' success.",1,"### Decision:
I'll **purchase Firm 1** (choose number 1) because: 
- Firm 1 provides a positive profit of 0.26, ensuring a gain.
- With sorted recommendations, it is likely the best option, and additional search costs of 0.02 may not justify uncertain benefits.","C1 Search #1 (Searched:1/10, SearchCost:0.00, BestProfit:0.26@F1) → Purchase F1",0.23,0.026,"[0.61, 0.96, 0.83, 0.14, 0.51, 0.1, 0.35, 0.85, 0.36, 0.17]"
10,2,C2,True,"Yes, because the expected reduction in search cost from personalized recommendations with 10 firms likely exceeds my privacy value of 0.043, improving overall revenue as seen in prior decisions.",0,"### Decision:  
I'll **purchase Firm 0** (choose number 0) because:  
- The firm offers a positive profit of 0.3, ensuring a net gain.  
- Additional searches are unlikely to yield higher profit due to personalized ordering by high valuation first, and the search cost of 0.02 outweighs potential benefits.","C2 Search #1 (Searched:1/10, SearchCost:0.00, BestProfit:0.30@F0) → Purchase F0",0.26,0.043,"[1.0, 0.24, 0.75, 0.35, 0.82, 0.21, 0.36, 0.72, 0.11, 0.53]"
10,2,C3,True,"Yes, because with 10 firms, personalized recommendations will likely reduce search costs substantially by minimizing searches needed for high-value deals, outweighing the privacy cost of 0.052 based on past benefits and peer experiences.",1,"### Decision:
I'll **purchase Firm 1** because: 
- Firm 1 provides a positive profit of 0.25, ensuring a good deal.
- Additional searches cost 0.02 with minimal expected gain, making it inefficient.","C3 Search #1 (Searched:1/10, SearchCost:0.00, BestProfit:0.25@F1) → Purchase F1",0.2,0.052,"[0.5, 0.95, 0.23, 0.08, 0.26, 0.89, 0.44, 0.87, 0.75, 0.52]"
10,2,C4,True,"Yes, because with 10 firms, personalized recommendations will likely reduce search costs by more than the privacy value of 0.038, improving overall revenue as seen in past decisions.",0,"### Decision:
I'll **purchase Firm 0** because: 
- It offers a positive profit of 0.25, which I must act on per rationality rules.
- Searching further would cost 0.02 and likely yield lower valuation firms, reducing expected net gain.","C4 Search #1 (Searched:1/10, SearchCost:0.00, BestProfit:0.25@F0) → Purchase F0",0.21,0.038,"[0.95, 0.4, 0.24, 0.16, 0.04, 0.79, 0.9, 0.83, 0.48, 0.29]"
10,2,C5,True,"Yes, because with 10 firms, personalized recommendations are likely to reduce search costs significantly (e.g., from an average increase without sharing to minimal or zero additional costs), outweighing the privacy value of 0.051 and maximizing expected revenue.",4,"### Decision:
I'll **purchase Firm 4** because: 
- It offers a positive profit of 0.22, and as a rational consumer, I won't leave without buying when such an option exists.
- Searching further incurs a cost of 0.02 with uncertain benefits, and the current profit already contributes to maximizing revenue.","C5 Search #1 (Searched:1/10, SearchCost:0.00, BestProfit:0.22@F4) → Purchase F4",0.17,0.051,"[0.31, 0.11, 0.69, 0.66, 0.92, 0.78, 0.0, 0.32, 0.19, 0.58]"
10,2,C6,True,"Yes, because with 10 firms, personalized recommendations significantly reduce search costs by minimizing searches needed for a good deal, and the privacy cost of 0.031 is likely offset by these savings, as seen in my previous positive revenue experience.",2,"### Decision:
I'll **purchase Firm 2** (choose number 2) because: 
- Firm 2 offers a positive profit of 0.22, ensuring a gain.
- With data shared and sorting by highest value, further searches are unlikely to improve profit, and the 0.02 search cost is not justified.","C6 Search #1 (Searched:1/10, SearchCost:0.00, BestProfit:0.22@F2) → Purchase F2",0.19,0.031,"[0.02, 0.38, 0.92, 0.33, 0.75, 0.55, 0.1, 0.7, 0.22, 0.19]"
10,2,C7,True,"Yes, because with 10 firms, personalized recommendations will likely reduce search costs by more than the privacy value of 0.044, as demonstrated by my previous positive revenue and the success of top consumers.",4,"### Decision:  
I'll **purchase Firm 4** (choose number 4) because:  
- The firm offers a positive profit of 0.21, making it rational to buy immediately.  
- With data sharing and a sorted search sequence, this is likely the highest-value option, so further searches would incur unnecessary costs without expected improvement.","C7 Search #1 (Searched:1/10, SearchCost:0.00, BestProfit:0.21@F4) → Purchase F4",0.17,0.044,"[0.82, 0.56, 0.08, 0.47, 0.91, 0.01, 0.45, 0.03, 0.22, 0.87]"
10,2,C8,True,"Yes, because with 10 firms, personalized recommendations will likely reduce search costs by more than my privacy value of 0.027, improving overall revenue efficiency.",8,"### Decision:
I'll **purchase Firm 8** because:
- It offers a positive profit of 0.22, ensuring a net gain.
- With data-shared sorting by valuation, additional searches are unlikely to yield substantial improvements relative to the 0.02 search cost.","C8 Search #1 (Searched:1/10, SearchCost:0.00, BestProfit:0.22@F8) → Purchase F8",0.19,0.027,"[0.8, 0.91, 0.7, 0.38, 0.65, 0.26, 0.43, 0.72, 0.92, 0.15]"
10,2,C9,True,"Yes, because with 10 firms, personalized recommendations significantly reduce expected search costs, likely exceeding the privacy cost of 0.04 and improving overall revenue, as seen in past decisions.",0,"### Decision:
I'll **purchase Firm 0** (choose number 0) because: 
- It offers a positive profit of 0.29, ensuring a net gain.
- Further search costs 0.02 with uncertain and likely minimal benefits due to valuation sorting.","C9 Search #1 (Searched:1/10, SearchCost:0.00, BestProfit:0.29@F0) → Purchase F0",0.25,0.04,"[0.99, 0.53, 0.38, 0.09, 0.29, 0.3, 0.27, 0.68, 0.87, 0.54]"
10,2,C10,True,"Yes, because with 10 firms, personalized recommendations will likely reduce search costs significantly (e.g., potentially limiting searches to one free search), outweighing the privacy cost of 0.054 and improving overall revenue.",2,"### Decision:
I'll **purchase Firm 2** (choose number 2) because: 
- Firm 2 offers a positive profit of 0.19, and rationality requires buying when such profit is available.
- Searching further incurs a cost of 0.02 with likely diminishing returns due to the sorted valuation order from data sharing.","C10 Search #1 (Searched:1/10, SearchCost:0.00, BestProfit:0.19@F2) → Purchase F2",0.14,0.054,"[0.69, 0.04, 0.89, 0.43, 0.08, 0.13, 0.52, 0.45, 0.02, 0.47]"
10,2,C11,True,"Yes, because with 10 firms, personalized recommendations are likely to significantly reduce search costs, exceeding my privacy value of 0.039 and improving overall revenue.",7,"### Decision:
I'll **purchase Firm 7** (choose number 7) because: 
- Positive profit of 0.27 is available from the searched firm.
- Rational to buy immediately to avoid unnecessary additional search costs, given personalized recommendations.","C11 Search #1 (Searched:1/10, SearchCost:0.00, BestProfit:0.27@F7) → Purchase F7",0.23,0.039,"[0.16, 0.33, 0.38, 0.0, 0.72, 0.13, 0.81, 0.97, 0.86, 0.63]"
10,2,C12,True,"Yes, because with 10 firms, personalized recommendations will likely reduce search costs and improve product matching, outweighing the privacy cost of 0.03.",6,"### Decision:
I'll **purchase Firm 6** (choose number 6) because: 
- The firm offers a positive profit of 0.23, which I can realize immediately.
- Searching another firm costs 0.02 with likely diminishing returns in profit due to the sorted valuation order, making additional search inefficient.","C12 Search #1 (Searched:1/10, SearchCost:0.00, BestProfit:0.23@F6) → Purchase F6",0.2,0.03,"[0.07, 0.43, 0.01, 0.21, 0.22, 0.26, 0.93, 0.2, 0.86, 0.47]"
10,2,C13,True,"Yes, because the expected reduction in search cost from personalized recommendations with 10 firms likely exceeds the privacy cost of 0.034, improving overall revenue.",3,"### Decision:  
I'll **purchase Firm 3** because:  
- It offers a positive profit of 0.3, ensuring immediate gain.  
- Sorted recommendations make further searches unlikely to yield a better deal, and the search cost of 0.02 outweighs potential benefits.","C13 Search #1 (Searched:1/10, SearchCost:0.00, BestProfit:0.30@F3) → Purchase F3",0.27,0.034,"[0.33, 0.29, 0.16, 1.0, 0.39, 0.05, 0.95, 0.69, 0.01, 0.23]"
10,2,C14,True,"Yes, because with 10 firms, personalized recommendations are likely to save significant search costs, exceeding my privacy value of 0.051 and improving overall revenue based on past experience.",7,"### Decision:
I'll **purchase Firm 7** because: 
- Positive profit of 0.22 ensures a gain.
- Sorted recommendations make further search unlikely to improve profit, avoiding additional cost of 0.02.","C14 Search #1 (Searched:1/10, SearchCost:0.00, BestProfit:0.22@F7) → Purchase F7",0.17,0.051,"[0.49, 0.44, 0.4, 0.38, 0.37, 0.01, 0.25, 0.92, 0.54, 0.28]"
10,2,C15,True,"Yes, because with 10 firms, personalized recommendations significantly reduce search costs by minimizing searches needed for high-value deals, likely exceeding the privacy cost of 0.043.",5,"### Decision:  
I'll **purchase Firm 5** because:  
- It provides a positive profit of 0.4, ensuring a net gain.  
- Searching further would add a search cost of 0.02 with low expected improvement, given personalized sorting.","C15 Search #1 (Searched:1/10, SearchCost:0.00, BestProfit:0.40@F5) → Purchase F5",0.36,0.043,"[0.71, 0.05, 0.35, 0.98, 0.59, 1.0, 0.64, 0.81, 0.48, 0.71]"
10,2,C16,True,"Yes, because with 10 firms, personalized recommendations are likely to reduce search costs by more than the privacy value of 0.04, improving overall revenue as seen in previous high-revenue consumers.",9,"### Decision:
I'll **purchase Firm 9** because: 
- The firm offers a positive profit of 0.32, which is rational to act on immediately.
- Searching further costs 0.02 and is unlikely to significantly improve profit due to the personalized sequence sorting valuations high to low, potentially yielding diminishing returns.","C16 Search #1 (Searched:1/10, SearchCost:0.00, BestProfit:0.32@F9) → Purchase F9",0.28,0.04,"[0.77, 0.5, 0.02, 0.66, 0.17, 0.25, 0.1, 0.86, 0.12, 0.92]"
10,2,C17,True,"Yes, because with 10 firms, personalized recommendations significantly reduce expected search costs, likely exceeding the privacy cost of 0.028.",7,"### Decision:
I'll **purchase Firm 7** because: 
- It offers a positive profit of 0.02, which I must accept per rationality rule.
- Additional search costs 0.02 with low expected gain, risking net loss.","C17 Search #1 (Searched:1/10, SearchCost:0.00, BestProfit:0.02@F7) → Purchase F7",-0.01,0.028,"[0.33, 0.67, 0.04, 0.23, 0.71, 0.58, 0.18, 0.72, 0.56, 0.22]"
10,2,C18,True,"Yes, because with 10 firms, personalized recommendations will significantly reduce search costs, likely exceeding the privacy cost of 0.033 and improving overall revenue.",8,"### Decision:
I'll **purchase Firm 8** (choose number 8) because: 
- It offers a positive profit of 0.27, ensuring immediate gain.
- With personalized recommendations sorting firms by highest value first, additional searches are unlikely to improve profit enough to justify the 0.02 search cost.","C18 Search #1 (Searched:1/10, SearchCost:0.00, BestProfit:0.27@F8) → Purchase F8",0.24,0.033,"[0.92, 0.63, 0.87, 0.02, 0.46, 0.85, 0.77, 0.38, 0.97, 0.89]"
10,2,C19,True,"Yes, because with 10 firms, personalized recommendations likely reduce search costs by more than my privacy value of 0.04, improving overall revenue.",6,"### Decision:
I'll **purchase Firm 6** because: 
- Positive profit of 0.28 guarantees immediate gain.
- Additional search costs 0.02 with uncertain improvement, likely not justifying the expense given sorted recommendations.","C19 Search #1 (Searched:1/10, SearchCost:0.00, BestProfit:0.28@F6) → Purchase F6",0.24,0.04,"[0.1, 0.14, 0.5, 0.8, 0.71, 0.77, 0.98, 0.05, 0.85, 0.86]"
10,2,C20,True,"Yes, because with 10 firms, personalized recommendations will likely reduce search costs significantly, outweighing my low privacy value of 0.031.",7,"### Decision:
I'll **purchase Firm 7** (choose number 7) because: 
- The firm offers a positive profit of 0.27, ensuring a gain.
- With data sharing and sorted search, this is likely the best option, avoiding unnecessary search costs of 0.02.","C20 Search #1 (Searched:1/10, SearchCost:0.00, BestProfit:0.27@F7) → Purchase F7",0.24,0.031,"[0.18, 0.66, 0.69, 0.48, 0.94, 0.4, 0.64, 0.97, 0.31, 0.42]"
10,3,C1,True,"Yes, because with 10 firms, personalized recommendations likely reduce search costs more than the privacy cost of 0.026, based on past successful decisions and top consumers' experiences.",1,"### Decision:
I'll **purchase Firm 1** (choose number 1) because: 
- Firm 1 provides a positive profit of 0.26, ensuring a gain.
- With data-shared sorting by highest valuation, it is likely the best option, and additional search costs of 0.02 offer uncertain benefits.","C1 Search #1 (Searched:1/10, SearchCost:0.00, BestProfit:0.26@F1) → Purchase F1",0.23,0.026,"[0.61, 0.96, 0.83, 0.14, 0.51, 0.1, 0.35, 0.85, 0.36, 0.17]"
10,3,C2,True,"Yes, because with 10 firms, personalized recommendations significantly reduce expected search costs (potentially saving more than 0.043), outweighing the privacy cost and improving total revenue.",0,"### Decision:
I'll **purchase Firm 0** (choose number 0) because: 
- The firm offers a positive profit of 0.3, ensuring a net gain.
- Additional searches are unlikely to yield higher profit due to personalized ordering by high valuation first, and the search cost of 0.02 outweighs potential benefits.","C2 Search #1 (Searched:1/10, SearchCost:0.00, BestProfit:0.30@F0) → Purchase F0",0.26,0.043,"[1.0, 0.24, 0.75, 0.35, 0.82, 0.21, 0.36, 0.72, 0.11, 0.53]"
10,3,C3,True,"Yes, because the expected reduction in search costs from personalized recommendations with 10 firms likely exceeds the privacy cost of 0.052, based on past benefits and peer experiences.",1,"### Decision:
I'll **purchase Firm 1** because: 
- Firm 1 offers a positive profit of 0.25, which I must buy given rationality.
- Additional searches cost 0.02 with minimal expected gain due to personalized sorting, making it inefficient.","C3 Search #1 (Searched:1/10, SearchCost:0.00, BestProfit:0.25@F1) → Purchase F1",0.2,0.052,"[0.5, 0.95, 0.23, 0.08, 0.26, 0.89, 0.44, 0.87, 0.75, 0.52]"
10,3,C4,True,"Yes, because with 10 firms, personalized recommendations will likely reduce search costs more than the privacy cost of 0.038, as seen in high-revenue consumers who benefited from minimized searches.",0,"### Decision:
I'll **purchase Firm 0** because: 
- It offers a positive profit of 0.25, which I must act on per rationality rules.
- Further searching would cost 0.02 and likely yield lower valuation firms, reducing expected net gain.","C4 Search #1 (Searched:1/10, SearchCost:0.00, BestProfit:0.25@F0) → Purchase F0",0.21,0.038,"[0.95, 0.4, 0.24, 0.16, 0.04, 0.79, 0.9, 0.83, 0.48, 0.29]"
10,3,C5,True,"Yes, because with 10 firms, personalized recommendations significantly reduce expected search costs (potentially from 0.18 without sharing to near 0), outweighing the 0.051 privacy cost and maximizing revenue based on past experiences.",4,"### Decision:
I'll **purchase Firm 4** because: 
- It offers a positive profit of 0.12, and as a rational consumer, I won't leave without buying when such an option exists.
- Searching further would incur a cost of 0.02 with likely diminishing returns, as the first recommended firm (due to data sharing) is probably the best match.","C5 Search #1 (Searched:1/10, SearchCost:0.00, BestProfit:0.12@F4) → Purchase F4",0.07,0.051,"[0.31, 0.11, 0.69, 0.66, 0.92, 0.78, 0.0, 0.32, 0.19, 0.58]"
10,3,C6,True,"Yes, because with 10 firms, personalized recommendations will likely reduce search costs by more than the privacy cost of 0.031, as shown in my past positive revenues and the top consumers' experiences, maximizing expected total revenue.",2,"### Decision:
I'll **purchase Firm 2** (choose number 2) because: 
- Firm 2 provides a positive profit of 0.22, ensuring a gain.
- With shared data and valuation-sorted recommendations, further searches are unlikely to improve profit, and the 0.02 search cost outweighs potential benefits.","C6 Search #1 (Searched:1/10, SearchCost:0.00, BestProfit:0.22@F2) → Purchase F2",0.19,0.031,"[0.02, 0.38, 0.92, 0.33, 0.75, 0.55, 0.1, 0.7, 0.22, 0.19]"
10,3,C7,True,"Yes, because with 10 firms, personalized recommendations minimize search costs, likely exceeding the privacy cost of 0.044 and improving overall revenue, as shown in my past positive outcomes and top consumers' experiences.",4,"### Decision:  
I'll **purchase Firm 4** (choose number 4) because:  
- The firm offers a positive profit of 0.11, making it rational to buy immediately.  
- With data sharing and sorted search sequence, this is likely the highest-value option, so further searches would incur unnecessary costs with uncertain improvement.","C7 Search #1 (Searched:1/10, SearchCost:0.00, BestProfit:0.11@F4) → Purchase F4",0.07,0.044,"[0.82, 0.56, 0.08, 0.47, 0.91, 0.01, 0.45, 0.03, 0.22, 0.87]"
10,3,C8,True,"Yes, because with 10 firms, personalized recommendations likely reduce search costs by more than the 0.027 privacy value, minimizing searches and maximizing revenue, as supported by past decisions and top consumer outcomes.",8,"### Decision:
I'll **purchase Firm 8** because: 
- It offers a positive profit of 0.22, ensuring a net gain.
- With data-shared recommendations sorting by valuation, additional searches are unlikely to yield substantial improvements relative to the 0.02 search cost.","C8 Search #1 (Searched:1/10, SearchCost:0.00, BestProfit:0.22@F8) → Purchase F8",0.19,0.027,"[0.8, 0.91, 0.7, 0.38, 0.65, 0.26, 0.43, 0.72, 0.92, 0.15]"
10,3,C9,True,"Yes, because with 10 firms, personalized recommendations significantly reduce expected search costs, likely exceeding the privacy cost of 0.04, based on past high-revenue outcomes.",0,"### Decision:
I'll **purchase Firm 0** (choose number 0) because: 
- It offers a positive profit of 0.29, ensuring a net gain.
- Further search costs 0.02 and is unlikely to improve the deal due to personalized sorting from highest to lowest value.","C9 Search #1 (Searched:1/10, SearchCost:0.00, BestProfit:0.29@F0) → Purchase F0",0.25,0.04,"[0.99, 0.53, 0.38, 0.09, 0.29, 0.3, 0.27, 0.68, 0.87, 0.54]"
10,3,C10,True,"Yes, because with 10 firms, personalized recommendations will significantly reduce search costs and provide higher-value options, likely outweighing the privacy cost of 0.054 based on past positive revenues from sharing data.",2,"### Decision:
I'll **purchase Firm 2** (choose number 2) because: 
- Firm 2 offers a positive profit of 0.19, and rationality requires buying when such profit is available.
- Searching further incurs a cost of 0.02 with likely diminishing returns due to the sorted valuation order from data sharing.","C10 Search #1 (Searched:1/10, SearchCost:0.00, BestProfit:0.19@F2) → Purchase F2",0.14,0.054,"[0.69, 0.04, 0.89, 0.43, 0.08, 0.13, 0.52, 0.45, 0.02, 0.47]"
10,3,C11,True,"Yes, because with 10 firms, personalized recommendations significantly reduce search costs and improve deal quality, likely exceeding the privacy cost of 0.039 based on past experiences and top consumer outcomes.",7,"### Decision:
I'll **purchase Firm 7** (choose number 7) because: 
- Positive profit of 0.27 is available from the searched firm.
- Rational to buy immediately to avoid unnecessary additional search costs.","C11 Search #1 (Searched:1/10, SearchCost:0.00, BestProfit:0.27@F7) → Purchase F7",0.23,0.039,"[0.16, 0.33, 0.38, 0.0, 0.72, 0.13, 0.81, 0.97, 0.86, 0.63]"
10,3,C12,True,"Yes, because with 10 firms, personalized recommendations are likely to reduce search costs by more than the 0.03 privacy cost, based on past experiences and expected benefits.",6,"### Decision:
I'll **purchase Firm 6** (choose number 6) because: 
- The firm offers a positive profit of 0.23, which I can realize immediately.
- Searching another firm costs 0.02 and is likely inefficient due to diminishing returns from sorted recommendations.","C12 Search #1 (Searched:1/10, SearchCost:0.00, BestProfit:0.23@F6) → Purchase F6",0.2,0.03,"[0.07, 0.43, 0.01, 0.21, 0.22, 0.26, 0.93, 0.2, 0.86, 0.47]"
10,3,C13,True,"Yes, because personalized recommendations with 10 firms are likely to reduce search costs and improve product match more than the privacy cost of 0.034, based on past high-revenue outcomes from sharing data.",3,"### Decision:  
I'll **purchase Firm 3** because:  
- It provides a positive profit of 0.3, ensuring a gain.  
- With sorted recommendations, further searches are unlikely to yield a better deal and would incur a 0.02 cost.","C13 Search #1 (Searched:1/10, SearchCost:0.00, BestProfit:0.30@F3) → Purchase F3",0.27,0.034,"[0.33, 0.29, 0.16, 1.0, 0.39, 0.05, 0.95, 0.69, 0.01, 0.23]"
10,3,C14,True,"Yes, because with 10 firms, personalized recommendations are likely to reduce search costs significantly, exceeding my privacy value of 0.051 based on past beneficial experiences.",7,"### Decision:
I'll **purchase Firm 7** because: 
- Positive profit of 0.22 ensures a gain.
- Personalized sorting makes further search unlikely to improve profit, avoiding additional search cost of 0.02.","C14 Search #1 (Searched:1/10, SearchCost:0.00, BestProfit:0.22@F7) → Purchase F7",0.17,0.051,"[0.49, 0.44, 0.4, 0.38, 0.37, 0.01, 0.25, 0.92, 0.54, 0.28]"
10,3,C15,True,"Yes, because with 10 firms, personalized recommendations will likely reduce search costs significantly more than the privacy value of 0.043, improving overall revenue as shown in past decisions.",5,"### Decision:  
I'll **purchase Firm 5** because:  
- It offers a positive profit of 0.3, ensuring a net gain with no additional search cost.  
- With personalized sorting from data sharing, further searches are unlikely to improve the deal, avoiding unnecessary costs.","C15 Search #1 (Searched:1/10, SearchCost:0.00, BestProfit:0.30@F5) → Purchase F5",0.26,0.043,"[0.71, 0.05, 0.35, 0.98, 0.59, 1.0, 0.64, 0.81, 0.48, 0.71]"
10,3,C16,True,"Yes, because with 10 firms, personalized recommendations will significantly reduce search costs, likely exceeding the privacy cost of 0.04 and improving overall revenue based on past experiences.",9,"### Decision:
I'll **purchase Firm 9** because: 
- The firm offers a positive profit of 0.22, which I must act on rationally as per my consumer behavior.
- Further search costs 0.02 and is unlikely to yield significant profit improvement due to personalized sorting by high to low valuation.","C16 Search #1 (Searched:1/10, SearchCost:0.00, BestProfit:0.22@F9) → Purchase F9",0.18,0.04,"[0.77, 0.5, 0.02, 0.66, 0.17, 0.25, 0.1, 0.86, 0.12, 0.92]"
10,3,C17,True,"Yes, because with 10 firms, personalized recommendations significantly reduce expected search costs, likely exceeding the privacy cost of 0.028, as evidenced by high-revenue consumers who benefited from sharing data.",7,"### Decision:
I'll **purchase Firm 7** because: 
- It offers a positive profit of 0.02, which I must accept per rationality rule.
- Searching another firm costs 0.02 with uncertain gain, risking net loss or no improvement.","C17 Search #1 (Searched:1/10, SearchCost:0.00, BestProfit:0.02@F7) → Purchase F7",-0.01,0.028,"[0.33, 0.67, 0.04, 0.23, 0.71, 0.58, 0.18, 0.72, 0.56, 0.22]"
10,3,C18,True,"Yes, because with 10 firms, personalized recommendations substantially reduce expected search costs by prioritizing high-value options, likely outweighing the privacy cost of 0.033 based on past experiences and top consumer outcomes.",8,"### Decision:
I'll **purchase Firm 8** (choose number 8) because: 
- It offers a positive profit of 0.27.
- With personalized recommendations sorting by highest valuation, additional searches are unlikely to improve profit enough to offset the 0.02 search cost.","C18 Search #1 (Searched:1/10, SearchCost:0.00, BestProfit:0.27@F8) → Purchase F8",0.24,0.033,"[0.92, 0.63, 0.87, 0.02, 0.46, 0.85, 0.77, 0.38, 0.97, 0.89]"
10,3,C19,True,"Yes, because with 10 firms, personalized recommendations will likely reduce search costs by more than the privacy value of 0.04, improving overall revenue as shown in top consumers' outcomes and my past experiences.",6,"### Decision:
I'll **purchase Firm 6** because: 
- Positive profit of 0.28 guarantees immediate gain.
- Searching another firm costs 0.02 with uncertain improvement, unlikely to justify the expense given sorted recommendations.","C19 Search #1 (Searched:1/10, SearchCost:0.00, BestProfit:0.28@F6) → Purchase F6",0.24,0.04,"[0.1, 0.14, 0.5, 0.8, 0.71, 0.77, 0.98, 0.05, 0.85, 0.86]"
10,3,C20,True,"Yes, because with 10 firms, personalized recommendations will likely reduce search costs by more than my privacy value of 0.031, based on past benefits and the high value of sorting.",7,"### Decision:
I'll **purchase Firm 7** (choose number 7) because: 
- The firm offers a positive profit of 0.27, ensuring a gain.
- With data sharing and sorted search recommendations, this is likely the best option, avoiding additional search costs of 0.02.","C20 Search #1 (Searched:1/10, SearchCost:0.00, BestProfit:0.27@F7) → Purchase F7",0.24,0.031,"[0.18, 0.66, 0.69, 0.48, 0.94, 0.4, 0.64, 0.97, 0.31, 0.42]"
10,4,C1,True,"Yes, because with 10 firms, personalized recommendations are likely to significantly reduce search costs, outweighing the low privacy cost of 0.026, as supported by past successful outcomes and top consumers' experiences.",1,"### Decision:  
I'll **purchase Firm 1** (choose number 1) because:  
- Firm 1 provides a positive profit of 0.16, ensuring a gain.  
- With data-shared sorting by highest valuation, it is likely the best option, and additional search costs of 0.02 offer uncertain benefits.","C1 Search #1 (Searched:1/10, SearchCost:0.00, BestProfit:0.16@F1) → Purchase F1",0.13,0.026,"[0.61, 0.96, 0.83, 0.14, 0.51, 0.1, 0.35, 0.85, 0.36, 0.17]"
10,4,C2,True,"Yes, because with 10 firms, personalized recommendations significantly reduce expected search costs (potentially saving more than 0.043), outweighing the privacy cost and improving total revenue based on past outcomes.",0,"### Decision:  
I'll **purchase Firm 0** (choose number 0) because:  
- The firm offers a positive profit of 0.2.  
- Additional searches cost 0.02 and are unlikely to yield better profit due to personalized ordering by highest valuation first.","C2 Search #1 (Searched:1/10, SearchCost:0.00, BestProfit:0.20@F0) → Purchase F0",0.16,0.043,"[1.0, 0.24, 0.75, 0.35, 0.82, 0.21, 0.36, 0.72, 0.11, 0.53]"
10,4,C3,True,"Yes, because with 10 firms, personalized recommendations significantly reduce expected search costs (likely saving more than 0.052), outweighing the privacy cost and improving total revenue based on past experiences.",1,"### Decision:
I'll **purchase Firm 1** because: 
- Firm 1 offers a positive profit of 0.15, which I must buy given rationality.
- Additional searches cost 0.02 with minimal expected gain due to personalized sorting, making it inefficient.","C3 Search #1 (Searched:1/10, SearchCost:0.00, BestProfit:0.15@F1) → Purchase F1",0.1,0.052,"[0.5, 0.95, 0.23, 0.08, 0.26, 0.89, 0.44, 0.87, 0.75, 0.52]"
10,4,C4,True,"Yes, because with 10 firms, personalized recommendations will likely reduce search costs by more than the privacy cost of 0.038, based on past high-revenue outcomes from minimized searches.",0,"### Decision:
I'll **purchase Firm 0** because: 
- It offers a positive profit of 0.15, which I must act on per rationality rules.
- Searching further would cost 0.02 and likely yield lower-valuation firms due to personalized sorting, reducing expected net gain.","C4 Search #1 (Searched:1/10, SearchCost:0.00, BestProfit:0.15@F0) → Purchase F0",0.11,0.038,"[0.95, 0.4, 0.24, 0.16, 0.04, 0.79, 0.9, 0.83, 0.48, 0.29]"
10,4,C5,True,"Yes, because with 10 firms, personalized recommendations significantly reduce expected search costs (e.g., from potential 0.18 without sharing to near 0), outweighing the privacy cost of 0.051 and maximizing revenue based on past positive outcomes.",4,"### Decision:
I'll **purchase Firm 4** because: 
- It offers a positive profit of 0.12, and as a rational consumer, I won't leave without buying when such an option exists.
- Searching further would cost 0.02 with low expected gain, given personalized sorting likely presents the best option first.","C5 Search #1 (Searched:1/10, SearchCost:0.00, BestProfit:0.12@F4) → Purchase F4",0.07,0.051,"[0.31, 0.11, 0.69, 0.66, 0.92, 0.78, 0.0, 0.32, 0.19, 0.58]"
10,4,C6,True,"Yes, because with 10 firms, personalized recommendations significantly reduce expected search costs and improve product matching, likely offsetting the low privacy cost of 0.031 and maximizing total revenue, as demonstrated by my past positive outcomes and top consumers' experiences.",2,"### Decision:
I'll **purchase Firm 2** (choose number 2) because: 
- Firm 2 offers a positive profit of 0.12, ensuring a gain.
- With shared data and valuation-sorted recommendations, further searches are unlikely to improve profit significantly, and the 0.02 search cost outweighs potential benefits.","C6 Search #1 (Searched:1/10, SearchCost:0.00, BestProfit:0.12@F2) → Purchase F2",0.09,0.031,"[0.02, 0.38, 0.92, 0.33, 0.75, 0.55, 0.1, 0.7, 0.22, 0.19]"
10,4,C7,True,"Yes, because with 10 firms, personalized recommendations will likely reduce search costs by more than the privacy cost of 0.044, improving overall revenue based on past positive outcomes.",4,"### Decision:  
I'll **purchase Firm 4** (choose number 4) because:  
- The firm offers a positive profit of 0.11, which is rational to accept immediately.  
- With data sharing and sorted search sequence by valuation, this is likely the highest-value option, and further searches would incur unnecessary costs with minimal expected improvement.","C7 Search #1 (Searched:1/10, SearchCost:0.00, BestProfit:0.11@F4) → Purchase F4",0.07,0.044,"[0.82, 0.56, 0.08, 0.47, 0.91, 0.01, 0.45, 0.03, 0.22, 0.87]"
10,4,C8,True,"Yes, because with 10 firms, personalized recommendations will likely reduce search costs by more than the 0.027 privacy value, based on past positive outcomes and minimized searches.",8,"### Decision:
I'll **purchase Firm 8** because: 
- It offers a positive profit of 0.12, ensuring a net gain.
- With data-shared recommendations sorting by valuation, additional searches are unlikely to yield substantial improvements relative to the 0.02 search cost.","C8 Search #1 (Searched:1/10, SearchCost:0.00, BestProfit:0.12@F8) → Purchase F8",0.09,0.027,"[0.8, 0.91, 0.7, 0.38, 0.65, 0.26, 0.43, 0.72, 0.92, 0.15]"
10,4,C9,True,"Yes, because with 10 firms, personalized recommendations will minimize search costs by presenting the highest-value options first, likely offsetting the privacy cost of 0.04 and maximizing revenue based on past successful outcomes.",0,"### Decision:
I'll **purchase Firm 0** (choose number 0) because: 
- It offers a positive profit of 0.19, ensuring a net gain as required by rationality.
- Further search costs 0.02 with uncertain and likely minimal benefits due to personalized sorting from highest valuation to lowest.","C9 Search #1 (Searched:1/10, SearchCost:0.00, BestProfit:0.19@F0) → Purchase F0",0.15,0.04,"[0.99, 0.53, 0.38, 0.09, 0.29, 0.3, 0.27, 0.68, 0.87, 0.54]"
10,4,C10,True,"Yes, because with 10 firms, personalized recommendations will likely reduce search costs significantly, outweighing the privacy cost of 0.054 and improving total revenue based on past positive outcomes.",2,"### Decision:
I'll **purchase Firm 2** (choose number 2) because: 
- Firm 2 offers a positive profit of 0.09, and rationality requires buying when such profit is available.
- Searching further incurs a cost of 0.02 with likely diminishing returns due to the sorted valuation order from data sharing.","C10 Search #1 (Searched:1/10, SearchCost:0.00, BestProfit:0.09@F2) → Purchase F2",0.04,0.054,"[0.69, 0.04, 0.89, 0.43, 0.08, 0.13, 0.52, 0.45, 0.02, 0.47]"
10,4,C11,True,"Yes, because with 10 firms, personalized recommendations are likely to significantly reduce search costs, exceeding the privacy cost of 0.039 and improving overall revenue, as supported by my past decisions and top consumer results.",7,"### Decision:
I'll **purchase Firm 7** (choose number 7) because: 
- Positive profit of 0.27 is available from the searched firm.
- Rational to buy immediately to avoid unnecessary additional search costs, given personalized recommendations.","C11 Search #1 (Searched:1/10, SearchCost:0.00, BestProfit:0.27@F7) → Purchase F7",0.23,0.039,"[0.16, 0.33, 0.38, 0.0, 0.72, 0.13, 0.81, 0.97, 0.86, 0.63]"
10,4,C12,True,"Yes, because with 10 firms, personalized recommendations will likely reduce search costs by more than the 0.03 privacy cost, based on past experiences and the high value of sorting.",6,"### Decision:
I'll **purchase Firm 6** (choose number 6) because: 
- The firm offers a positive profit of 0.23, which I can realize immediately.
- Searching another firm costs 0.02 and is likely inefficient due to diminishing returns from sorted recommendations.","C12 Search #1 (Searched:1/10, SearchCost:0.00, BestProfit:0.23@F6) → Purchase F6",0.2,0.03,"[0.07, 0.43, 0.01, 0.21, 0.22, 0.26, 0.93, 0.2, 0.86, 0.47]"
10,4,C13,True,"Yes, because with 10 firms, personalized recommendations significantly reduce expected search costs and improve product match, likely exceeding the privacy cost of 0.034, as supported by past high-revenue outcomes from sharing data.",3,"### Decision:  
I'll **purchase Firm 3** because:  
- It offers a positive profit of 0.2, ensuring an immediate gain.  
- With sorted recommendations, further searches are unlikely to yield a better deal and would incur a search cost of 0.02.","C13 Search #1 (Searched:1/10, SearchCost:0.00, BestProfit:0.20@F3) → Purchase F3",0.17,0.034,"[0.33, 0.29, 0.16, 1.0, 0.39, 0.05, 0.95, 0.69, 0.01, 0.23]"
10,4,C14,True,"Yes, because with 10 firms, personalized recommendations are likely to save significant search costs (potentially exceeding 0.051), outweighing the privacy cost and improving total revenue based on past beneficial outcomes.",7,"### Decision:
I'll **purchase Firm 7** because: 
- Positive profit of 0.22 ensures a gain with no additional cost.
- Personalized sorting reduces likelihood of finding better profit, avoiding unnecessary search expense.","C14 Search #1 (Searched:1/10, SearchCost:0.00, BestProfit:0.22@F7) → Purchase F7",0.17,0.051,"[0.49, 0.44, 0.4, 0.38, 0.37, 0.01, 0.25, 0.92, 0.54, 0.28]"
10,4,C15,True,"Yes, because with 10 firms, personalized recommendations significantly reduce expected search costs and improve deal quality, likely exceeding the privacy cost of 0.043 based on past high-revenue outcomes from sharing data.",5,"### Decision:  
I'll **purchase Firm 5** because:  
- It offers a positive profit of 0.2, ensuring a net gain with no additional search costs.  
- With personalized sorting from data sharing, further searches are unlikely to improve the deal, making it inefficient to continue.","C15 Search #1 (Searched:1/10, SearchCost:0.00, BestProfit:0.20@F5) → Purchase F5",0.16,0.043,"[0.71, 0.05, 0.35, 0.98, 0.59, 1.0, 0.64, 0.81, 0.48, 0.71]"
10,4,C16,True,"Yes, because with 10 firms, personalized recommendations significantly reduce expected search costs, likely exceeding the privacy cost of 0.04 and improving overall revenue based on past experiences.",9,"### Decision:
I'll **purchase Firm 9** because: 
- The firm offers a positive profit of 0.12, which I must act on rationally as per my consumer behavior.
- Further search costs 0.02 and is unlikely to improve profit significantly due to the personalized sorting by high to low valuation, potentially yielding diminishing returns.","C16 Search #1 (Searched:1/10, SearchCost:0.00, BestProfit:0.12@F9) → Purchase F9",0.08,0.04,"[0.77, 0.5, 0.02, 0.66, 0.17, 0.25, 0.1, 0.86, 0.12, 0.92]"
10,4,C17,True,"Yes, because with 10 firms, personalized recommendations greatly reduce expected search costs, likely exceeding the privacy cost of 0.028, as supported by my past positive revenue experiences and top consumers' outcomes.",7,"### Decision:
I'll **purchase Firm 7** because: 
- It offers a positive profit of 0.02, which I must accept per rationality rule.
- Searching another firm costs 0.02 with uncertain gain, risking net loss given the low expected improvement.","C17 Search #1 (Searched:1/10, SearchCost:0.00, BestProfit:0.02@F7) → Purchase F7",-0.01,0.028,"[0.33, 0.67, 0.04, 0.23, 0.71, 0.58, 0.18, 0.72, 0.56, 0.22]"
10,4,C18,True,"Yes, because with 10 firms, personalized recommendations significantly reduce expected search costs by prioritizing high-value options, likely saving more than the privacy cost of 0.033, as demonstrated in past rounds and top consumer outcomes.",8,"### Decision:  
I'll **purchase Firm 8** (choose number 8) because:  
- It offers a positive profit of 0.17.  
- With personalized recommendations sorting by highest valuation, additional searches are unlikely to improve profit enough to offset the 0.02 search cost.","C18 Search #1 (Searched:1/10, SearchCost:0.00, BestProfit:0.17@F8) → Purchase F8",0.14,0.033,"[0.92, 0.63, 0.87, 0.02, 0.46, 0.85, 0.77, 0.38, 0.97, 0.89]"
10,4,C19,True,"Yes, because with 10 firms, personalized recommendations significantly reduce expected search costs, likely offsetting the privacy cost of 0.04 and improving overall revenue, as demonstrated by past high-revenue outcomes from sharing data.",6,"### Decision:
I'll **purchase Firm 6** because: 
- Positive profit of 0.28 ensures immediate gain.
- Additional search costs 0.02 with low likelihood of improvement due to personalized sorting.","C19 Search #1 (Searched:1/10, SearchCost:0.00, BestProfit:0.28@F6) → Purchase F6",0.24,0.04,"[0.1, 0.14, 0.5, 0.8, 0.71, 0.77, 0.98, 0.05, 0.85, 0.86]"
10,4,C20,True,"Yes, because with 10 firms, personalized recommendations will likely reduce search costs significantly more than my privacy value of 0.031, based on past benefits and consistent high revenue from data sharing.",7,"### Decision:  
I'll **purchase Firm 7** (choose number 7) because:  
- The firm offers a positive profit of 0.27, ensuring a gain.  
- With data sharing and sorted recommendations, this is likely the best option, avoiding additional search costs of 0.02.","C20 Search #1 (Searched:1/10, SearchCost:0.00, BestProfit:0.27@F7) → Purchase F7",0.24,0.031,"[0.18, 0.66, 0.69, 0.48, 0.94, 0.4, 0.64, 0.97, 0.31, 0.42]"
10,5,C1,True,"Yes, because with a low privacy value of 0.026 and 10 firms, personalized recommendations are likely to significantly reduce search costs, outweighing the privacy cost based on past successful outcomes.",1,"### Decision:
I'll **purchase Firm 1** (choose number 1) because: 
- Firm 1 offers a positive profit of 0.16, guaranteeing an immediate gain.
- With data-shared sorting by highest valuation, it is likely the best option, and additional search costs of 0.02 provide uncertain benefits that do not justify the expense.","C1 Search #1 (Searched:1/10, SearchCost:0.00, BestProfit:0.16@F1) → Purchase F1",0.13,0.026,"[0.61, 0.96, 0.83, 0.14, 0.51, 0.1, 0.35, 0.85, 0.36, 0.17]"
10,5,C2,True,"### Thought Process:
As a consumer with a privacy value of 0.043 and 10 firms available, I am evaluating the trade-off between privacy cost and benefits of sharing data. Sharing provides personalized recommendations that sort products by my valuation, significantly reducing search costs by minimizing the number of searches needed for a good deal. The first search is free, and each subsequent search costs 0.02, so without recommendations, average search costs could rise (e.g., worst case 0.18 for 9 paid searches). Expected savings from fewer searches (e.g., saving 3 searches saves 0.06) likely exceed my privacy value of 0.043, improving total revenue (valuation - price - search cost - privacy cost). My past decisions and top consumer outcomes show sharing data consistently leads to positive revenue with low search costs, reinforcing this choice.

### Answer:
Yes, because expected search cost savings from personalized recommendations with 10 firms outweigh the privacy cost of 0.043.",0,"### Decision:  
I'll **purchase Firm 0** (choose number 0) because:  
- The firm offers a positive profit of 0.2, ensuring a net gain.  
- Additional searches cost 0.02 and are unlikely to yield higher profit due to personalized recommendations sorting by highest valuation first.","C2 Search #1 (Searched:1/10, SearchCost:0.00, BestProfit:0.20@F0) → Purchase F0",0.16,0.043,"[1.0, 0.24, 0.75, 0.35, 0.82, 0.21, 0.36, 0.72, 0.11, 0.53]"
10,5,C3,True,"Yes, because with 10 firms, personalized recommendations significantly reduce expected search costs, likely exceeding the privacy cost of 0.052 and improving overall revenue, consistent with past benefits and top consumer outcomes.",1,"### Decision:
I'll **purchase Firm 1** because: 
- Firm 1 offers a positive profit of 0.15, which I must buy given rationality.
- Additional searches cost 0.02 with minimal expected gain due to personalized sorting, making it inefficient.","C3 Search #1 (Searched:1/10, SearchCost:0.00, BestProfit:0.15@F1) → Purchase F1",0.1,0.052,"[0.5, 0.95, 0.23, 0.08, 0.26, 0.89, 0.44, 0.87, 0.75, 0.52]"
10,5,C4,True,"Yes, because with 10 firms, personalized recommendations will likely reduce search costs by more than the privacy value of 0.038, improving overall revenue based on historical benefits and top consumer outcomes.",0,"### Decision:  
I'll **purchase Firm 0** because:  
- It offers a positive profit of 0.15, which I must act on per rationality rules.  
- Searching further would cost 0.02 and likely yield lower-valuation firms due to personalized sorting, reducing expected net gain.","C4 Search #1 (Searched:1/10, SearchCost:0.00, BestProfit:0.15@F0) → Purchase F0",0.11,0.038,"[0.95, 0.4, 0.24, 0.16, 0.04, 0.79, 0.9, 0.83, 0.48, 0.29]"
10,5,C5,True,"Yes, because with 10 firms, personalized recommendations reduce search costs and improve product matching, likely offsetting the 0.051 privacy cost and maximizing revenue based on past positive outcomes.",4,"### Decision:
I'll **purchase Firm 4** because: 
- It offers a positive profit of 0.22, and as a rational consumer, I won't leave without buying when such an option exists.
- Searching further would cost 0.02 with low expected gain, given personalized recommendations likely present the best option first.","C5 Search #1 (Searched:1/10, SearchCost:0.00, BestProfit:0.22@F4) → Purchase F4",0.17,0.051,"[0.31, 0.11, 0.69, 0.66, 0.92, 0.78, 0.0, 0.32, 0.19, 0.58]"
10,5,C6,True,"Yes, because with 10 firms, personalized recommendations reduce search costs and improve matching, likely offsetting the low privacy cost of 0.031 and maximizing revenue based on past positive outcomes.",2,"### Decision:
I'll **purchase Firm 2** (choose number 2) because: 
- Firm 2 offers a positive profit of 0.12, ensuring a gain.
- With shared data and valuation-sorted recommendations, further searches are unlikely to improve profit, and the 0.02 search cost outweighs potential benefits.","C6 Search #1 (Searched:1/10, SearchCost:0.00, BestProfit:0.12@F2) → Purchase F2",0.09,0.031,"[0.02, 0.38, 0.92, 0.33, 0.75, 0.55, 0.1, 0.7, 0.22, 0.19]"
10,5,C7,True,"Yes, because with 10 firms, personalized recommendations will significantly reduce expected search costs, likely offsetting the privacy cost of 0.044 and improving overall revenue, as demonstrated by my consistent positive outcomes from sharing data in past rounds.",4,"### Decision:  
I'll **purchase Firm 4** (choose number 4) because:  
- The firm offers a positive profit of 0.21, making it rational to buy immediately.  
- With data sharing and a sorted search sequence, this is likely the highest-value option, so further searches would incur unnecessary costs without expected improvement.","C7 Search #1 (Searched:1/10, SearchCost:0.00, BestProfit:0.21@F4) → Purchase F4",0.17,0.044,"[0.82, 0.56, 0.08, 0.47, 0.91, 0.01, 0.45, 0.03, 0.22, 0.87]"
10,5,C8,True,"Yes, because with 10 firms, personalized recommendations will likely reduce search costs and improve product matching, outweighing the low privacy cost of 0.027.",8,"### Decision:
I'll **purchase Firm 8** because: 
- It offers a positive profit of 0.12, ensuring a net gain.
- With data-shared recommendations sorting by valuation, additional searches are unlikely to yield substantial improvements relative to the 0.02 search cost.","C8 Search #1 (Searched:1/10, SearchCost:0.00, BestProfit:0.12@F8) → Purchase F8",0.09,0.027,"[0.8, 0.91, 0.7, 0.38, 0.65, 0.26, 0.43, 0.72, 0.92, 0.15]"
10,5,C9,True,"Yes, because with 10 firms, personalized recommendations significantly reduce expected search costs, likely exceeding the privacy cost of 0.04 and improving revenue, as supported by my past decisions and top consumer outcomes.",0,"### Decision:  
I'll **purchase Firm 0** (choose number 0) because:  
- It offers a positive profit of 0.19, ensuring a net gain as required by rationality.  
- Further search costs 0.02 with uncertain and likely minimal benefits due to personalized sorting from highest valuation to lowest.","C9 Search #1 (Searched:1/10, SearchCost:0.00, BestProfit:0.19@F0) → Purchase F0",0.15,0.04,"[0.99, 0.53, 0.38, 0.09, 0.29, 0.3, 0.27, 0.68, 0.87, 0.54]"
10,5,C10,True,"Yes, because with 10 firms, personalized recommendations significantly reduce expected search costs, likely offsetting the privacy cost of 0.054 and improving overall revenue, as supported by my past positive outcomes and top consumer experiences.",2,"### Decision:
I'll **purchase Firm 2** (choose number 2) because: 
- Firm 2 offers a positive profit of 0.09, and rationality requires buying when such profit is available.
- Searching further incurs a cost of 0.02 with likely diminishing returns due to the sorted valuation order from data sharing.","C10 Search #1 (Searched:1/10, SearchCost:0.00, BestProfit:0.09@F2) → Purchase F2",0.04,0.054,"[0.69, 0.04, 0.89, 0.43, 0.08, 0.13, 0.52, 0.45, 0.02, 0.47]"
10,5,C11,True,"Yes, because with 10 firms, personalized recommendations will likely reduce search costs significantly, offsetting the privacy cost of 0.039 and boosting overall revenue, as shown by past high-revenue outcomes from sharing data.",7,"### Decision:
I'll **purchase Firm 7** (choose number 7) because: 
- Positive profit of 0.17 is available from the searched firm.
- Rational to buy immediately to avoid unnecessary additional search costs, given personalized recommendations.","C11 Search #1 (Searched:1/10, SearchCost:0.00, BestProfit:0.17@F7) → Purchase F7",0.13,0.039,"[0.16, 0.33, 0.38, 0.0, 0.72, 0.13, 0.81, 0.97, 0.86, 0.63]"
10,5,C12,True,"Yes, because with 10 firms, personalized recommendations greatly reduce expected search costs, likely exceeding the 0.03 privacy cost and improving overall revenue based on past outcomes.",6,"### Decision:
I'll **purchase Firm 6** (choose number 6) because: 
- The firm offers a positive profit of 0.13, which I can realize immediately.
- Searching another firm costs 0.02 and is likely inefficient due to diminishing returns from sorted recommendations based on decreasing valuation.","C12 Search #1 (Searched:1/10, SearchCost:0.00, BestProfit:0.13@F6) → Purchase F6",0.1,0.03,"[0.07, 0.43, 0.01, 0.21, 0.22, 0.26, 0.93, 0.2, 0.86, 0.47]"
10,5,C13,True,"Yes, because personalized recommendations with 10 firms significantly reduce expected search costs, likely exceeding the privacy cost of 0.034 and improving overall revenue, as supported by past high-revenue outcomes from sharing data.",3,"### Decision:  
I'll **purchase Firm 3** because:  
- It offers a positive profit of 0.2, ensuring an immediate gain.  
- With sorted recommendations from data sharing, further searches are unlikely to yield a better deal and would incur a 0.02 cost, reducing net revenue.","C13 Search #1 (Searched:1/10, SearchCost:0.00, BestProfit:0.20@F3) → Purchase F3",0.17,0.034,"[0.33, 0.29, 0.16, 1.0, 0.39, 0.05, 0.95, 0.69, 0.01, 0.23]"
10,5,C14,True,"Yes, because with 10 firms, personalized recommendations will likely reduce search costs significantly, exceeding the privacy cost of 0.051 and improving overall revenue based on past beneficial experiences.",7,"### Decision:
I'll **purchase Firm 7** because: 
- Positive profit of 0.12 ensures immediate gain.
- Sorted recommendations from data sharing reduce likelihood of better profit, avoiding additional search cost of 0.02.","C14 Search #1 (Searched:1/10, SearchCost:0.00, BestProfit:0.12@F7) → Purchase F7",0.07,0.051,"[0.49, 0.44, 0.4, 0.38, 0.37, 0.01, 0.25, 0.92, 0.54, 0.28]"
10,5,C15,True,"Yes, because with 10 firms, personalized recommendations significantly reduce expected search costs, likely exceeding the privacy cost of 0.043 and improving overall revenue based on past outcomes.",5,"### Decision:  
I'll **purchase Firm 5** because:  
- It offers a positive profit of 0.2, ensuring a net gain with no additional search costs.  
- With personalized sorting from data sharing, further searches are unlikely to improve the deal, avoiding unnecessary costs.","C15 Search #1 (Searched:1/10, SearchCost:0.00, BestProfit:0.20@F5) → Purchase F5",0.16,0.043,"[0.71, 0.05, 0.35, 0.98, 0.59, 1.0, 0.64, 0.81, 0.48, 0.71]"
10,5,C16,True,"Yes, because with 10 firms, personalized recommendations will likely reduce search costs by more than the privacy value of 0.04, based on past experiences where sharing data minimized searches and maximized revenue, as seen in my history and top consumer outcomes.",9,"### Decision:
I'll **purchase Firm 9** because: 
- The firm offers a positive profit of 0.12, which I must act on rationally as per my consumer behavior.
- Further search costs 0.02 and is unlikely to improve profit significantly due to the personalized sorting by high to low valuation, potentially yielding diminishing returns.","C16 Search #1 (Searched:1/10, SearchCost:0.00, BestProfit:0.12@F9) → Purchase F9",0.08,0.04,"[0.77, 0.5, 0.02, 0.66, 0.17, 0.25, 0.1, 0.86, 0.12, 0.92]"
10,5,C17,True,"Yes, because with 10 firms, personalized recommendations significantly reduce expected search costs, likely exceeding the privacy cost of 0.028, as evidenced by top consumers' high revenues from sharing data.",-1,"### Decision:
I'll **leave** (choose number -1) because: 
- The searched firm has negative profit (-0.08), so purchasing would reduce revenue.
- Searching costs 0.02 with uncertain gain, and expected outcome may worsen net revenue compared to leaving now with minimal loss.","C17 Search #1 (Searched:1/10, SearchCost:0.00, BestProfit:-0.08@F7) → Leave Market",-0.03,0.028,"[0.33, 0.67, 0.04, 0.23, 0.71, 0.58, 0.18, 0.72, 0.56, 0.22]"
10,5,C18,True,"Yes, because with 10 firms, personalized recommendations significantly reduce expected search costs by prioritizing high-value options, likely offsetting the privacy cost of 0.033 and improving overall revenue, as demonstrated in past rounds and top consumer outcomes.",8,"### Decision:  
I'll **purchase Firm 8** (choose number 8) because:  
- It offers a positive profit of 0.17, ensuring immediate gain.  
- With personalized recommendations sorting by highest valuation, additional searches are unlikely to improve profit enough to offset the 0.02 search cost.","C18 Search #1 (Searched:1/10, SearchCost:0.00, BestProfit:0.17@F8) → Purchase F8",0.14,0.033,"[0.92, 0.63, 0.87, 0.02, 0.46, 0.85, 0.77, 0.38, 0.97, 0.89]"
10,5,C19,True,"Yes, because with 10 firms, personalized recommendations will likely reduce search costs by more than the privacy value of 0.04, offsetting the cost and improving overall revenue based on past experiences and top consumer outcomes.",6,"### Decision:
I'll **purchase Firm 6** because: 
- Positive profit of 0.18 ensures immediate gain.
- Searching another firm costs 0.02 with low likelihood of improvement due to personalized sorting.","C19 Search #1 (Searched:1/10, SearchCost:0.00, BestProfit:0.18@F6) → Purchase F6",0.14,0.04,"[0.1, 0.14, 0.5, 0.8, 0.71, 0.77, 0.98, 0.05, 0.85, 0.86]"
10,5,C20,True,"Yes, because with 10 firms, personalized recommendations will likely reduce search costs significantly more than my privacy value of 0.031, based on past benefits and consistent high revenue from data sharing.",7,"### Decision:  
I'll **purchase Firm 7** (choose number 7) because:  
- The firm offers a positive profit of 0.17, ensuring a gain and avoiding the risk of no purchase.  
- With data sharing and sorted recommendations, this is likely the best option, minimizing unnecessary additional search costs of 0.02.","C20 Search #1 (Searched:1/10, SearchCost:0.00, BestProfit:0.17@F7) → Purchase F7",0.14,0.031,"[0.18, 0.66, 0.69, 0.48, 0.94, 0.4, 0.64, 0.97, 0.31, 0.42]"
10,6,C1,True,"Yes, because with a low privacy value of 0.026 and 10 firms, personalized recommendations significantly reduce expected search costs, likely offsetting the privacy cost and maximizing revenue based on past successful outcomes.",1,"### Decision:
I'll **purchase Firm 1** (choose number 1) because: 
- Firm 1 offers a positive profit of 0.16, ensuring an immediate gain.
- With data-shared sorting by highest valuation, it is likely the best option, and additional search costs of 0.02 offer uncertain benefits that do not justify the expense.","C1 Search #1 (Searched:1/10, SearchCost:0.00, BestProfit:0.16@F1) → Purchase F1",0.13,0.026,"[0.61, 0.96, 0.83, 0.14, 0.51, 0.1, 0.35, 0.85, 0.36, 0.17]"
10,6,C2,True,"Yes, because with 10 firms, personalized recommendations significantly reduce expected search costs (likely saving more than 0.043), outweighing the low privacy cost and improving total revenue based on past positive outcomes.",0,"### Decision:  
I'll **purchase Firm 0** (choose number 0) because:  
- The firm offers a positive profit of 0.2, ensuring a net gain.  
- Additional searches cost 0.02 and are unlikely to yield higher profit due to personalized recommendations sorting by highest valuation first.","C2 Search #1 (Searched:1/10, SearchCost:0.00, BestProfit:0.20@F0) → Purchase F0",0.16,0.043,"[1.0, 0.24, 0.75, 0.35, 0.82, 0.21, 0.36, 0.72, 0.11, 0.53]"
10,6,C3,True,"Yes, because personalized recommendations with 10 firms significantly reduce expected search costs and improve product matching, likely outweighing the 0.052 privacy cost based on past positive outcomes and peer experiences.",1,"### Decision:
I'll **purchase Firm 1** because: 
- Firm 1 offers a positive profit of 0.15, which I must buy given rationality.
- Additional searches cost 0.02 with minimal expected gain due to personalized sorting, making it inefficient.","C3 Search #1 (Searched:1/10, SearchCost:0.00, BestProfit:0.15@F1) → Purchase F1",0.1,0.052,"[0.5, 0.95, 0.23, 0.08, 0.26, 0.89, 0.44, 0.87, 0.75, 0.52]"
10,6,C4,True,"Yes, because with 10 firms, personalized recommendations significantly reduce expected search costs, likely offsetting the 0.038 privacy cost based on past beneficial outcomes.",0,"### Decision:  
I'll **purchase Firm 0** because:  
- It offers a positive profit of 0.15, which I must act on per rationality rules.  
- Searching further would cost 0.02 and likely yield lower-valuation firms due to personalized sorting, reducing expected net gain.","C4 Search #1 (Searched:1/10, SearchCost:0.00, BestProfit:0.15@F0) → Purchase F0",0.11,0.038,"[0.95, 0.4, 0.24, 0.16, 0.04, 0.79, 0.9, 0.83, 0.48, 0.29]"
10,6,C5,True,"Yes, because with 10 firms, personalized recommendations reduce search costs and improve product matching, likely offsetting the 0.051 privacy cost and maximizing revenue based on past positive outcomes.",4,"### Decision:
I'll **purchase Firm 4** because: 
- It offers a positive profit of 0.12, and as a rational consumer, I won't leave without buying when such an option exists.
- Searching further would cost 0.02 with low expected gain, given personalized recommendations likely present the best option first.","C5 Search #1 (Searched:1/10, SearchCost:0.00, BestProfit:0.12@F4) → Purchase F4",0.07,0.051,"[0.31, 0.11, 0.69, 0.66, 0.92, 0.78, 0.0, 0.32, 0.19, 0.58]"
10,6,C6,True,"Yes, because with 10 firms, personalized recommendations significantly reduce search costs, likely offsetting the low privacy cost of 0.031 and maximizing revenue based on past positive outcomes.",2,"### Decision:
I'll **purchase Firm 2** (choose number 2) because: 
- Firm 2 provides a positive profit of 0.12, requiring a purchase as per rationality rule.
- With data shared and recommendations sorted by valuation, additional searches are unlikely to yield better profit, and the 0.02 search cost exceeds expected gains.","C6 Search #1 (Searched:1/10, SearchCost:0.00, BestProfit:0.12@F2) → Purchase F2",0.09,0.031,"[0.02, 0.38, 0.92, 0.33, 0.75, 0.55, 0.1, 0.7, 0.22, 0.19]"
10,6,C7,True,"Yes, because with 10 firms, personalized recommendations greatly reduce expected search costs, likely exceeding the privacy cost of 0.044 and maximizing revenue, as demonstrated by consistent positive outcomes in past rounds.",4,"### Decision:  
I'll **purchase Firm 4** (choose number 4) because:  
- The firm offers a positive profit of 0.11, making it rational to buy immediately.  
- With data sharing and a sorted search sequence by valuation, this is likely the highest-value option, so further searches would incur unnecessary costs with minimal expected improvement.","C7 Search #1 (Searched:1/10, SearchCost:0.00, BestProfit:0.11@F4) → Purchase F4",0.07,0.044,"[0.82, 0.56, 0.08, 0.47, 0.91, 0.01, 0.45, 0.03, 0.22, 0.87]"
10,6,C8,True,"Yes, because with 10 firms, personalized recommendations significantly reduce expected search costs, likely exceeding the low privacy cost of 0.027 and improving revenue, as supported by past positive outcomes.",8,"### Decision:  
I'll **purchase Firm 8** because:  
- It offers a positive profit of 0.12, ensuring a net gain.  
- With data-shared recommendations sorting by valuation, additional searches are unlikely to yield substantial improvements relative to the 0.02 search cost.","C8 Search #1 (Searched:1/10, SearchCost:0.00, BestProfit:0.12@F8) → Purchase F8",0.09,0.027,"[0.8, 0.91, 0.7, 0.38, 0.65, 0.26, 0.43, 0.72, 0.92, 0.15]"
10,6,C9,True,"Yes, because with 10 firms, personalized recommendations will significantly reduce expected search costs, likely exceeding the 0.04 privacy cost and maximizing revenue based on consistent past benefits.",0,"### Decision:  
I'll **purchase Firm 0** (choose number 0) because:  
- It offers a positive profit of 0.19, ensuring a net gain as required by rationality.  
- Further search costs 0.02 with uncertain and likely minimal benefits due to personalized sorting from highest valuation to lowest.","C9 Search #1 (Searched:1/10, SearchCost:0.00, BestProfit:0.19@F0) → Purchase F0",0.15,0.04,"[0.99, 0.53, 0.38, 0.09, 0.29, 0.3, 0.27, 0.68, 0.87, 0.54]"
10,6,C10,True,"Yes, because with 10 firms, personalized recommendations significantly reduce expected search costs, likely offsetting the 0.054 privacy cost and improving revenue, based on consistent positive outcomes from past sharing.",2,"### Decision:  
I'll **purchase Firm 2** (choose number 2) because:  
- Firm 2 offers a positive profit of 0.09, and rationality requires buying when such profit is available.  
- Searching further incurs a cost of 0.02 with likely diminishing returns due to the sorted valuation order from data sharing.","C10 Search #1 (Searched:1/10, SearchCost:0.00, BestProfit:0.09@F2) → Purchase F2",0.04,0.054,"[0.69, 0.04, 0.89, 0.43, 0.08, 0.13, 0.52, 0.45, 0.02, 0.47]"
10,6,C11,True,"Yes, because with 10 firms, personalized recommendations significantly reduce expected search costs and improve deal quality, likely offsetting the 0.039 privacy cost based on consistent past benefits.",7,"### Decision:  
I'll **purchase Firm 7** (choose number 7) because:  
- Positive profit of 0.27 is available from the searched firm.  
- Rational to buy immediately to avoid unnecessary additional search costs, given personalized recommendations and past successful outcomes.","C11 Search #1 (Searched:1/10, SearchCost:0.00, BestProfit:0.27@F7) → Purchase F7",0.23,0.039,"[0.16, 0.33, 0.38, 0.0, 0.72, 0.13, 0.81, 0.97, 0.86, 0.63]"
10,6,C12,True,"Yes, because with 10 firms, personalized recommendations will likely reduce search costs by more than the 0.03 privacy cost, based on past experiences of minimal searches and positive revenue.",6,"### Decision:
I'll **purchase Firm 6** (choose number 6) because: 
- The firm offers a positive profit of 0.13, which I can realize immediately without additional cost.
- Searching another firm costs 0.02 and is likely inefficient due to diminishing returns from sorted recommendations with decreasing valuation.","C12 Search #1 (Searched:1/10, SearchCost:0.00, BestProfit:0.13@F6) → Purchase F6",0.1,0.03,"[0.07, 0.43, 0.01, 0.21, 0.22, 0.26, 0.93, 0.2, 0.86, 0.47]"
10,6,C13,True,"Yes, because personalized recommendations with 10 firms significantly reduce expected search costs, likely exceeding the 0.034 privacy cost and improving revenue, based on past positive outcomes.",3,"### Decision:  
I'll **purchase Firm 3** (choose number 3) because:  
- It offers a positive profit of 0.2, ensuring an immediate gain.  
- With sorted recommendations from data sharing, further searches are unlikely to yield a better deal and would incur an additional search cost of 0.02.","C13 Search #1 (Searched:1/10, SearchCost:0.00, BestProfit:0.20@F3) → Purchase F3",0.17,0.034,"[0.33, 0.29, 0.16, 1.0, 0.39, 0.05, 0.95, 0.69, 0.01, 0.23]"
10,6,C14,True,"Yes, because with 10 firms, personalized recommendations significantly reduce expected search costs, likely exceeding the 0.051 privacy cost and maximizing revenue based on past beneficial outcomes.",7,"### Decision:
I'll **purchase Firm 7** because: 
- Positive profit of 0.22 ensures a gain with no additional cost.
- Personalized sorting from data sharing makes further search unlikely to yield better profit.","C14 Search #1 (Searched:1/10, SearchCost:0.00, BestProfit:0.22@F7) → Purchase F7",0.17,0.051,"[0.49, 0.44, 0.4, 0.38, 0.37, 0.01, 0.25, 0.92, 0.54, 0.28]"
10,6,C15,True,"Yes, because personalized recommendations with 10 firms are likely to reduce search costs significantly, offsetting the 0.043 privacy cost based on past positive outcomes and minimal search expenses.",5,"### Decision:
I'll **purchase Firm 5** because: 
- It offers a positive profit of 0.2, ensuring a net gain with no additional search costs. 
- With personalized sorting from data sharing, further searches are unlikely to improve the deal, avoiding unnecessary expenses.","C15 Search #1 (Searched:1/10, SearchCost:0.00, BestProfit:0.20@F5) → Purchase F5",0.16,0.043,"[0.71, 0.05, 0.35, 0.98, 0.59, 1.0, 0.64, 0.81, 0.48, 0.71]"
10,6,C16,True,"Yes, because personalized recommendations with 10 firms will likely reduce search costs and improve product matching, offsetting the 0.04 privacy cost based on past successful outcomes.",9,"### Decision:
I'll **purchase Firm 9** because: 
- The firm offers a positive profit of 0.12, which I must act on rationally.
- Further search costs 0.02 and is unlikely to improve profit significantly due to personalized sorting by high to low valuation, potentially yielding diminishing returns.","C16 Search #1 (Searched:1/10, SearchCost:0.00, BestProfit:0.12@F9) → Purchase F9",0.08,0.04,"[0.77, 0.5, 0.02, 0.66, 0.17, 0.25, 0.1, 0.86, 0.12, 0.92]"
10,6,C17,True,"Yes, because with 10 firms, personalized recommendations significantly reduce expected search costs, likely exceeding the privacy cost of 0.028, as supported by top consumers' high revenues and my past positive outcomes from sharing data.",7,"### Decision:
I'll **purchase Firm 7** (choose number 7) because: 
- It offers a positive profit of 0.02, which must be accepted per rationality rule.
- Searching another firm costs 0.02 with low expected gain, risking net loss.","C17 Search #1 (Searched:1/10, SearchCost:0.00, BestProfit:0.02@F7) → Purchase F7",-0.01,0.028,"[0.33, 0.67, 0.04, 0.23, 0.71, 0.58, 0.18, 0.72, 0.56, 0.22]"
10,6,C18,True,"Yes, because with 10 firms, personalized recommendations minimize search costs by presenting the highest-value option first, likely saving more than the 0.033 privacy cost based on consistent positive outcomes in past rounds.",8,"### Decision:  
I'll **purchase Firm 8** (choose number 8) because:  
- It offers a positive profit of 0.17, ensuring immediate gain.  
- With personalized recommendations sorting by highest valuation, additional searches are unlikely to improve profit enough to offset the 0.02 search cost.","C18 Search #1 (Searched:1/10, SearchCost:0.00, BestProfit:0.17@F8) → Purchase F8",0.14,0.033,"[0.92, 0.63, 0.87, 0.02, 0.46, 0.85, 0.77, 0.38, 0.97, 0.89]"
10,6,C19,True,"Yes, because with 10 firms, personalized recommendations significantly reduce expected search costs (potentially saving more than 0.04 by minimizing searches beyond the free first one), outweighing the privacy cost and improving overall revenue based on past positive outcomes.",6,"### Decision:
I'll **purchase Firm 6** because: 
- Positive profit of 0.18 guarantees immediate gain.
- Searching another firm costs 0.02 with low likelihood of improvement due to personalized sorting by valuation.","C19 Search #1 (Searched:1/10, SearchCost:0.00, BestProfit:0.18@F6) → Purchase F6",0.14,0.04,"[0.1, 0.14, 0.5, 0.8, 0.71, 0.77, 0.98, 0.05, 0.85, 0.86]"
10,6,C20,True,"Yes, because with 10 firms, personalized recommendations significantly reduce expected search costs, easily offsetting the low privacy cost of 0.031 based on consistent past benefits.",7,"### Decision:  
I'll **purchase Firm 7** (choose number 7) because:  
- The firm offers a positive profit of 0.27, ensuring an immediate gain.  
- With data sharing and sorted recommendations, this is likely the best option, avoiding additional search costs of 0.02.","C20 Search #1 (Searched:1/10, SearchCost:0.00, BestProfit:0.27@F7) → Purchase F7",0.24,0.031,"[0.18, 0.66, 0.69, 0.48, 0.94, 0.4, 0.64, 0.97, 0.31, 0.42]"
10,7,C1,True,"Yes, because with 10 firms, personalized recommendations significantly reduce expected search costs, likely outweighing the low privacy cost of 0.026 based on consistent past benefits and top consumers' successful experiences.",1,"### Decision:  
I'll **purchase Firm 1** (choose number 1) because:  
- Firm 1 offers a positive profit of 0.16, ensuring an immediate gain, and as a rational consumer, I won't leave without buying when profit is positive.  
- With data-shared sorting by highest valuation, it is likely the best option, and additional search costs of 0.02 offer uncertain benefits that do not justify the expense.","C1 Search #1 (Searched:1/10, SearchCost:0.00, BestProfit:0.16@F1) → Purchase F1",0.13,0.026,"[0.61, 0.96, 0.83, 0.14, 0.51, 0.1, 0.35, 0.85, 0.36, 0.17]"
10,7,C2,True,"Yes, because with 10 firms, personalized recommendations significantly reduce expected search costs, likely saving more than the 0.043 privacy cost based on past benefits.",0,"### Decision:  
I'll **purchase Firm 0** (choose number 0) because:  
- The firm offers a positive profit of 0.2, ensuring a net gain.  
- Additional searches cost 0.02 and are unlikely to yield higher profit due to personalized recommendations sorting by highest valuation first.","C2 Search #1 (Searched:1/10, SearchCost:0.00, BestProfit:0.20@F0) → Purchase F0",0.16,0.043,"[1.0, 0.24, 0.75, 0.35, 0.82, 0.21, 0.36, 0.72, 0.11, 0.53]"
10,7,C3,True,"Yes, because personalized recommendations with 10 firms significantly reduce expected search costs and improve deal quality, likely outweighing the 0.052 privacy cost based on past benefits and peer experiences.",1,"### Decision:
I'll **purchase Firm 1** because: 
- Firm 1 offers a positive profit of 0.15, which I must buy given rationality.
- Additional searches cost 0.02 with minimal expected gain due to personalized sorting, making it inefficient.","C3 Search #1 (Searched:1/10, SearchCost:0.00, BestProfit:0.15@F1) → Purchase F1",0.1,0.052,"[0.5, 0.95, 0.23, 0.08, 0.26, 0.89, 0.44, 0.87, 0.75, 0.52]"
10,7,C4,True,"Yes, because with 10 firms, personalized recommendations will likely reduce search costs by more than the 0.038 privacy cost, based on past benefits and minimized searches.",0,"### Decision:
I'll **purchase Firm 0** because: 
- It offers a positive profit of 0.15, which I must act on per rationality rules.
- Searching further would cost 0.02 and likely yield lower-valuation firms due to personalized sorting, reducing expected net gain.","C4 Search #1 (Searched:1/10, SearchCost:0.00, BestProfit:0.15@F0) → Purchase F0",0.11,0.038,"[0.95, 0.4, 0.24, 0.16, 0.04, 0.79, 0.9, 0.83, 0.48, 0.29]"
10,7,C5,True,"Yes, because with 10 firms, personalized recommendations significantly reduce expected search costs (potentially from 0.18 without sharing to near 0), outweighing the privacy cost of 0.051 and maximizing revenue based on consistent past benefits.",4,"### Decision:
I'll **purchase Firm 4** because: 
- It offers a positive profit of 0.22, and as a rational consumer, I won't leave without buying when such an option exists.
- Searching further would cost 0.02 with low expected gain, given personalized recommendations likely present the best option first.","C5 Search #1 (Searched:1/10, SearchCost:0.00, BestProfit:0.22@F4) → Purchase F4",0.17,0.051,"[0.31, 0.11, 0.69, 0.66, 0.92, 0.78, 0.0, 0.32, 0.19, 0.58]"
10,7,C6,True,"Yes, because with 10 firms, personalized recommendations significantly reduce search costs, easily offsetting the low privacy cost of 0.031 based on past positive outcomes.",2,"### Decision:  
I'll **purchase Firm 2** (choose number 2) because:  
- Firm 2 offers a positive profit of 0.12, ensuring a gain as per rationality.  
- With shared data and valuation-sorted recommendations, further searches are unlikely to improve profit, and the 0.02 search cost outweighs potential benefits.","C6 Search #1 (Searched:1/10, SearchCost:0.00, BestProfit:0.12@F2) → Purchase F2",0.09,0.031,"[0.02, 0.38, 0.92, 0.33, 0.75, 0.55, 0.1, 0.7, 0.22, 0.19]"
10,7,C7,True,"Yes, because with 10 firms, personalized recommendations greatly reduce expected search costs, easily offsetting the privacy cost of 0.044, as shown by consistent positive outcomes in past rounds.",4,"### Decision:  
I'll **purchase Firm 4** (choose number 4) because:  
- The firm offers a positive profit of 0.21, making it rational to buy immediately as per my rational behavior.  
- With data sharing and sorted search sequence by valuation, this is likely the highest-value option, so further searches would incur unnecessary costs with minimal expected improvement.","C7 Search #1 (Searched:1/10, SearchCost:0.00, BestProfit:0.21@F4) → Purchase F4",0.17,0.044,"[0.82, 0.56, 0.08, 0.47, 0.91, 0.01, 0.45, 0.03, 0.22, 0.87]"
10,7,C8,True,"Yes, because with 10 firms, personalized recommendations will significantly reduce expected search costs, likely offsetting the low privacy cost of 0.027 and improving revenue, based on consistent past benefits and top consumer outcomes.",8,"### Decision:
I'll **purchase Firm 8** because: 
- It offers a positive profit of 0.22, ensuring a net gain.
- With data-shared recommendations sorting by valuation, additional searches are unlikely to yield substantial improvements relative to the 0.02 search cost.","C8 Search #1 (Searched:1/10, SearchCost:0.00, BestProfit:0.22@F8) → Purchase F8",0.19,0.027,"[0.8, 0.91, 0.7, 0.38, 0.65, 0.26, 0.43, 0.72, 0.92, 0.15]"
10,7,C9,True,"Yes, because with 10 firms, personalized recommendations significantly reduce expected search costs, likely exceeding the privacy cost of 0.04, based on consistent past benefits and top consumer outcomes.",0,"### Decision:  
I'll **purchase Firm 0** (choose number 0) because:  
- It offers a positive profit of 0.19, ensuring a net gain as required by rationality.  
- Further search costs 0.02 with uncertain and likely minimal benefits due to personalized sorting from highest valuation to lowest.","C9 Search #1 (Searched:1/10, SearchCost:0.00, BestProfit:0.19@F0) → Purchase F0",0.15,0.04,"[0.99, 0.53, 0.38, 0.09, 0.29, 0.3, 0.27, 0.68, 0.87, 0.54]"
10,7,C10,True,"Yes, because with 10 firms, personalized recommendations significantly reduce expected search costs and improve deal quality, likely offsetting the 0.054 privacy cost based on consistent past benefits.",2,"### Decision:  
I'll **purchase Firm 2** (choose number 2) because:  
- Firm 2 offers a positive profit of 0.09, and rationality requires buying when such profit is available.  
- Searching further incurs a cost of 0.02 with likely diminishing returns due to the sorted valuation order from data sharing.","C10 Search #1 (Searched:1/10, SearchCost:0.00, BestProfit:0.09@F2) → Purchase F2",0.04,0.054,"[0.69, 0.04, 0.89, 0.43, 0.08, 0.13, 0.52, 0.45, 0.02, 0.47]"
10,7,C11,True,"Yes, because with 10 firms, personalized recommendations greatly reduce expected search costs, likely exceeding the privacy cost of 0.039 based on consistent past benefits and high revenue outcomes from sharing data.",7,"### Decision:
I'll **purchase Firm 7** (choose number 7) because: 
- Positive profit of 0.27 is available from the searched firm.
- Rational to buy immediately to avoid unnecessary additional search costs, given personalized recommendations.","C11 Search #1 (Searched:1/10, SearchCost:0.00, BestProfit:0.27@F7) → Purchase F7",0.23,0.039,"[0.16, 0.33, 0.38, 0.0, 0.72, 0.13, 0.81, 0.97, 0.86, 0.63]"
10,7,C12,True,"Yes, because with 10 firms, personalized recommendations significantly reduce expected search costs and improve deal quality, easily offsetting the 0.03 privacy cost based on past consistent benefits and high value of sorting.",6,"### Decision:
I'll **purchase Firm 6** (choose number 6) because: 
- The firm offers a positive profit of 0.13, which I can realize immediately.
- Searching another firm costs 0.02 and is likely inefficient due to diminishing returns from sorted recommendations based on decreasing valuation.","C12 Search #1 (Searched:1/10, SearchCost:0.00, BestProfit:0.13@F6) → Purchase F6",0.1,0.03,"[0.07, 0.43, 0.01, 0.21, 0.22, 0.26, 0.93, 0.2, 0.86, 0.47]"
10,7,C13,True,"Yes, because with 10 firms, personalized recommendations significantly reduce expected search costs, likely exceeding the 0.034 privacy cost and improving revenue, as supported by consistent past positive outcomes.",3,"### Decision:  
I'll **purchase Firm 3** (choose number 3) because:  
- It offers a positive profit of 0.2, ensuring an immediate gain.  
- With sorted recommendations from data sharing, further searches are unlikely to yield a better deal and would incur a search cost of 0.02, reducing net revenue.","C13 Search #1 (Searched:1/10, SearchCost:0.00, BestProfit:0.20@F3) → Purchase F3",0.17,0.034,"[0.33, 0.29, 0.16, 1.0, 0.39, 0.05, 0.95, 0.69, 0.01, 0.23]"
10,7,C14,True,"Yes, because with 10 firms, personalized recommendations significantly reduce expected search costs, likely exceeding the privacy cost of 0.051 and improving total revenue based on past beneficial outcomes.",7,"### Decision:
I'll **purchase Firm 7** because: 
- Positive profit of 0.22 ensures an immediate gain with no additional cost.
- Personalized sorting from data sharing makes further search unlikely to yield better profit.","C14 Search #1 (Searched:1/10, SearchCost:0.00, BestProfit:0.22@F7) → Purchase F7",0.17,0.051,"[0.49, 0.44, 0.4, 0.38, 0.37, 0.01, 0.25, 0.92, 0.54, 0.28]"
10,7,C15,True,"Yes, because with 10 firms, personalized recommendations significantly reduce expected search costs, likely exceeding my privacy value of 0.043 based on past beneficial outcomes.",5,"### Decision:  
I'll **purchase Firm 5** because:  
- It offers a positive profit of 0.2, ensuring a net gain with no additional costs.  
- With personalized sorting from data sharing, further searches are unlikely to improve the deal, making it inefficient to continue.","C15 Search #1 (Searched:1/10, SearchCost:0.00, BestProfit:0.20@F5) → Purchase F5",0.16,0.043,"[0.71, 0.05, 0.35, 0.98, 0.59, 1.0, 0.64, 0.81, 0.48, 0.71]"
10,7,C16,True,"Yes, because with 10 firms, personalized recommendations significantly reduce expected search costs, likely exceeding the 0.04 privacy cost based on past successful outcomes.",9,"### Decision:  
I'll **purchase Firm 9** because:  
- The firm offers a positive profit of 0.12, which I must act on rationally.  
- Further search costs 0.02 and is unlikely to improve profit significantly due to personalized sorting by high to low valuation, potentially yielding diminishing returns.","C16 Search #1 (Searched:1/10, SearchCost:0.00, BestProfit:0.12@F9) → Purchase F9",0.08,0.04,"[0.77, 0.5, 0.02, 0.66, 0.17, 0.25, 0.1, 0.86, 0.12, 0.92]"
10,7,C17,True,"Yes, because with 10 firms, personalized recommendations significantly reduce expected search costs and improve deal quality, likely offsetting the low privacy cost of 0.028, as supported by my past positive outcomes and top consumers' high revenues from sharing data.",7,"### Decision:
I'll **purchase Firm 7** (choose number 7) because: 
- It offers a positive profit of 0.02, which must be accepted per rationality rule.
- Searching another firm costs 0.02 with uncertain gain, risking net loss.","C17 Search #1 (Searched:1/10, SearchCost:0.00, BestProfit:0.02@F7) → Purchase F7",-0.01,0.028,"[0.33, 0.67, 0.04, 0.23, 0.71, 0.58, 0.18, 0.72, 0.56, 0.22]"
10,7,C18,True,"Yes, because with 10 firms, personalized recommendations significantly reduce expected search costs by prioritizing high-value options, likely offsetting the low privacy cost of 0.033 based on consistent past benefits and top consumer outcomes.",8,"### Decision:  
I'll **purchase Firm 8** (choose number 8) because:  
- It offers a positive profit of 0.27, ensuring immediate gain.  
- With personalized recommendations sorting by highest valuation, additional searches are unlikely to improve profit enough to offset the 0.02 search cost.","C18 Search #1 (Searched:1/10, SearchCost:0.00, BestProfit:0.27@F8) → Purchase F8",0.24,0.033,"[0.92, 0.63, 0.87, 0.02, 0.46, 0.85, 0.77, 0.38, 0.97, 0.89]"
10,7,C19,True,"Yes, because with 10 firms, personalized recommendations significantly reduce expected search costs, likely offsetting the 0.04 privacy cost and improving overall revenue, as demonstrated by consistent past benefits and top consumer outcomes.",6,"### Decision:
I'll **purchase Firm 6** because: 
- Positive profit of 0.18 guarantees immediate gain.
- Searching another firm costs 0.02 with low likelihood of improvement due to personalized sorting by valuation.","C19 Search #1 (Searched:1/10, SearchCost:0.00, BestProfit:0.18@F6) → Purchase F6",0.14,0.04,"[0.1, 0.14, 0.5, 0.8, 0.71, 0.77, 0.98, 0.05, 0.85, 0.86]"
10,7,C20,True,"Yes, because with 10 firms, personalized recommendations will likely reduce search costs by more than my privacy value of 0.031, based on consistent past benefits and high potential savings.",7,"### Decision:  
I'll **purchase Firm 7** (choose number 7) because:  
- The firm offers a positive profit of 0.27, ensuring an immediate gain.  
- With data sharing and sorted recommendations, this is likely the best option, avoiding unnecessary additional search costs of 0.02.","C20 Search #1 (Searched:1/10, SearchCost:0.00, BestProfit:0.27@F7) → Purchase F7",0.24,0.031,"[0.18, 0.66, 0.69, 0.48, 0.94, 0.4, 0.64, 0.97, 0.31, 0.42]"
10,8,C1,True,"Yes, because with 10 firms, personalized recommendations significantly reduce expected search costs, likely outweighing the low privacy cost of 0.026 based on past successful outcomes.",1,"### Decision:  
I'll **purchase Firm 1** (choose number 1) because:  
- Firm 1 offers a positive profit of 0.16, ensuring an immediate gain, and as a rational consumer, I must buy when profit is positive.  
- With data-shared sorting by highest valuation, it is likely the best option, and additional search costs of 0.02 offer uncertain benefits that do not justify the expense.","C1 Search #1 (Searched:1/10, SearchCost:0.00, BestProfit:0.16@F1) → Purchase F1",0.13,0.026,"[0.61, 0.96, 0.83, 0.14, 0.51, 0.1, 0.35, 0.85, 0.36, 0.17]"
10,8,C2,True,"Yes, because with 10 firms, personalized recommendations significantly reduce expected search costs, likely saving more than the 0.043 privacy cost based on past benefits.",0,"### Decision:
I'll **purchase Firm 0** (choose number 0) because: 
- The firm offers a positive profit of 0.2, ensuring a net gain.
- Additional searches cost 0.02 and are unlikely to yield higher profit due to personalized recommendations sorting by highest valuation first.","C2 Search #1 (Searched:1/10, SearchCost:0.00, BestProfit:0.20@F0) → Purchase F0",0.16,0.043,"[1.0, 0.24, 0.75, 0.35, 0.82, 0.21, 0.36, 0.72, 0.11, 0.53]"
10,8,C3,True,"Yes, because with 10 firms, personalized recommendations significantly reduce expected search costs and improve product matching, likely outweighing the privacy cost of 0.052 based on past benefits and peer experiences.",1,"### Decision:
I'll **purchase Firm 1** because: 
- Firm 1 offers a positive profit of 0.15, which I must buy given rationality.
- Additional searches cost 0.02 with minimal expected gain due to personalized sorting, making it inefficient.","C3 Search #1 (Searched:1/10, SearchCost:0.00, BestProfit:0.15@F1) → Purchase F1",0.1,0.052,"[0.5, 0.95, 0.23, 0.08, 0.26, 0.89, 0.44, 0.87, 0.75, 0.52]"
10,8,C4,True,"Yes, because with 10 firms, personalized recommendations will likely reduce search costs by more than the 0.038 privacy cost, based on past benefits and minimized searches in high-revenue outcomes.",0,"### Decision:  
I'll **purchase Firm 0** because:  
- It offers a positive profit of 0.15, which I must act on per rationality rules.  
- Searching further would cost 0.02 and likely yield lower-valuation firms due to personalized sorting, reducing expected net gain.","C4 Search #1 (Searched:1/10, SearchCost:0.00, BestProfit:0.15@F0) → Purchase F0",0.11,0.038,"[0.95, 0.4, 0.24, 0.16, 0.04, 0.79, 0.9, 0.83, 0.48, 0.29]"
10,8,C5,True,"Yes, because with 10 firms, personalized recommendations significantly reduce expected search costs (likely to 0 with one free search), outweighing the privacy cost of 0.051 based on consistent past benefits and maximized revenue.",4,"### Decision:  
I'll **purchase Firm 4** because:  
- It offers a positive profit of 0.22, and as a rational consumer, I won't leave without buying when such an option exists.  
- Searching further would cost 0.02 with low expected gain, given personalized recommendations likely present the best option first.","C5 Search #1 (Searched:1/10, SearchCost:0.00, BestProfit:0.22@F4) → Purchase F4",0.17,0.051,"[0.31, 0.11, 0.69, 0.66, 0.92, 0.78, 0.0, 0.32, 0.19, 0.58]"
10,8,C6,True,"Yes, because with 10 firms, personalized recommendations will likely reduce search costs by more than the privacy cost of 0.031, based on past positive outcomes and significant potential savings.",2,"### Decision:
I'll **purchase Firm 2** (choose number 2) because: 
- Firm 2 provides a positive profit of 0.12, ensuring a gain as per rationality.
- With shared data and valuation-sorted recommendations, further searches are unlikely to improve profit, and the 0.02 search cost outweighs potential benefits.","C6 Search #1 (Searched:1/10, SearchCost:0.00, BestProfit:0.12@F2) → Purchase F2",0.09,0.031,"[0.02, 0.38, 0.92, 0.33, 0.75, 0.55, 0.1, 0.7, 0.22, 0.19]"
10,8,C7,True,"Yes, because with 10 firms, personalized recommendations significantly reduce expected search costs, likely exceeding the privacy cost of 0.044, as demonstrated by consistent positive outcomes in past rounds and top consumers' experiences.",4,"### Decision:  
I'll **purchase Firm 4** (choose number 4) because:  
- The firm offers a positive profit of 0.21, making it rational to buy immediately without risking additional search costs.  
- With data sharing and a sorted search sequence by valuation, this is likely the highest-value option, so further searches offer minimal expected improvement.","C7 Search #1 (Searched:1/10, SearchCost:0.00, BestProfit:0.21@F4) → Purchase F4",0.17,0.044,"[0.82, 0.56, 0.08, 0.47, 0.91, 0.01, 0.45, 0.03, 0.22, 0.87]"
10,8,C8,True,"Yes, because with 10 firms, personalized recommendations will significantly reduce expected search costs, likely exceeding the low privacy value of 0.027 and improving overall revenue, consistent with past positive outcomes.",8,"### Decision:
I'll **purchase Firm 8** because: 
- It offers a positive profit of 0.12, ensuring a net gain.
- With data-shared sorting by valuation, additional searches are unlikely to yield better profits relative to the 0.02 search cost.","C8 Search #1 (Searched:1/10, SearchCost:0.00, BestProfit:0.12@F8) → Purchase F8",0.09,0.027,"[0.8, 0.91, 0.7, 0.38, 0.65, 0.26, 0.43, 0.72, 0.92, 0.15]"
10,8,C9,True,"Yes, because with 10 firms, personalized recommendations will significantly reduce expected search costs, likely exceeding the privacy cost of 0.04, based on consistent past benefits and high revenue outcomes from sharing data.",0,"### Decision:  
I'll **purchase Firm 0** (choose number 0) because:  
- It offers a positive profit of 0.19, ensuring a net gain as required by rationality.  
- Further search costs 0.02 with uncertain and likely minimal benefits due to personalized sorting from highest valuation to lowest.","C9 Search #1 (Searched:1/10, SearchCost:0.00, BestProfit:0.19@F0) → Purchase F0",0.15,0.04,"[0.99, 0.53, 0.38, 0.09, 0.29, 0.3, 0.27, 0.68, 0.87, 0.54]"
10,8,C10,True,"Yes, because with 10 firms, personalized recommendations significantly reduce expected search costs, likely offsetting the privacy cost of 0.054 and improving revenue, as supported by consistent past positive outcomes and top consumer experiences.",2,"### Decision:  
I'll **purchase Firm 2** (choose number 2) because:  
- Firm 2 offers a positive profit of 0.09, and rationality requires buying when such profit is available.  
- Searching further incurs a cost of 0.02 with likely diminishing returns due to the sorted valuation order from data sharing.","C10 Search #1 (Searched:1/10, SearchCost:0.00, BestProfit:0.09@F2) → Purchase F2",0.04,0.054,"[0.69, 0.04, 0.89, 0.43, 0.08, 0.13, 0.52, 0.45, 0.02, 0.47]"
10,8,C11,True,"Yes, because with 10 firms, personalized recommendations significantly reduce expected search costs and improve deal quality, likely offsetting the 0.039 privacy cost based on consistent past benefits and high revenue outcomes.",7,"### Decision:  
I'll **purchase Firm 7** (choose number 7) because:  
- Positive profit of 0.27 is available from the searched firm.  
- Rational to buy immediately to avoid unnecessary additional search costs, given personalized recommendations.","C11 Search #1 (Searched:1/10, SearchCost:0.00, BestProfit:0.27@F7) → Purchase F7",0.23,0.039,"[0.16, 0.33, 0.38, 0.0, 0.72, 0.13, 0.81, 0.97, 0.86, 0.63]"
10,8,C12,True,"Yes, because with 10 firms, personalized recommendations significantly reduce expected search costs, likely exceeding the 0.03 privacy cost based on past consistent benefits and high value of sorting.",6,"### Decision:  
I'll **purchase Firm 6** (choose number 6) because:  
- The firm offers a positive profit of 0.13, which I can realize immediately.  
- Searching another firm costs 0.02 and is likely inefficient due to diminishing returns from sorted recommendations with decreasing valuation.","C12 Search #1 (Searched:1/10, SearchCost:0.00, BestProfit:0.13@F6) → Purchase F6",0.1,0.03,"[0.07, 0.43, 0.01, 0.21, 0.22, 0.26, 0.93, 0.2, 0.86, 0.47]"
10,8,C13,True,"Yes, because with 10 firms, personalized recommendations significantly reduce expected search costs, likely exceeding the privacy cost of 0.034 and improving revenue based on consistent past benefits.",3,"### Decision:  
I'll **purchase Firm 3** (choose number 3) because:  
- It offers a positive profit of 0.2, ensuring an immediate gain.  
- With sorted recommendations from data sharing, further searches are unlikely to yield a better deal and would incur a search cost of 0.02, reducing net revenue.","C13 Search #1 (Searched:1/10, SearchCost:0.00, BestProfit:0.20@F3) → Purchase F3",0.17,0.034,"[0.33, 0.29, 0.16, 1.0, 0.39, 0.05, 0.95, 0.69, 0.01, 0.23]"
10,8,C14,True,"Yes, because with 10 firms, personalized recommendations significantly reduce expected search costs, likely exceeding my privacy value of 0.051, based on consistent past benefits and high revenue outcomes from sharing data.",7,"### Decision:
I'll **purchase Firm 7** because: 
- Positive profit of 0.22 ensures an immediate gain with no additional cost.
- Personalized sorting from data sharing makes further search unlikely to yield better profit, avoiding unnecessary search expense of 0.02.","C14 Search #1 (Searched:1/10, SearchCost:0.00, BestProfit:0.22@F7) → Purchase F7",0.17,0.051,"[0.49, 0.44, 0.4, 0.38, 0.37, 0.01, 0.25, 0.92, 0.54, 0.28]"
10,8,C15,True,"Yes, because with 10 firms, personalized recommendations significantly reduce expected search costs, likely exceeding my privacy value of 0.043 based on past beneficial outcomes.",5,"### Decision:  
I'll **purchase Firm 5** because:  
- It offers a positive profit of 0.2, ensuring a net gain.  
- With personalized sorting from data sharing, further searches are unlikely to improve the deal, avoiding additional costs.","C15 Search #1 (Searched:1/10, SearchCost:0.00, BestProfit:0.20@F5) → Purchase F5",0.16,0.043,"[0.71, 0.05, 0.35, 0.98, 0.59, 1.0, 0.64, 0.81, 0.48, 0.71]"
10,8,C16,True,"Yes, because with 10 firms, personalized recommendations will likely reduce search costs by more than the privacy value of 0.04, based on past experiences and high revenue outcomes from sharing data.",9,"### Decision:
I'll **purchase Firm 9** because: 
- The firm offers a positive profit of 0.12, which I must act on rationally as per my consumer behavior.
- Further search costs 0.02 and is unlikely to improve profit significantly due to personalized sorting by high to low valuation, potentially yielding diminishing returns.","C16 Search #1 (Searched:1/10, SearchCost:0.00, BestProfit:0.12@F9) → Purchase F9",0.08,0.04,"[0.77, 0.5, 0.02, 0.66, 0.17, 0.25, 0.1, 0.86, 0.12, 0.92]"
10,8,C17,True,"Yes, because with 10 firms, personalized recommendations greatly reduce expected search costs by prioritizing high-value options, likely offsetting the low privacy cost of 0.028, as supported by my past positive outcomes and top consumers' high revenues.",7,"### Decision:  
I'll **purchase Firm 7** (choose number 7) because:  
- It offers a positive profit of 0.02, which must be accepted per rationality rule.  
- Searching another firm costs 0.02 with uncertain gain, risking net loss or no improvement.","C17 Search #1 (Searched:1/10, SearchCost:0.00, BestProfit:0.02@F7) → Purchase F7",-0.01,0.028,"[0.33, 0.67, 0.04, 0.23, 0.71, 0.58, 0.18, 0.72, 0.56, 0.22]"
10,8,C18,True,"Yes, because with 10 firms, personalized recommendations significantly reduce expected search costs by prioritizing high-value options, likely offsetting the low privacy cost of 0.033, based on consistent past benefits and top consumer outcomes.",8,"### Decision:
I'll **purchase Firm 8** (choose number 8) because: 
- It offers a positive profit of 0.17, ensuring immediate gain. 
- With personalized recommendations sorting by highest valuation, additional searches are unlikely to improve profit enough to offset the 0.02 search cost.","C18 Search #1 (Searched:1/10, SearchCost:0.00, BestProfit:0.17@F8) → Purchase F8",0.14,0.033,"[0.92, 0.63, 0.87, 0.02, 0.46, 0.85, 0.77, 0.38, 0.97, 0.89]"
10,8,C19,True,"Yes, because with 10 firms, personalized recommendations significantly reduce expected search costs, likely exceeding the privacy cost of 0.04 and improving overall revenue based on consistent past benefits.",6,"### Decision:
I'll **purchase Firm 6** because: 
- Positive profit of 0.18 ensures immediate gain.
- Searching another firm costs 0.02 with low likelihood of improvement due to personalized sorting by valuation.","C19 Search #1 (Searched:1/10, SearchCost:0.00, BestProfit:0.18@F6) → Purchase F6",0.14,0.04,"[0.1, 0.14, 0.5, 0.8, 0.71, 0.77, 0.98, 0.05, 0.85, 0.86]"
10,8,C20,True,"Yes, because with 10 firms, personalized recommendations significantly reduce expected search costs, likely exceeding the low privacy cost of 0.031 based on consistent past benefits and high revenue outcomes.",7,"### Decision:  
I'll **purchase Firm 7** (choose number 7) because:  
- The firm offers a positive profit of 0.27, ensuring an immediate gain.  
- With data sharing and sorted recommendations, this is likely the best option, avoiding additional search costs of 0.02.","C20 Search #1 (Searched:1/10, SearchCost:0.00, BestProfit:0.27@F7) → Purchase F7",0.24,0.031,"[0.18, 0.66, 0.69, 0.48, 0.94, 0.4, 0.64, 0.97, 0.31, 0.42]"
10,9,C1,True,"Yes, because with a low privacy value of 0.026 and 10 firms, personalized recommendations significantly reduce expected search costs and enhance deal quality, based on consistent past benefits and successful outcomes from top consumers.",1,"### Decision:  
I'll **purchase Firm 1** (choose number 1) because:  
- Firm 1 offers a positive profit of 0.16, ensuring an immediate gain, and as a rational consumer, I must buy when profit is positive.  
- With data-shared sorting by highest value, it is likely the best option, and additional search costs of 0.02 provide uncertain benefits that do not justify the expense.","C1 Search #1 (Searched:1/10, SearchCost:0.00, BestProfit:0.16@F1) → Purchase F1",0.13,0.026,"[0.61, 0.96, 0.83, 0.14, 0.51, 0.1, 0.35, 0.85, 0.36, 0.17]"
10,9,C2,True,"Yes, because with 10 firms, personalized recommendations significantly reduce expected search costs, likely saving more than the 0.043 privacy cost based on past benefits and improved revenue outcomes.",0,"### Decision:  
I'll **purchase Firm 0** (choose number 0) because:  
- The firm offers a positive profit of 0.2, ensuring a net gain.  
- Additional searches cost 0.02 and are unlikely to yield higher profit due to personalized recommendations sorting by highest valuation first.","C2 Search #1 (Searched:1/10, SearchCost:0.00, BestProfit:0.20@F0) → Purchase F0",0.16,0.043,"[1.0, 0.24, 0.75, 0.35, 0.82, 0.21, 0.36, 0.72, 0.11, 0.53]"
10,9,C3,True,"Yes, because personalized recommendations with 10 firms significantly reduce expected search costs, likely exceeding the 0.052 privacy cost based on past benefits and peer experiences.",1,"### Decision:
I'll **purchase Firm 1** because: 
- Firm 1 offers a positive profit of 0.15, which I must buy given rationality.
- Additional searches cost 0.02 with minimal expected gain due to personalized sorting, making it inefficient.","C3 Search #1 (Searched:1/10, SearchCost:0.00, BestProfit:0.15@F1) → Purchase F1",0.1,0.052,"[0.5, 0.95, 0.23, 0.08, 0.26, 0.89, 0.44, 0.87, 0.75, 0.52]"
10,9,C4,True,"Yes, because with 10 firms, personalized recommendations will likely reduce search costs more than the 0.038 privacy cost, based on past benefits and minimized searches in high-revenue outcomes.",0,"### Decision:  
I'll **purchase Firm 0** because:  
- It offers a positive profit of 0.15, which I must act on per rationality rules.  
- Searching further would cost 0.02 and likely yield lower-valuation firms due to personalized sorting, reducing expected net gain.","C4 Search #1 (Searched:1/10, SearchCost:0.00, BestProfit:0.15@F0) → Purchase F0",0.11,0.038,"[0.95, 0.4, 0.24, 0.16, 0.04, 0.79, 0.9, 0.83, 0.48, 0.29]"
10,9,C5,True,"Yes, because personalized recommendations with 10 firms likely reduce search costs to nearly zero, outweighing the 0.051 privacy cost based on consistent past benefits and maximized revenue.",4,"### Decision:  
I'll **purchase Firm 4** because:  
- It offers a positive profit of 0.12, and as a rational consumer, I won't leave without buying when such an option exists.  
- Searching further would cost 0.02 with low expected gain, given personalized recommendations likely present the best option first.","C5 Search #1 (Searched:1/10, SearchCost:0.00, BestProfit:0.12@F4) → Purchase F4",0.07,0.051,"[0.31, 0.11, 0.69, 0.66, 0.92, 0.78, 0.0, 0.32, 0.19, 0.58]"
10,9,C6,True,"Yes, because with 10 firms, personalized recommendations significantly reduce search costs, likely offsetting the low privacy cost of 0.031 and maximizing revenue based on past positive outcomes.",2,"### Decision:  
I'll **purchase Firm 2** (choose number 2) because:  
- Firm 2 offers a positive profit of 0.12, ensuring a gain as per rationality.  
- With shared data and valuation-sorted recommendations, further searches are unlikely to improve profit, and the 0.02 search cost outweighs potential benefits.","C6 Search #1 (Searched:1/10, SearchCost:0.00, BestProfit:0.12@F2) → Purchase F2",0.09,0.031,"[0.02, 0.38, 0.92, 0.33, 0.75, 0.55, 0.1, 0.7, 0.22, 0.19]"
10,9,C7,True,"Yes, because with 10 firms, personalized recommendations significantly reduce expected search costs and ensure a high-value first option, easily offsetting the privacy cost of 0.044 based on consistent past positive outcomes and revenue maximization.",4,"### Decision:  
I'll **purchase Firm 4** (choose number 4) because:  
- The firm offers a positive profit of 0.11, making it rational to buy immediately.  
- With data sharing and a sorted search sequence by valuation, this is likely the highest-value option, so further searches would incur unnecessary costs.","C7 Search #1 (Searched:1/10, SearchCost:0.00, BestProfit:0.11@F4) → Purchase F4",0.07,0.044,"[0.82, 0.56, 0.08, 0.47, 0.91, 0.01, 0.45, 0.03, 0.22, 0.87]"
10,9,C8,True,"Yes, because with 10 firms, personalized recommendations significantly reduce expected search costs, likely exceeding the 0.027 privacy value and improving revenue, consistent with past positive outcomes.",8,"### Decision:  
I'll **purchase Firm 8** because:  
- It offers a positive profit of 0.12, ensuring a net gain.  
- With data-shared recommendations sorting by valuation, additional searches are unlikely to yield substantial improvements relative to the 0.02 search cost.","C8 Search #1 (Searched:1/10, SearchCost:0.00, BestProfit:0.12@F8) → Purchase F8",0.09,0.027,"[0.8, 0.91, 0.7, 0.38, 0.65, 0.26, 0.43, 0.72, 0.92, 0.15]"
10,9,C9,True,"Yes, because with 10 firms, personalized recommendations will significantly reduce expected search costs, likely exceeding the privacy cost of 0.04, based on consistent past benefits and high revenue outcomes from data sharing.",0,"### Decision:  
I'll **purchase Firm 0** (choose number 0) because:  
- It offers a positive profit of 0.19, ensuring a net gain as required by rationality.  
- Further search costs 0.02 with uncertain and likely minimal benefits due to personalized sorting from highest valuation to lowest.","C9 Search #1 (Searched:1/10, SearchCost:0.00, BestProfit:0.19@F0) → Purchase F0",0.15,0.04,"[0.99, 0.53, 0.38, 0.09, 0.29, 0.3, 0.27, 0.68, 0.87, 0.54]"
10,9,C10,True,"Yes, because with 10 firms, personalized recommendations significantly reduce expected search costs, likely offsetting the 0.054 privacy cost based on consistent past benefits and improved revenue outcomes.",2,"### Decision:  
I'll **purchase Firm 2** (choose number 2) because:  
- Firm 2 offers a positive profit of 0.09, and rationality requires buying when such profit is available.  
- Searching further incurs a cost of 0.02 with likely diminishing returns due to the sorted valuation order from data sharing.","C10 Search #1 (Searched:1/10, SearchCost:0.00, BestProfit:0.09@F2) → Purchase F2",0.04,0.054,"[0.69, 0.04, 0.89, 0.43, 0.08, 0.13, 0.52, 0.45, 0.02, 0.47]"
10,9,C11,True,"Yes, because with 10 firms, personalized recommendations significantly reduce expected search costs, easily offsetting the low privacy cost of 0.039 based on consistent past benefits and high revenue outcomes.",7,"### Decision:  
I'll **purchase Firm 7** (choose number 7) because:  
- Positive profit of 0.27 is available from the searched firm.  
- Rational to buy immediately to avoid unnecessary additional search costs, given personalized recommendations and high valuation sorting.","C11 Search #1 (Searched:1/10, SearchCost:0.00, BestProfit:0.27@F7) → Purchase F7",0.23,0.039,"[0.16, 0.33, 0.38, 0.0, 0.72, 0.13, 0.81, 0.97, 0.86, 0.63]"
10,9,C12,True,"Yes, because with 10 firms, personalized recommendations significantly reduce search costs, outweighing the 0.03 privacy cost based on consistent past benefits and high revenue outcomes.",6,"### Decision:
I'll **purchase Firm 6** (choose number 6) because: 
- The firm offers a positive profit of 0.13, which I can realize immediately.
- Searching another firm costs 0.02 and is likely inefficient due to diminishing returns from sorted recommendations with decreasing valuation.","C12 Search #1 (Searched:1/10, SearchCost:0.00, BestProfit:0.13@F6) → Purchase F6",0.1,0.03,"[0.07, 0.43, 0.01, 0.21, 0.22, 0.26, 0.93, 0.2, 0.86, 0.47]"
10,9,C13,True,"Yes, because with 10 firms, personalized recommendations likely reduce search costs significantly, exceeding the 0.034 privacy cost based on past high-revenue outcomes.",3,"### Decision:  
I'll **purchase Firm 3** (choose number 3) because:  
- It offers a positive profit of 0.2, ensuring an immediate gain.  
- With sorted recommendations from data sharing, further searches are unlikely to yield a better deal and would incur a 0.02 cost.","C13 Search #1 (Searched:1/10, SearchCost:0.00, BestProfit:0.20@F3) → Purchase F3",0.17,0.034,"[0.33, 0.29, 0.16, 1.0, 0.39, 0.05, 0.95, 0.69, 0.01, 0.23]"
10,9,C14,True,"Yes, because with 10 firms, personalized recommendations significantly reduce expected search costs, likely exceeding the privacy cost of 0.051 based on consistent past benefits and maximized revenue.",7,"### Decision:
I'll **purchase Firm 7** because: 
- Positive profit of 0.22 ensures an immediate gain with no additional cost.
- Personalized sorting from data sharing makes further search unlikely to yield better profit.","C14 Search #1 (Searched:1/10, SearchCost:0.00, BestProfit:0.22@F7) → Purchase F7",0.17,0.051,"[0.49, 0.44, 0.4, 0.38, 0.37, 0.01, 0.25, 0.92, 0.54, 0.28]"
10,9,C15,True,"Yes, because with 10 firms, personalized recommendations significantly reduce expected search costs and ensure access to the highest-value deal first, likely exceeding the privacy cost of 0.043 based on consistent past benefits and maximized revenue.",5,"### Decision:  
I'll **purchase Firm 5** because:  
- It offers a positive profit of 0.2, ensuring a net gain with no additional search costs.  
- With personalized sorting from data sharing, further searches are unlikely to improve the deal, making additional costs inefficient.","C15 Search #1 (Searched:1/10, SearchCost:0.00, BestProfit:0.20@F5) → Purchase F5",0.16,0.043,"[0.71, 0.05, 0.35, 0.98, 0.59, 1.0, 0.64, 0.81, 0.48, 0.71]"
10,9,C16,True,"Yes, because personalized recommendations with 10 firms significantly reduce search costs, likely exceeding the 0.04 privacy cost based on past high-revenue outcomes from minimal searches.",9,"### Decision:  
I'll **purchase Firm 9** because:  
- The firm offers a positive profit of 0.12, which I must act on rationally as per my consumer behavior.  
- Further search costs 0.02 and is unlikely to improve profit significantly due to personalized sorting by high to low valuation, potentially yielding diminishing returns.","C16 Search #1 (Searched:1/10, SearchCost:0.00, BestProfit:0.12@F9) → Purchase F9",0.08,0.04,"[0.77, 0.5, 0.02, 0.66, 0.17, 0.25, 0.1, 0.86, 0.12, 0.92]"
10,9,C17,True,"Yes, because with 10 firms, personalized recommendations significantly reduce expected search costs, likely exceeding the privacy cost of 0.028, based on past benefits and top consumers' high revenues.",7,"### Decision:  
I'll **purchase Firm 7** (choose number 7) because:  
- It offers a positive profit of 0.02, which must be accepted per rationality rule.  
- Searching another firm costs 0.02 with uncertain gain, risking net loss.","C17 Search #1 (Searched:1/10, SearchCost:0.00, BestProfit:0.02@F7) → Purchase F7",-0.01,0.028,"[0.33, 0.67, 0.04, 0.23, 0.71, 0.58, 0.18, 0.72, 0.56, 0.22]"
10,9,C18,True,"Yes, because with 10 firms, personalized recommendations significantly reduce expected search costs by prioritizing high-value options, likely offsetting the privacy cost of 0.033 based on consistent past benefits and maximized revenue.",8,"### Decision:  
I'll **purchase Firm 8** (choose number 8) because:  
- It offers a positive profit of 0.17, ensuring immediate gain.  
- With personalized recommendations sorting by highest valuation, additional searches are unlikely to improve profit enough to offset the 0.02 search cost.","C18 Search #1 (Searched:1/10, SearchCost:0.00, BestProfit:0.17@F8) → Purchase F8",0.14,0.033,"[0.92, 0.63, 0.87, 0.02, 0.46, 0.85, 0.77, 0.38, 0.97, 0.89]"
10,9,C19,True,"Yes, because with 10 firms, personalized recommendations significantly reduce expected search costs, likely saving more than the 0.04 privacy cost based on consistent past benefits and high-revenue outcomes from data sharing.",6,"### Decision:
I'll **purchase Firm 6** because: 
- Positive profit of 0.18 ensures immediate gain with no additional costs.
- Searching another firm costs 0.02 with low likelihood of improvement due to personalized sorting by valuation.","C19 Search #1 (Searched:1/10, SearchCost:0.00, BestProfit:0.18@F6) → Purchase F6",0.14,0.04,"[0.1, 0.14, 0.5, 0.8, 0.71, 0.77, 0.98, 0.05, 0.85, 0.86]"
10,9,C20,True,"Yes, because with 10 firms, personalized recommendations will significantly reduce search costs, likely exceeding my low privacy value of 0.031 based on consistent past benefits and high revenue outcomes.",7,"### Decision:  
I'll **purchase Firm 7** (choose number 7) because:  
- The firm offers a positive profit of 0.27, ensuring an immediate gain.  
- With data sharing and sorted recommendations, this is likely the best option, avoiding additional search costs of 0.02.","C20 Search #1 (Searched:1/10, SearchCost:0.00, BestProfit:0.27@F7) → Purchase F7",0.24,0.031,"[0.18, 0.66, 0.69, 0.48, 0.94, 0.4, 0.64, 0.97, 0.31, 0.42]"
10,10,C1,True,"Yes, because with a low privacy value of 0.026 and 10 firms, personalized recommendations significantly reduce expected search costs, likely outweighing the privacy cost based on past successful outcomes and top consumers' experiences.",1,"### Decision:  
I'll **purchase Firm 1** (choose number 1) because:  
- Firm 1 offers a positive profit of 0.16, ensuring an immediate gain as a rational consumer.  
- With data-shared sorting by highest valuation, it is likely the best option, and additional search costs of 0.02 provide uncertain benefits that do not justify the expense.","C1 Search #1 (Searched:1/10, SearchCost:0.00, BestProfit:0.16@F1) → Purchase F1",0.13,0.026,"[0.61, 0.96, 0.83, 0.14, 0.51, 0.1, 0.35, 0.85, 0.36, 0.17]"
10,10,C2,True,"Yes, because with 10 firms, personalized recommendations are likely to save more than the 0.043 privacy cost by reducing search costs through fewer searches.",0,"### Decision:  
I'll **purchase Firm 0** (choose number 0) because:  
- The firm offers a positive profit of 0.2, ensuring a net gain.  
- Additional searches cost 0.02 and are unlikely to yield higher profit due to personalized recommendations sorting by highest valuation first.","C2 Search #1 (Searched:1/10, SearchCost:0.00, BestProfit:0.20@F0) → Purchase F0",0.16,0.043,"[1.0, 0.24, 0.75, 0.35, 0.82, 0.21, 0.36, 0.72, 0.11, 0.53]"
10,10,C3,True,"Yes, because with 10 firms, personalized recommendations will significantly reduce expected search costs and improve matching, likely exceeding my privacy cost of 0.052 based on past benefits.",1,"### Decision:
I'll **purchase Firm 1** because: 
- Firm 1 offers a positive profit of 0.15, which I must buy given rationality.
- Additional searches cost 0.02 with minimal expected gain due to personalized sorting, making it inefficient.","C3 Search #1 (Searched:1/10, SearchCost:0.00, BestProfit:0.15@F1) → Purchase F1",0.1,0.052,"[0.5, 0.95, 0.23, 0.08, 0.26, 0.89, 0.44, 0.87, 0.75, 0.52]"
10,10,C4,True,"Yes, because with 10 firms, personalized recommendations will likely reduce search costs by more than the 0.038 privacy value, based on past benefits and minimized searches in high-revenue outcomes.",0,"### Decision:  
I'll **purchase Firm 0** because:  
- It offers a positive profit of 0.15, which I must act on per rationality rules.  
- Searching further would cost 0.02 and likely yield lower-valuation firms due to personalized sorting, reducing expected net gain.","C4 Search #1 (Searched:1/10, SearchCost:0.00, BestProfit:0.15@F0) → Purchase F0",0.11,0.038,"[0.95, 0.4, 0.24, 0.16, 0.04, 0.79, 0.9, 0.83, 0.48, 0.29]"
10,10,C5,True,"Yes, because with 10 firms, personalized recommendations significantly reduce expected search costs (potentially to zero after the free first search), outweighing the privacy cost of 0.051 and maximizing revenue based on consistent past benefits.",4,"### Decision:  
I'll **purchase Firm 4** because:  
- It offers a positive profit of 0.12, and as a rational consumer, I won't leave without buying when such an option exists.  
- Searching further would cost 0.02 with low expected gain, given personalized recommendations likely present the best option first.","C5 Search #1 (Searched:1/10, SearchCost:0.00, BestProfit:0.12@F4) → Purchase F4",0.07,0.051,"[0.31, 0.11, 0.69, 0.66, 0.92, 0.78, 0.0, 0.32, 0.19, 0.58]"
10,10,C6,True,"Yes, because with 10 firms, personalized recommendations significantly reduce search costs, likely offsetting the low privacy cost of 0.031 and maximizing revenue based on past positive outcomes.",2,"### Decision:  
I'll **purchase Firm 2** (choose number 2) because:  
- Firm 2 offers a positive profit of 0.12, ensuring a gain as per rationality.  
- With shared data and valuation-sorted recommendations, further searches are unlikely to improve profit, and the 0.02 search cost outweighs potential benefits.","C6 Search #1 (Searched:1/10, SearchCost:0.00, BestProfit:0.12@F2) → Purchase F2",0.09,0.031,"[0.02, 0.38, 0.92, 0.33, 0.75, 0.55, 0.1, 0.7, 0.22, 0.19]"
10,10,C7,True,"Yes, because with 10 firms, personalized recommendations significantly reduce expected search costs and improve valuation matching, easily offsetting the privacy cost of 0.044 based on consistent positive outcomes from past rounds and top consumers' experiences.",4,"### Decision:  
I'll **purchase Firm 4** (choose number 4) because:  
- The firm offers a positive profit of 0.11, making it rational to buy immediately.  
- With data sharing and a sorted search sequence, this is likely the highest-value option, so further searches would incur unnecessary costs without expected improvement.","C7 Search #1 (Searched:1/10, SearchCost:0.00, BestProfit:0.11@F4) → Purchase F4",0.07,0.044,"[0.82, 0.56, 0.08, 0.47, 0.91, 0.01, 0.45, 0.03, 0.22, 0.87]"
10,10,C8,True,"Yes, because with 10 firms, personalized recommendations will significantly reduce expected search costs, likely exceeding the low privacy value of 0.027 and improving overall revenue, consistent with past positive outcomes.",8,"### Decision:  
I'll **purchase Firm 8** because:  
- It offers a positive profit of 0.12, ensuring a net gain.  
- With data-shared recommendations sorting by valuation, additional searches are unlikely to yield substantial improvements relative to the 0.02 search cost.","C8 Search #1 (Searched:1/10, SearchCost:0.00, BestProfit:0.12@F8) → Purchase F8",0.09,0.027,"[0.8, 0.91, 0.7, 0.38, 0.65, 0.26, 0.43, 0.72, 0.92, 0.15]"
10,10,C9,True,"Yes, because with 10 firms, personalized recommendations will significantly reduce expected search costs, likely exceeding the privacy cost of 0.04, based on consistent past benefits and top consumer outcomes.",0,"### Decision:  
I'll **purchase Firm 0** (choose number 0) because:  
- It offers a positive profit of 0.19, ensuring a net gain as required by rationality.  
- Further search costs 0.02 with uncertain and likely minimal benefits due to personalized sorting from highest valuation to lowest.","C9 Search #1 (Searched:1/10, SearchCost:0.00, BestProfit:0.19@F0) → Purchase F0",0.15,0.04,"[0.99, 0.53, 0.38, 0.09, 0.29, 0.3, 0.27, 0.68, 0.87, 0.54]"
10,10,C10,True,"Yes, because with 10 firms, personalized recommendations significantly reduce expected search costs, likely offsetting the 0.054 privacy cost based on consistent past benefits and improved revenue outcomes.",2,"### Decision:  
I'll **purchase Firm 2** (choose number 2) because:  
- Firm 2 offers a positive profit of 0.09, and rationality requires buying when such profit is available.  
- Searching further incurs a cost of 0.02 with likely diminishing returns due to the sorted valuation order from data sharing.","C10 Search #1 (Searched:1/10, SearchCost:0.00, BestProfit:0.09@F2) → Purchase F2",0.04,0.054,"[0.69, 0.04, 0.89, 0.43, 0.08, 0.13, 0.52, 0.45, 0.02, 0.47]"
10,10,C11,True,"Yes, because with 10 firms, personalized recommendations significantly reduce expected search costs, likely exceeding my privacy value of 0.039 based on consistent past benefits and high revenue outcomes.",7,"### Decision:  
I'll **purchase Firm 7** (choose number 7) because:  
- Positive profit of 0.27 is available from the searched firm.  
- Rational to buy immediately to avoid unnecessary additional search costs, given personalized recommendations.","C11 Search #1 (Searched:1/10, SearchCost:0.00, BestProfit:0.27@F7) → Purchase F7",0.23,0.039,"[0.16, 0.33, 0.38, 0.0, 0.72, 0.13, 0.81, 0.97, 0.86, 0.63]"
10,10,C12,True,"Yes, because with 10 firms, personalized recommendations will significantly reduce search costs and improve matching, easily offsetting the 0.03 privacy cost based on past benefits and consistent high revenue.",6,"### Decision:  
I'll **purchase Firm 6** (choose number 6) because:  
- The firm offers a positive profit of 0.13, which I can realize immediately with no additional cost.  
- Searching another firm costs 0.02 and is likely inefficient due to diminishing returns from sorted recommendations with decreasing valuation.","C12 Search #1 (Searched:1/10, SearchCost:0.00, BestProfit:0.13@F6) → Purchase F6",0.1,0.03,"[0.07, 0.43, 0.01, 0.21, 0.22, 0.26, 0.93, 0.2, 0.86, 0.47]"
10,10,C13,True,"Yes, because with 10 firms, personalized recommendations significantly reduce expected search costs, likely exceeding the privacy cost of 0.034 and improving revenue, as supported by consistent past benefits and high-revenue outcomes from sharing data.",3,"### Decision:  
I'll **purchase Firm 3** (choose number 3) because:  
- It offers a positive profit of 0.2, ensuring an immediate gain.  
- With sorted recommendations from data sharing, further searches are unlikely to yield a better deal and would incur a search cost of 0.02, reducing net revenue.","C13 Search #1 (Searched:1/10, SearchCost:0.00, BestProfit:0.20@F3) → Purchase F3",0.17,0.034,"[0.33, 0.29, 0.16, 1.0, 0.39, 0.05, 0.95, 0.69, 0.01, 0.23]"
10,10,C14,True,"Yes, because with 10 firms, personalized recommendations will likely reduce search costs significantly, exceeding my privacy value of 0.051 based on consistent past benefits and positive revenue outcomes.",7,"### Decision:
I'll **purchase Firm 7** because: 
- Positive profit of 0.22 ensures immediate gain with no additional cost.
- Personalized sorting from data sharing makes further search unlikely to yield better profit, avoiding unnecessary search expense of 0.02.","C14 Search #1 (Searched:1/10, SearchCost:0.00, BestProfit:0.22@F7) → Purchase F7",0.17,0.051,"[0.49, 0.44, 0.4, 0.38, 0.37, 0.01, 0.25, 0.92, 0.54, 0.28]"
10,10,C15,True,"Yes, because with 10 firms, personalized recommendations significantly reduce expected search costs, likely exceeding my privacy value of 0.043, based on consistent past benefits and maximized revenue.",5,"### Decision:  
I'll **purchase Firm 5** because:  
- It offers a positive profit of 0.2, ensuring a net gain with no further costs.  
- With personalized sorting from data sharing, additional searches are unlikely to improve the deal, avoiding inefficiency.","C15 Search #1 (Searched:1/10, SearchCost:0.00, BestProfit:0.20@F5) → Purchase F5",0.16,0.043,"[0.71, 0.05, 0.35, 0.98, 0.59, 1.0, 0.64, 0.81, 0.48, 0.71]"
10,10,C16,True,"Yes, because with 10 firms, personalized recommendations will likely reduce search costs by more than the 0.04 privacy value, based on past high-revenue outcomes and minimal search needs.",9,"### Decision:  
I'll **purchase Firm 9** because:  
- The firm offers a positive profit of 0.12, which I must act on rationally as per my consumer behavior.  
- Further search costs 0.02 and is unlikely to improve profit significantly due to personalized sorting by high to low valuation, potentially yielding diminishing returns.","C16 Search #1 (Searched:1/10, SearchCost:0.00, BestProfit:0.12@F9) → Purchase F9",0.08,0.04,"[0.77, 0.5, 0.02, 0.66, 0.17, 0.25, 0.1, 0.86, 0.12, 0.92]"
10,10,C17,True,"Yes, because with 10 firms, personalized recommendations significantly reduce expected search costs, likely exceeding the privacy cost of 0.028, as supported by my past positive outcomes and top consumers' high revenues from sharing data.",7,"### Decision:  
I'll **purchase Firm 7** (choose number 7) because:  
- It offers a positive profit of 0.02, which must be accepted per rationality rule.  
- Searching another firm costs 0.02 with uncertain gain, risking net loss.","C17 Search #1 (Searched:1/10, SearchCost:0.00, BestProfit:0.02@F7) → Purchase F7",-0.01,0.028,"[0.33, 0.67, 0.04, 0.23, 0.71, 0.58, 0.18, 0.72, 0.56, 0.22]"
10,10,C18,True,"Yes, because with 10 firms, personalized recommendations significantly reduce expected search costs, likely offsetting the low privacy cost of 0.033 based on consistent past benefits and maximized revenue.",8,"### Decision:  
I'll **purchase Firm 8** (choose number 8) because:  
- It offers a positive profit of 0.17.  
- With personalized recommendations sorting by highest valuation, additional searches are unlikely to improve profit enough to offset the 0.02 search cost.","C18 Search #1 (Searched:1/10, SearchCost:0.00, BestProfit:0.17@F8) → Purchase F8",0.14,0.033,"[0.92, 0.63, 0.87, 0.02, 0.46, 0.85, 0.77, 0.38, 0.97, 0.89]"
10,10,C19,True,"Yes, because with 10 firms, personalized recommendations significantly reduce expected search costs (likely saving more than 0.04 by minimizing searches beyond the free first one), outweighing the privacy cost and improving overall revenue based on consistent past benefits.",6,"### Decision:
I'll **purchase Firm 6** because: 
- Positive profit of 0.18 ensures immediate gain with no additional costs.
- Searching another firm costs 0.02 with low likelihood of improvement due to personalized sorting by valuation.","C19 Search #1 (Searched:1/10, SearchCost:0.00, BestProfit:0.18@F6) → Purchase F6",0.14,0.04,"[0.1, 0.14, 0.5, 0.8, 0.71, 0.77, 0.98, 0.05, 0.85, 0.86]"
10,10,C20,True,"Yes, because with 10 firms, personalized recommendations will significantly reduce expected search costs, easily offsetting my low privacy value of 0.031 based on consistent past benefits and high revenue outcomes.",7,"### Decision:  
I'll **purchase Firm 7** (choose number 7) because:  
- The firm offers a positive profit of 0.27, ensuring an immediate gain.  
- With data sharing and sorted recommendations, it is likely the best option, avoiding additional search costs of 0.02.","C20 Search #1 (Searched:1/10, SearchCost:0.00, BestProfit:0.27@F7) → Purchase F7",0.24,0.031,"[0.18, 0.66, 0.69, 0.48, 0.94, 0.4, 0.64, 0.97, 0.31, 0.42]"
