firm_num,round,consumer_id,share,share_reason,final_choice,final_reason,decision_sequence,total_revenue,Privacy_Cost,Valuations
4,1,C1,True,"Yes, because with 4 firms, personalized recommendations will likely reduce search costs by more than the privacy value of 0.036.",2,"### Decision:
I'll **purchase Firm 2** (choose number 2) because: 
- It offers a positive profit of 0.35, ensuring immediate gain.
- Personalized recommendations sort products highest to lowest value, making further searches unlikely to improve the deal.","C1 Search #1 (Searched:1/4, SearchCost:0.00, BestProfit:0.35@F2) → Purchase F2",0.31,0.036,"[0.31, 0.45, 0.95, 0.59]"
4,1,C2,True,"Yes, because with 4 firms, personalized recommendations can significantly reduce expected search costs, likely exceeding the privacy value of 0.025, making the trade-off worthwhile for maximizing total revenue.",3,"### Decision:
I'll **purchase Firm 3** because: 
- It offers a positive profit of 0.37, ensuring immediate gain.
- Additional search costs 0.02 and is unlikely to improve profit significantly due to valuation-sorted recommendations.","C2 Search #1 (Searched:1/4, SearchCost:0.00, BestProfit:0.37@F3) → Purchase F3",0.34,0.025,"[0.27, 0.29, 0.02, 0.97]"
4,1,C3,True,"Yes, because the potential reduction in search cost from personalized recommendations with 4 firms is likely greater than my privacy value of 0.034, leading to higher total revenue.",2,"### Decision:
I'll **purchase Firm 2** (choose number 2) because: 
- The firm offers a positive profit of 0.26.
- With data-shared personalized recommendations sorted by highest valuation, additional searches are unlikely to improve profit significantly, and the 0.02 search cost outweighs potential gains.","C3 Search #1 (Searched:1/4, SearchCost:0.00, BestProfit:0.26@F2) → Purchase F2",0.23,0.034,"[0.01, 0.7, 0.86, 0.78]"
4,1,C4,True,"Yes, because the personalized recommendations with 4 firms are likely to significantly reduce search costs (potentially saving more than the 0.032 privacy value) by minimizing the number of paid searches needed.",2,"### Decision:
I'll **purchase Firm 2** because: 
- The firm offers a positive profit of 0.06, ensuring a net gain after accounting for costs.
- Searching further would incur a 0.02 cost with likely lower or no additional profit, reducing overall revenue.","C4 Search #1 (Searched:1/4, SearchCost:0.00, BestProfit:0.06@F2) → Purchase F2",0.03,0.032,"[0.32, 0.59, 0.66, 0.53]"
4,1,C5,True,"Yes, because the potential reduction in search cost from personalized recommendations with 4 firms likely exceeds the privacy cost of 0.027, improving overall revenue.",1,"### Decision:
I'll **purchase Firm 1** (choose number 1) because: 
- The firm offers a positive profit of 0.31 with no additional search cost needed.
- Searching another firm may yield lower profit due to decreasing valuations, and the 0.02 search cost risks reducing net revenue.","C5 Search #1 (Searched:1/4, SearchCost:0.00, BestProfit:0.31@F1) → Purchase F1",0.28,0.027,"[0.33, 0.91, 0.28, 0.69]"
4,1,C6,True,"Yes, because with 4 firms, personalized recommendations will reduce search costs and improve product selection, likely offsetting the privacy cost of 0.032.",2,"### Decision:  
I'll **purchase Firm 2** because:  
- It offers a positive profit of 0.31, ensuring a net gain.  
- Additional search costs 0.02 with likely diminishing returns due to sorted valuations.","C6 Search #1 (Searched:1/4, SearchCost:0.00, BestProfit:0.31@F2) → Purchase F2",0.28,0.032,"[0.72, 0.36, 0.91, 0.66]"
4,1,C7,True,"Yes, because with 4 firms, personalized recommendations will likely reduce search costs significantly, offsetting the privacy cost of 0.042.",1,"### Decision:
I'll **purchase Firm 1** (choose number 1) because: 
- Firm 1 offers positive profit of 0.08, ensuring a gain.
- Searching further costs 0.02 with uncertain improvement, given valuation sorting.","C7 Search #1 (Searched:1/4, SearchCost:0.00, BestProfit:0.08@F1) → Purchase F1",0.04,0.042,"[0.41, 0.68, 0.43, 0.66]"
4,1,C8,True,"Yes, because with 4 firms, personalized recommendations can significantly reduce expected search costs by optimizing the search sequence, likely exceeding the privacy cost of 0.033.",0,"### Decision:
I'll **purchase Firm 0** (choose number 0) because: 
- The firm offers a positive profit of 0.17, ensuring a net gain after accounting for costs.
- Further searching costs 0.02 with no guaranteed improvement, given the personalized sorting and current good deal.","C8 Search #1 (Searched:1/4, SearchCost:0.00, BestProfit:0.17@F0) → Purchase F0",0.14,0.033,"[0.72, 0.28, 0.61, 0.49]"
4,1,C9,True,"Yes, because with 4 firms, personalized recommendations significantly reduce expected search costs, likely exceeding the privacy cost of 0.053.",-1,"### Decision:
I'll **leave** (choose number -1) because: 
- The first firm, with the highest valuation due to data sharing, offers negative profit (-0.06), suggesting other firms are unlikely to yield positive profit.
- Searching further costs 0.02 with low expected gain, risking unnecessary loss while maximizing revenue by avoiding additional costs.","C9 Search #1 (Searched:1/4, SearchCost:0.00, BestProfit:-0.06@F3) → Leave Market",-0.05,0.053,"[0.09, 0.22, 0.21, 0.54]"
4,1,C10,True,"Yes, because with 4 firms, personalized recommendations can significantly reduce search costs, likely exceeding my privacy value of 0.031.",0,"### Decision:
I'll **purchase Firm 0** (choose number 0) because: 
- I have a positive profit of 0.33 from the searched firm.
- Additional search costs 0.02 and is unlikely to yield a better deal given the sorted valuation order.","C10 Search #1 (Searched:1/4, SearchCost:0.00, BestProfit:0.33@F0) → Purchase F0",0.3,0.031,"[0.88, 0.3, 0.55, 0.06]"
4,1,C11,True,"Yes, because sharing data significantly reduces search costs and improves product matching, leading to higher expected net revenue that outweighs the privacy cost of 0.042.",3,"### Decision:
I'll **purchase Firm 3** because: 
- Firm 3 offers a positive profit of 0.3, ensuring immediate gain.
- Searching further costs 0.02 with uncertain benefits, and rationality dictates buying when positive profit is available.","C11 Search #1 (Searched:1/4, SearchCost:0.00, BestProfit:0.30@F3) → Purchase F3",0.26,0.042,"[0.88, 0.09, 0.46, 0.9]"
4,1,C12,True,"Yes, because the low privacy cost of 0.027 is outweighed by the potential significant reduction in search costs through personalized recommendations with 4 firms.",2,"### Decision:
I'll **purchase Firm 2** because: 
- The firm offers a positive profit of 0.38, and as a rational consumer, I won't leave without buying when such an option exists.
- Searching further incurs a search cost of 0.02 with uncertain benefits, as the next firm may not offer a better deal given the personalized sorting by valuation.","C12 Search #1 (Searched:1/4, SearchCost:0.00, BestProfit:0.38@F2) → Purchase F2",0.35,0.027,"[0.95, 0.19, 0.98, 0.08]"
4,1,C13,True,"Yes, because with 4 firms, personalized recommendations can significantly reduce search costs by minimizing the number of searches needed, potentially saving more than the privacy cost of 0.031.",2,"### Decision: I'll **purchase Firm 2** (choose number 2) because: 
- The firm offers a positive profit of 0.29, ensuring immediate gain.
- Additional search costs 0.02 and may not yield a better offer given sorted valuations.","C13 Search #1 (Searched:1/4, SearchCost:0.00, BestProfit:0.29@F2) → Purchase F2",0.26,0.031,"[0.88, 0.72, 0.89, 0.82]"
4,1,C14,True,"Yes.

**Reasoning Chain:**  
As a consumer with a privacy value of 0.049, I must weigh the privacy cost against the benefits of sharing data. Sharing data provides personalized recommendations that sort products by my valuation, reducing search costs and potentially increasing the valuation-minus-price surplus due to better product matches. With 4 firms—the maximum number—recommendations are highly valuable, likely reducing expected search costs significantly (e.g., from a worst-case 0.06 without sharing to lower with sharing). Given the first search is free and subsequent searches cost 0.02 each, the expected savings in search costs and improved match quality probably exceed the privacy cost of 0.049, maximizing total revenue. Thus, sharing data is beneficial.",2,"### Decision:
I'll **purchase Firm 2** (choose number 2) because: 
- The firm offers a positive profit of 0.25, ensuring net revenue after privacy cost.
- As a rational consumer, I won't leave without buying when a positive profit option exists, avoiding unnecessary search costs.","C14 Search #1 (Searched:1/4, SearchCost:0.00, BestProfit:0.25@F2) → Purchase F2",0.2,0.049,"[0.74, 0.75, 0.85, 0.24]"
4,1,C15,True,"Yes, because with 4 firms, personalized recommendations will significantly reduce expected search costs, likely exceeding the privacy cost of 0.05.",0,"### Decision:
I'll **purchase Firm 0** because: 
- The firm offers a positive profit of 0.26, ensuring immediate gain.
- Searching more would cost 0.02 with uncertain benefits, likely not worth the expense given the sorted recommendations.","C15 Search #1 (Searched:1/4, SearchCost:0.00, BestProfit:0.26@F0) → Purchase F0",0.21,0.05,"[0.81, 0.16, 0.62, 0.26]"
4,1,C16,True,"Yes, because with 4 firms, personalized recommendations can significantly reduce search costs (potentially saving up to 0.06), which exceeds the privacy cost of 0.052, maximizing expected revenue.",-1,"### Decision:
I'll **leave** (choose number -1) because: 
- Both searched firms have negative profits, indicating no gain from purchasing.
- Further searches would increase costs with low likelihood of finding a profitable option, given the sorted valuation order.","C16 Search #1 (Searched:1/4, SearchCost:0.00, BestProfit:-0.21@F0) → Search Next; C16 Search #2 (Searched:2/4, SearchCost:0.02, BestProfit:-0.21@F0) → Leave Market",-0.07,0.052,"[0.34, 0.33, 0.08, 0.24]"
4,1,C17,True,"Yes, because with 4 firms, personalized recommendations are highly valuable, likely reducing search costs significantly (e.g., from a worst-case 0.06 to less), and this expected savings exceeds the privacy cost of 0.026.",0,"### Decision:
I'll **purchase Firm 0** (choose number 0) because: 
- The firm offers a positive profit of 0.33, ensuring a net gain after accounting for search cost and privacy value.
- Further searching would incur a cost of 0.02 with likely diminishing returns, given the personalized sorting.","C17 Search #1 (Searched:1/4, SearchCost:0.00, BestProfit:0.33@F0) → Purchase F0",0.3,0.026,"[0.88, 0.01, 0.48, 0.58]"
4,1,C18,True,"Yes, because the expected reduction in search cost from personalized recommendations with 4 firms likely exceeds the privacy cost of 0.048, leading to higher total revenue.",-1,"### Decision:
I'll **leave** (choose number -1) because: 
- The searched firm offers zero profit, providing no gain. 
- Further searches incur a cost of 0.02 with likely diminishing returns, as the highest-valuation firm already yields no profit.","C18 Search #1 (Searched:1/4, SearchCost:0.00, BestProfit:0.00@F2) → Leave Market",-0.05,0.048,"[0.28, 0.27, 0.6, 0.44]"
4,1,C19,True,"Yes, because with 4 firms, personalized recommendations significantly reduce expected search costs, likely exceeding the privacy value of 0.043.",1,"### Decision:  
I'll **purchase Firm 1** because:  
- The firm offers a positive profit of 0.16 with no additional search cost needed.  
- Searching further risks incurring a 0.02 cost with likely diminishing returns, as the sequence is sorted by highest valuation.","C19 Search #1 (Searched:1/4, SearchCost:0.00, BestProfit:0.16@F1) → Purchase F1",0.12,0.043,"[0.75, 0.76, 0.21, 0.45]"
4,1,C20,True,"Yes, because with 4 firms, personalized recommendations can significantly reduce search costs, likely saving more than the privacy cost of 0.041.",1,"### Decision:
I'll **purchase Firm 1** (choose number 1) because: 
- The firm offers a positive profit of 0.14, which I can realize immediately.
- Further search costs 0.02 with uncertain benefits, as subsequent firms may have lower profits due to sorted valuation order.","C20 Search #1 (Searched:1/4, SearchCost:0.00, BestProfit:0.14@F1) → Purchase F1",0.1,0.041,"[0.64, 0.74, 0.67, 0.33]"
4,2,C1,True,"Yes, because with 4 firms, personalized recommendations are likely to reduce search costs by more than the privacy value of 0.036, maximizing expected total revenue.",2,"### Decision:
I'll **purchase Firm 2** (choose number 2) because: 
- It offers a positive profit of 0.30, ensuring an immediate gain.
- Personalized recommendations sort by highest valuation, making further searches unlikely to improve the deal.","C1 Search #1 (Searched:1/4, SearchCost:0.00, BestProfit:0.30@F2) → Purchase F2",0.26,0.036,"[0.31, 0.45, 0.95, 0.59]"
4,2,C2,True,"Yes, because with 4 firms, personalized recommendations will likely reduce search costs by more than the privacy value of 0.025, maximizing total revenue.",3,"### Decision:
I'll **purchase Firm 3** because: 
- It provides a positive profit of 0.27, ensuring a gain.
- Searching further costs 0.02 and is unlikely to improve profit significantly with sorted recommendations.","C2 Search #1 (Searched:1/4, SearchCost:0.00, BestProfit:0.27@F3) → Purchase F3",0.25,0.025,"[0.27, 0.29, 0.02, 0.97]"
4,2,C3,True,"Yes, because with 4 firms, personalized recommendations likely reduce search costs by more than my privacy value of 0.034, maximizing total revenue.",2,"### Decision:
I'll **purchase Firm 2** (choose number 2) because: 
- Firm 2 offers a positive profit of 0.21.
- With data-shared personalized recommendations sorted by highest valuation, additional searches are unlikely to yield significantly better profits, and the 0.02 search cost outweighs potential gains.","C3 Search #1 (Searched:1/4, SearchCost:0.00, BestProfit:0.21@F2) → Purchase F2",0.18,0.034,"[0.01, 0.7, 0.86, 0.78]"
4,2,C4,True,"Yes, because with 4 firms, personalized recommendations will likely reduce search costs by more than the 0.032 privacy value, maximizing expected revenue based on historical benefits from similar decisions.",2,"### Decision:
I'll **purchase Firm 2** because: 
- It offers a positive profit of 0.01, maximizing current revenue. 
- Searching another firm costs 0.02 and is unlikely to improve profit given the sorted recommendations.","C4 Search #1 (Searched:1/4, SearchCost:0.00, BestProfit:0.01@F2) → Purchase F2",-0.02,0.032,"[0.32, 0.59, 0.66, 0.53]"
4,2,C5,True,"Yes, because with 4 firms, personalized recommendations will likely reduce search costs by more than the low privacy value of 0.027, improving overall revenue based on past experiences and the trade-off analysis.",1,"### Decision:  
I'll **purchase Firm 1** (choose number 1) because:  
- It offers a positive profit of 0.21 with no additional search cost.  
- Searching another firm costs 0.02 and is unlikely to improve profit due to decreasing valuations in the sorted sequence.","C5 Search #1 (Searched:1/4, SearchCost:0.00, BestProfit:0.21@F1) → Purchase F1",0.18,0.027,"[0.33, 0.91, 0.28, 0.69]"
4,2,C6,True,"Yes, because with 4 firms, personalized recommendations will likely reduce search costs by more than the privacy value of 0.032, maximizing total revenue as shown in past decisions.",2,"### Decision:
I'll **purchase Firm 2** because: 
- It offers a positive profit of 0.26, ensuring a net gain.
- With personalized recommendations sorting by valuation, further search is unlikely to yield better profit and would incur a search cost of 0.02.","C6 Search #1 (Searched:1/4, SearchCost:0.00, BestProfit:0.26@F2) → Purchase F2",0.23,0.032,"[0.72, 0.36, 0.91, 0.66]"
4,2,C7,True,"Yes, because with 4 firms, personalized recommendations will likely reduce search costs and improve product matching, outweighing the privacy cost of 0.042.",-1,"### Decision:  
I'll **leave** (choose number -1) because:  
- The only searched firm has negative profit (-0.02), offering no gain.  
- Searching further costs 0.02 with likely diminishing returns due to sorted valuations, risking additional losses.","C7 Search #1 (Searched:1/4, SearchCost:0.00, BestProfit:-0.02@F1) → Leave Market",-0.04,0.042,"[0.41, 0.68, 0.43, 0.66]"
4,2,C8,True,"Yes, because with 4 firms, personalized recommendations can significantly reduce search costs and improve product matching, likely outweighing the privacy cost of 0.033.",0,"### Decision:
I'll **purchase Firm 0** (choose number 0) because: 
- It offers a positive profit of 0.12, ensuring a net gain.
- Further searching costs 0.02 with no guaranteed improvement due to personalized sorting.","C8 Search #1 (Searched:1/4, SearchCost:0.00, BestProfit:0.12@F0) → Purchase F0",0.09,0.033,"[0.72, 0.28, 0.61, 0.49]"
4,2,C9,True,"Yes, because with 4 firms, personalized recommendations significantly reduce expected search costs, likely outweighing the privacy value of 0.053 and improving total revenue potential.",-1,"### Decision:
I'll **leave** (choose number -1) because: 
- The firm with the highest valuation (0.54) offers negative profit (-0.16), making positive profits from others unlikely.
- Searching further costs 0.02 with low expected gain, increasing potential loss unnecessarily.","C9 Search #1 (Searched:1/4, SearchCost:0.00, BestProfit:-0.16@F3) → Leave Market",-0.05,0.053,"[0.09, 0.22, 0.21, 0.54]"
4,2,C10,True,"Yes, because with 4 firms, personalized recommendations will likely reduce search costs by more than my privacy value of 0.031, maximizing total revenue.",0,"### Decision:
I'll **purchase Firm 0** (choose number 0) because: 
- The current profit of 0.28 is positive, ensuring a good deal.
- Searching another firm costs 0.02 and is unlikely to yield a better profit given the valuation-sorted recommendations.","C10 Search #1 (Searched:1/4, SearchCost:0.00, BestProfit:0.28@F0) → Purchase F0",0.25,0.031,"[0.88, 0.3, 0.55, 0.06]"
4,2,C11,True,"Yes, because with 4 firms, personalized recommendations significantly reduce expected search costs by sorting products by valuation, likely saving more than the privacy cost of 0.042 and improving net revenue.",3,"### Decision:
I'll **purchase Firm 3** because: 
- Firm 3 offers a positive profit of 0.2, ensuring a gain.
- Searching further costs 0.02 with low expected improvement due to personalized sorting.","C11 Search #1 (Searched:1/4, SearchCost:0.00, BestProfit:0.20@F3) → Purchase F3",0.16,0.042,"[0.88, 0.09, 0.46, 0.9]"
4,2,C12,True,"Yes, because the privacy cost of 0.027 is low and likely outweighed by the significant reduction in search costs through personalized recommendations with 4 firms, as evidenced by high-revenue consumers in the history who shared data and minimized searches.",2,"### Decision:
I'll **purchase Firm 2** because: 
- The firm offers a positive profit of 0.33, and as a rational consumer, I won't leave without buying when such an option exists.
- Searching further incurs a search cost of 0.02 with uncertain benefits, as the next firm, with lower valuation due to sorted recommendations, is unlikely to yield a significantly better profit to justify the cost.","C12 Search #1 (Searched:1/4, SearchCost:0.00, BestProfit:0.33@F2) → Purchase F2",0.3,0.027,"[0.95, 0.19, 0.98, 0.08]"
4,2,C13,True,"Yes, because the potential reduction in search costs from personalized recommendations with 4 firms likely exceeds the privacy cost of 0.031, making it worthwhile to maximize total revenue.",2,"### Decision:
I'll **purchase Firm 2** (choose number 2) because: 
- The firm offers a positive profit of 0.24, ensuring immediate gain.
- Searching another firm costs 0.02 and is unlikely to yield a better offer given sorted valuations from personalized recommendations.","C13 Search #1 (Searched:1/4, SearchCost:0.00, BestProfit:0.24@F2) → Purchase F2",0.21,0.031,"[0.88, 0.72, 0.89, 0.82]"
4,2,C14,True,"Yes, because with 4 firms, personalized recommendations will likely reduce search costs significantly, outweighing the privacy cost of 0.049 and maximizing total revenue.",2,"### Decision:
I'll **purchase Firm 2** (choose number 2) because: 
- The firm offers a positive profit of 0.20, ensuring net revenue.
- As a rational consumer, with personalized search sorting, this is likely the best option, and further searching would incur unnecessary costs.","C14 Search #1 (Searched:1/4, SearchCost:0.00, BestProfit:0.20@F2) → Purchase F2",0.15,0.049,"[0.74, 0.75, 0.85, 0.24]"
4,2,C15,True,"Yes, because with 4 firms, personalized recommendations will likely reduce search costs by more than the privacy value of 0.05, maximizing total revenue.",0,"### Decision:
I'll **purchase Firm 0** because: 
- The firm offers a positive profit of 0.21, providing immediate gain.
- With personalized recommendations, additional searches are unlikely to yield better profits, and the 0.02 search cost outweighs potential benefits.","C15 Search #1 (Searched:1/4, SearchCost:0.00, BestProfit:0.21@F0) → Purchase F0",0.16,0.05,"[0.81, 0.16, 0.62, 0.26]"
4,2,C16,True,"Yes, because with 4 firms, personalized recommendations can significantly reduce expected search costs and improve product matching, likely outweighing the privacy value of 0.052 and maximizing total revenue.",-1,"### Decision:
I'll **leave** (choose number -1) because: 
- Both searched firms have negative profits (-0.26 and -0.37), offering no gain from purchasing.
- With data-shared sorting by valuation, remaining firms have lower valuations than 0.34 and 0.33, making positive profit unlikely and justifying avoiding additional 0.02 search cost.","C16 Search #1 (Searched:1/4, SearchCost:0.00, BestProfit:-0.26@F0) → Search Next; C16 Search #2 (Searched:2/4, SearchCost:0.02, BestProfit:-0.26@F0) → Leave Market",-0.07,0.052,"[0.34, 0.33, 0.08, 0.24]"
4,2,C17,True,"Yes, because the low privacy cost of 0.026 is outweighed by the significant expected reduction in search costs and improved product selection through personalized recommendations with 4 firms.",0,"### Decision:
I'll **purchase Firm 0** (choose number 0) because: 
- The firm provides a positive profit of 0.28, guaranteeing a net gain after accounting for costs.
- Additional searching costs 0.02 with low expected improvement due to personalized sorting, making it unlikely to justify the expense.","C17 Search #1 (Searched:1/4, SearchCost:0.00, BestProfit:0.28@F0) → Purchase F0",0.25,0.026,"[0.88, 0.01, 0.48, 0.58]"
4,2,C18,True,"Yes, because with 4 firms, personalized recommendations can significantly reduce expected search costs, likely exceeding the privacy value of 0.048, thereby increasing total revenue potential.",-1,"### Decision:  
I'll **leave** (choose number -1) because:  
- The searched firm has negative profit (-0.05), offering no gain.  
- Searching another firm costs 0.02 with uncertain benefits, and given the sorted decreasing valuations, expected future profits are likely low or negative, risking further losses.","C18 Search #1 (Searched:1/4, SearchCost:0.00, BestProfit:-0.05@F2) → Leave Market",-0.05,0.048,"[0.28, 0.27, 0.6, 0.44]"
4,2,C19,True,"Yes, because with 4 firms, personalized recommendations significantly reduce expected search costs, likely exceeding the privacy value of 0.043, thereby maximizing total revenue.",1,"### Decision:  
I'll **purchase Firm 1** because:  
- The firm provides a positive profit of 0.06, ensuring a net gain without further costs.  
- Searching another firm costs 0.02 and is unlikely to yield a better profit due to the sorted recommendation order reducing expected benefits.","C19 Search #1 (Searched:1/4, SearchCost:0.00, BestProfit:0.06@F1) → Purchase F1",0.02,0.043,"[0.75, 0.76, 0.21, 0.45]"
4,2,C20,True,"Yes, because with 4 firms, personalized recommendations can reduce search costs and improve product matching, likely saving more than the privacy cost of 0.041.",1,"### Decision:
I'll **purchase Firm 1** (choose number 1) because: 
- The firm offers a positive profit of 0.04, ensuring I don't leave without buying.
- Searching another firm costs 0.02 with likely diminishing returns due to decreasing valuations.","C20 Search #1 (Searched:1/4, SearchCost:0.00, BestProfit:0.04@F1) → Purchase F1",0.0,0.041,"[0.64, 0.74, 0.67, 0.33]"
4,3,C1,True,"Yes, because personalized recommendations with 4 firms will likely reduce search costs by more than the privacy value of 0.036, maximizing expected revenue.",2,"### Decision:
I'll **purchase Firm 2** (choose number 2) because: 
- It offers a positive profit of 0.25, ensuring an immediate gain.
- With personalized recommendations sorting by highest valuation, further searches are unlikely to yield a better profit, and the search cost of 0.02 outweighs the uncertain benefit.","C1 Search #1 (Searched:1/4, SearchCost:0.00, BestProfit:0.25@F2) → Purchase F2",0.21,0.036,"[0.31, 0.45, 0.95, 0.59]"
4,3,C2,True,"Yes, because with 4 firms, personalized recommendations significantly reduce expected search costs, likely exceeding the privacy value of 0.025, thereby maximizing total revenue as evidenced by high-revenue consumers in history who benefited from minimal searches after sharing data.",3,"### Decision:
I'll **purchase Firm 3** because: 
- It provides a positive profit of 0.22, guaranteeing a gain.
- Further search costs 0.02 and is unlikely to yield a better option due to valuation-sorted recommendations.","C2 Search #1 (Searched:1/4, SearchCost:0.00, BestProfit:0.22@F3) → Purchase F3",0.19,0.025,"[0.27, 0.29, 0.02, 0.97]"
4,3,C3,True,"Yes, because with 4 firms, personalized recommendations significantly reduce search costs by minimizing the number of searches needed, likely offsetting the privacy cost of 0.034 and potentially increasing product valuation, as shown in historical data where data-sharing led to higher revenues with minimal searches.",2,"### Decision:
I'll **purchase Firm 2** (choose number 2) because: 
- It offers a positive profit of 0.16.
- With data-shared personalized recommendations sorted by highest valuation, additional searches are unlikely to yield better profits, and the 0.02 search cost outweighs potential gains.","C3 Search #1 (Searched:1/4, SearchCost:0.00, BestProfit:0.16@F2) → Purchase F2",0.13,0.034,"[0.01, 0.7, 0.86, 0.78]"
4,3,C4,True,"Yes, because the privacy cost of 0.032 is likely outweighed by the significant reduction in expected search costs (e.g., avoiding multiple searches costing up to 0.06 without recommendations) and the potential for higher consumer surplus from sorted recommendations with 4 firms, as evidenced by positive revenues in similar historical decisions.",-1,"### Decision:  
I'll **leave** (choose number -1) because:  
- The only searched firm has negative profit (-0.04), so purchasing would reduce revenue.  
- Searching another firm costs 0.02 with low expected gain due to sorted recommendations, risking further losses.","C4 Search #1 (Searched:1/4, SearchCost:0.00, BestProfit:-0.04@F2) → Leave Market",-0.03,0.032,"[0.32, 0.59, 0.66, 0.53]"
4,3,C5,True,"Yes, because the privacy cost of 0.027 is low and personalized recommendations with 4 firms will likely reduce search costs more than this amount, based on past experiences and the potential for better deals with fewer searches.",1,"### Decision:  
I'll **purchase Firm 1** (choose number 1) because:  
- It offers a positive profit of 0.26 with no additional search cost.  
- Searching another firm may yield lower profit due to decreasing valuations and would incur a 0.02 cost, risking reduced revenue.","C5 Search #1 (Searched:1/4, SearchCost:0.00, BestProfit:0.26@F1) → Purchase F1",0.23,0.027,"[0.33, 0.91, 0.28, 0.69]"
4,3,C6,True,"Yes, because the privacy cost of 0.032 is low and likely outweighed by significant search cost savings from personalized recommendations with 4 firms, as shown in past high-revenue decisions.",2,"### Decision:  
I'll **purchase Firm 2** because:  
- It offers a positive profit of 0.21, ensuring a net gain.  
- Searching another firm costs 0.02 and is unlikely to yield a better deal due to personalized sorting by valuation, with diminishing potential returns.","C6 Search #1 (Searched:1/4, SearchCost:0.00, BestProfit:0.21@F2) → Purchase F2",0.18,0.032,"[0.72, 0.36, 0.91, 0.66]"
4,3,C7,True,"Yes, because with 4 firms, personalized recommendations will significantly reduce search costs, likely outweighing the privacy cost of 0.042, as shown by high-revenue consumers who benefited from minimal searches.",1,"### Decision:  
I'll **purchase Firm 1** (choose number 1) because:  
- It offers a positive profit of 0.03, which is rational to accept given the sunk privacy cost.  
- Searching further risks higher costs with diminishing returns, as the first firm is likely the best due to sorted recommendations.","C7 Search #1 (Searched:1/4, SearchCost:0.00, BestProfit:0.03@F1) → Purchase F1",-0.01,0.042,"[0.41, 0.68, 0.43, 0.66]"
4,3,C8,True,"Yes, because the privacy cost of 0.033 is low and likely outweighed by the significant reduction in search costs through personalized recommendations with 4 firms, as supported by historical high-revenue outcomes.",0,"### Decision:
I'll **purchase Firm 0** (choose number 0) because: 
- The firm offers a positive profit of 0.07, ensuring a net gain.
- Further searching costs 0.02 with no guaranteed improvement, given personalized sorting by valuation.","C8 Search #1 (Searched:1/4, SearchCost:0.00, BestProfit:0.07@F0) → Purchase F0",0.04,0.033,"[0.72, 0.28, 0.61, 0.49]"
4,3,C9,True,"Yes, because with 4 firms, personalized recommendations will likely reduce search costs more than the privacy cost of 0.053, as seen in high-revenue consumers who benefited from sharing.",-1,"### Decision:
I'll **leave** (choose number -1) because: 
- The best firm (highest valuation) yields negative profit (-0.21), making positive profits unlikely from others.
- Searching costs 0.02 with low expected gain, risking unnecessary loss.","C9 Search #1 (Searched:1/4, SearchCost:0.00, BestProfit:-0.21@F3) → Leave Market",-0.05,0.053,"[0.09, 0.22, 0.21, 0.54]"
4,3,C10,True,"Yes, because with 4 firms, personalized recommendations significantly reduce search costs, likely exceeding the privacy cost of 0.031, as shown by my past high revenues and top consumers' decisions.",0,"### Decision:  
I'll **purchase Firm 0** (choose number 0) because:  
- The current profit of 0.23 is positive, making it rational to buy immediately.  
- Searching another firm costs 0.02 and is unlikely to yield a better profit, given the valuation-sorted recommendations.","C10 Search #1 (Searched:1/4, SearchCost:0.00, BestProfit:0.23@F0) → Purchase F0",0.2,0.031,"[0.88, 0.3, 0.55, 0.06]"
4,3,C11,True,"Yes, because sharing data with 4 firms provides personalized recommendations that significantly reduce expected search costs, likely exceeding the privacy cost of 0.042 and improving net revenue, as shown in past decisions and top consumers' strategies.",3,"### Decision:
I'll **purchase Firm 3** because: 
- Firm 3 offers a positive profit of 0.15, ensuring a gain.
- Searching another firm costs 0.02 with uncertain benefits, and personalized sorting likely reduces expected improvement, making further search unprofitable.","C11 Search #1 (Searched:1/4, SearchCost:0.00, BestProfit:0.15@F3) → Purchase F3",0.11,0.042,"[0.88, 0.09, 0.46, 0.9]"
4,3,C12,True,"Yes, because the low privacy cost of 0.027 is likely outweighed by the significant reduction in search costs and better deal-finding through personalized recommendations with 4 firms, as shown in historical high-revenue outcomes.",2,"### Decision:
I'll **purchase Firm 2** because: 
- The firm offers a positive profit of 0.28, and as a rational consumer, I won't leave without buying when such an option exists.
- Searching further incurs a search cost of 0.02 with uncertain benefits, as the next firm, with potentially lower valuation due to sorted recommendations, is unlikely to yield a better profit justifying the cost.","C12 Search #1 (Searched:1/4, SearchCost:0.00, BestProfit:0.28@F2) → Purchase F2",0.25,0.027,"[0.95, 0.19, 0.98, 0.08]"
4,3,C13,True,"Yes, because the privacy cost of 0.031 is low and likely outweighed by the significant reduction in search costs from personalized recommendations with 4 firms, as historical data shows shared data leads to minimal searches and higher revenue.",2,"### Decision:
I'll **purchase Firm 2** (choose number 2) because: 
- The firm offers a positive profit of 0.19, ensuring immediate gain.
- Searching another firm costs 0.02 and is unlikely to yield a better offer given personalized sorting from data sharing.","C13 Search #1 (Searched:1/4, SearchCost:0.00, BestProfit:0.19@F2) → Purchase F2",0.16,0.031,"[0.88, 0.72, 0.89, 0.82]"
4,3,C14,True,"Yes, because with 4 firms, personalized recommendations will significantly reduce search costs, likely exceeding the privacy cost of 0.049 and maximizing total revenue, as shown in historical data.",2,"### Decision:
I'll **purchase Firm 2** (choose number 2) because: 
- The firm offers a positive profit of 0.15, and as the first in the personalized sorted list, it is likely the best option.
- Searching further would incur a 0.02 cost with diminishing expected returns, reducing total revenue.","C14 Search #1 (Searched:1/4, SearchCost:0.00, BestProfit:0.15@F2) → Purchase F2",0.1,0.049,"[0.74, 0.75, 0.85, 0.24]"
4,3,C15,True,"Yes, because with 4 firms, personalized recommendations will likely reduce search costs by more than the privacy cost of 0.05, based on historical data showing efficient searches and higher revenues for data-sharers.",0,"### Decision:
I'll **purchase Firm 0** because: 
- The firm offers a positive profit of 0.16, ensuring an immediate gain.
- With personalized recommendations sorting by valuation, additional searches are unlikely to yield significantly better profits, and the 0.02 search cost outweighs potential benefits.","C15 Search #1 (Searched:1/4, SearchCost:0.00, BestProfit:0.16@F0) → Purchase F0",0.11,0.05,"[0.81, 0.16, 0.62, 0.26]"
4,3,C16,True,"Yes, because with 4 firms, personalized recommendations can significantly reduce expected search costs (potentially saving more than 0.052), outweighing the privacy cost and increasing the chance of maximizing total revenue, as demonstrated by high-revenue consumers in the history.",-1,"### Decision:
I'll **leave** (choose number -1) because: 
- The searched firm has a negative profit of -0.31, indicating no gain from purchasing.
- With data-shared sorting, subsequent firms have lower valuations, making positive profit unlikely and justifying avoiding the 0.02 search cost.","C16 Search #1 (Searched:1/4, SearchCost:0.00, BestProfit:-0.31@F0) → Leave Market",-0.05,0.052,"[0.34, 0.33, 0.08, 0.24]"
4,3,C17,True,"Yes, because the privacy cost of 0.026 is low and personalized recommendations with 4 firms are likely to reduce search costs significantly, as shown in historical data where sharing led to high revenues with minimal searches.",0,"### Decision:
I'll **purchase Firm 0** (choose number 0) because: 
- The firm provides a positive profit of 0.23, ensuring a net gain.
- Further searching costs 0.02 with low expected improvement due to personalized sorting.","C17 Search #1 (Searched:1/4, SearchCost:0.00, BestProfit:0.23@F0) → Purchase F0",0.2,0.026,"[0.88, 0.01, 0.48, 0.58]"
4,3,C18,True,"Yes, because with 4 firms, personalized recommendations significantly reduce expected search costs by sorting products by highest valuation first, increasing the chance of finding a good deal early, and the privacy cost of 0.048 is likely outweighed by these benefits, as evidenced by top consumers who shared data and achieved positive revenues with minimal searches.",-1,"### Decision:  
I'll **leave** (choose number -1) because:  
- The searched firm has negative profit (-0.1), offering no gain.  
- With personalized sorting, future firms likely have lower valuations and profits, making additional searches costly (0.02) with minimal upside.","C18 Search #1 (Searched:1/4, SearchCost:0.00, BestProfit:-0.10@F2) → Leave Market",-0.05,0.048,"[0.28, 0.27, 0.6, 0.44]"
4,3,C19,True,"Yes, because with 4 firms, personalized recommendations significantly reduce expected search costs, likely exceeding the privacy value of 0.043, thereby maximizing total revenue.",1,"### Decision:  
I'll **purchase Firm 1** because:  
- The firm offers a positive profit of 0.11 with no additional search cost.  
- Searching further would cost 0.02 and is unlikely to yield better profit due to the sorted recommendation order.","C19 Search #1 (Searched:1/4, SearchCost:0.00, BestProfit:0.11@F1) → Purchase F1",0.07,0.043,"[0.75, 0.76, 0.21, 0.45]"
4,3,C20,True,"Yes, because with 4 firms, personalized recommendations significantly reduce expected search costs, likely saving more than the privacy cost of 0.041, as supported by high-revenue consumers in history who shared data and minimized searches.",1,"### Decision:
I'll **purchase Firm 1** (choose number 1) because: 
- The firm offers a positive profit of 0.09, which I can realize immediately.
- Searching another firm costs 0.02 with likely lower profits due to sorted valuation order, making the expected gain uncertain and potentially not worth the cost.","C20 Search #1 (Searched:1/4, SearchCost:0.00, BestProfit:0.09@F1) → Purchase F1",0.05,0.041,"[0.64, 0.74, 0.67, 0.33]"
4,4,C1,True,"Yes, because with 4 firms, personalized recommendations will likely reduce search costs by more than the privacy value of 0.036, maximizing expected revenue based on historical outcomes.",2,"### Decision:
I'll **purchase Firm 2** (choose number 2) because: 
- It offers a positive profit of 0.30, ensuring an immediate gain.
- With personalized recommendations sorting by highest valuation, further searches are unlikely to improve profit, and the search cost of 0.02 outweighs the uncertain benefit.","C1 Search #1 (Searched:1/4, SearchCost:0.00, BestProfit:0.30@F2) → Purchase F2",0.26,0.036,"[0.31, 0.45, 0.95, 0.59]"
4,4,C2,True,"Yes, because the privacy cost of 0.025 is low and personalized recommendations with 4 firms will likely reduce search costs by more than this amount, as evidenced by historical high-revenue outcomes with minimal searches after sharing data.",3,"### Decision:
I'll **purchase Firm 3** because: 
- It offers a positive profit of 0.32, ensuring an immediate gain.
- Further search costs 0.02 and is unlikely to yield a better option due to valuation-sorted recommendations.","C2 Search #1 (Searched:1/4, SearchCost:0.00, BestProfit:0.32@F3) → Purchase F3",0.29,0.025,"[0.27, 0.29, 0.02, 0.97]"
4,4,C3,True,"Yes, because the potential reduction in search costs from personalized recommendations with 4 firms is likely greater than my privacy value of 0.034, leading to higher expected total revenue, as supported by my historical outcomes and top consumers' experiences.",2,"### Decision:
I'll **purchase Firm 2** (choose number 2) because: 
- Firm 2 offers a positive profit of 0.21.
- With data-shared personalized recommendations sorted by highest valuation, additional searches are unlikely to yield better profits, and the 0.02 search cost outweighs potential gains.","C3 Search #1 (Searched:1/4, SearchCost:0.00, BestProfit:0.21@F2) → Purchase F2",0.18,0.034,"[0.01, 0.7, 0.86, 0.78]"
4,4,C4,True,"Yes, because personalized recommendations with 4 firms will likely reduce search costs by more than the 0.032 privacy value, based on historical benefits and efficient deal-finding.",2,"### Decision:  
I'll **purchase Firm 2** (choose number 2) because:  
- It offers a positive profit of 0.01, ensuring a net gain.  
- Searching another firm costs 0.02 and is unlikely to improve profit due to sorted recommendations.","C4 Search #1 (Searched:1/4, SearchCost:0.00, BestProfit:0.01@F2) → Purchase F2",-0.02,0.032,"[0.32, 0.59, 0.66, 0.53]"
4,4,C5,True,"Yes, because the privacy cost of 0.027 is low and personalized recommendations with 4 firms will likely reduce search costs more than this amount, based on past experiences and the potential for better deals with fewer searches.",1,"### Decision:  
I'll **purchase Firm 1** (choose number 1) because:  
- It offers a positive profit of 0.21 with no additional search cost.  
- Searching another firm is unlikely to improve profit due to decreasing valuations in the sorted sequence and would incur a 0.02 cost, risking reduced revenue.","C5 Search #1 (Searched:1/4, SearchCost:0.00, BestProfit:0.21@F1) → Purchase F1",0.18,0.027,"[0.33, 0.91, 0.28, 0.69]"
4,4,C6,True,"Yes, because the privacy cost of 0.032 is likely outweighed by significant reductions in search costs and improved deal-finding through personalized recommendations with 4 firms, as demonstrated in past high-revenue decisions.",2,"### Decision:  
I'll **purchase Firm 2** because:  
- It offers a positive profit of 0.26, ensuring a net gain.  
- With personalized recommendations sorting by valuation, further search is unlikely to yield a better profit and would incur an additional search cost of 0.02.","C6 Search #1 (Searched:1/4, SearchCost:0.00, BestProfit:0.26@F2) → Purchase F2",0.23,0.032,"[0.72, 0.36, 0.91, 0.66]"
4,4,C7,True,"Yes, because with 4 firms, personalized recommendations will significantly reduce search costs and improve decision-making, likely offsetting the privacy cost of 0.042, as demonstrated by high-revenue consumers in the history.",-1,"### Decision:  
I'll **leave** (choose number -1) because:  
- The searched firm has negative profit (-0.02), offering no gain.  
- With data shared and firms sorted by valuation, further searches are unlikely to yield positive profit and would incur a 0.02 cost.","C7 Search #1 (Searched:1/4, SearchCost:0.00, BestProfit:-0.02@F1) → Leave Market",-0.04,0.042,"[0.41, 0.68, 0.43, 0.66]"
4,4,C8,True,"Yes, because the privacy cost of 0.033 is likely outweighed by the significant reduction in expected search costs and improved deal-finding through personalized recommendations with 4 firms, as evidenced by my consistent positive revenue in past rounds and top consumers' outcomes.",0,"### Decision:
I'll **purchase Firm 0** (choose number 0) because: 
- It offers a positive profit of 0.02, adhering to rationality by not leaving without buying.
- Further searching costs 0.02 with no guaranteed improvement due to personalized sorting prioritizing higher valuation first.","C8 Search #1 (Searched:1/4, SearchCost:0.00, BestProfit:0.02@F0) → Purchase F0",-0.01,0.033,"[0.72, 0.28, 0.61, 0.49]"
4,4,C9,True,"Yes, because with 4 firms, personalized recommendations are likely to reduce search costs more than the privacy cost of 0.053, based on historical high-revenue outcomes from similar strategies.",-1,"### Decision:  
I'll **leave** (choose number -1) because:  
- The searched firm with the highest valuation yields negative profit (-0.11), making positive profits from others improbable.  
- Searching another firm costs 0.02 with low expected gain, risking unnecessary loss.","C9 Search #1 (Searched:1/4, SearchCost:0.00, BestProfit:-0.11@F3) → Leave Market",-0.05,0.053,"[0.09, 0.22, 0.21, 0.54]"
4,4,C10,True,"Yes, because the privacy cost of 0.031 is likely outweighed by the significant reduction in search costs from personalized recommendations with 4 firms, based on past high-revenue outcomes and the value of sorting.",0,"### Decision:  
I'll **purchase Firm 0** (choose number 0) because:  
- The current profit of 0.18 is positive, ensuring a good deal.  
- Searching another firm costs 0.02 and is unlikely to yield a better profit, given the valuation-sorted recommendations.","C10 Search #1 (Searched:1/4, SearchCost:0.00, BestProfit:0.18@F0) → Purchase F0",0.15,0.031,"[0.88, 0.3, 0.55, 0.06]"
4,4,C11,True,"Yes, because the expected reduction in search costs and improved product matching with 4 firms likely outweighs the privacy cost of 0.042, based on past positive revenues and top consumers' strategies.",3,"### Decision:
I'll **purchase Firm 3** because: 
- Firm 3 offers a positive profit of 0.25, ensuring a gain.
- Searching further costs 0.02 with uncertain benefits and low expected improvement due to personalized sorting.","C11 Search #1 (Searched:1/4, SearchCost:0.00, BestProfit:0.25@F3) → Purchase F3",0.21,0.042,"[0.88, 0.09, 0.46, 0.9]"
4,4,C12,True,"Yes, because the privacy cost of 0.027 is low and likely outweighed by the significant reduction in search costs and improved deal-finding through personalized recommendations with 4 firms, as demonstrated by my consistent high-revenue outcomes in previous rounds.",2,"### Decision:
I'll **purchase Firm 2** because: 
- The firm offers a positive profit of 0.33, and as a rational consumer, I won't leave without buying when such an option exists.
- Searching further incurs a search cost of 0.02 with uncertain benefits, as the next firm, with lower valuation due to sorted recommendations, is unlikely to yield a better profit justifying the cost.","C12 Search #1 (Searched:1/4, SearchCost:0.00, BestProfit:0.33@F2) → Purchase F2",0.3,0.027,"[0.95, 0.19, 0.98, 0.08]"
4,4,C13,True,"Yes, because the privacy cost of 0.031 is likely outweighed by the significant reduction in search costs from personalized recommendations with 4 firms, as shown in my historical decisions and top consumers' outcomes.",2,"### Decision:  
I'll **purchase Firm 2** (choose number 2) because:  
- The firm offers a positive profit of 0.24, ensuring immediate gain.  
- Searching another firm costs 0.02 and is unlikely to yield a better offer given the personalized sorting from data sharing.","C13 Search #1 (Searched:1/4, SearchCost:0.00, BestProfit:0.24@F2) → Purchase F2",0.21,0.031,"[0.88, 0.72, 0.89, 0.82]"
4,4,C14,True,"Yes, because with 4 firms, personalized recommendations significantly reduce expected search costs, likely exceeding the privacy cost of 0.049 and maximizing total revenue based on historical outcomes.",2,"### Decision:  
I'll **purchase Firm 2** (choose number 2) because:  
- It offers a positive profit of 0.20, ensuring net revenue.  
- With personalized recommendations sorting by valuation, it is likely the best option, and further searching would incur a 0.02 cost with low expected gains.","C14 Search #1 (Searched:1/4, SearchCost:0.00, BestProfit:0.20@F2) → Purchase F2",0.15,0.049,"[0.74, 0.75, 0.85, 0.24]"
4,4,C15,True,"Yes, because with 4 firms, personalized recommendations will likely reduce search costs by more than the privacy cost of 0.05, based on historical data showing efficient searches and higher revenues for data-sharers.",0,"### Decision:
I'll **purchase Firm 0** because: 
- It offers a positive profit of 0.11, ensuring an immediate gain.
- With personalized recommendations, additional searches are unlikely to yield better profits, and the 0.02 search cost outweighs potential benefits.","C15 Search #1 (Searched:1/4, SearchCost:0.00, BestProfit:0.11@F0) → Purchase F0",0.06,0.05,"[0.81, 0.16, 0.62, 0.26]"
4,4,C16,True,"Yes, because with 4 firms, personalized recommendations are likely to reduce search costs significantly more than the privacy cost of 0.052, improving expected revenue despite past negative outcomes.",-1,"### Decision:
I'll **leave** (choose number -1) because: 
- The searched firm has a negative profit of -0.36, offering no gain from purchasing.
- With data-shared sorting by valuation, subsequent firms have lower valuations than 0.34, making positive profit unlikely and justifying avoiding the 0.02 search cost.","C16 Search #1 (Searched:1/4, SearchCost:0.00, BestProfit:-0.36@F0) → Leave Market",-0.05,0.052,"[0.34, 0.33, 0.08, 0.24]"
4,4,C17,True,"Yes, because the privacy cost of 0.026 is low and likely outweighed by the significant reduction in search costs and better deal-finding through personalized recommendations with 4 firms, as evidenced by my historical high-revenue outcomes with minimal searches.",0,"### Decision:  
I'll **purchase Firm 0** (choose number 0) because:  
- The firm provides a positive profit of 0.18, guaranteeing a net gain after costs.  
- Searching another firm costs 0.02 with low expected improvement due to personalized sorting from highest to lowest value.","C17 Search #1 (Searched:1/4, SearchCost:0.00, BestProfit:0.18@F0) → Purchase F0",0.15,0.026,"[0.88, 0.01, 0.48, 0.58]"
4,4,C18,True,"Yes, because the potential reduction in search costs from personalized recommendations with 4 firms is likely to exceed the privacy value of 0.048, based on top consumers' high revenues from sharing data and minimal searches, outweighing the moderate privacy cost.",-1,"### Decision:  
I'll **leave** (choose number -1) because:  
- The firm with the highest valuation offers negative profit (-0.05), and with personalized sorting, subsequent firms likely have lower valuations and diminished profit potential.  
- Searching another firm costs 0.02 with minimal expected upside, as the risk of negative or zero profit outweighs the potential gain, ensuring no improvement in total revenue.","C18 Search #1 (Searched:1/4, SearchCost:0.00, BestProfit:-0.05@F2) → Leave Market",-0.05,0.048,"[0.28, 0.27, 0.6, 0.44]"
4,4,C19,True,"Yes, because with 4 firms, personalized recommendations significantly reduce expected search costs, likely outweighing the privacy cost of 0.043 based on historical benefits.",1,"### Decision:  
I'll **purchase Firm 1** because:  
- Firm 1 offers a positive profit of 0.06 with no additional search cost.  
- Searching another firm costs 0.02 and is unlikely to yield a better profit due to the sorted recommendation order reducing expected benefits.","C19 Search #1 (Searched:1/4, SearchCost:0.00, BestProfit:0.06@F1) → Purchase F1",0.02,0.043,"[0.75, 0.76, 0.21, 0.45]"
4,4,C20,True,"Yes, because the potential search cost savings from personalized recommendations with 4 firms likely exceed the privacy cost of 0.041, based on historical data showing reduced searches and higher revenues for data-sharers.",1,"### Decision:
I'll **purchase Firm 1** (choose number 1) because: 
- The firm offers a positive profit of 0.04, ensuring I realize immediate value.
- Searching another firm costs 0.02 with likely diminishing returns due to sorted valuation order, making further search unprofitable.","C20 Search #1 (Searched:1/4, SearchCost:0.00, BestProfit:0.04@F1) → Purchase F1",0.0,0.041,"[0.64, 0.74, 0.67, 0.33]"
4,5,C1,True,"Yes, because the privacy cost of 0.036 is low and likely outweighed by the significant reduction in search costs and better deal-finding through personalized recommendations with 4 firms, as shown in my consistent high-revenue history.",2,"### Decision:  
I'll **purchase Firm 2** (choose number 2) because:  
- It offers a positive profit of 0.25, ensuring an immediate gain.  
- With personalized recommendations sorting by highest valuation, further searches are unlikely to yield a better profit, and the search cost of 0.02 outweighs the uncertain benefit.","C1 Search #1 (Searched:1/4, SearchCost:0.00, BestProfit:0.25@F2) → Purchase F2",0.21,0.036,"[0.31, 0.45, 0.95, 0.59]"
4,5,C2,True,"Yes, because the privacy cost of 0.025 is low and personalized recommendations with 4 firms are likely to reduce search costs by more than this amount, based on historical outcomes showing minimal searches and high revenue after sharing data.",3,"### Decision:
I'll **purchase Firm 3** because: 
- It provides a positive profit of 0.27, guaranteeing an immediate gain.
- Further search costs 0.02 and is unlikely to yield a better option due to valuation-sorted recommendations.","C2 Search #1 (Searched:1/4, SearchCost:0.00, BestProfit:0.27@F3) → Purchase F3",0.25,0.025,"[0.27, 0.29, 0.02, 0.97]"
4,5,C3,True,"Yes, because the expected reduction in search costs from personalized recommendations with 4 firms likely exceeds the privacy cost of 0.034, based on historical outcomes showing minimal searches and positive revenue.",2,"### Decision:
I'll **purchase Firm 2** (choose number 2) because: 
- Firm 2 offers a positive profit of 0.16, ensuring I do not leave without buying.
- With personalized recommendations sorting by highest valuation, additional searches are unlikely to improve profit significantly, and the 0.02 search cost outweighs potential gains.","C3 Search #1 (Searched:1/4, SearchCost:0.00, BestProfit:0.16@F2) → Purchase F2",0.13,0.034,"[0.01, 0.7, 0.86, 0.78]"
4,5,C4,True,"Yes, because with 4 firms, personalized recommendations will likely reduce search costs by more than the 0.032 privacy value, based on historical benefits and efficient deal-finding.",-1,"### Decision:  
I'll **leave** (choose number -1) because:  
- The searched firm has negative profit (-0.04), so purchasing would decrease revenue.  
- Searching another firm costs 0.02, and with sorted recommendations, the next options are unlikely to offer sufficient profit to justify the cost.","C4 Search #1 (Searched:1/4, SearchCost:0.00, BestProfit:-0.04@F2) → Leave Market",-0.03,0.032,"[0.32, 0.59, 0.66, 0.53]"
4,5,C5,True,"Yes, because the privacy cost of 0.027 is low and likely outweighed by the significant reduction in search costs from personalized recommendations with 4 firms, as shown in my consistent positive revenues from minimal searches in previous rounds.",1,"### Decision:  
I'll **purchase Firm 1** (choose number 1) because:  
- It offers a positive profit of 0.26 with no additional search cost.  
- Searching another firm is unlikely to improve profit due to decreasing valuations in the sorted sequence and would incur a 0.02 cost, risking reduced revenue.","C5 Search #1 (Searched:1/4, SearchCost:0.00, BestProfit:0.26@F1) → Purchase F1",0.23,0.027,"[0.33, 0.91, 0.28, 0.69]"
4,5,C6,True,"Yes, because the privacy cost of 0.032 is likely outweighed by significant search cost savings from personalized recommendations with 4 firms, as demonstrated in my consistent high-revenue history with minimal searches.",2,"### Decision:  
I'll **purchase Firm 2** because:  
- It offers a positive profit of 0.21, ensuring a net gain.  
- Further search costs 0.02 and is unlikely to yield a better deal due to personalized sorting by valuation.","C6 Search #1 (Searched:1/4, SearchCost:0.00, BestProfit:0.21@F2) → Purchase F2",0.18,0.032,"[0.72, 0.36, 0.91, 0.66]"
4,5,C7,True,"Yes, because with 4 firms, personalized recommendations significantly reduce expected search costs, likely offsetting the privacy cost of 0.042, as shown by high-revenue consumers who benefited from minimal searches after sharing data.",1,"### Decision:  
I'll **purchase Firm 1** (choose number 1) because:  
- It offers a positive profit of 0.03, ensuring a gain.  
- Further searches cost 0.02 and are unlikely to yield better outcomes due to sorted recommendations.","C7 Search #1 (Searched:1/4, SearchCost:0.00, BestProfit:0.03@F1) → Purchase F1",-0.01,0.042,"[0.41, 0.68, 0.43, 0.66]"
4,5,C8,True,"Yes, because personalized recommendations with 4 firms will likely reduce search costs and improve product matching, outweighing the privacy cost of 0.033 based on historical outcomes and top consumer strategies.",0,"### Decision:  
I'll **purchase Firm 0** (choose number 0) because:  
- It offers a positive profit of 0.07, ensuring a net gain.  
- Further searching costs 0.02 with no guaranteed improvement due to personalized sorting prioritizing higher valuation first.","C8 Search #1 (Searched:1/4, SearchCost:0.00, BestProfit:0.07@F0) → Purchase F0",0.04,0.033,"[0.72, 0.28, 0.61, 0.49]"
4,5,C9,True,"Yes, because with 4 firms, personalized recommendations will likely reduce search costs by more than the privacy value of 0.053, as evidenced by high-revenue consumers benefiting from sharing data with minimal searches.",-1,"### Decision:  
I'll **leave** (choose number -1) because:  
- The searched firm with the highest valuation offers negative profit (-0.16), making positive profits from others improbable.  
- Searching another firm costs 0.02 with low expected gain, risking unnecessary loss.","C9 Search #1 (Searched:1/4, SearchCost:0.00, BestProfit:-0.16@F3) → Leave Market",-0.05,0.053,"[0.09, 0.22, 0.21, 0.54]"
4,5,C10,True,"Yes, because personalized recommendations with 4 firms likely reduce search costs by more than the 0.031 privacy cost, based on past revenue gains.",0,"### Decision:  
I'll **purchase Firm 0** (choose number 0) because:  
- The current profit of 0.23 is positive, ensuring a good deal.  
- Searching another firm costs 0.02 and is unlikely to yield a higher profit, given the valuation-sorted recommendations.","C10 Search #1 (Searched:1/4, SearchCost:0.00, BestProfit:0.23@F0) → Purchase F0",0.2,0.031,"[0.88, 0.3, 0.55, 0.06]"
4,5,C11,True,"Yes, because the privacy cost of 0.042 is likely outweighed by the significant reduction in search costs and better deal-finding through personalized recommendations with 4 firms, based on historical positive revenues and top consumers' strategies.",3,"### Decision:
I'll **purchase Firm 3** because: 
- Firm 3 offers a positive profit of 0.2, ensuring a gain.
- Searching further costs 0.02 with uncertain benefits and low expected improvement due to personalized sorting by valuation.","C11 Search #1 (Searched:1/4, SearchCost:0.00, BestProfit:0.20@F3) → Purchase F3",0.16,0.042,"[0.88, 0.09, 0.46, 0.9]"
4,5,C12,True,"Yes, because the privacy cost of 0.027 is low and likely outweighed by the significant reduction in search costs through personalized recommendations with 4 firms, as evidenced by my consistent high-revenue outcomes and those of top consumers in history.",2,"### Decision:
I'll **purchase Firm 2** because: 
- The firm offers a positive profit of 0.28, and as a rational consumer, I won't leave without buying when such an option exists.
- Searching further would cost 0.02 with uncertain benefits, as the next firm, with a lower valuation due to sorted recommendations, is unlikely to yield a better profit justifying the cost.","C12 Search #1 (Searched:1/4, SearchCost:0.00, BestProfit:0.28@F2) → Purchase F2",0.25,0.027,"[0.95, 0.19, 0.98, 0.08]"
4,5,C13,True,"Yes, because the privacy cost of 0.031 is low and likely outweighed by the significant reduction in search costs and potential for higher valuation products through personalized recommendations with 4 firms, based on historical outcomes and top consumer data.",2,"### Decision:  
I'll **purchase Firm 2** (choose number 2) because:  
- The firm offers a positive profit of 0.19, ensuring immediate gain.  
- Searching another firm costs 0.02 and is unlikely to yield a better offer given personalized sorting by valuation.","C13 Search #1 (Searched:1/4, SearchCost:0.00, BestProfit:0.19@F2) → Purchase F2",0.16,0.031,"[0.88, 0.72, 0.89, 0.82]"
4,5,C14,True,"Yes, because with 4 firms, personalized recommendations significantly reduce expected search costs (likely to 0 with one free search), outweighing the low privacy cost of 0.049 and maximizing total revenue, as supported by historical outcomes.",2,"### Decision:  
I'll **purchase Firm 2** (choose number 2) because:  
- It offers a positive profit of 0.15, ensuring net revenue.  
- With personalized recommendations sorting by valuation, it is likely the best option, and further searching would incur a 0.02 cost with diminishing expected returns.","C14 Search #1 (Searched:1/4, SearchCost:0.00, BestProfit:0.15@F2) → Purchase F2",0.1,0.049,"[0.74, 0.75, 0.85, 0.24]"
4,5,C15,True,"Yes, because with 4 firms, personalized recommendations will likely reduce search costs by more than the privacy value of 0.05, as shown by my consistent positive revenues and minimal searches in past rounds.",0,"### Decision:
I'll **purchase Firm 0** because: 
- It offers a positive profit of 0.16, ensuring an immediate gain.
- With personalized recommendations sorting by highest valuation, additional searches are unlikely to yield better profits, and the 0.02 search cost outweighs potential benefits.","C15 Search #1 (Searched:1/4, SearchCost:0.00, BestProfit:0.16@F0) → Purchase F0",0.11,0.05,"[0.81, 0.16, 0.62, 0.26]"
4,5,C16,True,"Yes, because with 4 firms, personalized recommendations can significantly reduce expected search costs and improve deal-finding efficiency, likely outweighing the privacy cost of 0.052, as evidenced by high-revenue outcomes in historical data.",-1,"### Decision:
I'll **leave** (choose number -1) because: 
- The searched firm has a negative profit of -0.31, offering no gain from purchasing.
- With data-shared sorting, subsequent firms have lower valuations than 0.34, making positive profit unlikely and justifying avoiding the 0.02 search cost.","C16 Search #1 (Searched:1/4, SearchCost:0.00, BestProfit:-0.31@F0) → Leave Market",-0.05,0.052,"[0.34, 0.33, 0.08, 0.24]"
4,5,C17,True,"Yes, because the privacy cost of 0.026 is low and likely outweighed by the significant reduction in search costs and improved deal-finding through personalized recommendations with 4 firms, as shown in my historical high-revenue outcomes with minimal searches.",0,"### Decision:  
I'll **purchase Firm 0** (choose number 0) because:  
- The firm offers a positive profit of 0.23, ensuring a net gain after costs.  
- Further searching costs 0.02 with low expected improvement due to personalized sorting from highest to lowest value.","C17 Search #1 (Searched:1/4, SearchCost:0.00, BestProfit:0.23@F0) → Purchase F0",0.2,0.026,"[0.88, 0.01, 0.48, 0.58]"
4,5,C18,True,"Yes, because the expected reduction in search costs from personalized recommendations with 4 firms is likely to exceed the privacy value of 0.048, potentially increasing total revenue based on top consumers' successful outcomes with minimal searches.",-1,"### Decision:  
I'll **leave** (choose number -1) because:  
- The searched firm has negative profit (-0.1), offering no gain.  
- With personalized sorting, subsequent firms likely have lower valuations and profits, making additional searches costly (0.02) with minimal upside.","C18 Search #1 (Searched:1/4, SearchCost:0.00, BestProfit:-0.10@F2) → Leave Market",-0.05,0.048,"[0.28, 0.27, 0.6, 0.44]"
4,5,C19,True,"Yes, because with 4 firms, personalized recommendations significantly reduce expected search costs, likely exceeding the privacy cost of 0.043 based on historical benefits and minimal searches.",1,"### Decision:  
I'll **purchase Firm 1** because:  
- Firm 1 offers a positive profit of 0.11 with no additional search cost.  
- Searching further would cost 0.02 and is unlikely to yield a better profit due to the sorted recommendation order.","C19 Search #1 (Searched:1/4, SearchCost:0.00, BestProfit:0.11@F1) → Purchase F1",0.07,0.043,"[0.75, 0.76, 0.21, 0.45]"
4,5,C20,True,"Yes, because with 4 firms, personalized recommendations will likely reduce search costs and improve product matching, outweighing the privacy cost of 0.041 based on historical benefits.",1,"### Decision:
I'll **purchase Firm 1** (choose number 1) because: 
- The firm offers a positive profit of 0.09, which I can realize immediately.
- Searching another firm costs 0.02 and is likely to yield lower profit due to the sorted valuation order from personalized recommendations.","C20 Search #1 (Searched:1/4, SearchCost:0.00, BestProfit:0.09@F1) → Purchase F1",0.05,0.041,"[0.64, 0.74, 0.67, 0.33]"
4,6,C1,True,"Yes, because the privacy cost of 0.036 is likely outweighed by the significant reduction in search costs and improved deal-finding through personalized recommendations with 4 firms, based on my historical positive revenues and minimal searches when sharing data.",2,"### Decision:  
I'll **purchase Firm 2** (choose number 2) because:  
- It offers a positive profit of 0.30, ensuring an immediate gain.  
- With personalized recommendations sorting by highest valuation, further searches are unlikely to improve the deal, and the search cost of 0.02 outweighs the uncertain benefit.","C1 Search #1 (Searched:1/4, SearchCost:0.00, BestProfit:0.30@F2) → Purchase F2",0.26,0.036,"[0.31, 0.45, 0.95, 0.59]"
4,6,C2,True,"Yes, because the privacy cost of 0.025 is low and personalized recommendations with 4 firms will likely reduce search costs by more than this amount, based on historical outcomes showing minimal searches and high revenue after sharing data.",3,"### Decision:
I'll **purchase Firm 3** because: 
- It offers a positive profit of 0.22, ensuring an immediate gain.
- Further search costs 0.02 and is unlikely to yield a better option due to valuation-sorted recommendations.","C2 Search #1 (Searched:1/4, SearchCost:0.00, BestProfit:0.22@F3) → Purchase F3",0.19,0.025,"[0.27, 0.29, 0.02, 0.97]"
4,6,C3,True,"Yes, because the expected reduction in search costs and access to higher-valuation products from personalized recommendations with 4 firms likely outweigh the privacy cost of 0.034, as evidenced by my consistent positive revenues and minimal searches in historical data.",2,"### Decision:
I'll **purchase Firm 2** (choose number 2) because: 
- Firm 2 offers a positive profit of 0.21.
- With data-shared personalized recommendations sorted by highest valuation, additional searches are unlikely to yield better profits, and the 0.02 search cost outweighs potential gains.","C3 Search #1 (Searched:1/4, SearchCost:0.00, BestProfit:0.21@F2) → Purchase F2",0.18,0.034,"[0.01, 0.7, 0.86, 0.78]"
4,6,C4,True,"Yes, because the privacy cost of 0.032 is low and likely outweighed by the significant reduction in expected search costs (e.g., avoiding multiple searches costing up to 0.06 without recommendations) through personalized recommendations with 4 firms, based on historical benefits and efficient deal-finding.",2,"### Decision:  
I'll **purchase Firm 2** (choose number 2) because:  
- It offers a positive profit of 0.01, ensuring a net gain despite privacy cost.  
- Searching another firm costs 0.02 and is unlikely to improve profit, given sorted recommendations.","C4 Search #1 (Searched:1/4, SearchCost:0.00, BestProfit:0.01@F2) → Purchase F2",-0.02,0.032,"[0.32, 0.59, 0.66, 0.53]"
4,6,C5,True,"Yes, because the privacy cost of 0.027 is low and personalized recommendations with 4 firms will likely reduce search costs by more than this amount, based on historical outcomes showing minimal searches and high revenue after sharing data.",1,"### Decision:  
I'll **purchase Firm 1** (choose number 1) because:  
- It offers a positive profit of 0.21 with no additional search cost.  
- Searching another firm is unlikely to yield higher profit due to decreasing valuations in the sorted sequence and would incur a 0.02 cost, potentially reducing net revenue.","C5 Search #1 (Searched:1/4, SearchCost:0.00, BestProfit:0.21@F1) → Purchase F1",0.18,0.027,"[0.33, 0.91, 0.28, 0.69]"
4,6,C6,True,"Yes, because the privacy cost of 0.032 is low and likely outweighed by significant search cost savings from personalized recommendations with 4 firms, as demonstrated in my consistent high-revenue history with minimal searches.",2,"### Decision:  
I'll **purchase Firm 2** because:  
- It offers a positive profit of 0.26, ensuring a net gain.  
- Further search costs 0.02 and is unlikely to yield a better deal due to personalized sorting by valuation, with diminishing potential returns.","C6 Search #1 (Searched:1/4, SearchCost:0.00, BestProfit:0.26@F2) → Purchase F2",0.23,0.032,"[0.72, 0.36, 0.91, 0.66]"
4,6,C7,True,"Yes, because with 4 firms, personalized recommendations will likely reduce search costs and improve decision-making, offsetting the privacy cost of 0.042, as evidenced by high-revenue consumers and my own history benefiting from minimal searches after sharing data.",-1,"### Decision:  
I'll **leave** (choose number -1) because:  
- The searched firm has negative profit (-0.02), offering no gain.  
- With data shared and firms sorted by valuation, further searches cost 0.02 and are unlikely to yield positive profit.","C7 Search #1 (Searched:1/4, SearchCost:0.00, BestProfit:-0.02@F1) → Leave Market",-0.04,0.042,"[0.41, 0.68, 0.43, 0.66]"
4,6,C8,True,"Yes, because the privacy cost of 0.033 is low and likely outweighed by the significant reduction in search costs and improved product matching through personalized recommendations with 4 firms, as supported by my consistent past outcomes and top consumer strategies.",0,"### Decision:  
I'll **purchase Firm 0** (choose number 0) because:  
- It offers a positive profit of 0.02, ensuring a net gain as per rationality.  
- Further searching costs 0.02 with no guaranteed improvement, given personalized sorting prioritizes higher valuation first.","C8 Search #1 (Searched:1/4, SearchCost:0.00, BestProfit:0.02@F0) → Purchase F0",-0.01,0.033,"[0.72, 0.28, 0.61, 0.49]"
4,6,C9,True,"Yes, because with 4 firms, personalized recommendations are likely to reduce search costs by more than the privacy value of 0.053, based on historical evidence from high-revenue consumers benefiting from minimal searches after sharing data.",-1,"### Decision:  
I'll **leave** (choose number -1) because:  
- The searched firm with the highest valuation yields negative profit (-0.21), making positive profits from others improbable.  
- Searching another firm costs 0.02 with low expected gain, risking unnecessary loss.","C9 Search #1 (Searched:1/4, SearchCost:0.00, BestProfit:-0.21@F3) → Leave Market",-0.05,0.053,"[0.09, 0.22, 0.21, 0.54]"
4,6,C10,True,"Yes, because the privacy cost of 0.031 is likely outweighed by the significant reduction in search costs and better deal finding from personalized recommendations with 4 firms, as shown in my consistent high-revenue history with minimal searches.",0,"### Decision:
I'll **purchase Firm 0** (choose number 0) because: 
- The current profit of 0.18 is positive, ensuring a good deal.
- Searching another firm costs 0.02 and is unlikely to yield a better profit, given the valuation-sorted recommendations.","C10 Search #1 (Searched:1/4, SearchCost:0.00, BestProfit:0.18@F0) → Purchase F0",0.15,0.031,"[0.88, 0.3, 0.55, 0.06]"
4,6,C11,True,"Yes, because the privacy cost of 0.042 is low and personalized recommendations with 4 firms significantly reduce expected search costs, leading to higher net revenue based on historical outcomes.",3,"### Decision:
I'll **purchase Firm 3** because: 
- Firm 3 offers a positive profit of 0.15, ensuring a gain.
- Searching another firm costs 0.02 with uncertain and likely low benefits due to personalized sorting by valuation, making further search unprofitable.","C11 Search #1 (Searched:1/4, SearchCost:0.00, BestProfit:0.15@F3) → Purchase F3",0.11,0.042,"[0.88, 0.09, 0.46, 0.9]"
4,6,C12,True,"Yes, because the privacy cost of 0.027 is low and likely outweighed by the significant reduction in search costs through personalized recommendations with 4 firms, as demonstrated by my consistent high-revenue outcomes and those of top consumers in history.",2,"### Decision:
I'll **purchase Firm 2** because: 
- The firm offers a positive profit of 0.33, and as a rational consumer, I won't leave without buying when such an option exists.
- Searching further incurs a search cost of 0.02 with uncertain benefits, as the next firm, with lower valuation due to sorted recommendations, is unlikely to yield a better profit justifying the cost.","C12 Search #1 (Searched:1/4, SearchCost:0.00, BestProfit:0.33@F2) → Purchase F2",0.3,0.027,"[0.95, 0.19, 0.98, 0.08]"
4,6,C13,True,"Yes, because the privacy cost of 0.031 is low and likely outweighed by the significant reduction in search costs from personalized recommendations with 4 firms, based on historical outcomes showing minimal searches and high revenue.",2,"### Decision:  
I'll **purchase Firm 2** (choose number 2) because:  
- The firm offers a positive profit of 0.24, ensuring immediate gain.  
- Searching another firm costs 0.02 and is unlikely to yield a better offer given personalized sorting by valuation.","C13 Search #1 (Searched:1/4, SearchCost:0.00, BestProfit:0.24@F2) → Purchase F2",0.21,0.031,"[0.88, 0.72, 0.89, 0.82]"
4,6,C14,True,"Yes, because with 4 firms, personalized recommendations are likely to minimize search costs to nearly zero, significantly outweighing the privacy cost of 0.049 and maximizing total revenue based on historical outcomes.",2,"### Decision:  
I'll **purchase Firm 2** (choose number 2) because:  
- It offers a positive profit of 0.20, ensuring net revenue.  
- With personalized recommendations sorting by valuation, it is likely the best option, and further searching would incur a 0.02 cost with low expected gains.","C14 Search #1 (Searched:1/4, SearchCost:0.00, BestProfit:0.20@F2) → Purchase F2",0.15,0.049,"[0.74, 0.75, 0.85, 0.24]"
4,6,C15,True,"Yes, because with 4 firms, personalized recommendations will likely reduce search costs by more than the privacy value of 0.05, based on historical data showing efficient searches and positive revenues after sharing data.",0,"### Decision:
I'll **purchase Firm 0** because: 
- It offers a positive profit of 0.11, ensuring an immediate gain.
- With personalized recommendations sorting by highest value, additional searches are unlikely to yield better profits, and the 0.02 search cost outweighs potential benefits.","C15 Search #1 (Searched:1/4, SearchCost:0.00, BestProfit:0.11@F0) → Purchase F0",0.06,0.05,"[0.81, 0.16, 0.62, 0.26]"
4,6,C16,True,"Yes, because the privacy cost of 0.052 is low and personalized recommendations with 4 firms can significantly reduce expected search costs, potentially saving more than this amount and improving revenue chances, as seen in top consumers' outcomes.",-1,"### Decision:
I'll **leave** (choose number -1) because: 
- The searched firm has a negative profit of -0.36, offering no gain from purchasing.
- With data-shared sorting by valuation, subsequent firms have lower valuations than 0.34, making positive profit unlikely and justifying avoiding the 0.02 search cost.","C16 Search #1 (Searched:1/4, SearchCost:0.00, BestProfit:-0.36@F0) → Leave Market",-0.05,0.052,"[0.34, 0.33, 0.08, 0.24]"
4,6,C17,True,"Yes, because the privacy cost of 0.026 is low and likely outweighed by significant search cost savings from personalized recommendations with 4 firms, as shown in my historical high-revenue outcomes with minimal searches.",0,"### Decision:  
I'll **purchase Firm 0** (choose number 0) because:  
- The firm provides a positive profit of 0.18, guaranteeing a net gain after costs.  
- Searching another firm costs 0.02 with low expected improvement due to personalized sorting from highest to lowest value.","C17 Search #1 (Searched:1/4, SearchCost:0.00, BestProfit:0.18@F0) → Purchase F0",0.15,0.026,"[0.88, 0.01, 0.48, 0.58]"
4,6,C18,False,"No, because my personal history shows consistent negative revenue from sharing data due to low valuations and high prices, incurring the privacy cost of 0.048 without benefit, while not sharing allows me to avoid this cost and still conduct a free first search for potential profit opportunities.",-1,"### Decision:  
I'll **leave** (choose number -1) because:  
- The searched firm has negative profit (-0.05), offering no gain.  
- Searching another firm costs 0.02 with uncertain benefits, and given the risk of low or negative expected profits without data sharing, it may lead to losses.","C18 Search #1 (Searched:1/4, SearchCost:0.00, BestProfit:-0.05@F2) → Leave Market",0.0,0.048,"[0.28, 0.27, 0.6, 0.44]"
4,6,C19,True,"Yes, because personalized recommendations with 4 firms likely reduce search costs and improve product matching, outweighing the privacy cost of 0.043 based on historical benefits.",1,"### Decision:  
I'll **purchase Firm 1** because:  
- Firm 1 offers a positive profit of 0.06 with no additional search cost.  
- Searching another firm costs 0.02 and is unlikely to yield better profit due to the sorted recommendation order and historical patterns.","C19 Search #1 (Searched:1/4, SearchCost:0.00, BestProfit:0.06@F1) → Purchase F1",0.02,0.043,"[0.75, 0.76, 0.21, 0.45]"
4,6,C20,True,"Yes, because with 4 firms, personalized recommendations are highly valuable, likely reducing search costs and improving matching, outweighing the low privacy cost of 0.041 based on historical benefits.",1,"### Decision:
I'll **purchase Firm 1** (choose number 1) because: 
- The firm offers a positive profit of 0.04, ensuring immediate value realization.
- Searching another firm costs 0.02 with likely diminishing returns due to sorted valuation order, making the expected gain uncertain and not worth the cost.","C20 Search #1 (Searched:1/4, SearchCost:0.00, BestProfit:0.04@F1) → Purchase F1",0.0,0.041,"[0.64, 0.74, 0.67, 0.33]"
4,7,C1,True,"Yes, because the privacy cost of 0.036 is low and likely outweighed by significant search cost savings from personalized recommendations with 4 firms, based on historical high-revenue outcomes with minimal searches.",2,"### Decision:
I'll **purchase Firm 2** (choose number 2) because: 
- It offers a positive profit of 0.25, ensuring an immediate gain as per my rational behavior.
- With personalized recommendations sorting by highest valuation, further searches are unlikely to improve the deal, and the search cost of 0.02 outweighs any uncertain benefit.","C1 Search #1 (Searched:1/4, SearchCost:0.00, BestProfit:0.25@F2) → Purchase F2",0.21,0.036,"[0.31, 0.45, 0.95, 0.59]"
4,7,C2,True,"Yes, because the privacy cost of 0.025 is low and personalized recommendations with 4 firms will likely reduce search costs by more than this amount, based on historical outcomes showing minimal searches and high revenue after sharing data.",3,"### Decision:
I'll **purchase Firm 3** (choose number 3) because: 
- It offers a positive profit of 0.27, ensuring an immediate gain.
- Further search costs 0.02 and is unlikely to yield a better option due to valuation-sorted recommendations.","C2 Search #1 (Searched:1/4, SearchCost:0.00, BestProfit:0.27@F3) → Purchase F3",0.25,0.025,"[0.27, 0.29, 0.02, 0.97]"
4,7,C3,True,"Yes, because the expected reduction in search costs and access to higher-valuation products from personalized recommendations with 4 firms likely outweigh the privacy cost of 0.034, as shown in my consistent positive revenues from minimal searches in historical data.",2,"### Decision:
I'll **purchase Firm 2** (choose number 2) because: 
- Firm 2 offers a positive profit of 0.16.
- With data-shared personalized recommendations sorted by highest valuation, additional searches are unlikely to yield better profits, and the 0.02 search cost outweighs potential gains.","C3 Search #1 (Searched:1/4, SearchCost:0.00, BestProfit:0.16@F2) → Purchase F2",0.13,0.034,"[0.01, 0.7, 0.86, 0.78]"
4,7,C4,True,"Yes, because the privacy cost of 0.032 is likely outweighed by significant search cost savings from personalized recommendations with 4 firms, based on historical benefits and reduced search needs.",-1,"### Decision:  
I'll **leave** (choose number -1) because:  
- The searched firm has negative profit (-0.04), so purchasing would decrease revenue.  
- Searching another firm costs 0.02, and with sorted recommendations, subsequent firms are likely to have lower valuations and insufficient profit to offset the cost.","C4 Search #1 (Searched:1/4, SearchCost:0.00, BestProfit:-0.04@F2) → Leave Market",-0.03,0.032,"[0.32, 0.59, 0.66, 0.53]"
4,7,C5,True,"Yes, because the privacy cost of 0.027 is low and likely outweighed by the significant reduction in search costs from personalized recommendations with 4 firms, based on my consistent high-revenue history with minimal searches.",1,"### Decision:  
I'll **purchase Firm 1** (choose number 1) because:  
- It offers a positive profit of 0.26 with no additional search cost.  
- Searching another firm is unlikely to yield higher profit due to decreasing valuations in the sorted sequence and would incur a 0.02 cost, potentially reducing net revenue.","C5 Search #1 (Searched:1/4, SearchCost:0.00, BestProfit:0.26@F1) → Purchase F1",0.23,0.027,"[0.33, 0.91, 0.28, 0.69]"
4,7,C6,True,"Yes, because the privacy cost of 0.032 is low and likely outweighed by significant search cost savings from personalized recommendations with 4 firms, as demonstrated by my consistent high-revenue history with minimal searches.",2,"### Decision:  
I'll **purchase Firm 2** because:  
- It offers a positive profit of 0.21, ensuring a net gain.  
- Further search costs 0.02 and is unlikely to yield a better deal due to personalized sorting by valuation, with diminishing potential returns.","C6 Search #1 (Searched:1/4, SearchCost:0.00, BestProfit:0.21@F2) → Purchase F2",0.18,0.032,"[0.72, 0.36, 0.91, 0.66]"
4,7,C7,True,"Yes, because with 4 firms, personalized recommendations will significantly reduce expected search costs and improve decision-making, likely offsetting the privacy cost of 0.042, as evidenced by high-revenue consumers and my history benefiting from minimal searches after sharing data.",1,"### Decision:  
I'll **purchase Firm 1** (choose number 1) because:  
- It offers a positive profit of 0.03, ensuring a gain.  
- Searching further costs 0.02 and is unlikely to yield a better outcome due to sorted recommendations by valuation.","C7 Search #1 (Searched:1/4, SearchCost:0.00, BestProfit:0.03@F1) → Purchase F1",-0.01,0.042,"[0.41, 0.68, 0.43, 0.66]"
4,7,C8,True,"Yes, because the privacy cost of 0.033 is low and likely outweighed by the significant reduction in search costs and improved product matching through personalized recommendations with 4 firms, as supported by my consistent positive outcomes in history and top consumer strategies.",0,"### Decision:  
I'll **purchase Firm 0** (choose number 0) because:  
- It offers a positive profit of 0.07, ensuring a net gain and adhering to rationality.  
- Further searching costs 0.02 with no guaranteed improvement, given personalized sorting by valuation.","C8 Search #1 (Searched:1/4, SearchCost:0.00, BestProfit:0.07@F0) → Purchase F0",0.04,0.033,"[0.72, 0.28, 0.61, 0.49]"
4,7,C9,False,"No, because historical data shows consistent negative profits despite sharing, and the privacy cost of 0.053 outweighs potential search cost savings with no expected benefit.",-1,"### Decision:  
I'll **leave** (choose number -1) because:  
- The searched firm offers negative profit (-0.16), and historical data suggests other firms are unlikely to yield positive profit.  
- Searching another firm costs 0.02 with low expected gain, risking unnecessary loss while preserving current revenue of 0.","C9 Search #1 (Searched:1/4, SearchCost:0.00, BestProfit:-0.16@F3) → Leave Market",0.0,0.053,"[0.09, 0.22, 0.21, 0.54]"
4,7,C10,True,"Yes, because the privacy cost of 0.031 is likely outweighed by significant search cost savings from personalized recommendations with 4 firms, based on past high-revenue outcomes and minimal searches.",0,"### Decision:  
I'll **purchase Firm 0** (choose number 0) because:  
- The current profit of 0.23 is positive, ensuring a good deal.  
- Searching another firm costs 0.02 and is unlikely to yield a better profit given the valuation-sorted recommendations.","C10 Search #1 (Searched:1/4, SearchCost:0.00, BestProfit:0.23@F0) → Purchase F0",0.2,0.031,"[0.88, 0.3, 0.55, 0.06]"
4,7,C11,True,"Yes, because the expected reduction in search costs from personalized recommendations with 4 firms likely exceeds the privacy cost of 0.042, based on historical positive outcomes and minimal searches.",3,"### Decision:
I'll **purchase Firm 3** because: 
- Firm 3 offers a positive profit of 0.2, ensuring a gain and adhering to rationality.
- Searching further costs 0.02 with likely low improvement due to personalized sorting by valuation, making it unprofitable.","C11 Search #1 (Searched:1/4, SearchCost:0.00, BestProfit:0.20@F3) → Purchase F3",0.16,0.042,"[0.88, 0.09, 0.46, 0.9]"
4,7,C12,True,"Yes, because the privacy cost of 0.027 is low and likely outweighed by the significant reduction in search costs through personalized recommendations with 4 firms, as demonstrated by my consistent high-revenue outcomes and those of top consumers in history.",2,"### Decision:
I'll **purchase Firm 2** because: 
- The firm offers a positive profit of 0.28, and as a rational consumer, I won't leave without buying when such an option exists.
- Searching further incurs a search cost of 0.02 with uncertain benefits, as the next firm, with lower valuation due to sorted recommendations, is unlikely to yield a better profit justifying the cost.","C12 Search #1 (Searched:1/4, SearchCost:0.00, BestProfit:0.28@F2) → Purchase F2",0.25,0.027,"[0.95, 0.19, 0.98, 0.08]"
4,7,C13,True,"Yes, because the privacy cost of 0.031 is low and likely outweighed by the significant reduction in search costs from personalized recommendations with 4 firms, as demonstrated by my consistent high-revenue history and top consumers' outcomes with minimal searches.",2,"### Decision:  
I'll **purchase Firm 2** (choose number 2) because:  
- The firm offers a positive profit of 0.19, ensuring immediate gain.  
- Searching another firm costs 0.02 and is unlikely to yield a better offer given personalized sorting by valuation from data sharing.","C13 Search #1 (Searched:1/4, SearchCost:0.00, BestProfit:0.19@F2) → Purchase F2",0.16,0.031,"[0.88, 0.72, 0.89, 0.82]"
4,7,C14,True,"Yes, because with 4 firms, personalized recommendations will significantly reduce search costs (likely to 0 with one free search), outweighing the privacy cost of 0.049 and maximizing total revenue, as supported by historical outcomes and top consumers.",2,"### Decision:  
I'll **purchase Firm 2** (choose number 2) because:  
- It offers a positive profit of 0.15, ensuring net revenue.  
- With personalized recommendations sorting by valuation, it is likely the best option, and further searching would incur a 0.02 cost with diminishing expected returns.","C14 Search #1 (Searched:1/4, SearchCost:0.00, BestProfit:0.15@F2) → Purchase F2",0.1,0.049,"[0.74, 0.75, 0.85, 0.24]"
4,7,C15,True,"Yes, because the privacy cost of 0.05 is likely outweighed by the significant reduction in search costs and better product matching from personalized recommendations with 4 firms, as evidenced by my consistent positive revenues and minimal searches in history.",0,"### Decision:
I'll **purchase Firm 0** because: 
- It offers a positive profit of 0.16, ensuring an immediate gain.
- With personalized recommendations sorting by highest valuation, additional searches are unlikely to yield better profits, and the 0.02 search cost outweighs potential benefits.","C15 Search #1 (Searched:1/4, SearchCost:0.00, BestProfit:0.16@F0) → Purchase F0",0.11,0.05,"[0.81, 0.16, 0.62, 0.26]"
4,7,C16,True,"Yes, because the privacy cost of 0.052 is likely outweighed by the significant reduction in expected search costs through personalized recommendations with 4 firms, as evidenced by top consumers' high revenues and minimal searches.",-1,"### Decision:
I'll **leave** (choose number -1) because: 
- The searched firm has negative profit (-0.31), offering no gain from purchasing.
- With data-shared sorting, subsequent firms have lower valuations than 0.34, making positive profit unlikely and justifying avoiding the 0.02 search cost.","C16 Search #1 (Searched:1/4, SearchCost:0.00, BestProfit:-0.31@F0) → Leave Market",-0.05,0.052,"[0.34, 0.33, 0.08, 0.24]"
4,7,C17,True,"Yes, because the privacy cost of 0.026 is low and likely outweighed by significant expected reductions in search costs and improved deal-finding through personalized recommendations with 4 firms, as demonstrated in my historical high-revenue outcomes with minimal searches.",0,"### Decision:  
I'll **purchase Firm 0** (choose number 0) because:  
- The firm offers a positive profit of 0.23, ensuring a net gain after costs.  
- Further searching costs 0.02 with low expected improvement due to personalized sorting from highest to lowest value.","C17 Search #1 (Searched:1/4, SearchCost:0.00, BestProfit:0.23@F0) → Purchase F0",0.2,0.026,"[0.88, 0.01, 0.48, 0.58]"
4,7,C18,False,"No, because my history shows sharing data consistently results in negative revenue due to low valuations and incurred privacy costs, while not sharing avoids the 0.048 cost and still allows a free first search with no proven benefit loss.",-1,"### Decision:  
I'll **leave** (choose number -1) because:  
- The searched firm offers negative profit (-0.38), providing no gain.  
- Searching another firm costs 0.02 with uncertain benefits, and without data sharing, expected profits remain low, risking further losses.","C18 Search #1 (Searched:1/4, SearchCost:0.00, BestProfit:-0.38@F1) → Leave Market",0.0,0.048,"[0.28, 0.27, 0.6, 0.44]"
4,7,C19,True,"Yes, because with 4 firms, personalized recommendations significantly reduce expected search costs, likely exceeding the privacy value of 0.043, based on historical benefits and minimal searches.",1,"### Decision:  
I'll **purchase Firm 1** because:  
- The firm offers a positive profit of 0.11 with no additional search cost.  
- Searching further would cost 0.02 and is unlikely to yield a better profit due to the sorted recommendation order reducing expected benefits.","C19 Search #1 (Searched:1/4, SearchCost:0.00, BestProfit:0.11@F1) → Purchase F1",0.07,0.043,"[0.75, 0.76, 0.21, 0.45]"
4,7,C20,True,"Yes, because the potential reduction in search costs and improved product matching from personalized recommendations with 4 firms likely outweigh the privacy cost of 0.041, as supported by historical data showing high revenues with minimal searches when sharing data.",1,"### Decision:
I'll **purchase Firm 1** (choose number 1) because: 
- The firm offers a positive profit of 0.09, which I can realize immediately without additional cost.
- Searching another firm costs 0.02 with likely diminishing returns due to the sorted valuation order from personalized recommendations, making further search unprofitable.","C20 Search #1 (Searched:1/4, SearchCost:0.00, BestProfit:0.09@F1) → Purchase F1",0.05,0.041,"[0.64, 0.74, 0.67, 0.33]"
4,8,C1,True,"Yes, because the privacy cost of 0.036 is likely outweighed by the significant reduction in search costs and better deal-finding through personalized recommendations with 4 firms, as demonstrated by consistent high-revenue outcomes in my history and top consumers' experiences.",2,"### Decision:  
I'll **purchase Firm 2** (choose number 2) because:  
- It offers a positive profit of 0.30, ensuring an immediate gain.  
- With personalized recommendations sorting by highest valuation, further searches are unlikely to improve the deal, and the search cost of 0.02 outweighs the uncertain benefit.","C1 Search #1 (Searched:1/4, SearchCost:0.00, BestProfit:0.30@F2) → Purchase F2",0.26,0.036,"[0.31, 0.45, 0.95, 0.59]"
4,8,C2,True,"Yes, because the privacy cost of 0.025 is low and personalized recommendations with 4 firms will likely reduce search costs by more than this amount, based on historical outcomes showing minimal searches and high revenue after sharing data.",3,"### Decision:  
I'll **purchase Firm 3** (choose number 3) because:  
- It offers a positive profit of 0.22, ensuring an immediate gain.  
- Further search costs 0.02 and is unlikely to yield a better option due to valuation-sorted recommendations.","C2 Search #1 (Searched:1/4, SearchCost:0.00, BestProfit:0.22@F3) → Purchase F3",0.19,0.025,"[0.27, 0.29, 0.02, 0.97]"
4,8,C3,True,"Yes, because the expected reduction in search costs and access to higher-valuation products from personalized recommendations with 4 firms likely exceed the privacy cost of 0.034, based on my consistent positive revenues and minimal searches in historical data.",2,"### Decision:
I'll **purchase Firm 2** (choose number 2) because: 
- Firm 2 offers a positive profit of 0.21, ensuring I do not leave without buying.
- With data-shared personalized recommendations sorted by highest valuation, additional searches are unlikely to yield better profits, and the 0.02 search cost outweighs potential gains.","C3 Search #1 (Searched:1/4, SearchCost:0.00, BestProfit:0.21@F2) → Purchase F2",0.18,0.034,"[0.01, 0.7, 0.86, 0.78]"
4,8,C4,True,"Yes, because the privacy cost of 0.032 is likely outweighed by significant search cost savings from personalized recommendations with 4 firms, based on historical benefits and reduced search needs.",2,"### Decision:  
I'll **purchase Firm 2** (choose number 2) because:  
- It offers a positive profit of 0.01, ensuring a net gain.  
- Searching another firm costs 0.02 and is unlikely to improve profit due to sorted recommendations.","C4 Search #1 (Searched:1/4, SearchCost:0.00, BestProfit:0.01@F2) → Purchase F2",-0.02,0.032,"[0.32, 0.59, 0.66, 0.53]"
4,8,C5,True,"Yes, because the privacy cost of 0.027 is low and personalized recommendations with 4 firms will likely reduce search costs more than this amount, based on historical outcomes showing minimal searches and high revenue after sharing data.",1,"### Decision:  
I'll **purchase Firm 1** (choose number 1) because:  
- It offers a positive profit of 0.21 with no additional search cost.  
- Searching another firm is unlikely to improve profit due to decreasing valuations in the sorted sequence and would incur a 0.02 cost, risking reduced revenue.","C5 Search #1 (Searched:1/4, SearchCost:0.00, BestProfit:0.21@F1) → Purchase F1",0.18,0.027,"[0.33, 0.91, 0.28, 0.69]"
4,8,C6,True,"Yes, because the privacy cost of 0.032 is low and likely outweighed by significant search cost savings from personalized recommendations with 4 firms, as demonstrated by my consistent high-revenue history with minimal searches.",2,"### Decision:  
I'll **purchase Firm 2** because:  
- It offers a positive profit of 0.26, ensuring a net gain as required by rationality.  
- Further search costs 0.02 and is unlikely to yield a better deal due to personalized sorting by valuation, with diminishing potential returns.","C6 Search #1 (Searched:1/4, SearchCost:0.00, BestProfit:0.26@F2) → Purchase F2",0.23,0.032,"[0.72, 0.36, 0.91, 0.66]"
4,8,C7,False,"No, because the privacy cost of 0.042 exceeds the expected surplus from personalized recommendations (around 0.024 based on history), leading to negative expected revenue, while not sharing allows me to avoid this cost and still search with minimal expense.",-1,"### Decision:  
I'll **leave** (choose number -1) because:  
- All searched firms have negative profits, with the best at -0.02, offering no gain.  
- Searching further costs 0.02 with uncertain benefit, likely increasing loss given the current trend of negative outcomes.","C7 Search #1 (Searched:1/4, SearchCost:0.00, BestProfit:-0.09@F3) → Search Next; C7 Search #2 (Searched:2/4, SearchCost:0.02, BestProfit:-0.02@F1) → Search Next; C7 Search #3 (Searched:3/4, SearchCost:0.04, BestProfit:-0.02@F1) → Leave Market",-0.04,0.042,"[0.41, 0.68, 0.43, 0.66]"
4,8,C8,True,"Yes, because the privacy cost of 0.033 is low and likely outweighed by the significant reduction in search costs through personalized recommendations with 4 firms, as evidenced by my historical positive outcomes and top consumers' strategies.",0,"### Decision:
I'll **purchase Firm 0** (choose number 0) because: 
- It offers a positive profit of 0.02, adhering to rationality by not leaving without buying.
- Further searching costs 0.02 with no guaranteed improvement, given personalized sorting prioritizes higher valuation first.","C8 Search #1 (Searched:1/4, SearchCost:0.00, BestProfit:0.02@F0) → Purchase F0",-0.01,0.033,"[0.72, 0.28, 0.61, 0.49]"
4,8,C9,False,"No, because historical outcomes show consistent negative profits despite sharing data, and the privacy cost of 0.053 outweighs potential search cost savings with no expected benefit based on personal experience.",-1,"### Decision:  
I'll **leave** (choose number -1) because:  
- The searched firm offers a negative profit of -0.61, indicating no value in purchasing.  
- Searching another firm costs 0.02 with low expected gain, risking unnecessary loss based on historical negative outcomes.","C9 Search #1 (Searched:1/4, SearchCost:0.00, BestProfit:-0.61@F0) → Leave Market",0.0,0.053,"[0.09, 0.22, 0.21, 0.54]"
4,8,C10,True,"Yes, because the expected reduction in search costs from personalized recommendations with 4 firms, often eliminating additional searches, likely exceeds the privacy cost of 0.031, as demonstrated by consistent high revenues in my history and top consumers' outcomes.",0,"### Decision:  
I'll **purchase Firm 0** (choose number 0) because:  
- The current profit of 0.18 is positive, ensuring a good deal.  
- Searching another firm costs 0.02 and is unlikely to yield a better profit, given the valuation-sorted recommendations.","C10 Search #1 (Searched:1/4, SearchCost:0.00, BestProfit:0.18@F0) → Purchase F0",0.15,0.031,"[0.88, 0.3, 0.55, 0.06]"
4,8,C11,True,"Yes, because the privacy cost of 0.042 is likely outweighed by the significant reduction in expected search costs and better deal-finding through personalized recommendations with 4 firms, as evidenced by my historical positive revenues and top consumers' strategies.",3,"### Decision:
I'll **purchase Firm 3** because: 
- Firm 3 offers a positive profit of 0.15, ensuring a gain.
- Searching further costs 0.02 with likely low improvement due to personalized sorting by valuation, making it unprofitable.","C11 Search #1 (Searched:1/4, SearchCost:0.00, BestProfit:0.15@F3) → Purchase F3",0.11,0.042,"[0.88, 0.09, 0.46, 0.9]"
4,8,C12,True,"Yes, because the privacy cost of 0.027 is low and likely outweighed by the significant reduction in search costs through personalized recommendations with 4 firms, as demonstrated by my consistent high-revenue history and top consumers' outcomes.",2,"### Decision:
I'll **purchase Firm 2** because: 
- The firm offers a positive profit of 0.33, and as a rational consumer, I won't leave without buying when such an option exists.
- Searching further would cost 0.02 with uncertain benefits, as the next firm, with a lower valuation due to sorted recommendations, is unlikely to yield a better profit justifying the cost.","C12 Search #1 (Searched:1/4, SearchCost:0.00, BestProfit:0.33@F2) → Purchase F2",0.3,0.027,"[0.95, 0.19, 0.98, 0.08]"
4,8,C13,True,"Yes, because the privacy cost of 0.031 is low and likely outweighed by the significant reduction in search costs from personalized recommendations with 4 firms, as demonstrated by my historical outcomes and top consumers' high revenues with minimal searches.",2,"### Decision:  
I'll **purchase Firm 2** (choose number 2) because:  
- The firm offers a positive profit of 0.24, ensuring immediate gain.  
- Searching another firm costs 0.02 and is unlikely to yield a better offer given personalized sorting by valuation from data sharing.","C13 Search #1 (Searched:1/4, SearchCost:0.00, BestProfit:0.24@F2) → Purchase F2",0.21,0.031,"[0.88, 0.72, 0.89, 0.82]"
4,8,C14,True,"Yes, because the privacy cost of 0.049 is low and personalized recommendations with 4 firms will likely reduce search costs significantly, as shown in historical outcomes with minimal searches and high revenue.",2,"### Decision:  
I'll **purchase Firm 2** (choose number 2) because:  
- It offers a positive profit of 0.20, ensuring net revenue after costs.  
- With personalized recommendations sorting by valuation, it is likely the best option, and further searching would incur a 0.02 cost with low expected gains.","C14 Search #1 (Searched:1/4, SearchCost:0.00, BestProfit:0.20@F2) → Purchase F2",0.15,0.049,"[0.74, 0.75, 0.85, 0.24]"
4,8,C15,True,"Yes, because the privacy cost of 0.05 is likely outweighed by the significant reduction in search costs and better product matching from personalized recommendations with 4 firms, as shown by historical data and top consumers' high revenues with minimal searches.",0,"### Decision:
I'll **purchase Firm 0** because: 
- It offers a positive profit of 0.11, ensuring an immediate gain.
- With personalized recommendations sorting by highest valuation, additional searches are unlikely to yield better profits, and the 0.02 search cost outweighs potential benefits.","C15 Search #1 (Searched:1/4, SearchCost:0.00, BestProfit:0.11@F0) → Purchase F0",0.06,0.05,"[0.81, 0.16, 0.62, 0.26]"
4,8,C16,True,"Yes, because the privacy cost of 0.052 is low and personalized recommendations with 4 firms can significantly reduce expected search costs, potentially saving more than this amount and improving the chances of finding a profitable deal, as shown by top consumers' high revenues with minimal searches.",-1,"### Decision:
I'll **leave** (choose number -1) because: 
- The searched firm has a negative profit of -0.36, offering no gain from purchasing.
- With data-shared sorting, subsequent firms have lower valuations than 0.34, making positive profit unlikely and justifying avoiding the 0.02 search cost.","C16 Search #1 (Searched:1/4, SearchCost:0.00, BestProfit:-0.36@F0) → Leave Market",-0.05,0.052,"[0.34, 0.33, 0.08, 0.24]"
4,8,C17,True,"Yes, because the privacy cost of 0.026 is low and personalized recommendations with 4 firms are likely to significantly reduce search costs, as shown in my historical high-revenue outcomes with minimal searches.",0,"### Decision:  
I'll **purchase Firm 0** (choose number 0) because:  
- The firm offers a positive profit of 0.18, ensuring a net gain after costs.  
- Further searching costs 0.02 with low expected improvement due to personalized sorting from highest to lowest value.","C17 Search #1 (Searched:1/4, SearchCost:0.00, BestProfit:0.18@F0) → Purchase F0",0.15,0.026,"[0.88, 0.01, 0.48, 0.58]"
4,8,C18,True,"Yes, because the potential reduction in search costs from personalized recommendations with 4 firms is likely to exceed the privacy cost of 0.048, as demonstrated by top consumers achieving high revenues with minimal searches after sharing data.",-1,"### Decision:  
I'll **leave** (choose number -1) because:  
- The searched firm has negative profit (-0.05), offering no gain.  
- With personalized sorting from data sharing, subsequent firms likely have lower valuations and profits, making additional searches costly (0.02) with minimal upside.","C18 Search #1 (Searched:1/4, SearchCost:0.00, BestProfit:-0.05@F2) → Leave Market",-0.05,0.048,"[0.28, 0.27, 0.6, 0.44]"
4,8,C19,True,"Yes, because the expected reduction in search costs from personalized recommendations with 4 firms, based on historical data showing minimal searches and positive revenue, likely outweighs the privacy cost of 0.043.",1,"### Decision:  
I'll **purchase Firm 1** because:  
- Firm 1 offers a positive profit of 0.06 with no additional search cost.  
- Searching another firm costs 0.02 and is unlikely to yield a better profit due to the sorted recommendation order reducing expected benefits.","C19 Search #1 (Searched:1/4, SearchCost:0.00, BestProfit:0.06@F1) → Purchase F1",0.02,0.043,"[0.75, 0.76, 0.21, 0.45]"
4,8,C20,True,"Yes, because the privacy cost of 0.041 is likely outweighed by significant search cost savings from personalized recommendations with 4 firms, as shown in my historical high-revenue outcomes with minimal searches.",1,"### Decision:
I'll **purchase Firm 1** (choose number 1) because: 
- The firm offers a positive profit of 0.04, which I can realize immediately.
- Searching another firm costs 0.02 with likely lower profits due to sorted valuation order, making further search unprofitable.","C20 Search #1 (Searched:1/4, SearchCost:0.00, BestProfit:0.04@F1) → Purchase F1",0.0,0.041,"[0.64, 0.74, 0.67, 0.33]"
4,9,C1,True,"Yes, because the privacy cost of 0.036 is low and likely outweighed by significant search cost savings from personalized recommendations with 4 firms, based on historical high-revenue outcomes with minimal searches.",2,"### Decision:  
I'll **purchase Firm 2** (choose number 2) because:  
- It offers a positive profit of 0.25, ensuring an immediate gain.  
- With personalized recommendations sorting by highest valuation, further searches are unlikely to improve the deal, and the search cost of 0.02 outweighs the uncertain benefit.","C1 Search #1 (Searched:1/4, SearchCost:0.00, BestProfit:0.25@F2) → Purchase F2",0.21,0.036,"[0.31, 0.45, 0.95, 0.59]"
4,9,C2,True,"Yes, because the privacy cost of 0.025 is low and personalized recommendations with 4 firms will likely reduce search costs by more than this amount, based on historical outcomes showing minimal searches and high revenue.",3,"### Decision:  
I'll **purchase Firm 3** (choose number 3) because:  
- It offers a positive profit of 0.27, ensuring an immediate gain.  
- Further search costs 0.02 and is unlikely to yield a better option due to valuation-sorted recommendations.","C2 Search #1 (Searched:1/4, SearchCost:0.00, BestProfit:0.27@F3) → Purchase F3",0.25,0.025,"[0.27, 0.29, 0.02, 0.97]"
4,9,C3,True,"Yes, because the expected reduction in search costs from personalized recommendations with 4 firms likely exceeds the privacy cost of 0.034, based on historical outcomes showing minimal searches and positive revenue.",2,"### Decision:  
I'll **purchase Firm 2** (choose number 2) because:  
- Firm 2 offers a positive profit of 0.16.  
- With data-shared personalized recommendations sorted by highest valuation, additional searches are unlikely to yield better profits, and the 0.02 search cost outweighs potential gains.","C3 Search #1 (Searched:1/4, SearchCost:0.00, BestProfit:0.16@F2) → Purchase F2",0.13,0.034,"[0.01, 0.7, 0.86, 0.78]"
4,9,C4,True,"Yes, because the privacy cost of 0.032 is low and likely outweighed by significant search cost savings from personalized recommendations with 4 firms, as shown in my consistent history and top consumers' high revenues with minimal searches.",-1,"### Decision:  
I'll **leave** (choose number -1) because:  
- The searched firm has negative profit (-0.04), so purchasing would decrease revenue.  
- Searching another firm costs 0.02, and with sorted recommendations, subsequent firms are likely to offer even lower or negative profit, not justifying the cost.","C4 Search #1 (Searched:1/4, SearchCost:0.00, BestProfit:-0.04@F2) → Leave Market",-0.03,0.032,"[0.32, 0.59, 0.66, 0.53]"
4,9,C5,True,"Yes, because the low privacy cost of 0.027 is likely outweighed by the significant reduction in search costs from personalized recommendations with 4 firms, as demonstrated by my consistent high-revenue history with minimal searches.",1,"### Decision:  
I'll **purchase Firm 1** (choose number 1) because:  
- It offers a positive profit of 0.26 with no additional search cost.  
- Searching another firm is unlikely to yield higher profit due to decreasing valuations in the sorted sequence and would incur a 0.02 cost, potentially reducing net revenue.","C5 Search #1 (Searched:1/4, SearchCost:0.00, BestProfit:0.26@F1) → Purchase F1",0.23,0.027,"[0.33, 0.91, 0.28, 0.69]"
4,9,C6,True,"Yes, because the privacy cost of 0.032 is likely outweighed by significant search cost savings from personalized recommendations with 4 firms, as demonstrated by my consistent high-revenue history with minimal searches.",2,"### Decision:  
I'll **purchase Firm 2** because:  
- It offers a positive profit of 0.21, ensuring a net gain.  
- Further search costs 0.02 and is unlikely to yield a better deal due to personalized sorting by valuation, with diminishing potential returns.","C6 Search #1 (Searched:1/4, SearchCost:0.00, BestProfit:0.21@F2) → Purchase F2",0.18,0.032,"[0.72, 0.36, 0.91, 0.66]"
4,9,C7,False,"No, because the privacy cost of 0.042 exceeds the expected reduction in search costs and potential revenue gains from personalized recommendations, as my historical data shows negative average revenue when sharing data, making it unlikely to maximize total revenue.",-1,"### Decision:  
I'll **leave** (choose number -1) because:  
- The searched firm has a negative profit of -0.24, providing no gain.  
- Searching further costs 0.02 with uncertain benefits, and historical data shows low likelihood of finding positive profit without data sharing.","C7 Search #1 (Searched:1/4, SearchCost:0.00, BestProfit:-0.24@F0) → Leave Market",0.0,0.042,"[0.41, 0.68, 0.43, 0.66]"
4,9,C8,True,"Yes, because the privacy cost of 0.033 is low and likely outweighed by the significant reduction in expected search costs through personalized recommendations with 4 firms, as supported by my consistent historical outcomes and top consumers' strategies.",0,"### Decision:  
I'll **purchase Firm 0** (choose number 0) because:  
- It offers a positive profit of 0.07, ensuring a net gain after costs.  
- Further searching costs 0.02 with no guaranteed improvement, given personalized sorting by valuation.","C8 Search #1 (Searched:1/4, SearchCost:0.00, BestProfit:0.07@F0) → Purchase F0",0.04,0.033,"[0.72, 0.28, 0.61, 0.49]"
4,9,C9,False,"No, because historical outcomes consistently show negative revenue when sharing data, making the privacy cost of 0.053 not worthwhile compared to zero risk without sharing.",-1,"### Decision:  
I'll **leave** (choose number -1) because:  
- The searched firm has negative profit (-0.43), offering no value in purchasing.  
- Searching another firm costs 0.02 with low expected gain based on historical negative outcomes, risking unnecessary loss.","C9 Search #1 (Searched:1/4, SearchCost:0.00, BestProfit:-0.43@F1) → Leave Market",0.0,0.053,"[0.09, 0.22, 0.21, 0.54]"
4,9,C10,True,"Yes, because the privacy cost of 0.031 is likely outweighed by the significant reduction in search costs from personalized recommendations with 4 firms, as demonstrated by my consistent high-revenue history and minimal searches.",0,"### Decision:  
I'll **purchase Firm 0** (choose number 0) because:  
- The current profit of 0.23 is positive, ensuring a good deal.  
- Searching another firm costs 0.02 and is unlikely to yield a better profit, given the valuation-sorted recommendations.","C10 Search #1 (Searched:1/4, SearchCost:0.00, BestProfit:0.23@F0) → Purchase F0",0.2,0.031,"[0.88, 0.3, 0.55, 0.06]"
4,9,C11,True,"Yes, because the expected reduction in search costs and improved product matching with personalized recommendations from 4 firms likely outweigh the privacy cost of 0.042, based on my consistent positive revenues and top consumers' strategies in history.",3,"### Decision:  
I'll **purchase Firm 3** because:  
- Firm 3 offers a positive profit of 0.2, ensuring a gain.  
- Searching further costs 0.02 with likely low improvement due to personalized sorting, making it unprofitable.","C11 Search #1 (Searched:1/4, SearchCost:0.00, BestProfit:0.20@F3) → Purchase F3",0.16,0.042,"[0.88, 0.09, 0.46, 0.9]"
4,9,C12,True,"Yes, because the privacy cost of 0.027 is low and likely outweighed by the significant reduction in search costs through personalized recommendations with 4 firms, as shown by my consistent high-revenue history and top consumers' outcomes.",2,"### Decision:
I'll **purchase Firm 2** because: 
- The firm offers a positive profit of 0.28, and as a rational consumer, I won't leave without buying when such an option exists.
- Searching further costs 0.02 with low expected benefit, as sorted recommendations make a better profit unlikely.","C12 Search #1 (Searched:1/4, SearchCost:0.00, BestProfit:0.28@F2) → Purchase F2",0.25,0.027,"[0.95, 0.19, 0.98, 0.08]"
4,9,C13,True,"Yes, because the privacy cost of 0.031 is low and likely outweighed by the significant reduction in search costs from personalized recommendations with 4 firms, as shown in my consistent high-revenue history.",2,"### Decision:  
I'll **purchase Firm 2** (choose number 2) because:  
- The firm offers a positive profit of 0.19, ensuring immediate gain.  
- Searching another firm costs 0.02 and is unlikely to yield a better offer given personalized sorting by valuation from data sharing.","C13 Search #1 (Searched:1/4, SearchCost:0.00, BestProfit:0.19@F2) → Purchase F2",0.16,0.031,"[0.88, 0.72, 0.89, 0.82]"
4,9,C14,True,"Yes, because the expected reduction in search costs and better deal quality from personalized recommendations with 4 firms outweigh the privacy cost of 0.049, as shown by consistent positive revenue in my history and top consumers' outcomes.",2,"### Decision:
I'll **purchase Firm 2** (choose number 2) because: 
- It offers a positive profit of 0.15, ensuring net revenue.
- With personalized recommendations sorting by valuation, it is likely the best option, and further searching would incur a 0.02 cost with diminishing expected returns.","C14 Search #1 (Searched:1/4, SearchCost:0.00, BestProfit:0.15@F2) → Purchase F2",0.1,0.049,"[0.74, 0.75, 0.85, 0.24]"
4,9,C15,True,"Yes, because with 4 firms, personalized recommendations will likely reduce search costs by more than the 0.05 privacy cost, based on historical data showing efficient searches and positive revenues for data-sharers.",0,"### Decision:
I'll **purchase Firm 0** because: 
- It offers a positive profit of 0.16, ensuring an immediate gain and compliance with the rule not to leave without buying.
- With personalized recommendations sorting by highest valuation, additional searches are unlikely to yield better profits, and the 0.02 search cost outweighs potential benefits based on historical patterns.","C15 Search #1 (Searched:1/4, SearchCost:0.00, BestProfit:0.16@F0) → Purchase F0",0.11,0.05,"[0.81, 0.16, 0.62, 0.26]"
4,9,C16,True,"Yes, because the privacy cost of 0.052 is likely outweighed by the significant expected reduction in search costs through personalized recommendations with 4 firms, as evidenced by top consumers' high revenues with minimal searches.",-1,"### Decision:
I'll **leave** (choose number -1) because: 
- The searched firm has a negative profit of -0.31, offering no gain from purchasing.
- With data-shared sorting by valuation, subsequent firms have lower valuations than 0.34, making positive profit unlikely and justifying avoiding the 0.02 search cost.","C16 Search #1 (Searched:1/4, SearchCost:0.00, BestProfit:-0.31@F0) → Leave Market",-0.05,0.052,"[0.34, 0.33, 0.08, 0.24]"
4,9,C17,True,"Yes, because the privacy cost of 0.026 is low and likely outweighed by significant search cost savings from personalized recommendations with 4 firms, as shown in my historical high-revenue outcomes with minimal searches.",0,"### Decision:  
I'll **purchase Firm 0** (choose number 0) because:  
- The firm offers a positive profit of 0.23, ensuring a net gain after costs.  
- Further searching costs 0.02 with low expected improvement due to personalized sorting from highest to lowest value.","C17 Search #1 (Searched:1/4, SearchCost:0.00, BestProfit:0.23@F0) → Purchase F0",0.2,0.026,"[0.88, 0.01, 0.48, 0.58]"
4,9,C18,True,"Yes, because the personalized recommendations from sharing data, as evidenced by top consumers achieving high revenues with minimal searches, are likely to reduce search costs and outweigh the privacy cost of 0.048.",-1,"### Decision:  
I'll **leave** (choose number -1) because:  
- The searched firm has negative profit (-0.1), offering no gain.  
- With personalized sorting from data sharing, subsequent firms likely have lower valuations and profits, making additional searches costly (0.02) with minimal upside.","C18 Search #1 (Searched:1/4, SearchCost:0.00, BestProfit:-0.10@F2) → Leave Market",-0.05,0.048,"[0.28, 0.27, 0.6, 0.44]"
4,9,C19,True,"Yes, because personalized recommendations with 4 firms significantly reduce expected search costs, likely outweighing the privacy cost of 0.043 based on historical benefits and minimal searches.",1,"### Decision:  
I'll **purchase Firm 1** because:  
- Firm 1 offers a positive profit of 0.11 with no additional search cost.  
- Searching another firm costs 0.02 and is unlikely to yield a better profit due to the sorted recommendation order reducing expected benefits.","C19 Search #1 (Searched:1/4, SearchCost:0.00, BestProfit:0.11@F1) → Purchase F1",0.07,0.043,"[0.75, 0.76, 0.21, 0.45]"
4,9,C20,True,"Yes, because with 4 firms, personalized recommendations significantly reduce expected search costs, likely outweighing the privacy cost of 0.041 based on historical benefits and minimal searches in past rounds.",1,"### Decision:  
I'll **purchase Firm 1** (choose number 1) because:  
- The firm offers a positive profit of 0.09, which I can realize immediately without additional cost.  
- Searching another firm costs 0.02 with likely diminishing returns due to the sorted valuation order from personalized recommendations, making further search unprofitable.","C20 Search #1 (Searched:1/4, SearchCost:0.00, BestProfit:0.09@F1) → Purchase F1",0.05,0.041,"[0.64, 0.74, 0.67, 0.33]"
4,10,C1,True,"Yes, because the privacy cost of 0.036 is low and likely outweighed by significant search cost savings from personalized recommendations with 4 firms, based on historical high-revenue outcomes with minimal searches.",2,"### Decision:  
I'll **purchase Firm 2** (choose number 2) because:  
- It offers a positive profit of 0.30, ensuring an immediate gain as per my rational behavior.  
- With personalized recommendations sorting by highest valuation, further searches are unlikely to improve the deal, and the search cost of 0.02 outweighs the uncertain benefit.","C1 Search #1 (Searched:1/4, SearchCost:0.00, BestProfit:0.30@F2) → Purchase F2",0.26,0.036,"[0.31, 0.45, 0.95, 0.59]"
4,10,C2,True,"Yes, because the privacy cost of 0.025 is low and personalized recommendations with 4 firms will likely reduce search costs by more than this amount, based on historical outcomes showing minimal searches and high revenue after sharing data.",3,"### Decision:  
I'll **purchase Firm 3** (choose number 3) because:  
- It offers a positive profit of 0.22, ensuring an immediate gain.  
- Further search costs 0.02 and is unlikely to yield a better option due to valuation-sorted recommendations.","C2 Search #1 (Searched:1/4, SearchCost:0.00, BestProfit:0.22@F3) → Purchase F3",0.19,0.025,"[0.27, 0.29, 0.02, 0.97]"
4,10,C3,True,"Yes, because the expected reduction in search costs from personalized recommendations with 4 firms likely exceeds the privacy cost of 0.034, based on historical outcomes showing minimal searches and higher revenue.",2,"### Decision:  
I'll **purchase Firm 2** (choose number 2) because:  
- Firm 2 offers a positive profit of 0.21, ensuring I do not leave without buying.  
- With data-shared personalized recommendations sorted by highest valuation, additional searches are unlikely to yield better profits, and the 0.02 search cost outweighs potential gains.","C3 Search #1 (Searched:1/4, SearchCost:0.00, BestProfit:0.21@F2) → Purchase F2",0.18,0.034,"[0.01, 0.7, 0.86, 0.78]"
4,10,C4,True,"Yes, because the privacy cost of 0.032 is likely outweighed by significant expected search cost savings from personalized recommendations with 4 firms, based on historical benefits and reduced search needs.",2,"### Decision:  
I'll **purchase Firm 2** (choose number 2) because:  
- It offers a positive profit of 0.01, ensuring a net gain.  
- Searching another firm costs 0.02 and is unlikely to improve profit due to sorted recommendations decreasing in value.","C4 Search #1 (Searched:1/4, SearchCost:0.00, BestProfit:0.01@F2) → Purchase F2",-0.02,0.032,"[0.32, 0.59, 0.66, 0.53]"
4,10,C5,True,"Yes, because the privacy cost of 0.027 is low and personalized recommendations with 4 firms will likely reduce search costs more than this amount, based on historical outcomes showing minimal searches and high revenue.",1,"### Decision:  
I'll **purchase Firm 1** (choose number 1) because:  
- It offers a positive profit of 0.21 with no additional search cost.  
- Searching another firm is unlikely to improve profit due to decreasing valuations in the sorted sequence and would incur a 0.02 cost, risking reduced revenue.","C5 Search #1 (Searched:1/4, SearchCost:0.00, BestProfit:0.21@F1) → Purchase F1",0.18,0.027,"[0.33, 0.91, 0.28, 0.69]"
4,10,C6,True,"Yes, because the privacy cost of 0.032 is low and likely outweighed by significant search cost savings and better deal-finding through personalized recommendations with 4 firms, as demonstrated by my consistent high-revenue history with minimal searches.",2,"### Decision:  
I'll **purchase Firm 2** because:  
- It offers a positive profit of 0.26, ensuring a net gain as required.  
- Further search costs 0.02 and is unlikely to yield a better deal due to personalized sorting by valuation, with diminishing potential returns.","C6 Search #1 (Searched:1/4, SearchCost:0.00, BestProfit:0.26@F2) → Purchase F2",0.23,0.032,"[0.72, 0.36, 0.91, 0.66]"
4,10,C7,False,"No, because historical data shows that sharing data results in negative average revenue, and the privacy cost of 0.042 exceeds the expected reduction in search costs and potential gains from personalized recommendations.",-1,"### Decision:  
I'll **leave** (choose number -1) because:  
- The searched firm has negative profit of -0.09, offering no gain from purchasing.  
- Searching further costs 0.02 with uncertain benefits, and historical data without data sharing shows low likelihood of finding positive profit, risking additional losses.","C7 Search #1 (Searched:1/4, SearchCost:0.00, BestProfit:-0.09@F3) → Leave Market",0.0,0.042,"[0.41, 0.68, 0.43, 0.66]"
4,10,C8,True,"Yes, because the privacy cost of 0.033 is low and likely outweighed by the significant reduction in search costs through personalized recommendations with 4 firms, as evidenced by my consistent historical outcomes and top consumers' strategies.",0,"### Decision:  
I'll **purchase Firm 0** (choose number 0) because:  
- It offers a positive profit of 0.02, adhering to rationality by ensuring a net gain from the product.  
- Further searching costs 0.02 with no guaranteed improvement, given personalized sorting prioritizing higher valuation first.","C8 Search #1 (Searched:1/4, SearchCost:0.00, BestProfit:0.02@F0) → Purchase F0",-0.01,0.033,"[0.72, 0.28, 0.61, 0.49]"
4,10,C9,False,"No, because historical outcomes show consistent negative revenue when sharing data, and the privacy cost of 0.053 outweighs potential search cost savings based on my low-valuation experiences.",-1,"### Decision:  
I'll **leave** (choose number -1) because:  
- The searched firm offers negative profit (-0.48), providing no value in purchasing.  
- Historical data shows consistent negative outcomes, making additional searches costly (0.02) with low expected gain, risking unnecessary loss.","C9 Search #1 (Searched:1/4, SearchCost:0.00, BestProfit:-0.48@F1) → Leave Market",0.0,0.053,"[0.09, 0.22, 0.21, 0.54]"
4,10,C10,True,"Yes, because the privacy cost of 0.031 is likely outweighed by the significant reduction in search costs from personalized recommendations with 4 firms, as demonstrated by my consistent high-revenue history with minimal searches.",0,"### Decision:  
I'll **purchase Firm 0** (choose number 0) because:  
- The current profit of 0.18 is positive, ensuring a good deal.  
- Searching another firm costs 0.02 and is unlikely to yield a better profit, given the valuation-sorted recommendations.","C10 Search #1 (Searched:1/4, SearchCost:0.00, BestProfit:0.18@F0) → Purchase F0",0.15,0.031,"[0.88, 0.3, 0.55, 0.06]"
4,10,C11,True,"Yes, because the expected reduction in search costs and improved product matching from personalized recommendations with 4 firms likely exceed the privacy cost of 0.042, based on my historical positive revenues and top consumers' strategies.",3,"### Decision:
I'll **purchase Firm 3** because: 
- Firm 3 offers a positive profit of 0.15, ensuring an immediate gain.
- Searching further costs 0.02 with likely low improvement due to personalized sorting by valuation, making it unprofitable.","C11 Search #1 (Searched:1/4, SearchCost:0.00, BestProfit:0.15@F3) → Purchase F3",0.11,0.042,"[0.88, 0.09, 0.46, 0.9]"
4,10,C12,True,"Yes, because the privacy cost of 0.027 is low and likely outweighed by the significant reduction in search costs through personalized recommendations with 4 firms, as shown by my consistent high-revenue history.",2,"### Decision:  
I'll **purchase Firm 2** because:  
- The firm offers a positive profit of 0.33, and as a rational consumer, I won't leave without buying when such an option exists.  
- Searching further incurs a search cost of 0.02 with uncertain benefits, as the next firm, with lower valuation due to sorted recommendations, is unlikely to yield a better profit justifying the cost.","C12 Search #1 (Searched:1/4, SearchCost:0.00, BestProfit:0.33@F2) → Purchase F2",0.3,0.027,"[0.95, 0.19, 0.98, 0.08]"
4,10,C13,True,"Yes, because the privacy cost of 0.031 is low and likely outweighed by the significant reduction in search costs from personalized recommendations with 4 firms, as demonstrated by my consistent high-revenue history with minimal searches.",2,"### Decision:  
I'll **purchase Firm 2** (choose number 2) because:  
- The firm offers a positive profit of 0.24, ensuring immediate gain and compliance with rationality to buy when profit is positive.  
- Searching another firm costs 0.02 and is unlikely to yield a better offer, given personalized sorting by valuation reduces potential benefits.","C13 Search #1 (Searched:1/4, SearchCost:0.00, BestProfit:0.24@F2) → Purchase F2",0.21,0.031,"[0.88, 0.72, 0.89, 0.82]"
4,10,C14,True,"Yes, because the expected reduction in search costs from personalized recommendations with 4 firms likely exceeds the privacy cost of 0.049, based on historical outcomes showing minimal searches and positive revenue.",2,"### Decision:  
I'll **purchase Firm 2** (choose number 2) because:  
- It offers a positive profit of 0.20, ensuring net revenue after costs.  
- With personalized recommendations sorting by valuation, it is likely the best option, and further searching would incur a 0.02 cost with diminishing expected returns.","C14 Search #1 (Searched:1/4, SearchCost:0.00, BestProfit:0.20@F2) → Purchase F2",0.15,0.049,"[0.74, 0.75, 0.85, 0.24]"
4,10,C15,True,"Yes, because the privacy cost of 0.05 is likely outweighed by the significant reduction in search costs from personalized recommendations with 4 firms, as demonstrated by my consistent positive revenues and minimal searches in history.",0,"### Decision:
I'll **purchase Firm 0** because: 
- It offers a positive profit of 0.11, ensuring an immediate gain.
- With personalized recommendations sorting by highest valuation, additional searches are unlikely to yield better profits, and the 0.02 search cost outweighs potential benefits.","C15 Search #1 (Searched:1/4, SearchCost:0.00, BestProfit:0.11@F0) → Purchase F0",0.06,0.05,"[0.81, 0.16, 0.62, 0.26]"
4,10,C16,True,"Yes, because the potential reduction in search costs from personalized recommendations with 4 firms is likely to exceed the privacy cost of 0.052, based on expected savings and historical high-revenue outcomes from similar strategies.",-1,"### Decision:
I'll **leave** (choose number -1) because: 
- The searched firm has a negative profit of -0.36, offering no gain from purchasing.
- With data-shared sorting, subsequent firms have lower valuations than 0.34, making positive profit unlikely and justifying avoiding the 0.02 search cost.","C16 Search #1 (Searched:1/4, SearchCost:0.00, BestProfit:-0.36@F0) → Leave Market",-0.05,0.052,"[0.34, 0.33, 0.08, 0.24]"
4,10,C17,True,"Yes, because the privacy cost of 0.026 is low and likely outweighed by significant search cost savings from personalized recommendations with 4 firms, as demonstrated by consistent high-revenue outcomes in my history with minimal searches.",0,"### Decision:  
I'll **purchase Firm 0** (choose number 0) because:  
- The firm offers a positive profit of 0.18, ensuring a net gain after costs.  
- Further searching costs 0.02 with low expected improvement due to personalized sorting from highest to lowest value.","C17 Search #1 (Searched:1/4, SearchCost:0.00, BestProfit:0.18@F0) → Purchase F0",0.15,0.026,"[0.88, 0.01, 0.48, 0.58]"
4,10,C18,True,"Yes, because with 4 firms, personalized recommendations will likely reduce search costs by enabling fewer searches to find high-valuation options, potentially exceeding the privacy cost of 0.048 and increasing total revenue, as demonstrated by top consumers' positive outcomes.",-1,"### Decision:  
I'll **leave** (choose number -1) because:  
- The searched firm has negative profit (-0.05), offering no gain.  
- With personalized sorting from data sharing, subsequent firms likely have lower valuations and profits, making additional searches costly (0.02) with minimal upside.","C18 Search #1 (Searched:1/4, SearchCost:0.00, BestProfit:-0.05@F2) → Leave Market",-0.05,0.048,"[0.28, 0.27, 0.6, 0.44]"
4,10,C19,True,"Yes, because personalized recommendations with 4 firms significantly reduce expected search costs and improve matching, likely outweighing the privacy cost of 0.043 based on historical benefits.",1,"### Decision:  
I'll **purchase Firm 1** because:  
- The firm offers a positive profit of 0.06 with no additional search cost.  
- Searching further would cost 0.02 and is unlikely to yield a better profit due to the sorted recommendation order reducing expected benefits.","C19 Search #1 (Searched:1/4, SearchCost:0.00, BestProfit:0.06@F1) → Purchase F1",0.02,0.043,"[0.75, 0.76, 0.21, 0.45]"
4,10,C20,True,"Yes, because personalized recommendations with 4 firms significantly reduce expected search costs (often to 0), likely outweighing the privacy cost of 0.041, based on historical outcomes showing minimal searches and positive net revenue on average.",1,"### Decision:  
I'll **purchase Firm 1** (choose number 1) because:  
- The firm offers a positive profit of 0.04, which I can realize immediately without additional cost.  
- Searching another firm costs 0.02 with likely diminishing returns due to the sorted valuation order from personalized recommendations, making further search unprofitable.","C20 Search #1 (Searched:1/4, SearchCost:0.00, BestProfit:0.04@F1) → Purchase F1",0.0,0.041,"[0.64, 0.74, 0.67, 0.33]"
