firm_num,round,consumer_id,share,share_reason,final_choice,final_reason,decision_sequence,total_revenue,Privacy_Cost,Valuations
3,1,C1,True,"Yes, because the potential reduction in search cost and improved product match from personalized recommendations with 3 firms likely outweigh the privacy cost of 0.041.",0,"### Decision:
I'll **purchase Firm 0** (choose number 0) because: 
- The firm offers a positive profit of 0.38, ensuring a gain.
- Searching further costs 0.02 with uncertain benefits, likely not justifying the expense.","C1 Search #1 (Searched:1/3, SearchCost:0.00, BestProfit:0.38@F0) → Purchase F0",0.34,0.041,"[0.98, 0.82, 0.26]"
3,1,C2,False,"No, because the privacy cost of 0.053 exceeds the maximum possible search cost savings of 0.04, making sharing data unbeneficial even in the best case.",0,"### Decision:
I'll **leave** (choose number -1) because: 
- Both searched firms have negative profits, showing no viable purchase options.
- Further search risks additional 0.02 cost with low likelihood of positive profit based on current valuations.","C2 Search #1 (Searched:1/3, SearchCost:0.00, BestProfit:-0.17@F0) → Search Next; C2 Search #2 (Searched:2/3, SearchCost:0.02, BestProfit:-0.17@F0) → Purchase F0",-0.19,0.053,"[0.43, 0.32, 0.55]"
3,1,C3,False,"No, because the privacy cost of 0.026 exceeds the likely reduction in search cost (estimated at 0.02 or less) from personalized recommendations with 3 firms.",1,"### Decision:
I'll **purchase Firm 1** (choose number 1) because: 
- Firm 1 offers a positive profit of 0.34, ensuring immediate gain.
- Searching incurs a cost of 0.02 with uncertain benefits, risking reduced net revenue.","C3 Search #1 (Searched:1/3, SearchCost:0.00, BestProfit:0.34@F1) → Purchase F1",0.34,0.026,"[0.13, 0.94, 0.11]"
3,1,C4,False,"No, because the privacy cost of 0.054 exceeds the maximum potential search cost savings of 0.04, making sharing data unbeneficial for maximizing total revenue.",0,"### Decision:
I'll **purchase Firm 0** (choose number 0) because: 
- Positive profit of 0.28 ensures immediate gain.
- Additional search costs 0.02 with uncertain improvement, making it risky.","C4 Search #1 (Searched:1/3, SearchCost:0.00, BestProfit:0.28@F0) → Purchase F0",0.28,0.054,"[0.88, 0.86, 0.9]"
3,1,C5,False,"No, because the privacy cost of 0.041 exceeds the maximum potential search cost savings of 0.04 in the worst case without sharing data.",-1,"### Decision:
I'll **leave** (choose number -1) because: 
- Both searched firms have negative profits, indicating no gain from purchasing.
- Searching another firm would incur additional cost with low likelihood of positive profit based on current data.","C5 Search #1 (Searched:1/3, SearchCost:0.00, BestProfit:-0.08@F2) → Search Next; C5 Search #2 (Searched:2/3, SearchCost:0.02, BestProfit:-0.08@F2) → Leave Market",-0.02,0.041,"[0.46, 0.48, 0.52]"
3,1,C6,True,"Yes, because sharing data significantly reduces search costs and increases expected product valuation, offsetting the privacy cost of 0.04 with improved efficiency in finding high-value deals among 3 firms.",1,"### Decision:
I'll **purchase Firm 1** (choose number 1) because: 
- The firm offers a positive profit of 0.33, so I must buy per the rule.
- Searching further would incur additional cost without guaranteed benefit.","C6 Search #1 (Searched:1/3, SearchCost:0.00, BestProfit:0.33@F1) → Purchase F1",0.29,0.04,"[0.5, 0.93, 0.79]"
3,1,C7,True,"Yes, because sharing data with 3 firms can significantly reduce expected search costs, potentially offsetting the privacy value of 0.04 through fewer searches needed to find a good deal.",2,"### Decision:
I'll **purchase Firm 2** because: 
- It offers a positive profit of 0.36, which I must act on rationally.
- With personalized recommendations sorting by highest valuation first, it is likely the best option, and additional search would incur a cost of 0.02 with uncertain benefits.","C7 Search #1 (Searched:1/3, SearchCost:0.00, BestProfit:0.36@F2) → Purchase F2",0.32,0.04,"[0.36, 0.49, 0.96]"
3,1,C8,True,"Yes, because the potential reduction in search cost from personalized recommendations with 3 firms is likely to exceed the privacy cost of 0.029.",0,"### Decision:
I'll **purchase Firm 0** because: 
- It offers a positive profit of 0.07.
- Additional search costs 0.02 and may not yield a better deal, given personalized sorting by valuation.","C8 Search #1 (Searched:1/3, SearchCost:0.00, BestProfit:0.07@F0) → Purchase F0",0.04,0.029,"[0.67, 0.57, 0.19]"
3,1,C9,False,"No, privacy cost (0.053) exceeds maximum potential search cost savings (0.04), making sharing not worthwhile.",0,"### Decision:
I'll **purchase Firm 0** (choose number 0) because: 
- The firm offers a positive profit of 0.33, ensuring immediate gain.
- Additional search costs 0.02 with no guaranteed improvement, making it risky.","C9 Search #1 (Searched:1/3, SearchCost:0.00, BestProfit:0.33@F0) → Purchase F0",0.33,0.053,"[0.93, 0.62, 0.92]"
3,1,C10,True,"Yes, because the expected reduction in search cost from personalized recommendations with 3 firms is likely to exceed my privacy value of 0.028, offsetting the privacy cost and maximizing total revenue by minimizing search efforts.",1,"### Decision:
I'll **purchase Firm 1** (choose number 1) because: 
- Firm 1 offers a positive profit of 0.03, which I can secure immediately.
- Searching another firm costs 0.02, and given the valuation-sorted sequence, the expected gain is low and may not justify the cost.","C10 Search #1 (Searched:1/3, SearchCost:0.00, BestProfit:0.03@F1) → Purchase F1",0.0,0.028,"[0.32, 0.63, 0.05]"
3,1,C11,False,"I am considering whether to share my data to receive personalized recommendations that reduce search costs, balanced against the privacy cost of 0.032. With 3 firms, sharing data could lower the expected number of searches by sorting products by valuation, potentially reducing search costs (e.g., from an average of 0.03 without sharing to 0.01 with sharing). However, the maximum savings are uncertain but likely around 0.02 to 0.03, which is less than the privacy cost. Thus, the trade-off favors not sharing to avoid the certain privacy loss.

No, privacy cost outweighs expected search cost savings.",2,"### Decision:
I'll **purchase Firm 2** (choose number 2) because: 
- The current firm offers a positive profit of 0.08, ensuring a net revenue of 0.048 after accounting for privacy cost.
- Searching another firm costs 0.02 and may not yield a better deal, given the uncertainty and potential loss in revenue.","C11 Search #1 (Searched:1/3, SearchCost:0.00, BestProfit:0.08@F2) → Purchase F2",0.08,0.032,"[0.79, 0.28, 0.68]"
3,1,C12,False,"No, because the privacy cost of 0.052 exceeds the maximum expected search cost savings of 0.04, making data sharing unprofitable.",-1,"### Decision:
I'll **leave** (choose number -1) because: 
- The searched firm offers negative profit (-0.58), indicating poor value.
- Searching further costs 0.02 with no guarantee of positive profit, risking unnecessary loss.","C12 Search #1 (Searched:1/3, SearchCost:0.00, BestProfit:-0.58@F2) → Leave Market",0.0,0.052,"[0.69, 0.05, 0.02]"
3,1,C13,True,"Yes, because the expected reduction in search costs and improved product matching with personalized recommendations for 3 firms likely exceed the privacy cost of 0.05.",-1,"### Decision:
I'll **leave** (choose number -1) because: 
- Both searched firms have negative profits, indicating no value in current options.
- Searching the next firm would add 0.02 cost with low likelihood of positive profit, worsening total revenue.","C13 Search #1 (Searched:1/3, SearchCost:0.00, BestProfit:-0.12@F0) → Search Next; C13 Search #2 (Searched:2/3, SearchCost:0.02, BestProfit:-0.12@F0) → Leave Market",-0.07,0.05,"[0.48, 0.16, 0.11]"
3,1,C14,True,"Yes, because with 3 firms, personalized recommendations are likely to significantly reduce expected search costs by more than the privacy cost of 0.034.",0,"### Decision:
I'll **purchase Firm 0** because: 
- It offers a positive profit of 0.04, ensuring a gain.
- The search cost of 0.02 is high relative to the small potential improvement from additional searches.","C14 Search #1 (Searched:1/3, SearchCost:0.00, BestProfit:0.04@F0) → Purchase F0",0.01,0.034,"[0.64, 0.01, 0.43]"
3,1,C15,True,"Yes, because with 3 firms, personalized recommendations can significantly reduce search costs and improve product matching, likely offsetting the privacy cost of 0.053.",2,"### Decision:
I'll **purchase Firm 2** (choose number 2) because: 
- The firm offers a positive profit of 0.06.
- Searching more would add a 0.02 cost with likely lower expected gains due to sorted valuation order.","C15 Search #1 (Searched:1/3, SearchCost:0.00, BestProfit:0.06@F2) → Purchase F2",0.01,0.053,"[0.13, 0.28, 0.66]"
3,1,C16,False,"No, because the privacy cost of 0.047 exceeds the maximum possible search cost savings of 0.04, making sharing data unprofitable on average.",-1,"### Decision:
I'll **leave** (choose number -1) because: 
- Both searched firms have negative profits, so no gain from purchasing.
- Additional search cost of 0.02 likely increases loss without expected positive profit.","C16 Search #1 (Searched:1/3, SearchCost:0.00, BestProfit:-0.47@F2) → Search Next; C16 Search #2 (Searched:2/3, SearchCost:0.02, BestProfit:-0.11@F0) → Leave Market",-0.02,0.047,"[0.49, 0.6, 0.13]"
3,1,C17,False,"No, because the privacy cost of 0.031 exceeds the expected reduction in search cost (likely 0.02-0.03) from personalized recommendations with 3 firms.",2,"### Decision:
I'll **purchase Firm 2** (choose number 2) because: 
- The firm offers a positive profit of 0.2, ensuring immediate gain.
- Searching further costs 0.02 with uncertain improvement, risking reduced net revenue.","C17 Search #1 (Searched:1/3, SearchCost:0.00, BestProfit:0.20@F2) → Purchase F2",0.2,0.031,"[0.89, 0.41, 0.8]"
3,1,C18,False,"no  
Privacy cost of 0.045 exceeds the maximum possible search cost reduction of 0.04, making sharing data unbeneficial.",0,"### Decision:
I'll **purchase Firm 0** because: 
- Firm 0 offers a positive profit of 0.22, ensuring immediate gain.
- Searching further incurs an additional cost of 0.02 with uncertain benefits, reducing potential revenue.","C18 Search #1 (Searched:1/3, SearchCost:0.00, BestProfit:-0.01@F2) → Search Next; C18 Search #2 (Searched:2/3, SearchCost:0.02, BestProfit:0.22@F0) → Purchase F0",0.2,0.045,"[0.82, 0.1, 0.59]"
3,1,C19,True,"Yes, because with 3 firms, personalized recommendations significantly reduce search costs, likely exceeding the privacy cost of 0.045 and improving product match.",-1,"### Decision:  
I'll **leave** (choose number -1) because:  
- The first firm, with the highest valuation due to personalized sorting, offers negative profit (-0.01), indicating unlikely positive profits from remaining firms.  
- Searching another firm costs 0.02 with potentially lower valuations and no guaranteed gain, increasing the risk of higher losses while my current best option is to minimize costs.","C19 Search #1 (Searched:1/3, SearchCost:0.00, BestProfit:-0.01@F2) → Leave Market",-0.04,0.045,"[0.44, 0.12, 0.59]"
3,1,C20,False,"No, because the privacy cost of 0.055 exceeds the maximum possible search cost savings of 0.04 from reduced searches with personalized recommendations.",-1,"### Decision:
I'll **leave** (choose number -1) because: 
- The first firm has negative profit, indicating low expected value from further searches.
- Search cost of 0.02 risks reducing total revenue without guaranteed benefit.","C20 Search #1 (Searched:1/3, SearchCost:0.00, BestProfit:-0.04@F1) → Leave Market",0.0,0.055,"[0.64, 0.56, 0.81]"
3,2,C1,True,"Yes, because the potential for improved product matching and reduced search costs with personalized recommendations from 3 firms likely outweighs the privacy cost of 0.041, based on past experience showing higher valuation and similar total revenue.",0,"### Decision:
I'll **purchase Firm 0** (choose number 0) because: 
- The firm provides a positive profit of 0.28, ensuring a gain.
- Searching further costs 0.02 with uncertain benefits, likely not justifying the expense due to sorted valuation order.","C1 Search #1 (Searched:1/3, SearchCost:0.00, BestProfit:0.28@F0) → Purchase F0",0.24,0.041,"[0.98, 0.82, 0.26]"
3,2,C2,False,"No, because the privacy cost of 0.053 exceeds the maximum potential search cost savings of 0.04, making sharing unbeneficial.",0,"### Decision:
I'll **leave** (choose number -1) because: 
- Both searched firms have negative profits (-0.15 and -0.27), making purchase unprofitable.
- Searching the third firm costs 0.02 with low likelihood of finding a positive profit, risking further loss from increased search cost.","C2 Search #1 (Searched:1/3, SearchCost:0.00, BestProfit:-0.15@F2) → Search Next; C2 Search #2 (Searched:2/3, SearchCost:0.02, BestProfit:-0.15@F2) → Purchase F0",-0.29,0.053,"[0.43, 0.32, 0.55]"
3,2,C3,False,"No, because the privacy cost of 0.026 exceeds the likely reduction in search cost or gain in valuation from personalized recommendations with 3 firms, based on historical outcomes showing minimal revenue differences.",0,"### Decision:
I'll **leave** (choose number -1) because: 
- Both searched firms have negative profits (-0.57 and -0.59), making any purchase unprofitable.
- Searching the third firm costs 0.02 with uncertain and likely low returns, risking further loss while current sunk cost is already 0.02.","C3 Search #1 (Searched:1/3, SearchCost:0.00, BestProfit:-0.57@F0) → Search Next; C3 Search #2 (Searched:2/3, SearchCost:0.02, BestProfit:-0.57@F0) → Purchase F0",-0.59,0.026,"[0.13, 0.94, 0.11]"
3,2,C4,False,"No, because the privacy cost of 0.054 exceeds the maximum potential search cost savings (up to 0.04) and any uncertain gains from better recommendations with 3 firms, based on past experience where minimal searches were needed regardless of sharing.",2,"### Decision:
I'll **purchase Firm 2** (choose number 2) because: 
- Positive profit of 0.2 ensures a gain with no risk.
- Searching costs 0.02 with uncertain benefit, potentially reducing total revenue.","C4 Search #1 (Searched:1/3, SearchCost:0.00, BestProfit:0.16@F1) → Search Next; C4 Search #2 (Searched:2/3, SearchCost:0.02, BestProfit:0.20@F2) → Purchase F2",0.18,0.054,"[0.88, 0.86, 0.9]"
3,2,C5,False,"No, because the privacy cost of 0.041 exceeds the maximum potential search cost savings of 0.04, making sharing not worthwhile despite the benefits of recommendations with 3 firms.",-1,"### Decision:
I'll **leave** (choose number -1) because: 
- Both searched firms have negative profits (-0.24 and -0.22), offering no gain.
- Searching another firm costs 0.02 with low likelihood of positive profit, based on current data.","C5 Search #1 (Searched:1/3, SearchCost:0.00, BestProfit:-0.24@F0) → Search Next; C5 Search #2 (Searched:2/3, SearchCost:0.02, BestProfit:-0.22@F1) → Leave Market",-0.02,0.041,"[0.46, 0.48, 0.52]"
3,2,C6,False,"No, because the privacy cost of 0.04 exceeds the expected small gain in valuation and search cost savings from personalized recommendations with 3 firms, based on historical outcomes and trade-off analysis.",1,"### Decision:
I'll **purchase Firm 1** (choose number 1) because: 
- Firm 1 offers the highest profit of 0.23 among searched firms, ensuring positive net revenue.
- Searching another firm costs 0.02 with uncertain benefit, likely not exceeding the current best profit, making it inefficient.","C6 Search #1 (Searched:1/3, SearchCost:0.00, BestProfit:0.09@F2) → Search Next; C6 Search #2 (Searched:2/3, SearchCost:0.02, BestProfit:0.23@F1) → Purchase F1",0.21,0.04,"[0.5, 0.93, 0.79]"
3,2,C7,False,"No, because the privacy cost of 0.04 likely exceeds the expected benefit from reduced search costs or improved valuations with personalized recommendations, based on similar revenues observed in other consumers who did not share data.",2,"### Decision:
I'll **purchase Firm 2** because: 
- Firm 2 offers a positive profit of 0.26, which I must act on rationally as per my guidelines.
- Searching another firm costs 0.02 with uncertain benefits, and the potential gain is unlikely to offset this cost given the lack of information and need for caution.","C7 Search #1 (Searched:1/3, SearchCost:0.00, BestProfit:-0.21@F1) → Search Next; C7 Search #2 (Searched:2/3, SearchCost:0.02, BestProfit:0.26@F2) → Purchase F2",0.24,0.04,"[0.36, 0.49, 0.96]"
3,2,C8,True,"Yes, because the potential increase in product valuation and reduction in search cost from personalized recommendations with 3 firms likely outweigh the privacy cost of 0.029, based on historical data showing higher or similar revenues for sharers.",-1,"### Decision:
I'll **leave** (choose number -1) because: 
- The first firm, with the highest valuation, has a negative profit of -0.03, indicating poor deals overall.
- Searching another firm costs 0.02 and, given the descending valuation order, is unlikely to yield a positive profit worth the cost.","C8 Search #1 (Searched:1/3, SearchCost:0.00, BestProfit:-0.03@F0) → Leave Market",-0.03,0.029,"[0.67, 0.57, 0.19]"
3,2,C9,False,"No, because the privacy cost of 0.053 exceeds the maximum potential reduction in search cost (0.04), making sharing not worthwhile.",0,"### Decision:
I'll **purchase Firm 0** (choose number 0) because: 
- The firm offers a positive profit of 0.23, ensuring a gain.
- Searching further costs 0.02 with uncertain benefits, making it risky and unnecessary.","C9 Search #1 (Searched:1/3, SearchCost:0.00, BestProfit:0.23@F0) → Purchase F0",0.23,0.053,"[0.93, 0.62, 0.92]"
3,2,C10,True,"Yes, because the expected reduction in search cost from personalized recommendations with 3 firms is likely to exceed my privacy value of 0.028, offsetting the cost and potentially maximizing total revenue by improving search efficiency.",-1,"### Decision:
I'll **leave** (choose number -1) because: 
- The only searched firm has a negative profit of -0.07, indicating no immediate gain.
- With data sharing sorting by valuation descending, the first firm is likely the best, so further searches may not justify the 0.02 cost for potentially lower or negative profits.","C10 Search #1 (Searched:1/3, SearchCost:0.00, BestProfit:-0.07@F1) → Leave Market",-0.03,0.028,"[0.32, 0.63, 0.05]"
3,2,C11,True,"Yes, because sharing data enables personalized recommendations that likely increase expected product valuation and reduce search costs, outweighing the privacy cost of 0.032 based on potential net revenue gains.",0,"### Decision:
I'll **purchase Firm 0** (choose number 0) because: 
- The firm provides a positive profit of 0.09, ensuring immediate gain.
- Additional search costs 0.02 and, with personalized sorting, is unlikely to improve profit significantly.","C11 Search #1 (Searched:1/3, SearchCost:0.00, BestProfit:0.09@F0) → Purchase F0",0.06,0.032,"[0.79, 0.28, 0.68]"
3,2,C12,False,"No, because the privacy cost of 0.052 exceeds the likely reduction in search cost (up to 0.04) and uncertain gains from better matching, making sharing unprofitable based on past outcomes and risk assessment.",-1,"### Decision:
I'll **leave** (choose number -1) because: 
- The searched firm offers negative profit (-0.65), indicating poor value.
- Searching another firm costs 0.02 with no guarantee of positive profit, risking unnecessary loss.","C12 Search #1 (Searched:1/3, SearchCost:0.00, BestProfit:-0.65@F1) → Leave Market",0.0,0.052,"[0.69, 0.05, 0.02]"
3,2,C13,False,"No, because the privacy cost of 0.05 exceeds the maximum possible search cost savings of 0.04 and any expected gain from better matching is likely minimal based on historical consumer outcomes.",-1,"### Decision:
I'll **leave** (choose number -1) because: 
- The only searched firm has a negative profit of -0.59, offering no value.
- Searching another firm costs 0.02 with low likelihood of positive profit, risking further loss.","C13 Search #1 (Searched:1/3, SearchCost:0.00, BestProfit:-0.59@F2) → Leave Market",0.0,0.05,"[0.48, 0.16, 0.11]"
3,2,C14,False,"No, because the privacy cost of 0.034 likely exceeds the expected savings in search cost (up to 0.02) and any marginal improvement in product valuation, based on historical consumer outcomes showing similar revenues with and without sharing.",0,"### Decision:
I'll **search another firm** (choose number 3) because: 
- The searched firm has negative profit (-0.06), so buying it would reduce revenue.
- Searching costs 0.02 and may reveal a firm with positive profit, offering potential gain with low risk.","C14 Search #1 (Searched:1/3, SearchCost:0.00, BestProfit:-0.06@F0) → Purchase F0",-0.06,0.034,"[0.64, 0.01, 0.43]"
3,2,C15,False,"No, because the privacy cost of 0.053 exceeds the potential search cost savings (up to 0.04) and any marginal improvement in product valuation, based on similar consumer outcomes and my previous low revenue when sharing.",-1,"### Decision:
I'll **leave** (choose number -1) because: 
- Both searched firms have negative profits, indicating no gain from purchasing.
- Additional search cost of 0.02 is unlikely to yield a positive profit, given the history of negative outcomes, and could increase losses.","C15 Search #1 (Searched:1/3, SearchCost:0.00, BestProfit:-0.04@F2) → Search Next; C15 Search #2 (Searched:2/3, SearchCost:0.02, BestProfit:-0.04@F2) → Leave Market",-0.02,0.053,"[0.13, 0.28, 0.66]"
3,2,C16,False,"No, because the privacy cost of 0.047 exceeds the maximum potential search cost savings of 0.04, making sharing data unprofitable on average.",-1,"### Decision:
I'll **leave** (choose number -1) because: 
- Both searched firms have negative profits, offering no gain from purchasing.
- Additional search cost of 0.02 is unlikely to yield positive profit, based on current and historical low valuations, increasing potential loss.","C16 Search #1 (Searched:1/3, SearchCost:0.00, BestProfit:-0.10@F1) → Search Next; C16 Search #2 (Searched:2/3, SearchCost:0.02, BestProfit:-0.10@F1) → Leave Market",-0.02,0.047,"[0.49, 0.6, 0.13]"
3,2,C17,False,"No, because the privacy cost of 0.031 exceeds the expected reduction in search cost (likely 0.02-0.03) and any marginal gain from improved product match, based on similar outcomes in past decisions with 3 firms.",2,"### Decision:
I'll **purchase Firm 2** (choose number 2) because: 
- The firm provides a positive profit of 0.1, which is rational to accept given the certainty of gain.
- Searching another firm costs 0.02 with uncertain improvement, risking a net revenue loss due to potential lack of better offers.","C17 Search #1 (Searched:1/3, SearchCost:0.00, BestProfit:0.10@F2) → Purchase F2",0.1,0.031,"[0.89, 0.41, 0.8]"
3,2,C18,True,"Yes, because personalized recommendations with 3 firms can increase expected product valuation and reduce search costs, likely outweighing the privacy cost of 0.045.",0,"### Decision:
I'll **purchase Firm 0** because: 
- Firm 0 offers a positive profit of 0.12, ensuring immediate gain.
- Searching further would cost 0.02 with likely diminishing returns due to valuation-ordered search.","C18 Search #1 (Searched:1/3, SearchCost:0.00, BestProfit:0.12@F0) → Purchase F0",0.08,0.045,"[0.82, 0.1, 0.59]"
3,2,C19,True,"Yes, because personalized recommendations with 3 firms likely provide higher expected valuation and lower search costs, outweighing the privacy cost of 0.045 based on expected revenue maximization.",-1,"### Decision:  
I'll **leave** (choose number -1) because:  
- The first firm, with the highest valuation due to personalized sorting, offers a negative profit of -0.11, indicating low likelihood of positive profits from remaining firms.  
- Searching another firm costs 0.02 with potential for even lower valuations, outweighing any uncertain benefits and risking higher losses.","C19 Search #1 (Searched:1/3, SearchCost:0.00, BestProfit:-0.11@F2) → Leave Market",-0.04,0.045,"[0.44, 0.12, 0.59]"
3,2,C20,False,"No, because the privacy cost of 0.055 exceeds the maximum possible search cost savings of 0.04, and the uncertain benefit from better matching does not justify the trade-off.",2,"### Decision:
I'll **purchase Firm 2** (choose number 2) because: 
- The firm offers a positive profit of 0.11, ensuring immediate revenue gain.
- Searching another firm costs 0.02 and may not improve profit, given uncertainty and caution advised.","C20 Search #1 (Searched:1/3, SearchCost:0.00, BestProfit:0.11@F2) → Purchase F2",0.11,0.055,"[0.64, 0.56, 0.81]"
3,3,C1,False,"No, because the privacy cost of 0.041 exceeds the expected reduction in search cost from personalized recommendations, based on historical data showing similar revenues with or without sharing.",1,"### Decision:
I'll **purchase Firm 1** (choose number 1) because: 
- The firm provides a positive profit of 0.22, ensuring a gain with no additional cost.
- Searching further incurs a 0.02 cost with uncertain benefits, unlikely to outweigh the expense given current positive outcome.","C1 Search #1 (Searched:1/3, SearchCost:0.00, BestProfit:0.22@F1) → Purchase F1",0.22,0.041,"[0.98, 0.82, 0.26]"
3,3,C2,False,"No, because the privacy cost of 0.053 exceeds the maximum potential search cost savings of 0.04, making sharing data unbeneficial even with personalized recommendations for 3 firms.",-1,"### Decision:
I'll **leave** (choose number -1) because: 
- The searched firm has a negative profit of -0.27, so purchasing it would reduce revenue.
- Searching another firm costs 0.02 and, based on historical negative profits, is unlikely to yield a positive profit, risking unnecessary loss.","C2 Search #1 (Searched:1/3, SearchCost:0.00, BestProfit:-0.27@F0) → Leave Market",0.0,0.053,"[0.43, 0.32, 0.55]"
3,3,C3,True,"Yes, because with 3 firms, personalized recommendations can significantly reduce search costs and minimize risks of poor purchases, while my low privacy cost of 0.026 is outweighed by the potential savings and improved decision-making based on past experiences with variable outcomes without sharing.",1,"### Decision:
I'll **purchase Firm 1** (choose number 1) because: 
- The firm offers a positive profit of 0.34, ensuring immediate gain with no further risk.
- With data-shared personalized sorting, the first firm is likely the best, and the 0.02 search cost may not justify potential lower-profit options.","C3 Search #1 (Searched:1/3, SearchCost:0.00, BestProfit:0.34@F1) → Purchase F1",0.31,0.026,"[0.13, 0.94, 0.11]"
3,3,C4,False,"No, because the privacy cost of 0.054 exceeds the maximum possible search cost savings of 0.04, making sharing data unbeneficial for maximizing total revenue.",0,"### Decision:
I'll **purchase Firm 0** (choose number 0) because: 
- Positive profit of 0.18 ensures a gain with minimal additional risk.
- Searching costs 0.02 with uncertain benefit, potentially reducing net revenue.","C4 Search #1 (Searched:1/3, SearchCost:0.00, BestProfit:0.10@F2) → Search Next; C4 Search #2 (Searched:2/3, SearchCost:0.02, BestProfit:0.18@F0) → Purchase F0",0.16,0.054,"[0.88, 0.86, 0.9]"
3,3,C5,False,"No, because the privacy cost of 0.041 slightly exceeds the maximum potential search cost savings of 0.04, and historical data shows similar revenues without sharing data, making the trade-off unfavorable.",-1,"### Decision:
I'll **leave** (choose number -1) because: 
- Both searched firms have negative profits (-0.24 and -0.12), offering no gain from purchasing.
- Searching another firm costs 0.02 and, based on past rounds with consistently negative profits, is unlikely to yield a profit high enough to offset the additional cost.","C5 Search #1 (Searched:1/3, SearchCost:0.00, BestProfit:-0.24@F0) → Search Next; C5 Search #2 (Searched:2/3, SearchCost:0.02, BestProfit:-0.12@F1) → Leave Market",-0.02,0.041,"[0.46, 0.48, 0.52]"
3,3,C6,True,"Yes, because with 3 firms, personalized recommendations significantly reduce expected search costs and improve deal-finding efficiency, outweighing the privacy cost of 0.04 based on my past higher revenue when sharing data.",1,"### Decision:
I'll **purchase Firm 1** (choose number 1) because: 
- Firm 1 provides a strong profit of 0.33, ensuring positive revenue.
- Additional search costs 0.02 with low expected gain due to personalized order.","C6 Search #1 (Searched:1/3, SearchCost:0.00, BestProfit:0.33@F1) → Purchase F1",0.29,0.04,"[0.5, 0.93, 0.79]"
3,3,C7,False,"No, because the privacy cost of 0.04 likely exceeds the expected reduction in search costs from personalized recommendations, based on historical data showing similar revenues with or without sharing.",0,"### Decision:
I'll **leave** (choose number -1) because: 
- Both searched firms have negative profits (-0.11 and -0.34), offering no rational purchase option.
- Searching another firm costs 0.02 with uncertain benefits, and given the risk of further losses without guaranteed positive profit, it's better to minimize additional costs.","C7 Search #1 (Searched:1/3, SearchCost:0.00, BestProfit:-0.11@F1) → Search Next; C7 Search #2 (Searched:2/3, SearchCost:0.02, BestProfit:-0.11@F1) → Purchase F0",-0.36,0.04,"[0.36, 0.49, 0.96]"
3,3,C8,True,"Yes, because with 3 firms, personalized recommendations can significantly reduce search costs, likely offsetting the privacy cost of 0.029 based on past experiences and potential savings.",-1,"### Decision:
I'll **leave** (choose number -1) because: 
- The only searched firm has a negative profit of -0.03, and with valuations sorted descending, further firms are unlikely to offer positive profit.
- Searching another firm costs 0.02, which may not be recovered given the risk of continued losses or no gain.","C8 Search #1 (Searched:1/3, SearchCost:0.00, BestProfit:-0.03@F0) → Leave Market",-0.03,0.029,"[0.67, 0.57, 0.19]"
3,3,C9,False,"No, because the privacy cost of 0.053 exceeds the maximum potential search cost savings of 0.04, making sharing not worthwhile despite the benefits of personalized recommendations with 3 firms.",2,"### Decision:  
I'll **purchase Firm 2** (choose number 2) because:  
- It offers the highest profit of 0.12 among searched firms.  
- Searching another firm costs 0.02 with uncertain benefits, risking reduced net revenue.","C9 Search #1 (Searched:1/3, SearchCost:0.00, BestProfit:0.02@F1) → Search Next; C9 Search #2 (Searched:2/3, SearchCost:0.02, BestProfit:0.12@F2) → Purchase F2",0.1,0.053,"[0.93, 0.62, 0.92]"
3,3,C10,True,"Yes, because with 3 firms, personalized recommendations can significantly reduce search costs by minimizing unnecessary searches, and the expected savings likely exceed my privacy cost of 0.028, based on past experiences and the potential for efficient decision-making.",1,"### Decision:
I'll **purchase Firm 1** (choose number 1) because: 
- Firm 1 offers a positive profit of 0.03, which I can secure immediately.
- Searching another firm costs 0.02, and with the valuation-sorted sequence, the expected gain is likely low and not worth the cost.","C10 Search #1 (Searched:1/3, SearchCost:0.00, BestProfit:0.03@F1) → Purchase F1",0.0,0.028,"[0.32, 0.63, 0.05]"
3,3,C11,False,"No, because the privacy cost of 0.032 likely exceeds the expected reduction in search costs from personalized recommendations, as search savings are uncertain and typically small (e.g., max 0.04 in worst case without sharing), based on past experiences and top consumer outcomes showing similar revenues regardless of sharing.",0,"### Decision:
I'll **purchase Firm 0** (choose number 0) because: 
- The firm offers a positive profit of 0.09, ensuring immediate gain.
- Searching another firm costs 0.02 with uncertain benefits, likely not justifying the expense given limited potential improvement.","C11 Search #1 (Searched:1/3, SearchCost:0.00, BestProfit:0.09@F0) → Purchase F0",0.09,0.032,"[0.79, 0.28, 0.68]"
3,3,C12,False,"No, because the privacy cost of 0.052 exceeds the maximum expected reduction in search cost of 0.04, making sharing unprofitable based on cost-benefit analysis.",-1,"### Decision:
I'll **leave** (choose number -1) because: 
- The searched firm offers negative profit (-0.55), so purchasing is unprofitable.
- Searching another firm costs 0.02, with low chance of positive profit based on past negative outcomes.","C12 Search #1 (Searched:1/3, SearchCost:0.00, BestProfit:-0.55@F1) → Leave Market",0.0,0.052,"[0.69, 0.05, 0.02]"
3,3,C13,False,"No, because the privacy cost of 0.05 exceeds the maximum search cost savings of 0.04, and past experiences show that not sharing data still allows finding good deals without additional privacy loss.",-1,"### Decision:
I'll **leave** (choose number -1) because: 
- The searched firm has negative profit (-0.44), providing no value.
- Searching another firm costs 0.02 with low likelihood of positive profit, based on historical negative outcomes.","C13 Search #1 (Searched:1/3, SearchCost:0.00, BestProfit:-0.44@F1) → Leave Market",0.0,0.05,"[0.48, 0.16, 0.11]"
3,3,C14,False,"No, because the privacy cost of 0.034 exceeds the expected reduction in search cost (up to 0.04 in worst case, but likely less), and historical data shows similar revenues with or without sharing.",0,"### Decision:
I'll **search another firm** (choose number 3) because: 
- The searched firm has negative profit (-0.06), so buying it would reduce revenue.
- Searching costs 0.02 and may reveal a firm with positive profit, offering potential gain with low risk.","C14 Search #1 (Searched:1/3, SearchCost:0.00, BestProfit:-0.06@F0) → Purchase F0",-0.06,0.034,"[0.64, 0.01, 0.43]"
3,3,C15,False,"No, because the privacy cost of 0.053 exceeds the maximum potential search cost savings of 0.04, and historical data shows similar revenues without sharing data, minimizing unnecessary risks.",-1,"### Decision:
I'll **leave** (choose number -1) because: 
- The searched firm has a negative profit of -0.14, offering no gain.
- Searching further costs 0.02 with uncertain benefits and potential for additional losses, based on past experiences of negative outcomes without data sharing.","C15 Search #1 (Searched:1/3, SearchCost:0.00, BestProfit:-0.14@F2) → Leave Market",0.0,0.053,"[0.13, 0.28, 0.66]"
3,3,C16,False,"No, because the privacy cost of 0.047 exceeds the maximum possible search cost savings of 0.04, making sharing data unprofitable on average.",-1,"### Decision:
I'll **leave** (choose number -1) because: 
- No searched firm offers positive profit, so purchasing provides no gain.
- Searching another firm would add 0.02 cost with low likelihood of positive profit based on historical negative or zero profits.","C16 Search #1 (Searched:1/3, SearchCost:0.00, BestProfit:0.00@F1) → Search Next; C16 Search #2 (Searched:2/3, SearchCost:0.02, BestProfit:0.00@F1) → Leave Market",-0.02,0.047,"[0.49, 0.6, 0.13]"
3,3,C17,False,"No, because the privacy cost of 0.031 likely exceeds the expected reduction in search cost (estimated at 0.01-0.02) from personalized recommendations with 3 firms, based on historical data showing similar revenues without sharing.",0,"### Decision:
I'll **purchase Firm 0** (choose number 0) because: 
- The firm offers a positive profit of 0.19, ensuring a gain.
- Searching another firm costs 0.02 with uncertain improvement, potentially reducing net revenue.","C17 Search #1 (Searched:1/3, SearchCost:0.00, BestProfit:0.00@F2) → Search Next; C17 Search #2 (Searched:2/3, SearchCost:0.02, BestProfit:0.19@F0) → Purchase F0",0.17,0.031,"[0.89, 0.41, 0.8]"
3,3,C18,False,"No, because the privacy cost of 0.045 exceeds the maximum possible search cost reduction of 0.04, making sharing data unbeneficial despite potential valuation improvements.",0,"### Decision:
I'll **purchase Firm 0** because: 
- Firm 0 offers a positive profit of 0.12, ensuring a gain.
- Searching further costs 0.02 with uncertain benefits, risking reduced revenue.","C18 Search #1 (Searched:1/3, SearchCost:0.00, BestProfit:-0.21@F2) → Search Next; C18 Search #2 (Searched:2/3, SearchCost:0.02, BestProfit:0.12@F0) → Purchase F0",0.1,0.045,"[0.82, 0.1, 0.59]"
3,3,C19,False,"No, because the privacy cost of 0.045 exceeds the maximum potential reduction in search cost (0.04), and historical consumer outcomes show similar revenues without sharing data, minimizing unnecessary risk.",-1,"### Decision:  
I'll **leave** (choose number -1) because:  
- The searched firm offers a substantial negative profit of -0.48, indicating poor value.  
- Searching another firm costs 0.02 with no assurance of positive profit, and given the high risk of continued losses, it's not worthwhile.","C19 Search #1 (Searched:1/3, SearchCost:0.00, BestProfit:-0.48@F1) → Leave Market",0.0,0.045,"[0.44, 0.12, 0.59]"
3,3,C20,False,"No, because the privacy cost of 0.055 exceeds the maximum possible search cost savings of 0.04, and the uncertain valuation benefits do not justify the trade-off.",2,"### Decision:  
I'll **purchase Firm 2** (choose number 2) because:  
- Firm 2 offers a positive profit of 0.01, ensuring some revenue gain.  
- Rationality requires buying when positive profit exists, and further searching risks additional cost without guaranteed benefit.","C20 Search #1 (Searched:1/3, SearchCost:0.00, BestProfit:0.01@F2) → Search Next; C20 Search #2 (Searched:2/3, SearchCost:0.02, BestProfit:0.01@F2) → Purchase F2",-0.01,0.055,"[0.64, 0.56, 0.81]"
3,4,C1,True,"Yes, because personalized recommendations from sharing data can increase valuation and reduce search costs, potentially outweighing the privacy cost of 0.041 based on historical data showing higher revenues when sharing.",0,"### Decision:
I'll **purchase Firm 0** (choose number 0) because: 
- The firm offers a positive profit of 0.28, ensuring a gain with no additional cost.
- Searching further costs 0.02 and is unlikely to improve the outcome due to personalized sorting by highest valuation.","C1 Search #1 (Searched:1/3, SearchCost:0.00, BestProfit:0.28@F0) → Purchase F0",0.24,0.041,"[0.98, 0.82, 0.26]"
3,4,C2,False,"No, because the privacy cost of 0.053 exceeds the maximum possible search cost savings of 0.04, making sharing data unbeneficial despite potential reductions in search cost.",-1,Defaulted after 3 fails. Best Profit: -0.38 -> Choice: -1,"C2 Search #1 (Searched:1/3, SearchCost:0.00, BestProfit:-0.38@F1) → Leave Market",0.0,0.053,"[0.43, 0.32, 0.55]"
3,4,C3,True,"Yes, because with 3 firms, personalized recommendations can significantly reduce search costs and minimize risks of poor purchases, outweighing the low privacy cost of 0.026 based on past experiences showing better outcomes when sharing data.",1,"### Decision:
I'll **purchase Firm 1** (choose number 1) because: 
- It offers a positive profit of 0.24, ensuring a gain.
- With personalized sorting from data sharing, it is likely the best, and searching further would incur a 0.02 cost with minimal expected benefit.","C3 Search #1 (Searched:1/3, SearchCost:0.00, BestProfit:0.24@F1) → Purchase F1",0.21,0.026,"[0.13, 0.94, 0.11]"
3,4,C4,False,"No, because the privacy cost of 0.054 exceeds the maximum potential search cost savings of 0.04, and personalized recommendations may not guarantee higher profits due to price variability.",2,"### Decision:
I'll **purchase Firm 2** (choose number 2) because: 
- Positive profit of 0.20 ensures a reliable gain with minimal risk.
- Searching costs an additional 0.02 with uncertain benefit, potentially lowering total revenue.","C4 Search #1 (Searched:1/3, SearchCost:0.00, BestProfit:0.16@F1) → Search Next; C4 Search #2 (Searched:2/3, SearchCost:0.02, BestProfit:0.20@F2) → Purchase F2",0.18,0.054,"[0.88, 0.86, 0.9]"
3,4,C5,True,"Yes, because the privacy cost of 0.041 is nearly offset by potential search cost savings up to 0.04, and sharing data could improve product matching and reduce risks of negative outcomes, as seen in higher revenues of data-sharers in the global history.",-1,"### Decision:  
I'll **leave** (choose number -1) because:  
- The searched firm has negative profit (-0.18), offering no gain.  
- Historical data shows consistently negative profits, making additional searches unlikely to yield positive returns and incurring a cost of 0.02.","C5 Search #1 (Searched:1/3, SearchCost:0.00, BestProfit:-0.18@F2) → Leave Market",-0.04,0.041,"[0.46, 0.48, 0.52]"
3,4,C6,True,"Yes, because with 3 firms, personalized recommendations reduce search costs and improve revenue, outweighing the privacy cost of 0.04 based on my historical higher earnings when sharing data.",1,"### Decision:
I'll **purchase Firm 1** (choose number 1) because: 
- Firm 1 provides a positive profit of 0.23, requiring purchase per rationality rules.
- Additional search costs 0.02 with minimal expected gain due to personalized sorting prioritizing highest value first.","C6 Search #1 (Searched:1/3, SearchCost:0.00, BestProfit:0.23@F1) → Purchase F1",0.19,0.04,"[0.5, 0.93, 0.79]"
3,4,C7,True,"Yes, because with 3 firms, personalized recommendations can significantly reduce search costs and improve deal-finding efficiency, outweighing the privacy cost of 0.04 based on my past higher revenue when sharing data (e.g., Round 1 revenue of 0.32 vs. average without sharing of -0.06).",2,"### Decision:
I'll **purchase Firm 2** (choose number 2) because: 
- It offers a positive profit of 0.26, which I must act on.
- With data sharing and personalized sorting, it's likely the best option, and further search costs 0.02 with uncertain benefits.","C7 Search #1 (Searched:1/3, SearchCost:0.00, BestProfit:0.26@F2) → Purchase F2",0.22,0.04,"[0.36, 0.49, 0.96]"
3,4,C8,True,"Yes, because personalized recommendations with 3 firms likely reduce search costs and increase expected valuation, outweighing the privacy cost of 0.029 based on historical data showing higher revenues for sharers.",-1,"### Decision:
I'll **leave** (choose number -1) because: 
- The searched firm has a negative profit of -0.03.
- With data sharing and sorted valuations, further firms are likely worse, and searching costs 0.02 with little upside.","C8 Search #1 (Searched:1/3, SearchCost:0.00, BestProfit:-0.03@F0) → Leave Market",-0.03,0.029,"[0.67, 0.57, 0.19]"
3,4,C9,False,"No, because the privacy cost of 0.053 exceeds the maximum potential search cost savings of 0.04, making sharing not worthwhile despite potential reductions in search costs.",2,"### Decision:  
I'll **purchase Firm 2** (choose number 2) because:  
- The firm provides a strong profit of 0.22, ensuring a gain.  
- Searching further costs 0.02 with uncertain improvement, risking reduced net revenue.","C9 Search #1 (Searched:1/3, SearchCost:0.00, BestProfit:0.22@F2) → Purchase F2",0.22,0.053,"[0.93, 0.62, 0.92]"
3,4,C10,True,"Yes, because with 3 firms, personalized recommendations likely reduce search costs more than my privacy value of 0.028, based on past benefits and efficiency gains.",-1,"### Decision:
I'll **leave** (choose number -1) because: 
- The only searched firm has a negative profit of -0.07, offering no gain.
- With data sharing and valuation-sorted sequence, the first firm is likely the best, so further searches costing 0.02 are unlikely to yield positive profit and may not justify the cost.","C10 Search #1 (Searched:1/3, SearchCost:0.00, BestProfit:-0.07@F1) → Leave Market",-0.03,0.028,"[0.32, 0.63, 0.05]"
3,4,C11,True,"Yes, because with 3 firms, personalized recommendations significantly reduce search costs and increase expected profit, outweighing the privacy cost of 0.032 based on top consumers' higher revenues when sharing.",0,"### Decision:  
I'll **purchase Firm 0** (choose number 0) because:  
- The firm offers a positive profit of 0.09, ensuring immediate gain.  
- Searching another firm costs 0.02 and, with personalized sorting, is unlikely to improve profit significantly due to decreasing valuations.","C11 Search #1 (Searched:1/3, SearchCost:0.00, BestProfit:0.09@F0) → Purchase F0",0.06,0.032,"[0.79, 0.28, 0.68]"
3,4,C12,True,"Yes, because with 3 firms, personalized recommendations can reduce search costs and increase the likelihood of a good deal, outweighing the privacy cost of 0.052 based on observed positive outcomes from similar consumers.",-1,"### Decision:
I'll **leave** (choose number -1) because: 
- The searched firm offers negative profit (-0.01), suggesting no viable deals.
- Searching another firm costs 0.02 with low likelihood of positive profit, risking unnecessary loss based on current and historical outcomes.","C12 Search #1 (Searched:1/3, SearchCost:0.00, BestProfit:-0.01@F0) → Leave Market",-0.05,0.052,"[0.69, 0.05, 0.02]"
3,4,C13,False,"No, because the privacy cost of 0.05 exceeds the maximum potential search cost savings of 0.04, and historical outcomes show similar or better results without sharing data, minimizing unnecessary risk.",-1,"### Decision:
I'll **leave** (choose number -1) because: 
- The searched firm has negative profit (-0.22), offering no value.
- Historical data shows all searched firms had negative profits, making additional search costly and unlikely to yield positive returns.","C13 Search #1 (Searched:1/3, SearchCost:0.00, BestProfit:-0.22@F0) → Leave Market",0.0,0.05,"[0.48, 0.16, 0.11]"
3,4,C14,True,"Yes, because with 3 firms, personalized recommendations will likely reduce search costs and improve product matching, outweighing the privacy cost of 0.034, as evidenced by higher revenues in past rounds when sharing data.",0,"### Decision:
I'll **search another firm** (choose number 3) because: 
- The searched firm has negative profit (-0.06), making purchase unprofitable.
- Searching costs 0.02 and could reveal a firm with positive profit, providing a low-risk opportunity to improve revenue.","C14 Search #1 (Searched:1/3, SearchCost:0.00, BestProfit:-0.06@F0) → Purchase F0",-0.09,0.034,"[0.64, 0.01, 0.43]"
3,4,C15,True,"Yes, because with 3 firms, personalized recommendations can significantly reduce search costs and improve product matching, potentially offsetting the privacy cost of 0.053, as historical data shows better outcomes when sharing data compared to not sharing.",-1,"### Decision:  
I'll **leave** (choose number -1) because:  
- The searched firm has negative profit (-0.04), indicating no gain.  
- Searching further costs 0.02 with low expected profit due to decreasing valuations in sorted order.","C15 Search #1 (Searched:1/3, SearchCost:0.00, BestProfit:-0.04@F2) → Leave Market",-0.05,0.053,"[0.13, 0.28, 0.66]"
3,4,C16,False,"No, because the privacy cost of 0.047 exceeds the maximum possible search cost savings of 0.04, making sharing data unprofitable on average despite potential benefits from recommendations.",-1,"### Decision:
I'll **leave** (choose number -1) because: 
- The searched firm has negative profit (-0.21), offering no gain.
- Historical data shows rare positive profits, making additional search cost (0.02) likely unprofitable.","C16 Search #1 (Searched:1/3, SearchCost:0.00, BestProfit:-0.21@F0) → Leave Market",0.0,0.047,"[0.49, 0.6, 0.13]"
3,4,C17,False,"No, because the privacy cost of 0.031 likely exceeds the expected reduction in search cost (typically 0.02-0.03) from personalized recommendations, as shown in my past rounds with similar revenues without sharing data.",0,"### Decision:
I'll **purchase Firm 0** (choose number 0) because: 
- The firm provides a positive profit of 0.19, guaranteeing a gain with no additional cost.
- Searching another firm costs 0.02 with uncertain benefits, potentially lowering net revenue based on historical patterns.","C17 Search #1 (Searched:1/3, SearchCost:0.00, BestProfit:0.19@F0) → Purchase F0",0.19,0.031,"[0.89, 0.41, 0.8]"
3,4,C18,False,"No, because the privacy cost of 0.045 exceeds the maximum possible search cost reduction of 0.04, making sharing data unbeneficial based on historical outcomes and risk assessment.",0,"### Decision:
I'll **purchase Firm 0** because: 
- Firm 0 provides a positive profit of 0.12, ensuring a gain.
- Searching further costs 0.02 with uncertain benefits, likely reducing overall revenue.","C18 Search #1 (Searched:1/3, SearchCost:0.00, BestProfit:-0.11@F2) → Search Next; C18 Search #2 (Searched:2/3, SearchCost:0.02, BestProfit:0.12@F0) → Purchase F0",0.1,0.045,"[0.82, 0.1, 0.59]"
3,4,C19,True,"Yes, because personalized recommendations with 3 firms increase expected valuation and reduce search costs, likely outweighing the privacy cost of 0.045 based on observed higher revenues from similar consumers who shared data.",-1,"### Decision:  
I'll **leave** (choose number -1) because:  
- The only searched firm has negative profit (-0.11), and as the highest-valued option due to data sharing, further firms are unlikely to offer positive profit.  
- Searching another firm costs 0.02 with high risk of continued losses, while leaving minimizes total revenue loss to just the privacy cost of 0.045.","C19 Search #1 (Searched:1/3, SearchCost:0.00, BestProfit:-0.11@F2) → Leave Market",-0.04,0.045,"[0.44, 0.12, 0.59]"
3,4,C20,False,"No, because the privacy cost of 0.055 exceeds the maximum possible search cost savings of 0.04 from reduced searches with personalized recommendations.",-1,"### Decision:
I'll **leave** (choose number -1) because: 
- The searched firm has negative profit (-0.14), offering no immediate benefit.
- Further searches cost 0.02 with uncertain gains, risking reduced revenue without guaranteed improvement.","C20 Search #1 (Searched:1/3, SearchCost:0.00, BestProfit:-0.14@F1) → Leave Market",0.0,0.055,"[0.64, 0.56, 0.81]"
3,5,C1,True,"Yes, because historical data shows sharing data leads to higher valuations and similar or lower search costs, outweighing the privacy cost of 0.041 and maximizing expected revenue.",0,"### Decision:
I'll **purchase Firm 0** (choose number 0) because: 
- The firm provides a positive profit of 0.38, ensuring a gain with no additional cost.
- Searching further costs 0.02 and is unlikely to improve the outcome due to personalized sorting from data sharing.","C1 Search #1 (Searched:1/3, SearchCost:0.00, BestProfit:0.38@F0) → Purchase F0",0.34,0.041,"[0.98, 0.82, 0.26]"
3,5,C2,False,"No, because the privacy cost of 0.053 exceeds the maximum potential search cost savings of 0.04, making sharing data unbeneficial despite possible reductions in search costs.",-1,Defaulted after 3 fails. Best Profit: -0.33 -> Choice: -1,"C2 Search #1 (Searched:1/3, SearchCost:0.00, BestProfit:-0.33@F1) → Leave Market",0.0,0.053,"[0.43, 0.32, 0.55]"
3,5,C3,True,"Yes, because the privacy cost of 0.026 is outweighed by potential search cost savings of up to 0.04 from personalized recommendations with 3 firms, based on historical benefits in reducing searches and improving outcomes.",1,"### Decision:
I'll **purchase Firm 1** (choose number 1) because: 
- It offers a positive profit of 0.29, ensuring an immediate gain.
- With data-shared personalized sorting, the first firm is likely the best, and further search would incur a 0.02 cost with minimal expected benefit.","C3 Search #1 (Searched:1/3, SearchCost:0.00, BestProfit:0.29@F1) → Purchase F1",0.26,0.026,"[0.13, 0.94, 0.11]"
3,5,C4,False,"No, because the privacy cost of 0.054 exceeds the maximum potential search cost savings of 0.04, and historical data shows comparable revenues without sharing data.",0,"### Decision:
I'll **purchase Firm 0** (choose number 0) because: 
- Positive profit of 0.28 ensures a solid gain with no additional cost.
- Searching next costs 0.02 with uncertain benefit, likely reducing net revenue based on historical outcomes.","C4 Search #1 (Searched:1/3, SearchCost:0.00, BestProfit:0.28@F0) → Purchase F0",0.28,0.054,"[0.88, 0.86, 0.9]"
3,5,C5,True,"Yes, because sharing data can reduce search costs and improve product matching, potentially offsetting the privacy cost of 0.041, as shown by higher revenues in recent global consumer data.",-1,"### Decision:  
I'll **leave** (choose number -1) because:  
- The searched firm has negative profit (-0.28), offering no gain.  
- With personalized sorting, additional searches are unlikely to yield positive profit, and the cost of 0.02 outweighs potential benefits based on historical negative outcomes.","C5 Search #1 (Searched:1/3, SearchCost:0.00, BestProfit:-0.28@F2) → Leave Market",-0.04,0.041,"[0.46, 0.48, 0.52]"
3,5,C6,True,"Yes, because historical data shows that sharing data consistently yields higher average revenue (e.g., 0.2567 with sharing vs. 0.21 without), and with 3 firms, personalized recommendations reduce search costs and improve efficiency, offsetting the privacy cost of 0.04.",1,"### Decision:
I'll **purchase Firm 1** (choose number 1) because: 
- Firm 1 has a positive profit of 0.28, requiring purchase per rationality rules.
- With data sharing and personalized sorting, this is likely the best deal, making further search inefficient and costly.","C6 Search #1 (Searched:1/3, SearchCost:0.00, BestProfit:0.28@F1) → Purchase F1",0.24,0.04,"[0.5, 0.93, 0.79]"
3,5,C7,True,"Yes, because sharing data has historically increased my average revenue (e.g., 0.27 with sharing vs. -0.06 without) by reducing search costs through personalized recommendations, offsetting the privacy cost of 0.04 with 3 firms.",2,"### Decision:  
I'll **purchase Firm 2** (choose number 2) because:  
- It offers a positive profit of 0.16, which I must act on rationally as per guidelines.  
- With data sharing and personalized recommendations sorting by highest valuation, it is likely the best option, and further search costs 0.02 with low expected gain.","C7 Search #1 (Searched:1/3, SearchCost:0.00, BestProfit:0.16@F2) → Purchase F2",0.12,0.04,"[0.36, 0.49, 0.96]"
3,5,C8,True,"Yes, because my low privacy value of 0.029 is likely outweighed by the potential search cost savings from personalized recommendations with 3 firms, as seen in historical data where sharers achieved higher revenues with reduced searches.",0,"### Decision:
I'll **purchase Firm 0** (choose number 0) because: 
- It offers a positive profit of 0.07.
- Additional search costs 0.02 and is unlikely to yield a better deal, given the valuation-sorted recommendations.","C8 Search #1 (Searched:1/3, SearchCost:0.00, BestProfit:0.07@F0) → Purchase F0",0.04,0.029,"[0.67, 0.57, 0.19]"
3,5,C9,False,"No, because the privacy cost of 0.053 exceeds the maximum potential search cost savings of 0.04, making sharing not worthwhile despite potential benefits from personalized recommendations.",-1,Defaulted after 3 fails. Best Profit: -0.03 -> Choice: -1,"C9 Search #1 (Searched:1/3, SearchCost:0.00, BestProfit:-0.03@F1) → Leave Market",0.0,0.053,"[0.93, 0.62, 0.92]"
3,5,C10,True,"Yes, because with 3 firms, personalized recommendations are likely to reduce search costs significantly, exceeding my privacy value of 0.028 and improving overall revenue potential.",-1,"### Decision:
I'll **leave** (choose number -1) because: 
- The only searched firm has a negative profit of -0.02, offering no gain.
- With data sharing and valuation-sorted sequence, the first firm is likely the best, so further searches costing 0.02 are unlikely to yield positive profit and may increase losses.","C10 Search #1 (Searched:1/3, SearchCost:0.00, BestProfit:-0.02@F1) → Leave Market",-0.03,0.028,"[0.32, 0.63, 0.05]"
3,5,C11,True,"Yes, because sharing data with 3 firms provides personalized recommendations that likely increase expected product valuation and reduce search costs, potentially outweighing the privacy cost of 0.032, as evidenced by top consumers achieving higher revenues when sharing.",0,"### Decision:  
I'll **purchase Firm 0** (choose number 0) because:  
- The firm provides a high profit of 0.19.  
- Searching another firm costs 0.02 and, with personalized sorting, is unlikely to improve profit significantly due to decreasing valuations.","C11 Search #1 (Searched:1/3, SearchCost:0.00, BestProfit:0.19@F0) → Purchase F0",0.16,0.032,"[0.79, 0.28, 0.68]"
3,5,C12,True,"Yes, because personalized recommendations with 3 firms can reduce search costs and improve matching, potentially offsetting the 0.052 privacy cost based on higher revenues observed in similar consumers.",0,"### Decision:
I'll **purchase Firm 0** (choose number 0) because: 
- The firm offers a positive profit of 0.09, ensuring a net gain after costs.
- Total revenue would be positive (0.038), and further search risks unnecessary cost with likely diminishing returns due to personalized ordering.","C12 Search #1 (Searched:1/3, SearchCost:0.00, BestProfit:0.09@F0) → Purchase F0",0.04,0.052,"[0.69, 0.05, 0.02]"
3,5,C13,False,"No, because the privacy cost of 0.05 exceeds the maximum potential search cost savings of 0.04, making sharing data not worthwhile despite potential reductions in search costs.",-1,"### Decision:
I'll **leave** (choose number -1) because: 
- The searched firm has negative profit (-0.69), offering no value.
- Historical outcomes show all searched firms had negative profits, making additional search costly and unlikely to yield positive returns.","C13 Search #1 (Searched:1/3, SearchCost:0.00, BestProfit:-0.69@F2) → Leave Market",0.0,0.05,"[0.48, 0.16, 0.11]"
3,5,C14,True,"Yes, because with 3 firms, personalized recommendations can reduce search costs and improve product matching, potentially outweighing the privacy cost of 0.034, as supported by historical data showing better or similar revenues when sharing data.",0,"### Decision:
I'll **purchase Firm 0** (choose number 0) because: 
- It offers a positive profit of 0.04, ensuring a gain.
- Additional search costs 0.02 and is unlikely to yield a better profit, given personalized recommendations sort by highest valuation first.","C14 Search #1 (Searched:1/3, SearchCost:0.00, BestProfit:0.04@F0) → Purchase F0",0.01,0.034,"[0.64, 0.01, 0.43]"
3,5,C15,False,"No, because the privacy cost of 0.053 exceeds the maximum potential search cost savings of 0.04, and my historical data shows mixed outcomes with sharing, often not offsetting the cost effectively.",-1,"### Decision:
I'll **leave** (choose number -1) because: 
- The searched firm has a negative profit of -0.47, offering no gain.
- Searching further costs 0.02 with likely negative expected profit based on historical no-share outcomes, risking unnecessary losses.","C15 Search #1 (Searched:1/3, SearchCost:0.00, BestProfit:-0.47@F0) → Leave Market",0.0,0.053,"[0.13, 0.28, 0.66]"
3,5,C16,False,"No, because the privacy cost of 0.047 exceeds the maximum potential search cost savings of 0.04, making sharing data unprofitable on average despite potential reductions in search costs.",-1,"### Decision:
I'll **leave** (choose number -1) because: 
- The searched firm has a negative profit of -0.67, offering no gain from purchasing.
- Historical data shows no positive profits, making additional search cost of 0.02 likely unprofitable and increasing potential loss.","C16 Search #1 (Searched:1/3, SearchCost:0.00, BestProfit:-0.67@F2) → Leave Market",0.0,0.047,"[0.49, 0.6, 0.13]"
3,5,C17,True,"Yes, because with a low privacy cost of 0.031 and 3 firms maximizing recommendation value, sharing data can reduce search costs and improve valuation matching, potentially outweighing the cost based on higher revenues observed in data-sharing consumers.",0,"### Decision:  
I'll **purchase Firm 0** (choose number 0) because:  
- The firm provides a high profit of 0.29, maximizing immediate gain with no additional cost.  
- Searching another firm costs 0.02 with uncertain improvement, likely minimal given the personalized search order sorting by highest valuation first.","C17 Search #1 (Searched:1/3, SearchCost:0.00, BestProfit:0.29@F0) → Purchase F0",0.26,0.031,"[0.89, 0.41, 0.8]"
3,5,C18,False,"No, because the privacy cost of 0.045 exceeds the maximum possible search cost reduction of 0.04, making sharing data unbeneficial despite potential search efficiency gains.",0,"### Decision:
I'll **purchase Firm 0** because: 
- Firm 0 offers a positive profit of 0.22, ensuring a gain.
- Searching further costs 0.02 with low expected improvement based on historical data, risking reduced revenue.","C18 Search #1 (Searched:1/3, SearchCost:0.00, BestProfit:0.22@F0) → Purchase F0",0.22,0.045,"[0.82, 0.1, 0.59]"
3,5,C19,False,"No, because the privacy cost of 0.045 exceeds the maximum potential search cost savings of 0.04, and my historical data shows that not sharing often results in similar or better outcomes with no privacy loss, minimizing unnecessary risk.",0,"### Decision:  
I'll **leave** (choose number -1) because:  
- The searched firm has negative profit (-0.16), making purchase unprofitable.  
- Historical data shows low likelihood of positive profit from additional searches, and incurring a 0.02 search cost risks further losses without expected gain.","C19 Search #1 (Searched:1/3, SearchCost:0.00, BestProfit:-0.16@F0) → Purchase F0",-0.16,0.045,"[0.44, 0.12, 0.59]"
3,5,C20,False,"No, because the privacy cost of 0.055 exceeds the maximum possible search cost savings of 0.04, making the trade-off unfavorable despite potential reductions in search costs from personalized recommendations.",2,"### Decision:  
I'll **purchase Firm 2** (choose number 2) because:  
- Firm 2 offers a positive profit of 0.01, which I must act on rationally by buying rather than leaving or incurring further costs.  
- Searching another firm costs 0.02 and risks reducing revenue due to uncertain outcomes, with no guaranteed improvement over the current small profit.","C20 Search #1 (Searched:1/3, SearchCost:0.00, BestProfit:0.01@F2) → Purchase F2",0.01,0.055,"[0.64, 0.56, 0.81]"
3,6,C1,True,"Yes, because historical data consistently shows that sharing data increases valuation and reduces search costs, outweighing the privacy cost of 0.041 and maximizing expected revenue.",0,"### Decision:
I'll **purchase Firm 0** (choose number 0) because: 
- The firm offers a positive profit of 0.28, ensuring a gain with no additional cost.
- Searching further costs 0.02 and is unlikely to improve the outcome due to personalized sorting by highest valuation.","C1 Search #1 (Searched:1/3, SearchCost:0.00, BestProfit:0.28@F0) → Purchase F0",0.24,0.041,"[0.98, 0.82, 0.26]"
3,6,C2,False,"No, because the privacy cost of 0.053 exceeds the maximum possible search cost savings of 0.04, making sharing data unbeneficial.",-1,Defaulted after 3 fails. Best Profit: -0.05 -> Choice: -1,"C2 Search #1 (Searched:1/3, SearchCost:0.00, BestProfit:-0.05@F2) → Leave Market",0.0,0.053,"[0.43, 0.32, 0.55]"
3,6,C3,True,"Yes, because the potential search cost savings of up to 0.04 from personalized recommendations with 3 firms outweigh the privacy cost of 0.026, reducing risks and improving expected revenue based on past experiences.",1,"### Decision:
I'll **purchase Firm 1** (choose number 1) because: 
- It offers a positive profit of 0.34, ensuring an immediate gain with no risk of loss.
- With personalized sorting from data sharing, the first firm is likely the best, and further searching would cost 0.02 with uncertain and minimal expected benefit.","C3 Search #1 (Searched:1/3, SearchCost:0.00, BestProfit:0.34@F1) → Purchase F1",0.31,0.026,"[0.13, 0.94, 0.11]"
3,6,C4,False,"No, because the privacy cost of 0.054 exceeds the maximum potential search cost savings of 0.04, making sharing data unbeneficial for maximizing total revenue based on historical outcomes and cost-benefit analysis.",2,"### Decision:
I'll **purchase Firm 2** (choose number 2) because: 
- Firm 2 provides the highest profit of 0.3, ensuring a strong gain.
- Searching costs an additional 0.02 with low expected improvement, risking lower revenue.","C4 Search #1 (Searched:1/3, SearchCost:0.00, BestProfit:0.18@F0) → Search Next; C4 Search #2 (Searched:2/3, SearchCost:0.02, BestProfit:0.30@F2) → Purchase F2",0.28,0.054,"[0.88, 0.86, 0.9]"
3,6,C5,True,"Yes, because historical data from top consumers shows that sharing data often leads to higher revenues through reduced search costs and better product matching, potentially offsetting the privacy cost of 0.041.",-1,"### Decision:  
I'll **leave** (choose number -1) because:  
- The searched firm has negative profit (-0.08), offering no gain.  
- With personalized sorting, additional searches are likely to yield lower valuations and negative profits, while incurring a search cost of 0.02 that outweighs potential benefits.","C5 Search #1 (Searched:1/3, SearchCost:0.00, BestProfit:-0.08@F2) → Leave Market",-0.04,0.041,"[0.46, 0.48, 0.52]"
3,6,C6,True,"Yes, because historical data shows sharing data consistently increases average revenue by reducing search costs, outweighing the privacy cost of 0.04.",1,"### Decision:
I'll **purchase Firm 1** (choose number 1) because: 
- Firm 1 provides a positive profit of 0.33, requiring purchase as per rationality rules.
- With data sharing and personalized sorting, this is likely the best deal, so further search would be costly and inefficient.","C6 Search #1 (Searched:1/3, SearchCost:0.00, BestProfit:0.33@F1) → Purchase F1",0.29,0.04,"[0.5, 0.93, 0.79]"
3,6,C7,True,"Yes, because historical data shows sharing data reduces search costs and improves average revenue, offsetting the privacy cost of 0.04 with personalized recommendations for 3 firms.",2,"### Decision:
I'll **purchase Firm 2** (choose number 2) because: 
- It offers a positive profit of 0.36, which I must act on rationally as per guidelines.
- With data sharing and personalized recommendations sorting by highest valuation, it is likely the best option, and further search costs 0.02 with uncertain benefits.","C7 Search #1 (Searched:1/3, SearchCost:0.00, BestProfit:0.36@F2) → Purchase F2",0.32,0.04,"[0.36, 0.49, 0.96]"
3,6,C8,True,"Yes, because the privacy cost of 0.029 is low and likely outweighed by the potential reduction in search costs and improved valuation matching from personalized recommendations with 3 firms, based on historical data showing sharers often achieve higher or similar revenues with fewer searches.",-1,"### Decision:
I'll **leave** (choose number -1) because: 
- The searched firm has a negative profit of -0.03, indicating no good deals.
- With data-shared sorting by valuation descending, further searches are unlikely to yield positive profit and would incur a 0.02 cost, reducing revenue.","C8 Search #1 (Searched:1/3, SearchCost:0.00, BestProfit:-0.03@F0) → Leave Market",-0.03,0.029,"[0.67, 0.57, 0.19]"
3,6,C9,False,"No, because the privacy cost of 0.053 exceeds the maximum potential search cost savings of 0.04, making sharing not worthwhile.",0,"### Decision:
I'll **purchase Firm 0** (choose number 0) because: 
- The firm offers a positive profit of 0.23, ensuring a gain.
- Searching further costs 0.02 with uncertain benefits, risking reduced net revenue.","C9 Search #1 (Searched:1/3, SearchCost:0.00, BestProfit:0.23@F0) → Purchase F0",0.23,0.053,"[0.93, 0.62, 0.92]"
3,6,C10,True,"Yes, because the expected reduction in search cost from personalized recommendations with 3 firms likely exceeds my privacy cost of 0.028, based on historical benefits and efficiency gains.",1,"### Decision:
I'll **purchase Firm 1** (choose number 1) because: 
- Firm 1 offers a positive profit of 0.03, which I can secure immediately.
- Searching another firm costs 0.02 and, with the valuation-sorted sequence, is unlikely to yield a better profit, making further search inefficient.","C10 Search #1 (Searched:1/3, SearchCost:0.00, BestProfit:0.03@F1) → Purchase F1",0.0,0.028,"[0.32, 0.63, 0.05]"
3,6,C11,True,"Yes, because with 3 firms, personalized recommendations likely increase valuation and reduce search costs, outweighing the privacy cost of 0.032 based on historical data showing higher revenues when sharing.",0,"### Decision:  
I'll **purchase Firm 0** (choose number 0) because:  
- The firm offers a positive profit of 0.09, ensuring immediate gain.  
- Searching another firm costs 0.02 and, with personalized sorting, is unlikely to improve profit significantly due to decreasing valuations.","C11 Search #1 (Searched:1/3, SearchCost:0.00, BestProfit:0.09@F0) → Purchase F0",0.06,0.032,"[0.79, 0.28, 0.68]"
3,6,C12,False,"No, because the privacy cost of 0.052 exceeds the maximum expected search cost savings of 0.04, and historical outcomes show comparable or better revenue without sharing data, minimizing unnecessary risk.",0,"### Decision:
I'll **leave** (choose number -1) because: 
- The searched firm offers negative profit (-0.01), making purchase unprofitable.
- Searching another firm costs 0.02 with low likelihood of positive profit based on historical negative outcomes, risking unnecessary loss.","C12 Search #1 (Searched:1/3, SearchCost:0.00, BestProfit:-0.01@F0) → Purchase F0",-0.01,0.052,"[0.69, 0.05, 0.02]"
3,6,C13,False,"No, because the privacy cost of 0.05 exceeds the maximum potential search cost savings of 0.04, and historical data, including my past decisions and top consumer outcomes, shows that not sharing data can still yield positive revenue without incurring privacy loss, minimizing overall risk.",-1,"### Decision:
I'll **leave** (choose number -1) because: 
- The searched firm has negative profit (-0.49), offering no value.
- Historical data shows all past searches resulted in negative profits, making additional search unlikely to yield positive returns and incurring unnecessary cost.","C13 Search #1 (Searched:1/3, SearchCost:0.00, BestProfit:-0.49@F2) → Leave Market",0.0,0.05,"[0.48, 0.16, 0.11]"
3,6,C14,True,"Yes, because with 3 firms, personalized recommendations are likely to reduce expected search costs by more than the privacy cost of 0.034, based on historical data showing higher revenues when sharing data.",-1,"### Decision:
I'll **leave** (choose number -1) because: 
- The searched firm has negative profit (-0.06), so purchasing would reduce revenue.
- With personalized recommendations sorting firms from highest to lowest value, additional searches are unlikely to yield positive profit, and the 0.02 search cost would worsen the current revenue outcome of -0.034 if leaving now.","C14 Search #1 (Searched:1/3, SearchCost:0.00, BestProfit:-0.06@F0) → Leave Market",-0.03,0.034,"[0.64, 0.01, 0.43]"
3,6,C15,False,"No, because the privacy cost of 0.053 exceeds the maximum potential search cost savings of 0.04, and historical data shows comparable or better outcomes without sharing data, minimizing unnecessary risks to revenue.",-1,"### Decision:  
I'll **leave** (choose number -1) because:  
- The searched firm has negative profit (-0.32), indicating no gain.  
- Searching further costs 0.02 with low expected profit based on historical negative outcomes without data sharing, risking unnecessary losses.","C15 Search #1 (Searched:1/3, SearchCost:0.00, BestProfit:-0.32@F1) → Leave Market",0.0,0.053,"[0.13, 0.28, 0.66]"
3,6,C16,False,"No, because the privacy cost of 0.047 exceeds the maximum potential search cost savings of 0.04, making sharing data unprofitable on average despite potential benefits from recommendations.",-1,"### Decision:
I'll **leave** (choose number -1) because: 
- The searched firm has a negative profit of -0.21, offering no gain from purchasing.
- Historical data shows no positive profits from additional searches, making the 0.02 search cost likely unprofitable.","C16 Search #1 (Searched:1/3, SearchCost:0.00, BestProfit:-0.21@F0) → Leave Market",0.0,0.047,"[0.49, 0.6, 0.13]"
3,6,C17,True,"Yes, because with 3 firms, personalized recommendations significantly reduce search costs and improve product matching, potentially increasing revenue by more than the privacy cost of 0.031, as shown in past experiences.",0,"### Decision:  
I'll **purchase Firm 0** (choose number 0) because:  
- The firm offers a positive profit of 0.19, ensuring a gain with no additional cost.  
- Searching another firm costs 0.02 with uncertain improvement, likely minimal given personalized recommendations sorting by highest valuation first.","C17 Search #1 (Searched:1/3, SearchCost:0.00, BestProfit:0.19@F0) → Purchase F0",0.16,0.031,"[0.89, 0.41, 0.8]"
3,6,C18,False,"No, because the privacy cost of 0.045 exceeds the maximum possible search cost savings of 0.04, making sharing data unbeneficial based on historical outcomes and risk assessment.",0,"### Decision:
I'll **purchase Firm 0** because: 
- Firm 0 offers a positive profit of 0.12, ensuring a gain.
- Searching further costs 0.02 with uncertain benefits and low expected improvement, risking reduced revenue.","C18 Search #1 (Searched:1/3, SearchCost:0.00, BestProfit:-0.01@F2) → Search Next; C18 Search #2 (Searched:2/3, SearchCost:0.02, BestProfit:0.12@F0) → Purchase F0",0.1,0.045,"[0.82, 0.1, 0.59]"
3,6,C19,True,"Yes, because historical data from top consumers indicates that sharing data leads to higher revenues through better product matches and reduced search costs, outweighing the privacy cost of 0.045.",-1,"### Decision:  
I'll **leave** (choose number -1) because:  
- The searched firm has negative profit (-0.01) and, as the highest-valuation option from personalized sorting, further firms are unlikely to offer positive profit.  
- Searching another firm costs 0.02 with high risk of continued losses and no expected gain, while leaving minimizes total revenue loss to the privacy cost of 0.045.","C19 Search #1 (Searched:1/3, SearchCost:0.00, BestProfit:-0.01@F2) → Leave Market",-0.04,0.045,"[0.44, 0.12, 0.59]"
3,6,C20,False,"No, because the privacy cost of 0.055 exceeds the maximum possible search cost savings of 0.04, making sharing data unprofitable.",-1,"### Decision:  
I'll **leave** (choose number -1) because:  
- The searched firm has negative profit (-0.04), offering no immediate benefit.  
- Searching another firm costs 0.02 with uncertain gains, risking a net loss without guaranteed improvement.","C20 Search #1 (Searched:1/3, SearchCost:0.00, BestProfit:-0.04@F1) → Leave Market",0.0,0.055,"[0.64, 0.56, 0.81]"
3,7,C1,True,"Yes, because historical data shows sharing data consistently increases valuation and reduces search costs, outweighing the privacy cost of 0.041 and maximizing expected revenue with 3 firms.",0,"### Decision:
I'll **purchase Firm 0** (choose number 0) because: 
- The firm offers a positive profit of 0.38, ensuring a gain with no additional cost.
- Searching further would cost 0.02 and is unlikely to improve the outcome due to personalized sorting by highest valuation.","C1 Search #1 (Searched:1/3, SearchCost:0.00, BestProfit:0.38@F0) → Purchase F0",0.34,0.041,"[0.98, 0.82, 0.26]"
3,7,C2,False,"No, because the privacy cost of 0.053 exceeds the maximum possible search cost savings of 0.04, making sharing data unbeneficial even with potential recommendations.",-1,"### Decision:
I'll **leave** (choose number -1) because: 
- The searched firm has a negative profit of -0.15, making purchase unprofitable.
- Historical data shows no positive profits from searches, so further searching risks incurring additional costs without benefit.","C2 Search #1 (Searched:1/3, SearchCost:0.00, BestProfit:-0.15@F2) → Leave Market",0.0,0.053,"[0.43, 0.32, 0.55]"
3,7,C3,True,"Yes, because the potential search cost savings of up to 0.04 from personalized recommendations with 3 firms outweigh the privacy cost of 0.026, based on historical data showing reduced searches and higher average revenue when sharing data.",1,"### Decision:
I'll **purchase Firm 1** (choose number 1) because: 
- It offers a positive profit of 0.24, ensuring an immediate gain.
- With personalized sorting from data sharing, it is likely the best option, and further searching would cost 0.02 with minimal expected benefit.","C3 Search #1 (Searched:1/3, SearchCost:0.00, BestProfit:0.24@F1) → Purchase F1",0.21,0.026,"[0.13, 0.94, 0.11]"
3,7,C4,False,"No, because the privacy cost of 0.054 exceeds the maximum potential search cost savings of 0.04, and historical data shows that not sharing data yields comparable or better revenue without incurring privacy loss.",0,"### Decision:
I'll **purchase Firm 0** (choose number 0) because: 
- Positive profit of 0.28 ensures a reliable gain with no further cost.
- Searching costs 0.02 with low expected improvement, risking reduced revenue.","C4 Search #1 (Searched:1/3, SearchCost:0.00, BestProfit:0.28@F0) → Purchase F0",0.28,0.054,"[0.88, 0.86, 0.9]"
3,7,C5,True,"Yes, because sharing data reduces search costs through personalized recommendations and has led to higher revenues in recent consumer data, nearly offsetting the privacy cost of 0.041.",-1,"### Decision:  
I'll **leave** (choose number -1) because:  
- The searched firm has negative profit (-0.18), offering no gain.  
- With personalized sorting from data sharing, additional searches are unlikely to yield positive profit and would incur a cost of 0.02.","C5 Search #1 (Searched:1/3, SearchCost:0.00, BestProfit:-0.18@F2) → Leave Market",-0.04,0.041,"[0.46, 0.48, 0.52]"
3,7,C6,True,"Yes, because with 3 firms, personalized recommendations significantly reduce search costs and improve expected revenue, outweighing the privacy cost of 0.04 based on my historical average revenue of 0.26 when sharing versus 0.21 when not sharing.",1,"### Decision:
I'll **purchase Firm 1** (choose number 1) because: 
- Firm 1 offers a positive profit of 0.23, requiring purchase per rationality rules.
- With data sharing and personalized sorting by highest valuation, this is likely the best deal, making further search costly and inefficient at 0.02.","C6 Search #1 (Searched:1/3, SearchCost:0.00, BestProfit:0.23@F1) → Purchase F1",0.19,0.04,"[0.5, 0.93, 0.79]"
3,7,C7,True,"Yes, because historical data shows that sharing data with 3 firms reduces search costs and boosts revenue, outweighing the privacy cost of 0.04.",2,"### Decision:  
I'll **purchase Firm 2** (choose number 2) because:  
- It offers a positive profit of 0.26, which I must act on rationally.  
- With data sharing and personalized recommendations sorting by highest valuation, it is likely the best option, and further search costs 0.02 with uncertain benefits.","C7 Search #1 (Searched:1/3, SearchCost:0.00, BestProfit:0.26@F2) → Purchase F2",0.22,0.04,"[0.36, 0.49, 0.96]"
3,7,C8,True,"Yes, because the low privacy cost of 0.029 is likely outweighed by significant search cost savings and better deal-finding from personalized recommendations with 3 firms, based on historical data showing higher revenues for sharers.",0,"### Decision:
I'll **purchase Firm 0** (choose number 0) because: 
- It offers a positive profit of 0.07, ensuring immediate gain.
- Searching another firm costs 0.02 and, with valuation sorted descending, is unlikely to yield a better profit worth the expense.","C8 Search #1 (Searched:1/3, SearchCost:0.00, BestProfit:0.07@F0) → Purchase F0",0.04,0.029,"[0.67, 0.57, 0.19]"
3,7,C9,False,"No. Privacy cost of 0.053 exceeds maximum potential search cost savings of 0.04, making sharing not worthwhile.",2,"### Decision:
I'll **purchase Firm 2** (choose number 2) because: 
- The firm offers a positive profit of 0.22, ensuring a gain.
- Searching further costs 0.02 with uncertain improvement, risking reduced net revenue.","C9 Search #1 (Searched:1/3, SearchCost:0.00, BestProfit:0.22@F2) → Purchase F2",0.22,0.053,"[0.93, 0.62, 0.92]"
3,7,C10,True,"Yes, because with 3 firms, personalized recommendations are likely to reduce search costs by more than my privacy value of 0.028, improving overall revenue potential based on historical benefits.",-1,"### Decision:
I'll **leave** (choose number -1) because: 
- The only searched firm has a negative profit of -0.07, and with data-shared sorting by valuation, it's likely the best option, making further firms less promising.
- Searching another firm costs 0.02, which exceeds the low expected gain and risks unnecessary loss.","C10 Search #1 (Searched:1/3, SearchCost:0.00, BestProfit:-0.07@F1) → Leave Market",-0.03,0.028,"[0.32, 0.63, 0.05]"
3,7,C11,True,"Yes, because with 3 firms, personalized recommendations significantly reduce search costs and improve expected revenue, outweighing the privacy cost of 0.032 based on top consumers' outcomes.",0,"### Decision:  
I'll **purchase Firm 0** (choose number 0) because:  
- The firm offers a high profit of 0.19, ensuring immediate gain.  
- Searching another firm costs 0.02 and is unlikely to improve profit significantly due to decreasing valuations from personalized sorting.","C11 Search #1 (Searched:1/3, SearchCost:0.00, BestProfit:0.19@F0) → Purchase F0",0.16,0.032,"[0.79, 0.28, 0.68]"
3,7,C12,True,"Yes, because with 3 firms, personalized recommendations reduce search costs and increase the chance of finding a high-value deal, potentially offsetting the 0.052 privacy cost based on observed positive outcomes from similar consumers.",0,"### Decision:
I'll **purchase Firm 0** (choose number 0) because: 
- The firm offers a positive profit of 0.09, ensuring a net gain.
- Further searching costs 0.02 with likely lower or negative returns due to sorted valuation order.","C12 Search #1 (Searched:1/3, SearchCost:0.00, BestProfit:0.09@F0) → Purchase F0",0.04,0.052,"[0.69, 0.05, 0.02]"
3,7,C13,True,"Yes, because personalized recommendations with 3 firms can minimize search costs and increase the chance of finding a high-value deal, potentially offsetting the privacy cost of 0.05, as shown by top consumers' positive revenues despite similar privacy concerns.",-1,"### Decision:
I'll **leave** (choose number -1) because: 
- The searched firm has negative profit (-0.12), providing no value.
- Searching another firm costs 0.02 with low likelihood of positive profit, based on historical negative outcomes.","C13 Search #1 (Searched:1/3, SearchCost:0.00, BestProfit:-0.12@F0) → Leave Market",-0.05,0.05,"[0.48, 0.16, 0.11]"
3,7,C14,True,"Yes, because with 3 firms, personalized recommendations significantly reduce expected search costs and improve product matching, likely offsetting the privacy cost of 0.034, as supported by top consumers' high revenues from sharing data in historical broadcasts.",0,"### Decision:  
I'll **purchase Firm 0** (choose number 0) because:  
- It offers a positive profit of 0.04, ensuring a gain.  
- Additional search costs 0.02 and is unlikely to yield a better profit, given personalized recommendations sort by highest valuation first.","C14 Search #1 (Searched:1/3, SearchCost:0.00, BestProfit:0.04@F0) → Purchase F0",0.01,0.034,"[0.64, 0.01, 0.43]"
3,7,C15,True,"Yes, because personalized recommendations with 3 firms can increase expected profit through better matching and reduced search costs, potentially offsetting the privacy cost of 0.053 based on historical outcomes where sharing led to higher average revenue for top consumers.",-1,"### Decision:  
I'll **leave** (choose number -1) because:  
- The searched firm has negative profit (-0.04), indicating no gain.  
- With data shared, subsequent firms have lower valuations, likely yielding worse or negative profits, making further search costly and unprofitable.","C15 Search #1 (Searched:1/3, SearchCost:0.00, BestProfit:-0.04@F2) → Leave Market",-0.05,0.053,"[0.13, 0.28, 0.66]"
3,7,C16,False,"No, because the privacy cost of 0.047 exceeds the maximum possible search cost savings of 0.04, making sharing data unprofitable on average despite potential recommendations.",-1,"### Decision:
I'll **leave** (choose number -1) because: 
- The searched firm has a negative profit of -0.57, offering no gain from purchasing.
- Historical data shows no positive profits from additional searches, making the 0.02 search cost likely unprofitable.","C16 Search #1 (Searched:1/3, SearchCost:0.00, BestProfit:-0.57@F2) → Leave Market",0.0,0.047,"[0.49, 0.6, 0.13]"
3,7,C17,True,"Yes, because with 3 firms, personalized recommendations reduce search costs and improve revenue potential, outweighing the 0.031 privacy cost based on past experiences.",0,"### Decision:  
I'll **purchase Firm 0** (choose number 0) because:  
- The firm offers a high profit of 0.29, providing a substantial and certain gain.  
- Searching another firm costs 0.02 with low expected improvement, as personalized recommendations likely present the highest valuation first.","C17 Search #1 (Searched:1/3, SearchCost:0.00, BestProfit:0.29@F0) → Purchase F0",0.26,0.031,"[0.89, 0.41, 0.8]"
3,7,C18,True,"Yes, because the global history shows that sharing data leads to higher revenues (e.g., 0.32 for Consumer 6) through reduced search costs and better product matches, potentially offsetting the privacy cost of 0.045 with improved expected gains in a 3-firm market.",0,"### Decision:
I'll **purchase Firm 0** because: 
- Firm 0 offers a positive profit of 0.22, ensuring an immediate gain.
- Searching further costs 0.02 and is unlikely to yield a better deal due to valuation-ordered recommendations, risking reduced revenue.","C18 Search #1 (Searched:1/3, SearchCost:0.00, BestProfit:0.22@F0) → Purchase F0",0.18,0.045,"[0.82, 0.1, 0.59]"
3,7,C19,True,"Yes, because historical data from top consumers demonstrates that sharing data significantly increases revenue through reduced search costs and better product matching, likely offsetting the privacy cost of 0.045 with expected benefits from personalized recommendations for 3 firms.",-1,"### Decision:
I'll **leave** (choose number -1) because:
- The searched firm, with the highest valuation from personalized sorting, has negative profit (-0.11), making further searches unlikely to yield positive gains.
- Searching another firm costs 0.02 with high risk of increased losses and no expected improvement, while leaving minimizes total loss to the privacy cost.","C19 Search #1 (Searched:1/3, SearchCost:0.00, BestProfit:-0.11@F2) → Leave Market",-0.04,0.045,"[0.44, 0.12, 0.59]"
3,7,C20,False,"No, because the privacy cost of 0.055 exceeds the maximum possible search cost savings of 0.04 from reduced searches with personalized recommendations, making the trade-off unfavorable despite potential benefits observed in others.",-1,"### Decision:  
I'll **leave** (choose number -1) because:  
- The searched firm has negative profit (-0.14), providing no immediate benefit.  
- Searching another firm costs 0.02 with uncertain gains, risking a net loss without guaranteed improvement.","C20 Search #1 (Searched:1/3, SearchCost:0.00, BestProfit:-0.14@F1) → Leave Market",0.0,0.055,"[0.64, 0.56, 0.81]"
3,8,C1,True,"Yes, because historical data shows sharing data consistently yields higher valuations and lower search costs, outweighing the privacy cost of 0.041 and maximizing expected revenue with 3 firms.",0,"### Decision:
I'll **purchase Firm 0** (choose number 0) because: 
- The firm provides a positive profit of 0.28, ensuring a gain with no additional cost.
- Searching further costs 0.02 and is unlikely to yield a better outcome due to personalized sorting by highest valuation.","C1 Search #1 (Searched:1/3, SearchCost:0.00, BestProfit:0.28@F0) → Purchase F0",0.24,0.041,"[0.98, 0.82, 0.26]"
3,8,C2,False,"No, because the privacy cost of 0.053 exceeds the maximum possible search cost savings of 0.04, making sharing data unbeneficial despite potential reductions in search costs.",0,"### Decision:
I'll **leave** (choose number -1) because: 
- The searched firm has a negative profit of -0.27, making purchase unprofitable.
- Historical patterns show no positive profits from additional searches, and incurring a 0.02 search cost risks further loss without benefit.","C2 Search #1 (Searched:1/3, SearchCost:0.00, BestProfit:-0.27@F0) → Purchase F0",-0.27,0.053,"[0.43, 0.32, 0.55]"
3,8,C3,True,"Yes, because the potential search cost savings of up to 0.04 and improved valuation matching from personalized recommendations with 3 firms outweigh the privacy cost of 0.026, based on historical outcomes showing better revenue when sharing data.",1,"### Decision:
I'll **purchase Firm 1** (choose number 1) because: 
- It offers a positive profit of 0.34, ensuring an immediate gain.
- With data-shared personalized sorting, it is likely the best option, and further searching would cost 0.02 with minimal expected benefit.","C3 Search #1 (Searched:1/3, SearchCost:0.00, BestProfit:0.34@F1) → Purchase F1",0.31,0.026,"[0.13, 0.94, 0.11]"
3,8,C4,False,"No, because the privacy cost of 0.054 exceeds the maximum potential search cost savings of 0.04, making sharing data unbeneficial for maximizing total revenue based on historical outcomes and cost-benefit analysis.",1,"### Decision:
I'll **purchase Firm 1** (choose number 1) because: 
- Positive profit of 0.26 ensures a reliable gain with no additional cost.
- Searching costs 0.02 with uncertain benefit, potentially reducing net revenue based on historical outcomes.","C4 Search #1 (Searched:1/3, SearchCost:0.00, BestProfit:0.26@F1) → Purchase F1",0.26,0.054,"[0.88, 0.86, 0.9]"
3,8,C5,True,"Yes, because sharing data may reduce search costs through personalized recommendations, potentially offsetting the privacy cost of 0.041 and increasing revenue chances based on top consumers' positive outcomes.",-1,"### Decision:  
I'll **leave** (choose number -1) because:  
- The searched firm has negative profit (-0.08), offering no gain.  
- With personalized sorting from data sharing, additional searches are unlikely to yield positive profit and would incur a cost of 0.02, based on consistent historical negative outcomes.","C5 Search #1 (Searched:1/3, SearchCost:0.00, BestProfit:-0.08@F2) → Leave Market",-0.04,0.041,"[0.46, 0.48, 0.52]"
3,8,C6,True,"Yes, because historical data shows sharing data consistently reduces search costs and improves revenue outcomes, outweighing the privacy cost of 0.04 with 3 firms.",1,"### Decision:
I'll **purchase Firm 1** (choose number 1) because: 
- Firm 1 provides a positive profit of 0.33, requiring purchase per rationality rules.
- With data sharing and personalized sorting by highest valuation, this is likely the best deal, so further search would incur unnecessary cost of 0.02 with low expected gain.","C6 Search #1 (Searched:1/3, SearchCost:0.00, BestProfit:0.33@F1) → Purchase F1",0.29,0.04,"[0.5, 0.93, 0.79]"
3,8,C7,True,"Yes, because historical data shows that sharing data with 3 firms reduces search costs and increases revenue, consistently offsetting the privacy cost of 0.04 based on my past positive outcomes.",2,"### Decision:  
I'll **purchase Firm 2** (choose number 2) because:  
- It offers a positive profit of 0.36, which I must act on rationally.  
- With data sharing and personalized recommendations sorting by highest valuation, it is likely the best option, and further search costs 0.02 with uncertain benefits.","C7 Search #1 (Searched:1/3, SearchCost:0.00, BestProfit:0.36@F2) → Purchase F2",0.32,0.04,"[0.36, 0.49, 0.96]"
3,8,C8,True,"Yes, because my low privacy value of 0.029 is likely outweighed by the potential search cost savings and better deal-finding from personalized recommendations with 3 firms, based on historical data showing higher revenues for sharers.",-1,"### Decision:
I'll **leave** (choose number -1) because: 
- The only searched firm has a negative profit of -0.03, indicating no good deals.
- With data-shared sorting by valuation descending, further searches are unlikely to yield positive profit and would cost 0.02, reducing revenue.","C8 Search #1 (Searched:1/3, SearchCost:0.00, BestProfit:-0.03@F0) → Leave Market",-0.03,0.029,"[0.67, 0.57, 0.19]"
3,8,C9,False,"No, because the privacy cost of 0.053 exceeds the maximum potential search cost savings of 0.04, making sharing not worthwhile despite potential reductions in search costs.",0,"### Decision:  
I'll **purchase Firm 0** (choose number 0) because:  
- The firm offers a positive profit of 0.23, ensuring a gain.  
- Searching further costs 0.02 with uncertain benefits, risking reduced net revenue.","C9 Search #1 (Searched:1/3, SearchCost:0.00, BestProfit:0.23@F0) → Purchase F0",0.23,0.053,"[0.93, 0.62, 0.92]"
3,8,C10,True,"Yes, because with 3 firms, personalized recommendations are likely to reduce search costs by more than my privacy value of 0.028, based on historical benefits and efficient decision-making.",1,"### Decision:
I'll **purchase Firm 1** (choose number 1) because: 
- Firm 1 offers a positive profit of 0.03, which I can secure immediately.
- Searching another firm costs 0.02 and, with the valuation-sorted sequence from data sharing, is unlikely to yield a higher profit, making it inefficient.","C10 Search #1 (Searched:1/3, SearchCost:0.00, BestProfit:0.03@F1) → Purchase F1",0.0,0.028,"[0.32, 0.63, 0.05]"
3,8,C11,True,"Yes, because sharing data with 3 firms provides personalized recommendations that increase expected valuation and reduce search costs, outweighing the privacy cost of 0.032, as shown by top consumers' higher revenues when sharing.",0,"### Decision:  
I'll **purchase Firm 0** (choose number 0) because:  
- The firm offers a positive profit of 0.09, ensuring immediate gain.  
- With personalized sorting from data sharing, further searches are unlikely to improve profit and would incur a search cost of 0.02, reducing net revenue.","C11 Search #1 (Searched:1/3, SearchCost:0.00, BestProfit:0.09@F0) → Purchase F0",0.06,0.032,"[0.79, 0.28, 0.68]"
3,8,C12,True,"Yes, because sharing data with 3 firms provides personalized recommendations that often lead to higher valuations or lower prices, as seen in past rounds, outweighing the 0.052 privacy cost and reducing search costs for better revenue potential.",0,"### Decision:
I'll **leave** (choose number -1) because: 
- The searched firm offers negative profit (-0.01), making purchase unprofitable.
- Searching another firm costs 0.02 with low likelihood of positive profit due to sorted valuations, risking additional loss.","C12 Search #1 (Searched:1/3, SearchCost:0.00, BestProfit:-0.01@F0) → Purchase F0",-0.06,0.052,"[0.69, 0.05, 0.02]"
3,8,C13,True,"Yes, because with 3 firms, personalized recommendations can minimize search costs and increase the likelihood of finding a high-value deal, potentially offsetting the 0.05 privacy cost, as supported by top consumers' positive revenues from sharing data.",0,"### Decision:
I'll **leave** (choose number -1) because: 
- The searched firm has negative profit (-0.22), offering no value to purchase.
- Searching another firm costs 0.02 with low likelihood of positive profit, based on historical negative outcomes, potentially worsening revenue.","C13 Search #1 (Searched:1/3, SearchCost:0.00, BestProfit:-0.22@F0) → Purchase F0",-0.27,0.05,"[0.48, 0.16, 0.11]"
3,8,C14,True,"Yes, because historical data from both my past decisions and top consumers shows that sharing data with 3 firms reduces search costs and improves product matching, leading to higher average total revenue that outweighs the privacy cost of 0.034.",-1,"### Decision:  
I'll **leave** (choose number -1) because:  
- The searched firm has negative profit (-0.06), so purchasing would reduce revenue.  
- With personalized recommendations sorting firms from highest to lowest valuation, additional searches are unlikely to yield positive profit, and the 0.02 search cost could worsen outcomes.","C14 Search #1 (Searched:1/3, SearchCost:0.00, BestProfit:-0.06@F0) → Leave Market",-0.03,0.034,"[0.64, 0.01, 0.43]"
3,8,C15,False,"No, because the privacy cost of 0.053 exceeds the maximum potential search cost savings of 0.04, and my historical data shows inconsistent benefits from sharing, often resulting in negative or low revenue, making it riskier to share.",2,"### Decision:  
I'll **purchase Firm 2** (choose number 2) because:  
- The firm offers a positive profit of 0.06, ensuring a gain.  
- Searching further costs 0.02 with uncertain and potentially lower expected profits based on historical no-share outcomes, risking reduced revenue.","C15 Search #1 (Searched:1/3, SearchCost:0.00, BestProfit:0.06@F2) → Purchase F2",0.06,0.053,"[0.13, 0.28, 0.66]"
3,8,C16,True,"Yes, because the personalized recommendations with 3 firms can significantly increase the likelihood of finding a high-valuation product quickly, potentially offsetting the privacy cost of 0.047 through reduced search costs and higher expected revenue, as seen in top consumers' positive outcomes.",-1,"### Decision:
I'll **leave** (choose number -1) because: 
- The searched firm has zero profit, offering no gain from purchasing.
- Historical data shows no positive profits, and additional search would incur a 0.02 cost with low likelihood of benefit.","C16 Search #1 (Searched:1/3, SearchCost:0.00, BestProfit:0.00@F1) → Leave Market",-0.05,0.047,"[0.49, 0.6, 0.13]"
3,8,C17,True,"Yes, because with a low privacy cost of 0.031 and 3 firms, personalized recommendations can reduce search costs and improve valuation matching, potentially increasing net revenue based on historical outcomes where sharing yielded higher revenues like 0.26 compared to non-sharing averages around 0.17.",0,"### Decision:  
I'll **purchase Firm 0** (choose number 0) because:  
- The firm provides a positive profit of 0.19, guaranteeing an immediate gain.  
- Searching another firm costs 0.02 with minimal expected improvement, as personalized recommendations sort by highest valuation first, making further searches inefficient.","C17 Search #1 (Searched:1/3, SearchCost:0.00, BestProfit:0.19@F0) → Purchase F0",0.16,0.031,"[0.89, 0.41, 0.8]"
3,8,C18,False,"No, because the privacy cost of 0.045 exceeds the maximum possible search cost savings of 0.04, making sharing data unbeneficial based on historical outcomes and risk assessment.",0,"### Decision:
I'll **purchase Firm 0** because:
- Firm 0 offers a positive profit of 0.12, ensuring a gain.
- Other firms have negative profits (-0.5 and -0.01), making Firm 0 the optimal choice.","C18 Search #1 (Searched:1/3, SearchCost:0.00, BestProfit:-0.50@F1) → Search Next; C18 Search #2 (Searched:2/3, SearchCost:0.02, BestProfit:-0.01@F2) → Search Next; C18 Search #3 (Searched:3/3, SearchCost:0.04, BestProfit:0.12@F0) → Purchase F0",0.08,0.045,"[0.82, 0.1, 0.59]"
3,8,C19,False,"No, because the privacy cost of 0.045 exceeds the maximum potential search cost savings of 0.04, and my historical data shows that not sharing often results in similar or better outcomes with no privacy loss, minimizing risk.",0,"### Decision:  
I'll **leave** (choose number -1) because:  
- The searched firm has a negative profit of -0.26, making purchase unprofitable.  
- Historical data shows no positive profits from additional searches, and incurring a 0.02 search cost risks losses without expected gain.","C19 Search #1 (Searched:1/3, SearchCost:0.00, BestProfit:-0.26@F0) → Purchase F0",-0.26,0.045,"[0.44, 0.12, 0.59]"
3,8,C20,False,"No, because the privacy cost of 0.055 exceeds the maximum possible search cost savings of 0.04, making sharing data unprofitable despite potential benefits from personalized recommendations.",-1,"### Decision:  
I'll **leave** (choose number -1) because:  
- The searched firm has negative profit (-0.06), offering no benefit.  
- Searching costs 0.02 with uncertain gains, risking a net loss.","C20 Search #1 (Searched:1/3, SearchCost:0.00, BestProfit:-0.06@F0) → Leave Market",0.0,0.055,"[0.64, 0.56, 0.81]"
3,9,C1,True,"Yes, because historical data consistently shows that sharing data with 3 firms increases valuation and reduces search costs, outweighing the privacy cost of 0.041 and maximizing expected revenue.",0,"### Decision:  
I'll **purchase Firm 0** (choose number 0) because:  
- The firm offers a positive profit of 0.28, ensuring a gain with no additional cost.  
- Searching further costs 0.02 and is unlikely to yield a better outcome due to personalized sorting from data sharing.","C1 Search #1 (Searched:1/3, SearchCost:0.00, BestProfit:0.28@F0) → Purchase F0",0.24,0.041,"[0.98, 0.82, 0.26]"
3,9,C2,False,"No, because the privacy cost of 0.053 exceeds the maximum possible search cost savings of 0.04, making sharing data unbeneficial despite potential recommendations.",-1,Defaulted after 3 fails. Best Profit: -0.38 -> Choice: -1,"C2 Search #1 (Searched:1/3, SearchCost:0.00, BestProfit:-0.38@F1) → Leave Market",0.0,0.053,"[0.43, 0.32, 0.55]"
3,9,C3,True,"Yes, because the potential reduction in search costs and improved revenue from personalized recommendations with 3 firms outweigh the privacy cost of 0.026, as shown by consistent positive outcomes in my history when sharing data.",1,"### Decision:
I'll **purchase Firm 1** (choose number 1) because: 
- It offers a positive profit of 0.24, ensuring an immediate gain with no additional cost.
- With data-shared personalized sorting by highest valuation, the first firm is likely the best, and further searching would incur a 0.02 cost with minimal expected benefit.","C3 Search #1 (Searched:1/3, SearchCost:0.00, BestProfit:0.24@F1) → Purchase F1",0.21,0.026,"[0.13, 0.94, 0.11]"
3,9,C4,False,"No, because the privacy cost of 0.054 exceeds the maximum potential search cost savings of 0.04, making sharing data unbeneficial for maximizing total revenue based on historical outcomes and cost-benefit analysis.",2,"### Decision:
I'll **purchase Firm 2** (choose number 2) because: 
- Positive profit of 0.2 ensures a reliable gain with no additional cost.
- Searching costs 0.02 with uncertain benefit, likely not improving revenue based on historical outcomes.","C4 Search #1 (Searched:1/3, SearchCost:0.00, BestProfit:0.20@F2) → Purchase F2",0.2,0.054,"[0.88, 0.86, 0.9]"
3,9,C5,True,"Yes, because the potential for reduced search costs and improved product matching, as demonstrated by top consumers' higher revenues, slightly outweighs the privacy cost of 0.041.",-1,"### Decision:  
I'll **leave** (choose number -1) because:  
- The searched firm has negative profit (-0.18), offering no gain.  
- With personalized sorting from data sharing, additional searches are unlikely to yield positive profit and would incur a cost of 0.02, based on consistent historical negative outcomes.","C5 Search #1 (Searched:1/3, SearchCost:0.00, BestProfit:-0.18@F2) → Leave Market",-0.04,0.041,"[0.46, 0.48, 0.52]"
3,9,C6,True,"Yes, because historical data shows that sharing data reduces search costs and increases revenue, consistently offsetting the privacy cost of 0.04 with 3 firms.",1,"### Decision:  
I'll **purchase Firm 1** (choose number 1) because:  
- Firm 1 offers a positive profit of 0.23, requiring purchase per rationality rules.  
- With data sharing and personalized sorting by highest valuation, this is likely the best deal, making further search costly and inefficient at 0.02.","C6 Search #1 (Searched:1/3, SearchCost:0.00, BestProfit:0.23@F1) → Purchase F1",0.19,0.04,"[0.5, 0.93, 0.79]"
3,9,C7,True,"Yes, because historical data shows that sharing data with 3 firms consistently reduces search costs and increases average revenue, offsetting the privacy cost of 0.04.",2,"### Decision:  
I'll **purchase Firm 2** (choose number 2) because:  
- It offers a positive profit of 0.26, which I must act on rationally.  
- With data sharing and personalized recommendations sorting by highest valuation, it is likely the best option, and further search costs 0.02 with uncertain benefits.","C7 Search #1 (Searched:1/3, SearchCost:0.00, BestProfit:0.26@F2) → Purchase F2",0.22,0.04,"[0.36, 0.49, 0.96]"
3,9,C8,True,"Yes, because my low privacy value of 0.029 is likely outweighed by significant search cost savings from personalized recommendations with 3 firms, based on historical data showing higher revenues for sharers.",-1,"### Decision:
I'll **leave** (choose number -1) because: 
- The searched firm has a negative profit of -0.03, offering no gain.
- With valuation-sorted recommendations, further searches are unlikely to yield positive profit and would cost 0.02, reducing potential revenue.","C8 Search #1 (Searched:1/3, SearchCost:0.00, BestProfit:-0.03@F0) → Leave Market",-0.03,0.029,"[0.67, 0.57, 0.19]"
3,9,C9,False,"No, because the privacy cost of 0.053 exceeds the maximum potential search cost savings of 0.04, making sharing not worthwhile despite potential reductions in search costs.",2,"### Decision:  
I'll **purchase Firm 2** (choose number 2) because:  
- The firm offers a positive profit of 0.22, ensuring a gain with no additional cost.  
- Searching further costs 0.02 with uncertain benefits, risking reduced net revenue.","C9 Search #1 (Searched:1/3, SearchCost:0.00, BestProfit:0.22@F2) → Purchase F2",0.22,0.053,"[0.93, 0.62, 0.92]"
3,9,C10,True,"Yes, because with 3 firms, personalized recommendations significantly reduce expected search costs by minimizing unnecessary searches, and historical outcomes show this reduction likely exceeds my privacy cost of 0.028, maximizing potential revenue.",-1,"### Decision:
I'll **leave** (choose number -1) because: 
- The only searched firm has a negative profit of -0.07, offering no gain.
- With data-shared valuation sorting, the first firm is likely the best, making further searches at a cost of 0.02 inefficient and unlikely to yield positive profit.","C10 Search #1 (Searched:1/3, SearchCost:0.00, BestProfit:-0.07@F1) → Leave Market",-0.03,0.028,"[0.32, 0.63, 0.05]"
3,9,C11,True,"Yes, because with 3 firms, personalized recommendations significantly reduce search costs and improve expected valuation, outweighing the privacy cost of 0.032 based on top consumers' higher revenues and my historical average gains.",0,"### Decision:  
I'll **purchase Firm 0** (choose number 0) because:  
- The firm offers a positive profit of 0.09, ensuring immediate gain.  
- With personalized sorting from data sharing, searching another firm is unlikely to improve profit significantly and would cost 0.02, reducing net revenue.","C11 Search #1 (Searched:1/3, SearchCost:0.00, BestProfit:0.09@F0) → Purchase F0",0.06,0.032,"[0.79, 0.28, 0.68]"
3,9,C12,True,"Yes, because sharing data with 3 firms provides personalized recommendations that reduce search costs and improve deal matching, potentially offsetting the 0.052 privacy cost based on observed high revenues from similar consumers.",-1,"### Decision:
I'll **leave** (choose number -1) because: 
- The searched firm offers negative profit (-0.01), so purchasing would result in a loss.
- With data sharing and sorted valuations, this is likely the best option, and further search costs 0.02 with low expected gain, risking additional loss.","C12 Search #1 (Searched:1/3, SearchCost:0.00, BestProfit:-0.01@F0) → Leave Market",-0.05,0.052,"[0.69, 0.05, 0.02]"
3,9,C13,True,"Yes, because with 3 firms, personalized recommendations can minimize search costs and increase the chance of finding a high-value deal, likely offsetting the 0.05 privacy cost, as shown by top consumers' positive revenues from sharing data.",-1,"### Decision:  
I'll **leave** (choose number -1) because:  
- The searched firm has negative profit (-0.22), offering no value to purchase.  
- With personalized sorting from sharing data, the first firm is the best match and negative, so additional searches are unlikely to yield positive profit and would incur unnecessary cost.","C13 Search #1 (Searched:1/3, SearchCost:0.00, BestProfit:-0.22@F0) → Leave Market",-0.05,0.05,"[0.48, 0.16, 0.11]"
3,9,C14,True,"Yes, because with 3 firms, personalized recommendations significantly reduce expected search costs, likely outweighing the privacy cost of 0.034, as evidenced by top consumers' higher revenues when sharing data.",-1,"### Decision:  
I'll **leave** (choose number -1) because:  
- The searched firm has negative profit (-0.06), so purchasing or further searching risks greater losses.  
- With personalized recommendations sorting by highest valuation first, additional firms are likely less profitable, and the 0.02 search cost outweighs potential gains.","C14 Search #1 (Searched:1/3, SearchCost:0.00, BestProfit:-0.06@F0) → Leave Market",-0.03,0.034,"[0.64, 0.01, 0.43]"
3,9,C15,False,"No, because my privacy cost of 0.053 exceeds the maximum potential search cost savings of 0.04, and historical data shows inconsistent benefits from sharing, often resulting in lower revenue.",-1,"### Decision:  
I'll **leave** (choose number -1) because:  
- The searched firm has negative profit (-0.57), offering no gain.  
- Searching further costs 0.02 with low expected profit based on historical no-share outcomes, risking unnecessary losses.","C15 Search #1 (Searched:1/3, SearchCost:0.00, BestProfit:-0.57@F0) → Leave Market",0.0,0.053,"[0.13, 0.28, 0.66]"
3,9,C16,True,"Yes, because the personalized recommendations with 3 firms can improve valuation matching and reduce search costs, potentially offsetting the privacy cost of 0.047, as evidenced by top consumers' positive revenues from similar strategies.",-1,"### Decision:
I'll **leave** (choose number -1) because: 
- The searched firm has negative profit (-0.1), offering no gain.
- Historical data shows no positive profits, making additional search costly and unlikely to improve outcome.","C16 Search #1 (Searched:1/3, SearchCost:0.00, BestProfit:-0.10@F1) → Leave Market",-0.05,0.047,"[0.49, 0.6, 0.13]"
3,9,C17,True,"Yes, because historical data shows that sharing data with 3 firms reduces search costs and increases net revenue, outweighing the privacy cost of 0.031 based on past outcomes where sharing yielded an average revenue of 0.21 versus 0.165 without sharing.",0,"### Decision:
I'll **purchase Firm 0** (choose number 0) because: 
- The firm offers a positive profit of 0.19, ensuring an immediate gain.
- Searching another firm costs 0.02 with minimal expected improvement, as personalized recommendations sort by highest valuation first.","C17 Search #1 (Searched:1/3, SearchCost:0.00, BestProfit:0.19@F0) → Purchase F0",0.16,0.031,"[0.89, 0.41, 0.8]"
3,9,C18,True,"Yes, because global history shows data sharing with 3 firms consistently reduces search costs and improves revenue outcomes, potentially offsetting the privacy cost of 0.045 through better matching and efficiency.",0,"### Decision:
I'll **purchase Firm 0** because: 
- Firm 0 offers a positive profit of 0.12, ensuring an immediate gain.
- Searching further costs 0.02 with likely diminishing returns due to valuation-ordered recommendations, risking reduced revenue.","C18 Search #1 (Searched:1/3, SearchCost:0.00, BestProfit:0.12@F0) → Purchase F0",0.08,0.045,"[0.82, 0.1, 0.59]"
3,9,C19,True,"Yes, because with 3 firms, personalized recommendations reduce search costs and improve valuation matching, likely offsetting the privacy cost of 0.045, as shown by top consumers' high revenues from sharing data.",-1,"### Decision:  
I'll **leave** (choose number -1) because:  
- The searched firm has negative profit (-0.11) and, as the highest-valued option from data sharing, further firms are unlikely to offer positive gains.  
- Searching another firm costs 0.02 with high risk of increased losses and no expected benefit, while leaving minimizes total revenue loss to the privacy cost.","C19 Search #1 (Searched:1/3, SearchCost:0.00, BestProfit:-0.11@F2) → Leave Market",-0.04,0.045,"[0.44, 0.12, 0.59]"
3,9,C20,False,"No, because the privacy cost of 0.055 exceeds the maximum possible search cost savings of 0.04 from reduced searches with personalized recommendations, making sharing data unprofitable despite potential benefits observed in others.",-1,"### Decision:  
I'll **leave** (choose number -1) because:  
- The searched firm has negative profit (-0.14), offering no benefit.  
- Searching another firm costs 0.02 with uncertain gains, risking a net loss.","C20 Search #1 (Searched:1/3, SearchCost:0.00, BestProfit:-0.14@F1) → Leave Market",0.0,0.055,"[0.64, 0.56, 0.81]"
3,10,C1,True,"Yes, because historical data consistently shows that sharing data with 3 firms increases product valuation and reduces search costs, outweighing the privacy cost of 0.041 and maximizing expected revenue.",0,"### Decision:  
I'll **purchase Firm 0** (choose number 0) because:  
- The firm offers a positive profit of 0.38, ensuring a gain with no additional cost.  
- Searching further costs 0.02 and is unlikely to improve the outcome due to personalized sorting by highest valuation from data sharing.","C1 Search #1 (Searched:1/3, SearchCost:0.00, BestProfit:0.38@F0) → Purchase F0",0.34,0.041,"[0.98, 0.82, 0.26]"
3,10,C2,False,"No, because the privacy cost of 0.053 exceeds the maximum possible search cost savings of 0.04, making sharing data unbeneficial despite potential recommendations.",-1,Defaulted after 3 fails. Best Profit: -0.38 -> Choice: -1,"C2 Search #1 (Searched:1/3, SearchCost:0.00, BestProfit:-0.38@F1) → Leave Market",0.0,0.053,"[0.43, 0.32, 0.55]"
3,10,C3,True,"Yes, because the privacy cost of 0.026 is outweighed by the expected reduction in search costs and risk minimization from personalized recommendations with 3 firms, based on historical benefits.",1,"### Decision:
I'll **purchase Firm 1** (choose number 1) because: 
- It offers a positive profit of 0.24, ensuring an immediate gain.
- With data-shared personalized sorting by highest valuation, the first firm is likely the best, and further searching would cost 0.02 with minimal expected benefit.","C3 Search #1 (Searched:1/3, SearchCost:0.00, BestProfit:0.24@F1) → Purchase F1",0.21,0.026,"[0.13, 0.94, 0.11]"
3,10,C4,False,"No, because the privacy cost of 0.054 exceeds the maximum potential search cost savings of 0.04, making sharing data unbeneficial for maximizing total revenue based on historical outcomes and cost-benefit analysis.",2,"### Decision:
I'll **purchase Firm 2** (choose number 2) because: 
- Positive profit of 0.2 ensures a reliable gain with no additional cost.
- Searching costs 0.02 with uncertain benefit, likely not improving revenue based on historical outcomes.","C4 Search #1 (Searched:1/3, SearchCost:0.00, BestProfit:0.20@F2) → Purchase F2",0.2,0.054,"[0.88, 0.86, 0.9]"
3,10,C5,True,"Yes, because historical data from top consumers shows that sharing data reduces search costs and increases revenue potential, nearly offsetting the privacy cost of 0.041.",-1,"### Decision:  
I'll **leave** (choose number -1) because:  
- The searched firm has negative profit (-0.18), offering no gain.  
- With personalized sorting from data sharing, additional searches are unlikely to yield positive profit and would incur a search cost of 0.02.","C5 Search #1 (Searched:1/3, SearchCost:0.00, BestProfit:-0.18@F2) → Leave Market",-0.04,0.041,"[0.46, 0.48, 0.52]"
3,10,C6,False,"No, because historical data shows that not sharing data reduces total revenue loss from higher search costs less than the privacy cost of 0.04, as seen in past rounds where non-sharing yielded comparable or better revenue.",1,"### Decision:  
I'll **purchase Firm 1** (choose number 1) because:  
- Firm 1 offers a positive profit of 0.23, requiring purchase per rationality rules.  
- Searching another firm costs 0.02 with uncertain and likely low benefit, making further search inefficient given the current strong profit.","C6 Search #1 (Searched:1/3, SearchCost:0.00, BestProfit:0.23@F1) → Purchase F1",0.23,0.04,"[0.5, 0.93, 0.79]"
3,10,C7,True,"Yes, because historical data shows that sharing data with 3 firms consistently reduces search costs and increases revenue, offsetting the privacy cost of 0.04.",2,"### Decision:  
I'll **purchase Firm 2** (choose number 2) because:  
- It offers a positive profit of 0.26, which I must act on rationally.  
- With data sharing and personalized recommendations sorting by highest valuation, it is likely the best option, and further search costs 0.02 with uncertain benefits.","C7 Search #1 (Searched:1/3, SearchCost:0.00, BestProfit:0.26@F2) → Purchase F2",0.22,0.04,"[0.36, 0.49, 0.96]"
3,10,C8,False,"No, because the privacy cost of 0.029 exceeds the maximum potential search cost savings of 0.02, and historical data shows that not sharing can achieve similar or better revenue without the added cost.",0,"### Decision:
I'll **purchase Firm 0** (choose number 0) because: 
- It offers a positive profit of 0.07, ensuring immediate gain.
- Searching another firm costs 0.02 with uncertain benefits due to no data sharing, and rational behavior dictates not leaving with a positive profit option.","C8 Search #1 (Searched:1/3, SearchCost:0.00, BestProfit:0.07@F0) → Purchase F0",0.07,0.029,"[0.67, 0.57, 0.19]"
3,10,C9,False,"No. Privacy cost of 0.053 exceeds maximum potential search cost savings of 0.04, making sharing not worthwhile despite potential reductions in search costs.",0,"### Decision:  
I'll **purchase Firm 0** (choose number 0) because:  
- The firm offers a positive profit of 0.33, ensuring an immediate gain.  
- Searching further costs 0.02 with uncertain improvement, risking reduced net revenue.","C9 Search #1 (Searched:1/3, SearchCost:0.00, BestProfit:0.33@F0) → Purchase F0",0.33,0.053,"[0.93, 0.62, 0.92]"
3,10,C10,True,"Yes, because with 3 firms, personalized recommendations are likely to reduce search costs by more than my privacy value of 0.028, based on historical benefits and efficient decision-making.",-1,"### Decision:
I'll **leave** (choose number -1) because: 
- The only searched firm has a negative profit of -0.07, indicating no gain.
- With data-shared valuation sorting, the first firm is likely the best, so further searches costing 0.02 are inefficient and unlikely to yield positive profit.","C10 Search #1 (Searched:1/3, SearchCost:0.00, BestProfit:-0.07@F1) → Leave Market",-0.03,0.028,"[0.32, 0.63, 0.05]"
3,10,C11,True,"Yes, because with 3 firms, personalized recommendations significantly reduce search costs and increase expected valuation, outweighing the privacy cost of 0.032 based on historical data showing higher average revenues when sharing.",0,"### Decision:  
I'll **purchase Firm 0** (choose number 0) because:  
- The firm offers a high profit of 0.19, ensuring immediate gain.  
- With personalized sorting from data sharing, searching another firm is unlikely to improve profit and would cost 0.02, reducing net revenue.","C11 Search #1 (Searched:1/3, SearchCost:0.00, BestProfit:0.19@F0) → Purchase F0",0.16,0.032,"[0.79, 0.28, 0.68]"
3,10,C12,True,"Yes, because with 3 firms, personalized recommendations reduce search costs and improve deal matching, increasing the likelihood of higher revenue and offsetting the 0.052 privacy cost based on historical positive outcomes from similar consumers.",0,"### Decision:
I'll **purchase Firm 0** (choose number 0) because: 
- The firm offers a positive profit of 0.09, ensuring a net gain after costs.
- With data sharing and sorted valuations, this is likely the best option, and further search would incur a 0.02 cost with diminishing or negative returns.","C12 Search #1 (Searched:1/3, SearchCost:0.00, BestProfit:0.09@F0) → Purchase F0",0.04,0.052,"[0.69, 0.05, 0.02]"
3,10,C13,True,"Yes, because sharing data with 3 firms maximizes personalized recommendations, potentially increasing valuation and reducing search costs, offsetting the 0.05 privacy cost based on top consumers' positive outcomes.",-1,"### Decision:  
I'll **leave** (choose number -1) because:  
- The searched firm has negative profit (-0.12), offering no value to purchase.  
- With personalized recommendations from sharing data, the first firm is the best match and negative, so additional searches are unlikely to yield positive profit and would incur unnecessary cost.","C13 Search #1 (Searched:1/3, SearchCost:0.00, BestProfit:-0.12@F0) → Leave Market",-0.05,0.05,"[0.48, 0.16, 0.11]"
3,10,C14,True,"Yes, because with 3 firms, personalized recommendations are likely to reduce expected search costs by more than the privacy cost of 0.034, based on historical data showing higher revenues when sharing data.",0,"### Decision:  
I'll **purchase Firm 0** (choose number 0) because:  
- It offers a positive profit of 0.04, ensuring a gain.  
- Additional search costs 0.02 and is unlikely to yield a better profit, given personalized recommendations sort by highest valuation first.","C14 Search #1 (Searched:1/3, SearchCost:0.00, BestProfit:0.04@F0) → Purchase F0",0.01,0.034,"[0.64, 0.01, 0.43]"
3,10,C15,False,"No, because my privacy cost of 0.053 exceeds the maximum potential search cost savings of 0.04, and historical data shows comparable or better outcomes without sharing, minimizing unnecessary risks to revenue.",-1,"### Decision:  
I'll **leave** (choose number -1) because:  
- The searched firm has a negative profit of -0.42, offering no gain.  
- Based on historical no-share outcomes, additional searches are unlikely to yield positive profit, risking a search cost of 0.02 with low expected return.","C15 Search #1 (Searched:1/3, SearchCost:0.00, BestProfit:-0.42@F1) → Leave Market",0.0,0.053,"[0.13, 0.28, 0.66]"
3,10,C16,True,"Yes, because with 3 firms, personalized recommendations can reduce search costs and improve valuation matching, potentially offsetting the privacy cost of 0.047, as evidenced by top consumers' positive revenues from similar strategies.",-1,"### Decision:
I'll **leave** (choose number -1) because: 
- The searched firm has negative profit (-0.1), offering no gain.
- With personalized recommendations sorting firms from highest to lowest value, the first firm being unprofitable suggests further searches are unlikely to yield positive profit, making additional cost unwise.","C16 Search #1 (Searched:1/3, SearchCost:0.00, BestProfit:-0.10@F1) → Leave Market",-0.05,0.047,"[0.49, 0.6, 0.13]"
3,10,C17,True,"Yes, because historical data indicates that sharing data with 3 firms reduces search costs and increases valuation, providing a net revenue gain that outweighs the privacy cost of 0.031.",0,"### Decision:  
I'll **purchase Firm 0** (choose number 0) because:  
- The firm offers a high profit of 0.29, ensuring an immediate gain.  
- Searching another firm costs 0.02 with minimal expected improvement, as personalized recommendations sort by highest valuation first.","C17 Search #1 (Searched:1/3, SearchCost:0.00, BestProfit:0.29@F0) → Purchase F0",0.26,0.031,"[0.89, 0.41, 0.8]"
3,10,C18,False,"No, because the privacy cost of 0.045 exceeds the maximum possible search cost savings of 0.04, making sharing data unbeneficial based on historical outcomes and risk assessment.",0,"### Decision:
I'll **purchase Firm 0** because: 
- Firm 0 offers a positive profit of 0.22, ensuring an immediate gain.
- Searching further costs 0.02 with low likelihood of a better deal based on historical data, risking reduced revenue.","C18 Search #1 (Searched:1/3, SearchCost:0.00, BestProfit:0.22@F0) → Purchase F0",0.22,0.045,"[0.82, 0.1, 0.59]"
3,10,C19,True,"Yes, because personalized recommendations with 3 firms can improve product matching and reduce search costs, potentially offsetting the privacy cost of 0.045 based on top consumers' positive revenue outcomes from sharing data.",-1,"### Decision:  
I'll **leave** (choose number -1) because:  
- The searched firm has negative profit (-0.11) and, as the highest-valuation option from data sharing, further firms are unlikely to offer positive gains.  
- Searching another firm costs 0.02 with high risk of increased losses and no expected benefit, while leaving minimizes total revenue loss to the privacy cost.","C19 Search #1 (Searched:1/3, SearchCost:0.00, BestProfit:-0.11@F2) → Leave Market",-0.04,0.045,"[0.44, 0.12, 0.59]"
3,10,C20,False,"No, because the privacy cost of 0.055 exceeds the maximum possible search cost savings of 0.04, and any potential valuation benefits from sharing data are uncertain and do not justify the trade-off based on historical outcomes.",-1,"### Decision:  
I'll **leave** (choose number -1) because:  
- The searched firm has negative profit (-0.14), offering no benefit.  
- Searching another firm costs 0.02 with uncertain gains, risking a net loss.","C20 Search #1 (Searched:1/3, SearchCost:0.00, BestProfit:-0.14@F1) → Leave Market",0.0,0.055,"[0.64, 0.56, 0.81]"
