firm_num,round,consumer_id,share,share_reason,final_choice,final_reason,decision_sequence,total_revenue,Privacy_Cost,Valuations
2,1,C1,False,"No, because the privacy cost of 0.053 exceeds the expected reduction in search cost (up to 0.02), making data sharing unprofitable.",-1,"### Decision:
I'll **leave** (choose number -1) because: 
- The searched firm has negative profit (-0.53), indicating poor value.
- Searching another firm costs 0.02 with uncertain benefit, risking a net loss while leaving ensures no additional cost and zero revenue.","C1 Search #1 (Searched:1/2, SearchCost:0.00, BestProfit:-0.53@F1) → Leave Market",0.0,0.053,"[0.59, 0.07]"
2,1,C2,True,"Yes, because the personalized recommendations from sharing data can significantly reduce search costs and improve the deal by prioritizing high-valuation products, likely offsetting the privacy cost of 0.044 with 2 firms available.",1,"### Decision:
I'll **purchase Firm 1** (choose number 1) because: 
- Firm 1 offers a positive profit of 0.18, ensuring a net gain after costs.
- Searching another firm costs 0.02 with likely diminishing returns due to sorted valuations, making it inefficient.","C2 Search #1 (Searched:1/2, SearchCost:0.00, BestProfit:0.18@F1) → Purchase F1",0.14,0.044,"[0.6, 0.78]"
2,1,C3,False,"No, because the privacy cost of 0.046 exceeds the maximum potential reduction in search cost (0.02), making sharing data unprofitable.",-1,"### Decision:
I'll **leave** (choose number -1) because: 
- Both firms have negative profit (valuation - price < 0), so purchasing would increase losses.
- Leaving minimizes total revenue loss to just the search cost of 0.02.","C3 Search #1 (Searched:1/2, SearchCost:0.00, BestProfit:-0.25@F0) → Search Next; C3 Search #2 (Searched:2/2, SearchCost:0.02, BestProfit:-0.02@F1) → Leave Market",-0.02,0.046,"[0.35, 0.58]"
2,1,C4,False,"No, because the privacy cost of 0.025 exceeds the maximum potential search cost savings of 0.02 from reduced searches with personalized recommendations.",1,"### Decision:
I'll **purchase Firm 1** (choose number 1) because: 
- Current firm offers positive profit of 0.06 with no additional search cost.
- Searching another firm for 0.02 may not yield a better deal, risking reduced profit.","C4 Search #1 (Searched:1/2, SearchCost:0.00, BestProfit:0.06@F1) → Purchase F1",0.06,0.025,"[0.77, 0.66]"
2,1,C5,False,"No, because the maximum potential reduction in search cost from personalized recommendations (up to 0.02) is less than my privacy value (0.039), so the cost of sharing data outweighs the benefit.",0,"### Decision:
I'll **purchase Firm 0** because: 
- Firm 0 offers a positive profit of 0.27 (valuation 0.87 minus price 0.60).
- Purchasing maximizes total revenue at 0.25, compared to a net loss of -0.02 if I leave.","C5 Search #1 (Searched:1/2, SearchCost:0.00, BestProfit:-0.31@F1) → Search Next; C5 Search #2 (Searched:2/2, SearchCost:0.02, BestProfit:0.27@F0) → Purchase F0",0.25,0.039,"[0.87, 0.29]"
2,1,C6,False,"No, because the privacy cost of 0.051 exceeds the maximum potential search cost savings of 0.02 from reduced searches with only 2 firms.",0,"### Decision:
I'll **purchase Firm 0** (choose number 0) because: 
- Firm 0 offers a positive profit of 0.22, which is beneficial.
- Leaving would result in a net loss of 0.02 from the search cost already incurred.","C6 Search #1 (Searched:1/2, SearchCost:0.00, BestProfit:-0.30@F1) → Search Next; C6 Search #2 (Searched:2/2, SearchCost:0.02, BestProfit:0.22@F0) → Purchase F0",0.2,0.051,"[0.82, 0.3]"
2,1,C7,False,"No, because the privacy cost of 0.047 exceeds the maximum potential search cost savings of 0.02.",0,"### Decision:  
I'll **purchase Firm 0** because:  
- It offers a positive profit of 0.36, ensuring immediate gain.  
- Searching another firm costs 0.02 with uncertain benefits, making it riskier and potentially unnecessary.","C7 Search #1 (Searched:1/2, SearchCost:0.00, BestProfit:0.36@F0) → Purchase F0",0.36,0.047,"[0.96, 0.02]"
2,1,C8,False,"No, because the privacy cost of 0.045 exceeds the maximum potential search cost savings of 0.02 from reduced searches with only 2 firms.",-1,"### Decision:
I'll **leave** (choose number -1) because: 
- Both firms have negative profit, so purchasing would increase losses.
- No additional firms are available to search, making further actions futile.","C8 Search #1 (Searched:1/2, SearchCost:0.00, BestProfit:-0.15@F0) → Search Next; C8 Search #2 (Searched:2/2, SearchCost:0.02, BestProfit:-0.15@F0) → Leave Market",-0.02,0.045,"[0.45, 0.36]"
2,1,C9,False,"No, because the privacy cost of 0.03 exceeds the maximum potential reduction in search cost of 0.02 from personalized recommendations with only 2 firms.",1,"### Decision:
I'll **purchase Firm 1** (choose number 1) because: 
- The current firm offers a positive profit of 0.11, ensuring immediate gain.
- Searching another firm costs 0.02 with uncertain benefit, risking reduced net revenue.","C9 Search #1 (Searched:1/2, SearchCost:0.00, BestProfit:0.11@F1) → Purchase F1",0.11,0.03,"[0.35, 0.71]"
2,1,C10,False,"No, because the privacy cost of 0.048 exceeds the maximum potential reduction in search cost (0.02), making sharing data unbeneficial.",-1,"### Decision:
I'll **leave** (choose number -1) because: 
- Both firms have negative profit (valuation < price), so purchasing would increase losses.
- Leaving minimizes total loss by only incurring the existing search cost of 0.02.","C10 Search #1 (Searched:1/2, SearchCost:0.00, BestProfit:-0.52@F0) → Search Next; C10 Search #2 (Searched:2/2, SearchCost:0.02, BestProfit:-0.52@F0) → Leave Market",-0.02,0.048,"[0.08, 0.04]"
2,1,C11,False,"No, because the maximum possible search cost savings of 0.02 is less than the privacy cost of 0.037, and any additional surplus gain from better product matching is uncertain and likely insufficient to offset the privacy loss.",0,"### Decision:
I'll **purchase Firm 0** (choose number 0) because: 
- Positive profit of 0.04 is available from the searched firm.
- Searching incurs a cost of 0.02 with no guaranteed better offer, making it risky.","C11 Search #1 (Searched:1/2, SearchCost:0.00, BestProfit:0.04@F0) → Purchase F0",0.04,0.037,"[0.64, 0.1]"
2,1,C12,False,"No, because the privacy cost of 0.051 exceeds the maximum potential search cost savings of 0.02 from reduced searches.",0,"### Decision:
I'll **purchase Firm 0** (choose number 0) because: 
- Positive profit of 0.17 is already available from the searched firm.
- Additional search costs 0.02 with uncertain benefit, risking reduced revenue.","C12 Search #1 (Searched:1/2, SearchCost:0.00, BestProfit:0.17@F0) → Purchase F0",0.17,0.051,"[0.77, 0.82]"
2,1,C13,False,"No, because the privacy cost of 0.042 exceeds the expected reduction in search cost (at most 0.02) and any minor surplus gain from recommendations with only 2 firms.",1,"### Decision:
I'll **purchase Firm 1** (choose number 1) because: 
- I have a firm with positive profit of 0.36, ensuring immediate gain.
- Searching another firm costs 0.02 with uncertain benefits, risking reduced net revenue.","C13 Search #1 (Searched:1/2, SearchCost:0.00, BestProfit:0.36@F1) → Purchase F1",0.36,0.042,"[0.07, 0.96]"
2,1,C14,False,"No, because the privacy cost of 0.038 exceeds the maximum potential search cost savings of 0.02 from reduced searches with personalized recommendations.",0,"### Decision:
I'll **purchase Firm 0** because: 
- It offers a positive profit of 0.35
- Rationality dictates I won't leave without buying when positive profit is available","C14 Search #1 (Searched:1/2, SearchCost:0.00, BestProfit:0.35@F0) → Purchase F0",0.35,0.038,"[0.95, 0.79]"
2,1,C15,False,"No, because the privacy cost of 0.029 exceeds the maximum possible search cost savings of 0.02, making sharing data unbeneficial.",-1,"### Decision:  
I'll **leave** (choose number -1) because:  
- The searched firm has negative profit (-0.15), indicating no immediate gain.  
- Searching another firm costs 0.02 with uncertain benefit, and the first firm's poor offer suggests low expected profit, making the cost unjustified.","C15 Search #1 (Searched:1/2, SearchCost:0.00, BestProfit:-0.15@F0) → Leave Market",0.0,0.029,"[0.45, 0.72]"
2,1,C16,False,"No, because the privacy cost of 0.033 exceeds the potential search cost savings of up to 0.02 with only two firms.",0,"### Decision:
I'll **leave** (choose number -1) because: 
- Both firms have negative profit (valuation < price: -0.13 and -0.08)
- Buying would increase loss beyond the current search cost of -0.02","C16 Search #1 (Searched:1/2, SearchCost:0.00, BestProfit:-0.13@F1) → Search Next; C16 Search #2 (Searched:2/2, SearchCost:0.02, BestProfit:-0.08@F0) → Purchase F0",-0.1,0.033,"[0.52, 0.47]"
2,1,C17,False,"No, because the privacy cost of 0.051 exceeds the expected reduction in search cost (likely less than 0.02 with 2 firms), making the trade-off unfavorable for maximizing total revenue.",1,"### Decision:
I'll **purchase Firm 1** because: 
- It offers a positive profit of 0.34, ensuring net gain after search cost.
- Rational behavior dictates buying when positive profit exists, avoiding loss from leaving.","C17 Search #1 (Searched:1/2, SearchCost:0.00, BestProfit:0.34@F1) → Search Next; C17 Search #2 (Searched:2/2, SearchCost:0.02, BestProfit:0.34@F1) → Purchase F1",0.32,0.051,"[0.56, 0.94]"
2,1,C18,False,"No, because the privacy cost of 0.044 exceeds the maximum possible search cost savings of 0.02 from personalized recommendations with only 2 firms.",0,"### Decision:
I'll **purchase Firm 0** (choose number 0) because: 
- It offers a positive profit of 0.08, which I can secure immediately.
- Searching another firm costs 0.02 with uncertain benefit, risking lower net revenue.","C18 Search #1 (Searched:1/2, SearchCost:0.00, BestProfit:0.08@F0) → Purchase F0",0.08,0.044,"[0.68, 0.5]"
2,1,C19,False,"No, because the privacy cost of 0.055 exceeds the maximum possible search cost savings of 0.02 with only 2 firms.",-1,"### Decision:
I'll **leave** (choose number -1) because: 
- Both firms have negative profit (valuation < price), so purchasing would increase losses.
- Leaving minimizes total cost by avoiding additional negative utility from buying.","C19 Search #1 (Searched:1/2, SearchCost:0.00, BestProfit:-0.03@F0) → Search Next; C19 Search #2 (Searched:2/2, SearchCost:0.02, BestProfit:-0.03@F0) → Leave Market",-0.02,0.055,"[0.57, 0.54]"
2,1,C20,False,"No, because the privacy cost of 0.048 exceeds the maximum potential search cost savings of 0.02 from reduced searches.",-1,"### Decision:
I'll **leave** (choose number -1) because: 
- The searched firm has a negative profit of -0.37, indicating no value in purchasing.
- Searching another firm costs 0.02 with uncertain potential for positive profit, risking a net loss while current revenue is zero.","C20 Search #1 (Searched:1/2, SearchCost:0.00, BestProfit:-0.37@F0) → Leave Market",0.0,0.048,"[0.23, 0.83]"
2,2,C1,False,"I am considering the trade-off: sharing data might save up to 0.02 in search costs by reducing searches, but my privacy value of 0.053 exceeds this maximum savings, making it unprofitable. From past decisions, similar privacy costs led to no sharing with positive outcomes.

No, because the privacy cost of 0.053 exceeds the maximum potential search cost savings of 0.02.",0,"### Decision:
I'll **leave** (choose number -1) because: 
- The searched firm offers negative profit (-0.01), making purchase unprofitable.
- Searching another firm costs 0.02 with uncertain benefit, likely resulting in a net loss given past low valuations.","C1 Search #1 (Searched:1/2, SearchCost:0.00, BestProfit:-0.01@F0) → Purchase F0",-0.01,0.053,"[0.59, 0.07]"
2,2,C2,False,"No, because the privacy cost of 0.044 exceeds the maximum potential search cost savings of 0.02 from reduced searches with personalized recommendations.",1,"### Decision:
I'll **purchase Firm 1** (choose number 1) because: 
- Firm 1 offers a positive profit of 0.18, resulting in a net gain of 0.16 after search costs.
- Leaving would lead to a loss of 0.02 from incurred search costs, making purchase optimal.","C2 Search #1 (Searched:1/2, SearchCost:0.00, BestProfit:0.00@F0) → Search Next; C2 Search #2 (Searched:2/2, SearchCost:0.02, BestProfit:0.18@F1) → Purchase F1",0.16,0.044,"[0.6, 0.78]"
2,2,C3,False,"### Thought Process:
As a consumer with a privacy value of 0.046 and only 2 firms to search, I evaluate the trade-off between privacy cost and potential search cost savings from sharing data. Sharing data provides personalized recommendations that sort my search sequence by valuation, potentially reducing the number of searches and thus the total search cost. The first search is free, and each subsequent search costs 0.02, so the maximum search cost without sharing is 0.02 (for searching both firms). With sharing, I might save up to 0.02 in search costs if I avoid the second search by finding a good deal earlier, but this saving is uncertain and depends on valuations and my stopping strategy. However, the privacy cost of 0.046 is fixed and exceeds the maximum possible savings of 0.02. Even if sharing reduces search costs on average, the expected savings are unlikely to exceed 0.046, making sharing unprofitable. Historical data from top consumers with similar privacy values (e.g., 0.047, 0.042, 0.038) also shows they did not share due to this trade-off. Therefore, not sharing maximizes my total revenue by avoiding the privacy cost without significant risk of higher search costs.

### Share Decision:
No, because privacy cost of 0.046 exceeds maximum potential search cost savings of 0.02.",0,"### Decision:  
I'll **leave** (choose number -1) because:  
- The searched firm has a negative profit of -0.25, making purchase unprofitable.  
- Searching another firm costs 0.02 with no expected positive profit based on past searches, risking unnecessary loss.","C3 Search #1 (Searched:1/2, SearchCost:0.00, BestProfit:-0.25@F0) → Purchase F0",-0.25,0.046,"[0.35, 0.58]"
2,2,C4,False,"No, because the privacy cost of 0.025 exceeds the maximum potential search cost savings of 0.02 from reduced searches with personalized recommendations.",1,"### Decision:
I'll **purchase Firm 1** (choose number 1) because: 
- Current firm offers positive profit of 0.06 with no additional search cost.
- Searching another firm for 0.02 may not yield a better deal and could reduce overall profit.","C4 Search #1 (Searched:1/2, SearchCost:0.00, BestProfit:0.06@F1) → Purchase F1",0.06,0.025,"[0.77, 0.66]"
2,2,C5,False,"No, because the privacy cost of 0.039 exceeds the maximum potential search cost savings of 0.02 from personalized recommendations with only 2 firms.",0,"### Decision:
I'll **purchase Firm 0** (choose number 0) because: 
- Firm 0 offers a positive profit of 0.27, ensuring a good deal.
- Searching another firm costs 0.02 with uncertain benefit, likely reducing net revenue if no improvement is found.","C5 Search #1 (Searched:1/2, SearchCost:0.00, BestProfit:0.27@F0) → Purchase F0",0.27,0.039,"[0.87, 0.29]"
2,2,C6,False,"No, because the privacy cost of 0.051 exceeds the maximum potential search cost savings of 0.02 from reduced searches with personalized recommendations.",0,"### Decision:
I'll **purchase Firm 0** (choose number 0) because: 
- Firm 0 offers a positive profit of 0.22, which is beneficial to secure.
- Searching another firm costs 0.02 with uncertain benefit, risking reduced revenue without guaranteed gain.","C6 Search #1 (Searched:1/2, SearchCost:0.00, BestProfit:0.22@F0) → Purchase F0",0.22,0.051,"[0.82, 0.3]"
2,2,C7,False,"No, because the privacy cost of 0.047 exceeds the maximum potential search cost savings of 0.02 from reduced searches with personalized recommendations.",0,"### Decision:  
I'll **purchase Firm 0** (choose number 0) because:  
- It provides a positive profit of 0.36, ensuring a gain.  
- Searching another firm costs 0.02 with uncertain benefits, making it an unnecessary risk.","C7 Search #1 (Searched:1/2, SearchCost:0.00, BestProfit:0.36@F0) → Purchase F0",0.36,0.047,"[0.96, 0.02]"
2,2,C8,False,"No, because the privacy cost of 0.045 exceeds the maximum potential search cost savings of 0.02 with only 2 firms.",-1,Defaulted after 3 fails. Best Profit: -0.24 -> Choice: -1,"C8 Search #1 (Searched:1/2, SearchCost:0.00, BestProfit:-0.24@F1) → Leave Market",0.0,0.045,"[0.45, 0.36]"
2,2,C9,False,"No, because the privacy cost of 0.03 exceeds the maximum potential search cost savings of 0.02 with only 2 firms.",1,"### Decision:
I'll **purchase Firm 1** (choose number 1) because: 
- The current firm provides a positive profit of 0.11, ensuring immediate gain.
- Searching another firm costs 0.02 with uncertain benefit, potentially reducing net revenue.","C9 Search #1 (Searched:1/2, SearchCost:0.00, BestProfit:0.11@F1) → Purchase F1",0.11,0.03,"[0.35, 0.71]"
2,2,C10,False,"No. Privacy cost of 0.048 exceeds maximum potential search cost savings of 0.02, making sharing unbeneficial.",-1,"### Decision:
I'll **leave** (choose number -1) because: 
- The searched firm has a negative profit of -0.56, so purchasing it would reduce revenue.
- Searching another firm costs 0.02 and offers no guaranteed benefit, likely resulting in a net loss or no gain, making it irrational to proceed.","C10 Search #1 (Searched:1/2, SearchCost:0.00, BestProfit:-0.56@F1) → Leave Market",0.0,0.048,"[0.08, 0.04]"
2,2,C11,False,"No, because the privacy cost of 0.037 exceeds the maximum possible search cost savings of 0.02, making sharing data unprofitable.",0,"### Decision:
I'll **purchase Firm 0** (choose number 0) because: 
- Positive profit of 0.04 is available from the searched firm.
- Searching incurs a cost of 0.02 with no guaranteed better offer, making it risky.","C11 Search #1 (Searched:1/2, SearchCost:0.00, BestProfit:0.04@F0) → Purchase F0",0.04,0.037,"[0.64, 0.1]"
2,2,C12,False,"No, because the privacy cost of 0.051 exceeds the maximum potential search cost savings of 0.02 from reduced searches with personalized recommendations.",0,"### Decision:
I'll **purchase Firm 0** (choose number 0) because: 
- Positive profit of 0.17 is already secured.
- Searching another firm costs 0.02 with uncertain benefit, unlikely to exceed the search cost given limited potential gain.","C12 Search #1 (Searched:1/2, SearchCost:0.00, BestProfit:0.17@F0) → Purchase F0",0.17,0.051,"[0.77, 0.82]"
2,2,C13,False,"No, because the privacy cost of 0.042 exceeds the maximum potential search cost savings of 0.02 and any minor gain from better product matching with only 2 firms.",1,"### Decision:
I'll **purchase Firm 1** (choose number 1) because: 
- I have a firm with positive profit of 0.36, ensuring immediate gain.
- Searching another firm costs 0.02 with uncertain benefits, likely not offsetting the cost given limited firms and cautious approach.","C13 Search #1 (Searched:1/2, SearchCost:0.00, BestProfit:0.36@F1) → Purchase F1",0.36,0.042,"[0.07, 0.96]"
2,2,C14,False,"No, because the privacy cost of 0.038 exceeds the maximum potential search cost savings of 0.02 from personalized recommendations with only 2 firms.",0,"### Decision:
I'll **purchase Firm 0** because: 
- It offers the highest profit of 0.35, maximizing total revenue.
- Rational to buy when positive profit is available, avoiding loss from leaving.","C14 Search #1 (Searched:1/2, SearchCost:0.00, BestProfit:0.19@F1) → Search Next; C14 Search #2 (Searched:2/2, SearchCost:0.02, BestProfit:0.35@F0) → Purchase F0",0.33,0.038,"[0.95, 0.79]"
2,2,C15,False,"No, because the privacy cost of 0.029 exceeds the maximum potential search cost savings of 0.02, making sharing data unbeneficial.",-1,"### Decision:  
I'll **leave** (choose number -1) because:  
- The searched firm has a negative profit of -0.15, offering no immediate gain.  
- Searching another firm costs 0.02 with uncertain and likely low expected profit based on the first firm's poor offer, making the cost unjustified.","C15 Search #1 (Searched:1/2, SearchCost:0.00, BestProfit:-0.15@F0) → Leave Market",0.0,0.029,"[0.45, 0.72]"
2,2,C16,False,"No, because the privacy cost of 0.033 exceeds the maximum potential search cost savings of 0.02 with only two firms.",-1,"### Decision:
I'll **leave** (choose number -1) because: 
- No searched firm offers positive profit (current profit -0.13).
- Searching incurs a cost of 0.02 with uncertain benefits, risking loss without guaranteed gain.","C16 Search #1 (Searched:1/2, SearchCost:0.00, BestProfit:-0.13@F1) → Leave Market",0.0,0.033,"[0.52, 0.47]"
2,2,C17,False,"No, because the privacy cost of 0.051 exceeds the maximum possible search cost savings of 0.02 with only 2 firms.",1,"### Decision:
I'll **purchase Firm 1** (choose number 1) because: 
- It offers a positive profit of 0.34, ensuring a net gain.
- Rational behavior requires buying when positive profit exists, avoiding loss.","C17 Search #1 (Searched:1/2, SearchCost:0.00, BestProfit:-0.04@F0) → Search Next; C17 Search #2 (Searched:2/2, SearchCost:0.02, BestProfit:0.34@F1) → Purchase F1",0.32,0.051,"[0.56, 0.94]"
2,2,C18,False,"No, because the privacy cost of 0.044 exceeds the maximum potential search cost savings of 0.02 with only 2 firms.",0,"### Decision:
I'll **purchase Firm 0** (choose number 0) because: 
- It offers a positive profit of 0.08, ensuring a net gain after search costs.
- Firm 1 has negative profit, and no further search options exist.","C18 Search #1 (Searched:1/2, SearchCost:0.00, BestProfit:-0.10@F1) → Search Next; C18 Search #2 (Searched:2/2, SearchCost:0.02, BestProfit:0.08@F0) → Purchase F0",0.06,0.044,"[0.68, 0.5]"
2,2,C19,False,"No, because the privacy cost of 0.055 exceeds the maximum potential search cost savings of 0.02 with only 2 firms, making sharing data unprofitable.",-1,Defaulted after 3 fails. Best Profit: -0.06 -> Choice: -1,"C19 Search #1 (Searched:1/2, SearchCost:0.00, BestProfit:-0.06@F1) → Leave Market",0.0,0.055,"[0.57, 0.54]"
2,2,C20,False,"No, because the privacy cost of 0.048 exceeds the maximum potential search cost savings of 0.02 from reduced searches with personalized recommendations.",0,"### Decision:
I'll **leave** (choose number -1) because: 
- The only searched firm has a negative profit of -0.37, making purchase unprofitable.
- Searching another firm costs 0.02 with uncertain potential for positive profit, risking a net loss while current revenue is zero.","C20 Search #1 (Searched:1/2, SearchCost:0.00, BestProfit:-0.37@F0) → Purchase F0",-0.37,0.048,"[0.23, 0.83]"
2,3,C1,False,"No, because the privacy cost of 0.053 exceeds the maximum potential search cost savings of 0.02, making data sharing unprofitable.",0,"### Decision:
I'll **leave** (choose number -1) because: 
- The searched firm offers negative profit (-0.01), making purchase unprofitable.
- Searching another firm costs 0.02 with likely negative or low profit based on past experiences, risking a net loss.","C1 Search #1 (Searched:1/2, SearchCost:0.00, BestProfit:-0.01@F0) → Purchase F0",-0.01,0.053,"[0.59, 0.07]"
2,3,C2,False,"No, because the privacy cost of 0.044 exceeds the maximum potential search cost savings of 0.02, and with only 2 firms, the benefit from personalized recommendations is limited and unlikely to offset the privacy loss, as shown in past decisions where not sharing data yielded better or comparable revenue.",1,"### Decision:
I'll **purchase Firm 1** (choose number 1) because: 
- Firm 1 provides a positive profit of 0.18 with no additional search cost.
- Searching another firm costs 0.02 with likely low or no gain, making it inefficient.","C2 Search #1 (Searched:1/2, SearchCost:0.00, BestProfit:0.18@F1) → Purchase F1",0.18,0.044,"[0.6, 0.78]"
2,3,C3,False,"No, because the privacy cost of 0.046 exceeds the maximum potential search cost savings of 0.02, making sharing data unprofitable despite potential reductions in search costs with personalized recommendations.",-1,"### Decision:
I'll **leave** (choose number -1) because: 
- The searched firm has negative profit (-0.25), so purchasing would reduce revenue.
- Searching another firm costs 0.02 and, based on past rounds with similar negative profits, is unlikely to yield positive profit, risking unnecessary loss.","C3 Search #1 (Searched:1/2, SearchCost:0.00, BestProfit:-0.25@F0) → Leave Market",0.0,0.046,"[0.35, 0.58]"
2,3,C4,False,"No, because the privacy cost of 0.025 exceeds the maximum potential search cost savings of 0.02 from reduced searches with personalized recommendations.",0,"### Decision:
I'll **purchase Firm 0** (choose number 0) because: 
- Current firm offers positive profit of 0.17 with no additional search cost. 
- Searching another firm costs 0.02 and may not yield a better deal, potentially reducing overall profit.","C4 Search #1 (Searched:1/2, SearchCost:0.00, BestProfit:0.17@F0) → Purchase F0",0.17,0.025,"[0.77, 0.66]"
2,3,C5,False,"No, because the privacy cost of 0.039 exceeds the maximum potential search cost savings of 0.02 from personalized recommendations, making sharing data unprofitable with only 2 firms.",0,"### Decision:
I'll **purchase Firm 0** (choose number 0) because: 
- Firm 0 offers a positive profit of 0.27, ensuring a gain.
- Leaving would result in a net loss of -0.02 from sunk search cost.","C5 Search #1 (Searched:1/2, SearchCost:0.00, BestProfit:-0.31@F1) → Search Next; C5 Search #2 (Searched:2/2, SearchCost:0.02, BestProfit:0.27@F0) → Purchase F0",0.25,0.039,"[0.87, 0.29]"
2,3,C6,False,"No, because the privacy cost of 0.051 exceeds the maximum potential search cost savings of 0.02 with only 2 firms.",0,"### Decision:
I'll **purchase Firm 0** (choose number 0) because: 
- Firm 0 offers a positive profit of 0.22, which should be secured.
- Searching another firm costs 0.02 with uncertain benefits, risking lower revenue.","C6 Search #1 (Searched:1/2, SearchCost:0.00, BestProfit:0.22@F0) → Purchase F0",0.22,0.051,"[0.82, 0.3]"
2,3,C7,False,"No, because the privacy cost of 0.047 exceeds the maximum potential search cost savings of 0.02 from reduced searches with personalized recommendations.",0,"### Decision:  
I'll **purchase Firm 0** (choose number 0) because:  
- It offers a positive profit of 0.36, ensuring a gain.  
- The other firm has a negative profit, so no better option exists.","C7 Search #1 (Searched:1/2, SearchCost:0.00, BestProfit:-0.58@F1) → Search Next; C7 Search #2 (Searched:2/2, SearchCost:0.02, BestProfit:0.36@F0) → Purchase F0",0.34,0.047,"[0.96, 0.02]"
2,3,C8,False,"No, because the privacy cost of 0.045 exceeds the maximum potential search cost savings of 0.02 with only 2 firms.",-1,"### Decision:
I'll **leave** (choose number -1) because: 
- The searched firm has negative profit (-0.15), indicating no current benefit.
- Searching another firm costs 0.02 with low likelihood of positive profit based on past negative outcomes, risking unnecessary loss.","C8 Search #1 (Searched:1/2, SearchCost:0.00, BestProfit:-0.15@F0) → Leave Market",0.0,0.045,"[0.45, 0.36]"
2,3,C9,False,"No, because the privacy cost of 0.03 exceeds the maximum potential search cost savings of 0.02 with only 2 firms.",1,"### Decision:
I'll **purchase Firm 1** (choose number 1) because: 
- Firm 1 offers a positive profit of 0.11, ensuring a net gain after search cost.
- Leaving without buying would result in a loss of the incurred search cost of 0.02.","C9 Search #1 (Searched:1/2, SearchCost:0.00, BestProfit:-0.25@F0) → Search Next; C9 Search #2 (Searched:2/2, SearchCost:0.02, BestProfit:0.11@F1) → Purchase F1",0.09,0.03,"[0.35, 0.71]"
2,3,C10,False,"No, because the privacy cost of 0.048 exceeds the maximum potential search cost savings of 0.02, making sharing data unbeneficial.",0,"### Decision:
I'll **leave** (choose number -1) because: 
- The searched firm has a negative profit of -0.52, making purchase unprofitable.
- Searching another firm costs 0.02 with no guaranteed benefit and likely negative outcome, based on past experiences.","C10 Search #1 (Searched:1/2, SearchCost:0.00, BestProfit:-0.52@F0) → Purchase F0",-0.52,0.048,"[0.08, 0.04]"
2,3,C11,False,"No, because the privacy cost of 0.037 exceeds the maximum potential search cost savings of 0.02, making sharing data unprofitable given the limited number of firms.",0,"### Decision:
I'll **purchase Firm 0** (choose number 0) because: 
- It offers a positive profit of 0.04, ensuring a net gain after search cost.
- Leaving would result in a loss due to the incurred search cost of 0.02.","C11 Search #1 (Searched:1/2, SearchCost:0.00, BestProfit:-0.50@F1) → Search Next; C11 Search #2 (Searched:2/2, SearchCost:0.02, BestProfit:0.04@F0) → Purchase F0",0.02,0.037,"[0.64, 0.1]"
2,3,C12,False,"No, because the privacy cost of 0.051 exceeds the maximum potential search cost savings of 0.02 from reduced searches with personalized recommendations.",1,"### Decision:
I'll **purchase Firm 1** (choose number 1) because: 
- Positive profit of 0.22 is already secured from the searched firm.
- Additional search costs 0.02 with uncertain benefit, likely not justifying the expense.","C12 Search #1 (Searched:1/2, SearchCost:0.00, BestProfit:0.22@F1) → Purchase F1",0.22,0.051,"[0.77, 0.82]"
2,3,C13,False,"No, because the privacy cost of 0.042 exceeds the maximum potential search cost savings of 0.02 with only 2 firms, making sharing unbeneficial.",1,"### Decision:
I'll **purchase Firm 1** (choose number 1) because: 
- I have a positive profit of 0.36 from Firm 1, ensuring a gain.
- Searching another firm costs 0.02 with uncertain benefits, likely not justifying the expense.","C13 Search #1 (Searched:1/2, SearchCost:0.00, BestProfit:0.36@F1) → Purchase F1",0.36,0.042,"[0.07, 0.96]"
2,3,C14,False,"No, because the privacy cost of 0.038 exceeds the maximum potential search cost savings of 0.02 from personalized recommendations with only 2 firms.",0,"### Decision:
I'll **purchase Firm 0** (choose number 0) because: 
- It offers a positive profit of 0.35, which I can secure without additional cost.
- Searching another firm costs 0.02 with uncertain benefits, potentially reducing net revenue based on past experiences.","C14 Search #1 (Searched:1/2, SearchCost:0.00, BestProfit:0.35@F0) → Purchase F0",0.35,0.038,"[0.95, 0.79]"
2,3,C15,False,"No, because the privacy cost of 0.029 exceeds the maximum potential search cost savings of 0.02, making sharing data unbeneficial.",1,"### Decision:
I'll **purchase Firm 1** (choose number 1) because: 
- The searched firm offers a positive profit of 0.12, ensuring immediate gain.
- Searching another firm costs 0.02 with uncertain benefits, and given the caution advised, the potential gain does not justify the expense.","C15 Search #1 (Searched:1/2, SearchCost:0.00, BestProfit:0.12@F1) → Purchase F1",0.12,0.029,"[0.45, 0.72]"
2,3,C16,False,"No, because the privacy cost of 0.033 exceeds the maximum potential search cost savings of 0.02 with only two firms.",0,"### Decision:
I'll **leave** (choose number -1) because: 
- The searched firm has negative profit (-0.08), making purchase unprofitable.
- Additional search costs 0.02 with low likelihood of positive profit based on past negative outcomes, risking further loss.","C16 Search #1 (Searched:1/2, SearchCost:0.00, BestProfit:-0.08@F0) → Purchase F0",-0.08,0.033,"[0.52, 0.47]"
2,3,C17,False,No. Privacy cost of 0.051 exceeds maximum potential search cost savings of 0.02 with only 2 firms.,1,"### Decision:
I'll **purchase Firm 1** (choose number 1) because:
- It offers a positive profit of 0.34, ensuring a net gain after search cost.
- Rational behavior requires buying when positive profit exists to avoid revenue loss.","C17 Search #1 (Searched:1/2, SearchCost:0.00, BestProfit:-0.04@F0) → Search Next; C17 Search #2 (Searched:2/2, SearchCost:0.02, BestProfit:0.34@F1) → Purchase F1",0.32,0.051,"[0.56, 0.94]"
2,3,C18,False,"No, because the privacy cost of 0.044 exceeds the maximum potential search cost savings of 0.02 with only 2 firms, making sharing data unbeneficial.",0,"### Decision:
I'll **purchase Firm 0** (choose number 0) because: 
- It offers a positive profit of 0.08, ensuring a net gain after incurred search costs.
- Leaving would result in zero revenue, forgoing this opportunity with no better alternatives.","C18 Search #1 (Searched:1/2, SearchCost:0.00, BestProfit:-0.10@F1) → Search Next; C18 Search #2 (Searched:2/2, SearchCost:0.02, BestProfit:0.08@F0) → Purchase F0",0.06,0.044,"[0.68, 0.5]"
2,3,C19,False,"No, because the privacy cost of 0.055 exceeds the maximum potential search cost savings of 0.02 with only 2 firms, making sharing data unprofitable.",-1,"### Decision:
I'll **leave** (choose number -1) because: 
- The searched firm has negative profit (-0.06), indicating no current gain from purchasing.
- Searching another firm costs 0.02 with uncertain benefit, and past experiences suggest low likelihood of positive profit, risking a net loss.","C19 Search #1 (Searched:1/2, SearchCost:0.00, BestProfit:-0.06@F1) → Leave Market",0.0,0.055,"[0.57, 0.54]"
2,3,C20,False,"No, because the privacy cost of 0.048 exceeds the maximum potential search cost savings of 0.02 from personalized recommendations with only 2 firms.",1,"### Decision:
I'll **purchase Firm 1** (choose number 1) because: 
- The searched firm offers a positive profit of 0.23, ensuring a gain.
- Searching another firm costs 0.02 with uncertain benefits, and given the caution advised for small net profits, it's better to avoid additional risk.","C20 Search #1 (Searched:1/2, SearchCost:0.00, BestProfit:0.23@F1) → Purchase F1",0.23,0.048,"[0.23, 0.83]"
2,4,C1,False,"No, because the privacy cost of 0.053 exceeds the maximum potential search cost savings of 0.02 with only 2 firms, making data sharing unprofitable.",-1,Defaulted after 3 fails. Best Profit: -0.53 -> Choice: -1,"C1 Search #1 (Searched:1/2, SearchCost:0.00, BestProfit:-0.53@F1) → Leave Market",0.0,0.053,"[0.59, 0.07]"
2,4,C2,False,"No, because the privacy cost of 0.044 exceeds the maximum potential search cost savings of 0.02 with only 2 firms, making sharing unbeneficial based on past experiences and limited firm options.",1,"### Decision:
I'll **purchase Firm 1** (choose number 1) because: 
- Firm 1 provides a positive profit of 0.18 with no additional search cost, ensuring a net gain.
- Searching another firm costs 0.02 with uncertain and likely minimal benefit, making it inefficient based on past experiences.","C2 Search #1 (Searched:1/2, SearchCost:0.00, BestProfit:0.18@F1) → Purchase F1",0.18,0.044,"[0.6, 0.78]"
2,4,C3,False,"No, because the privacy cost of 0.046 exceeds the maximum potential search cost savings of 0.02 from personalized recommendations with only 2 firms, making sharing unbeneficial.",-1,"### Decision:
I'll **leave** (choose number -1) because: 
- The searched firm has negative profit (-0.02), so purchasing would reduce revenue.
- Searching another firm costs 0.02 and, based on past rounds with consistently negative profits, is unlikely to yield positive profit, risking unnecessary loss.","C3 Search #1 (Searched:1/2, SearchCost:0.00, BestProfit:-0.02@F1) → Leave Market",0.0,0.046,"[0.35, 0.58]"
2,4,C4,False,"No, because the privacy cost of 0.025 exceeds the maximum potential search cost savings of 0.02 from reduced searches with personalized recommendations.",0,"### Decision:
I'll **purchase Firm 0** (choose number 0) because: 
- Current firm offers positive profit of 0.17 with no additional search cost.
- Searching another firm costs 0.02 and may not yield a better deal, potentially reducing overall profit.","C4 Search #1 (Searched:1/2, SearchCost:0.00, BestProfit:0.17@F0) → Purchase F0",0.17,0.025,"[0.77, 0.66]"
2,4,C5,False,"No, because the privacy cost of 0.039 exceeds the maximum potential search cost savings of 0.02 from personalized recommendations with only 2 firms.",0,"### Decision:
I'll **purchase Firm 0** (choose number 0) because: 
- Firm 0 offers a positive profit of 0.27, ensuring a gain with no additional cost.
- Searching another firm costs 0.02 with uncertain benefit, potentially reducing net revenue based on historical low valuations of unsearched firms.","C5 Search #1 (Searched:1/2, SearchCost:0.00, BestProfit:0.27@F0) → Purchase F0",0.27,0.039,"[0.87, 0.29]"
2,4,C6,False,"No, because the privacy cost of 0.051 exceeds the maximum potential search cost savings of 0.02 with only 2 firms, making sharing unbeneficial.",0,"### Decision:
I'll **purchase Firm 0** (choose number 0) because: 
- Firm 0 offers a positive profit of 0.22, which is beneficial to secure.
- Leaving would result in a net loss of 0.02 from the search cost already incurred.","C6 Search #1 (Searched:1/2, SearchCost:0.00, BestProfit:-0.30@F1) → Search Next; C6 Search #2 (Searched:2/2, SearchCost:0.02, BestProfit:0.22@F0) → Purchase F0",0.2,0.051,"[0.82, 0.3]"
2,4,C7,False,"No, because the privacy cost of 0.047 exceeds the maximum potential search cost savings of 0.02 from personalized recommendations with only 2 firms.",0,"### Decision:  
I'll **purchase Firm 0** (choose number 0) because:  
- It offers a positive profit of 0.36, ensuring a gain.  
- The other firm has a negative profit, and no further search is possible, making this the best option.","C7 Search #1 (Searched:1/2, SearchCost:0.00, BestProfit:-0.58@F1) → Search Next; C7 Search #2 (Searched:2/2, SearchCost:0.02, BestProfit:0.36@F0) → Purchase F0",0.34,0.047,"[0.96, 0.02]"
2,4,C8,False,"No, because the privacy cost of 0.045 exceeds the maximum potential search cost savings of 0.02 with only 2 firms, making sharing unbeneficial.",0,"### Decision:
I'll **leave** (choose number -1) because: 
- The searched firm has negative profit (-0.15), making purchase unprofitable.
- Searching another firm costs 0.02 with low likelihood of positive profit based on consistent negative outcomes in history.","C8 Search #1 (Searched:1/2, SearchCost:0.00, BestProfit:-0.15@F0) → Purchase F0",-0.15,0.045,"[0.45, 0.36]"
2,4,C9,False,"No, because the privacy cost of 0.03 exceeds the maximum potential search cost savings of 0.02 with only 2 firms, making sharing unbeneficial.",0,"### Decision:
I'll **search another firm** (choose number 2) because: 
- The current firm has a negative profit of -0.25, making purchase unprofitable.
- Searching the remaining firm costs only 0.02 and may reveal a positive-profit option, potentially increasing net revenue.","C9 Search #1 (Searched:1/2, SearchCost:0.00, BestProfit:-0.25@F0) → Purchase F0",-0.25,0.03,"[0.35, 0.71]"
2,4,C10,False,"No, because the privacy cost of 0.048 exceeds the maximum potential search cost savings of 0.02 with only 2 firms, making sharing unbeneficial.",-1,Defaulted after 3 fails. Best Profit: -0.56 -> Choice: -1,"C10 Search #1 (Searched:1/2, SearchCost:0.00, BestProfit:-0.56@F1) → Leave Market",0.0,0.048,"[0.08, 0.04]"
2,4,C11,False,"No, because the privacy cost of 0.037 exceeds the maximum potential search cost savings of 0.02 from reduced searches with personalized recommendations.",0,"### Decision:
I'll **purchase Firm 0** (choose number 0) because: 
- A positive profit of 0.04 is available from the searched firm.
- Searching another firm costs 0.02 with no guaranteed better offer, potentially reducing revenue.","C11 Search #1 (Searched:1/2, SearchCost:0.00, BestProfit:0.04@F0) → Purchase F0",0.04,0.037,"[0.64, 0.1]"
2,4,C12,False,"No, because the privacy cost of 0.051 exceeds the maximum potential search cost savings of 0.02 from reduced searches with personalized recommendations.",1,"### Decision:
I'll **purchase Firm 1** (choose number 1) because: 
- Positive profit of 0.22 is already secured from the searched firm.
- Additional search costs 0.02 with uncertain benefit, likely not justifying the expense.","C12 Search #1 (Searched:1/2, SearchCost:0.00, BestProfit:0.22@F1) → Purchase F1",0.22,0.051,"[0.77, 0.82]"
2,4,C13,False,"No, because the privacy cost of 0.042 exceeds the maximum potential search cost savings of 0.02 with only 2 firms, making sharing unbeneficial.",1,"### Decision:
I'll **purchase Firm 1** (choose number 1) because: 
- I have a positive profit of 0.36 from Firm 1, ensuring a gain.
- Searching another firm costs 0.02 with uncertain benefits, likely not justifying the expense given limited firms and cautious approach.","C13 Search #1 (Searched:1/2, SearchCost:0.00, BestProfit:0.36@F1) → Purchase F1",0.36,0.042,"[0.07, 0.96]"
2,4,C14,False,"No, because the privacy cost of 0.038 exceeds the maximum potential search cost savings of 0.02 with only 2 firms.",0,"### Decision:
I'll **purchase Firm 0** (choose number 0) because: 
- It offers a positive profit of 0.35 with no additional cost.
- Searching another firm costs 0.02 and is unlikely to yield a better outcome based on past experiences, potentially reducing net revenue.","C14 Search #1 (Searched:1/2, SearchCost:0.00, BestProfit:0.35@F0) → Purchase F0",0.35,0.038,"[0.95, 0.79]"
2,4,C15,False,"No, because the privacy cost of 0.029 exceeds the maximum potential search cost savings of 0.02, making sharing data unbeneficial.",-1,"### Decision:  
I'll **leave** (choose number -1) because:  
- The searched firm offers negative profit (-0.15), indicating no immediate gain.  
- Searching another firm costs 0.02 with uncertain and likely low expected profit based on the poor first offer, making the expense unjustified.","C15 Search #1 (Searched:1/2, SearchCost:0.00, BestProfit:-0.15@F0) → Leave Market",0.0,0.029,"[0.45, 0.72]"
2,4,C16,False,"No, because the privacy cost of 0.033 exceeds the maximum potential search cost savings of 0.02 with only two firms, making sharing unbeneficial.",-1,"### Decision:  
I'll **leave** (choose number -1) because:  
- The searched firm has negative profit (-0.08), so purchasing would result in a loss.  
- Searching another firm costs 0.02 with low likelihood of finding a better option based on historical negative profits, risking further loss.","C16 Search #1 (Searched:1/2, SearchCost:0.00, BestProfit:-0.08@F0) → Leave Market",0.0,0.033,"[0.52, 0.47]"
2,4,C17,False,"No. Privacy cost of 0.051 exceeds maximum potential search cost savings of 0.02 with only 2 firms, making sharing unbeneficial.",1,"### Decision:
I'll **purchase Firm 1** (choose number 1) because: 
- It offers a positive profit of 0.34, ensuring a net gain.
- Searching another firm costs 0.02 with low expected benefit, reducing overall revenue.","C17 Search #1 (Searched:1/2, SearchCost:0.00, BestProfit:0.34@F1) → Purchase F1",0.34,0.051,"[0.56, 0.94]"
2,4,C18,False,"No, because the privacy cost of 0.044 exceeds the maximum potential search cost savings of 0.02 with only 2 firms, making sharing unbeneficial.",0,"### Decision:
I'll **purchase Firm 0** (choose number 0) because: 
- It offers a positive profit of 0.08, ensuring a net gain of 0.06 after the 0.02 search cost.
- Firm 1 has negative profit, and no further actions are possible.","C18 Search #1 (Searched:1/2, SearchCost:0.00, BestProfit:-0.10@F1) → Search Next; C18 Search #2 (Searched:2/2, SearchCost:0.02, BestProfit:0.08@F0) → Purchase F0",0.06,0.044,"[0.68, 0.5]"
2,4,C19,False,"No, because the privacy cost of 0.055 exceeds the maximum potential search cost savings of 0.02 with only 2 firms, making sharing unbeneficial.",-1,Defaulted after 3 fails. Best Profit: -0.06 -> Choice: -1,"C19 Search #1 (Searched:1/2, SearchCost:0.00, BestProfit:-0.06@F1) → Leave Market",0.0,0.055,"[0.57, 0.54]"
2,4,C20,False,"No, because the privacy cost of 0.048 exceeds the maximum potential search cost savings of 0.02 from reduced searches with personalized recommendations.",1,"### Decision:
I'll **purchase Firm 1** (choose number 1) because:
- The firm offers a positive profit of 0.23, ensuring immediate gain.
- Searching another firm costs 0.02 with uncertain benefits, and caution advises avoiding potential loss.","C20 Search #1 (Searched:1/2, SearchCost:0.00, BestProfit:0.23@F1) → Purchase F1",0.23,0.048,"[0.23, 0.83]"
2,5,C1,False,"No, because the privacy cost of 0.053 exceeds the maximum potential search cost savings of 0.02 with only 2 firms, making data sharing unprofitable.",0,"### Decision:
I'll **leave** (choose number -1) because: 
- The searched firm has negative profit (-0.01), making purchase unprofitable.
- Searching another firm costs 0.02 and is unlikely to yield positive profit based on past low valuations, risking a net loss.","C1 Search #1 (Searched:1/2, SearchCost:0.00, BestProfit:-0.01@F0) → Purchase F0",-0.01,0.053,"[0.59, 0.07]"
2,5,C2,False,"No, because the privacy cost of 0.044 exceeds the maximum potential search cost savings of 0.02 with only 2 firms, making sharing unbeneficial based on past experiences and limited firm options.",1,"### Decision:
I'll **purchase Firm 1** (choose number 1) because: 
- Firm 1 offers a positive profit of 0.28, resulting in a net gain of 0.26 after search costs.
- Leaving or buying Firm 0 (with zero profit) would lead to a loss or no gain, making purchase optimal.","C2 Search #1 (Searched:1/2, SearchCost:0.00, BestProfit:0.00@F0) → Search Next; C2 Search #2 (Searched:2/2, SearchCost:0.02, BestProfit:0.28@F1) → Purchase F1",0.26,0.044,"[0.6, 0.78]"
2,5,C3,False,"No, because the privacy cost of 0.046 exceeds the maximum potential search cost savings of 0.02 with only 2 firms, making sharing unbeneficial.",1,"### Decision:  
I'll **purchase Firm 1** (choose number 1) because:  
- The firm offers a positive profit of 0.08, ensuring immediate gain.  
- Searching another firm costs 0.02 with uncertain benefits, potentially reducing overall profit given the cautioned trade-off.","C3 Search #1 (Searched:1/2, SearchCost:0.00, BestProfit:0.08@F1) → Purchase F1",0.08,0.046,"[0.35, 0.58]"
2,5,C4,False,"No, because the privacy cost of 0.025 exceeds the maximum potential search cost savings of 0.02 from personalized recommendations with only 2 firms, making sharing unbeneficial.",0,"### Decision:
I'll **purchase Firm 0** (choose number 0) because: 
- Current firm offers positive profit of 0.17 with no additional search cost.
- Searching another firm costs 0.02 and may not yield a better deal, potentially reducing overall profit.","C4 Search #1 (Searched:1/2, SearchCost:0.00, BestProfit:0.17@F0) → Purchase F0",0.17,0.025,"[0.77, 0.66]"
2,5,C5,False,"No, because the privacy cost of 0.039 exceeds the maximum potential search cost savings of 0.02 with only 2 firms, making sharing unbeneficial.",-1,Defaulted after 3 fails. Best Profit: -0.21 -> Choice: -1,"C5 Search #1 (Searched:1/2, SearchCost:0.00, BestProfit:-0.21@F1) → Leave Market",0.0,0.039,"[0.87, 0.29]"
2,5,C6,False,"No, because the privacy cost of 0.051 exceeds the maximum potential search cost savings of 0.02 with only 2 firms, making sharing unbeneficial.",0,"### Decision:
I'll **purchase Firm 0** (choose number 0) because: 
- Firm 0 offers a positive profit of 0.22, which should be secured immediately.
- Searching another firm costs 0.02 with uncertain benefits, potentially reducing revenue without gain.","C6 Search #1 (Searched:1/2, SearchCost:0.00, BestProfit:0.22@F0) → Purchase F0",0.22,0.051,"[0.82, 0.3]"
2,5,C7,False,"No, because the privacy cost of 0.047 exceeds the maximum potential search cost savings of 0.02 from reduced searches with personalized recommendations.",0,"### Decision:  
I'll **purchase Firm 0** (choose number 0) because:  
- It offers a positive profit of 0.36, ensuring a gain with no additional cost.  
- Searching another firm costs 0.02 with uncertain benefits, making it an unnecessary risk.","C7 Search #1 (Searched:1/2, SearchCost:0.00, BestProfit:0.36@F0) → Purchase F0",0.36,0.047,"[0.96, 0.02]"
2,5,C8,False,"No, because the privacy cost of 0.045 exceeds the maximum potential search cost savings of 0.02 from reduced searches with only 2 firms, making sharing unbeneficial.",0,"### Decision:
I'll **leave** (choose number -1) because: 
- The searched firm has negative profit (-0.15), making purchase unprofitable.
- Historical outcomes show consistent negative profits, so searching another firm for 0.02 is unlikely to yield benefits and risks unnecessary loss.","C8 Search #1 (Searched:1/2, SearchCost:0.00, BestProfit:-0.15@F0) → Purchase F0",-0.15,0.045,"[0.45, 0.36]"
2,5,C9,False,"No, because the privacy cost of 0.03 exceeds the maximum potential search cost savings of 0.02 with only 2 firms, making sharing unbeneficial.",0,"### Decision:
I'll **search another firm** (choose number 2) because: 
- The current firm has a negative profit of -0.25, making purchase unprofitable.
- Searching costs only 0.02 and may reveal a positive-profit option, offering potential net gain.","C9 Search #1 (Searched:1/2, SearchCost:0.00, BestProfit:-0.25@F0) → Purchase F0",-0.25,0.03,"[0.35, 0.71]"
2,5,C10,False,"No, because the privacy cost of 0.048 exceeds the maximum potential search cost savings of 0.02 with only 2 firms, making sharing unbeneficial.",0,"### Decision:  
I'll **leave** (choose number -1) because:  
- The searched firm has negative profit (-0.52), making purchase unprofitable.  
- Searching another firm costs 0.02 with no guaranteed benefit and likely negative outcome based on consistent historical low valuations and high prices.","C10 Search #1 (Searched:1/2, SearchCost:0.00, BestProfit:-0.52@F0) → Purchase F0",-0.52,0.048,"[0.08, 0.04]"
2,5,C11,False,"No, because the privacy cost of 0.037 exceeds the maximum potential search cost savings of 0.02 with only 2 firms, making sharing unbeneficial.",0,"### Decision:
I'll **purchase Firm 0** (choose number 0) because: 
- It offers a positive profit of 0.04, ensuring a net gain.
- Leaving would result in a loss from the incurred search cost of 0.02.","C11 Search #1 (Searched:1/2, SearchCost:0.00, BestProfit:-0.40@F1) → Search Next; C11 Search #2 (Searched:2/2, SearchCost:0.02, BestProfit:0.04@F0) → Purchase F0",0.02,0.037,"[0.64, 0.1]"
2,5,C12,False,"No, because the privacy cost of 0.051 exceeds the maximum potential search cost savings of 0.02 with only 2 firms, making sharing unbeneficial.",1,"### Decision:  
I'll **purchase Firm 1** (choose number 1) because:  
- Positive profit of 0.32 is already secured from the searched firm.  
- Searching another firm costs 0.02 with uncertain benefit, unlikely to exceed the cost given historical patterns and caution advised.","C12 Search #1 (Searched:1/2, SearchCost:0.00, BestProfit:0.32@F1) → Purchase F1",0.32,0.051,"[0.77, 0.82]"
2,5,C13,False,"No, because the privacy cost of 0.042 exceeds the maximum potential search cost savings of 0.02 with only 2 firms, making sharing unbeneficial.",1,"### Decision:
I'll **purchase Firm 1** (choose number 1) because: 
- Firm 1 has a positive profit of 0.46, ensuring a net gain after the 0.02 search cost.
- As a rational consumer, I won't leave without buying when a positive-profit option exists.","C13 Search #1 (Searched:1/2, SearchCost:0.00, BestProfit:-0.53@F0) → Search Next; C13 Search #2 (Searched:2/2, SearchCost:0.02, BestProfit:0.46@F1) → Purchase F1",0.44,0.042,"[0.07, 0.96]"
2,5,C14,False,"No, because the privacy cost of 0.038 exceeds the maximum potential search cost savings of 0.02 with only 2 firms, making sharing unbeneficial.",0,"### Decision:
I'll **purchase Firm 0** (choose number 0) because: 
- It offers a positive profit of 0.35 with no additional cost.
- Searching another firm costs 0.02 and is unlikely to yield a better outcome based on historical data where additional searches did not improve profit.","C14 Search #1 (Searched:1/2, SearchCost:0.00, BestProfit:0.35@F0) → Purchase F0",0.35,0.038,"[0.95, 0.79]"
2,5,C15,False,"No, because the privacy cost of 0.029 exceeds the maximum potential search cost savings of 0.02 with only 2 firms, making sharing data unbeneficial.",-1,"### Decision:  
I'll **leave** (choose number -1) because:  
- The searched firm has negative profit (-0.15), offering no immediate gain.  
- Searching another firm costs 0.02 with uncertain and likely low expected profit based on past negative outcomes, making the cost unjustified.","C15 Search #1 (Searched:1/2, SearchCost:0.00, BestProfit:-0.15@F0) → Leave Market",0.0,0.029,"[0.45, 0.72]"
2,5,C16,False,"No, because the privacy cost of 0.033 exceeds the maximum potential search cost savings of 0.02 with only two firms.",-1,Defaulted after 3 fails. Best Profit: -0.03 -> Choice: -1,"C16 Search #1 (Searched:1/2, SearchCost:0.00, BestProfit:-0.03@F1) → Leave Market",0.0,0.033,"[0.52, 0.47]"
2,5,C17,False,"No. The privacy cost of 0.051 exceeds the maximum potential search cost savings of 0.02 with only 2 firms, making sharing unbeneficial for maximizing total revenue.",1,"### Decision:  
I'll **purchase Firm 1** (choose number 1) because:  
- It offers a positive profit of 0.44, ensuring a net gain after search cost.  
- Rational behavior requires buying when positive profit exists, avoiding losses from leaving or choosing the negative-profit Firm 0.","C17 Search #1 (Searched:1/2, SearchCost:0.00, BestProfit:-0.04@F0) → Search Next; C17 Search #2 (Searched:2/2, SearchCost:0.02, BestProfit:0.44@F1) → Purchase F1",0.42,0.051,"[0.56, 0.94]"
2,5,C18,False,"No, because the privacy cost of 0.044 exceeds the maximum potential search cost savings of 0.02 with only 2 firms, making sharing unbeneficial.",0,"### Decision:
I'll **purchase Firm 0** (choose number 0) because: 
- It offers a positive profit of 0.08, ensuring a net gain of 0.06 after the 0.02 search cost.
- Firm 1 has zero profit, and no further search options exist.","C18 Search #1 (Searched:1/2, SearchCost:0.00, BestProfit:0.00@F1) → Search Next; C18 Search #2 (Searched:2/2, SearchCost:0.02, BestProfit:0.08@F0) → Purchase F0",0.06,0.044,"[0.68, 0.5]"
2,5,C19,False,"No, because the privacy cost of 0.055 exceeds the maximum potential search cost savings of 0.02 with only 2 firms, making sharing data unprofitable.",0,"### Decision:
I'll **leave** (choose number -1) because: 
- The searched firm offers negative profit (-0.03), making purchase unprofitable.
- Searching another firm costs 0.02 with low likelihood of positive profit based on past experiences, risking a net loss.","C19 Search #1 (Searched:1/2, SearchCost:0.00, BestProfit:-0.03@F0) → Purchase F0",-0.03,0.055,"[0.57, 0.54]"
2,5,C20,False,"No, because the privacy cost of 0.048 exceeds the maximum potential search cost savings of 0.02 from personalized recommendations with only 2 firms.",0,"### Decision:
I'll **search another firm** (choose number 2) because: 
- The searched firm has a negative profit of -0.37, making purchase unprofitable.
- The search cost of 0.02 is low and could reveal a firm with positive profit, potentially increasing total revenue.","C20 Search #1 (Searched:1/2, SearchCost:0.00, BestProfit:-0.37@F0) → Purchase F0",-0.37,0.048,"[0.23, 0.83]"
2,6,C1,False,"No, because the privacy cost of 0.053 exceeds the maximum potential search cost savings of 0.02 with only 2 firms, making data sharing unprofitable.",-1,Defaulted after 3 fails. Best Profit: -0.53 -> Choice: -1,"C1 Search #1 (Searched:1/2, SearchCost:0.00, BestProfit:-0.53@F1) → Leave Market",0.0,0.053,"[0.59, 0.07]"
2,6,C2,False,"No, because the privacy cost of 0.044 exceeds the maximum potential search cost savings of 0.02 with only 2 firms, making sharing unbeneficial based on past experiences and limited benefits.",1,"### Decision:
I'll **purchase Firm 1** (choose number 1) because: 
- Firm 1 provides a positive profit of 0.18 with no additional search cost.
- Searching another firm costs 0.02 with likely low or no gain, making it inefficient based on historical patterns.","C2 Search #1 (Searched:1/2, SearchCost:0.00, BestProfit:0.18@F1) → Purchase F1",0.18,0.044,"[0.6, 0.78]"
2,6,C3,False,"No, because the privacy cost of 0.046 exceeds the maximum potential search cost savings of 0.02 with only 2 firms, making sharing unbeneficial.",0,"### Decision:  
I'll **leave** (choose number -1) because:  
- The searched firm has negative profit (-0.25), making purchase unprofitable.  
- Searching another firm costs 0.02 with no expected positive profit from past rounds, risking unnecessary loss.","C3 Search #1 (Searched:1/2, SearchCost:0.00, BestProfit:-0.25@F0) → Purchase F0",-0.25,0.046,"[0.35, 0.58]"
2,6,C4,False,"No. The privacy cost of 0.025 exceeds the maximum potential search cost savings of 0.02 from personalized recommendations with only 2 firms, making sharing unbeneficial.",1,"### Decision:
I'll **purchase Firm 1** (choose number 1) because: 
- Current firm offers positive profit of 0.06 with no additional search cost.
- Searching another firm costs 0.02 and may not yield a better deal, risking reduced profit.","C4 Search #1 (Searched:1/2, SearchCost:0.00, BestProfit:0.06@F1) → Purchase F1",0.06,0.025,"[0.77, 0.66]"
2,6,C5,False,"No. The privacy cost of 0.039 exceeds the maximum potential search cost savings of 0.02 with only 2 firms, making sharing unbeneficial for maximizing total revenue.",0,"### Decision:
I'll **purchase Firm 0** (choose number 0) because: 
- Firm 0 offers a positive profit of 0.27, ensuring a gain.
- Searching another firm costs 0.02 and is unlikely to improve the deal based on historical low valuations of unsearched firms.","C5 Search #1 (Searched:1/2, SearchCost:0.00, BestProfit:0.27@F0) → Purchase F0",0.27,0.039,"[0.87, 0.29]"
2,6,C6,False,"No. Privacy cost of 0.051 exceeds maximum potential search cost savings of 0.02 with only 2 firms, making sharing unbeneficial.",0,"### Decision:
I'll **purchase Firm 0** (choose number 0) because: 
- Firm 0 offers a positive profit of 0.22, which should be secured immediately.
- Searching another firm costs 0.02 with uncertain benefits, risking reduced revenue based on historical patterns.","C6 Search #1 (Searched:1/2, SearchCost:0.00, BestProfit:0.22@F0) → Purchase F0",0.22,0.051,"[0.82, 0.3]"
2,6,C7,False,"No, because the privacy cost of 0.047 exceeds the maximum potential search cost savings of 0.02 with only 2 firms, making sharing unbeneficial.",0,"### Decision:  
I'll **purchase Firm 0** (choose number 0) because:  
- It offers a positive profit of 0.36 with no additional cost.  
- Searching another firm costs 0.02 with uncertain benefits, making it an unnecessary risk.","C7 Search #1 (Searched:1/2, SearchCost:0.00, BestProfit:0.36@F0) → Purchase F0",0.36,0.047,"[0.96, 0.02]"
2,6,C8,False,"No, because the privacy cost of 0.045 exceeds the maximum potential search cost savings of 0.02 from reduced searches with only 2 firms, making sharing unbeneficial for maximizing total revenue.",0,"### Decision:
I'll **leave** (choose number -1) because: 
- The searched firm has negative profit (-0.15), making purchase unprofitable.
- Searching another firm costs 0.02 with low likelihood of positive profit based on consistent negative outcomes in history, risking unnecessary loss.","C8 Search #1 (Searched:1/2, SearchCost:0.00, BestProfit:-0.15@F0) → Purchase F0",-0.15,0.045,"[0.45, 0.36]"
2,6,C9,False,"No. Because the privacy cost of 0.03 exceeds the maximum potential search cost savings of 0.02 with only 2 firms, making sharing unbeneficial for maximizing total revenue.",1,"### Decision:
I'll **purchase Firm 1** (choose number 1) because: 
- The current firm offers a positive profit of 0.11, ensuring a net gain.
- Searching another firm costs 0.02 with uncertain benefit, potentially reducing net revenue.","C9 Search #1 (Searched:1/2, SearchCost:0.00, BestProfit:0.11@F1) → Purchase F1",0.11,0.03,"[0.35, 0.71]"
2,6,C10,False,"No, because the privacy cost of 0.048 exceeds the maximum potential search cost savings of 0.02 with only 2 firms, making sharing unbeneficial for maximizing total revenue.",0,"### Decision:
I'll **leave** (choose number -1) because: 
- The searched firm has negative profit (-0.52), making purchase unprofitable.
- Searching another firm costs 0.02 with no expected positive profit based on historical data, leading to a net loss.","C10 Search #1 (Searched:1/2, SearchCost:0.00, BestProfit:-0.52@F0) → Purchase F0",-0.52,0.048,"[0.08, 0.04]"
2,6,C11,False,"No. The privacy cost of 0.037 exceeds the maximum potential search cost savings of 0.02 with only 2 firms, making sharing unbeneficial as the net effect would reduce total revenue.",0,"### Decision:
I'll **purchase Firm 0** (choose number 0) because: 
- Positive profit of 0.04 is available from the searched firm.
- Searching another firm costs 0.02 with no guaranteed better offer, potentially reducing net revenue.","C11 Search #1 (Searched:1/2, SearchCost:0.00, BestProfit:0.04@F0) → Purchase F0",0.04,0.037,"[0.64, 0.1]"
2,6,C12,False,"No. The privacy cost of 0.051 exceeds the maximum potential search cost savings of 0.02 with only 2 firms, making sharing unbeneficial for maximizing total revenue.",0,"### Decision:
I'll **purchase Firm 0** (choose number 0) because: 
- Positive profit of 0.17 is already secured from the searched firm.
- Additional search costs 0.02 with uncertain benefit, likely not justifying the expense given caution advised.","C12 Search #1 (Searched:1/2, SearchCost:0.00, BestProfit:0.17@F0) → Purchase F0",0.17,0.051,"[0.77, 0.82]"
2,6,C13,False,"No, because the privacy cost of 0.042 exceeds the maximum potential search cost savings of 0.02 with only 2 firms, making sharing unbeneficial for maximizing total revenue.",1,"### Decision:
I'll **purchase Firm 1** (choose number 1) because: 
- Firm 1 offers a positive profit of 0.36, ensuring an immediate gain.
- Searching another firm costs 0.02 with uncertain benefits, likely not offsetting the expense given the current strong option.","C13 Search #1 (Searched:1/2, SearchCost:0.00, BestProfit:0.36@F1) → Purchase F1",0.36,0.042,"[0.07, 0.96]"
2,6,C14,False,"No. The privacy cost of 0.038 exceeds the maximum potential search cost savings of 0.02 with only 2 firms, making sharing unbeneficial for maximizing total revenue.",0,"### Decision:
I'll **purchase Firm 0** (choose number 0) because: 
- It offers a positive profit of 0.35 with no additional cost.
- Searching another firm costs 0.02 and is unlikely to yield a better outcome based on historical data, potentially reducing net revenue.","C14 Search #1 (Searched:1/2, SearchCost:0.00, BestProfit:0.35@F0) → Purchase F0",0.35,0.038,"[0.95, 0.79]"
2,6,C15,False,"No, because the privacy cost of 0.029 exceeds the maximum potential search cost savings of 0.02 with only 2 firms, making sharing unbeneficial for maximizing total revenue.",1,"### Decision:  
I'll **purchase Firm 1** (choose number 1) because:  
- The firm offers a positive profit of 0.12, ensuring immediate gain.  
- Searching another firm costs 0.02 with uncertain and likely low expected profit, making the expense unjustified.","C15 Search #1 (Searched:1/2, SearchCost:0.00, BestProfit:0.12@F1) → Purchase F1",0.12,0.029,"[0.45, 0.72]"
2,6,C16,False,"No. The privacy cost of 0.033 exceeds the maximum potential search cost savings of 0.02 with only two firms, making sharing unbeneficial.",0,"### Decision:
I'll **leave** (choose number -1) because: 
- The searched firm offers negative profit (-0.08), making purchase unprofitable.
- Searching another firm costs 0.02 with low likelihood of positive profit based on historical negative outcomes, risking further loss.","C16 Search #1 (Searched:1/2, SearchCost:0.00, BestProfit:-0.08@F0) → Purchase F0",-0.08,0.033,"[0.52, 0.47]"
2,6,C17,False,"No, because the privacy cost of 0.051 exceeds the maximum potential search cost savings of 0.02 with only 2 firms, making sharing unbeneficial for maximizing total revenue.",1,"### Decision:
I'll **purchase Firm 1** (choose number 1) because: 
- It offers a positive profit of 0.34, ensuring a net gain after no search cost so far.
- Searching another firm costs 0.02 with low expected benefit, likely reducing overall revenue based on past experiences.","C17 Search #1 (Searched:1/2, SearchCost:0.00, BestProfit:0.34@F1) → Purchase F1",0.34,0.051,"[0.56, 0.94]"
2,6,C18,False,"No, because the privacy cost of 0.044 exceeds the maximum potential search cost savings of 0.02 from personalized recommendations with only 2 firms, making sharing unbeneficial.",0,"### Decision:
I'll **purchase Firm 0** (choose number 0) because: 
- It offers a positive profit of 0.08, resulting in a net gain of 0.06 after the 0.02 search cost.
- Firm 1 has a negative profit of -0.10, and no further search options exist.","C18 Search #1 (Searched:1/2, SearchCost:0.00, BestProfit:-0.10@F1) → Search Next; C18 Search #2 (Searched:2/2, SearchCost:0.02, BestProfit:0.08@F0) → Purchase F0",0.06,0.044,"[0.68, 0.5]"
2,6,C19,False,"No. Privacy cost of 0.055 exceeds maximum potential search cost savings of 0.02 with only 2 firms, making sharing unbeneficial for maximizing total revenue.",0,"### Decision:
I'll **leave** (choose number -1) because: 
- The searched firm has negative profit (-0.03), making purchase unprofitable.
- Searching another firm costs 0.02 with low likelihood of positive profit based on past rounds, risking unnecessary loss.","C19 Search #1 (Searched:1/2, SearchCost:0.00, BestProfit:-0.03@F0) → Purchase F0",-0.03,0.055,"[0.57, 0.54]"
2,6,C20,False,"No, because the privacy cost of 0.048 exceeds the maximum potential search cost savings of 0.02 with only 2 firms, making sharing unbeneficial for maximizing total revenue.",1,"### Decision:  
I'll **purchase Firm 1** (choose number 1) because:  
- The firm offers a positive profit of 0.23, ensuring a gain.  
- Searching another firm costs 0.02 with uncertain benefits, and caution advises avoiding potential small losses.","C20 Search #1 (Searched:1/2, SearchCost:0.00, BestProfit:0.23@F1) → Purchase F1",0.23,0.048,"[0.23, 0.83]"
2,7,C1,False,"No. Because the privacy cost of 0.053 exceeds the maximum potential search cost savings of 0.02 with only 2 firms, making data sharing unprofitable.",0,"### Decision:
I'll **leave** (choose number -1) because: 
- The searched firm offers negative profit (-0.01), making purchase unprofitable.
- Searching another firm costs 0.02 with likely negative or low profit based on past experiences, risking a net loss.","C1 Search #1 (Searched:1/2, SearchCost:0.00, BestProfit:-0.01@F0) → Purchase F0",-0.01,0.053,"[0.59, 0.07]"
2,7,C2,False,"No, because the privacy cost of 0.044 exceeds the maximum potential search cost savings of 0.02 with only 2 firms, making sharing unbeneficial for maximizing total revenue based on historical outcomes.",1,"### Decision:
I'll **purchase Firm 1** (choose number 1) because: 
- Firm 1 provides a positive profit of 0.18 with no additional search cost.
- Searching another firm costs 0.02 with likely minimal or no gain, making it inefficient based on historical patterns.","C2 Search #1 (Searched:1/2, SearchCost:0.00, BestProfit:0.18@F1) → Purchase F1",0.18,0.044,"[0.6, 0.78]"
2,7,C3,False,"No, because privacy cost of 0.046 exceeds maximum potential search cost savings of 0.02 with only 2 firms.",-1,"### Decision:  
I'll **leave** (choose number -1) because:  
- Both firms have negative profits (-0.25 and -0.02), so purchasing would worsen revenue.  
- Leaving limits loss to the incurred search cost of 0.02.","C3 Search #1 (Searched:1/2, SearchCost:0.00, BestProfit:-0.25@F0) → Search Next; C3 Search #2 (Searched:2/2, SearchCost:0.02, BestProfit:-0.02@F1) → Leave Market",-0.02,0.046,"[0.35, 0.58]"
2,7,C4,False,"No, because the privacy cost of 0.025 exceeds the maximum potential search cost savings of 0.02 with only 2 firms, making sharing unbeneficial for maximizing total revenue.",1,"### Decision:
I'll **purchase Firm 1** (choose number 1) because: 
- Current firm offers positive profit of 0.06 with no additional search cost.
- Searching another firm costs 0.02 and may not yield a better deal, risking reduced profit.","C4 Search #1 (Searched:1/2, SearchCost:0.00, BestProfit:0.06@F1) → Purchase F1",0.06,0.025,"[0.77, 0.66]"
2,7,C5,False,"No, because the privacy cost of 0.039 exceeds the maximum potential search cost savings of 0.02 with only 2 firms, making sharing unbeneficial for maximizing total revenue.",-1,"### Decision:
I'll **leave** (choose number -1) because: 
- The searched firm has a negative profit of -0.31, indicating no value in purchasing.
- Searching another firm costs 0.02 with uncertain benefits, and based on past experiences with similar low valuations, it may not yield a positive return, risking a net loss.","C5 Search #1 (Searched:1/2, SearchCost:0.00, BestProfit:-0.31@F1) → Leave Market",0.0,0.039,"[0.87, 0.29]"
2,7,C6,False,"No, because the privacy cost of 0.051 exceeds the maximum potential search cost savings of 0.02 with only 2 firms, making sharing unbeneficial for maximizing total revenue.",0,"### Decision:
I'll **purchase Firm 0** (choose number 0) because: 
- Firm 0 offers a positive profit of 0.22, which is beneficial to secure.
- Leaving would result in a net loss of 0.02 from the search cost already incurred.","C6 Search #1 (Searched:1/2, SearchCost:0.00, BestProfit:-0.30@F1) → Search Next; C6 Search #2 (Searched:2/2, SearchCost:0.02, BestProfit:0.22@F0) → Purchase F0",0.2,0.051,"[0.82, 0.3]"
2,7,C7,False,"No, because the privacy cost of 0.047 exceeds the maximum potential search cost savings of 0.02 with only 2 firms, making sharing unbeneficial for maximizing total revenue.",0,"### Decision:  
I'll **purchase Firm 0** (choose number 0) because:  
- It offers a positive profit of 0.36, ensuring a gain.  
- The other firm has negative profit, making this the optimal choice.","C7 Search #1 (Searched:1/2, SearchCost:0.00, BestProfit:-0.58@F1) → Search Next; C7 Search #2 (Searched:2/2, SearchCost:0.02, BestProfit:0.36@F0) → Purchase F0",0.34,0.047,"[0.96, 0.02]"
2,7,C8,False,"No. Privacy cost (0.045) exceeds maximum potential search cost savings (0.02) with only 2 firms, making sharing unbeneficial.",-1,Defaulted after 3 fails. Best Profit: -0.24 -> Choice: -1,"C8 Search #1 (Searched:1/2, SearchCost:0.00, BestProfit:-0.24@F1) → Leave Market",0.0,0.045,"[0.45, 0.36]"
2,7,C9,False,"No, because the privacy cost of 0.03 exceeds the maximum potential search cost savings of 0.02 with only 2 firms, making sharing unbeneficial for maximizing total revenue.",0,"### Decision:
I'll **search another firm** (choose number 2) because: 
- The searched firm has a negative profit of -0.25, making purchase unprofitable.
- Searching the next firm costs only 0.02 and could reveal a positive-profit option, potentially increasing net revenue.","C9 Search #1 (Searched:1/2, SearchCost:0.00, BestProfit:-0.25@F0) → Purchase F0",-0.25,0.03,"[0.35, 0.71]"
2,7,C10,False,"No, because the privacy cost of 0.048 exceeds the maximum potential search cost savings of 0.02 with only 2 firms, making sharing unbeneficial for maximizing total revenue.",0,"### Decision:
I'll **leave** (choose number -1) because: 
- The searched firm has negative profit (-0.52), making purchase unprofitable.
- Searching another firm costs 0.02 with no expected positive profit based on historical data, risking unnecessary loss.","C10 Search #1 (Searched:1/2, SearchCost:0.00, BestProfit:-0.52@F0) → Purchase F0",-0.52,0.048,"[0.08, 0.04]"
2,7,C11,False,"No. The privacy cost of 0.037 exceeds the maximum potential search cost savings of 0.02 with only 2 firms, making sharing unbeneficial for maximizing total revenue.",0,"### Decision:
I'll **purchase Firm 0** (choose number 0) because: 
- Positive profit of 0.04 is available from the searched firm.
- Searching another firm costs 0.02 with no guaranteed better offer, potentially reducing net revenue.","C11 Search #1 (Searched:1/2, SearchCost:0.00, BestProfit:0.04@F0) → Purchase F0",0.04,0.037,"[0.64, 0.1]"
2,7,C12,False,"No, because the privacy cost of 0.051 exceeds the maximum potential search cost savings of 0.02 with only 2 firms, making sharing unbeneficial for maximizing total revenue.",0,"### Decision:  
I'll **purchase Firm 0** (choose number 0) because:  
- Positive profit of 0.17 is already secured from the searched firm.  
- Additional search costs 0.02 with uncertain benefit, likely not justifying the expense given caution advised.","C12 Search #1 (Searched:1/2, SearchCost:0.00, BestProfit:0.17@F0) → Purchase F0",0.17,0.051,"[0.77, 0.82]"
2,7,C13,False,"No, because the privacy cost of 0.042 exceeds the maximum potential search cost savings of 0.02 with only 2 firms, making sharing unbeneficial for maximizing total revenue.",1,"### Decision:
I'll **purchase Firm 1** (choose number 1) because: 
- Firm 1 provides a positive profit of 0.36, ensuring an immediate gain.
- Searching another firm costs 0.02 with uncertain benefits, likely not justifying the expense given the current strong option.","C13 Search #1 (Searched:1/2, SearchCost:0.00, BestProfit:0.36@F1) → Purchase F1",0.36,0.042,"[0.07, 0.96]"
2,7,C14,False,"No, because the privacy cost of 0.038 exceeds the maximum potential search cost savings of 0.02 with only 2 firms, making sharing unbeneficial for maximizing total revenue.",0,"### Decision:
I'll **purchase Firm 0** (choose number 0) because: 
- It offers the highest profit of 0.35, maximizing total revenue.
- Rational to buy when positive profit is available, avoiding loss from leaving or choosing a worse option.","C14 Search #1 (Searched:1/2, SearchCost:0.00, BestProfit:0.19@F1) → Search Next; C14 Search #2 (Searched:2/2, SearchCost:0.02, BestProfit:0.35@F0) → Purchase F0",0.33,0.038,"[0.95, 0.79]"
2,7,C15,False,"No, because the privacy cost of 0.029 exceeds the maximum potential search cost savings of 0.02 with only 2 firms, making sharing unbeneficial for maximizing total revenue.",1,"### Decision:  
I'll **purchase Firm 1** (choose number 1) because:  
- The firm offers a positive profit of 0.12, ensuring immediate gain.  
- Searching another firm costs 0.02 with uncertain and likely low expected profit based on past outcomes, making the expense unjustified.","C15 Search #1 (Searched:1/2, SearchCost:0.00, BestProfit:0.12@F1) → Purchase F1",0.12,0.029,"[0.45, 0.72]"
2,7,C16,False,"No, because the privacy cost of 0.033 exceeds the maximum potential search cost savings of 0.02 with only two firms, making sharing unbeneficial for maximizing total revenue.",0,"### Decision:
I'll **leave** (choose number -1) because: 
- The searched firm has negative profit (-0.08), making purchase unprofitable.
- Searching another firm costs 0.02 with low likelihood of positive profit based on historical negative outcomes, risking further loss.","C16 Search #1 (Searched:1/2, SearchCost:0.00, BestProfit:-0.08@F0) → Purchase F0",-0.08,0.033,"[0.52, 0.47]"
2,7,C17,False,"No, because the privacy cost of 0.051 exceeds the maximum potential search cost savings of 0.02 with only 2 firms, making sharing unbeneficial for maximizing total revenue.",1,"### Decision:
I'll **purchase Firm 1** (choose number 1) because: 
- It offers a positive profit of 0.34, ensuring a net gain after the search cost of 0.02.
- Rational behavior requires buying when positive profit exists to maximize revenue and avoid losses.","C17 Search #1 (Searched:1/2, SearchCost:0.00, BestProfit:-0.04@F0) → Search Next; C17 Search #2 (Searched:2/2, SearchCost:0.02, BestProfit:0.34@F1) → Purchase F1",0.32,0.051,"[0.56, 0.94]"
2,7,C18,False,"No, because the privacy cost of 0.044 exceeds the maximum potential search cost savings of 0.02 with only 2 firms, making sharing unbeneficial for maximizing total revenue.",-1,Defaulted after 3 fails. Best Profit: -0.10 -> Choice: -1,"C18 Search #1 (Searched:1/2, SearchCost:0.00, BestProfit:-0.10@F1) → Leave Market",0.0,0.044,"[0.68, 0.5]"
2,7,C19,False,"No. The privacy cost of 0.055 exceeds the maximum potential search cost savings of 0.02 with only 2 firms, making sharing unbeneficial.",-1,"### Decision:
I'll **leave** (choose number -1) because: 
- The searched firm has negative profit (-0.03), so purchasing would reduce revenue.
- Searching another firm costs 0.02 with low likelihood of positive profit based on history, risking unnecessary loss.","C19 Search #1 (Searched:1/2, SearchCost:0.00, BestProfit:-0.03@F0) → Leave Market",0.0,0.055,"[0.57, 0.54]"
2,7,C20,False,"No, because the privacy cost of 0.048 exceeds the maximum potential search cost savings of 0.02 with only 2 firms.",0,"### Decision:  
I'll **search another firm** (choose number 2) because:  
- The searched firm has a negative profit of -0.37, making purchase unprofitable.  
- The search cost of 0.02 is low and could reveal a firm with positive profit, offering potential revenue gain.","C20 Search #1 (Searched:1/2, SearchCost:0.00, BestProfit:-0.37@F0) → Purchase F0",-0.37,0.048,"[0.23, 0.83]"
2,8,C1,False,"No, because the privacy cost of 0.053 exceeds the maximum potential search cost savings of 0.02 with only 2 firms, making data sharing unprofitable for maximizing total revenue.",-1,Defaulted after 3 fails. Best Profit: -0.53 -> Choice: -1,"C1 Search #1 (Searched:1/2, SearchCost:0.00, BestProfit:-0.53@F1) → Leave Market",0.0,0.053,"[0.59, 0.07]"
2,8,C2,False,"No, because the privacy cost of 0.044 exceeds the maximum potential search cost savings of 0.02 with only 2 firms, making sharing unbeneficial based on historical outcomes and limited benefits from recommendations.",1,"### Decision:
I'll **purchase Firm 1** (choose number 1) because: 
- Firm 1 offers a positive profit of 0.18, resulting in a net gain of 0.16 after the incurred search cost of 0.02.
- Leaving or buying Firm 0 (with zero or negative profit) would lead to a loss, making this the optimal choice.","C2 Search #1 (Searched:1/2, SearchCost:0.00, BestProfit:0.00@F0) → Search Next; C2 Search #2 (Searched:2/2, SearchCost:0.02, BestProfit:0.18@F1) → Purchase F1",0.16,0.044,"[0.6, 0.78]"
2,8,C3,False,"No, because the privacy cost of 0.046 exceeds the maximum potential search cost savings of 0.02 with only 2 firms, making sharing unbeneficial for maximizing total revenue.",-1,"### Decision:  
I'll **leave** (choose number -1) because:  
- The searched firm has negative profit (-0.02), so purchasing is unprofitable.  
- Searching another firm costs 0.02 and, based on consistent historical negative profits for the other firm, offers no expected gain.","C3 Search #1 (Searched:1/2, SearchCost:0.00, BestProfit:-0.02@F1) → Leave Market",0.0,0.046,"[0.35, 0.58]"
2,8,C4,False,"No, because the privacy cost of 0.025 exceeds the maximum potential search cost savings of 0.02 from personalized recommendations with only 2 firms, making sharing unbeneficial for maximizing total revenue.",0,"### Decision:  
I'll **purchase Firm 0** (choose number 0) because:  
- Current firm offers positive profit of 0.17 with no additional search cost.  
- Searching another firm costs 0.02 and may not yield a better deal, potentially reducing overall profit.","C4 Search #1 (Searched:1/2, SearchCost:0.00, BestProfit:0.17@F0) → Purchase F0",0.17,0.025,"[0.77, 0.66]"
2,8,C5,False,"No, because the privacy cost of 0.039 exceeds the maximum potential search cost savings of 0.02 with only 2 firms, making sharing unbeneficial for maximizing total revenue.",0,"### Decision:
I'll **purchase Firm 0** (choose number 0) because: 
- Firm 0 offers a positive profit of 0.27, ensuring a gain with no additional cost.
- Searching another firm costs 0.02 and is unlikely to improve the deal based on historical low valuations of unsearched firms.","C5 Search #1 (Searched:1/2, SearchCost:0.00, BestProfit:0.27@F0) → Purchase F0",0.27,0.039,"[0.87, 0.29]"
2,8,C6,False,"No, because the privacy cost of 0.051 exceeds the maximum potential search cost savings of 0.02 with only 2 firms, making sharing unbeneficial for maximizing total revenue.",0,"### Decision:
I'll **purchase Firm 0** (choose number 0) because: 
- Firm 0 offers a positive profit of 0.22, which should be secured immediately.
- Searching another firm costs 0.02 with uncertain benefits, likely reducing revenue based on historical patterns of low or negative profits.","C6 Search #1 (Searched:1/2, SearchCost:0.00, BestProfit:0.22@F0) → Purchase F0",0.22,0.051,"[0.82, 0.3]"
2,8,C7,False,"No, because the privacy cost of 0.047 exceeds the maximum potential search cost savings of 0.02 with only 2 firms, making sharing unbeneficial for maximizing total revenue.",0,"### Decision:  
I'll **purchase Firm 0** (choose number 0) because:  
- It offers a positive profit of 0.36, ensuring a gain.  
- The other firm has negative profit, and no further actions are possible, making this the optimal choice.","C7 Search #1 (Searched:1/2, SearchCost:0.00, BestProfit:-0.58@F1) → Search Next; C7 Search #2 (Searched:2/2, SearchCost:0.02, BestProfit:0.36@F0) → Purchase F0",0.34,0.047,"[0.96, 0.02]"
2,8,C8,False,"No, because the privacy cost of 0.045 exceeds the maximum potential search cost savings of 0.02 with only 2 firms, making sharing unbeneficial for maximizing total revenue.",-1,Defaulted after 3 fails. Best Profit: -0.24 -> Choice: -1,"C8 Search #1 (Searched:1/2, SearchCost:0.00, BestProfit:-0.24@F1) → Leave Market",0.0,0.045,"[0.45, 0.36]"
2,8,C9,False,"No, because the privacy cost of 0.03 exceeds the maximum potential search cost savings of 0.02 with only 2 firms, making sharing unbeneficial for maximizing total revenue.",1,"### Decision:  
I'll **purchase Firm 1** (choose number 1) because:  
- The current firm offers a positive profit of 0.11, ensuring a net gain with no additional cost.  
- Searching another firm costs 0.02 with uncertain benefit, potentially reducing net revenue.","C9 Search #1 (Searched:1/2, SearchCost:0.00, BestProfit:0.11@F1) → Purchase F1",0.11,0.03,"[0.35, 0.71]"
2,8,C10,False,"No. Privacy cost of 0.048 exceeds maximum potential search cost savings of 0.02 with only 2 firms, making sharing unbeneficial for maximizing total revenue.",0,"### Decision:
I'll **leave** (choose number -1) because: 
- The searched firm has negative profit (-0.52), making purchase unprofitable.
- Searching another firm costs 0.02 and is likely to yield negative profit based on historical data, resulting in a net loss.","C10 Search #1 (Searched:1/2, SearchCost:0.00, BestProfit:-0.52@F0) → Purchase F0",-0.52,0.048,"[0.08, 0.04]"
2,8,C11,False,"No, because the privacy cost of 0.037 exceeds the maximum potential search cost savings of 0.02 with only 2 firms, making sharing unbeneficial for maximizing total revenue.",0,"### Decision:
I'll **purchase Firm 0** (choose number 0) because: 
- A positive profit of 0.04 is available from the searched firm.
- Searching another firm costs 0.02 with no guaranteed better offer, potentially reducing net revenue.","C11 Search #1 (Searched:1/2, SearchCost:0.00, BestProfit:0.04@F0) → Purchase F0",0.04,0.037,"[0.64, 0.1]"
2,8,C12,False,"No, because the privacy cost of 0.051 exceeds the maximum potential search cost savings of 0.02 with only 2 firms, making sharing unbeneficial for maximizing total revenue.",1,"### Decision:  
I'll **purchase Firm 1** (choose number 1) because:  
- Positive profit of 0.22 is already secured from the searched firm.  
- Additional search costs 0.02 with uncertain benefit, likely not justifying the expense given caution advised.","C12 Search #1 (Searched:1/2, SearchCost:0.00, BestProfit:0.22@F1) → Purchase F1",0.22,0.051,"[0.77, 0.82]"
2,8,C13,False,"No, because the privacy cost of 0.042 exceeds the maximum potential search cost savings of 0.02 with only 2 firms, making sharing unbeneficial for maximizing total revenue.",1,"### Decision:
I'll **purchase Firm 1** (choose number 1) because: 
- Firm 1 offers a positive profit of 0.36, ensuring a net gain after search costs.
- Leaving would result in a loss of -0.02, as no positive alternative exists.","C13 Search #1 (Searched:1/2, SearchCost:0.00, BestProfit:-0.53@F0) → Search Next; C13 Search #2 (Searched:2/2, SearchCost:0.02, BestProfit:0.36@F1) → Purchase F1",0.34,0.042,"[0.07, 0.96]"
2,8,C14,False,"No, because the privacy cost of 0.038 exceeds the maximum potential search cost savings of 0.02 with only 2 firms, making sharing unbeneficial for maximizing total revenue.",0,"### Decision:
I'll **purchase Firm 0** (choose number 0) because: 
- It offers the highest profit of 0.35, maximizing total revenue.
- Rational to buy when positive profit is available, avoiding zero revenue from leaving.","C14 Search #1 (Searched:1/2, SearchCost:0.00, BestProfit:0.19@F1) → Search Next; C14 Search #2 (Searched:2/2, SearchCost:0.02, BestProfit:0.35@F0) → Purchase F0",0.33,0.038,"[0.95, 0.79]"
2,8,C15,False,"No, because the privacy cost of 0.029 exceeds the maximum potential search cost savings of 0.02, making sharing unbeneficial for maximizing total revenue.",-1,"### Decision:  
I'll **leave** (choose number -1) because:  
- The searched firm offers negative profit (-0.15), providing no immediate gain.  
- Searching another firm costs 0.02 with uncertain and likely low expected profit based on past outcomes where similar searches yielded no benefit, making the expense unjustified.","C15 Search #1 (Searched:1/2, SearchCost:0.00, BestProfit:-0.15@F0) → Leave Market",0.0,0.029,"[0.45, 0.72]"
2,8,C16,False,"No. The privacy cost of 0.033 exceeds the maximum potential search cost savings of 0.02 with only two firms, making sharing unbeneficial for maximizing total revenue.",-1,"### Decision:  
I'll **leave** (choose number -1) because:  
- The searched firm has negative profit (-0.08), so purchasing would result in a loss.  
- Searching another firm costs 0.02 with low likelihood of positive profit based on historical negative outcomes, risking further loss without expected gain.","C16 Search #1 (Searched:1/2, SearchCost:0.00, BestProfit:-0.08@F0) → Leave Market",0.0,0.033,"[0.52, 0.47]"
2,8,C17,False,"No. Privacy cost of 0.051 exceeds maximum potential search cost savings of 0.02 with only 2 firms, making sharing unbeneficial.",1,"### Decision:  
I'll **purchase Firm 1** (choose number 1) because:  
- It offers a positive profit of 0.34 with no search cost so far, ensuring a net gain.  
- Searching another firm costs 0.02 and is unlikely to improve profit based on past experiences, potentially reducing revenue.","C17 Search #1 (Searched:1/2, SearchCost:0.00, BestProfit:0.34@F1) → Purchase F1",0.34,0.051,"[0.56, 0.94]"
2,8,C18,False,"No, because the privacy cost of 0.044 exceeds the maximum potential search cost savings of 0.02 with only 2 firms, making sharing unbeneficial for maximizing total revenue.",0,"### Decision:
I'll **purchase Firm 0** (choose number 0) because: 
- It offers a positive profit of 0.08, ensuring immediate net gain.
- Searching another firm costs 0.02 and is unlikely to yield a better option based on historical patterns.","C18 Search #1 (Searched:1/2, SearchCost:0.00, BestProfit:0.08@F0) → Purchase F0",0.08,0.044,"[0.68, 0.5]"
2,8,C19,False,"No, because the privacy cost of 0.055 exceeds the maximum potential search cost savings of 0.02 with only 2 firms, making sharing unbeneficial for maximizing total revenue.",0,"### Decision:
I'll **leave** (choose number -1) because: 
- The searched firm has negative profit (-0.03), making purchase unprofitable.
- Searching another firm costs 0.02 with low likelihood of positive profit based on history, risking unnecessary loss.","C19 Search #1 (Searched:1/2, SearchCost:0.00, BestProfit:-0.03@F0) → Purchase F0",-0.03,0.055,"[0.57, 0.54]"
2,8,C20,False,"No, because the privacy cost of 0.048 exceeds the maximum potential search cost savings of 0.02 with only 2 firms, making sharing unbeneficial for maximizing total revenue.",0,"### Decision:  
I'll **search another firm** (choose number 2) because:  
- The searched firm has a negative profit of -0.37, making purchase unprofitable.  
- The search cost of 0.02 is low and could reveal a firm with positive profit, offering potential revenue gain.","C20 Search #1 (Searched:1/2, SearchCost:0.00, BestProfit:-0.37@F0) → Purchase F0",-0.37,0.048,"[0.23, 0.83]"
2,9,C1,False,"No, because the privacy cost of 0.053 exceeds the maximum potential search cost savings of 0.02 with only 2 firms, making data sharing unbeneficial for maximizing total revenue.",-1,Defaulted after 3 fails. Best Profit: -0.53 -> Choice: -1,"C1 Search #1 (Searched:1/2, SearchCost:0.00, BestProfit:-0.53@F1) → Leave Market",0.0,0.053,"[0.59, 0.07]"
2,9,C2,False,"No, because the privacy cost of 0.044 exceeds the maximum potential search cost savings of 0.02 with only 2 firms, making sharing unbeneficial for maximizing total revenue based on historical outcomes and limited benefits from recommendations.",1,"### Decision:  
I'll **purchase Firm 1** (choose number 1) because:  
- Firm 1 provides a positive profit of 0.18 with no additional search cost, ensuring a net gain.  
- Searching another firm costs 0.02 and is unlikely to yield a better deal, based on historical outcomes where additional searches often provided minimal improvement.","C2 Search #1 (Searched:1/2, SearchCost:0.00, BestProfit:0.18@F1) → Purchase F1",0.18,0.044,"[0.6, 0.78]"
2,9,C3,False,"No, because the privacy cost of 0.046 exceeds the maximum potential search cost savings of 0.02 with only 2 firms, making sharing unbeneficial for maximizing total revenue.",-1,"### Decision:  
I'll **leave** (choose number -1) because:  
- The searched firm has negative profit (-0.25), so purchasing is unprofitable.  
- Searching another firm costs 0.02 and, based on historical data showing rare positive profits for the other firm, is unlikely to yield gains, risking unnecessary loss.","C3 Search #1 (Searched:1/2, SearchCost:0.00, BestProfit:-0.25@F0) → Leave Market",0.0,0.046,"[0.35, 0.58]"
2,9,C4,False,"No, because the privacy cost of 0.025 exceeds the maximum potential search cost savings of 0.02 with only 2 firms, making sharing unbeneficial for maximizing total revenue.",0,"### Decision:  
I'll **purchase Firm 0** (choose number 0) because:  
- Current firm offers positive profit of 0.17 with no additional search cost.  
- Searching another firm costs 0.02 and may not yield a better deal, potentially reducing overall profit.","C4 Search #1 (Searched:1/2, SearchCost:0.00, BestProfit:0.17@F0) → Purchase F0",0.17,0.025,"[0.77, 0.66]"
2,9,C5,False,"No. The privacy cost of 0.039 exceeds the maximum potential search cost savings of 0.02 with only 2 firms, making sharing unbeneficial for maximizing total revenue.",0,"### Decision:  
I'll **purchase Firm 0** (choose number 0) because:  
- Firm 0 offers a positive profit of 0.27, ensuring a gain with no additional cost.  
- Searching another firm costs 0.02 and is unlikely to improve the deal, based on historical low valuations of unsearched firms.","C5 Search #1 (Searched:1/2, SearchCost:0.00, BestProfit:0.27@F0) → Purchase F0",0.27,0.039,"[0.87, 0.29]"
2,9,C6,False,"No, because the privacy cost of 0.051 exceeds the maximum potential search cost savings of 0.02 with only 2 firms, making sharing unbeneficial for maximizing total revenue.",0,"### Decision:
I'll **purchase Firm 0** (choose number 0) because: 
- Firm 0 offers a positive profit of 0.22.
- Searching another firm costs 0.02 and likely yields no better option, reducing revenue based on historical patterns.","C6 Search #1 (Searched:1/2, SearchCost:0.00, BestProfit:0.22@F0) → Purchase F0",0.22,0.051,"[0.82, 0.3]"
2,9,C7,False,"No, because the privacy cost of 0.047 exceeds the maximum potential search cost savings of 0.02 with only 2 firms, making sharing unbeneficial for maximizing total revenue.",0,"### Decision:  
I'll **purchase Firm 0** (choose number 0) because:  
- It offers a positive profit of 0.36 with no additional cost.  
- Searching another firm costs 0.02 with uncertain benefits, making it an unnecessary risk.","C7 Search #1 (Searched:1/2, SearchCost:0.00, BestProfit:0.36@F0) → Purchase F0",0.36,0.047,"[0.96, 0.02]"
2,9,C8,False,"No, because the privacy cost of 0.045 exceeds the maximum potential search cost savings of 0.02 with only 2 firms, making sharing unbeneficial for maximizing total revenue.",-1,Defaulted after 3 fails. Best Profit: -0.24 -> Choice: -1,"C8 Search #1 (Searched:1/2, SearchCost:0.00, BestProfit:-0.24@F1) → Leave Market",0.0,0.045,"[0.45, 0.36]"
2,9,C9,False,"No, because the privacy cost of 0.03 exceeds the maximum potential search cost savings of 0.02 with only 2 firms, making sharing unbeneficial for maximizing total revenue.",1,"### Decision:  
I'll **purchase Firm 1** (choose number 1) because:  
- The current firm offers a positive profit of 0.11, ensuring a net gain with no additional cost.  
- Searching another firm costs 0.02 with uncertain benefit, potentially reducing net revenue.","C9 Search #1 (Searched:1/2, SearchCost:0.00, BestProfit:0.11@F1) → Purchase F1",0.11,0.03,"[0.35, 0.71]"
2,9,C10,False,"No, because the privacy cost of 0.048 exceeds the maximum potential search cost savings of 0.02 with only 2 firms, making sharing unbeneficial for maximizing total revenue.",-1,"### Decision:
I'll **leave** (choose number -1) because:
- The searched firm has a negative profit of -0.52, so purchasing it would reduce revenue.
- Searching another firm costs 0.02 and is likely to yield negative profit based on consistent historical data, risking a net loss.","C10 Search #1 (Searched:1/2, SearchCost:0.00, BestProfit:-0.52@F0) → Leave Market",0.0,0.048,"[0.08, 0.04]"
2,9,C11,False,"No. The privacy cost of 0.037 exceeds the maximum potential search cost savings of 0.02 with only 2 firms, making sharing unbeneficial for maximizing total revenue.",0,"### Decision:
I'll **purchase Firm 0** (choose number 0) because: 
- It offers a positive profit of 0.04, ensuring a net gain after accounting for the search cost.
- Leaving would result in a loss of 0.02 due to the incurred search cost with no purchase.","C11 Search #1 (Searched:1/2, SearchCost:0.00, BestProfit:-0.50@F1) → Search Next; C11 Search #2 (Searched:2/2, SearchCost:0.02, BestProfit:0.04@F0) → Purchase F0",0.02,0.037,"[0.64, 0.1]"
2,9,C12,False,"No, because the privacy cost of 0.051 exceeds the maximum potential search cost savings of 0.02 with only 2 firms, making sharing unbeneficial for maximizing total revenue.",0,"### Decision:  
I'll **purchase Firm 0** (choose number 0) because:  
- Positive profit of 0.17 is already secured from the searched firm.  
- Additional search costs 0.02 with uncertain benefit, likely not justifying the expense given caution advised.","C12 Search #1 (Searched:1/2, SearchCost:0.00, BestProfit:0.17@F0) → Purchase F0",0.17,0.051,"[0.77, 0.82]"
2,9,C13,False,"No, because the privacy cost of 0.042 exceeds the maximum potential search cost savings of 0.02 with only 2 firms, making sharing unbeneficial for maximizing total revenue.",0,"### Decision:
I'll **search another firm** (choose number 2) because: 
- The current firm has negative profit (-0.53), so buying it would reduce revenue.
- Searching costs only 0.02 and may uncover a positive-profit option, justifying the low risk.","C13 Search #1 (Searched:1/2, SearchCost:0.00, BestProfit:-0.53@F0) → Purchase F0",-0.53,0.042,"[0.07, 0.96]"
2,9,C14,False,"No, because the privacy cost of 0.038 exceeds the maximum potential search cost savings of 0.02 with only 2 firms, making sharing unbeneficial for maximizing total revenue.",0,"### Decision:
I'll **purchase Firm 0** (choose number 0) because: 
- It offers a positive profit of 0.35 with no additional cost.
- Searching another firm costs 0.02 and is unlikely to yield a better outcome based on historical data where additional searches reduced net revenue.","C14 Search #1 (Searched:1/2, SearchCost:0.00, BestProfit:0.35@F0) → Purchase F0",0.35,0.038,"[0.95, 0.79]"
2,9,C15,False,"No, because the privacy cost of 0.029 exceeds the maximum potential search cost savings of 0.02 with only 2 firms, making sharing unbeneficial for maximizing total revenue.",1,"### Decision:  
I'll **purchase Firm 1** (choose number 1) because:  
- The firm offers a positive profit of 0.12, ensuring immediate gain.  
- Searching another firm costs 0.02 with uncertain benefits and likely low expected profit based on past outcomes, making the expense unjustified.","C15 Search #1 (Searched:1/2, SearchCost:0.00, BestProfit:0.12@F1) → Purchase F1",0.12,0.029,"[0.45, 0.72]"
2,9,C16,False,"No. The privacy cost of 0.033 exceeds the maximum potential search cost savings of 0.02 with only two firms, making sharing unbeneficial for maximizing total revenue.",-1,Defaulted after 3 fails. Best Profit: -0.13 -> Choice: -1,"C16 Search #1 (Searched:1/2, SearchCost:0.00, BestProfit:-0.13@F1) → Leave Market",0.0,0.033,"[0.52, 0.47]"
2,9,C17,False,"No, because the privacy cost of 0.051 exceeds the maximum potential search cost savings of 0.02 with only 2 firms, making sharing unbeneficial for maximizing total revenue.",1,"### Decision:  
I'll **purchase Firm 1** (choose number 1) because:  
- It offers a positive profit of 0.34, ensuring a net gain after search cost.  
- Rational behavior requires buying when positive profit exists to avoid revenue loss from leaving.","C17 Search #1 (Searched:1/2, SearchCost:0.00, BestProfit:-0.04@F0) → Search Next; C17 Search #2 (Searched:2/2, SearchCost:0.02, BestProfit:0.34@F1) → Purchase F1",0.32,0.051,"[0.56, 0.94]"
2,9,C18,False,"No, because the privacy cost of 0.044 exceeds the maximum potential search cost savings of 0.02 with only 2 firms, making sharing unbeneficial for maximizing total revenue.",0,"### Decision:
I'll **purchase Firm 0** (choose number 0) because: 
- Firm 0 offers a positive profit of 0.08 with no additional search cost.
- Searching another firm costs 0.02 and is unlikely to improve profit based on historical patterns where the alternative firm often yields lower or negative profit.","C18 Search #1 (Searched:1/2, SearchCost:0.00, BestProfit:0.08@F0) → Purchase F0",0.08,0.044,"[0.68, 0.5]"
2,9,C19,False,"No. The privacy cost of 0.055 exceeds the maximum potential search cost savings of 0.02 with only 2 firms, making sharing unbeneficial for maximizing total revenue.",-1,"### Decision:
I'll **leave** (choose number -1) because: 
- The searched firm has negative profit (-0.03), so purchasing would reduce revenue.
- Searching another firm costs 0.02 with low likelihood of positive profit based on history, risking unnecessary loss.","C19 Search #1 (Searched:1/2, SearchCost:0.00, BestProfit:-0.03@F0) → Leave Market",0.0,0.055,"[0.57, 0.54]"
2,9,C20,False,"No, because the privacy cost of 0.048 exceeds the maximum potential search cost savings of 0.02 with only 2 firms, making sharing unbeneficial for maximizing total revenue.",0,"### Decision:  
I'll **search another firm** (choose number 2) because:  
- The searched firm has a negative profit of -0.37, making purchase unprofitable.  
- The low search cost of 0.02 may reveal a firm with positive profit, potentially increasing total revenue.","C20 Search #1 (Searched:1/2, SearchCost:0.00, BestProfit:-0.37@F0) → Purchase F0",-0.37,0.048,"[0.23, 0.83]"
2,10,C1,False,"No, because the privacy cost of 0.053 exceeds the maximum potential search cost savings of 0.02 with only 2 firms, making data sharing unprofitable.",0,"### Decision:
I'll **leave** (choose number -1) because: 
- The searched firm offers negative profit (-0.01), making purchase unprofitable.
- Searching another firm costs 0.02 and is unlikely to yield positive profit based on historical low valuations, risking a net loss.","C1 Search #1 (Searched:1/2, SearchCost:0.00, BestProfit:-0.01@F0) → Purchase F0",-0.01,0.053,"[0.59, 0.07]"
2,10,C2,False,"No, because the privacy cost of 0.044 exceeds the maximum potential search cost savings of 0.02 with only 2 firms, making sharing unbeneficial for maximizing total revenue based on historical outcomes and limited benefits from recommendations.",1,"### Decision:
I'll **purchase Firm 1** (choose number 1) because: 
- Firm 1 offers a positive profit of 0.18 with no additional search cost, ensuring a net gain.
- Searching another firm costs 0.02 and is unlikely to yield a better deal, based on historical patterns where additional searches provided minimal or no improvement.","C2 Search #1 (Searched:1/2, SearchCost:0.00, BestProfit:0.18@F1) → Purchase F1",0.18,0.044,"[0.6, 0.78]"
2,10,C3,False,"No, because the privacy cost of 0.046 exceeds the maximum possible search cost savings of 0.02, making sharing unbeneficial for maximizing total revenue.",-1,"### Decision:  
I'll **leave** (choose number -1) because:  
- The searched firm has negative profit (-0.02), so purchasing would decrease revenue.  
- Searching another firm costs 0.02 and, based on historical data showing rare positive profits, is unlikely to yield gains, risking unnecessary loss.","C3 Search #1 (Searched:1/2, SearchCost:0.00, BestProfit:-0.02@F1) → Leave Market",0.0,0.046,"[0.35, 0.58]"
2,10,C4,False,"No, because the privacy cost of 0.025 exceeds the maximum potential search cost savings of 0.02 with only 2 firms, making sharing unbeneficial for maximizing total revenue.",1,"### Decision:  
I'll **purchase Firm 1** (choose number 1) because:  
- Current firm offers positive profit of 0.06 with no additional search cost.  
- Searching another firm costs 0.02 and may not yield a better deal, potentially reducing overall profit.","C4 Search #1 (Searched:1/2, SearchCost:0.00, BestProfit:0.06@F1) → Purchase F1",0.06,0.025,"[0.77, 0.66]"
2,10,C5,False,"No. The privacy cost of 0.039 exceeds the maximum potential search cost savings of 0.02 with only 2 firms, making sharing unbeneficial for maximizing total revenue.",-1,"### Decision:  
I'll **leave** (choose number -1) because:  
- The searched firm has a negative profit of -0.31, offering no value.  
- Searching another firm costs 0.02 with uncertain benefits, and based on past experiences with similar low valuations, it may not yield a positive return, risking a net loss.","C5 Search #1 (Searched:1/2, SearchCost:0.00, BestProfit:-0.31@F1) → Leave Market",0.0,0.039,"[0.87, 0.29]"
2,10,C6,False,"No, because the privacy cost of 0.051 exceeds the maximum potential search cost savings of 0.02 with only 2 firms, making sharing unbeneficial for maximizing total revenue.",0,"### Decision:
I'll **purchase Firm 0** (choose number 0) because: 
- Firm 0 offers a positive profit of 0.22, which is beneficial to secure.
- Leaving would result in a net loss of 0.02 from the search cost already incurred.","C6 Search #1 (Searched:1/2, SearchCost:0.00, BestProfit:-0.30@F1) → Search Next; C6 Search #2 (Searched:2/2, SearchCost:0.02, BestProfit:0.22@F0) → Purchase F0",0.2,0.051,"[0.82, 0.3]"
2,10,C7,False,"No, because the privacy cost of 0.047 exceeds the maximum potential search cost savings of 0.02 with only 2 firms, making sharing unbeneficial for maximizing total revenue.",0,"### Decision:  
I'll **purchase Firm 0** (choose number 0) because:  
- It offers a positive profit of 0.36 with no additional cost.  
- Searching another firm costs 0.02 with uncertain benefits, making it an unnecessary risk.","C7 Search #1 (Searched:1/2, SearchCost:0.00, BestProfit:0.36@F0) → Purchase F0",0.36,0.047,"[0.96, 0.02]"
2,10,C8,False,"No. Privacy cost (0.045) exceeds maximum potential search cost savings (0.02) with only 2 firms, making sharing unbeneficial for maximizing total revenue.",-1,Defaulted after 3 fails. Best Profit: -0.24 -> Choice: -1,"C8 Search #1 (Searched:1/2, SearchCost:0.00, BestProfit:-0.24@F1) → Leave Market",0.0,0.045,"[0.45, 0.36]"
2,10,C9,False,"No, because the privacy cost of 0.03 exceeds the maximum potential search cost savings of 0.02 with only 2 firms, making sharing unbeneficial for maximizing total revenue.",1,"### Decision:  
I'll **purchase Firm 1** (choose number 1) because:  
- The current firm offers a positive profit of 0.11, ensuring a net gain with no additional cost.  
- Searching another firm costs 0.02 with uncertain benefit and likely no improvement, potentially reducing net revenue.","C9 Search #1 (Searched:1/2, SearchCost:0.00, BestProfit:0.11@F1) → Purchase F1",0.11,0.03,"[0.35, 0.71]"
2,10,C10,False,"No. Privacy cost of 0.048 exceeds maximum potential search cost savings of 0.02 with only 2 firms, making sharing unbeneficial for maximizing total revenue.",0,"### Decision:  
I'll **leave** (choose number -1) because:  
- The searched firm has a negative profit of -0.52, making purchase unprofitable.  
- Searching another firm costs 0.02 and is likely to yield negative profit based on historical data, risking a net loss.","C10 Search #1 (Searched:1/2, SearchCost:0.00, BestProfit:-0.52@F0) → Purchase F0",-0.52,0.048,"[0.08, 0.04]"
2,10,C11,False,"No, because the privacy cost of 0.037 exceeds the maximum potential search cost savings of 0.02 with only 2 firms, making sharing unbeneficial for maximizing total revenue.",0,"### Decision:
I'll **purchase Firm 0** (choose number 0) because: 
- A positive profit of 0.04 is available from the searched firm.
- Searching another firm costs 0.02 with no guaranteed better offer, potentially reducing net revenue based on historical outcomes.","C11 Search #1 (Searched:1/2, SearchCost:0.00, BestProfit:0.04@F0) → Purchase F0",0.04,0.037,"[0.64, 0.1]"
2,10,C12,False,"No. The privacy cost of 0.051 exceeds the maximum potential search cost savings of 0.02 with only 2 firms, making sharing unbeneficial for maximizing total revenue.",0,"### Decision:
I'll **purchase Firm 0** (choose number 0) because: 
- Positive profit of 0.17 is already secured from the searched firm.
- Additional search costs 0.02 with uncertain benefit, likely not justifying the expense given caution advised.","C12 Search #1 (Searched:1/2, SearchCost:0.00, BestProfit:0.17@F0) → Purchase F0",0.17,0.051,"[0.77, 0.82]"
2,10,C13,False,"No, because the privacy cost of 0.042 exceeds the maximum potential search cost savings of 0.02 with only 2 firms, making sharing unbeneficial for maximizing total revenue.",0,"### Decision:
I'll **search another firm** (choose number 2) because: 
- The current firm has negative profit (-0.53), making purchase unprofitable.
- Searching costs only 0.02 and could uncover a positive-profit option, justifying the low risk.","C13 Search #1 (Searched:1/2, SearchCost:0.00, BestProfit:-0.53@F0) → Purchase F0",-0.53,0.042,"[0.07, 0.96]"
2,10,C14,False,"No, because the privacy cost of 0.038 exceeds the maximum potential search cost savings of 0.02 with only 2 firms, making sharing unbeneficial for maximizing total revenue.",0,"### Decision:
I'll **purchase Firm 0** (choose number 0) because: 
- It offers the highest profit of 0.35, maximizing total revenue after accounting for the 0.02 search cost.
- Rational to buy when positive profit is available, avoiding zero revenue from leaving.","C14 Search #1 (Searched:1/2, SearchCost:0.00, BestProfit:0.19@F1) → Search Next; C14 Search #2 (Searched:2/2, SearchCost:0.02, BestProfit:0.35@F0) → Purchase F0",0.33,0.038,"[0.95, 0.79]"
2,10,C15,False,"No, because the privacy cost of 0.029 exceeds the maximum potential search cost savings of 0.02 with only 2 firms, making sharing unbeneficial for maximizing total revenue.",1,"### Decision:  
I'll **purchase Firm 1** (choose number 1) because:  
- The firm offers a positive profit of 0.12, ensuring immediate gain.  
- Searching another firm costs 0.02 with uncertain and likely low expected profit based on past outcomes, making the expense unjustified.","C15 Search #1 (Searched:1/2, SearchCost:0.00, BestProfit:0.12@F1) → Purchase F1",0.12,0.029,"[0.45, 0.72]"
2,10,C16,False,"No, because the privacy cost of 0.033 exceeds the maximum potential search cost savings of 0.02 with only two firms, making sharing unbeneficial for maximizing total revenue.",-1,Defaulted after 3 fails. Best Profit: -0.13 -> Choice: -1,"C16 Search #1 (Searched:1/2, SearchCost:0.00, BestProfit:-0.13@F1) → Leave Market",0.0,0.033,"[0.52, 0.47]"
2,10,C17,False,"No, because the privacy cost of 0.051 exceeds the maximum potential search cost savings of 0.02 with only 2 firms, making sharing unbeneficial for maximizing total revenue.",1,"### Decision:  
I'll **purchase Firm 1** (choose number 1) because:  
- It offers a positive profit of 0.34 with no additional search cost, ensuring a net gain.  
- Searching another firm costs 0.02 with low expected benefit, likely reducing revenue based on historical outcomes.","C17 Search #1 (Searched:1/2, SearchCost:0.00, BestProfit:0.34@F1) → Purchase F1",0.34,0.051,"[0.56, 0.94]"
2,10,C18,False,"No, because the privacy cost of 0.044 exceeds the maximum potential search cost savings of 0.02 with only 2 firms, making sharing unbeneficial for maximizing total revenue.",0,"### Decision:
I'll **purchase Firm 0** (choose number 0) because: 
- It offers a positive profit of 0.08, ensuring a net gain of 0.06 after the 0.02 search cost.
- Firm 1 has negative profit, and no further search options exist.","C18 Search #1 (Searched:1/2, SearchCost:0.00, BestProfit:-0.10@F1) → Search Next; C18 Search #2 (Searched:2/2, SearchCost:0.02, BestProfit:0.08@F0) → Purchase F0",0.06,0.044,"[0.68, 0.5]"
2,10,C19,False,"No, because the privacy cost of 0.055 exceeds the maximum potential search cost savings of 0.02 with only 2 firms.",0,"### Decision:
I'll **leave** (choose number -1) because: 
- The searched firm has negative profit (-0.03), making purchase unprofitable.
- Searching another firm costs 0.02 with low likelihood of positive profit based on history, risking unnecessary loss.","C19 Search #1 (Searched:1/2, SearchCost:0.00, BestProfit:-0.03@F0) → Purchase F0",-0.03,0.055,"[0.57, 0.54]"
2,10,C20,False,"No, because the privacy cost of 0.048 exceeds the maximum potential search cost savings of 0.02 with only 2 firms.",1,"### Decision:
I'll **purchase Firm 1** (choose number 1) because: 
- The firm offers a positive profit of 0.23, ensuring a gain.
- Searching another firm costs 0.02 with uncertain benefits, and caution advises avoiding potential small losses.","C20 Search #1 (Searched:1/2, SearchCost:0.00, BestProfit:0.23@F1) → Purchase F1",0.23,0.048,"[0.23, 0.83]"
