firm_num,round,consumer_id,share,share_reason,final_choice,final_reason,decision_sequence,total_revenue,Privacy_Cost,Valuations
5,1,C1,True,"Yes, because with 5 firms, personalized recommendations significantly reduce expected search costs, likely exceeding my privacy value of 0.042, making the trade-off beneficial for maximizing total revenue.",2,"### Decision:
I'll **purchase Firm 2** because: 
- The firm offers a positive profit of 0.35, ensuring immediate gain.
- Searching further incurs a cost of 0.02 with low expected improvement due to valuation-sorted recommendations.","C1 Search #1 (Searched:1/5, SearchCost:0.00, BestProfit:0.35@F2) → Purchase F2",0.31,0.042,"[0.09, 0.53, 0.95, 0.85, 0.32]"
5,1,C2,True,"Yes, because with 5 firms, personalized recommendations will likely reduce search costs significantly (potentially saving more than the 0.03 privacy cost) by minimizing the number of searches needed.",2,"### Decision:
I'll **purchase Firm 2** because: 
- It offers a positive profit of 0.14, ensuring immediate gain.
- Searching further incurs a 0.02 cost with unlikely improvement given sorted recommendations.","C2 Search #1 (Searched:1/5, SearchCost:0.00, BestProfit:0.14@F2) → Purchase F2",0.11,0.03,"[0.39, 0.23, 0.74, 0.39, 0.45]"
5,1,C3,True,"Yes, because the expected reduction in search cost with personalized recommendations for 5 firms likely exceeds the privacy value of 0.028, making the trade-off beneficial for maximizing total revenue.",2,"### Decision:
I'll **purchase Firm 2** (choose number 2) because: 
- The firm offers a positive profit of 0.39, which I am rational to accept.
- Additional searches would incur a cost of 0.02 with likely diminishing returns due to personalized sorting.","C3 Search #1 (Searched:1/5, SearchCost:0.00, BestProfit:0.39@F2) → Purchase F2",0.36,0.028,"[0.83, 0.05, 0.99, 0.81, 0.88]"
5,1,C4,True,"Yes, because with 5 firms, personalized recommendations will significantly reduce expected search costs, likely exceeding the privacy cost of 0.048.",4,"### Decision:
I'll **purchase Firm 4** because: 
- Positive profit of 0.37 available.
- Additional search cost of 0.02 unlikely to yield better deal due to personalized sorting.","C4 Search #1 (Searched:1/5, SearchCost:0.00, BestProfit:0.37@F4) → Purchase F4",0.32,0.048,"[0.28, 0.43, 0.29, 0.9, 0.97]"
5,1,C5,True,"Yes, because sharing data will likely provide higher product surplus and reduce search costs significantly with 5 firms, outweighing the privacy cost of 0.046.",4,"### Decision:
I'll **purchase Firm 4** because: 
- It provides a positive profit of 0.37 with no additional search cost needed.
- Further searching costs 0.02 with likely diminishing returns due to sorted recommendations.","C5 Search #1 (Searched:1/5, SearchCost:0.00, BestProfit:0.37@F4) → Purchase F4",0.32,0.046,"[0.54, 0.61, 0.42, 0.76, 0.97]"
5,1,C6,True,"Yes, because the significant reduction in search costs with personalized recommendations for 5 firms likely outweighs the privacy cost of 0.04.",3,"### Decision:
I'll **purchase Firm 3** (choose number 3) because: 
- Firm 3 offers a positive profit of 0.41, ensuring a net gain.
- Additional searches cost 0.02 with likely diminishing returns due to valuation-sorted sequence.","C6 Search #1 (Searched:1/5, SearchCost:0.00, BestProfit:0.41@F3) → Purchase F3",0.37,0.04,"[0.44, 0.96, 0.05, 0.96, 0.01]"
5,1,C7,True,"Yes, to significantly reduce search costs and access higher-value products with personalized recommendations, outweighing the 0.05 privacy cost.",0,"### Decision:
I'll **purchase Firm 0** (choose number 0) because: 
- The firm offers a positive profit of 0.27, which I must act on rationally by not leaving without buying.
- Searching further costs 0.02 with likely diminishing returns due to data-shared sorting by valuation, making additional search unprofitable.","C7 Search #1 (Searched:1/5, SearchCost:0.00, BestProfit:0.27@F0) → Purchase F0",0.22,0.05,"[0.87, 0.85, 0.22, 0.83, 0.01]"
5,1,C8,True,"Yes, because with 5 firms, personalized recommendations can significantly reduce search costs and improve product matching, likely offsetting the privacy cost of 0.054.",4,"### Decision:
I'll **purchase Firm 4** (choose number 4) because: 
- It offers a positive profit of 0.31, ensuring immediate gain.
- Searching further incurs a cost of 0.02 with uncertain improvement, given the personalized sorting.","C8 Search #1 (Searched:1/5, SearchCost:0.00, BestProfit:0.31@F4) → Purchase F4",0.26,0.054,"[0.63, 0.52, 0.51, 0.84, 0.91]"
5,1,C9,True,"Yes, because with 5 firms, personalized recommendations are likely to significantly reduce expected search costs, potentially saving more than the privacy cost of 0.041.",1,"### Decision:
I'll **purchase Firm 1** (choose number 1) because: 
- It offers a positive profit of 0.2, and as a rational consumer, I won't leave without buying when such an option exists.
- Searching further would incur a search cost of 0.02 with uncertain benefits, potentially reducing overall revenue.","C9 Search #1 (Searched:1/5, SearchCost:0.00, BestProfit:0.20@F1) → Purchase F1",0.16,0.041,"[0.02, 0.8, 0.5, 0.77, 0.61]"
5,1,C10,True,"Yes, because with 5 firms, personalized recommendations significantly reduce expected search costs, likely exceeding the privacy value of 0.046.",1,"### Decision:
I'll **purchase Firm 1** because: 
- It offers a positive profit of 0.21, ensuring a net gain after accounting for costs.
- Searching further would incur a 0.02 cost with uncertain benefits, making it irrational to risk additional expenses.","C10 Search #1 (Searched:1/5, SearchCost:0.00, BestProfit:0.21@F1) → Purchase F1",0.16,0.046,"[0.79, 0.81, 0.5, 0.14, 0.41]"
5,1,C11,True,"Yes, because sharing data with 5 firms can significantly reduce search costs through personalized recommendations, likely exceeding the privacy value of 0.025 and improving overall revenue.",2,"### Decision:
I'll **purchase Firm 2** because: 
- It offers a positive profit of 0.29, which I must act on rationally by not leaving without buying.
- Further search costs 0.02 and is unlikely to yield a better deal, given the data is sorted by valuation descending.","C11 Search #1 (Searched:1/5, SearchCost:0.00, BestProfit:0.29@F2) → Purchase F2",0.26,0.025,"[0.46, 0.34, 0.89, 0.56, 0.17]"
5,1,C12,True,"Yes, because with 5 firms, personalized recommendations will significantly reduce expected search costs, likely exceeding the privacy value of 0.043, thus maximizing total revenue.",1,"### Decision:  
I'll **purchase Firm 1** (choose number 1) because:  
- The firm offers a positive profit of 0.34.  
- Searching further may not improve the deal and adds a search cost of 0.02.","C12 Search #1 (Searched:1/5, SearchCost:0.00, BestProfit:0.34@F1) → Purchase F1",0.3,0.043,"[0.07, 0.94, 0.55, 0.76, 0.53]"
5,1,C13,True,"I am considering the trade-off between my privacy value of 0.047 and the potential reduction in search cost from personalized recommendations. With 5 firms, sharing data can significantly lower the expected number of searches (e.g., from a worst-case cost of 0.08 without sharing to potentially much less), likely exceeding the privacy cost and maximizing total revenue.

Yes, to reduce search costs and improve deal-finding efficiency.",2,"### Decision:
I'll **purchase Firm 2** because: 
- It offers a positive profit of 0.29, ensuring immediate gain.
- Additional search costs 0.02 with likely diminishing returns due to sorted valuations.","C13 Search #1 (Searched:1/5, SearchCost:0.00, BestProfit:0.29@F2) → Purchase F2",0.24,0.047,"[0.64, 0.28, 0.89, 0.33, 0.19]"
5,1,C14,True,"Yes, because with 5 firms, personalized recommendations will likely reduce search costs by more than the privacy value of 0.035, improving overall revenue.",1,"### Decision:
I'll **purchase Firm 1** because: 
- The firm offers a positive profit of 0.39, and I must buy if positive profit is available.
- Additional searches may not yield better deals and would incur a search cost of 0.02, reducing net revenue.","C14 Search #1 (Searched:1/5, SearchCost:0.00, BestProfit:0.39@F1) → Purchase F1",0.36,0.035,"[0.83, 0.99, 0.7, 0.29, 0.3]"
5,1,C15,True,"Yes, because with 5 firms, personalized recommendations significantly reduce expected search costs, likely saving more than the privacy cost of 0.045 by minimizing the number of paid searches.",1,"### Decision:
I'll **purchase Firm 1** (choose number 1) because: 
- Firm 1 offers a positive profit of 0.36, which I must utilize per rationality.
- Additional search costs 0.02, with low expected gain due to personalized sorting reducing potential improvement.","C15 Search #1 (Searched:1/5, SearchCost:0.00, BestProfit:0.36@F1) → Purchase F1",0.32,0.045,"[0.29, 0.96, 0.73, 0.27, 0.43]"
5,1,C16,True,"Yes, because the potential search cost savings from personalized recommendations with 5 firms likely exceed my privacy value of 0.039, reducing overall costs and maximizing revenue.",2,"### Decision:
I'll **purchase Firm 2** (choose number 2) because: 
- The firm offers a positive profit of 0.33, ensuring immediate gain.
- Further search costs 0.02 and is unlikely to yield a better profit given the personalized, descending valuation order.","C16 Search #1 (Searched:1/5, SearchCost:0.00, BestProfit:0.33@F2) → Purchase F2",0.29,0.039,"[0.35, 0.84, 0.93, 0.63, 0.74]"
5,1,C17,True,"Yes, because the expected reduction in search cost from personalized recommendations with 5 firms is likely greater than my privacy value of 0.044, offsetting the privacy cost and maximizing total revenue.",1,"### Decision:
I'll **purchase Firm 1** (choose number 1) because: 
- The firm offers a positive profit of 0.22 with no additional search cost needed.
- Further searching incurs a cost of 0.02 with likely diminishing returns in profit due to decreasing valuations.","C17 Search #1 (Searched:1/5, SearchCost:0.00, BestProfit:0.22@F1) → Purchase F1",0.18,0.044,"[0.22, 0.82, 0.4, 0.31, 0.04]"
5,1,C18,True,"Yes, because with 5 firms, personalized recommendations will likely reduce my search costs significantly (e.g., by minimizing unnecessary searches), and this expected savings exceeds my privacy value of 0.025.",3,"### Decision:
I'll **purchase Firm 3** (choose number 3) because: 
- The firm offers a positive profit of 0.33, which I must act on per rationality.
- Personalized recommendations sort by highest value first, so further search is unlikely to improve the deal significantly.","C18 Search #1 (Searched:1/5, SearchCost:0.00, BestProfit:0.33@F3) → Purchase F3",0.3,0.025,"[0.51, 0.32, 0.79, 0.88, 0.55]"
5,1,C19,True,"Yes, because sharing data with 5 firms is likely to significantly reduce search costs (potentially saving more than the 0.045 privacy value) through personalized recommendations, outweighing the privacy cost.",3,"### Decision:
I'll **purchase Firm 3** because: 
- It offers a positive profit of 0.31, ensuring immediate gain.
- Searching further risks incurring a 0.02 cost with likely diminishing returns, given the personalized sorting.","C19 Search #1 (Searched:1/5, SearchCost:0.00, BestProfit:0.31@F3) → Purchase F3",0.26,0.045,"[0.77, 0.75, 0.23, 0.86, 0.11]"
5,1,C20,True,"Yes, because with 5 firms, personalized recommendations will likely reduce search costs by more than my privacy value of 0.038, offsetting the privacy loss and maximizing expected revenue.",4,"### Decision:
I'll **purchase Firm 4** (choose number 4) because: 
- The firm offers a positive profit of 0.24, which is rational to accept per the given behavior rule.
- Searching further would incur a search cost of 0.02 with uncertain benefits, making it suboptimal.","C20 Search #1 (Searched:1/5, SearchCost:0.00, BestProfit:0.24@F4) → Purchase F4",0.2,0.038,"[0.83, 0.81, 0.13, 0.35, 0.84]"
5,2,C1,True,"Yes, because with 5 firms, personalized recommendations significantly reduce expected search costs, likely exceeding the privacy cost of 0.042, thereby maximizing total revenue.",2,"### Decision:
I'll **purchase Firm 2** because: 
- The firm offers a positive profit of 0.25, ensuring an immediate gain. 
- Further searching incurs a cost of 0.02 with low expected improvement due to valuation-sorted recommendations.","C1 Search #1 (Searched:1/5, SearchCost:0.00, BestProfit:0.25@F2) → Purchase F2",0.21,0.042,"[0.09, 0.53, 0.95, 0.85, 0.32]"
5,2,C2,True,"Yes, because with 5 firms, personalized recommendations will likely reduce search costs by more than the 0.03 privacy cost, improving overall revenue based on past experience and top consumer outcomes.",2,"### Decision:
I'll **purchase Firm 2** because: 
- It offers a positive profit of 0.04, ensuring a net gain after accounting for privacy cost.
- Searching further costs 0.02 with likely diminishing returns due to sorted recommendations, making additional search unprofitable.","C2 Search #1 (Searched:1/5, SearchCost:0.00, BestProfit:0.04@F2) → Purchase F2",0.01,0.03,"[0.39, 0.23, 0.74, 0.39, 0.45]"
5,2,C3,True,"Yes, because with 5 firms, personalized recommendations greatly reduce expected search costs, likely exceeding the privacy cost of 0.028, as shown in prior successful experiences.",2,"### Decision:
I'll **purchase Firm 2** (choose number 2) because: 
- The firm offers a positive profit of 0.29, which I am rational to accept and must buy per my guidelines.
- Searching another firm would cost 0.02 and likely yield lower or similar profit due to personalized sorting, making it inefficient.","C3 Search #1 (Searched:1/5, SearchCost:0.00, BestProfit:0.29@F2) → Purchase F2",0.26,0.028,"[0.83, 0.05, 0.99, 0.81, 0.88]"
5,2,C4,True,"Yes, because with 5 firms, personalized recommendations significantly reduce expected search costs, likely outweighing the privacy cost of 0.048 and improving total revenue based on past experience.",4,"### Decision:
I'll **purchase Firm 4** because: 
- Positive profit of 0.27 is available from the searched firm.
- Due to personalized recommendations from data sharing, additional searches are unlikely to yield a better deal, as the sequence is sorted from highest to lowest value.","C4 Search #1 (Searched:1/5, SearchCost:0.00, BestProfit:0.27@F4) → Purchase F4",0.22,0.048,"[0.28, 0.43, 0.29, 0.9, 0.97]"
5,2,C5,True,"Yes, because sharing data with 5 firms will likely provide higher product surplus and significantly reduce search costs, outweighing the privacy cost of 0.046.",4,"### Decision:
I'll **purchase Firm 4** because: 
- It offers a positive profit of 0.27, ensuring I don't leave without buying.
- With data sharing and sorted recommendations, this is likely the best option, making further search costly and unnecessary.","C5 Search #1 (Searched:1/5, SearchCost:0.00, BestProfit:0.27@F4) → Purchase F4",0.22,0.046,"[0.54, 0.61, 0.42, 0.76, 0.97]"
5,2,C6,True,"Yes, because with 5 firms, personalized recommendations will likely reduce search costs and improve deal quality, outweighing the privacy cost of 0.04 based on past positive outcomes and the significant benefit of sorted valuations.",3,"### Decision:
I'll **purchase Firm 3** (choose number 3) because: 
- Firm 3 provides a positive profit of 0.36, guaranteeing a net gain after costs.
- Searching further costs 0.02 with likely lower returns due to the valuation-sorted sequence from data sharing.","C6 Search #1 (Searched:1/5, SearchCost:0.00, BestProfit:0.36@F3) → Purchase F3",0.32,0.04,"[0.44, 0.96, 0.05, 0.96, 0.01]"
5,2,C7,True,"Yes, because with 5 firms, personalized recommendations will likely reduce search costs by more than the 0.05 privacy cost, as seen in similar consumer experiences, thereby maximizing total revenue.",0,"### Decision:
I'll **purchase Firm 0** (choose number 0) because: 
- The firm offers a positive profit of 0.17, and as a rational consumer, I must buy when profit is positive rather than leave or search further.
- With data sharing sorting by highest valuation, the first firm is likely optimal, and the 0.02 search cost for another firm offers uncertain gains that may not justify the expense.","C7 Search #1 (Searched:1/5, SearchCost:0.00, BestProfit:0.17@F0) → Purchase F0",0.12,0.05,"[0.87, 0.85, 0.22, 0.83, 0.01]"
5,2,C8,True,"Yes, because with 5 firms, personalized recommendations will significantly reduce search costs and improve product matching, likely outweighing the privacy cost of 0.054, based on my previous positive revenue experience and the benefits observed in top consumers' decisions.",4,"### Decision:
I'll **purchase Firm 4** (choose number 4) because: 
- Firm 4 offers a positive profit of 0.21, ensuring an immediate gain.
- With personalized recommendations sorting firms from highest to lowest value, it is likely the best option, and further searches would incur a 0.02 cost with minimal expected improvement.","C8 Search #1 (Searched:1/5, SearchCost:0.00, BestProfit:0.21@F4) → Purchase F4",0.16,0.054,"[0.63, 0.52, 0.51, 0.84, 0.91]"
5,2,C9,True,"Yes, because with 5 firms, personalized recommendations significantly reduce expected search costs and improve product match quality, outweighing the privacy cost of 0.041.",1,"### Decision:
I'll **purchase Firm 1** (choose number 1) because: 
- Firm 1 provides a positive profit of 0.1, ensuring a net gain after accounting for sunk costs.
- Searching further would cost 0.02 with low expected improvement due to personalized recommendations already prioritizing high-value options.","C9 Search #1 (Searched:1/5, SearchCost:0.00, BestProfit:0.10@F1) → Purchase F1",0.06,0.041,"[0.02, 0.8, 0.5, 0.77, 0.61]"
5,2,C10,True,"Yes, because with 5 firms, personalized recommendations significantly reduce expected search costs and improve product matching, likely outweighing the privacy cost of 0.046 and maximizing total revenue.",1,"### Decision:
I'll **purchase Firm 1** because: 
- It offers a positive profit of 0.11, ensuring a net gain.
- Searching further costs 0.02 with uncertain benefits, likely not justifying the expense given personalized search ordering.","C10 Search #1 (Searched:1/5, SearchCost:0.00, BestProfit:0.11@F1) → Purchase F1",0.06,0.046,"[0.79, 0.81, 0.5, 0.14, 0.41]"
5,2,C11,True,"Yes, because the expected reduction in search costs from personalized recommendations with 5 firms likely exceeds the privacy cost of 0.025, based on past benefits and minimizing total search expenses.",2,"### Decision:
I'll **purchase Firm 2** because: 
- It offers a positive profit of 0.19, and as a rational consumer, I must buy when such an opportunity exists.
- Further searching costs 0.02 and is unlikely to yield a better deal, given the data is sorted by valuation descending, minimizing potential gains.","C11 Search #1 (Searched:1/5, SearchCost:0.00, BestProfit:0.19@F2) → Purchase F2",0.17,0.025,"[0.46, 0.34, 0.89, 0.56, 0.17]"
5,2,C12,True,"Yes, because with 5 firms, personalized recommendations will significantly reduce expected search costs and potentially increase surplus, likely outweighing the privacy cost of 0.043, as demonstrated by my previous positive revenue and the top consumers' experiences.",1,"### Decision:  
I'll **purchase Firm 1** (choose number 1) because:  
- The firm offers a positive profit of 0.24.  
- Searching further may not yield a significantly better deal due to personalized sorting by valuation, and it would incur an additional search cost of 0.02.","C12 Search #1 (Searched:1/5, SearchCost:0.00, BestProfit:0.24@F1) → Purchase F1",0.2,0.043,"[0.07, 0.94, 0.55, 0.76, 0.53]"
5,2,C13,True,"Yes, because with 5 firms, personalized recommendations significantly reduce expected search costs (potentially from a worst-case 0.08 without sharing to near 0), likely outweighing the privacy cost of 0.047 and maximizing total revenue, as supported by my previous positive experience and other consumers' outcomes.",2,"### Decision:
I'll **purchase Firm 2** because: 
- It offers a positive profit of 0.19, ensuring immediate gain.
- With personalized sorting by highest valuation first, additional searches are unlikely to improve the deal significantly, and the search cost of 0.02 outweighs potential benefits.","C13 Search #1 (Searched:1/5, SearchCost:0.00, BestProfit:0.19@F2) → Purchase F2",0.14,0.047,"[0.64, 0.28, 0.89, 0.33, 0.19]"
5,2,C14,True,"Yes, because with 5 firms, personalized recommendations will likely reduce search costs and improve product selection, outweighing the privacy cost of 0.035.",1,"### Decision:
I'll **purchase Firm 1** because: 
- It offers a positive profit of 0.29, and I must buy if positive profit is available.
- Searching another firm costs 0.02 with uncertain benefits, likely not worth the cost given the personalized search order.","C14 Search #1 (Searched:1/5, SearchCost:0.00, BestProfit:0.29@F1) → Purchase F1",0.26,0.035,"[0.83, 0.99, 0.7, 0.29, 0.3]"
5,2,C15,True,"Yes, because with 5 firms, personalized recommendations significantly reduce expected search costs, likely exceeding the privacy cost of 0.045 and improving total revenue.",1,"### Decision:  
I'll **purchase Firm 1** (choose number 1) because:  
- Firm 1 has a positive profit of 0.26, which I must utilize per rationality.  
- Personalized sorting likely makes it the best option, so searching more risks unnecessary cost without significant gain.","C15 Search #1 (Searched:1/5, SearchCost:0.00, BestProfit:0.26@F1) → Purchase F1",0.22,0.045,"[0.29, 0.96, 0.73, 0.27, 0.43]"
5,2,C16,True,"Yes, because the expected reduction in search costs from personalized recommendations with 5 firms likely exceeds the privacy cost of 0.039, maximizing total revenue as shown in previous rounds.",2,"### Decision:  
I'll **purchase Firm 2** (choose number 2) because:  
- The firm offers a positive profit of 0.23, ensuring an immediate gain.  
- Further search costs 0.02 and is unlikely to yield a better profit given the personalized, descending valuation order.","C16 Search #1 (Searched:1/5, SearchCost:0.00, BestProfit:0.23@F2) → Purchase F2",0.19,0.039,"[0.35, 0.84, 0.93, 0.63, 0.74]"
5,2,C17,True,"Yes, because with 5 firms, personalized recommendations will likely reduce search costs and improve product matching, outweighing the privacy cost of 0.044 and maximizing expected revenue.",1,"### Decision:
I'll **purchase Firm 1** (choose number 1) because: 
- The firm offers a positive profit of 0.12, ensuring I do not leave without buying as per rationality.
- Searching another firm costs 0.02 and is unlikely to yield a better profit due to decreasing valuations in the sorted sequence, making it inefficient.","C17 Search #1 (Searched:1/5, SearchCost:0.00, BestProfit:0.12@F1) → Purchase F1",0.08,0.044,"[0.22, 0.82, 0.4, 0.31, 0.04]"
5,2,C18,True,"Yes, because with 5 firms, personalized recommendations will likely reduce search costs significantly, exceeding my privacy value of 0.025 and improving total revenue.",3,"### Decision:
I'll **purchase Firm 3** (choose number 3) because: 
- It offers a positive profit of 0.28, which I must act on rationally.
- Personalized recommendations likely present the best deal first, making further search inefficient.","C18 Search #1 (Searched:1/5, SearchCost:0.00, BestProfit:0.28@F3) → Purchase F3",0.26,0.025,"[0.51, 0.32, 0.79, 0.88, 0.55]"
5,2,C19,True,"Yes, because with 5 firms, personalized recommendations will significantly reduce search costs, likely outweighing the privacy cost of 0.045 based on past positive outcomes and observed benefits from other consumers.",3,"### Decision:
I'll **purchase Firm 3** because: 
- It offers a positive profit of 0.26, ensuring immediate gain.
- With data sharing and sorting by valuation, further searches cost 0.02 and likely yield diminishing returns.","C19 Search #1 (Searched:1/5, SearchCost:0.00, BestProfit:0.26@F3) → Purchase F3",0.22,0.045,"[0.77, 0.75, 0.23, 0.86, 0.11]"
5,2,C20,True,"Yes, because with 5 firms, personalized recommendations will significantly reduce search costs by minimizing the number of searches needed, likely outweighing the privacy cost of 0.038 and maximizing expected revenue.",4,"### Decision:
I'll **purchase Firm 4** (choose number 4) because: 
- The firm offers a positive profit of 0.14, which I can secure immediately.
- Searching further would cost 0.02 with uncertain benefits, likely not justifying the expense given the personalized sorting.","C20 Search #1 (Searched:1/5, SearchCost:0.00, BestProfit:0.14@F4) → Purchase F4",0.1,0.038,"[0.83, 0.81, 0.13, 0.35, 0.84]"
5,3,C1,True,"Yes, because with 5 firms, personalized recommendations will likely reduce search costs significantly, outweighing the privacy cost of 0.042 based on past positive outcomes and the benefit of sorted valuations.",2,"### Decision:
I'll **purchase Firm 2** because: 
- The firm offers a positive profit of 0.25, ensuring an immediate gain.
- Further searching incurs a cost of 0.02 with low expected improvement due to valuation-sorted recommendations.","C1 Search #1 (Searched:1/5, SearchCost:0.00, BestProfit:0.25@F2) → Purchase F2",0.21,0.042,"[0.09, 0.53, 0.95, 0.85, 0.32]"
5,3,C2,True,"Yes, because with 5 firms, personalized recommendations will likely reduce search costs significantly (potentially saving more than the 0.03 privacy cost) by minimizing searches needed, as supported by my past positive outcomes and top consumer results.",2,"### Decision:
I'll **purchase Firm 2** because: 
- It offers a positive profit of 0.04, ensuring a net gain.
- Searching further costs 0.02 with unlikely improvement due to sorted recommendations minimizing potential gains.","C2 Search #1 (Searched:1/5, SearchCost:0.00, BestProfit:0.04@F2) → Purchase F2",0.01,0.03,"[0.39, 0.23, 0.74, 0.39, 0.45]"
5,3,C3,True,"Yes, because with 5 firms, personalized recommendations are likely to significantly reduce search costs, outweighing the privacy cost of 0.028 based on past beneficial experiences.",2,"### Decision:  
I'll **purchase Firm 2** (choose number 2) because:  
- The firm provides a positive profit of 0.29, which I must accept per my rational guidelines.  
- Further searching would cost 0.02 and likely yield diminishing or lower returns due to personalized sorting by highest value first.","C3 Search #1 (Searched:1/5, SearchCost:0.00, BestProfit:0.29@F2) → Purchase F2",0.26,0.028,"[0.83, 0.05, 0.99, 0.81, 0.88]"
5,3,C4,True,"Yes, because with 5 firms, personalized recommendations will significantly reduce expected search costs and improve deal quality, likely outweighing the privacy cost of 0.048 based on past positive outcomes.",4,"### Decision:
I'll **purchase Firm 4** because: 
- Positive profit of 0.17 is available, ensuring a gain.
- Personalized sorting by valuation makes additional searches unlikely to improve the deal, avoiding unnecessary cost.","C4 Search #1 (Searched:1/5, SearchCost:0.00, BestProfit:0.17@F4) → Purchase F4",0.12,0.048,"[0.28, 0.43, 0.29, 0.9, 0.97]"
5,3,C5,True,"Yes, because with 5 firms, personalized recommendations will likely reduce search costs significantly, outweighing the privacy cost of 0.046 based on past positive outcomes.",4,"### Decision:
I'll **purchase Firm 4** because: 
- It offers a positive profit of 0.17 with no additional search cost, ensuring immediate gain.
- With data sharing and sorted recommendations, this is likely the best option, making further search costly and unnecessary.","C5 Search #1 (Searched:1/5, SearchCost:0.00, BestProfit:0.17@F4) → Purchase F4",0.12,0.046,"[0.54, 0.61, 0.42, 0.76, 0.97]"
5,3,C6,True,"Yes, because with 5 firms, personalized recommendations significantly reduce expected search costs, likely outweighing the privacy cost of 0.04 based on past successful experiences and efficient deal-finding.",3,"### Decision:  
I'll **purchase Firm 3** (choose number 3) because:  
- Firm 3 offers a positive profit of 0.26, ensuring a net gain.  
- With data sharing and sorted search sequence, additional searches are unlikely to improve profit and would incur a 0.02 cost, reducing overall revenue.","C6 Search #1 (Searched:1/5, SearchCost:0.00, BestProfit:0.26@F3) → Purchase F3",0.22,0.04,"[0.44, 0.96, 0.05, 0.96, 0.01]"
5,3,C7,True,"Yes, because with 5 firms, personalized recommendations will minimize search costs and maximize product value, easily offsetting the 0.05 privacy cost based on past successful experiences and observed consumer outcomes.",0,"### Decision:
I'll **purchase Firm 0** (choose number 0) because: 
- The firm provides a positive profit of 0.07, mandating a purchase as a rational consumer.
- Data sharing sorts by highest valuation, so further searches are unlikely to improve profit and would cost 0.02 unnecessarily.","C7 Search #1 (Searched:1/5, SearchCost:0.00, BestProfit:0.07@F0) → Purchase F0",0.02,0.05,"[0.87, 0.85, 0.22, 0.83, 0.01]"
5,3,C8,True,"Yes, because personalized recommendations with 5 firms likely reduce search costs and improve product matching, outweighing the privacy cost of 0.054 based on my past positive revenues and top consumers' successful sharing experiences.",4,"### Decision:
I'll **purchase Firm 4** (choose number 4) because: 
- It offers a positive profit of 0.11, ensuring an immediate gain.
- With personalized recommendations sorting firms by highest value, it is likely the best option, and further searches would incur a 0.02 cost with minimal expected improvement.","C8 Search #1 (Searched:1/5, SearchCost:0.00, BestProfit:0.11@F4) → Purchase F4",0.06,0.054,"[0.63, 0.52, 0.51, 0.84, 0.91]"
5,3,C9,True,"Yes, because with 5 firms, personalized recommendations significantly reduce expected search costs by prioritizing high-valuation options, likely saving more than the privacy cost of 0.041 based on past positive experiences and the sorted sequence benefits.",1,"### Decision:
I'll **purchase Firm 1** (choose number 1) because: 
- Firm 1 offers a positive profit of 0.05, ensuring a net gain.
- Searching further costs 0.02 with low expected improvement due to personalized ordering, risking reduced revenue.","C9 Search #1 (Searched:1/5, SearchCost:0.00, BestProfit:0.05@F1) → Purchase F1",0.01,0.041,"[0.02, 0.8, 0.5, 0.77, 0.61]"
5,3,C10,True,"Yes, because with 5 firms, personalized recommendations significantly reduce expected search costs by sorting valuations, likely outweighing the privacy cost of 0.046 based on past positive outcomes where minimal searches yielded good deals.",1,"### Decision:
I'll **purchase Firm 1** because: 
- It offers a positive profit of 0.06, ensuring a net gain.
- Searching further costs 0.02 with uncertain and likely lower benefits due to personalized ordering.","C10 Search #1 (Searched:1/5, SearchCost:0.00, BestProfit:0.06@F1) → Purchase F1",0.01,0.046,"[0.79, 0.81, 0.5, 0.14, 0.41]"
5,3,C11,True,"Yes, because with 5 firms, personalized recommendations will likely reduce search costs significantly, exceeding the privacy cost of 0.025 based on past positive outcomes and minimizing total expenses.",2,"### Decision:
I'll **purchase Firm 2** because: 
- It offers a positive profit of 0.19, and as a rational consumer, I must buy when such an opportunity exists.
- Further searching costs 0.02 and is unlikely to yield a better deal, given the data is sorted by valuation descending, minimizing potential gains.","C11 Search #1 (Searched:1/5, SearchCost:0.00, BestProfit:0.19@F2) → Purchase F2",0.17,0.025,"[0.46, 0.34, 0.89, 0.56, 0.17]"
5,3,C12,True,"Yes, because personalized recommendations with 5 firms significantly reduce expected search costs, likely exceeding the 0.043 privacy cost, as evidenced by my past positive revenues and top consumers' experiences.",1,"### Decision:  
I'll **purchase Firm 1** (choose number 1) because:  
- The firm offers a positive profit of 0.19, ensuring a gain without additional costs.  
- Searching further would incur a search cost of 0.02 with likely diminishing returns, as the next firm may offer lower or similar profit, reducing expected revenue.","C12 Search #1 (Searched:1/5, SearchCost:0.00, BestProfit:0.19@F1) → Purchase F1",0.15,0.043,"[0.07, 0.94, 0.55, 0.76, 0.53]"
5,3,C13,True,"Yes, because with 5 firms, personalized recommendations significantly reduce expected search costs (potentially saving more than the 0.047 privacy cost), as supported by past positive outcomes and efficient deal-finding.",2,"### Decision:
I'll **purchase Firm 2** because: 
- It offers a positive profit of 0.19, ensuring immediate gain without further risk.
- With personalized sorting by highest valuation, additional searches are unlikely to improve the deal, and the search cost of 0.02 outweighs potential benefits.","C13 Search #1 (Searched:1/5, SearchCost:0.00, BestProfit:0.19@F2) → Purchase F2",0.14,0.047,"[0.64, 0.28, 0.89, 0.33, 0.19]"
5,3,C14,True,"Yes, because with 5 firms, personalized recommendations will significantly reduce search costs and improve deal quality, likely outweighing the privacy cost of 0.035 based on past positive experiences and the high value of sorting in a large market.",1,"### Decision:
I'll **purchase Firm 1** because: 
- It offers a positive profit of 0.24, and I must buy if positive profit is available.
- Searching another firm costs 0.02 with uncertain benefits, likely not worth the cost given the personalized recommendations.","C14 Search #1 (Searched:1/5, SearchCost:0.00, BestProfit:0.24@F1) → Purchase F1",0.2,0.035,"[0.83, 0.99, 0.7, 0.29, 0.3]"
5,3,C15,True,"Yes, because personalized recommendations with 5 firms will likely reduce search costs significantly, outweighing the privacy cost of 0.045 based on past successful experiences and efficient deal-finding.",1,"### Decision:  
I'll **purchase Firm 1** (choose number 1) because:  
- Firm 1 has a positive profit of 0.21, which I must utilize as a rational consumer.  
- With personalized recommendations from data sharing, it is likely the best option, and further search costs 0.02 with low expected gain.","C15 Search #1 (Searched:1/5, SearchCost:0.00, BestProfit:0.21@F1) → Purchase F1",0.16,0.045,"[0.29, 0.96, 0.73, 0.27, 0.43]"
5,3,C16,True,"Yes, because with 5 firms, personalized recommendations greatly reduce expected search costs by sorting valuations, likely outweighing the privacy cost of 0.039, as shown in past rounds where sharing minimized searches and maximized revenue.",2,"### Decision:  
I'll **purchase Firm 2** (choose number 2) because:  
- The firm provides a positive profit of 0.23, ensuring an immediate gain.  
- Searching further costs 0.02 and is unlikely to yield a better profit, given the personalized descending valuation order.","C16 Search #1 (Searched:1/5, SearchCost:0.00, BestProfit:0.23@F2) → Purchase F2",0.19,0.039,"[0.35, 0.84, 0.93, 0.63, 0.74]"
5,3,C17,True,"Yes, because with 5 firms, personalized recommendations will significantly reduce search costs and improve product matching, likely exceeding the privacy cost of 0.044 based on past positive outcomes.",1,"### Decision:
I'll **purchase Firm 1** (choose number 1) because: 
- The firm offers a positive profit of 0.07, ensuring I do not leave without buying as per rationality.
- Searching another firm costs 0.02 and is unlikely to yield a better profit due to decreasing valuations in the personalized sequence, making further search inefficient.","C17 Search #1 (Searched:1/5, SearchCost:0.00, BestProfit:0.07@F1) → Purchase F1",0.03,0.044,"[0.22, 0.82, 0.4, 0.31, 0.04]"
5,3,C18,True,"Yes, because with 5 firms, personalized recommendations will likely minimize search costs and improve deal quality, outweighing my low privacy value of 0.025.",3,"### Decision:  
I'll **purchase Firm 3** (choose number 3) because:  
- It offers a positive profit of 0.18, which I must act on rationally as per my constraints.  
- Personalized recommendations sort by highest valuation first, making further searches inefficient and unlikely to improve the deal significantly, especially with a search cost of 0.02.","C18 Search #1 (Searched:1/5, SearchCost:0.00, BestProfit:0.18@F3) → Purchase F3",0.16,0.025,"[0.51, 0.32, 0.79, 0.88, 0.55]"
5,3,C19,True,"Yes, because with 5 firms, personalized recommendations will significantly reduce search costs and potentially increase deal quality, outweighing the privacy cost of 0.045 based on past positive outcomes and observed benefits from other consumers.",3,"### Decision:
I'll **purchase Firm 3** because: 
- It offers a positive profit of 0.16, ensuring immediate gain.
- With data sharing and sorting by valuation, further searches cost 0.02 and likely yield diminishing returns.","C19 Search #1 (Searched:1/5, SearchCost:0.00, BestProfit:0.16@F3) → Purchase F3",0.12,0.045,"[0.77, 0.75, 0.23, 0.86, 0.11]"
5,3,C20,True,"Yes, because with 5 firms, personalized recommendations will likely reduce search costs and improve product selection more than the privacy cost of 0.038, based on my past positive outcomes and the success of other consumers who shared data.",4,"### Decision:
I'll **purchase Firm 4** (choose number 4) because: 
- The firm offers a positive profit of 0.04, which I can secure immediately.
- Searching further would cost 0.02 with likely diminishing returns due to personalized sorting, making it unlikely to justify the expense.","C20 Search #1 (Searched:1/5, SearchCost:0.00, BestProfit:0.04@F4) → Purchase F4",0.0,0.038,"[0.83, 0.81, 0.13, 0.35, 0.84]"
5,4,C1,True,"Yes, because with 5 firms, personalized recommendations significantly reduce expected search costs, outweighing the privacy cost of 0.042 based on past beneficial outcomes and efficient deal-finding.",2,"### Decision:
I'll **purchase Firm 2** because: 
- The firm offers a positive profit of 0.20, ensuring an immediate gain.
- Further searching incurs a cost of 0.02 with low expected improvement due to valuation-sorted recommendations.","C1 Search #1 (Searched:1/5, SearchCost:0.00, BestProfit:0.20@F2) → Purchase F2",0.16,0.042,"[0.09, 0.53, 0.95, 0.85, 0.32]"
5,4,C2,True,"Yes, because with 5 firms, personalized recommendations will likely reduce search costs significantly (saving more than the 0.03 privacy cost) by minimizing searches needed, as supported by past positive outcomes and top consumer results.",-1,"### Decision:
I'll **leave** (choose number -1) because: 
- The searched firm has negative profit (-0.01), indicating no immediate gain.
- With data-shared recommendations sorting by decreasing valuation, further searches are likely to yield worse or similarly poor profits, making additional 0.02 search cost unprofitable.","C2 Search #1 (Searched:1/5, SearchCost:0.00, BestProfit:-0.01@F2) → Leave Market",-0.03,0.03,"[0.39, 0.23, 0.74, 0.39, 0.45]"
5,4,C3,True,"Yes, because the expected reduction in search costs from personalized recommendations with 5 firms likely exceeds the privacy cost of 0.028, based on past experiences where sharing data minimized searches and maximized revenue.",2,"### Decision:  
I'll **purchase Firm 2** (choose number 2) because:  
- The firm offers a positive profit of 0.24, which I must accept per my rational guidelines.  
- Searching another firm would cost 0.02 and likely yield diminishing returns due to personalized sorting from highest to lowest value.","C3 Search #1 (Searched:1/5, SearchCost:0.00, BestProfit:0.24@F2) → Purchase F2",0.21,0.028,"[0.83, 0.05, 0.99, 0.81, 0.88]"
5,4,C4,True,"Yes, because with 5 firms, personalized recommendations will significantly reduce expected search costs, likely outweighing the privacy cost of 0.048 based on past positive outcomes and efficient deal-finding.",4,"### Decision:
I'll **purchase Firm 4** because: 
- Positive profit of 0.12 is available from the searched firm.
- With personalized sorting from data sharing, additional searches are unlikely to yield a better deal, and the search cost of 0.02 outweighs potential benefits.","C4 Search #1 (Searched:1/5, SearchCost:0.00, BestProfit:0.12@F4) → Purchase F4",0.07,0.048,"[0.28, 0.43, 0.29, 0.9, 0.97]"
5,4,C5,True,"Yes, because sharing data with 5 firms provides personalized recommendations that significantly reduce search costs, outweighing the privacy cost of 0.046 based on consistent positive outcomes in past rounds.",4,"### Decision:
I'll **purchase Firm 4** because: 
- It provides a positive profit of 0.12 with no additional search cost, ensuring immediate gain.
- With data sharing and sorted recommendations, this is likely the best option, making further search costly and unnecessary.","C5 Search #1 (Searched:1/5, SearchCost:0.00, BestProfit:0.12@F4) → Purchase F4",0.07,0.046,"[0.54, 0.61, 0.42, 0.76, 0.97]"
5,4,C6,True,"Yes, because with 5 firms, personalized recommendations significantly reduce search costs and ensure a high-value first search, outweighing the privacy cost of 0.04 based on past positive experiences.",3,"### Decision:  
I'll **purchase Firm 3** (choose number 3) because:  
- Firm 3 offers a positive profit of 0.21, ensuring a net gain.  
- Additional searches cost 0.02 and are unlikely to yield a better profit due to the valuation-sorted sequence from data sharing.","C6 Search #1 (Searched:1/5, SearchCost:0.00, BestProfit:0.21@F3) → Purchase F3",0.17,0.04,"[0.44, 0.96, 0.05, 0.96, 0.01]"
5,4,C7,True,"Yes, because with 5 firms, personalized recommendations will significantly reduce search costs, likely saving more than the 0.05 privacy cost based on past beneficial experiences.",0,"### Decision:
I'll **purchase Firm 0** (choose number 0) because: 
- The firm offers a positive profit of 0.12, mandating a purchase as a rational consumer to avoid leaving without buying.
- Data sharing sorts by highest valuation, so further searches are unlikely to improve profit and would cost 0.02 unnecessarily.","C7 Search #1 (Searched:1/5, SearchCost:0.00, BestProfit:0.12@F0) → Purchase F0",0.07,0.05,"[0.87, 0.85, 0.22, 0.83, 0.01]"
5,4,C8,True,"Yes, because with 5 firms, personalized recommendations significantly reduce expected search costs and improve product matching, likely outweighing the privacy cost of 0.054 based on my consistent positive revenues from past sharing experiences and the successful strategies of top consumers.",4,"### Decision:
I'll **purchase Firm 4** (choose number 4) because: 
- It offers a positive profit of 0.06, ensuring an immediate gain.
- With personalized recommendations sorting firms by highest valuation, it is likely the best option, and further searches would incur a 0.02 cost with uncertain improvement.","C8 Search #1 (Searched:1/5, SearchCost:0.00, BestProfit:0.06@F4) → Purchase F4",0.01,0.054,"[0.63, 0.52, 0.51, 0.84, 0.91]"
5,4,C9,True,"Yes, because with 5 firms, personalized recommendations significantly reduce expected search costs, outweighing the privacy cost of 0.041 based on past positive experiences and minimized search efforts.",-1,"### Decision:
I'll **leave** (choose number -1) because: 
- The only searched firm offers zero profit, yielding no gain from purchasing. 
- Searching further costs 0.02 with low expected profit improvement due to personalized sorting, risking net loss.","C9 Search #1 (Searched:1/5, SearchCost:0.00, BestProfit:0.00@F1) → Leave Market",-0.04,0.041,"[0.02, 0.8, 0.5, 0.77, 0.61]"
5,4,C10,True,"Yes, because with 5 firms, personalized recommendations reduce search costs and improve product matching, likely outweighing the privacy cost of 0.046 based on past positive experiences with minimal searches yielding good deals.",1,"### Decision:
I'll **purchase Firm 1** because: 
- It offers a positive profit of 0.01, ensuring a net gain with no additional search cost.
- Searching further would cost 0.02 with likely diminishing or negative returns, making it irrational given personalized recommendations.","C10 Search #1 (Searched:1/5, SearchCost:0.00, BestProfit:0.01@F1) → Purchase F1",-0.04,0.046,"[0.79, 0.81, 0.5, 0.14, 0.41]"
5,4,C11,True,"Yes, because with 5 firms, personalized recommendations significantly reduce expected search costs and improve deal-finding efficiency, likely outweighing the privacy cost of 0.025 based on past positive outcomes and minimizing overall expenses.",2,"### Decision:
I'll **purchase Firm 2** because: 
- It offers a positive profit of 0.14, requiring me to buy as a rational consumer. 
- Further search costs 0.02 and is unlikely to improve the deal given valuation-sorted order.","C11 Search #1 (Searched:1/5, SearchCost:0.00, BestProfit:0.14@F2) → Purchase F2",0.12,0.025,"[0.46, 0.34, 0.89, 0.56, 0.17]"
5,4,C12,True,"Yes, because personalized recommendations with 5 firms will likely reduce search costs significantly, outweighing the privacy cost of 0.043 based on consistent past benefits and top consumers' experiences.",1,"### Decision:  
I'll **purchase Firm 1** (choose number 1) because:  
- The firm offers a positive profit of 0.14, ensuring a gain.  
- Searching further may yield lower or similar profit due to valuation sorting and would incur an additional cost of 0.02, reducing expected revenue.","C12 Search #1 (Searched:1/5, SearchCost:0.00, BestProfit:0.14@F1) → Purchase F1",0.1,0.043,"[0.07, 0.94, 0.55, 0.76, 0.53]"
5,4,C13,True,"Yes, because with 5 firms, personalized recommendations will likely reduce search costs to nearly zero by sorting the best deals first, outweighing the privacy cost of 0.047 based on past positive experiences and efficient revenue maximization.",2,"### Decision:
I'll **purchase Firm 2** because: 
- It offers a positive profit of 0.14, ensuring immediate gain.
- With personalized sorting by highest valuation, additional searches are unlikely to improve the deal, and the search cost of 0.02 outweighs potential benefits.","C13 Search #1 (Searched:1/5, SearchCost:0.00, BestProfit:0.14@F2) → Purchase F2",0.09,0.047,"[0.64, 0.28, 0.89, 0.33, 0.19]"
5,4,C14,True,"Yes, because with 5 firms, personalized recommendations will likely reduce search costs substantially, outweighing the privacy cost of 0.035, as demonstrated by my past positive outcomes and the strategies of top-performing consumers.",1,"### Decision:
I'll **purchase Firm 1** because: 
- It offers a positive profit of 0.19, and I must buy if positive profit is available.
- Searching another firm costs 0.02 with uncertain benefits, likely not worth the cost given the personalized recommendations sorting by valuation.","C14 Search #1 (Searched:1/5, SearchCost:0.00, BestProfit:0.19@F1) → Purchase F1",0.15,0.035,"[0.83, 0.99, 0.7, 0.29, 0.3]"
5,4,C15,True,"Yes, because with 5 firms, personalized recommendations significantly reduce expected search costs, likely saving more than the privacy cost of 0.045, based on consistent positive outcomes from past sharing decisions.",1,"### Decision:  
I'll **purchase Firm 1** (choose number 1) because:  
- Firm 1 offers a positive profit of 0.16, which I must utilize as a rational consumer.  
- With personalized recommendations from data sharing, it is likely the best option, and further search costing 0.02 offers low expected gain.","C15 Search #1 (Searched:1/5, SearchCost:0.00, BestProfit:0.16@F1) → Purchase F1",0.11,0.045,"[0.29, 0.96, 0.73, 0.27, 0.43]"
5,4,C16,True,"Yes, because the expected search cost savings from personalized recommendations with 5 firms likely exceed the privacy cost of 0.039, based on past rounds where sharing minimized searches and maximized revenue.",2,"### Decision:  
I'll **purchase Firm 2** (choose number 2) because:  
- The firm provides a positive profit of 0.18, ensuring an immediate gain.  
- Further search costs 0.02 and is unlikely to yield a better profit, given the personalized descending valuation order from shared data.","C16 Search #1 (Searched:1/5, SearchCost:0.00, BestProfit:0.18@F2) → Purchase F2",0.14,0.039,"[0.35, 0.84, 0.93, 0.63, 0.74]"
5,4,C17,True,"Yes, because with 5 firms, personalized recommendations will likely reduce search costs significantly by sorting products from highest value, outweighing the privacy cost of 0.044 based on past positive experiences and expected revenue maximization.",1,"### Decision:  
I'll **purchase Firm 1** (choose number 1) because:  
- The firm offers a positive profit of 0.02, ensuring I do not leave without buying as per rationality.  
- Searching another firm costs 0.02 and is unlikely to yield a better profit due to the personalized sequence sorted by decreasing valuations, making further search inefficient.","C17 Search #1 (Searched:1/5, SearchCost:0.00, BestProfit:0.02@F1) → Purchase F1",-0.02,0.044,"[0.22, 0.82, 0.4, 0.31, 0.04]"
5,4,C18,True,"Yes, because with 5 firms, personalized recommendations will likely reduce search costs significantly, outweighing my low privacy value of 0.025 based on past positive experiences.",3,"### Decision:  
I'll **purchase Firm 3** (choose number 3) because:  
- It offers a positive profit of 0.13, which I must act on rationally.  
- Personalized recommendations sort by highest valuation first, making further search inefficient and unlikely to improve the deal significantly, especially with a search cost of 0.02.","C18 Search #1 (Searched:1/5, SearchCost:0.00, BestProfit:0.13@F3) → Purchase F3",0.11,0.025,"[0.51, 0.32, 0.79, 0.88, 0.55]"
5,4,C19,True,"Yes, because with 5 firms, personalized recommendations will significantly reduce search costs, likely saving more than the 0.045 privacy cost based on past positive outcomes and observed benefits from other consumers.",3,"### Decision:
I'll **purchase Firm 3** because: 
- It offers a positive profit of 0.11, ensuring immediate gain and adhering to rationality.
- With data sharing and sorting by valuation, further searches cost 0.02 and are unlikely to yield higher profit, making additional costs unjustified.","C19 Search #1 (Searched:1/5, SearchCost:0.00, BestProfit:0.11@F3) → Purchase F3",0.06,0.045,"[0.77, 0.75, 0.23, 0.86, 0.11]"
5,4,C20,True,"Yes, because with 5 firms, personalized recommendations will likely reduce search costs significantly, outweighing my privacy value of 0.038 based on past positive outcomes and the success of other consumers who shared data.",-1,"### Decision:
I'll **leave** (choose number -1) because: 
- The searched firm has negative profit (-0.01), making purchase unprofitable.
- With personalized sorting, this is the highest valuation firm; further searches are unlikely to yield positive profit and would incur unnecessary cost.","C20 Search #1 (Searched:1/5, SearchCost:0.00, BestProfit:-0.01@F4) → Leave Market",-0.04,0.038,"[0.83, 0.81, 0.13, 0.35, 0.84]"
5,5,C1,True,"Yes, because with 5 firms, personalized recommendations significantly reduce expected search costs, likely exceeding the privacy cost of 0.042, based on past experiences minimizing searches and maximizing revenue.",2,"### Decision:
I'll **purchase Firm 2** because: 
- The firm offers a positive profit of 0.15, ensuring an immediate gain.
- Further searching incurs a cost of 0.02 with low expected improvement due to valuation-sorted recommendations.","C1 Search #1 (Searched:1/5, SearchCost:0.00, BestProfit:0.15@F2) → Purchase F2",0.11,0.042,"[0.09, 0.53, 0.95, 0.85, 0.32]"
5,5,C2,True,"Yes, because with 5 firms, personalized recommendations will likely reduce search costs by more than the 0.03 privacy cost, minimizing searches and improving revenue potential, as supported by past positive outcomes and top consumer strategies.",-1,"### Decision:
I'll **leave** (choose number -1) because: 
- The searched firm has a negative profit (-0.06), offering no immediate gain.
- With data-shared recommendations sorting by decreasing valuation, further searches are likely to yield worse profits, making the 0.02 search cost unprofitable.","C2 Search #1 (Searched:1/5, SearchCost:0.00, BestProfit:-0.06@F2) → Leave Market",-0.03,0.03,"[0.39, 0.23, 0.74, 0.39, 0.45]"
5,5,C3,True,"Yes, because the expected reduction in search costs from personalized recommendations with 5 firms likely exceeds the privacy cost of 0.028, based on past experiences where sharing minimized searches and maximized revenue.",2,"### Decision:  
I'll **purchase Firm 2** (choose number 2) because:  
- The firm offers a positive profit of 0.19, which I must accept per my rational guidelines to avoid leaving without buying.  
- Searching another firm would cost 0.02 and likely yield diminishing or lower returns due to personalized sorting by highest valuation first.","C3 Search #1 (Searched:1/5, SearchCost:0.00, BestProfit:0.19@F2) → Purchase F2",0.16,0.028,"[0.83, 0.05, 0.99, 0.81, 0.88]"
5,5,C4,True,"Yes, because with 5 firms, personalized recommendations significantly reduce expected search costs by sorting products from highest value, likely outweighing the privacy cost of 0.048 based on past positive outcomes and efficient deal-finding.",4,"### Decision:
I'll **purchase Firm 4** because: 
- Positive profit of 0.17 is available from the searched firm.
- With personalized recommendations from data sharing, additional searches are unlikely to yield a better deal due to descending value sorting, and the 0.02 search cost would reduce net revenue.","C4 Search #1 (Searched:1/5, SearchCost:0.00, BestProfit:0.17@F4) → Purchase F4",0.12,0.048,"[0.28, 0.43, 0.29, 0.9, 0.97]"
5,5,C5,True,"Yes, because with 5 firms, personalized recommendations significantly reduce expected search costs and improve matching, likely outweighing the privacy cost of 0.046 based on consistent positive outcomes in past rounds.",4,"### Decision:  
I'll **purchase Firm 4** (choose number 4) because:  
- It provides a positive profit of 0.17 with no additional search cost.  
- With data sharing and sorted recommendations, it's likely the best option, making further search unnecessary and costly.","C5 Search #1 (Searched:1/5, SearchCost:0.00, BestProfit:0.17@F4) → Purchase F4",0.12,0.046,"[0.54, 0.61, 0.42, 0.76, 0.97]"
5,5,C6,True,"Yes, because the expected reduction in search costs from personalized recommendations with 5 firms likely exceeds the privacy cost of 0.04, based on past experiences where sharing minimized searches and ensured high-value deals with minimal cost.",3,"### Decision:  
I'll **purchase Firm 3** (choose number 3) because:  
- Firm 3 offers a positive profit of 0.16, ensuring a net gain after costs.  
- Additional searches cost 0.02 and are unlikely to yield a better profit due to the valuation-sorted sequence from data sharing.","C6 Search #1 (Searched:1/5, SearchCost:0.00, BestProfit:0.16@F3) → Purchase F3",0.12,0.04,"[0.44, 0.96, 0.05, 0.96, 0.01]"
5,5,C7,True,"Yes, because with 5 firms, personalized recommendations will likely reduce search costs by more than the 0.05 privacy cost, based on past experiences where sharing minimized searches and ensured positive revenue.",0,"### Decision:  
I'll **purchase Firm 0** (choose number 0) because:  
- The firm provides a positive profit of 0.07, mandating a purchase as a rational consumer.  
- Data sharing sorts by highest valuation, so further searches are unlikely to improve profit and would cost 0.02 unnecessarily.","C7 Search #1 (Searched:1/5, SearchCost:0.00, BestProfit:0.07@F0) → Purchase F0",0.02,0.05,"[0.87, 0.85, 0.22, 0.83, 0.01]"
5,5,C8,True,"Yes, because personalized recommendations with 5 firms significantly reduce expected search costs and ensure a high-value first search, likely outweighing the privacy cost of 0.054 based on my consistent positive revenues from past sharing experiences and the successful strategies of top consumers.",4,"### Decision:  
I'll **purchase Firm 4** (choose number 4) because:  
- It offers a positive profit of 0.11, ensuring an immediate gain.  
- With personalized recommendations sorting firms by highest valuation, it is likely the best option, and further searches would incur a 0.02 cost with minimal expected improvement.","C8 Search #1 (Searched:1/5, SearchCost:0.00, BestProfit:0.11@F4) → Purchase F4",0.06,0.054,"[0.63, 0.52, 0.51, 0.84, 0.91]"
5,5,C9,True,"Yes, because with 5 firms, personalized recommendations significantly reduce expected search costs, likely outweighing the privacy cost of 0.041 based on past positive outcomes and minimized search efforts.",-1,"### Decision:
I'll **leave** (choose number -1) because: 
- The searched firm has a negative profit of -0.05, offering no gain from purchasing.
- Searching further costs 0.02 with low expected profit improvement due to personalized sorting by valuation, likely prioritizing the best options first.","C9 Search #1 (Searched:1/5, SearchCost:0.00, BestProfit:-0.05@F1) → Leave Market",-0.04,0.041,"[0.02, 0.8, 0.5, 0.77, 0.61]"
5,5,C10,True,"Yes, because with 5 firms, personalized recommendations significantly reduce expected search costs by minimizing searches, likely outweighing the privacy cost of 0.046 based on past experiences where sharing data led to efficient, high-revenue decisions with minimal costs.",-1,"### Decision:
I'll **leave** (choose number -1) because: 
- The only searched firm has a negative profit of -0.04, so purchasing would result in a net loss.
- Searching another firm costs 0.02 with low expected benefit, as personalized recommendations indicate diminishing returns on valuation and profit.","C10 Search #1 (Searched:1/5, SearchCost:0.00, BestProfit:-0.04@F1) → Leave Market",-0.05,0.046,"[0.79, 0.81, 0.5, 0.14, 0.41]"
5,5,C11,True,"Yes, because with 5 firms, personalized recommendations significantly reduce expected search costs and improve deal-finding efficiency, likely outweighing the privacy cost of 0.025 based on past positive outcomes and minimizing overall expenses.",2,"### Decision:
I'll **purchase Firm 2** because: 
- It offers a positive profit of 0.09, requiring me to buy as a rational consumer.
- Further search costs 0.02 and is unlikely to yield a better deal given the valuation-sorted order.","C11 Search #1 (Searched:1/5, SearchCost:0.00, BestProfit:0.09@F2) → Purchase F2",0.06,0.025,"[0.46, 0.34, 0.89, 0.56, 0.17]"
5,5,C12,True,"Yes, because with 5 firms, personalized recommendations significantly reduce expected search costs, likely exceeding the privacy cost of 0.043, based on past positive experiences and top consumers' outcomes.",1,"### Decision:  
I'll **purchase Firm 1** (choose number 1) because:  
- The firm offers a positive profit of 0.09, ensuring a gain.  
- Searching further would cost 0.02 and likely yield lower profit due to valuation sorting, reducing expected revenue.","C12 Search #1 (Searched:1/5, SearchCost:0.00, BestProfit:0.09@F1) → Purchase F1",0.05,0.043,"[0.07, 0.94, 0.55, 0.76, 0.53]"
5,5,C13,True,"Yes, because with 5 firms, personalized recommendations significantly reduce expected search costs, likely exceeding the privacy cost of 0.047 based on past beneficial outcomes.",2,"### Decision:
I'll **purchase Firm 2** because: 
- It offers a positive profit of 0.09, ensuring immediate gain without further cost.
- With personalized sorting by highest valuation, additional searches are unlikely to yield a better deal, and the 0.02 search cost outweighs potential benefits.","C13 Search #1 (Searched:1/5, SearchCost:0.00, BestProfit:0.09@F2) → Purchase F2",0.04,0.047,"[0.64, 0.28, 0.89, 0.33, 0.19]"
5,5,C14,True,"Yes, because with 5 firms, personalized recommendations significantly reduce expected search costs and improve deal quality, likely outweighing the privacy cost of 0.035 based on past positive outcomes and the strategies of top consumers.",1,"### Decision:
I'll **purchase Firm 1** because: 
- It offers a positive profit of 0.14, and I must buy if positive profit is available.
- Searching another firm costs 0.02 with uncertain benefits, likely not worth the cost given the personalized recommendations sorting by valuation.","C14 Search #1 (Searched:1/5, SearchCost:0.00, BestProfit:0.14@F1) → Purchase F1",0.11,0.035,"[0.83, 0.99, 0.7, 0.29, 0.3]"
5,5,C15,True,"Yes, because personalized recommendations with 5 firms significantly reduce expected search costs, likely exceeding the privacy cost of 0.045 based on past beneficial experiences minimizing searches and maximizing revenue.",1,"### Decision:  
I'll **purchase Firm 1** (choose number 1) because:  
- Firm 1 offers a positive profit of 0.11, which I must utilize as a rational consumer.  
- With personalized recommendations from data sharing, it is likely the best option, and further search costing 0.02 offers no expected gain.","C15 Search #1 (Searched:1/5, SearchCost:0.00, BestProfit:0.11@F1) → Purchase F1",0.06,0.045,"[0.29, 0.96, 0.73, 0.27, 0.43]"
5,5,C16,True,"Yes, because historical data shows that sharing data with 5 firms reduces search costs and maximizes revenue, with expected savings exceeding the privacy cost of 0.039.",2,"### Decision:  
I'll **purchase Firm 2** (choose number 2) because:  
- The firm offers a positive profit of 0.13, ensuring an immediate gain.  
- Further search costs 0.02 and is unlikely to yield a better profit, given the personalized descending valuation order.","C16 Search #1 (Searched:1/5, SearchCost:0.00, BestProfit:0.13@F2) → Purchase F2",0.09,0.039,"[0.35, 0.84, 0.93, 0.63, 0.74]"
5,5,C17,True,"Yes, because with 5 firms, personalized recommendations are expected to significantly reduce search costs by minimizing the number of searches needed, likely offsetting the privacy cost of 0.044 based on past beneficial outcomes and maximizing expected revenue.",-1,"### Decision:
I'll **leave** (choose number -1) because: 
- The searched firm has negative profit (-0.03), indicating no immediate gain.
- As the highest-valuation firm in the personalized sequence, subsequent firms are likely to offer lower or negative profits, making further search or purchase inefficient and costly.","C17 Search #1 (Searched:1/5, SearchCost:0.00, BestProfit:-0.03@F1) → Leave Market",-0.04,0.044,"[0.22, 0.82, 0.4, 0.31, 0.04]"
5,5,C18,True,"Yes, because with 5 firms, personalized recommendations will likely minimize search costs significantly, exceeding my privacy value of 0.025 based on past experiences.",3,"### Decision:  
I'll **purchase Firm 3** (choose number 3) because:  
- It offers a positive profit of 0.08, which I must act on rationally as per my constraints.  
- Personalized recommendations sort by highest valuation first, making further search inefficient and unlikely to improve the deal significantly, especially with a search cost of 0.02.","C18 Search #1 (Searched:1/5, SearchCost:0.00, BestProfit:0.08@F3) → Purchase F3",0.05,0.025,"[0.51, 0.32, 0.79, 0.88, 0.55]"
5,5,C19,True,"Yes, because with 5 firms, personalized recommendations significantly reduce expected search costs, likely exceeding the 0.045 privacy cost based on past positive outcomes and observed benefits from other consumers.",3,"### Decision:
I'll **purchase Firm 3** because: 
- It offers a positive profit of 0.06, ensuring immediate gain.
- Further searches cost 0.02 and are unlikely to yield better deals due to personalized sorting and diminishing returns.","C19 Search #1 (Searched:1/5, SearchCost:0.00, BestProfit:0.06@F3) → Purchase F3",0.01,0.045,"[0.77, 0.75, 0.23, 0.86, 0.11]"
5,5,C20,True,"Yes, because with 5 firms, personalized recommendations will likely reduce search costs more than the privacy cost of 0.038, based on past positive outcomes and efficient deal-finding.",4,"### Decision:  
I'll **purchase Firm 4** (choose number 4) because:  
- The firm offers a positive profit of 0.04, which I can secure immediately.  
- Searching further would cost 0.02 with likely diminishing returns due to personalized sorting, making it suboptimal.","C20 Search #1 (Searched:1/5, SearchCost:0.00, BestProfit:0.04@F4) → Purchase F4",0.0,0.038,"[0.83, 0.81, 0.13, 0.35, 0.84]"
5,6,C1,True,"Yes, because personalized recommendations with 5 firms significantly reduce expected search costs, likely exceeding the privacy cost of 0.042 based on past beneficial outcomes.",2,"### Decision:
I'll **purchase Firm 2** because: 
- The firm offers a positive profit of 0.10, ensuring an immediate gain.
- Further searching incurs a cost of 0.02 with low expected improvement due to valuation-sorted recommendations.","C1 Search #1 (Searched:1/5, SearchCost:0.00, BestProfit:0.10@F2) → Purchase F2",0.06,0.042,"[0.09, 0.53, 0.95, 0.85, 0.32]"
5,6,C2,True,"Yes, because with 5 firms, personalized recommendations will likely reduce search costs by more than the 0.03 privacy cost, minimizing searches needed and improving revenue potential, as supported by past positive outcomes and top consumer strategies.",-1,"### Decision:
I'll **leave** (choose number -1) because: 
- The searched firm has negative profit (-0.11), indicating no gain.
- With data-shared sorted recommendations, further firms have lower valuations, likely yielding worse or negative profits, making additional 0.02 search cost unprofitable.","C2 Search #1 (Searched:1/5, SearchCost:0.00, BestProfit:-0.11@F2) → Leave Market",-0.03,0.03,"[0.39, 0.23, 0.74, 0.39, 0.45]"
5,6,C3,True,"Yes, because historical data shows that sharing reduces search costs to nearly zero, exceeding the privacy cost of 0.028 and consistently maximizing revenue.",2,"### Decision:  
I'll **purchase Firm 2** (choose number 2) because:  
- The firm offers a positive profit of 0.14, which I must accept per my rational guidelines to avoid leaving without buying.  
- Searching another firm would cost 0.02 and likely yield diminishing or lower returns due to personalized sorting by highest value first.","C3 Search #1 (Searched:1/5, SearchCost:0.00, BestProfit:0.14@F2) → Purchase F2",0.11,0.028,"[0.83, 0.05, 0.99, 0.81, 0.88]"
5,6,C4,True,"Yes, because with 5 firms, personalized recommendations significantly reduce expected search costs and improve matching, likely outweighing the privacy cost of 0.048 based on past positive outcomes.",4,"### Decision:
I'll **purchase Firm 4** because: 
- Positive profit of 0.12 is available from the searched firm.
- With personalized recommendations from data sharing, additional searches are unlikely to yield a better deal due to sorting by highest value, and the 0.02 search cost would reduce net revenue.","C4 Search #1 (Searched:1/5, SearchCost:0.00, BestProfit:0.12@F4) → Purchase F4",0.07,0.048,"[0.28, 0.43, 0.29, 0.9, 0.97]"
5,6,C5,True,"Yes, because sharing data with 5 firms provides personalized recommendations that minimize search costs and maximize surplus, consistently outweighing the privacy cost of 0.046 based on past positive outcomes and efficient deal-finding.",4,"### Decision:  
I'll **purchase Firm 4** (choose number 4) because:  
- It offers a positive profit of 0.12 with no additional search cost, ensuring immediate gain.  
- With data sharing and sorted recommendations, it's likely the best option, making further search costly and unnecessary.","C5 Search #1 (Searched:1/5, SearchCost:0.00, BestProfit:0.12@F4) → Purchase F4",0.07,0.046,"[0.54, 0.61, 0.42, 0.76, 0.97]"
5,6,C6,True,"Yes, because personalized recommendations with 5 firms significantly reduce expected search costs, likely exceeding the privacy cost of 0.04 based on past successful outcomes with minimal searches.",3,"### Decision:  
I'll **purchase Firm 3** (choose number 3) because:  
- Firm 3 offers a positive profit of 0.11, ensuring a net gain after costs.  
- Additional searches cost 0.02 and are unlikely to improve profit due to the valuation-sorted sequence from data sharing.","C6 Search #1 (Searched:1/5, SearchCost:0.00, BestProfit:0.11@F3) → Purchase F3",0.07,0.04,"[0.44, 0.96, 0.05, 0.96, 0.01]"
5,6,C7,True,"Yes, because personalized recommendations with 5 firms will likely reduce search costs more than the 0.05 privacy cost, based on past experiences minimizing searches and maximizing revenue.",0,"### Decision:  
I'll **purchase Firm 0** (choose number 0) because:  
- The firm offers a positive profit of 0.02, requiring purchase as a rational consumer to avoid leaving without buying.  
- With data sharing sorting by highest valuation, further searches are unlikely to improve profit and would cost 0.02 unnecessarily.","C7 Search #1 (Searched:1/5, SearchCost:0.00, BestProfit:0.02@F0) → Purchase F0",-0.03,0.05,"[0.87, 0.85, 0.22, 0.83, 0.01]"
5,6,C8,True,"Yes, because with 5 firms, personalized recommendations significantly reduce expected search costs by minimizing searches, likely outweighing the privacy cost of 0.054 based on my consistent positive revenues from past sharing experiences.",4,"### Decision:
I'll **purchase Firm 4** (choose number 4) because: 
- It offers a positive profit of 0.06, ensuring an immediate gain.
- With personalized recommendations sorting firms by highest valuation, it is likely the best option, and further searches would incur a 0.02 cost with minimal expected improvement.","C8 Search #1 (Searched:1/5, SearchCost:0.00, BestProfit:0.06@F4) → Purchase F4",0.01,0.054,"[0.63, 0.52, 0.51, 0.84, 0.91]"
5,6,C9,True,"Yes, because with 5 firms, personalized recommendations significantly reduce expected search costs, likely saving more than the privacy cost of 0.041 based on past positive outcomes and minimized search efforts.",-1,"### Decision:
I'll **leave** (choose number -1) because: 
- The searched firm offers zero profit, yielding no gain from purchasing.
- Searching further costs 0.02 with low expected improvement due to personalized sorting by valuation, likely prioritizing the best options first.","C9 Search #1 (Searched:1/5, SearchCost:0.00, BestProfit:0.00@F1) → Leave Market",-0.04,0.041,"[0.02, 0.8, 0.5, 0.77, 0.61]"
5,6,C10,True,"Yes, because with 5 firms, personalized recommendations significantly reduce expected search costs by minimizing searches, likely outweighing the privacy cost of 0.046 based on past experiences where sharing data led to efficient decisions.",1,"### Decision:
I'll **purchase Firm 1** (choose number 1) because: 
- It offers a positive profit of 0.01, ensuring a net gain as per rational guidelines.
- Searching further would cost 0.02 with likely lower or negative profits due to personalized ordering.","C10 Search #1 (Searched:1/5, SearchCost:0.00, BestProfit:0.01@F1) → Purchase F1",-0.04,0.046,"[0.79, 0.81, 0.5, 0.14, 0.41]"
5,6,C11,True,"Yes, because with 5 firms, personalized recommendations significantly reduce expected search costs, likely exceeding the privacy cost of 0.025 based on past benefits and efficient deal-finding.",2,"### Decision:
I'll **purchase Firm 2** because: 
- It offers a positive profit of 0.04, requiring me to buy as a rational consumer.
- Further search costs 0.02 and is unlikely to yield a better deal given the valuation-sorted order.","C11 Search #1 (Searched:1/5, SearchCost:0.00, BestProfit:0.04@F2) → Purchase F2",0.02,0.025,"[0.46, 0.34, 0.89, 0.56, 0.17]"
5,6,C12,True,"Yes, because with 5 firms, personalized recommendations significantly reduce expected search costs, likely exceeding the privacy cost of 0.043, based on consistent past benefits and top consumers' experiences.",1,"### Decision:  
I'll **purchase Firm 1** (choose number 1) because:  
- The firm offers a positive profit of 0.14, ensuring a gain.  
- Searching further would cost 0.02 and likely yield a lower valuation and profit due to personalized sorting, reducing expected revenue.","C12 Search #1 (Searched:1/5, SearchCost:0.00, BestProfit:0.14@F1) → Purchase F1",0.1,0.043,"[0.07, 0.94, 0.55, 0.76, 0.53]"
5,6,C13,True,"Yes, because with 5 firms, personalized recommendations significantly reduce expected search costs (often to zero), likely exceeding the privacy cost of 0.047, as supported by consistent positive outcomes in past rounds and efficient revenue maximization.",2,"### Decision:
I'll **purchase Firm 2** because: 
- It offers a positive profit of 0.04, ensuring immediate gain.
- With personalized sorting by highest valuation, additional searches are unlikely to improve the deal, and the 0.02 search cost outweighs potential benefits.","C13 Search #1 (Searched:1/5, SearchCost:0.00, BestProfit:0.04@F2) → Purchase F2",-0.01,0.047,"[0.64, 0.28, 0.89, 0.33, 0.19]"
5,6,C14,True,"Yes, because with 5 firms, personalized recommendations significantly reduce expected search costs and improve product matching, outweighing the privacy cost of 0.035 based on past successful outcomes.",1,"### Decision:
I'll **purchase Firm 1** because: 
- It offers a positive profit of 0.19, and I must buy if positive profit is available.
- Searching another firm costs 0.02 with uncertain benefits, likely not worth the cost given personalized recommendations sorting by valuation.","C14 Search #1 (Searched:1/5, SearchCost:0.00, BestProfit:0.19@F1) → Purchase F1",0.15,0.035,"[0.83, 0.99, 0.7, 0.29, 0.3]"
5,6,C15,True,"Yes, because with 5 firms, personalized recommendations significantly reduce expected search costs by minimizing additional searches, likely outweighing the privacy cost of 0.045 based on past beneficial experiences where sharing led to efficient deal-finding and positive revenue.",1,"### Decision:  
I'll **purchase Firm 1** (choose number 1) because:  
- Firm 1 offers a positive profit of 0.16, which I must utilize as a rational consumer.  
- With personalized recommendations from data sharing, it is likely the best option, and further search costing 0.02 offers low expected gain.","C15 Search #1 (Searched:1/5, SearchCost:0.00, BestProfit:0.16@F1) → Purchase F1",0.11,0.045,"[0.29, 0.96, 0.73, 0.27, 0.43]"
5,6,C16,True,"Yes, because historical data and personalized recommendations with 5 firms consistently reduce search costs, likely exceeding the privacy cost of 0.039 and maximizing revenue.",2,"### Decision:  
I'll **purchase Firm 2** (choose number 2) because:  
- The firm offers a positive profit of 0.08, ensuring an immediate gain.  
- Further search costs 0.02 and is unlikely to yield a better profit, given the personalized descending valuation order.","C16 Search #1 (Searched:1/5, SearchCost:0.00, BestProfit:0.08@F2) → Purchase F2",0.04,0.039,"[0.35, 0.84, 0.93, 0.63, 0.74]"
5,6,C17,True,"Yes, because with 5 firms, personalized recommendations are expected to significantly reduce search costs, likely exceeding the privacy cost of 0.044 based on past positive outcomes and revenue maximization.",1,"### Decision:
I'll **purchase Firm 1** (choose number 1) because: 
- The firm offers a positive profit of 0.02, ensuring I do not leave without buying as per rationality.
- Searching another firm costs 0.02 and is unlikely to yield better profit due to decreasing valuations in the sorted sequence.","C17 Search #1 (Searched:1/5, SearchCost:0.00, BestProfit:0.02@F1) → Purchase F1",-0.02,0.044,"[0.22, 0.82, 0.4, 0.31, 0.04]"
5,6,C18,True,"Yes, because personalized recommendations with 5 firms likely reduce search costs significantly, exceeding the privacy cost of 0.025 based on past beneficial outcomes.",3,"### Decision:  
I'll **purchase Firm 3** (choose number 3) because:  
- It offers a positive profit of 0.03, which I must act on rationally as per my constraints.  
- Personalized recommendations sort by highest valuation first, making further search inefficient and unlikely to improve the deal significantly, especially with a search cost of 0.02.","C18 Search #1 (Searched:1/5, SearchCost:0.00, BestProfit:0.03@F3) → Purchase F3",0.01,0.025,"[0.51, 0.32, 0.79, 0.88, 0.55]"
5,6,C19,True,"Yes, because with 5 firms, personalized recommendations significantly reduce search costs and improve product matching, likely outweighing the 0.045 privacy cost based on past positive outcomes.",3,"### Decision:
I'll **purchase Firm 3** because: 
- It offers a positive profit of 0.01, ensuring I adhere to the rationality rule of not leaving without buying when profit is positive.
- Searching further costs 0.02 and is unlikely to yield a better deal, given the personalized sorting and potential diminishing returns.","C19 Search #1 (Searched:1/5, SearchCost:0.00, BestProfit:0.01@F3) → Purchase F3",-0.03,0.045,"[0.77, 0.75, 0.23, 0.86, 0.11]"
5,6,C20,True,"Yes, because with 5 firms, personalized recommendations are likely to reduce search costs more than my privacy cost of 0.038, based on past experiences minimizing searches.",-1,"### Decision:  
I'll **leave** (choose number -1) because:  
- The only searched firm has negative profit (-0.01), indicating no gain.  
- With personalized recommendations, this is the best firm; further searches would cost 0.02 with likely worse outcomes.","C20 Search #1 (Searched:1/5, SearchCost:0.00, BestProfit:-0.01@F4) → Leave Market",-0.04,0.038,"[0.83, 0.81, 0.13, 0.35, 0.84]"
5,7,C1,True,"Yes, because with 5 firms, personalized recommendations significantly reduce expected search costs, likely exceeding the privacy cost of 0.042 based on past beneficial outcomes that minimized searches and maximized revenue.",2,"### Decision:
I'll **purchase Firm 2** because: 
- The firm offers a positive profit of 0.15, ensuring an immediate gain.
- Further searching incurs a cost of 0.02 with low expected improvement due to valuation-sorted recommendations.","C1 Search #1 (Searched:1/5, SearchCost:0.00, BestProfit:0.15@F2) → Purchase F2",0.11,0.042,"[0.09, 0.53, 0.95, 0.85, 0.32]"
5,7,C2,True,"Yes, because with 5 firms, personalized recommendations will likely reduce search costs significantly and improve matching, outweighing the 0.03 privacy cost based on past positive outcomes and top consumer results.",-1,"### Decision:
I'll **leave** (choose number -1) because: 
- The searched firm has negative profit (-0.06), offering no gain.
- With data-shared sorted recommendations, further searches are likely to yield worse profits, and the 0.02 cost makes it unprofitable.","C2 Search #1 (Searched:1/5, SearchCost:0.00, BestProfit:-0.06@F2) → Leave Market",-0.03,0.03,"[0.39, 0.23, 0.74, 0.39, 0.45]"
5,7,C3,True,"Yes, because the expected reduction in search costs from personalized recommendations with 5 firms outweighs the privacy cost of 0.028, based on consistent past benefits.",2,"### Decision:  
I'll **purchase Firm 2** (choose number 2) because:  
- The firm offers a positive profit of 0.19, which I must accept per rational guidelines to avoid leaving without buying.  
- Searching another firm would cost 0.02 and likely yield diminishing or lower returns due to personalized sorting by highest valuation first.","C3 Search #1 (Searched:1/5, SearchCost:0.00, BestProfit:0.19@F2) → Purchase F2",0.16,0.028,"[0.83, 0.05, 0.99, 0.81, 0.88]"
5,7,C4,True,"Yes, because personalized recommendations with 5 firms significantly reduce expected search costs to nearly zero, improving deal quality and likely outweighing the privacy cost of 0.048 based on consistent positive outcomes in past rounds and among top consumers.",4,"### Decision:
I'll **purchase Firm 4** because: 
- Positive profit of 0.17 is available from the searched firm.
- With personalized recommendations from data sharing, additional searches are unlikely to yield a better deal due to descending value sorting, and the 0.02 search cost would reduce net revenue.","C4 Search #1 (Searched:1/5, SearchCost:0.00, BestProfit:0.17@F4) → Purchase F4",0.12,0.048,"[0.28, 0.43, 0.29, 0.9, 0.97]"
5,7,C5,True,"Yes, because sharing data with 5 firms provides personalized recommendations that minimize search costs and maximize surplus, consistently outweighing the privacy cost of 0.046 based on past positive outcomes and efficient deal-finding.",4,"### Decision:  
I'll **purchase Firm 4** (choose number 4) because:  
- It offers a positive profit of 0.17 with no additional search cost.  
- With data sharing and sorted recommendations, it's likely the best option, making further search unnecessary and costly.","C5 Search #1 (Searched:1/5, SearchCost:0.00, BestProfit:0.17@F4) → Purchase F4",0.12,0.046,"[0.54, 0.61, 0.42, 0.76, 0.97]"
5,7,C6,True,"Yes, because personalized recommendations with 5 firms significantly reduce expected search costs, likely exceeding the privacy cost of 0.04 based on past successful outcomes with minimal searches and positive revenue.",3,"### Decision:  
I'll **purchase Firm 3** (choose number 3) because:  
- Firm 3 offers a positive profit of 0.16, ensuring a net gain after costs.  
- Additional searches cost 0.02 and are unlikely to yield a better profit due to the valuation-sorted sequence from data sharing.","C6 Search #1 (Searched:1/5, SearchCost:0.00, BestProfit:0.16@F3) → Purchase F3",0.12,0.04,"[0.44, 0.96, 0.05, 0.96, 0.01]"
5,7,C7,True,"Yes, because with 5 firms, personalized recommendations significantly reduce expected search costs, likely saving more than the 0.05 privacy cost based on past experiences where sharing minimized searches and ensured positive revenue.",0,"### Decision:
I'll **purchase Firm 0** (choose number 0) because: 
- The firm offers a positive profit of 0.02, requiring purchase as a rational consumer to avoid leaving without buying.
- With data sharing sorting by highest valuation, further searches are unlikely to improve profit and would cost 0.02 unnecessarily.","C7 Search #1 (Searched:1/5, SearchCost:0.00, BestProfit:0.02@F0) → Purchase F0",-0.03,0.05,"[0.87, 0.85, 0.22, 0.83, 0.01]"
5,7,C8,True,"Yes, because personalized recommendations with 5 firms significantly reduce expected search costs, offsetting the privacy cost of 0.054 based on consistent positive revenues from past sharing experiences.",4,"### Decision:  
I'll **purchase Firm 4** (choose number 4) because:  
- It offers a positive profit of 0.11, ensuring an immediate gain.  
- With personalized recommendations sorting firms by highest valuation, it is likely the best option, and further searches would incur a 0.02 cost with minimal expected improvement.","C8 Search #1 (Searched:1/5, SearchCost:0.00, BestProfit:0.11@F4) → Purchase F4",0.06,0.054,"[0.63, 0.52, 0.51, 0.84, 0.91]"
5,7,C9,True,"Yes, because with 5 firms, personalized recommendations significantly reduce expected search costs, likely outweighing the privacy cost of 0.041 based on past positive outcomes and minimized search efforts.",-1,"### Decision:
I'll **leave** (choose number -1) because: 
- The searched firm has negative profit (-0.05), indicating no gain from purchasing.
- With personalized recommendations sorting by valuation, further searches are unlikely to yield positive profit, and the 0.02 search cost risks reducing revenue.","C9 Search #1 (Searched:1/5, SearchCost:0.00, BestProfit:-0.05@F1) → Leave Market",-0.04,0.041,"[0.02, 0.8, 0.5, 0.77, 0.61]"
5,7,C10,True,"Yes, because with 5 firms, personalized recommendations minimize search costs, likely outweighing the privacy cost of 0.046 based on past efficient decisions.",-1,"### Decision:  
I'll **leave** (choose number -1) because:  
- The searched firm has a negative profit of -0.04, so purchasing would result in a net loss.  
- Searching another firm costs 0.02 with low expected benefit, as personalized recommendations indicate diminishing returns on valuation and profit.","C10 Search #1 (Searched:1/5, SearchCost:0.00, BestProfit:-0.04@F1) → Leave Market",-0.05,0.046,"[0.79, 0.81, 0.5, 0.14, 0.41]"
5,7,C11,True,"Yes, because with 5 firms, personalized recommendations from sharing data significantly reduce expected search costs, likely exceeding the privacy cost of 0.025 based on past beneficial outcomes where minimal searches maximized revenue.",2,"### Decision:
I'll **purchase Firm 2** because: 
- It offers a positive profit of 0.09, requiring me to buy as a rational consumer.
- Further search costs 0.02 and is unlikely to yield a better deal given the valuation-sorted order.","C11 Search #1 (Searched:1/5, SearchCost:0.00, BestProfit:0.09@F2) → Purchase F2",0.06,0.025,"[0.46, 0.34, 0.89, 0.56, 0.17]"
5,7,C12,True,"Yes, because with 5 firms, personalized recommendations significantly reduce expected search costs, likely exceeding the privacy cost of 0.043, based on consistent past benefits and top consumers' positive outcomes.",1,"### Decision:  
I'll **purchase Firm 1** (choose number 1) because:  
- The firm offers a positive profit of 0.09, ensuring a gain.  
- Searching further would cost 0.02 and likely yield a lower profit due to personalized valuation sorting, reducing expected revenue.","C12 Search #1 (Searched:1/5, SearchCost:0.00, BestProfit:0.09@F1) → Purchase F1",0.05,0.043,"[0.07, 0.94, 0.55, 0.76, 0.53]"
5,7,C13,True,"Yes, because with 5 firms, personalized recommendations significantly reduce expected search costs, likely exceeding the privacy cost of 0.047 based on past positive outcomes and efficient revenue maximization.",2,"### Decision:
I'll **purchase Firm 2** because: 
- It offers a positive profit of 0.09, ensuring immediate gain.
- With personalized sorting by highest valuation, additional searches are unlikely to improve the deal, and the 0.02 search cost outweighs potential benefits.","C13 Search #1 (Searched:1/5, SearchCost:0.00, BestProfit:0.09@F2) → Purchase F2",0.04,0.047,"[0.64, 0.28, 0.89, 0.33, 0.19]"
5,7,C14,True,"Yes, because with 5 firms, personalized recommendations significantly reduce expected search costs, likely outweighing the privacy cost of 0.035 based on consistent positive outcomes from past rounds and top consumer strategies.",1,"### Decision:
I'll **purchase Firm 1** because: 
- It offers a positive profit of 0.14, and I must buy if positive profit is available.
- Searching another firm costs 0.02 with uncertain benefits, likely not worth the cost given personalized recommendations sorting by valuation.","C14 Search #1 (Searched:1/5, SearchCost:0.00, BestProfit:0.14@F1) → Purchase F1",0.11,0.035,"[0.83, 0.99, 0.7, 0.29, 0.3]"
5,7,C15,True,"Yes, because personalized recommendations with 5 firms significantly reduce expected search costs and improve product matching, consistently outweighing the privacy cost of 0.045 based on past positive revenue outcomes.",1,"### Decision:  
I'll **purchase Firm 1** (choose number 1) because:  
- Firm 1 offers a positive profit of 0.11, which I must utilize as a rational consumer.  
- With personalized recommendations from data sharing, it is likely the best option, and further search costing 0.02 offers low expected gain.","C15 Search #1 (Searched:1/5, SearchCost:0.00, BestProfit:0.11@F1) → Purchase F1",0.06,0.045,"[0.29, 0.96, 0.73, 0.27, 0.43]"
5,7,C16,True,"Yes, because historical data shows that sharing data with 5 firms significantly reduces search costs and maximizes revenue, outweighing the privacy cost of 0.039.",2,"### Decision:  
I'll **purchase Firm 2** (choose number 2) because:  
- The firm offers a positive profit of 0.13, ensuring an immediate gain.  
- Further search costs 0.02 and is unlikely to yield a better profit, given the personalized descending valuation order and potential search cost outweighing benefits.","C16 Search #1 (Searched:1/5, SearchCost:0.00, BestProfit:0.13@F2) → Purchase F2",0.09,0.039,"[0.35, 0.84, 0.93, 0.63, 0.74]"
5,7,C17,True,"Yes, because with 5 firms, personalized recommendations significantly reduce expected search costs and improve product matching, likely outweighing the privacy cost of 0.044 based on past positive outcomes and revenue maximization.",-1,"### Decision:
I'll **leave** (choose number -1) because: 
- The searched firm has negative profit (-0.03), offering no gain.
- As the highest-valuation firm in the personalized sequence, subsequent firms are likely to have lower or negative profits, making further search or purchase inefficient.","C17 Search #1 (Searched:1/5, SearchCost:0.00, BestProfit:-0.03@F1) → Leave Market",-0.04,0.044,"[0.22, 0.82, 0.4, 0.31, 0.04]"
5,7,C18,True,"Yes, because with 5 firms, personalized recommendations significantly reduce expected search costs, likely saving more than the privacy cost of 0.025 based on past successful experiences.",3,"### Decision:  
I'll **purchase Firm 3** (choose number 3) because:  
- It offers a positive profit of 0.08, requiring purchase per rationality.  
- Personalized recommendations sort by highest value first, making further search inefficient with a search cost of 0.02.","C18 Search #1 (Searched:1/5, SearchCost:0.00, BestProfit:0.08@F3) → Purchase F3",0.05,0.025,"[0.51, 0.32, 0.79, 0.88, 0.55]"
5,7,C19,True,"Yes, because personalized recommendations with 5 firms significantly reduce expected search costs and improve product matching, likely outweighing the privacy cost of 0.045 based on past positive outcomes and observed benefits from other consumers.",3,"### Decision:
I'll **purchase Firm 3** because: 
- It offers a positive profit of 0.06, ensuring immediate gain and adhering to rationality.
- Further searches cost 0.02 and are unlikely to yield better deals due to personalized sorting by highest valuation, making additional costs unjustified.","C19 Search #1 (Searched:1/5, SearchCost:0.00, BestProfit:0.06@F3) → Purchase F3",0.01,0.045,"[0.77, 0.75, 0.23, 0.86, 0.11]"
5,7,C20,True,"Yes, because personalized recommendations from sharing data significantly reduce expected search costs with 5 firms, likely outweighing the privacy cost of 0.038 based on past experiences minimizing searches and maximizing revenue.",4,"### Decision:  
I'll **purchase Firm 4** (choose number 4) because:  
- The firm offers a positive profit of 0.04, which I can secure immediately.  
- Searching further would cost 0.02 with likely lower or negative profits due to personalized sorting, making it suboptimal.","C20 Search #1 (Searched:1/5, SearchCost:0.00, BestProfit:0.04@F4) → Purchase F4",0.0,0.038,"[0.83, 0.81, 0.13, 0.35, 0.84]"
5,8,C1,True,"Yes, because personalized recommendations with 5 firms significantly reduce expected search costs, likely exceeding the privacy cost of 0.042 based on consistent past benefits and minimized searches.",2,"### Decision:
I'll **purchase Firm 2** because: 
- The firm offers a positive profit of 0.10, ensuring an immediate gain as per my rational decision rule.
- Further searching incurs a cost of 0.02 with low expected improvement due to valuation-sorted recommendations from data sharing.","C1 Search #1 (Searched:1/5, SearchCost:0.00, BestProfit:0.10@F2) → Purchase F2",0.06,0.042,"[0.09, 0.53, 0.95, 0.85, 0.32]"
5,8,C2,True,"Yes, because personalized recommendations with 5 firms likely reduce search costs by more than the 0.03 privacy cost, based on past benefits and top consumer outcomes.",-1,"### Decision:
I'll **leave** (choose number -1) because: 
- The searched firm has negative profit (-0.11), and as the highest-valued option due to sorted recommendations, further options are unlikely to improve.
- Searching costs 0.02 with minimal chance of positive gain, making it unprofitable to continue.","C2 Search #1 (Searched:1/5, SearchCost:0.00, BestProfit:-0.11@F2) → Leave Market",-0.03,0.03,"[0.39, 0.23, 0.74, 0.39, 0.45]"
5,8,C3,True,"Yes, because historical evidence shows that personalized recommendations significantly reduce search costs, outweighing the privacy cost of 0.028 and consistently maximizing revenue.",2,"### Decision:  
I'll **purchase Firm 2** (choose number 2) because:  
- The firm offers a positive profit of 0.14, which I must accept per rational guidelines to avoid leaving without buying.  
- Searching another firm would cost 0.02 and likely yield diminishing or lower returns due to personalized sorting by highest valuation first.","C3 Search #1 (Searched:1/5, SearchCost:0.00, BestProfit:0.14@F2) → Purchase F2",0.11,0.028,"[0.83, 0.05, 0.99, 0.81, 0.88]"
5,8,C4,True,"Yes, because personalized recommendations with 5 firms significantly reduce expected search costs, outweighing the 0.048 privacy cost based on consistent past benefits and efficient deal-finding.",4,"### Decision:
I'll **purchase Firm 4** because: 
- Positive profit of 0.12 is available from the searched firm.
- With personalized recommendations from data sharing, additional searches are unlikely to yield a better deal due to descending valuation sorting, and the 0.02 search cost would reduce net revenue.","C4 Search #1 (Searched:1/5, SearchCost:0.00, BestProfit:0.12@F4) → Purchase F4",0.07,0.048,"[0.28, 0.43, 0.29, 0.9, 0.97]"
5,8,C5,True,"Yes, because sharing data with 5 firms provides personalized recommendations that minimize search costs and maximize surplus, consistently outweighing the privacy cost of 0.046 based on past positive outcomes.",4,"### Decision:  
I'll **purchase Firm 4** (choose number 4) because:  
- It offers a positive profit of 0.12 with no additional search cost, ensuring immediate gain.  
- With data sharing and sorted recommendations, it's likely the best option, making further search costly and unnecessary.","C5 Search #1 (Searched:1/5, SearchCost:0.00, BestProfit:0.12@F4) → Purchase F4",0.07,0.046,"[0.54, 0.61, 0.42, 0.76, 0.97]"
5,8,C6,True,"Yes, because personalized recommendations with 5 firms consistently reduce search costs and improve outcomes, outweighing the privacy cost of 0.04 based on past positive experiences.",3,"### Decision:  
I'll **purchase Firm 3** (choose number 3) because:  
- Firm 3 offers a positive profit of 0.11, ensuring a net gain after costs.  
- Additional searches cost 0.02 and are unlikely to yield better profit due to the valuation-sorted sequence from data sharing.","C6 Search #1 (Searched:1/5, SearchCost:0.00, BestProfit:0.11@F3) → Purchase F3",0.07,0.04,"[0.44, 0.96, 0.05, 0.96, 0.01]"
5,8,C7,True,"Yes, because with 5 firms, personalized recommendations sort products by highest valuation, minimizing search costs and likely increasing expected revenue, outweighing the 0.05 privacy cost based on past experiences and observed consumer benefits.",0,"### Decision:  
I'll **purchase Firm 0** (choose number 0) because:  
- The firm offers a positive profit of 0.07, requiring purchase as a rational consumer to avoid leaving without buying.  
- With data sharing sorting by highest valuation, further searches are unlikely to improve profit and would cost 0.02 unnecessarily.","C7 Search #1 (Searched:1/5, SearchCost:0.00, BestProfit:0.07@F0) → Purchase F0",0.02,0.05,"[0.87, 0.85, 0.22, 0.83, 0.01]"
5,8,C8,True,"Yes, because personalized recommendations with 5 firms consistently reduce search costs and have led to positive revenues in past rounds, outweighing the privacy cost of 0.054.",4,"### Decision:  
I'll **purchase Firm 4** (choose number 4) because:  
- It offers a positive profit of 0.06, ensuring an immediate gain.  
- With personalized recommendations sorting firms by highest valuation, it is likely the best option, and further searches would incur a 0.02 cost with minimal expected improvement.","C8 Search #1 (Searched:1/5, SearchCost:0.00, BestProfit:0.06@F4) → Purchase F4",0.01,0.054,"[0.63, 0.52, 0.51, 0.84, 0.91]"
5,8,C9,True,"Yes, because with 5 firms, personalized recommendations significantly reduce expected search costs and improve product matching, likely outweighing the low privacy cost of 0.041 based on past positive outcomes.",-1,"### Decision:
I'll **leave** (choose number -1) because: 
- The searched firm offers zero profit, yielding no gain from purchasing.
- Searching further costs 0.02 with low expected improvement due to personalized recommendations sorting by valuation.","C9 Search #1 (Searched:1/5, SearchCost:0.00, BestProfit:0.00@F1) → Leave Market",-0.04,0.041,"[0.02, 0.8, 0.5, 0.77, 0.61]"
5,8,C10,True,"Yes, because with 5 firms, personalized recommendations significantly reduce expected search costs, outweighing the privacy cost of 0.046 based on past efficient outcomes and consistent benefits from minimal searches.",1,"### Decision:  
I'll **purchase Firm 1** (choose number 1) because:  
- It offers a positive profit of 0.01, ensuring a net gain as per rational guidelines.  
- Searching further costs 0.02 with likely lower or negative returns due to personalized recommendations.","C10 Search #1 (Searched:1/5, SearchCost:0.00, BestProfit:0.01@F1) → Purchase F1",-0.04,0.046,"[0.79, 0.81, 0.5, 0.14, 0.41]"
5,8,C11,True,"Yes, because personalized recommendations with 5 firms significantly reduce expected search costs, outweighing the privacy cost of 0.025 based on past benefits and efficient deal-finding.",2,"### Decision:  
I'll **purchase Firm 2** because:  
- It offers a positive profit of 0.04, requiring me to buy as a rational consumer.  
- Further search costs 0.02 and is unlikely to yield a better deal given the valuation-sorted order.","C11 Search #1 (Searched:1/5, SearchCost:0.00, BestProfit:0.04@F2) → Purchase F2",0.02,0.025,"[0.46, 0.34, 0.89, 0.56, 0.17]"
5,8,C12,True,"Yes, because with 5 firms, personalized recommendations significantly reduce expected search costs and improve deal quality, outweighing the privacy cost of 0.043 based on consistent past benefits and positive revenues from data sharing.",1,"### Decision:  
I'll **purchase Firm 1** (choose number 1) because:  
- The firm offers a positive profit of 0.14, ensuring a gain.  
- Searching further would cost 0.02 and likely yield lower profit due to valuation sorting, reducing expected revenue.","C12 Search #1 (Searched:1/5, SearchCost:0.00, BestProfit:0.14@F1) → Purchase F1",0.1,0.043,"[0.07, 0.94, 0.55, 0.76, 0.53]"
5,8,C13,True,"Yes, because with 5 firms, personalized recommendations significantly reduce expected search costs (often to zero), likely exceeding the privacy cost of 0.047, based on consistent past benefits and efficient revenue maximization.",2,"### Decision:
I'll **purchase Firm 2** because: 
- It offers a positive profit of 0.04, ensuring immediate gain.
- With personalized sorting by highest valuation, additional searches are unlikely to improve the deal, and the 0.02 search cost outweighs potential benefits.","C13 Search #1 (Searched:1/5, SearchCost:0.00, BestProfit:0.04@F2) → Purchase F2",-0.01,0.047,"[0.64, 0.28, 0.89, 0.33, 0.19]"
5,8,C14,True,"Yes, because with 5 firms, personalized recommendations significantly reduce expected search costs and improve product matching, outweighing the privacy cost of 0.035 based on consistent past benefits and top consumer strategies.",1,"### Decision:
I'll **purchase Firm 1** because: 
- It offers a positive profit of 0.19, and I must buy if positive profit is available.
- Searching another firm costs 0.02 with uncertain and likely lower benefits, given the personalized sorting by valuation.","C14 Search #1 (Searched:1/5, SearchCost:0.00, BestProfit:0.19@F1) → Purchase F1",0.15,0.035,"[0.83, 0.99, 0.7, 0.29, 0.3]"
5,8,C15,True,"Yes, because personalized recommendations with 5 firms significantly reduce expected search costs, consistently outweighing the privacy cost of 0.045 based on past positive revenue outcomes.",1,"### Decision:  
I'll **purchase Firm 1** (choose number 1) because:  
- Firm 1 offers a positive profit of 0.16, which I must utilize as a rational consumer.  
- With personalized recommendations from data sharing, it is likely the best option, and further search costing 0.02 offers low expected gain.","C15 Search #1 (Searched:1/5, SearchCost:0.00, BestProfit:0.16@F1) → Purchase F1",0.11,0.045,"[0.29, 0.96, 0.73, 0.27, 0.43]"
5,8,C16,True,"Yes, because historical data consistently shows that sharing data with 5 firms reduces search costs and maximizes revenue, outweighing the privacy cost of 0.039.",2,"### Decision:  
I'll **purchase Firm 2** (choose number 2) because:  
- The firm offers a positive profit of 0.08, ensuring an immediate gain.  
- Further search costs 0.02 and is unlikely to yield a better profit, given the personalized descending valuation order and historical patterns.","C16 Search #1 (Searched:1/5, SearchCost:0.00, BestProfit:0.08@F2) → Purchase F2",0.04,0.039,"[0.35, 0.84, 0.93, 0.63, 0.74]"
5,8,C17,True,"Yes, because with 5 firms, personalized recommendations significantly reduce expected search costs and improve product matching, outweighing the privacy cost of 0.044 based on past beneficial outcomes and revenue maximization.",1,"### Decision:  
I'll **purchase Firm 1** (choose number 1) because:  
- The firm offers a positive profit of 0.02, ensuring I do not leave without buying as per rationality.  
- Searching another firm costs 0.02 and is unlikely to yield better profit due to decreasing valuations in the personalized sequence.","C17 Search #1 (Searched:1/5, SearchCost:0.00, BestProfit:0.02@F1) → Purchase F1",-0.02,0.044,"[0.22, 0.82, 0.4, 0.31, 0.04]"
5,8,C18,True,"Yes, because sharing data has consistently reduced search costs and provided high-value deals with minimal searches in past rounds, and the expected savings likely exceed the privacy cost of 0.025.",3,"### Decision:  
I'll **purchase Firm 3** (choose number 3) because:  
- It offers a positive profit of 0.03, which I must act on rationally.  
- Personalized recommendations sort by highest value first, making further search inefficient and costly at 0.02.","C18 Search #1 (Searched:1/5, SearchCost:0.00, BestProfit:0.03@F3) → Purchase F3",0.01,0.025,"[0.51, 0.32, 0.79, 0.88, 0.55]"
5,8,C19,True,"Yes, because personalized recommendations with 5 firms significantly reduce expected search costs and improve deal quality, likely outweighing the privacy cost of 0.045 based on consistent past benefits and observed outcomes from other consumers.",3,"### Decision:
I'll **purchase Firm 3** because: 
- It offers a positive profit of 0.01, adhering to rationality by not leaving without buying when profit is positive.
- Further searches cost 0.02 and are unlikely to yield better deals due to personalized sorting by highest valuation.","C19 Search #1 (Searched:1/5, SearchCost:0.00, BestProfit:0.01@F3) → Purchase F3",-0.03,0.045,"[0.77, 0.75, 0.23, 0.86, 0.11]"
5,8,C20,True,"Yes, because the expected reduction in search costs from personalized recommendations with 5 firms likely exceeds the privacy cost of 0.038, based on past experiences minimizing searches and maximizing revenue.",-1,Defaulted after 3 fails. Best Profit: -0.01 -> Choice: -1,"C20 Search #1 (Searched:1/5, SearchCost:0.00, BestProfit:-0.01@F4) → Leave Market",-0.04,0.038,"[0.83, 0.81, 0.13, 0.35, 0.84]"
5,9,C1,True,"Yes, because personalized recommendations with 5 firms significantly reduce expected search costs, likely exceeding the privacy cost of 0.042 based on consistent past benefits and maximized revenue.",2,"### Decision:
I'll **purchase Firm 2** because: 
- The firm offers a positive profit of 0.10, ensuring an immediate gain as per my rational decision rule.
- Further searching incurs a cost of 0.02 with low expected improvement due to valuation-sorted recommendations.","C1 Search #1 (Searched:1/5, SearchCost:0.00, BestProfit:0.10@F2) → Purchase F2",0.06,0.042,"[0.09, 0.53, 0.95, 0.85, 0.32]"
5,9,C2,True,"Yes, because with 5 firms, personalized recommendations significantly reduce expected search costs, likely outweighing the 0.03 privacy cost based on past positive outcomes and top consumer strategies.",-1,"### Decision:
I'll **leave** (choose number -1) because: 
- The searched firm has negative profit (-0.11), offering no immediate gain.
- With data-shared sorted recommendations, further firms have lower valuations, likely yielding worse or negative profits, making the 0.02 search cost unprofitable.","C2 Search #1 (Searched:1/5, SearchCost:0.00, BestProfit:-0.11@F2) → Leave Market",-0.03,0.03,"[0.39, 0.23, 0.74, 0.39, 0.45]"
5,9,C3,True,"Yes, because the expected reduction in search costs from personalized recommendations with 5 firms likely exceeds the privacy cost of 0.028, based on consistent historical benefits and minimized searches in past rounds.",2,"### Decision:  
I'll **purchase Firm 2** (choose number 2) because:  
- The firm offers a positive profit of 0.14, which I must accept per rational guidelines to avoid leaving without buying.  
- Searching another firm would cost 0.02 and likely yield diminishing or lower returns due to personalized sorting by highest valuation first.","C3 Search #1 (Searched:1/5, SearchCost:0.00, BestProfit:0.14@F2) → Purchase F2",0.11,0.028,"[0.83, 0.05, 0.99, 0.81, 0.88]"
5,9,C4,True,"Yes, because personalized recommendations with 5 firms significantly reduce expected search costs, outweighing the 0.048 privacy cost based on consistent past positive outcomes and efficient revenue maximization.",4,"### Decision:
I'll **purchase Firm 4** because: 
- Positive profit of 0.17 is available from the searched firm.
- With personalized recommendations from data sharing, additional searches are unlikely to yield a better deal due to descending valuation sorting, and the 0.02 search cost would reduce net revenue.","C4 Search #1 (Searched:1/5, SearchCost:0.00, BestProfit:0.17@F4) → Purchase F4",0.12,0.048,"[0.28, 0.43, 0.29, 0.9, 0.97]"
5,9,C5,True,"Yes, because sharing data with 5 firms consistently reduces search costs to zero after the first free search and provides high surplus, outweighing the privacy cost of 0.046 based on past positive outcomes and maximizing expected revenue.",4,"### Decision:  
I'll **purchase Firm 4** (choose number 4) because:  
- It offers a positive profit of 0.17 with no additional search cost.  
- With data sharing and sorted recommendations, it's likely the best option, making further search unnecessary and costly.","C5 Search #1 (Searched:1/5, SearchCost:0.00, BestProfit:0.17@F4) → Purchase F4",0.12,0.046,"[0.54, 0.61, 0.42, 0.76, 0.97]"
5,9,C6,True,"Yes, because personalized recommendations with 5 firms significantly reduce expected search costs, consistently outweighing the privacy cost of 0.04 based on past positive outcomes and efficient deal-finding.",3,"### Decision:  
I'll **purchase Firm 3** (choose number 3) because:  
- Firm 3 offers a positive profit of 0.11, ensuring a net gain after costs.  
- Additional searches cost 0.02 and are unlikely to yield better profit due to the valuation-sorted sequence from data sharing.","C6 Search #1 (Searched:1/5, SearchCost:0.00, BestProfit:0.11@F3) → Purchase F3",0.07,0.04,"[0.44, 0.96, 0.05, 0.96, 0.01]"
5,9,C7,True,"Yes, because with 5 firms, personalized recommendations will likely reduce search costs more than the 0.05 privacy cost, based on past experiences minimizing searches and maximizing revenue.",0,"### Decision:
I'll **purchase Firm 0** (choose number 0) because: 
- The firm offers a positive profit of 0.02, requiring purchase as a rational consumer to avoid leaving without buying.
- With data sharing sorting by highest valuation, further searches are unlikely to improve profit and would cost 0.02 unnecessarily.","C7 Search #1 (Searched:1/5, SearchCost:0.00, BestProfit:0.02@F0) → Purchase F0",-0.03,0.05,"[0.87, 0.85, 0.22, 0.83, 0.01]"
5,9,C8,True,"Yes, because personalized recommendations with 5 firms significantly reduce expected search costs, consistently leading to positive revenue in past experiences and outweighing the privacy cost of 0.054.",4,"### Decision:  
I'll **purchase Firm 4** (choose number 4) because:  
- It offers a positive profit of 0.11, ensuring an immediate gain.  
- With personalized recommendations sorting firms by highest valuation, it is likely the best option, and further searches would incur a 0.02 cost with minimal expected improvement.","C8 Search #1 (Searched:1/5, SearchCost:0.00, BestProfit:0.11@F4) → Purchase F4",0.06,0.054,"[0.63, 0.52, 0.51, 0.84, 0.91]"
5,9,C9,True,"Yes, because with 5 firms, personalized recommendations significantly reduce expected search costs, likely outweighing the privacy cost of 0.041 based on past positive outcomes and minimized search efforts.",-1,"### Decision:
I'll **leave** (choose number -1) because: 
- The searched firm has negative profit (-0.05), indicating no gain from purchasing the best-valuation option.
- Searching further costs 0.02 with low expected profit improvement due to personalized sorting by valuation, risking additional loss.","C9 Search #1 (Searched:1/5, SearchCost:0.00, BestProfit:-0.05@F1) → Leave Market",-0.04,0.041,"[0.02, 0.8, 0.5, 0.77, 0.61]"
5,9,C10,True,"Yes, because personalized recommendations with 5 firms significantly reduce expected search costs and improve product matching, consistently outweighing the privacy cost of 0.046 based on past positive outcomes and top consumer strategies.",-1,"### Decision:  
I'll **leave** (choose number -1) because:  
- The only searched firm has a negative profit of -0.04, suggesting no good deals.  
- Searching another firm costs 0.02 with low expected benefit, as personalized recommendations imply diminishing valuation and profit.","C10 Search #1 (Searched:1/5, SearchCost:0.00, BestProfit:-0.04@F1) → Leave Market",-0.05,0.046,"[0.79, 0.81, 0.5, 0.14, 0.41]"
5,9,C11,True,"Yes, because with 5 firms, personalized recommendations significantly reduce expected search costs, likely exceeding the privacy cost of 0.025 based on past benefits and efficient deal-finding.",2,"### Decision:  
I'll **purchase Firm 2** because:  
- It offers a positive profit of 0.04, requiring me to buy as a rational consumer.  
- Further search costs 0.02 and is unlikely to yield a better deal given the valuation-sorted order.","C11 Search #1 (Searched:1/5, SearchCost:0.00, BestProfit:0.04@F2) → Purchase F2",0.02,0.025,"[0.46, 0.34, 0.89, 0.56, 0.17]"
5,9,C12,True,"Yes, because personalized recommendations with 5 firms significantly reduce expected search costs and improve matching, outweighing the privacy cost of 0.043 based on consistent past benefits and top consumers' positive outcomes.",1,"### Decision:  
I'll **purchase Firm 1** (choose number 1) because:  
- The firm offers a positive profit of 0.09, ensuring a gain.  
- Searching further would cost 0.02 and likely yield lower profit due to personalized valuation sorting, reducing expected revenue.","C12 Search #1 (Searched:1/5, SearchCost:0.00, BestProfit:0.09@F1) → Purchase F1",0.05,0.043,"[0.07, 0.94, 0.55, 0.76, 0.53]"
5,9,C13,True,"Yes, because with 5 firms, personalized recommendations significantly reduce expected search costs (often to zero), likely exceeding the privacy cost of 0.047, as supported by consistent positive outcomes in past rounds and efficient revenue maximization.",2,"### Decision:  
I'll **purchase Firm 2** because:  
- It offers a positive profit of 0.04, ensuring immediate gain as per rationality.  
- With personalized sorting by highest valuation, additional searches are unlikely to improve the deal, and the 0.02 search cost outweighs potential benefits.","C13 Search #1 (Searched:1/5, SearchCost:0.00, BestProfit:0.04@F2) → Purchase F2",-0.01,0.047,"[0.64, 0.28, 0.89, 0.33, 0.19]"
5,9,C14,True,"Yes, because historical data sharing has consistently reduced search costs and yielded positive net revenue, outweighing the privacy cost of 0.035, as evidenced by my past outcomes and top consumer strategies.",1,"### Decision:
I'll **purchase Firm 1** because: 
- It offers a positive profit of 0.14, and I must buy if positive profit is available.
- Searching another firm costs 0.02 with uncertain and likely lower benefits, given the personalized recommendations sorting by valuation.","C14 Search #1 (Searched:1/5, SearchCost:0.00, BestProfit:0.14@F1) → Purchase F1",0.11,0.035,"[0.83, 0.99, 0.7, 0.29, 0.3]"
5,9,C15,True,"Yes, because personalized recommendations with 5 firms consistently reduce search costs, saving more than the privacy cost of 0.045 based on past positive revenue outcomes.",1,"### Decision:  
I'll **purchase Firm 1** (choose number 1) because:  
- Firm 1 offers a positive profit of 0.11, which I must utilize as a rational consumer.  
- With personalized recommendations from data sharing, it is likely the best option, and further search costing 0.02 offers low expected gain.","C15 Search #1 (Searched:1/5, SearchCost:0.00, BestProfit:0.11@F1) → Purchase F1",0.06,0.045,"[0.29, 0.96, 0.73, 0.27, 0.43]"
5,9,C16,True,"Yes, because historical data shows that personalized recommendations with 5 firms significantly reduce search costs, outweighing the privacy cost of 0.039 and maximizing revenue.",2,"### Decision:  
I'll **purchase Firm 2** (choose number 2) because:  
- The firm offers a positive profit of 0.08, ensuring an immediate gain.  
- Further search costs 0.02 and is unlikely to yield a better profit, given the personalized descending valuation order.","C16 Search #1 (Searched:1/5, SearchCost:0.00, BestProfit:0.08@F2) → Purchase F2",0.04,0.039,"[0.35, 0.84, 0.93, 0.63, 0.74]"
5,9,C17,True,"Yes, because with 5 firms, personalized recommendations significantly reduce expected search costs by sorting products from highest valuation, likely exceeding the privacy cost of 0.044 based on past beneficial outcomes and revenue maximization.",-1,"### Decision:  
I'll **leave** (choose number -1) because:  
- The searched firm has negative profit (-0.03), providing no gain.  
- As the highest-valuation firm in the personalized sequence, subsequent firms are likely to offer lower or negative profits, making further search or purchase inefficient.","C17 Search #1 (Searched:1/5, SearchCost:0.00, BestProfit:-0.03@F1) → Leave Market",-0.04,0.044,"[0.22, 0.82, 0.4, 0.31, 0.04]"
5,9,C18,True,"Yes, because personalized recommendations with 5 firms significantly reduce expected search costs and improve product matching, outweighing the privacy cost of 0.025 based on consistent past benefits and high revenues from similar strategies.",3,"### Decision:  
I'll **purchase Firm 3** (choose number 3) because:  
- It offers a positive profit of 0.03, which I must act on rationally as per constraints.  
- Personalized recommendations sort by highest value first, making further search inefficient with a search cost of 0.02.","C18 Search #1 (Searched:1/5, SearchCost:0.00, BestProfit:0.03@F3) → Purchase F3",0.01,0.025,"[0.51, 0.32, 0.79, 0.88, 0.55]"
5,9,C19,True,"Yes, because with 5 firms, personalized recommendations significantly reduce expected search costs, likely saving more than the 0.045 privacy cost based on past benefits and current consumer outcomes.",3,"### Decision:
I'll **purchase Firm 3** because: 
- It offers a positive profit of 0.01, adhering to rationality by not leaving without buying when profit is positive.
- Searching further costs 0.02, exceeding current profit and unlikely to yield better deals due to personalized sorting by highest valuation.","C19 Search #1 (Searched:1/5, SearchCost:0.00, BestProfit:0.01@F3) → Purchase F3",-0.03,0.045,"[0.77, 0.75, 0.23, 0.86, 0.11]"
5,9,C20,True,"Yes, because with 5 firms, personalized recommendations significantly reduce expected search costs, likely outweighing the privacy cost of 0.038 based on past positive outcomes and efficient deal-finding.",4,"### Decision:  
I'll **purchase Firm 4** (choose number 4) because:  
- The firm offers a positive profit of 0.04, which I can secure immediately.  
- Searching further would cost 0.02 with likely diminishing returns due to personalized sorting, making it suboptimal.","C20 Search #1 (Searched:1/5, SearchCost:0.00, BestProfit:0.04@F4) → Purchase F4",0.0,0.038,"[0.83, 0.81, 0.13, 0.35, 0.84]"
5,10,C1,True,"Yes, because personalized recommendations with 5 firms significantly reduce expected search costs, likely exceeding the privacy cost of 0.042 based on consistent past benefits and revenue maximization.",2,"### Decision:
I'll **purchase Firm 2** because: 
- The firm offers a positive profit of 0.10, ensuring an immediate gain.
- Further searching costs 0.02 with low expected improvement due to valuation-sorted recommendations.","C1 Search #1 (Searched:1/5, SearchCost:0.00, BestProfit:0.10@F2) → Purchase F2",0.06,0.042,"[0.09, 0.53, 0.95, 0.85, 0.32]"
5,10,C2,True,"Yes, because personalized recommendations with 5 firms significantly reduce expected search costs, likely outweighing the 0.03 privacy cost based on past positive outcomes and efficient revenue maximization.",-1,"### Decision:
I'll **leave** (choose number -1) because: 
- The searched firm has negative profit (-0.11), offering no gain.
- With data-shared sorted recommendations, further firms likely have lower valuations and worse profits, making the 0.02 search cost unprofitable.","C2 Search #1 (Searched:1/5, SearchCost:0.00, BestProfit:-0.11@F2) → Leave Market",-0.03,0.03,"[0.39, 0.23, 0.74, 0.39, 0.45]"
5,10,C3,True,"Yes, because historical evidence shows that personalized recommendations with 5 firms reduce search costs to nearly zero, exceeding the 0.028 privacy cost and consistently maximizing revenue.",2,"### Decision:  
I'll **purchase Firm 2** (choose number 2) because:  
- The firm offers a positive profit of 0.14, which I must accept per rational guidelines to avoid leaving without buying.  
- Searching another firm would cost 0.02 and likely yield diminishing or lower returns due to personalized sorting by highest valuation first.","C3 Search #1 (Searched:1/5, SearchCost:0.00, BestProfit:0.14@F2) → Purchase F2",0.11,0.028,"[0.83, 0.05, 0.99, 0.81, 0.88]"
5,10,C4,True,"Yes, because personalized recommendations with 5 firms consistently reduce search costs and improve outcomes, outweighing the 0.048 privacy cost based on past positive experiences and revenue maximization.",4,"### Decision:
I'll **purchase Firm 4** because: 
- Positive profit of 0.12 is available from the searched firm.
- Personalized recommendations from data sharing ensure this is likely the best deal, making additional search cost of 0.02 unjustified.","C4 Search #1 (Searched:1/5, SearchCost:0.00, BestProfit:0.12@F4) → Purchase F4",0.07,0.048,"[0.28, 0.43, 0.29, 0.9, 0.97]"
5,10,C5,True,"Yes, because personalized recommendations with 5 firms significantly reduce search costs, consistently leading to positive net revenue and outweighing the 0.046 privacy cost based on past outcomes.",4,"### Decision:  
I'll **purchase Firm 4** (choose number 4) because:  
- It offers a positive profit of 0.12 with no additional search cost, ensuring immediate gain.  
- With data sharing and sorted recommendations, it's likely the best option, making further search costly and unnecessary.","C5 Search #1 (Searched:1/5, SearchCost:0.00, BestProfit:0.12@F4) → Purchase F4",0.07,0.046,"[0.54, 0.61, 0.42, 0.76, 0.97]"
5,10,C6,True,"Yes, because personalized recommendations with 5 firms consistently reduce search costs and ensure high-value deals, outweighing the 0.04 privacy cost based on past positive outcomes and revenue maximization.",3,"### Decision:  
I'll **purchase Firm 3** (choose number 3) because:  
- Firm 3 offers a positive profit of 0.11, ensuring a net gain after costs.  
- Additional searches cost 0.02 and are unlikely to yield better profit due to the valuation-sorted sequence from data sharing.","C6 Search #1 (Searched:1/5, SearchCost:0.00, BestProfit:0.11@F3) → Purchase F3",0.07,0.04,"[0.44, 0.96, 0.05, 0.96, 0.01]"
5,10,C7,True,"Yes, because with 5 firms, personalized recommendations minimize search costs and optimize product matching, outweighing the 0.05 privacy cost based on consistent past benefits and revenue maximization.",0,"### Decision:
I'll **purchase Firm 0** (choose number 0) because: 
- The firm offers a positive profit of 0.02, requiring purchase as a rational consumer to avoid leaving without buying.
- With data sharing sorting by highest valuation, further searches are unlikely to improve profit and would cost 0.02 unnecessarily.","C7 Search #1 (Searched:1/5, SearchCost:0.00, BestProfit:0.02@F0) → Purchase F0",-0.03,0.05,"[0.87, 0.85, 0.22, 0.83, 0.01]"
5,10,C8,True,"Yes, because personalized recommendations with 5 firms significantly reduce expected search costs and improve product matching, consistently leading to positive revenue in past experiences and outweighing the privacy cost of 0.054.",4,"### Decision:  
I'll **purchase Firm 4** (choose number 4) because:  
- It offers a positive profit of 0.06, ensuring an immediate gain.  
- With personalized recommendations sorting firms by highest valuation, it is likely the best option, and further searches would incur a 0.02 cost with minimal expected improvement.","C8 Search #1 (Searched:1/5, SearchCost:0.00, BestProfit:0.06@F4) → Purchase F4",0.01,0.054,"[0.63, 0.52, 0.51, 0.84, 0.91]"
5,10,C9,True,"Yes, because with 5 firms, personalized recommendations significantly reduce expected search costs, likely saving more than the privacy cost of 0.041 based on past positive outcomes and minimized search efforts.",-1,"### Decision:
I'll **leave** (choose number -1) because: 
- The searched firm offers zero profit, yielding no gain from purchasing.
- Searching further costs 0.02 with low expected improvement due to personalized sorting by valuation, risking additional loss.","C9 Search #1 (Searched:1/5, SearchCost:0.00, BestProfit:0.00@F1) → Leave Market",-0.04,0.041,"[0.02, 0.8, 0.5, 0.77, 0.61]"
5,10,C10,True,"Yes, because with 5 firms, personalized recommendations significantly reduce expected search costs, likely outweighing the privacy cost of 0.046 based on past efficient outcomes and consistent revenue maximization strategies.",1,"### Decision:  
I'll **purchase Firm 1** (choose number 1) because:  
- It offers a positive profit of 0.01, ensuring a net gain from the product.  
- Searching further costs 0.02 with likely lower or negative expected profits due to personalized recommendations sorting.","C10 Search #1 (Searched:1/5, SearchCost:0.00, BestProfit:0.01@F1) → Purchase F1",-0.04,0.046,"[0.79, 0.81, 0.5, 0.14, 0.41]"
5,10,C11,True,"Yes, because personalized recommendations with 5 firms significantly reduce expected search costs and improve product matching, outweighing the 0.025 privacy cost based on consistent past benefits.",2,"### Decision:  
I'll **purchase Firm 2** because:  
- It offers a positive profit of 0.04, requiring me to buy as a rational consumer.  
- Further search costs 0.02 and is unlikely to yield a better deal given the valuation-sorted order.","C11 Search #1 (Searched:1/5, SearchCost:0.00, BestProfit:0.04@F2) → Purchase F2",0.02,0.025,"[0.46, 0.34, 0.89, 0.56, 0.17]"
5,10,C12,True,"Yes, because with 5 firms, personalized recommendations significantly reduce expected search costs, likely exceeding the privacy cost of 0.043, based on consistent past benefits and positive revenue outcomes.",1,"### Decision:  
I'll **purchase Firm 1** (choose number 1) because:  
- The firm offers a positive profit of 0.14, ensuring a gain.  
- Searching further would cost 0.02 and likely yield lower profit due to valuation sorting, reducing expected revenue.","C12 Search #1 (Searched:1/5, SearchCost:0.00, BestProfit:0.14@F1) → Purchase F1",0.1,0.043,"[0.07, 0.94, 0.55, 0.76, 0.53]"
5,10,C13,True,"Yes, because with 5 firms, personalized recommendations significantly reduce expected search costs (often to zero), likely exceeding the privacy cost of 0.047, based on consistent past benefits and efficient revenue maximization.",2,"### Decision:  
I'll **purchase Firm 2** because:  
- It offers a positive profit of 0.04, ensuring immediate gain as per rationality.  
- With personalized sorting by highest valuation, additional searches are unlikely to improve the deal, and the 0.02 search cost outweighs potential benefits.","C13 Search #1 (Searched:1/5, SearchCost:0.00, BestProfit:0.04@F2) → Purchase F2",-0.01,0.047,"[0.64, 0.28, 0.89, 0.33, 0.19]"
5,10,C14,True,"Yes, because with 5 firms, personalized recommendations significantly reduce expected search costs by minimizing additional searches, consistently outweighing the 0.035 privacy cost based on past positive outcomes and revenue maximization strategies.",1,"### Decision:
I'll **purchase Firm 1** because: 
- It offers a positive profit of 0.19, and I must buy if positive profit is available.
- Searching another firm costs 0.02 with uncertain and likely lower benefits, given personalized recommendations sorting by valuation.","C14 Search #1 (Searched:1/5, SearchCost:0.00, BestProfit:0.19@F1) → Purchase F1",0.15,0.035,"[0.83, 0.99, 0.7, 0.29, 0.3]"
5,10,C15,True,"Yes, because personalized recommendations with 5 firms minimize search costs to nearly zero, consistently providing high profits that outweigh the 0.045 privacy cost based on past successful experiences.",1,"### Decision:  
I'll **purchase Firm 1** (choose number 1) because:  
- Firm 1 offers a positive profit of 0.16, which I must utilize as a rational consumer.  
- With personalized recommendations from data sharing, it is likely the best option, and further search costing 0.02 offers low expected gain.","C15 Search #1 (Searched:1/5, SearchCost:0.00, BestProfit:0.16@F1) → Purchase F1",0.11,0.045,"[0.29, 0.96, 0.73, 0.27, 0.43]"
5,10,C16,True,"Yes, because personalized recommendations with 5 firms significantly reduce expected search costs, likely exceeding the 0.039 privacy cost based on historical benefits and revenue maximization.",2,"### Decision:  
I'll **purchase Firm 2** (choose number 2) because:  
- The firm offers a positive profit of 0.08, ensuring an immediate gain.  
- Further search costs 0.02 and is unlikely to yield a better profit, given the personalized descending valuation order and historical patterns.","C16 Search #1 (Searched:1/5, SearchCost:0.00, BestProfit:0.08@F2) → Purchase F2",0.04,0.039,"[0.35, 0.84, 0.93, 0.63, 0.74]"
5,10,C17,True,"Yes, because with 5 firms, personalized recommendations greatly reduce expected search costs, likely exceeding the privacy cost of 0.044 and optimizing revenue.",1,"### Decision:  
I'll **purchase Firm 1** (choose number 1) because:  
- The firm offers a positive profit of 0.02, ensuring I do not leave without buying as per rationality.  
- Searching another firm costs 0.02 and is unlikely to yield a better profit due to decreasing valuations in the personalized sequence.","C17 Search #1 (Searched:1/5, SearchCost:0.00, BestProfit:0.02@F1) → Purchase F1",-0.02,0.044,"[0.22, 0.82, 0.4, 0.31, 0.04]"
5,10,C18,True,"Yes, because personalized recommendations with 5 firms will likely reduce search costs significantly, outweighing the 0.025 privacy cost based on consistent past benefits and revenue maximization.",3,"### Decision:  
I'll **purchase Firm 3** (choose number 3) because:  
- It offers a positive profit of 0.03, requiring purchase per rationality.  
- Personalized recommendations sort by highest value first, making further search inefficient and costly at 0.02.","C18 Search #1 (Searched:1/5, SearchCost:0.00, BestProfit:0.03@F3) → Purchase F3",0.01,0.025,"[0.51, 0.32, 0.79, 0.88, 0.55]"
5,10,C19,False,"No, because recent negative total revenue despite data sharing indicates that the privacy cost of 0.045 outweighs the diminishing benefits of personalized recommendations, as expected product profits are low and search cost savings are minimal.",-1,"### Decision:
I'll **leave** (choose number -1) because: 
- Both searched firms have negative profits (-0.74 and -0.62), offering no gain.
- Additional search costs 0.02 with low likelihood of finding a profitable deal, risking further losses.","C19 Search #1 (Searched:1/5, SearchCost:0.00, BestProfit:-0.74@F4) → Search Next; C19 Search #2 (Searched:2/5, SearchCost:0.02, BestProfit:-0.62@F2) → Leave Market",-0.02,0.045,"[0.77, 0.75, 0.23, 0.86, 0.11]"
5,10,C20,True,"Yes, because personalized recommendations with 5 firms likely reduce search costs more than the 0.038 privacy cost, based on past experiences and efficient revenue maximization.",-1,"### Decision:  
I'll **leave** (choose number -1) because:  
- The only searched firm has negative profit (-0.01), and with personalized sorting, it is the highest-valued option, making further searches unlikely to yield positive profit.  
- Searching again would cost 0.02 with probable worse outcomes, reducing overall revenue.","C20 Search #1 (Searched:1/5, SearchCost:0.00, BestProfit:-0.01@F4) → Leave Market",-0.04,0.038,"[0.83, 0.81, 0.13, 0.35, 0.84]"
