firm_num,round,consumer_id,share,share_reason,final_choice,final_reason,decision_sequence,total_revenue
1,1,C1,False,"no - only one firm, so recommendations offer little benefit compared to privacy cost.",-1,"### Decision:
I'll **leave** (choose number -1) because:  
- The only firm searched offers negative profit (-0.34).  
- No other firms to search.  
- Buying results in a loss, so better to leave.","C1 Search #1 (Searched:1/1, SearchCost:0.00, BestProfit:-0.34@F0) → Leave Market",0.0
1,1,C2,False,"no, low privacy value but only one firm, so recommendations add little benefit.",-1,"### Decision:
I'll **leave** (choose number -1) because: 
- The only firm's profit is negative (-0.12)
- Searching more is not possible and buying would cause a loss","C2 Search #1 (Searched:1/1, SearchCost:0.00, BestProfit:-0.12@F0) → Leave Market",0.0
1,1,C3,False,"no - only one firm, limited benefit from recommendations.",-1,"### Decision:
I'll **leave** (choose number -1) because: 
- The only searched firm yields negative profit (-0.35).
- Searching more is not possible and buying would cause a loss.","C3 Search #1 (Searched:1/1, SearchCost:0.00, BestProfit:-0.35@F0) → Leave Market",0.0
1,1,C4,False,"no, privacy cost outweighs benefit with only one firm and minimal search cost.",-1,"### Decision:
I'll **leave** (choose number -1) because: 
- The only firm's profit is negative (-0.28)
- Searching more is not possible and buying yields a loss","C4 Search #1 (Searched:1/1, SearchCost:0.00, BestProfit:-0.28@F0) → Leave Market",0.0
1,1,C5,False,"no, low privacy value and only one firm, so recommendations add little benefit.",-1,"### Decision:
I'll **leave** (choose number -1) because: 
- All firms searched have negative profit
- No incentive to purchase at a loss","C5 Search #1 (Searched:1/1, SearchCost:0.00, BestProfit:-0.45@F0) → Leave Market",0.0
1,1,C6,False,no - privacy cost outweighs minimal search benefit with only one firm.,-1,"### Decision:
I'll **leave** (choose number -1) because: 
- No firm offers positive profit
- Searching more is impossible and unprofitable","C6 Search #1 (Searched:1/1, SearchCost:0.00, BestProfit:-0.30@F0) → Leave Market",0.0
1,1,C7,False,"no - only one firm, minimal benefit from sharing data.",-1,"### Decision:
I'll **leave** (choose number -1) because: 
- The only firm's profit is negative (-0.21).
- Searching more is not possible and buying would cause a loss.","C7 Search #1 (Searched:1/1, SearchCost:0.00, BestProfit:-0.21@F0) → Leave Market",0.0
1,1,C8,False,"no, low privacy value and only one firm, so benefit from sharing is minimal.",0,"### Decision:
I'll **purchase Firm 0** (choose number 0) because: 
- Positive profit of 0.07 after price
- No additional search cost since first search is free","C8 Search #1 (Searched:1/1, SearchCost:0.00, BestProfit:0.07@F0) → Purchase F0",0.07
1,1,C9,False,"no - low privacy value and only one firm, so limited benefit from sharing data.",0,"### Decision:
I'll **purchase Firm 0** (choose number 0) because: 
- Positive profit (0.11) available
- No more firms to search","C9 Search #1 (Searched:1/1, SearchCost:0.00, BestProfit:0.11@F0) → Purchase F0",0.11
1,1,C10,False,"no - only one firm, so recommendations add little value compared to privacy cost.",0,"### Decision:
I'll **purchase Firm 0** (choose number 0) because: 
- Positive profit (0.22) after price
- No more firms to search
- First search is free, so no added search cost","C10 Search #1 (Searched:1/1, SearchCost:0.00, BestProfit:0.22@F0) → Purchase F0",0.22
1,1,C11,False,"no, low privacy value and only one firm, so limited benefit from recommendations",0,"### Decision:
I'll **purchase Firm 0** (choose number 0) because: 
- The potential profit is positive (0.18)
- No other firms to search and first search is free","C11 Search #1 (Searched:1/1, SearchCost:0.00, BestProfit:0.18@F0) → Purchase F0",0.18
1,1,C12,False,"no - only 1 firm, so recommendations won't reduce search cost significantly.",-1,"### Decision:
I'll **leave** (choose number -1) because: 
- No firm offers positive profit (all profits are negative)
- Searching more is not possible and buying results in a loss","C12 Search #1 (Searched:1/1, SearchCost:0.00, BestProfit:-0.09@F0) → Leave Market",0.0
1,1,C13,False,"no - only 1 firm, minimal benefit from recommendations, privacy cost outweighs savings.",-1,"### Decision:
I'll **leave** (choose number -1) because: 
- No firm offers positive profit
- Searching more is not possible and buying results in negative profit","C13 Search #1 (Searched:1/1, SearchCost:0.00, BestProfit:-0.10@F0) → Leave Market",0.0
1,1,C14,False,no Privacy cost outweighs benefits with only one firm.,-1,"### Decision:
I'll **leave** (choose number -1) because: 
- The only firm's profit is negative (-0.28).
- No other firms to search.
- Buying results in a loss, so better to not purchase.","C14 Search #1 (Searched:1/1, SearchCost:0.00, BestProfit:-0.28@F0) → Leave Market",0.0
1,1,C15,False,"no - only one firm, minimal benefit from recommendations versus privacy cost.",-1,"### Decision:
I'll **leave** (choose number -1) because: 
- The only firm's profit is negative (-0.06)
- No other firms to search and buying results in a loss","C15 Search #1 (Searched:1/1, SearchCost:0.00, BestProfit:-0.06@F0) → Leave Market",0.0
1,1,C16,False,"no - only one firm, minimal benefit from sharing data.",-1,"### Decision:
I'll **leave** (choose number -1) because:  
- The only firm's profit is negative (-0.23).  
- Searching more is not possible and buying results in a loss.","C16 Search #1 (Searched:1/1, SearchCost:0.00, BestProfit:-0.23@F0) → Leave Market",0.0
1,1,C17,False,no Privacy cost outweighs benefits with only one firm.,0,"### Decision:
I'll **purchase Firm 0** (choose number 0) because: 
- Positive profit of 0.18 is available
- No more firms to search, so best to buy now","C17 Search #1 (Searched:1/1, SearchCost:0.00, BestProfit:0.18@F0) → Purchase F0",0.18
1,1,C18,False,"no - low privacy value and only one firm, so recommendations offer little benefit.",-1,"### Decision:
I'll **leave** (choose number -1) because:  
- No firm offers positive profit (valuation - price < 0)  
- Searching more is impossible and buying leads to negative profit","C18 Search #1 (Searched:1/1, SearchCost:0.00, BestProfit:-0.36@F0) → Leave Market",0.0
1,1,C19,False,"no - only one firm, minimal benefit from sharing data.",-1,"### Decision:
I'll **leave** (choose number -1) because: 
- The only firm searched offers negative profit (-0.05).
- Searching more is not possible, so no better options remain.","C19 Search #1 (Searched:1/1, SearchCost:0.00, BestProfit:-0.05@F0) → Leave Market",0.0
1,1,C20,False,"no - only one firm, limited benefit from recommendations.",0,"### Decision:
I'll **purchase Firm 0** (choose number 0) because: 
- The potential profit (0.36) is positive and significant.
- No other firms left to search, so buying now maximizes revenue.","C20 Search #1 (Searched:1/1, SearchCost:0.00, BestProfit:0.36@F0) → Purchase F0",0.36
1,2,C1,False,"no - only one firm, so recommendations provide little benefit over privacy cost.",-1,"### Decision:
I'll **leave** (choose number -1) because:  
- The only firm offers negative profit (-0.34).  
- No other firms to search.","C1 Search #1 (Searched:1/1, SearchCost:0.00, BestProfit:-0.34@F0) → Leave Market",0.0
1,2,C2,False,"no, only one firm so recommendations add little benefit",-1,"### Decision:
I'll **leave** (choose number -1) because: 
- The only firm's profit is negative (-0.12)
- No other firms to search or buy from","C2 Search #1 (Searched:1/1, SearchCost:0.00, BestProfit:-0.12@F0) → Leave Market",0.0
1,2,C3,False,"no - only one firm, no search cost reduction benefit from sharing data",-1,"### Decision:
I'll **leave** (choose number -1) because: 
- The only searched firm yields negative profit (-0.35).
- No other firms to search and buying would cause a loss.","C3 Search #1 (Searched:1/1, SearchCost:0.00, BestProfit:-0.35@F0) → Leave Market",0.0
1,2,C4,False,"no, minimal benefit with only one firm and privacy cost outweighs potential gain",-1,"### Decision:
I'll **leave** (choose number -1) because: 
- The only firm's profit is negative (-0.28)
- No other firms to search and buying results in a loss","C4 Search #1 (Searched:1/1, SearchCost:0.00, BestProfit:-0.28@F0) → Leave Market",0.0
1,2,C5,False,"no, only one firm so recommendations add little value",-1,"### Decision:
I'll **leave** (choose number -1) because: 
- All firms searched have negative profit
- No incentive to purchase at a loss","C5 Search #1 (Searched:1/1, SearchCost:0.00, BestProfit:-0.45@F0) → Leave Market",0.0
1,2,C6,False,"no - only one firm, privacy cost outweighs search benefit",-1,"### Decision:
I'll **leave** (choose number -1) because: 
- No firm offers positive profit
- Searching more is impossible and unprofitable","C6 Search #1 (Searched:1/1, SearchCost:0.00, BestProfit:-0.30@F0) → Leave Market",0.0
1,2,C7,False,"no - only one firm, minimal benefit from sharing data.",-1,"### Decision:
I'll **leave** (choose number -1) because: 
- The only firm's profit is negative (-0.21).
- No other firms to search and buying would cause a loss.","C7 Search #1 (Searched:1/1, SearchCost:0.00, BestProfit:-0.21@F0) → Leave Market",0.0
1,2,C8,False,"no, only one firm so personalized recommendations offer no benefit",0,"### Decision:
I'll **purchase Firm 0** (choose number 0) because: 
- Positive profit of 0.07
- No additional search cost and no other firms to search","C8 Search #1 (Searched:1/1, SearchCost:0.00, BestProfit:0.07@F0) → Purchase F0",0.07
1,2,C9,False,"no - only one firm, limited benefit from sharing data",0,"### Decision:
I'll **purchase Firm 0** (choose number 0) because: 
- Positive profit (0.11) available
- No more firms to search","C9 Search #1 (Searched:1/1, SearchCost:0.00, BestProfit:0.11@F0) → Purchase F0",0.11
1,2,C10,False,"no - only one firm, so recommendations add little value compared to privacy cost",0,"### Decision:
I'll **purchase Firm 0** (choose number 0) because: 
- Positive profit (0.22) after price
- No more firms to search","C10 Search #1 (Searched:1/1, SearchCost:0.00, BestProfit:0.22@F0) → Purchase F0",0.22
1,2,C11,False,"no, only one firm so recommendations won't reduce search cost",0,"### Decision:
I'll **purchase Firm 0** (choose number 0) because: 
- The potential profit is positive (0.18)
- No other firms to search and first search is free","C11 Search #1 (Searched:1/1, SearchCost:0.00, BestProfit:0.18@F0) → Purchase F0",0.18
1,2,C12,False,"no - only 1 firm, no significant search cost reduction from sharing data",-1,"### Decision:
I'll **leave** (choose number -1) because: 
- No firm offers positive profit (all profits are negative)
- Searching more is not possible and buying results in a loss","C12 Search #1 (Searched:1/1, SearchCost:0.00, BestProfit:-0.09@F0) → Leave Market",0.0
1,2,C13,False,"no - only 1 firm, minimal benefit from recommendations, privacy cost outweighs savings",-1,"### Decision:
I'll **leave** (choose number -1) because: 
- No firm offers positive profit
- Buying results in negative profit","C13 Search #1 (Searched:1/1, SearchCost:0.00, BestProfit:-0.10@F0) → Leave Market",0.0
1,2,C14,False,"no, only one firm so no benefit from sharing data",-1,"### Decision:
I'll **leave** (choose number -1) because: 
- The only firm's profit is negative (-0.28).
- No other firms to search.
- Buying results in a loss, so better to not purchase.","C14 Search #1 (Searched:1/1, SearchCost:0.00, BestProfit:-0.28@F0) → Leave Market",0.0
1,2,C15,False,"no - only one firm, minimal benefit from sharing data versus privacy cost",-1,"### Decision:
I'll **leave** (choose number -1) because: 
- The only firm's profit is negative (-0.06)
- No other firms to search and buying results in a loss","C15 Search #1 (Searched:1/1, SearchCost:0.00, BestProfit:-0.06@F0) → Leave Market",0.0
1,2,C16,False,"no - only one firm, minimal benefit from sharing data.",-1,"### Decision:
I'll **leave** (choose number -1) because:  
- The only firm's profit is negative (-0.23).  
- No other firms to search and buying results in a loss.","C16 Search #1 (Searched:1/1, SearchCost:0.00, BestProfit:-0.23@F0) → Leave Market",0.0
1,2,C17,False,"no, only one firm so no benefit from sharing data",0,"### Decision:
I'll **purchase Firm 0** (choose number 0) because: 
- Positive profit of 0.18 is available
- No more firms to search, so best to buy now","C17 Search #1 (Searched:1/1, SearchCost:0.00, BestProfit:0.18@F0) → Purchase F0",0.18
1,2,C18,False,"no - only one firm, so recommendations provide minimal benefit compared to privacy cost.",-1,"### Decision:
I'll **leave** (choose number -1) because:  
- No firm offers positive profit (valuation - price < 0)  
- Buying leads to negative profit","C18 Search #1 (Searched:1/1, SearchCost:0.00, BestProfit:-0.36@F0) → Leave Market",0.0
1,2,C19,False,"no - only one firm, minimal benefit from sharing data.",-1,"### Decision:
I'll **leave** (choose number -1) because: 
- The only firm offers negative profit (-0.05)
- No other firms to search, no better options available","C19 Search #1 (Searched:1/1, SearchCost:0.00, BestProfit:-0.05@F0) → Leave Market",0.0
1,2,C20,False,"no - only one firm, limited benefit from recommendations",0,"### Decision:
I'll **purchase Firm 0** (choose number 0) because: 
- The potential profit (0.36) is positive and significant.
- No other firms left to search, so buying now maximizes revenue.","C20 Search #1 (Searched:1/1, SearchCost:0.00, BestProfit:0.36@F0) → Purchase F0",0.36
1,3,C1,False,"no - only one firm, so recommendations offer little benefit over privacy cost.",-1,"### Decision:
I'll **leave** (choose number -1) because: 
- The only firm offers negative profit (-0.34).
- No other firms available to search.","C1 Search #1 (Searched:1/1, SearchCost:0.00, BestProfit:-0.34@F0) → Leave Market",0.0
1,3,C2,False,"no, only one firm so recommendations add little benefit",-1,"### Decision:
I'll **leave** (choose number -1) because: 
- The only firm's profit is negative (-0.12)
- No other firms to search or buy from","C2 Search #1 (Searched:1/1, SearchCost:0.00, BestProfit:-0.12@F0) → Leave Market",0.0
1,3,C3,False,"no - only one firm, no benefit from recommendations",-1,"### Decision:
I'll **leave** (choose number -1) because: 
- The only searched firm yields negative profit (-0.35).
- No other firms to search and buying would cause a loss.","C3 Search #1 (Searched:1/1, SearchCost:0.00, BestProfit:-0.35@F0) → Leave Market",0.0
1,3,C4,False,"no, privacy cost outweighs benefit with only one firm and minimal search cost",-1,"### Decision:
I'll **leave** (choose number -1) because: 
- The only firm's profit is negative (-0.28)
- No other firms to search and buying results in a loss","C4 Search #1 (Searched:1/1, SearchCost:0.00, BestProfit:-0.28@F0) → Leave Market",0.0
1,3,C5,False,"no, only one firm so recommendations add little value",-1,"### Decision:
I'll **leave** (choose number -1) because: 
- All firms searched have negative profit
- No incentive to purchase at a loss","C5 Search #1 (Searched:1/1, SearchCost:0.00, BestProfit:-0.45@F0) → Leave Market",0.0
1,3,C6,False,no - privacy cost outweighs benefit with only one firm,-1,"### Decision:
I'll **leave** (choose number -1) because: 
- No firm offers positive profit
- No more firms to search","C6 Search #1 (Searched:1/1, SearchCost:0.00, BestProfit:-0.30@F0) → Leave Market",0.0
1,3,C7,False,"no - only one firm, minimal benefit from sharing data",-1,"### Decision:
I'll **leave** (choose number -1) because: 
- The only firm's profit is negative (-0.21).
- No other firms to search and buying would cause a loss.","C7 Search #1 (Searched:1/1, SearchCost:0.00, BestProfit:-0.21@F0) → Leave Market",0.0
1,3,C8,False,"no, only one firm so personalized recommendations offer no benefit",0,"### Decision:
I'll **purchase Firm 0** (choose number 0) because: 
- Positive profit of 0.07 
- No additional search cost and no other firms to search","C8 Search #1 (Searched:1/1, SearchCost:0.00, BestProfit:0.07@F0) → Purchase F0",0.07
1,3,C9,False,"no - only one firm, limited benefit from sharing data",0,"### Decision:
I'll **purchase Firm 0** (choose number 0) because: 
- Positive profit (0.11) available
- No more firms to search","C9 Search #1 (Searched:1/1, SearchCost:0.00, BestProfit:0.11@F0) → Purchase F0",0.11
1,3,C10,False,"no - only one firm, recommendations add little value compared to privacy cost",0,"### Decision:
I'll **purchase Firm 0** (choose number 0) because: 
- Positive profit (0.22)
- No other firms to search
- First search is free, so no search cost","C10 Search #1 (Searched:1/1, SearchCost:0.00, BestProfit:0.22@F0) → Purchase F0",0.22
1,3,C11,False,"no, only one firm so no benefit from recommendations",0,"### Decision:
I'll **purchase Firm 0** (choose number 0) because: 
- The potential profit is positive (0.18)
- No other firms to search and first search is free","C11 Search #1 (Searched:1/1, SearchCost:0.00, BestProfit:0.18@F0) → Purchase F0",0.18
1,3,C12,False,"no - only 1 firm, no benefit from sharing data",-1,"### Decision:
I'll **leave** (choose number -1) because: 
- No firm offers positive profit (all profits are negative)
- Searching more is not possible and buying results in a loss","C12 Search #1 (Searched:1/1, SearchCost:0.00, BestProfit:-0.09@F0) → Leave Market",0.0
1,3,C13,False,"no - only 1 firm, minimal benefit from recommendations, privacy cost outweighs savings",-1,"### Decision:
I'll **leave** (choose number -1) because: 
- No firm offers positive profit 
- Searching more is not possible and buying results in negative profit","C13 Search #1 (Searched:1/1, SearchCost:0.00, BestProfit:-0.10@F0) → Leave Market",0.0
1,3,C14,False,"no, only one firm so no benefit from sharing data",-1,"### Decision:
I'll **leave** (choose number -1) because: 
- The only firm's profit is negative (-0.28).
- No other firms to search.
- Buying results in a loss, so better to not purchase.","C14 Search #1 (Searched:1/1, SearchCost:0.00, BestProfit:-0.28@F0) → Leave Market",0.0
1,3,C15,False,"no - only one firm, minimal benefit from sharing data versus privacy cost",-1,"### Decision:
I'll **leave** (choose number -1) because: 
- The only firm's profit is negative (-0.06) 
- No other firms to search and buying results in a loss","C15 Search #1 (Searched:1/1, SearchCost:0.00, BestProfit:-0.06@F0) → Leave Market",0.0
1,3,C16,False,"no - only one firm, minimal benefit from sharing data",-1,"### Decision:
I'll **leave** (choose number -1) because:  
- The only firm's profit is negative (-0.23).  
- No other firms to search and buying results in a loss.","C16 Search #1 (Searched:1/1, SearchCost:0.00, BestProfit:-0.23@F0) → Leave Market",0.0
1,3,C17,False,"no, only one firm so no benefit from sharing data",0,"### Decision:
I'll **purchase Firm 0** (choose number 0) because: 
- Positive profit of 0.18 is available
- No more firms to search, so best to buy now","C17 Search #1 (Searched:1/1, SearchCost:0.00, BestProfit:0.18@F0) → Purchase F0",0.18
1,3,C18,False,"no - only one firm, so sharing offers minimal benefit compared to privacy cost",-1,"### Decision:
I'll **leave** (choose number -1) because:  
- No firm offers positive profit (valuation - price < 0)  
- Buying leads to negative profit","C18 Search #1 (Searched:1/1, SearchCost:0.00, BestProfit:-0.36@F0) → Leave Market",0.0
1,3,C19,False,"no - only one firm, minimal benefit from sharing data",-1,"### Decision:
I'll **leave** (choose number -1) because: 
- The only firm offers negative profit (-0.05)
- No other firms to search, no better options available","C19 Search #1 (Searched:1/1, SearchCost:0.00, BestProfit:-0.05@F0) → Leave Market",0.0
1,3,C20,False,"no - only one firm, no benefit from recommendations",0,"### Decision:
I'll **purchase Firm 0** (choose number 0) because: 
- The potential profit (0.36) is positive and significant.
- No other firms left to search, so buying now maximizes revenue.","C20 Search #1 (Searched:1/1, SearchCost:0.00, BestProfit:0.36@F0) → Purchase F0",0.36
1,4,C1,False,"no - only one firm, so recommendations offer little benefit over privacy cost.",-1,"### Decision:
I'll **leave** (choose number -1) because:  
- The only firm offers negative profit (-0.34).  
- No other firms available to search.","C1 Search #1 (Searched:1/1, SearchCost:0.00, BestProfit:-0.34@F0) → Leave Market",0.0
1,4,C2,False,"no, only one firm so recommendations add little benefit",-1,"### Decision:
I'll **leave** (choose number -1) because: 
- The only firm's profit is negative (-0.12) 
- No other firms to search or buy from","C2 Search #1 (Searched:1/1, SearchCost:0.00, BestProfit:-0.12@F0) → Leave Market",0.0
1,4,C3,False,"no - only one firm, no benefit from sharing data",-1,"### Decision:
I'll **leave** (choose number -1) because: 
- The only searched firm yields negative profit (-0.35).
- No other firms to search and buying would cause a loss.","C3 Search #1 (Searched:1/1, SearchCost:0.00, BestProfit:-0.35@F0) → Leave Market",0.0
1,4,C4,False,"no, privacy cost outweighs benefit with only one firm and minimal search cost",-1,"### Decision:
I'll **leave** (choose number -1) because: 
- The only firm's profit is negative (-0.28)
- No other firms to search and buying results in a loss","C4 Search #1 (Searched:1/1, SearchCost:0.00, BestProfit:-0.28@F0) → Leave Market",0.0
1,4,C5,False,"no, only one firm so recommendations add little value",-1,"### Decision:
I'll **leave** (choose number -1) because: 
- All firms searched have negative profit
- No incentive to purchase at a loss","C5 Search #1 (Searched:1/1, SearchCost:0.00, BestProfit:-0.45@F0) → Leave Market",0.0
1,4,C6,False,no - privacy cost outweighs benefit with only one firm,-1,"### Decision:
I'll **leave** (choose number -1) because: 
- No firm offers positive profit
- No more firms to search","C6 Search #1 (Searched:1/1, SearchCost:0.00, BestProfit:-0.30@F0) → Leave Market",0.0
1,4,C7,False,"no - only one firm, minimal benefit from sharing data",-1,"### Decision:
I'll **leave** (choose number -1) because: 
- The only firm's profit is negative (-0.21).
- No other firms to search and buying would cause a loss.","C7 Search #1 (Searched:1/1, SearchCost:0.00, BestProfit:-0.21@F0) → Leave Market",0.0
1,4,C8,False,"no, only one firm so no benefit from sharing data",0,"### Decision:
I'll **purchase Firm 0** (choose number 0) because: 
- Positive profit of 0.07
- No additional search cost and no other firms to search","C8 Search #1 (Searched:1/1, SearchCost:0.00, BestProfit:0.07@F0) → Purchase F0",0.07
1,4,C9,False,"no - only one firm, no added benefit from sharing data",0,"### Decision:
I'll **purchase Firm 0** (choose number 0) because: 
- Positive profit (0.11) available
- No more firms to search","C9 Search #1 (Searched:1/1, SearchCost:0.00, BestProfit:0.11@F0) → Purchase F0",0.11
1,4,C10,False,"no - only one firm, so recommendations add little value compared to privacy cost",0,"### Decision:
I'll **purchase Firm 0** (choose number 0) because: 
- Positive profit (0.22)
- No other firms to search","C10 Search #1 (Searched:1/1, SearchCost:0.00, BestProfit:0.22@F0) → Purchase F0",0.22
1,4,C11,False,"no, only one firm so no benefit from recommendations",0,"### Decision:
I'll **purchase Firm 0** (choose number 0) because: 
- The potential profit is positive (0.18)
- No other firms to search and first search is free","C11 Search #1 (Searched:1/1, SearchCost:0.00, BestProfit:0.18@F0) → Purchase F0",0.18
1,4,C12,False,"no - only 1 firm, no significant benefit from sharing data",-1,"### Decision:
I'll **leave** (choose number -1) because: 
- No firm offers positive profit (all profits are negative)
- Searching more is not possible and buying results in a loss","C12 Search #1 (Searched:1/1, SearchCost:0.00, BestProfit:-0.09@F0) → Leave Market",0.0
1,4,C13,False,"no - only 1 firm, minimal benefit from recommendations, privacy cost outweighs savings",-1,"### Decision:
I'll **leave** (choose number -1) because: 
- No firm offers positive profit
- No more firms to search","C13 Search #1 (Searched:1/1, SearchCost:0.00, BestProfit:-0.10@F0) → Leave Market",0.0
1,4,C14,False,"no, only one firm so no benefit from sharing data",-1,"### Decision:
I'll **leave** (choose number -1) because: 
- The only firm's profit is negative (-0.28).
- No other firms to search.
- Buying results in a loss, so better to not purchase.","C14 Search #1 (Searched:1/1, SearchCost:0.00, BestProfit:-0.28@F0) → Leave Market",0.0
1,4,C15,False,"no - only one firm, minimal benefit from sharing data versus privacy cost",-1,"### Decision:
I'll **leave** (choose number -1) because: 
- The only firm's profit is negative (-0.06) 
- No other firms to search and buying results in a loss","C15 Search #1 (Searched:1/1, SearchCost:0.00, BestProfit:-0.06@F0) → Leave Market",0.0
1,4,C16,False,"no - only one firm, minimal benefit from sharing data",-1,"### Decision:
I'll **leave** (choose number -1) because: 
- The only firm's profit is negative (-0.23).
- No other firms to search and buying results in a loss.","C16 Search #1 (Searched:1/1, SearchCost:0.00, BestProfit:-0.23@F0) → Leave Market",0.0
1,4,C17,False,"no, only one firm so no benefit from sharing data",0,"### Decision:
I'll **purchase Firm 0** (choose number 0) because: 
- Positive profit of 0.18 is available
- No more firms to search, so best to buy now","C17 Search #1 (Searched:1/1, SearchCost:0.00, BestProfit:0.18@F0) → Purchase F0",0.18
1,4,C18,False,"no - only one firm, minimal benefit from sharing data.",-1,"### Decision:
I'll **leave** (choose number -1) because:  
- No firm offers positive profit (valuation - price < 0)  
- Buying leads to negative profit","C18 Search #1 (Searched:1/1, SearchCost:0.00, BestProfit:-0.36@F0) → Leave Market",0.0
1,4,C19,False,"no - only one firm, minimal benefit from sharing data",-1,"### Decision:
I'll **leave** (choose number -1) because: 
- The only firm offers negative profit (-0.05)
- No other firms to search, no better options available","C19 Search #1 (Searched:1/1, SearchCost:0.00, BestProfit:-0.05@F0) → Leave Market",0.0
1,4,C20,False,"no - only one firm, no benefit from recommendations",0,"### Decision:
I'll **purchase Firm 0** (choose number 0) because: 
- The potential profit (0.36) is positive and significant.
- No other firms left to search, so buying now maximizes revenue.","C20 Search #1 (Searched:1/1, SearchCost:0.00, BestProfit:0.36@F0) → Purchase F0",0.36
1,5,C1,False,"no - only one firm, so recommendations provide little benefit over privacy cost.",-1,"### Decision:
I'll **leave** (choose number -1) because: 
- The only firm offers negative profit (-0.34)
- No other firms available to search","C1 Search #1 (Searched:1/1, SearchCost:0.00, BestProfit:-0.34@F0) → Leave Market",0.0
1,5,C2,False,"no, only one firm so recommendations add little benefit",-1,"### Decision:
I'll **leave** (choose number -1) because: 
- The only firm's profit is negative (-0.12)
- No other firms to search or buy from","C2 Search #1 (Searched:1/1, SearchCost:0.00, BestProfit:-0.12@F0) → Leave Market",0.0
1,5,C3,False,"no - only one firm, no benefit from sharing data",-1,"### Decision:
I'll **leave** (choose number -1) because: 
- The only firm searched yields negative profit (-0.35).
- No other firms to search and buying would cause a loss.","C3 Search #1 (Searched:1/1, SearchCost:0.00, BestProfit:-0.35@F0) → Leave Market",0.0
1,5,C4,False,"no, privacy cost outweighs benefit with only one firm and minimal search cost",-1,"### Decision:
I'll **leave** (choose number -1) because: 
- The only firm's profit is negative (-0.28)
- No other firms to search and buying results in a loss","C4 Search #1 (Searched:1/1, SearchCost:0.00, BestProfit:-0.28@F0) → Leave Market",0.0
1,5,C5,False,"no, only one firm so recommendations add little value",-1,"### Decision:
I'll **leave** (choose number -1) because: 
- All firms searched have negative profit
- No incentive to purchase at a loss","C5 Search #1 (Searched:1/1, SearchCost:0.00, BestProfit:-0.45@F0) → Leave Market",0.0
1,5,C6,False,no - privacy cost outweighs benefit with only one firm,-1,"### Decision:
I'll **leave** (choose number -1) because: 
- No firm offers positive profit
- No more firms to search","C6 Search #1 (Searched:1/1, SearchCost:0.00, BestProfit:-0.30@F0) → Leave Market",0.0
1,5,C7,False,"no - only one firm, minimal benefit from sharing data",-1,"### Decision:
I'll **leave** (choose number -1) because: 
- The only firm's profit is negative (-0.21).
- No other firms to search and buying would cause a loss.","C7 Search #1 (Searched:1/1, SearchCost:0.00, BestProfit:-0.21@F0) → Leave Market",0.0
1,5,C8,False,"no, only one firm so no benefit from sharing data",0,"### Decision:
I'll **purchase Firm 0** (choose number 0) because: 
- Positive profit of 0.07
- No additional search cost and no other firms to search","C8 Search #1 (Searched:1/1, SearchCost:0.00, BestProfit:0.07@F0) → Purchase F0",0.07
1,5,C9,False,"no - only one firm, no significant benefit from sharing data",0,"### Decision:
I'll **purchase Firm 0** (choose number 0) because: 
- Positive profit (0.11) available
- No more firms to search","C9 Search #1 (Searched:1/1, SearchCost:0.00, BestProfit:0.11@F0) → Purchase F0",0.11
1,5,C10,False,"no - only one firm, so recommendations add little value compared to privacy cost",0,"### Decision:
I'll **purchase Firm 0** (choose number 0) because: 
- Positive profit (0.22) after price
- No other firms to search","C10 Search #1 (Searched:1/1, SearchCost:0.00, BestProfit:0.22@F0) → Purchase F0",0.22
1,5,C11,False,"no, only one firm so no benefit from sharing data",0,"### Decision:
I'll **purchase Firm 0** (choose number 0) because: 
- Positive profit (0.18)
- No other firms to search and first search is free","C11 Search #1 (Searched:1/1, SearchCost:0.00, BestProfit:0.18@F0) → Purchase F0",0.18
1,5,C12,False,"no - only 1 firm, no significant benefit from sharing data",-1,"### Decision:
I'll **leave** (choose number -1) because: 
- No firm offers positive profit (all profits are negative)
- Searching more is not possible and buying results in a loss","C12 Search #1 (Searched:1/1, SearchCost:0.00, BestProfit:-0.09@F0) → Leave Market",0.0
1,5,C13,False,"no - only 1 firm, minimal benefit from recommendations, privacy cost outweighs savings",-1,"### Decision:
I'll **leave** (choose number -1) because: 
- No firm offers positive profit 
- No more firms to search","C13 Search #1 (Searched:1/1, SearchCost:0.00, BestProfit:-0.10@F0) → Leave Market",0.0
1,5,C14,False,"no, only one firm so no benefit from sharing data",-1,"### Decision:
I'll **leave** (choose number -1) because: 
- The only firm's profit is negative (-0.28).
- No other firms to search.
- Buying results in a loss, so better to not purchase.","C14 Search #1 (Searched:1/1, SearchCost:0.00, BestProfit:-0.28@F0) → Leave Market",0.0
1,5,C15,False,"no - only one firm, minimal benefit from sharing data versus privacy cost",-1,"### Decision:
I'll **leave** (choose number -1) because: 
- The only firm offers negative profit (-0.06)
- No other firms to search and buying results in a loss","C15 Search #1 (Searched:1/1, SearchCost:0.00, BestProfit:-0.06@F0) → Leave Market",0.0
1,5,C16,False,"no - only one firm, minimal benefit from sharing data",-1,"### Decision:
I'll **leave** (choose number -1) because: 
- The only firm's profit is negative (-0.23).
- No other firms to search and buying results in a loss.","C16 Search #1 (Searched:1/1, SearchCost:0.00, BestProfit:-0.23@F0) → Leave Market",0.0
1,5,C17,False,"no, only one firm so no benefit from sharing data",0,"### Decision:
I'll **purchase Firm 0** (choose number 0) because: 
- Positive profit of 0.18 is available
- No more firms to search, so best to buy now","C17 Search #1 (Searched:1/1, SearchCost:0.00, BestProfit:0.18@F0) → Purchase F0",0.18
1,5,C18,False,"no - only one firm, minimal benefit from sharing data.",-1,"### Decision:
I'll **leave** (choose number -1) because:  
- No firm offers positive profit (valuation - price < 0)  
- Buying leads to negative profit","C18 Search #1 (Searched:1/1, SearchCost:0.00, BestProfit:-0.36@F0) → Leave Market",0.0
1,5,C19,False,"no - only one firm, minimal benefit from sharing data",-1,"### Decision:
I'll **leave** (choose number -1) because: 
- The only firm offers negative profit (-0.05) 
- No other firms to search, no better options available","C19 Search #1 (Searched:1/1, SearchCost:0.00, BestProfit:-0.05@F0) → Leave Market",0.0
1,5,C20,False,"no - only one firm, no benefit from sharing data",0,"### Decision:
I'll **purchase Firm 0** (choose number 0) because: 
- The potential profit (0.36) is positive and significant.
- No other firms left to search, so buying now maximizes revenue.","C20 Search #1 (Searched:1/1, SearchCost:0.00, BestProfit:0.36@F0) → Purchase F0",0.36
1,6,C1,False,"no - only one firm, so recommendations offer little benefit over privacy cost",-1,"### Decision:
I'll **leave** (choose number -1) because:  
- The only firm offers negative profit (-0.34).  
- No other firms available to search.","C1 Search #1 (Searched:1/1, SearchCost:0.00, BestProfit:-0.34@F0) → Leave Market",0.0
1,6,C2,False,"no, only one firm so recommendations add little benefit",-1,"### Decision:
I'll **leave** (choose number -1) because: 
- The only firm's profit is negative (-0.12) 
- No other firms to search or buy from","C2 Search #1 (Searched:1/1, SearchCost:0.00, BestProfit:-0.12@F0) → Leave Market",0.0
1,6,C3,False,"no - only one firm, no benefit from sharing data",-1,"### Decision:
I'll **leave** (choose number -1) because: 
- The only searched firm yields negative profit (-0.35).
- No other firms to search and buying would cause a loss.","C3 Search #1 (Searched:1/1, SearchCost:0.00, BestProfit:-0.35@F0) → Leave Market",0.0
1,6,C4,False,"no, privacy cost outweighs benefit with only one firm and minimal search cost",-1,"### Decision:
I'll **leave** (choose number -1) because: 
- The only firm's profit is negative (-0.28) 
- No other firms to search and buying results in a loss","C4 Search #1 (Searched:1/1, SearchCost:0.00, BestProfit:-0.28@F0) → Leave Market",0.0
1,6,C5,False,"no, only one firm so recommendations add little value",-1,"### Decision:
I'll **leave** (choose number -1) because: 
- All firms searched have negative profit
- No incentive to purchase at a loss","C5 Search #1 (Searched:1/1, SearchCost:0.00, BestProfit:-0.45@F0) → Leave Market",0.0
1,6,C6,False,no - privacy cost outweighs benefit with only one firm,-1,"### Decision:
I'll **leave** (choose number -1) because: 
- No firm offers positive profit
- No more firms to search","C6 Search #1 (Searched:1/1, SearchCost:0.00, BestProfit:-0.30@F0) → Leave Market",0.0
1,6,C7,False,"no - only one firm, minimal benefit from sharing data",-1,"### Decision:
I'll **leave** (choose number -1) because: 
- The only firm's profit is negative (-0.21).
- No other firms to search and buying would cause a loss.","C7 Search #1 (Searched:1/1, SearchCost:0.00, BestProfit:-0.21@F0) → Leave Market",0.0
1,6,C8,False,"no, only one firm so no benefit from sharing data",0,"### Decision:
I'll **purchase Firm 0** (choose number 0) because: 
- Positive profit of 0.07
- No additional search cost and no other firms to search","C8 Search #1 (Searched:1/1, SearchCost:0.00, BestProfit:0.07@F0) → Purchase F0",0.07
1,6,C9,False,"no - only one firm, no benefit from sharing data",0,"### Decision:
I'll **purchase Firm 0** (choose number 0) because: 
- Positive profit (0.11) available
- No more firms to search","C9 Search #1 (Searched:1/1, SearchCost:0.00, BestProfit:0.11@F0) → Purchase F0",0.11
1,6,C10,False,"no - only one firm, so no added value from recommendations compared to privacy cost",0,"### Decision:
I'll **purchase Firm 0** (choose number 0) because: 
- Positive profit (0.22) after price
- No other firms to search","C10 Search #1 (Searched:1/1, SearchCost:0.00, BestProfit:0.22@F0) → Purchase F0",0.22
1,6,C11,False,"no, only one firm so no benefit from sharing data",0,"### Decision:
I'll **purchase Firm 0** (choose number 0) because: 
- Positive profit (0.18)
- No other firms left to search and first search is free","C11 Search #1 (Searched:1/1, SearchCost:0.00, BestProfit:0.18@F0) → Purchase F0",0.18
1,6,C12,False,"no - only 1 firm, no benefit from sharing data",-1,"### Decision:
I'll **leave** (choose number -1) because: 
- No firm offers positive profit (all profits are negative)
- Searching more is not possible and buying results in a loss","C12 Search #1 (Searched:1/1, SearchCost:0.00, BestProfit:-0.09@F0) → Leave Market",0.0
1,6,C13,False,"no - only 1 firm, minimal benefit from recommendations, privacy cost outweighs savings",-1,"### Decision:
I'll **leave** (choose number -1) because: 
- No firm offers positive profit 
- No more firms to search","C13 Search #1 (Searched:1/1, SearchCost:0.00, BestProfit:-0.10@F0) → Leave Market",0.0
1,6,C14,False,"no, only one firm so no benefit from sharing data",-1,"### Decision:
I'll **leave** (choose number -1) because: 
- The only firm's profit is negative (-0.28).
- No other firms to search.
- Buying results in a loss, so better to not purchase.","C14 Search #1 (Searched:1/1, SearchCost:0.00, BestProfit:-0.28@F0) → Leave Market",0.0
1,6,C15,False,"no - only one firm, minimal benefit from sharing data versus privacy cost",-1,"### Decision:
I'll **leave** (choose number -1) because: 
- The only firm's profit is negative (-0.06) 
- No other firms to search and buying results in a loss","C15 Search #1 (Searched:1/1, SearchCost:0.00, BestProfit:-0.06@F0) → Leave Market",0.0
1,6,C16,False,"no - only one firm, minimal benefit from sharing data",-1,"### Decision:
I'll **leave** (choose number -1) because:  
- The only firm's profit is negative (-0.23).  
- No other firms to search and buying results in a loss.","C16 Search #1 (Searched:1/1, SearchCost:0.00, BestProfit:-0.23@F0) → Leave Market",0.0
1,6,C17,False,"no, only one firm so no benefit from sharing data",0,"### Decision:
I'll **purchase Firm 0** (choose number 0) because: 
- Positive profit of 0.18 is available
- No more firms to search, so best to buy now","C17 Search #1 (Searched:1/1, SearchCost:0.00, BestProfit:0.18@F0) → Purchase F0",0.18
1,6,C18,False,"no - only one firm, minimal benefit from sharing data.",-1,"### Decision:
I'll **leave** (choose number -1) because:  
- No firm offers positive profit (valuation - price < 0)  
- Buying leads to negative profit","C18 Search #1 (Searched:1/1, SearchCost:0.00, BestProfit:-0.36@F0) → Leave Market",0.0
1,6,C19,False,"no - only one firm, minimal benefit from sharing data.",-1,"### Decision:
I'll **leave** (choose number -1) because: 
- The only firm offers negative profit (-0.05)
- No other firms to search, no better options available","C19 Search #1 (Searched:1/1, SearchCost:0.00, BestProfit:-0.05@F0) → Leave Market",0.0
1,6,C20,False,"no - only one firm, no benefit from sharing data",0,"### Decision:
I'll **purchase Firm 0** (choose number 0) because: 
- The potential profit (0.36) is positive and significant. 
- No other firms left to search, so buying now maximizes revenue.","C20 Search #1 (Searched:1/1, SearchCost:0.00, BestProfit:0.36@F0) → Purchase F0",0.36
1,7,C1,False,"no - only one firm, so recommendations offer little benefit over privacy cost.",-1,"### Decision:
I'll **leave** (choose number -1) because: 
- The only firm offers negative profit (-0.34)
- No other firms available to search","C1 Search #1 (Searched:1/1, SearchCost:0.00, BestProfit:-0.34@F0) → Leave Market",0.0
1,7,C2,False,"no, only one firm so recommendations add little benefit",-1,"### Decision:
I'll **leave** (choose number -1) because: 
- The only firm's profit is negative (-0.12) 
- No other firms to search or buy from","C2 Search #1 (Searched:1/1, SearchCost:0.00, BestProfit:-0.12@F0) → Leave Market",0.0
1,7,C3,False,"no - only one firm, no benefit from sharing data",-1,"### Decision:
I'll **leave** (choose number -1) because: 
- The only firm searched yields negative profit (-0.35).
- No other firms to search and buying would cause a loss.","C3 Search #1 (Searched:1/1, SearchCost:0.00, BestProfit:-0.35@F0) → Leave Market",0.0
1,7,C4,False,"no, privacy cost outweighs benefit with only one firm and no search cost reduction possible",-1,"### Decision:
I'll **leave** (choose number -1) because: 
- The only firm's profit is negative (-0.28) 
- No other firms to search and buying results in a loss","C4 Search #1 (Searched:1/1, SearchCost:0.00, BestProfit:-0.28@F0) → Leave Market",0.0
1,7,C5,False,"no, only one firm so recommendations add little value",-1,"### Decision:
I'll **leave** (choose number -1) because: 
- All firms searched have negative profit 
- No incentive to purchase at a loss","C5 Search #1 (Searched:1/1, SearchCost:0.00, BestProfit:-0.45@F0) → Leave Market",0.0
1,7,C6,False,no - privacy cost outweighs benefit with only one firm,-1,"### Decision:
I'll **leave** (choose number -1) because: 
- No firm offers positive profit
- No more firms to search","C6 Search #1 (Searched:1/1, SearchCost:0.00, BestProfit:-0.30@F0) → Leave Market",0.0
1,7,C7,False,"no - only one firm, minimal benefit from sharing data",-1,"### Decision:
I'll **leave** (choose number -1) because: 
- The only firm's profit is negative (-0.21).
- No other firms to search and buying would cause a loss.","C7 Search #1 (Searched:1/1, SearchCost:0.00, BestProfit:-0.21@F0) → Leave Market",0.0
1,7,C8,False,"no, only one firm so no benefit from sharing data",0,"### Decision:
I'll **purchase Firm 0** (choose number 0) because: 
- Positive profit of 0.07
- No additional search cost and no other firms to search","C8 Search #1 (Searched:1/1, SearchCost:0.00, BestProfit:0.07@F0) → Purchase F0",0.07
1,7,C9,False,"no - only one firm, no benefit from sharing data",0,"### Decision:
I'll **purchase Firm 0** (choose number 0) because: 
- Positive profit (0.11) available
- No more firms to search","C9 Search #1 (Searched:1/1, SearchCost:0.00, BestProfit:0.11@F0) → Purchase F0",0.11
1,7,C10,False,"no - only one firm, so recommendations add little value compared to privacy cost",0,"### Decision:
I'll **purchase Firm 0** (choose number 0) because: 
- Positive profit (0.22)
- No other firms to search","C10 Search #1 (Searched:1/1, SearchCost:0.00, BestProfit:0.22@F0) → Purchase F0",0.22
1,7,C11,False,"no, only one firm so no benefit from sharing data",0,"### Decision:
I'll **purchase Firm 0** (choose number 0) because: 
- Positive profit (0.18)
- No other firms to search and first search is free","C11 Search #1 (Searched:1/1, SearchCost:0.00, BestProfit:0.18@F0) → Purchase F0",0.18
1,7,C12,False,"no - only 1 firm, no benefit from sharing data",-1,"### Decision:
I'll **leave** (choose number -1) because: 
- No firm offers positive profit
- Searching more is not possible and buying results in a loss","C12 Search #1 (Searched:1/1, SearchCost:0.00, BestProfit:-0.09@F0) → Leave Market",0.0
1,7,C13,False,"no - only 1 firm, minimal benefit from recommendations, privacy cost outweighs savings",-1,"### Decision:
I'll **leave** (choose number -1) because: 
- No firm offers positive profit
- No more firms to search","C13 Search #1 (Searched:1/1, SearchCost:0.00, BestProfit:-0.10@F0) → Leave Market",0.0
1,7,C14,False,"no, only one firm so no benefit from sharing data",-1,"### Decision:
I'll **leave** (choose number -1) because: 
- The only firm's profit is negative (-0.28).
- No other firms to search.
- Buying results in a loss, so better to not purchase.","C14 Search #1 (Searched:1/1, SearchCost:0.00, BestProfit:-0.28@F0) → Leave Market",0.0
1,7,C15,False,"no - only one firm, minimal benefit from sharing data versus privacy cost",-1,"### Decision:
I'll **leave** (choose number -1) because: 
- The only firm's profit is negative (-0.06) 
- No other firms to search and buying results in a loss","C15 Search #1 (Searched:1/1, SearchCost:0.00, BestProfit:-0.06@F0) → Leave Market",0.0
1,7,C16,False,"no - only one firm, minimal benefit from sharing data",-1,"### Decision:
I'll **leave** (choose number -1) because:  
- The only firm's profit is negative (-0.23).  
- No other firms to search and buying results in a loss.","C16 Search #1 (Searched:1/1, SearchCost:0.00, BestProfit:-0.23@F0) → Leave Market",0.0
1,7,C17,False,"no, only one firm so no benefit from sharing data",0,"### Decision:
I'll **purchase Firm 0** (choose number 0) because: 
- Positive profit of 0.18 is available
- No more firms to search, so best to buy now","C17 Search #1 (Searched:1/1, SearchCost:0.00, BestProfit:0.18@F0) → Purchase F0",0.18
1,7,C18,False,"no - only one firm, sharing offers minimal benefit compared to privacy cost",-1,"### Decision:
I'll **leave** (choose number -1) because:  
- No firm offers positive profit (valuation - price < 0)  
- Buying leads to negative profit","C18 Search #1 (Searched:1/1, SearchCost:0.00, BestProfit:-0.36@F0) → Leave Market",0.0
1,7,C19,False,"no - only one firm, minimal benefit from sharing data.",-1,"### Decision:
I'll **leave** (choose number -1) because: 
- The only firm offers negative profit (-0.05) 
- No other firms to search, no better options available","C19 Search #1 (Searched:1/1, SearchCost:0.00, BestProfit:-0.05@F0) → Leave Market",0.0
1,7,C20,False,"no - only one firm, no benefit from sharing data",0,"### Decision:
I'll **purchase Firm 0** (choose number 0) because: 
- The potential profit (0.36) is positive and significant.
- No other firms left to search, so buying now maximizes revenue.","C20 Search #1 (Searched:1/1, SearchCost:0.00, BestProfit:0.36@F0) → Purchase F0",0.36
1,8,C1,False,"no - only one firm, recommendations offer little benefit over privacy cost.",-1,"### Decision:
I'll **leave** (choose number -1) because: 
- The only firm offers negative profit (-0.34) 
- No other firms available to search","C1 Search #1 (Searched:1/1, SearchCost:0.00, BestProfit:-0.34@F0) → Leave Market",0.0
1,8,C2,False,"no, only one firm so recommendations add little benefit",-1,"### Decision:
I'll **leave** (choose number -1) because: 
- The only firm's profit is negative (-0.12)
- No other firms to search or buy from","C2 Search #1 (Searched:1/1, SearchCost:0.00, BestProfit:-0.12@F0) → Leave Market",0.0
1,8,C3,False,"no - only one firm, no benefit from sharing data",-1,"### Decision:
I'll **leave** (choose number -1) because: 
- The only searched firm yields negative profit (-0.35).
- No other firms to search and buying would cause a loss.","C3 Search #1 (Searched:1/1, SearchCost:0.00, BestProfit:-0.35@F0) → Leave Market",0.0
1,8,C4,False,"no, only one firm and no search cost benefit from sharing data",-1,"### Decision:
I'll **leave** (choose number -1) because: 
- The only firm's profit is negative (-0.28) 
- No other firms to search and buying results in a loss","C4 Search #1 (Searched:1/1, SearchCost:0.00, BestProfit:-0.28@F0) → Leave Market",0.0
1,8,C5,False,"no, only one firm so recommendations add little value",-1,"### Decision:
I'll **leave** (choose number -1) because: 
- All firms searched have negative profit 
- No incentive to purchase at a loss","C5 Search #1 (Searched:1/1, SearchCost:0.00, BestProfit:-0.45@F0) → Leave Market",0.0
1,8,C6,False,"no - only one firm, privacy cost outweighs search benefit",-1,"### Decision:
I'll **leave** (choose number -1) because: 
- No firm offers positive profit 
- No more firms to search","C6 Search #1 (Searched:1/1, SearchCost:0.00, BestProfit:-0.30@F0) → Leave Market",0.0
1,8,C7,False,"no - only one firm, minimal benefit from sharing data",-1,"### Decision:
I'll **leave** (choose number -1) because: 
- The only firm's profit is negative (-0.21).
- No other firms to search and buying would cause a loss.","C7 Search #1 (Searched:1/1, SearchCost:0.00, BestProfit:-0.21@F0) → Leave Market",0.0
1,8,C8,False,"no, only one firm so no benefit from sharing data",0,"### Decision:
I'll **purchase Firm 0** (choose number 0) because: 
- Positive profit of 0.07
- No additional search cost and no other firms to search","C8 Search #1 (Searched:1/1, SearchCost:0.00, BestProfit:0.07@F0) → Purchase F0",0.07
1,8,C9,False,"no - only one firm, no benefit from sharing data",0,"### Decision:
I'll **purchase Firm 0** (choose number 0) because: 
- Positive profit (0.11) available
- No more firms to search","C9 Search #1 (Searched:1/1, SearchCost:0.00, BestProfit:0.11@F0) → Purchase F0",0.11
1,8,C10,False,"no - only one firm, so recommendations add little value compared to privacy cost",0,"### Decision:
I'll **purchase Firm 0** (choose number 0) because: 
- Positive profit (0.22) after price
- No other firms to search","C10 Search #1 (Searched:1/1, SearchCost:0.00, BestProfit:0.22@F0) → Purchase F0",0.22
1,8,C11,False,"no, only one firm so no benefit from sharing data",0,"### Decision:
I'll **purchase Firm 0** (choose number 0) because: 
- Positive profit (0.18)
- No other firms left to search and first search is free","C11 Search #1 (Searched:1/1, SearchCost:0.00, BestProfit:0.18@F0) → Purchase F0",0.18
1,8,C12,False,"no - only 1 firm, no benefit from sharing data",-1,"### Decision:
I'll **leave** (choose number -1) because: 
- No firm offers positive profit (profit is -0.09)
- No more firms to search and buying results in a loss","C12 Search #1 (Searched:1/1, SearchCost:0.00, BestProfit:-0.09@F0) → Leave Market",0.0
1,8,C13,False,"no - only 1 firm, privacy cost outweighs minimal benefit",-1,"### Decision:
I'll **leave** (choose number -1) because: 
- No firm offers positive profit 
- No more firms to search","C13 Search #1 (Searched:1/1, SearchCost:0.00, BestProfit:-0.10@F0) → Leave Market",0.0
1,8,C14,False,"no, only one firm so no benefit from sharing data",-1,"### Decision:
I'll **leave** (choose number -1) because: 
- The only firm's profit is negative (-0.28).
- No other firms to search.
- Buying results in a loss, so better to not purchase.","C14 Search #1 (Searched:1/1, SearchCost:0.00, BestProfit:-0.28@F0) → Leave Market",0.0
1,8,C15,False,"no - only one firm, minimal benefit from sharing data versus privacy cost.",-1,"### Decision:
I'll **leave** (choose number -1) because: 
- The only firm offers negative profit (-0.06)
- No other firms to search and buying results in a loss","C15 Search #1 (Searched:1/1, SearchCost:0.00, BestProfit:-0.06@F0) → Leave Market",0.0
1,8,C16,False,"no - only one firm, minimal benefit from sharing data",-1,"### Decision:
I'll **leave** (choose number -1) because: 
- The only firm's profit is negative (-0.23). 
- No other firms to search and buying results in a loss.","C16 Search #1 (Searched:1/1, SearchCost:0.00, BestProfit:-0.23@F0) → Leave Market",0.0
1,8,C17,False,"no, only one firm so no benefit from sharing data",0,"### Decision:
I'll **purchase Firm 0** (choose number 0) because: 
- Positive profit of 0.18 available
- No more firms to search, best to buy now","C17 Search #1 (Searched:1/1, SearchCost:0.00, BestProfit:0.18@F0) → Purchase F0",0.18
1,8,C18,False,"no - only one firm, minimal benefit from sharing data.",-1,"### Decision:
I'll **leave** (choose number -1) because:  
- No firm offers positive profit (valuation - price < 0)  
- Buying leads to negative profit","C18 Search #1 (Searched:1/1, SearchCost:0.00, BestProfit:-0.36@F0) → Leave Market",0.0
1,8,C19,False,"no - only one firm, minimal benefit from sharing data",-1,"### Decision:
I'll **leave** (choose number -1) because: 
- The only firm offers negative profit (-0.05)
- No other firms to search, no better options available","C19 Search #1 (Searched:1/1, SearchCost:0.00, BestProfit:-0.05@F0) → Leave Market",0.0
1,8,C20,False,"no - only one firm, no benefit from sharing data",0,"### Decision:
I'll **purchase Firm 0** (choose number 0) because: 
- The potential profit (0.36) is positive and significant.
- No other firms left to search, so buying now maximizes revenue.","C20 Search #1 (Searched:1/1, SearchCost:0.00, BestProfit:0.36@F0) → Purchase F0",0.36
1,9,C1,False,"no - only one firm, so recommendations offer little benefit over privacy cost",-1,"### Decision:
I'll **leave** (choose number -1) because: 
- The only firm offers negative profit (-0.34)
- No other firms available to search","C1 Search #1 (Searched:1/1, SearchCost:0.00, BestProfit:-0.34@F0) → Leave Market",0.0
1,9,C2,False,"no, only one firm so recommendations add little benefit",-1,"### Decision:
I'll **leave** (choose number -1) because: 
- The only firm's profit is negative (-0.12)
- No other firms to search or buy from","C2 Search #1 (Searched:1/1, SearchCost:0.00, BestProfit:-0.12@F0) → Leave Market",0.0
1,9,C3,False,"no - only one firm, no benefit from sharing data",-1,"### Decision:
I'll **leave** (choose number -1) because: 
- The only searched firm yields negative profit (-0.35).
- No other firms to search and buying would cause a loss.","C3 Search #1 (Searched:1/1, SearchCost:0.00, BestProfit:-0.35@F0) → Leave Market",0.0
1,9,C4,False,"no, only one firm and privacy cost outweighs any benefit",-1,"### Decision:
I'll **leave** (choose number -1) because: 
- The only firm's profit is negative (-0.28) 
- No other firms to search and buying results in a loss","C4 Search #1 (Searched:1/1, SearchCost:0.00, BestProfit:-0.28@F0) → Leave Market",0.0
1,9,C5,False,"no, only one firm so recommendations add little value",-1,"### Decision:
I'll **leave** (choose number -1) because: 
- All firms searched have negative profit
- No incentive to purchase at a loss","C5 Search #1 (Searched:1/1, SearchCost:0.00, BestProfit:-0.45@F0) → Leave Market",0.0
1,9,C6,False,no - privacy cost outweighs benefit with only one firm,-1,"### Decision:
I'll **leave** (choose number -1) because: 
- No firm offers positive profit
- No more firms to search","C6 Search #1 (Searched:1/1, SearchCost:0.00, BestProfit:-0.30@F0) → Leave Market",0.0
1,9,C7,False,"no - only one firm, minimal benefit from sharing data",-1,"### Decision:
I'll **leave** (choose number -1) because: 
- The only firm's profit is negative (-0.21).
- No other firms to search and buying would cause a loss.","C7 Search #1 (Searched:1/1, SearchCost:0.00, BestProfit:-0.21@F0) → Leave Market",0.0
1,9,C8,False,"no, only one firm so no benefit from sharing data",0,"### Decision:
I'll **purchase Firm 0** (choose number 0) because: 
- Positive profit of 0.07 
- No other firms to search and no search cost","C8 Search #1 (Searched:1/1, SearchCost:0.00, BestProfit:0.07@F0) → Purchase F0",0.07
1,9,C9,False,"no - only one firm, no benefit from sharing data",0,"### Decision:
I'll **purchase Firm 0** (choose number 0) because: 
- Positive profit available (0.11)
- No more firms to search","C9 Search #1 (Searched:1/1, SearchCost:0.00, BestProfit:0.11@F0) → Purchase F0",0.11
1,9,C10,False,"no - only one firm, so recommendations add little value compared to privacy cost",0,"### Decision:
I'll **purchase Firm 0** (choose number 0) because: 
- Positive profit (0.22) after price
- No other firms to search","C10 Search #1 (Searched:1/1, SearchCost:0.00, BestProfit:0.22@F0) → Purchase F0",0.22
1,9,C11,False,"no, only one firm so no benefit from sharing data",0,"### Decision:
I'll **purchase Firm 0** (choose number 0) because: 
- Positive profit (0.18)
- No other firms to search and first search is free","C11 Search #1 (Searched:1/1, SearchCost:0.00, BestProfit:0.18@F0) → Purchase F0",0.18
1,9,C12,False,"no - only 1 firm, no benefit from sharing data",-1,"### Decision:
I'll **leave** (choose number -1) because: 
- No firm offers positive profit (all profits are negative)
- No more firms to search and buying results in a loss","C12 Search #1 (Searched:1/1, SearchCost:0.00, BestProfit:-0.09@F0) → Leave Market",0.0
1,9,C13,False,"no - only 1 firm, minimal benefit from recommendations, privacy cost outweighs savings",-1,"### Decision:
I'll **leave** (choose number -1) because: 
- No firm offers positive profit
- No more firms to search","C13 Search #1 (Searched:1/1, SearchCost:0.00, BestProfit:-0.10@F0) → Leave Market",0.0
1,9,C14,False,"no, only one firm so no benefit from sharing data",-1,"### Decision:
I'll **leave** (choose number -1) because: 
- The only firm's profit is negative (-0.28).
- No other firms to search.
- Buying results in a loss, so better to not purchase.","C14 Search #1 (Searched:1/1, SearchCost:0.00, BestProfit:-0.28@F0) → Leave Market",0.0
1,9,C15,False,"no - only one firm, minimal benefit from sharing data versus privacy cost",-1,"### Decision:
I'll **leave** (choose number -1) because: 
- The only firm's profit is negative (-0.06) 
- No other firms to search and buying results in a loss","C15 Search #1 (Searched:1/1, SearchCost:0.00, BestProfit:-0.06@F0) → Leave Market",0.0
1,9,C16,False,"no - only one firm, minimal benefit from sharing data",-1,"### Decision:
I'll **leave** (choose number -1) because: 
- The only firm's profit is negative (-0.23).
- No other firms to search and buying results in a loss.","C16 Search #1 (Searched:1/1, SearchCost:0.00, BestProfit:-0.23@F0) → Leave Market",0.0
1,9,C17,False,"no, only one firm so no benefit from sharing data",0,"### Decision:
I'll **purchase Firm 0** (choose number 0) because: 
- Positive profit of 0.18 is available
- No more firms to search, so best to buy now","C17 Search #1 (Searched:1/1, SearchCost:0.00, BestProfit:0.18@F0) → Purchase F0",0.18
1,9,C18,False,"no - only one firm, minimal benefit from sharing data.",-1,"### Decision:
I'll **leave** (choose number -1) because:  
- No firm offers positive profit (valuation - price < 0)  
- Buying leads to negative profit","C18 Search #1 (Searched:1/1, SearchCost:0.00, BestProfit:-0.36@F0) → Leave Market",0.0
1,9,C19,False,"no - only one firm, minimal benefit from sharing data",-1,"### Decision:
I'll **leave** (choose number -1) because: 
- The only firm offers negative profit (-0.05)
- No other firms to search, no better options available","C19 Search #1 (Searched:1/1, SearchCost:0.00, BestProfit:-0.05@F0) → Leave Market",0.0
1,9,C20,False,"no - only one firm, no benefit from sharing data",0,"### Decision:
I'll **purchase Firm 0** (choose number 0) because: 
- The potential profit (0.36) is positive and significant.
- No other firms left to search, so buying now maximizes revenue.","C20 Search #1 (Searched:1/1, SearchCost:0.00, BestProfit:0.36@F0) → Purchase F0",0.36
1,10,C1,False,"no - only one firm, so recommendations offer little benefit over privacy cost",-1,"### Decision:
I'll **leave** (choose number -1) because: 
- The only firm offers negative profit (-0.34).
- No other firms available to search.","C1 Search #1 (Searched:1/1, SearchCost:0.00, BestProfit:-0.34@F0) → Leave Market",0.0
1,10,C2,False,"no, only one firm so recommendations add little benefit",-1,"### Decision:
I'll **leave** (choose number -1) because: 
- The only firm's profit is negative (-0.12) 
- No other firms to search or buy from","C2 Search #1 (Searched:1/1, SearchCost:0.00, BestProfit:-0.12@F0) → Leave Market",0.0
1,10,C3,False,"no - only one firm, no benefit from sharing data",-1,"### Decision:
I'll **leave** (choose number -1) because: 
- The only searched firm yields negative profit (-0.35).
- No other firms to search and buying would cause a loss.","C3 Search #1 (Searched:1/1, SearchCost:0.00, BestProfit:-0.35@F0) → Leave Market",0.0
1,10,C4,False,"no, only one firm and privacy cost outweighs any benefit",-1,"### Decision:
I'll **leave** (choose number -1) because: 
- The only firm's profit is negative (-0.28) 
- No other firms to search and buying results in a loss","C4 Search #1 (Searched:1/1, SearchCost:0.00, BestProfit:-0.28@F0) → Leave Market",0.0
1,10,C5,False,"no, only one firm so recommendations add little value",-1,"### Decision:
I'll **leave** (choose number -1) because: 
- All firms searched have negative profit
- No incentive to purchase at a loss","C5 Search #1 (Searched:1/1, SearchCost:0.00, BestProfit:-0.45@F0) → Leave Market",0.0
1,10,C6,False,no - privacy cost outweighs benefit with only one firm,-1,"### Decision:
I'll **leave** (choose number -1) because: 
- No firm offers positive profit
- No more firms to search","C6 Search #1 (Searched:1/1, SearchCost:0.00, BestProfit:-0.30@F0) → Leave Market",0.0
1,10,C7,False,"no - only one firm, minimal benefit from sharing data",-1,"### Decision:
I'll **leave** (choose number -1) because: 
- The only firm's profit is negative (-0.21).
- No other firms to search and buying would cause a loss.","C7 Search #1 (Searched:1/1, SearchCost:0.00, BestProfit:-0.21@F0) → Leave Market",0.0
1,10,C8,False,"no, only one firm so no benefit from sharing data",0,"### Decision:
I'll **purchase Firm 0** (choose number 0) because: 
- Positive profit of 0.07
- No additional firms to search and no search cost","C8 Search #1 (Searched:1/1, SearchCost:0.00, BestProfit:0.07@F0) → Purchase F0",0.07
1,10,C9,False,"no - only one firm, no benefit from sharing data",0,"### Decision:
I'll **purchase Firm 0** (choose number 0) because: 
- Positive profit (0.11) available
- No more firms to search","C9 Search #1 (Searched:1/1, SearchCost:0.00, BestProfit:0.11@F0) → Purchase F0",0.11
1,10,C10,False,"no - only one firm, so recommendations add little value compared to privacy cost",0,"### Decision:
I'll **purchase Firm 0** (choose number 0) because: 
- Positive profit (0.22)
- No other firms to search
- First search is free, so no search cost","C10 Search #1 (Searched:1/1, SearchCost:0.00, BestProfit:0.22@F0) → Purchase F0",0.22
1,10,C11,False,"no, only one firm so no benefit from sharing data",0,"### Decision:
I'll **purchase Firm 0** (choose number 0) because: 
- Positive profit (0.18)
- No other firms left to search and first search is free","C11 Search #1 (Searched:1/1, SearchCost:0.00, BestProfit:0.18@F0) → Purchase F0",0.18
1,10,C12,False,"no - only 1 firm, no benefit from sharing data",-1,"### Decision:
I'll **leave** (choose number -1) because: 
- No firm offers positive profit 
- No more firms to search and buying results in a loss","C12 Search #1 (Searched:1/1, SearchCost:0.00, BestProfit:-0.09@F0) → Leave Market",0.0
1,10,C13,False,"no - only 1 firm, minimal benefit from sharing, privacy cost outweighs savings",-1,"### Decision:
I'll **leave** (choose number -1) because: 
- No firm offers positive profit 
- No more firms to search","C13 Search #1 (Searched:1/1, SearchCost:0.00, BestProfit:-0.10@F0) → Leave Market",0.0
1,10,C14,False,"no, only one firm so no benefit from sharing data",-1,"### Decision:
I'll **leave** (choose number -1) because: 
- The only firm's profit is negative (-0.28).
- No other firms to search.
- Buying results in a loss, so better to not purchase.","C14 Search #1 (Searched:1/1, SearchCost:0.00, BestProfit:-0.28@F0) → Leave Market",0.0
1,10,C15,False,"no - only one firm, minimal benefit from sharing data versus privacy cost",-1,"### Decision:
I'll **leave** (choose number -1) because: 
- The only firm's profit is negative (-0.06) 
- No other firms to search and buying results in a loss","C15 Search #1 (Searched:1/1, SearchCost:0.00, BestProfit:-0.06@F0) → Leave Market",0.0
1,10,C16,False,"no - only one firm, minimal benefit from sharing data",-1,"### Decision:
I'll **leave** (choose number -1) because:  
- The only firm's profit is negative (-0.23).  
- No other firms to search and buying results in a loss.","C16 Search #1 (Searched:1/1, SearchCost:0.00, BestProfit:-0.23@F0) → Leave Market",0.0
1,10,C17,False,"no, only one firm so no benefit from sharing data",0,"### Decision:
I'll **purchase Firm 0** (choose number 0) because: 
- Positive profit of 0.18 is available
- No more firms to search, so best to buy now","C17 Search #1 (Searched:1/1, SearchCost:0.00, BestProfit:0.18@F0) → Purchase F0",0.18
1,10,C18,False,"no - only one firm, minimal benefit from sharing data.",-1,"### Decision:
I'll **leave** (choose number -1) because:  
- No firm offers positive profit (valuation - price < 0)  
- Buying leads to negative profit","C18 Search #1 (Searched:1/1, SearchCost:0.00, BestProfit:-0.36@F0) → Leave Market",0.0
1,10,C19,False,"no - only one firm, minimal benefit from sharing data",-1,"### Decision:
I'll **leave** (choose number -1) because: 
- The only firm offers negative profit (-0.05) 
- No other firms to search, no better options available","C19 Search #1 (Searched:1/1, SearchCost:0.00, BestProfit:-0.05@F0) → Leave Market",0.0
1,10,C20,False,"no - only one firm, no benefit from sharing data",0,"### Decision:
I'll **purchase Firm 0** (choose number 0) because: 
- The potential profit (0.36) is positive and significant.
- No other firms left to search, so buying now maximizes revenue.","C20 Search #1 (Searched:1/1, SearchCost:0.00, BestProfit:0.36@F0) → Purchase F0",0.36
2,1,C1,True,"yes  
Reducing search cost outweighs small privacy value with 2 firms.",-1,"### Decision:
I'll **leave** (choose number -1) because:  
- Both firms offer negative profit.  
- Further search is not possible.  
- Buying results in a loss, so better to leave.","C1 Search #1 (Searched:1/2, SearchCost:0.00, BestProfit:-0.03@F0) → Search Next; C1 Search #2 (Searched:2/2, SearchCost:0.02, BestProfit:-0.03@F0) → Leave Market",-0.06
2,1,C2,True,"yes, because personalized recommendations will reduce search cost with 2 firms.",1,"### Decision:
I'll **purchase Firm 1** (choose number 1) because: 
- Positive profit (0.04) is already available 
- Further search costs (0.02) may reduce net revenue below zero","C2 Search #1 (Searched:1/2, SearchCost:0.00, BestProfit:0.04@F1) → Purchase F1",0.01
2,1,C3,True,"yes, because personalized recommendations from 2 firms will reduce search cost more than the privacy loss.",0,"### Decision:
I'll **purchase Firm 0** (choose number 0) because: 
- The potential profit is positive (0.13).
- Searching another firm costs 0.02 and may not yield better profit.","C3 Search #1 (Searched:1/2, SearchCost:0.00, BestProfit:0.13@F0) → Purchase F0",0.1
2,1,C4,True,"yes, reduced search cost outweighs small privacy value",1,"### Decision:
I'll **purchase Firm 1** (choose number 1) because: 
- The potential profit is positive (0.01).
- Further search costs 0.02, which outweighs the small profit gain.","C4 Search #1 (Searched:1/2, SearchCost:0.00, BestProfit:0.01@F1) → Purchase F1",-0.04
2,1,C5,True,"yes, reduced search cost outweighs small privacy value.",0,"### Decision:
I'll **purchase Firm 0** (choose number 0) because: 
- Positive profit (0.11) is available from the searched firm
- Further search costs 0.02, which may reduce net revenue and is unnecessary given positive profit","C5 Search #1 (Searched:1/2, SearchCost:0.00, BestProfit:0.11@F0) → Purchase F0",0.07
2,1,C6,True,"yes  
The privacy cost (0.053) is low compared to potential savings in search cost from personalized recommendations across 2 firms.",-1,Defaulted after 3 fails. Best Profit: -0.28 -> Choice: -1,"C6 Search #1 (Searched:1/2, SearchCost:0.00, BestProfit:-0.28@F1) → Leave Market",-0.05
2,1,C7,True,"yes, reduced search cost outweighs small privacy value.",-1,"### Decision:
I'll **leave** (choose number -1) because: 
- The only searched firm offers negative profit (-0.06).
- Searching the next firm costs 0.02, and given low privacy value and current negative profit, it's better to avoid further cost.","C7 Search #1 (Searched:1/2, SearchCost:0.00, BestProfit:-0.06@F1) → Leave Market",-0.05
2,1,C8,True,"yes, because sharing data reduces search cost with 2 firms, outweighing the small privacy cost.",-1,"### Decision:
I'll **leave** (choose number -1) because:  
- Both firms offer negative profit.  
- Searching more is impossible and buying results in a loss.","C8 Search #1 (Searched:1/2, SearchCost:0.00, BestProfit:-0.04@F1) → Search Next; C8 Search #2 (Searched:2/2, SearchCost:0.02, BestProfit:-0.04@F1) → Leave Market",-0.07
2,1,C9,True,"yes, because personalized recommendations reduce search cost with 2 firms.",1,"### Decision:
I'll **purchase Firm 1** (choose number 1) because: 
- Positive profit of 0.29 is good
- Further search costs 0.02 may reduce profit, and current profit is already positive","C9 Search #1 (Searched:1/2, SearchCost:0.00, BestProfit:0.29@F1) → Purchase F1",0.25
2,1,C10,True,"yes, the reduced search cost outweighs the small privacy value.",-1,"### Decision:
I'll **leave** (choose number -1) because:  
- Both firms have negative profit, so purchasing results in a loss.  
- Further search is impossible and the search cost is already incurred.","C10 Search #1 (Searched:1/2, SearchCost:0.00, BestProfit:-0.16@F1) → Search Next; C10 Search #2 (Searched:2/2, SearchCost:0.02, BestProfit:-0.16@F1) → Leave Market",-0.07
2,1,C11,True,"yes  
Privacy cost (0.047) is less than potential search cost savings from personalized recommendations.",1,"### Decision:
I'll **purchase Firm 1** (choose number 1) because: 
- The potential profit is positive (0.03).
- Additional search costs (0.02) may reduce net revenue, and the first search is free.","C11 Search #1 (Searched:1/2, SearchCost:0.00, BestProfit:0.03@F1) → Purchase F1",-0.02
2,1,C12,True,"yes  
Reducing search cost with personalized recommendations outweighs small privacy cost.",0,"### Decision:
I'll **search another firm** (choose number 2) because:  
- Current firm offers negative profit (-0.27), so no reason to purchase yet  
- Searching next firm may yield positive profit despite 0.02 cost, especially with personalized recommendations reducing search cost","C12 Search #1 (Searched:1/2, SearchCost:0.00, BestProfit:-0.27@F0) → Purchase F0",-0.31
2,1,C13,True,"yes, because sharing data reduces search cost with 2 firms, outweighing the small privacy cost.",0,"### Decision:
I'll **search another firm** (choose number 2) because: 
- Current firm's profit is negative (-0.23), no incentive to buy now
- Searching next firm may yield positive profit despite 0.02 cost due to personalized recommendations reducing search cost overall","C13 Search #1 (Searched:1/2, SearchCost:0.00, BestProfit:-0.23@F0) → Purchase F0",-0.26
2,1,C14,True,"yes, because sharing data reduces search cost with 2 firms, outweighing the small privacy value.",1,"### Decision:
I'll **purchase Firm 1** (choose number 1) because: 
- The potential profit (0.24) is positive and exceeds the privacy cost (0.048).
- Further searching costs 0.02 and may not yield better profit, so buying now maximizes revenue.","C14 Search #1 (Searched:1/2, SearchCost:0.00, BestProfit:0.24@F1) → Purchase F1",0.19
2,1,C15,True,"yes, because sharing data reduces search cost and improves recommendation accuracy with 2 firms.",1,"### Decision:
I'll **purchase Firm 1** (choose number 1) because:  
- Positive profit (0.33) already found  
- Additional search cost (0.02) may reduce overall revenue","C15 Search #1 (Searched:1/2, SearchCost:0.00, BestProfit:0.33@F1) → Purchase F1",0.28
2,1,C16,True,"yes, because personalized recommendations will reduce search cost and improve purchase decisions.",-1,"### Decision:
I'll **leave** (choose number -1) because: 
- Both firms offer negative profit
- Further search is impossible and purchase would lead to loss","C16 Search #1 (Searched:1/2, SearchCost:0.00, BestProfit:-0.29@F0) → Search Next; C16 Search #2 (Searched:2/2, SearchCost:0.02, BestProfit:-0.29@F0) → Leave Market",-0.07
2,1,C17,True,"yes, because personalized recommendations will reduce search cost and improve total revenue.",-1,"### Decision:
I'll **leave** (choose number -1) because:  
- The only searched firm offers negative profit (-0.06).  
- Searching more costs 0.02 per search, reducing net profit potential further.","C17 Search #1 (Searched:1/2, SearchCost:0.00, BestProfit:-0.06@F1) → Leave Market",-0.04
2,1,C18,True,"yes, reduced search cost outweighs small privacy value.",0,"### Decision:
I'll **purchase Firm 0** because:  
- The profit (0.39) is positive and significant compared to the search cost (0.02).  
- Further search costs 0.02 and may not yield better profit, risking lower total revenue.","C18 Search #1 (Searched:1/2, SearchCost:0.00, BestProfit:0.39@F0) → Purchase F0",0.36
2,1,C19,True,"yes  
The privacy cost (0.041) is less than the potential search cost savings from personalized recommendations.",0,"### Decision:
I'll **search another firm** (choose number 2) because: 
- Current firm's profit is negative (-0.22), so buying now yields loss.
- Searching next firm costs only 0.02, which is small compared to potential positive profit from next firm.","C19 Search #1 (Searched:1/2, SearchCost:0.00, BestProfit:-0.22@F0) → Purchase F0",-0.26
2,1,C20,True,"yes  
Sharing data reduces search cost with 2 firms, outweighing small privacy cost.",0,"### Decision:
I'll **purchase Firm 0** (choose number 0) because: 
- The potential profit (0.37) is positive and significant compared to the search cost (0.02).
- Further searching costs 0.02 and may not increase profit enough to justify the cost.","C20 Search #1 (Searched:1/2, SearchCost:0.00, BestProfit:0.37@F0) → Purchase F0",0.33
2,2,C1,True,"yes  
Reducing search cost outweighs small privacy value with 2 firms.",-1,"### Decision:
I'll **leave** (choose number -1) because:  
- The only searched firm offers negative profit (-0.13).  
- Further search is not possible (only 2 firms total, already searched 1).  
- Buying results in loss, so better to leave.","C1 Search #1 (Searched:1/2, SearchCost:0.00, BestProfit:-0.13@F0) → Leave Market",-0.04
2,2,C2,True,"yes, personalized recommendations reduce search cost with 2 firms",-1,"### Decision:
I'll **leave** (choose number -1) because:  
- The only searched firm has negative profit (-0.06)  
- Searching another firm costs 0.02 and may not yield positive profit, risking negative total revenue","C2 Search #1 (Searched:1/2, SearchCost:0.00, BestProfit:-0.06@F1) → Leave Market",-0.03
2,2,C3,True,"yes, because personalized recommendations reduce search cost more than the privacy loss.",0,"### Decision:
I'll **purchase Firm 0** (choose number 0) because:  
- The potential profit (0.03) is positive.  
- Searching another firm costs 0.02 and may not improve profit enough to justify the cost.","C3 Search #1 (Searched:1/2, SearchCost:0.00, BestProfit:0.03@F0) → Purchase F0",0.0
2,2,C4,True,"yes, reduced search cost outweighs small privacy value",-1,"### Decision:
I'll **leave** (choose number -1) because: 
- The only searched firm has negative profit (-0.09)
- Searching costs 0.02 and potential profit gain is uncertain and likely insufficient to cover search cost plus privacy value","C4 Search #1 (Searched:1/2, SearchCost:0.00, BestProfit:-0.09@F1) → Leave Market",-0.05
2,2,C5,True,"yes, reduced search cost outweighs small privacy value",0,"### Decision:
I'll **purchase Firm 0** (choose number 0) because: 
- Positive profit (0.01) is available from the searched firm
- Further search costs 0.02, which is greater than the current profit potential","C5 Search #1 (Searched:1/2, SearchCost:0.00, BestProfit:0.01@F0) → Purchase F0",-0.02
2,2,C6,True,yes  \nLow privacy cost compared to potential search cost savings with 2 firms and personalized recommendations.,-1,"### Decision:
I'll **leave** (choose number -1) because:  
- Both firms have negative profit  
- No positive gain from purchasing  
- Search cost already incurred makes purchase unprofitable","C6 Search #1 (Searched:1/2, SearchCost:0.00, BestProfit:-0.38@F1) → Search Next; C6 Search #2 (Searched:2/2, SearchCost:0.02, BestProfit:-0.38@F1) → Leave Market",-0.07
2,2,C7,True,"yes, reduced search cost outweighs small privacy value",-1,"### Decision:
I'll **leave** (choose number -1) because: 
- The only searched firm offers negative profit (-0.16).
- Searching costs 0.02, which is not justified given low privacy value and current negative profit.","C7 Search #1 (Searched:1/2, SearchCost:0.00, BestProfit:-0.16@F1) → Leave Market",-0.05
2,2,C8,True,"yes, because sharing data reduces search cost and improves search efficiency, outweighing the small privacy cost.",-1,"### Decision:
I'll **leave** (choose number -1) because:  
- The only searched firm offers negative profit (-0.14).  
- Searching more firms is impossible or not beneficial.","C8 Search #1 (Searched:1/2, SearchCost:0.00, BestProfit:-0.14@F1) → Leave Market",-0.05
2,2,C9,True,"yes, personalized recommendations reduce search cost with 2 firms.",1,"### Decision:
I'll **purchase Firm 1** (choose number 1) because: 
- Positive profit of 0.19 is good  
- Additional search cost of 0.02 may reduce profit below zero","C9 Search #1 (Searched:1/2, SearchCost:0.00, BestProfit:0.19@F1) → Purchase F1",0.15
2,2,C10,True,"yes, reduced search cost outweighs small privacy value.",-1,"### Decision:
I'll **leave** (choose number -1) because:  
- The only searched firm has negative profit (-0.26).  
- Searching the other firm will cost 0.02 and may not improve profit enough to justify cost.","C10 Search #1 (Searched:1/2, SearchCost:0.00, BestProfit:-0.26@F1) → Leave Market",-0.06
2,2,C11,True,yes Privacy cost (0.047) is less than potential search cost savings from personalized recommendations.,-1,"### Decision:
I'll **leave** (choose number -1) because: 
- The only searched firm has negative profit (-0.07).
- Searching the next firm costs 0.02 and may not yield positive profit, risking further loss.","C11 Search #1 (Searched:1/2, SearchCost:0.00, BestProfit:-0.07@F1) → Leave Market",-0.05
2,2,C12,True,"yes  
Reducing search cost with personalized recommendations outweighs small privacy cost.",-1,"### Decision:
I'll **leave** (choose number -1) because:  
- Both firms offer negative profit (-0.37 and -0.45)  
- Additional search not possible and purchase leads to loss","C12 Search #1 (Searched:1/2, SearchCost:0.00, BestProfit:-0.37@F0) → Search Next; C12 Search #2 (Searched:2/2, SearchCost:0.02, BestProfit:-0.37@F0) → Leave Market",-0.06
2,2,C13,True,"yes, because with 2 firms, personalized recommendations reduce search cost enough to outweigh the small privacy cost.",0,"### Decision:
I'll **search another firm** (choose number 2) because:  
- Current firm's profit is negative (-0.33), no incentive to buy now  
- Searching next firm may yield positive profit despite 0.02 cost due to personalized recommendations reducing search cost overall","C13 Search #1 (Searched:1/2, SearchCost:0.00, BestProfit:-0.33@F0) → Purchase F0",-0.36
2,2,C14,True,"yes, because sharing data reduces search cost and improves decision efficiency with 2 firms.",1,"### Decision:
I'll **purchase Firm 1** (choose number 1) because:  
- The potential profit (0.14) is positive and exceeds the privacy cost (0.048).  
- Searching another firm costs 0.02 and may not improve profit enough to justify the cost.","C14 Search #1 (Searched:1/2, SearchCost:0.00, BestProfit:0.14@F1) → Purchase F1",0.09
2,2,C15,True,"yes, because sharing data reduces search cost and improves recommendation accuracy with 2 firms.",1,"### Decision:
I'll **purchase Firm 1** (choose number 1) because:  
- Positive profit (0.23) found  
- Additional search cost (0.02) may reduce overall revenue","C15 Search #1 (Searched:1/2, SearchCost:0.00, BestProfit:0.23@F1) → Purchase F1",0.18
2,2,C16,True,"yes, personalized recommendations will reduce search cost and improve purchase decisions.",-1,"### Decision:
I'll **leave** (choose number -1) because:  
- The only searched firm offers negative profit (-0.39)  
- Further search may cost 0.02, risking more loss given low valuation and price","C16 Search #1 (Searched:1/2, SearchCost:0.00, BestProfit:-0.39@F0) → Leave Market",-0.05
2,2,C17,True,"yes, personalized recommendations reduce search cost and improve total revenue.",-1,"### Decision:
I'll **leave** (choose number -1) because:  
- Both firms have negative profit (-0.16 and -0.66).  
- Searching more is not possible and buying leads to loss.","C17 Search #1 (Searched:1/2, SearchCost:0.00, BestProfit:-0.16@F1) → Search Next; C17 Search #2 (Searched:2/2, SearchCost:0.02, BestProfit:-0.16@F1) → Leave Market",-0.06
2,2,C18,True,"yes, reduced search cost outweighs small privacy value",0,"### Decision:
I'll **purchase Firm 0** (choose number 0) because:  
- The profit (0.29) is positive and covers the search cost.  
- Searching the next firm costs 0.02 and may not yield better profit, risking lower total revenue.","C18 Search #1 (Searched:1/2, SearchCost:0.00, BestProfit:0.29@F0) → Purchase F0",0.26
2,2,C19,True,"yes, privacy cost (0.041) is less than potential search cost savings from personalized recommendations.",0,"### Decision:
I'll **search another firm** (choose number 2) because: 
- Current firm's profit is negative (-0.32), so buying now yields loss.
- Searching next firm costs only 0.02, which is small compared to potential positive profit from next firm.","C19 Search #1 (Searched:1/2, SearchCost:0.00, BestProfit:-0.32@F0) → Purchase F0",-0.36
2,2,C20,True,"yes  
Sharing data reduces search cost and improves search efficiency, outweighing the small privacy cost.",0,"### Decision:
I'll **purchase Firm 0** (choose number 0) because:  
- The potential profit (0.27) is positive and exceeds the search cost of 0.02 for another search.  
- Further searching may not increase profit enough to justify the additional search cost.","C20 Search #1 (Searched:1/2, SearchCost:0.00, BestProfit:0.27@F0) → Purchase F0",0.23
2,3,C1,True,"yes  
Reducing search cost outweighs small privacy value with 2 firms.",-1,"### Decision:
I'll **leave** (choose number -1) because:  
- Both firms offer negative profit (-0.18 and -0.44).  
- Further search is not possible.  
- Buying results in a loss, so better to leave.","C1 Search #1 (Searched:1/2, SearchCost:0.00, BestProfit:-0.18@F0) → Search Next; C1 Search #2 (Searched:2/2, SearchCost:0.02, BestProfit:-0.18@F0) → Leave Market",-0.06
2,3,C2,True,"yes, personalized recommendations reduce search cost with 2 firms.",1,"### Decision:
I'll **purchase Firm 1** (choose number 1) because: 
- Positive profit (0.04) is already available 
- Further search costs (0.02) may reduce net revenue below zero","C2 Search #1 (Searched:1/2, SearchCost:0.00, BestProfit:0.04@F1) → Purchase F1",0.01
2,3,C3,True,"yes, because personalized recommendations reduce search cost more than the privacy loss.",-1,"### Decision:
I'll **leave** (choose number -1) because:  
- The only searched firm has negative profit (-0.02)  
- Searching another firm costs 0.02 and may not improve profit enough to justify the cost","C3 Search #1 (Searched:1/2, SearchCost:0.00, BestProfit:-0.02@F0) → Leave Market",-0.03
2,3,C4,True,"yes, reduced search cost outweighs small privacy value",1,"### Decision:
I'll **purchase Firm 1** (choose number 1) because: 
- The potential profit is positive (0.01).
- Further search costs 0.02, which outweighs the small profit gain.","C4 Search #1 (Searched:1/2, SearchCost:0.00, BestProfit:0.01@F1) → Purchase F1",-0.04
2,3,C5,True,"yes, reduced search cost outweighs small privacy value",-1,"### Decision:
I'll **leave** (choose number -1) because: 
- The only searched firm has negative profit (-0.04)
- Searching costs 0.02 and potential profit is unlikely to cover it given current valuations","C5 Search #1 (Searched:1/2, SearchCost:0.00, BestProfit:-0.04@F0) → Leave Market",-0.04
2,3,C6,True,yes  Low privacy cost vs. potential search cost savings with 2 firms and personalized recommendations.,-1,"### Decision:
I'll **leave** (choose number -1) because:  
- Both firms have negative profit  
- No positive gain from purchasing  
- Search cost already incurred makes purchase unprofitable","C6 Search #1 (Searched:1/2, SearchCost:0.00, BestProfit:-0.28@F1) → Search Next; C6 Search #2 (Searched:2/2, SearchCost:0.02, BestProfit:-0.28@F1) → Leave Market",-0.07
2,3,C7,True,"yes, reduced search cost outweighs small privacy value",-1,"### Decision:
I'll **leave** (choose number -1) because: 
- The only searched firm offers negative profit (-0.06).
- Searching costs 0.02, which is not justified given low privacy value and current negative profit.","C7 Search #1 (Searched:1/2, SearchCost:0.00, BestProfit:-0.06@F1) → Leave Market",-0.05
2,3,C8,True,"yes, because sharing data reduces search cost and improves search efficiency, outweighing the small privacy cost.",-1,"### Decision:
I'll **leave** (choose number -1) because:  
- Both firms have negative profit (-0.04 and -0.54)  
- No further firms to search and buying results in loss","C8 Search #1 (Searched:1/2, SearchCost:0.00, BestProfit:-0.04@F1) → Search Next; C8 Search #2 (Searched:2/2, SearchCost:0.02, BestProfit:-0.04@F1) → Leave Market",-0.07
2,3,C9,True,"yes, personalized recommendations reduce search cost with 2 firms.",1,"### Decision:
I'll **purchase Firm 1** (choose number 1) because: 
- Positive profit of 0.29 is good
- Additional search cost of 0.02 may reduce profit below zero","C9 Search #1 (Searched:1/2, SearchCost:0.00, BestProfit:0.29@F1) → Purchase F1",0.25
2,3,C10,True,"yes, reduced search cost outweighs small privacy value",-1,"### Decision:
I'll **leave** (choose number -1) because:  
- The only searched firm has negative profit (-0.16).  
- Searching the other firm will cost 0.02 and is unlikely to yield positive profit.","C10 Search #1 (Searched:1/2, SearchCost:0.00, BestProfit:-0.16@F1) → Leave Market",-0.06
2,3,C11,True,yes Privacy cost (0.047) is less than potential search cost savings from personalized recommendations.,1,"### Decision:
I'll **purchase Firm 1** (choose number 1) because: 
- The potential profit is positive (0.03).
- Additional search cost may reduce net revenue, and the first search is free.","C11 Search #1 (Searched:1/2, SearchCost:0.00, BestProfit:0.03@F1) → Purchase F1",-0.02
2,3,C12,True,"yes  
Reducing search cost with personalized recommendations outweighs small privacy cost.",-1,"### Decision:
I'll **leave** (choose number -1) because:  
- Both firms offer negative profit (-0.42 and -0.35)  
- No positive profit option, further search impossible","C12 Search #1 (Searched:1/2, SearchCost:0.00, BestProfit:-0.42@F0) → Search Next; C12 Search #2 (Searched:2/2, SearchCost:0.02, BestProfit:-0.35@F1) → Leave Market",-0.06
2,3,C13,True,"yes, because sharing data reduces search cost and improves search efficiency with 2 firms, outweighing the small privacy cost.",0,"### Decision:
I'll **search another firm** (choose number 2) because:  
- Current firm's profit is negative (-0.38), no incentive to buy now  
- Searching next firm may yield positive profit despite 0.02 cost due to personalized recommendations reducing search cost overall","C13 Search #1 (Searched:1/2, SearchCost:0.00, BestProfit:-0.38@F0) → Purchase F0",-0.4
2,3,C14,True,"yes, because sharing data reduces search cost and improves decision efficiency with 2 firms.",1,"### Decision:
I'll **purchase Firm 1** (choose number 1) because:  
- The potential profit (0.24) is positive and exceeds privacy and search costs.  
- Searching costs 0.02 and may not yield better profit.","C14 Search #1 (Searched:1/2, SearchCost:0.00, BestProfit:0.24@F1) → Purchase F1",0.19
2,3,C15,True,"yes, because sharing data reduces search cost and improves recommendation accuracy with 2 firms",1,"### Decision:
I'll **purchase Firm 1** (choose number 1) because:  
- Positive profit (0.33) already found  
- Additional search cost (0.02) may reduce overall revenue","C15 Search #1 (Searched:1/2, SearchCost:0.00, BestProfit:0.33@F1) → Purchase F1",0.28
2,3,C16,True,"yes, personalized recommendations will reduce search cost and improve purchase decisions.",-1,"### Decision:
I'll **leave** (choose number -1) because:  
- The only searched firm offers negative profit (-0.44)  
- Searching another firm costs 0.02 and profit potential is low, risking loss","C16 Search #1 (Searched:1/2, SearchCost:0.00, BestProfit:-0.44@F0) → Leave Market",-0.05
2,3,C17,True,"yes, personalized recommendations reduce search cost and improve total revenue.",-1,"### Decision:
I'll **leave** (choose number -1) because:  
- The only searched firm offers negative profit (-0.06).  
- Searching more costs 0.02, likely worsening net revenue.","C17 Search #1 (Searched:1/2, SearchCost:0.00, BestProfit:-0.06@F1) → Leave Market",-0.04
2,3,C18,True,"yes, reduced search cost outweighs small privacy value",0,"### Decision:
I'll **purchase Firm 0** (choose number 0) because:  
- The profit (0.24) is positive and covers the search cost.  
- Searching costs 0.02 and may not improve profit enough to increase total revenue.","C18 Search #1 (Searched:1/2, SearchCost:0.00, BestProfit:0.24@F0) → Purchase F0",0.22
2,3,C19,True,"yes, privacy cost is less than potential search cost savings from personalized recommendations.",0,"### Decision:
I'll **search another firm** (choose number 2) because: 
- Current firm's profit is negative (-0.37), so buying now yields loss.
- Searching next firm costs only 0.02, which is small compared to potential positive profit from next firm.","C19 Search #1 (Searched:1/2, SearchCost:0.00, BestProfit:-0.37@F0) → Purchase F0",-0.41
2,3,C20,True,"yes  Sharing data reduces search cost and improves efficiency, outweighing small privacy cost.",0,"### Decision:
I'll **purchase Firm 0** (choose number 0) because:  
- The potential profit (0.22) is positive and exceeds the search cost of 0.02 for another search.  
- Further searching may not increase profit enough to justify the additional search cost.","C20 Search #1 (Searched:1/2, SearchCost:0.00, BestProfit:0.22@F0) → Purchase F0",0.18
2,4,C1,True,"yes  
Reducing search cost outweighs small privacy value with 2 firms.",-1,"### Decision:
I'll **leave** (choose number -1) because:  
- Both firms offer negative profit (-0.13 and -0.44).  
- Further search is not possible.  
- Buying results in a loss, so better to leave.","C1 Search #1 (Searched:1/2, SearchCost:0.00, BestProfit:-0.13@F0) → Search Next; C1 Search #2 (Searched:2/2, SearchCost:0.02, BestProfit:-0.13@F0) → Leave Market",-0.06
2,4,C2,True,"yes, personalized recommendations reduce search cost with 2 firms.",1,"### Decision:
I'll **purchase Firm 1** (choose number 1) because: 
- Positive profit (0.04) is available
- Further search costs (0.02) may reduce net revenue below zero","C2 Search #1 (Searched:1/2, SearchCost:0.00, BestProfit:0.04@F1) → Purchase F1",0.01
2,4,C3,True,"yes, personalized recommendations reduce search cost more than the privacy loss.",0,"### Decision:
I'll **purchase Firm 0** (choose number 0) because:  
- The potential profit (0.03) is positive.  
- Searching another firm costs 0.02 and may not improve profit enough to justify the cost.","C3 Search #1 (Searched:1/2, SearchCost:0.00, BestProfit:0.03@F0) → Purchase F0",0.0
2,4,C4,True,"yes, reduced search cost outweighs small privacy value",1,"### Decision:
I'll **purchase Firm 1** (choose number 1) because: 
- The potential profit is positive (0.01)
- Further search costs 0.02, which outweighs the small profit gain","C4 Search #1 (Searched:1/2, SearchCost:0.00, BestProfit:0.01@F1) → Purchase F1",-0.04
2,4,C5,True,"yes, reduced search cost outweighs small privacy value",0,"### Decision:
I'll **purchase Firm 0** (choose number 0) because: 
- Positive profit (0.01) exists 
- Further search cost (0.02) outweighs potential gain","C5 Search #1 (Searched:1/2, SearchCost:0.00, BestProfit:0.01@F0) → Purchase F0",-0.02
2,4,C6,True,yes  Low privacy cost compared to potential search cost savings with 2 firms and personalized recommendations.,-1,"### Decision:
I'll **leave** (choose number -1) because:  
- Both firms yield negative profit  
- Search cost incurred makes purchase unprofitable","C6 Search #1 (Searched:1/2, SearchCost:0.00, BestProfit:-0.28@F1) → Search Next; C6 Search #2 (Searched:2/2, SearchCost:0.02, BestProfit:-0.28@F1) → Leave Market",-0.07
2,4,C7,True,"yes, reduced search cost outweighs small privacy value",-1,"### Decision:
I'll **leave** (choose number -1) because:  
- The only searched firm offers negative profit (-0.06).  
- Searching costs 0.02, which is not justified given low privacy value and current negative profit.","C7 Search #1 (Searched:1/2, SearchCost:0.00, BestProfit:-0.06@F1) → Leave Market",-0.05
2,4,C8,True,"yes, sharing data reduces search cost and improves search efficiency, outweighing the small privacy cost.",-1,"### Decision:
I'll **leave** (choose number -1) because:  
- The only searched firm offers negative profit (-0.04).  
- Searching more firms is not beneficial or possible.","C8 Search #1 (Searched:1/2, SearchCost:0.00, BestProfit:-0.04@F1) → Leave Market",-0.05
2,4,C9,True,"yes, personalized recommendations reduce search cost with 2 firms.",1,"### Decision:
I'll **purchase Firm 1** (choose number 1) because:  
- Positive profit of 0.29 is good  
- Additional search cost of 0.02 may reduce profit below zero","C9 Search #1 (Searched:1/2, SearchCost:0.00, BestProfit:0.29@F1) → Purchase F1",0.25
2,4,C10,True,"yes, reduced search cost outweighs small privacy value",-1,"### Decision:
I'll **leave** (choose number -1) because:  
- Both firms have negative profit (-0.16 and -0.64).  
- Further search is impossible and buying results in a loss.","C10 Search #1 (Searched:1/2, SearchCost:0.00, BestProfit:-0.16@F1) → Search Next; C10 Search #2 (Searched:2/2, SearchCost:0.02, BestProfit:-0.16@F1) → Leave Market",-0.07
2,4,C11,True,yes Privacy cost (0.047) is less than potential search cost savings from personalized recommendations.,1,"### Decision:
I'll **purchase Firm 1** (choose number 1) because:  
- The potential profit is positive (0.03).  
- Additional search cost (0.02) may reduce net revenue, and the first search is free.","C11 Search #1 (Searched:1/2, SearchCost:0.00, BestProfit:0.03@F1) → Purchase F1",-0.02
2,4,C12,True,"yes  
Reducing search cost with personalized recommendations outweighs small privacy cost.",-1,"### Decision:
I'll **leave** (choose number -1) because:  
- Current firm offers negative profit (-0.37)  
- Only 2 firms available and no positive profit expected from next firm  
- Searching costs 0.02 and likely no gain from purchase","C12 Search #1 (Searched:1/2, SearchCost:0.00, BestProfit:-0.37@F0) → Leave Market",-0.04
2,4,C13,True,"yes, because sharing data reduces search cost and improves search efficiency with 2 firms, outweighing the small privacy cost.",0,"### Decision:
I'll **search another firm** (choose number 2) because: 
- Current firm's profit is negative (-0.33), no incentive to buy now
- Searching next firm may yield positive profit despite 0.02 cost due to personalized recommendations reducing search cost overall","C13 Search #1 (Searched:1/2, SearchCost:0.00, BestProfit:-0.33@F0) → Purchase F0",-0.36
2,4,C14,True,"yes, sharing data reduces search cost and improves decision efficiency with 2 firms.",1,"### Decision:
I'll **purchase Firm 1** (choose number 1) because:  
- The potential profit (0.24) is positive and exceeds privacy and search costs.  
- Searching costs 0.02 and may not yield better profit.","C14 Search #1 (Searched:1/2, SearchCost:0.00, BestProfit:0.24@F1) → Purchase F1",0.19
2,4,C15,True,"yes, sharing data reduces search cost and improves recommendation accuracy with 2 firms.",1,"### Decision:
I'll **purchase Firm 1** (choose number 1) because:  
- Positive profit (0.33) found  
- Additional search cost (0.02) may reduce overall revenue","C15 Search #1 (Searched:1/2, SearchCost:0.00, BestProfit:0.33@F1) → Purchase F1",0.28
2,4,C16,True,"yes, personalized recommendations reduce search cost and improve decision-making.",-1,"### Decision:
I'll **leave** (choose number -1) because:  
- The only searched firm offers negative profit (-0.39)  
- Searching next firm costs 0.02 with low chance of positive profit and overall loss risk","C16 Search #1 (Searched:1/2, SearchCost:0.00, BestProfit:-0.39@F0) → Leave Market",-0.05
2,4,C17,True,"yes, personalized recommendations reduce search cost and improve total revenue.",-1,"### Decision:
I'll **leave** (choose number -1) because:  
- Both firms offer negative profit (-0.06 and -0.66)  
- Searching more is not possible and buying leads to loss","C17 Search #1 (Searched:1/2, SearchCost:0.00, BestProfit:-0.06@F1) → Search Next; C17 Search #2 (Searched:2/2, SearchCost:0.02, BestProfit:-0.06@F1) → Leave Market",-0.06
2,4,C18,True,"yes, reduced search cost outweighs small privacy value",0,"### Decision:
I'll **purchase Firm 0** (choose number 0) because:  
- The profit (0.29) is positive and covers search cost.  
- Searching costs 0.02 and may not yield better profit, risking lower total revenue.","C18 Search #1 (Searched:1/2, SearchCost:0.00, BestProfit:0.29@F0) → Purchase F0",0.26
2,4,C19,True,"yes, privacy cost is less than potential search cost savings from personalized recommendations",0,"### Decision:
I'll **search another firm** (choose number 2) because:  
- Current firm's profit is negative (-0.32), so buying now yields loss.  
- Searching next firm costs only 0.02, which is small compared to potential positive profit from next firm.","C19 Search #1 (Searched:1/2, SearchCost:0.00, BestProfit:-0.32@F0) → Purchase F0",-0.36
2,4,C20,True,"yes  Sharing data reduces search cost and improves search efficiency, outweighing small privacy cost.",0,"### Decision:
I'll **purchase Firm 0** (choose number 0) because:  
- The potential profit (0.27) is positive and exceeds the search cost of 0.02 for another search.  
- Further searching may not increase profit enough to justify the additional search cost.","C20 Search #1 (Searched:1/2, SearchCost:0.00, BestProfit:0.27@F0) → Purchase F0",0.23
2,5,C1,True,yes  Reducing search cost outweighs small privacy value with 2 firms.,-1,"### Decision:
I'll **leave** (choose number -1) because:  
- Both firms offer negative profit (-0.18 and -0.44).  
- Further search is not possible.  
- Buying results in a loss, so better to leave.","C1 Search #1 (Searched:1/2, SearchCost:0.00, BestProfit:-0.18@F0) → Search Next; C1 Search #2 (Searched:2/2, SearchCost:0.02, BestProfit:-0.18@F0) → Leave Market",-0.06
2,5,C2,True,"yes, personalized recommendations reduce search cost with 2 firms",1,"### Decision:
I'll **purchase Firm 1** (choose number 1) because:  
- Positive profit (0.04) is already available  
- Further search costs (0.02) may reduce net revenue below zero","C2 Search #1 (Searched:1/2, SearchCost:0.00, BestProfit:0.04@F1) → Purchase F1",0.01
2,5,C3,True,"yes, personalized recommendations reduce search cost more than the privacy loss",-1,"### Decision:
I'll **leave** (choose number -1) because:  
- The only searched firm has negative profit (-0.02)  
- Searching another firm costs 0.02 and may not improve profit enough to justify the cost","C3 Search #1 (Searched:1/2, SearchCost:0.00, BestProfit:-0.02@F0) → Leave Market",-0.03
2,5,C4,True,"yes, reduced search cost outweighs small privacy value",1,"### Decision:
I'll **purchase Firm 1** (choose number 1) because: 
- The potential profit is positive (0.01).
- Further search costs 0.02, which outweighs the small profit gain.","C4 Search #1 (Searched:1/2, SearchCost:0.00, BestProfit:0.01@F1) → Purchase F1",-0.04
2,5,C5,True,"yes, reduced search cost outweighs small privacy value",-1,"### Decision:
I'll **leave** (choose number -1) because: 
- The only searched firm has negative profit (-0.04)
- Searching costs 0.02 and potential profit is unlikely to cover it given current valuations","C5 Search #1 (Searched:1/2, SearchCost:0.00, BestProfit:-0.04@F0) → Leave Market",-0.04
2,5,C6,True,yes  Low privacy cost vs. potential search cost savings with 2 firms and personalized recommendations.,-1,"### Decision:
I'll **leave** (choose number -1) because:  
- Both firms have negative profit  
- No positive gain from purchasing  
- Search cost already incurred makes purchase unprofitable","C6 Search #1 (Searched:1/2, SearchCost:0.00, BestProfit:-0.28@F1) → Search Next; C6 Search #2 (Searched:2/2, SearchCost:0.02, BestProfit:-0.28@F1) → Leave Market",-0.07
2,5,C7,True,"yes, reduced search cost outweighs small privacy value",-1,"### Decision:
I'll **leave** (choose number -1) because:  
- The only searched firm offers negative profit (-0.06).  
- Searching costs 0.02, which is not justified given low privacy value and current negative profit.","C7 Search #1 (Searched:1/2, SearchCost:0.00, BestProfit:-0.06@F1) → Leave Market",-0.05
2,5,C8,True,"yes, because sharing data reduces search cost and improves search efficiency, outweighing the small privacy cost.",-1,"### Decision:
I'll **leave** (choose number -1) because:  
- The only searched firm offers negative profit (-0.04).  
- Searching more firms is impossible or not beneficial.","C8 Search #1 (Searched:1/2, SearchCost:0.00, BestProfit:-0.04@F1) → Leave Market",-0.05
2,5,C9,True,"yes, personalized recommendations reduce search cost with 2 firms.",1,"### Decision:
I'll **purchase Firm 1** (choose number 1) because: 
- Positive profit of 0.29 is good
- Additional search cost of 0.02 may reduce profit below zero","C9 Search #1 (Searched:1/2, SearchCost:0.00, BestProfit:0.29@F1) → Purchase F1",0.25
2,5,C10,True,"yes, reduced search cost outweighs small privacy value",-1,"### Decision:
I'll **leave** (choose number -1) because:  
- The only searched firm has negative profit (-0.16).  
- Searching the other firm costs 0.02 and is unlikely to yield positive profit.","C10 Search #1 (Searched:1/2, SearchCost:0.00, BestProfit:-0.16@F1) → Leave Market",-0.06
2,5,C11,True,yes Privacy cost (0.047) is less than potential search cost savings from personalized recommendations.,1,"### Decision:
I'll **purchase Firm 1** (choose number 1) because:  
- The potential profit is positive (0.03).  
- Additional search cost (0.02) may reduce net revenue, and the first search is free.","C11 Search #1 (Searched:1/2, SearchCost:0.00, BestProfit:0.03@F1) → Purchase F1",-0.02
2,5,C12,True,"yes  
Reducing search cost with personalized recommendations outweighs small privacy cost.",-1,"### Decision:
I'll **leave** (choose number -1) because:  
- Current firm offers negative profit (-0.42)  
- Searching next firm costs 0.02 with low chance of positive profit  
- Avoid further losses and search cost","C12 Search #1 (Searched:1/2, SearchCost:0.00, BestProfit:-0.42@F0) → Leave Market",-0.04
2,5,C13,True,"yes, because sharing data reduces search cost and improves search efficiency with 2 firms, outweighing the small privacy cost.",0,"### Decision:
I'll **search another firm** (choose number 2) because: 
- Current firm's profit is negative (-0.38), no incentive to buy now
- Searching next firm may yield positive profit despite 0.02 cost due to personalized recommendations reducing search cost overall","C13 Search #1 (Searched:1/2, SearchCost:0.00, BestProfit:-0.38@F0) → Purchase F0",-0.4
2,5,C14,True,"yes, because sharing data reduces search cost and improves decision efficiency with 2 firms.",1,"### Decision:
I'll **purchase Firm 1** (choose number 1) because:  
- The potential profit (0.24) is positive and exceeds privacy and search costs.  
- Searching costs 0.02 and may not yield better profit.","C14 Search #1 (Searched:1/2, SearchCost:0.00, BestProfit:0.24@F1) → Purchase F1",0.19
2,5,C15,True,"yes, because sharing data reduces search cost and improves recommendation accuracy with 2 firms.",1,"### Decision:
I'll **purchase Firm 1** (choose number 1) because:  
- Positive profit (0.33) found  
- Additional search cost (0.02) may reduce overall revenue","C15 Search #1 (Searched:1/2, SearchCost:0.00, BestProfit:0.33@F1) → Purchase F1",0.28
2,5,C16,True,"yes, personalized recommendations reduce search cost and improve decision-making.",-1,"### Decision:
I'll **leave** (choose number -1) because:  
- The only searched firm offers negative profit (-0.44)  
- Searching next firm costs 0.02 with low chance of positive profit and overall loss risk","C16 Search #1 (Searched:1/2, SearchCost:0.00, BestProfit:-0.44@F0) → Leave Market",-0.05
2,5,C17,True,"yes, personalized recommendations reduce search cost and improve total revenue.",-1,"### Decision:
I'll **leave** (choose number -1) because:  
- The only searched firm has negative profit (-0.06).  
- Searching more costs 0.02, likely worsening net revenue.","C17 Search #1 (Searched:1/2, SearchCost:0.00, BestProfit:-0.06@F1) → Leave Market",-0.04
2,5,C18,True,"yes, reduced search cost outweighs small privacy value",0,"### Decision:
I'll **purchase Firm 0** (choose number 0) because:  
- The profit (0.24) is positive and covers the zero search cost so far.  
- Searching costs 0.02 and may not yield better profit, risking lower total revenue.","C18 Search #1 (Searched:1/2, SearchCost:0.00, BestProfit:0.24@F0) → Purchase F0",0.22
2,5,C19,True,"yes, privacy cost is less than potential search cost savings from personalized recommendations",0,"### Decision:
I'll **search another firm** (choose number 2) because: 
- Current firm's profit is negative (-0.37), so buying now yields loss.
- Searching next firm costs only 0.02, which is small compared to potential positive profit from next firm.","C19 Search #1 (Searched:1/2, SearchCost:0.00, BestProfit:-0.37@F0) → Purchase F0",-0.41
2,5,C20,True,"yes  Sharing data reduces search cost and improves efficiency, outweighing small privacy cost.",0,"### Decision:
I'll **purchase Firm 0** (choose number 0) because:  
- The potential profit (0.22) is positive and exceeds the search cost of 0.02 for another search.  
- Further searching may not increase profit enough to justify the additional search cost.","C20 Search #1 (Searched:1/2, SearchCost:0.00, BestProfit:0.22@F0) → Purchase F0",0.18
2,6,C1,True,yes  Reducing search cost outweighs small privacy value with 2 firms.,-1,"### Decision:
I'll **leave** (choose number -1) because:  
- Both firms offer negative profit (-0.13 and -0.44).  
- Further search is not possible.  
- Buying results in a loss, so better to leave.","C1 Search #1 (Searched:1/2, SearchCost:0.00, BestProfit:-0.13@F0) → Search Next; C1 Search #2 (Searched:2/2, SearchCost:0.02, BestProfit:-0.13@F0) → Leave Market",-0.06
2,6,C2,True,"yes, personalized recommendations reduce search cost with 2 firms",1,"### Decision:
I'll **purchase Firm 1** (choose number 1) because:  
- Positive profit (0.04) is available  
- Further search costs (0.02) may reduce net revenue below zero","C2 Search #1 (Searched:1/2, SearchCost:0.00, BestProfit:0.04@F1) → Purchase F1",0.01
2,6,C3,True,"yes, personalized recommendations reduce search cost more than the privacy loss.",0,"### Decision:
I'll **purchase Firm 0** (choose number 0) because:  
- The potential profit (0.03) is positive.  
- Searching another firm costs 0.02 and may not improve profit enough to justify the cost.","C3 Search #1 (Searched:1/2, SearchCost:0.00, BestProfit:0.03@F0) → Purchase F0",0.0
2,6,C4,True,"yes, reduced search cost outweighs small privacy value",1,"### Decision:
I'll **purchase Firm 1** (choose number 1) because:  
- The potential profit is positive (0.01).  
- Further search costs 0.02, which outweighs the small profit gain.","C4 Search #1 (Searched:1/2, SearchCost:0.00, BestProfit:0.01@F1) → Purchase F1",-0.04
2,6,C5,True,"yes, reduced search cost outweighs small privacy value",0,"### Decision:
I'll **purchase Firm 0** (choose number 0) because: 
- Positive profit (0.01) is available from the searched firm
- Further search cost (0.02) outweighs potential gain","C5 Search #1 (Searched:1/2, SearchCost:0.00, BestProfit:0.01@F0) → Purchase F0",-0.02
2,6,C6,True,yes Low privacy cost vs. potential search cost savings with 2 firms and personalized recommendations.,-1,"### Decision:
I'll **leave** (choose number -1) because:  
- Both firms yield negative profit  
- Search cost incurred makes purchase unprofitable","C6 Search #1 (Searched:1/2, SearchCost:0.00, BestProfit:-0.28@F1) → Search Next; C6 Search #2 (Searched:2/2, SearchCost:0.02, BestProfit:-0.28@F1) → Leave Market",-0.07
2,6,C7,True,"yes, reduced search cost outweighs small privacy value",-1,"### Decision:
I'll **leave** (choose number -1) because:  
- The only searched firm offers negative profit (-0.06).  
- Searching costs 0.02, which is not justified given low privacy value and current negative profit.","C7 Search #1 (Searched:1/2, SearchCost:0.00, BestProfit:-0.06@F1) → Leave Market",-0.05
2,6,C8,True,"yes, because sharing data reduces search cost and improves search efficiency, outweighing the small privacy cost.",-1,"### Decision:
I'll **leave** (choose number -1) because:  
- The only searched firm offers negative profit (-0.04).  
- Searching more firms is unlikely to yield positive profit and costs 0.02.","C8 Search #1 (Searched:1/2, SearchCost:0.00, BestProfit:-0.04@F1) → Leave Market",-0.05
2,6,C9,True,"yes, personalized recommendations reduce search cost with 2 firms.",1,"### Decision:
I'll **purchase Firm 1** (choose number 1) because:  
- Positive profit of 0.29 is good  
- Additional search cost of 0.02 may reduce profit below zero","C9 Search #1 (Searched:1/2, SearchCost:0.00, BestProfit:0.29@F1) → Purchase F1",0.25
2,6,C10,True,"yes, reduced search cost outweighs small privacy value",-1,"### Decision:
I'll **leave** (choose number -1) because:  
- The only searched firm has negative profit (-0.16).  
- Searching the other firm costs 0.02 and is unlikely to yield positive profit.","C10 Search #1 (Searched:1/2, SearchCost:0.00, BestProfit:-0.16@F1) → Leave Market",-0.06
2,6,C11,True,yes Privacy cost (0.047) is less than potential search cost savings from personalized recommendations.,1,"### Decision:
I'll **purchase Firm 1** (choose number 1) because:  
- The potential profit is positive (0.03).  
- Additional search cost (0.02) may reduce net revenue, and the first search is free.","C11 Search #1 (Searched:1/2, SearchCost:0.00, BestProfit:0.03@F1) → Purchase F1",-0.02
2,6,C12,True,"yes  
Reducing search cost with personalized recommendations outweighs small privacy cost.",-1,"### Decision:
I'll **leave** (choose number -1) because:  
- Current firm offers negative profit (-0.37)  
- Searching next firm costs 0.02 with low chance of positive profit","C12 Search #1 (Searched:1/2, SearchCost:0.00, BestProfit:-0.37@F0) → Leave Market",-0.04
2,6,C13,True,"yes, because with 2 firms personalized recommendations reduce search cost enough to outweigh the small privacy cost",0,"### Decision:
I'll **search another firm** (choose number 2) because: 
- Current firm's profit is negative (-0.33), no incentive to buy now
- Searching next firm may yield positive profit despite 0.02 cost due to personalized recommendations reducing search cost overall","C13 Search #1 (Searched:1/2, SearchCost:0.00, BestProfit:-0.33@F0) → Purchase F0",-0.36
2,6,C14,True,"yes, because sharing data reduces search cost and improves decision efficiency with 2 firms.",1,"### Decision:
I'll **purchase Firm 1** (choose number 1) because:  
- The potential profit (0.24) is positive and exceeds privacy and search costs.  
- Searching costs 0.02 and may not yield better profit.","C14 Search #1 (Searched:1/2, SearchCost:0.00, BestProfit:0.24@F1) → Purchase F1",0.19
2,6,C15,True,"yes, sharing data reduces search cost and improves recommendation accuracy with 2 firms.",1,"### Decision:
I'll **purchase Firm 1** (choose number 1) because:  
- Positive profit (0.33) already found  
- Additional search cost (0.02) may reduce overall revenue","C15 Search #1 (Searched:1/2, SearchCost:0.00, BestProfit:0.33@F1) → Purchase F1",0.28
2,6,C16,True,"yes, personalized recommendations reduce search cost and improve decision-making.",-1,"### Decision:
I'll **leave** (choose number -1) because:  
- The only searched firm offers negative profit (-0.39)  
- Searching next firm costs 0.02 with low chance of positive profit and overall loss risk","C16 Search #1 (Searched:1/2, SearchCost:0.00, BestProfit:-0.39@F0) → Leave Market",-0.05
2,6,C17,True,"yes, personalized recommendations reduce search cost and improve total revenue.",-1,"### Decision:
I'll **leave** (choose number -1) because:  
- Both firms have negative profit (-0.06 and -0.66).  
- Searching more is not possible and buying leads to loss.","C17 Search #1 (Searched:1/2, SearchCost:0.00, BestProfit:-0.06@F1) → Search Next; C17 Search #2 (Searched:2/2, SearchCost:0.02, BestProfit:-0.06@F1) → Leave Market",-0.06
2,6,C18,True,"yes, reduced search cost outweighs small privacy value",0,"### Decision:
I'll **purchase Firm 0** (choose number 0) because:  
- The profit (0.29) is positive and covers the search cost.  
- Searching costs 0.02 and may not yield better profit, risking lower total revenue.","C18 Search #1 (Searched:1/2, SearchCost:0.00, BestProfit:0.29@F0) → Purchase F0",0.26
2,6,C19,True,"yes, privacy cost is less than potential search cost savings from personalized recommendations",0,"### Decision:
I'll **search another firm** (choose number 2) because:  
- Current firm's profit is negative (-0.32), so buying now yields loss.  
- Searching next firm costs only 0.02, which is small compared to potential positive profit from next firm.","C19 Search #1 (Searched:1/2, SearchCost:0.00, BestProfit:-0.32@F0) → Purchase F0",-0.36
2,6,C20,True,"yes  Sharing data reduces search cost and improves efficiency, outweighing small privacy cost.",0,"### Decision:
I'll **purchase Firm 0** (choose number 0) because:  
- The potential profit (0.27) is positive and exceeds the search cost of 0.02 for another search.  
- Further searching may not increase profit enough to justify the additional search cost.","C20 Search #1 (Searched:1/2, SearchCost:0.00, BestProfit:0.27@F0) → Purchase F0",0.23
2,7,C1,True,yes  Reducing search cost outweighs small privacy value with 2 firms.,-1,"### Decision:
I'll **leave** (choose number -1) because:  
- Both firms offer negative profit (-0.13 and -0.44).  
- Further search is not possible.  
- Buying results in a loss, so better to leave.","C1 Search #1 (Searched:1/2, SearchCost:0.00, BestProfit:-0.13@F0) → Search Next; C1 Search #2 (Searched:2/2, SearchCost:0.02, BestProfit:-0.13@F0) → Leave Market",-0.06
2,7,C2,True,"yes, personalized recommendations reduce search cost with 2 firms.",1,"### Decision:
I'll **purchase Firm 1** (choose number 1) because:  
- Positive profit (0.04) is already available  
- Further search cost (0.02) may reduce net revenue below zero","C2 Search #1 (Searched:1/2, SearchCost:0.00, BestProfit:0.04@F1) → Purchase F1",0.01
2,7,C3,True,"yes, personalized recommendations reduce search cost more than the privacy loss.",0,"### Decision:
I'll **purchase Firm 0** (choose number 0) because:  
- The potential profit (0.03) is positive.  
- Searching another firm costs 0.02 and may not improve profit enough to justify the cost.","C3 Search #1 (Searched:1/2, SearchCost:0.00, BestProfit:0.03@F0) → Purchase F0",0.0
2,7,C4,True,"yes, reduced search cost outweighs small privacy value",1,"### Decision:
I'll **purchase Firm 1** (choose number 1) because:  
- The potential profit is positive (0.01)  
- Further search costs 0.02, which outweighs the small profit gain","C4 Search #1 (Searched:1/2, SearchCost:0.00, BestProfit:0.01@F1) → Purchase F1",-0.04
2,7,C5,True,"yes, reduced search cost outweighs small privacy value",0,"### Decision:
I'll **purchase Firm 0** (choose number 0) because: 
- Positive profit (0.01) exists
- Further search cost (0.02) outweighs potential gain","C5 Search #1 (Searched:1/2, SearchCost:0.00, BestProfit:0.01@F0) → Purchase F0",-0.02
2,7,C6,True,yes  Low privacy cost vs. potential search cost savings with 2 firms and personalized recommendations.,-1,"### Decision:
I'll **leave** (choose number -1) because:  
- Both firms yield negative profit  
- Search cost incurred makes purchase unprofitable","C6 Search #1 (Searched:1/2, SearchCost:0.00, BestProfit:-0.28@F1) → Search Next; C6 Search #2 (Searched:2/2, SearchCost:0.02, BestProfit:-0.28@F1) → Leave Market",-0.07
2,7,C7,True,"yes, reduced search cost outweighs small privacy value",-1,"### Decision:
I'll **leave** (choose number -1) because:  
- The only searched firm offers negative profit (-0.06).  
- Searching costs 0.02, which is not justified given low privacy value and current negative profit.","C7 Search #1 (Searched:1/2, SearchCost:0.00, BestProfit:-0.06@F1) → Leave Market",-0.05
2,7,C8,True,"yes, because sharing data reduces search cost and improves search efficiency, outweighing the small privacy cost.",-1,"### Decision:
I'll **leave** (choose number -1) because:  
- The only searched firm offers negative profit (-0.04).  
- Searching more firms is not beneficial or possible.","C8 Search #1 (Searched:1/2, SearchCost:0.00, BestProfit:-0.04@F1) → Leave Market",-0.05
2,7,C9,True,"yes, personalized recommendations reduce search cost with 2 firms.",1,"### Decision:
I'll **purchase Firm 1** (choose number 1) because:  
- Positive profit of 0.29 is good  
- Additional search cost of 0.02 may reduce profit below zero","C9 Search #1 (Searched:1/2, SearchCost:0.00, BestProfit:0.29@F1) → Purchase F1",0.25
2,7,C10,True,"yes, reduced search cost outweighs small privacy value",-1,"### Decision:
I'll **leave** (choose number -1) because:  
- The only searched firm has negative profit (-0.16).  
- Searching the other firm costs 0.02 and is unlikely to yield positive profit.","C10 Search #1 (Searched:1/2, SearchCost:0.00, BestProfit:-0.16@F1) → Leave Market",-0.06
2,7,C11,True,yes Privacy cost (0.047) is less than potential search cost savings from personalized recommendations.,1,"### Decision:
I'll **purchase Firm 1** (choose number 1) because:  
- The potential profit is positive (0.03).  
- Additional search cost (0.02) may reduce net revenue, and the first search is free.","C11 Search #1 (Searched:1/2, SearchCost:0.00, BestProfit:0.03@F1) → Purchase F1",-0.02
2,7,C12,True,yes  Reducing search cost with personalized recommendations outweighs small privacy cost,-1,"### Decision:
I'll **leave** (choose number -1) because:  
- Current firm offers negative profit (-0.37)  
- Only 2 firms available and next firm unlikely to yield positive profit  
- Searching costs 0.02 with low expected gain","C12 Search #1 (Searched:1/2, SearchCost:0.00, BestProfit:-0.37@F0) → Leave Market",-0.04
2,7,C13,True,"yes, because personalized recommendations reduce search cost and improve efficiency with 2 firms, outweighing the small privacy cost.",0,"### Decision:
I'll **search another firm** (choose number 2) because:  
- Current firm's profit is negative (-0.33), no incentive to buy now  
- Searching next firm may yield positive profit despite 0.02 cost due to personalized recommendations reducing search cost overall","C13 Search #1 (Searched:1/2, SearchCost:0.00, BestProfit:-0.33@F0) → Purchase F0",-0.36
2,7,C14,True,"yes, because sharing data reduces search cost and improves decision efficiency with 2 firms.",1,"### Decision:
I'll **purchase Firm 1** (choose number 1) because:  
- The potential profit (0.24) is positive and exceeds privacy and search costs.  
- Searching costs 0.02 and may not yield better profit.","C14 Search #1 (Searched:1/2, SearchCost:0.00, BestProfit:0.24@F1) → Purchase F1",0.19
2,7,C15,True,"yes, sharing data reduces search cost and improves recommendation accuracy with 2 firms.",1,"### Decision:
I'll **purchase Firm 1** (choose number 1) because:  
- Positive profit (0.33) already found  
- Additional search cost (0.02) may reduce overall revenue","C15 Search #1 (Searched:1/2, SearchCost:0.00, BestProfit:0.33@F1) → Purchase F1",0.28
2,7,C16,True,"yes, personalized recommendations reduce search cost and improve decision-making.",-1,"### Decision:
I'll **leave** (choose number -1) because:  
- The only searched firm offers negative profit (-0.39)  
- Searching next firm costs 0.02 with low chance of positive profit and overall loss risk","C16 Search #1 (Searched:1/2, SearchCost:0.00, BestProfit:-0.39@F0) → Leave Market",-0.05
2,7,C17,True,"yes, personalized recommendations reduce search cost and improve total revenue.",-1,"### Decision:
I'll **leave** (choose number -1) because:  
- The only searched firm has negative profit (-0.06).  
- Searching more costs 0.02, likely worsening net revenue.","C17 Search #1 (Searched:1/2, SearchCost:0.00, BestProfit:-0.06@F1) → Leave Market",-0.04
2,7,C18,True,"yes, reduced search cost outweighs small privacy value",0,"### Decision:
I'll **purchase Firm 0** (choose number 0) because:  
- The profit (0.29) is positive and covers the search cost.  
- Searching costs 0.02 and may not yield better profit, risking lower total revenue.","C18 Search #1 (Searched:1/2, SearchCost:0.00, BestProfit:0.29@F0) → Purchase F0",0.26
2,7,C19,True,"yes, privacy cost (0.041) is less than potential search cost savings from personalized recommendations.",0,"### Decision:
I'll **search another firm** (choose number 2) because: 
- Current firm's profit is negative (-0.32), so buying now yields loss.
- Searching next firm costs only 0.02, which is small compared to potential positive profit from next firm.","C19 Search #1 (Searched:1/2, SearchCost:0.00, BestProfit:-0.32@F0) → Purchase F0",-0.36
2,7,C20,True,"yes  Sharing data reduces search cost and improves efficiency, outweighing small privacy cost.",0,"### Decision:
I'll **purchase Firm 0** (choose number 0) because:  
- The potential profit (0.27) is positive and exceeds the search cost of 0.02 for another search.  
- Further searching may not increase profit enough to justify the additional search cost.","C20 Search #1 (Searched:1/2, SearchCost:0.00, BestProfit:0.27@F0) → Purchase F0",0.23
2,8,C1,True,yes  Reducing search cost outweighs small privacy value with 2 firms.,-1,"### Decision:
I'll **leave** (choose number -1) because:  
- Both firms offer negative profit (-0.13 and -0.44).  
- Further search is not possible.  
- Buying results in a loss, so better to leave.","C1 Search #1 (Searched:1/2, SearchCost:0.00, BestProfit:-0.13@F0) → Search Next; C1 Search #2 (Searched:2/2, SearchCost:0.02, BestProfit:-0.13@F0) → Leave Market",-0.06
2,8,C2,True,"yes, personalized recommendations reduce search cost with 2 firms",1,"### Decision:
I'll **purchase Firm 1** (choose number 1) because:  
- Positive profit (0.04) is available  
- Further search cost (0.02) may reduce net revenue below zero","C2 Search #1 (Searched:1/2, SearchCost:0.00, BestProfit:0.04@F1) → Purchase F1",0.01
2,8,C3,True,"yes, personalized recommendations reduce search cost more than the privacy loss.",0,"### Decision:
I'll **purchase Firm 0** (choose number 0) because:  
- The potential profit (0.03) is positive.  
- Searching another firm costs 0.02 and may not improve profit enough to justify the cost.","C3 Search #1 (Searched:1/2, SearchCost:0.00, BestProfit:0.03@F0) → Purchase F0",0.0
2,8,C4,True,"yes, reduced search cost outweighs small privacy value",1,"### Decision:
I'll **purchase Firm 1** (choose number 1) because:  
- The potential profit is positive (0.01).  
- Further search costs 0.02, which outweighs the small profit gain.","C4 Search #1 (Searched:1/2, SearchCost:0.00, BestProfit:0.01@F1) → Purchase F1",-0.04
2,8,C5,True,"yes, reduced search cost outweighs small privacy value",0,"### Decision:
I'll **purchase Firm 0** (choose number 0) because: 
- Positive profit (0.01) exists
- Further search cost (0.02) outweighs potential gain","C5 Search #1 (Searched:1/2, SearchCost:0.00, BestProfit:0.01@F0) → Purchase F0",-0.02
2,8,C6,True,yes Low privacy cost vs. potential search cost savings with 2 firms and personalized recommendations.,-1,"### Decision:
I'll **leave** (choose number -1) because:  
- Both firms yield negative profit  
- Search cost incurred makes purchase unprofitable","C6 Search #1 (Searched:1/2, SearchCost:0.00, BestProfit:-0.28@F1) → Search Next; C6 Search #2 (Searched:2/2, SearchCost:0.02, BestProfit:-0.28@F1) → Leave Market",-0.07
2,8,C7,True,"yes, reduced search cost outweighs small privacy value",-1,"### Decision:
I'll **leave** (choose number -1) because:  
- The only searched firm offers negative profit (-0.06).  
- Searching costs 0.02, which is not justified given low privacy value and current negative profit.","C7 Search #1 (Searched:1/2, SearchCost:0.00, BestProfit:-0.06@F1) → Leave Market",-0.05
2,8,C8,True,"yes, because sharing data reduces search cost and improves search efficiency, outweighing the small privacy cost.",-1,"### Decision:
I'll **leave** (choose number -1) because:  
- The only searched firm offers negative profit (-0.04).  
- Searching more firms is not beneficial or possible.","C8 Search #1 (Searched:1/2, SearchCost:0.00, BestProfit:-0.04@F1) → Leave Market",-0.05
2,8,C9,True,"yes, personalized recommendations reduce search cost with 2 firms.",1,"### Decision:
I'll **purchase Firm 1** (choose number 1) because:  
- Positive profit of 0.29 is good  
- Additional search cost of 0.02 may reduce profit below zero","C9 Search #1 (Searched:1/2, SearchCost:0.00, BestProfit:0.29@F1) → Purchase F1",0.25
2,8,C10,True,"yes, reduced search cost outweighs small privacy value",-1,"### Decision:
I'll **leave** (choose number -1) because:  
- Both firms have negative profit (-0.16 and -0.64)  
- Further search is impossible and buying results in a loss","C10 Search #1 (Searched:1/2, SearchCost:0.00, BestProfit:-0.16@F1) → Search Next; C10 Search #2 (Searched:2/2, SearchCost:0.02, BestProfit:-0.16@F1) → Leave Market",-0.07
2,8,C11,True,yes Privacy cost (0.047) is less than potential search cost savings from personalized recommendations.,1,"### Decision:
I'll **purchase Firm 1** (choose number 1) because:  
- The potential profit is positive (0.03).  
- Additional search cost (0.02) may reduce net revenue, and the first search is free.","C11 Search #1 (Searched:1/2, SearchCost:0.00, BestProfit:0.03@F1) → Purchase F1",-0.02
2,8,C12,True,yes  Reducing search cost with personalized recommendations outweighs small privacy cost,-1,"### Decision:
I'll **leave** (choose number -1) because:  
- Current firm offers negative profit (-0.37)  
- Searching next firm costs 0.02 with low chance of positive profit","C12 Search #1 (Searched:1/2, SearchCost:0.00, BestProfit:-0.37@F0) → Leave Market",-0.04
2,8,C13,True,"yes, because sharing data reduces search cost and improves efficiency with 2 firms, outweighing the small privacy cost.",0,"### Decision:
I'll **search another firm** (choose number 2) because:  
- Current firm's profit is negative (-0.33), no incentive to buy now  
- Searching next firm may yield positive profit despite 0.02 cost due to personalized recommendations reducing search cost overall","C13 Search #1 (Searched:1/2, SearchCost:0.00, BestProfit:-0.33@F0) → Purchase F0",-0.36
2,8,C14,True,"yes, sharing data reduces search cost and improves decision efficiency with 2 firms.",1,"### Decision:
I'll **purchase Firm 1** (choose number 1) because:  
- The potential profit (0.24) is positive and exceeds privacy and search costs.  
- Searching costs 0.02 and is unlikely to yield better profit.","C14 Search #1 (Searched:1/2, SearchCost:0.00, BestProfit:0.24@F1) → Purchase F1",0.19
2,8,C15,True,"yes, because sharing data reduces search cost and improves recommendation accuracy with 2 firms.",1,"### Decision:
I'll **purchase Firm 1** (choose number 1) because:  
- Positive profit (0.33) already found  
- Additional search cost (0.02) may reduce overall revenue","C15 Search #1 (Searched:1/2, SearchCost:0.00, BestProfit:0.33@F1) → Purchase F1",0.28
2,8,C16,True,"yes, personalized recommendations reduce search cost and improve decision-making.",-1,"### Decision:
I'll **leave** (choose number -1) because:  
- The only searched firm offers negative profit (-0.39)  
- Searching next firm costs 0.02 with low chance of positive profit and overall loss risk","C16 Search #1 (Searched:1/2, SearchCost:0.00, BestProfit:-0.39@F0) → Leave Market",-0.05
2,8,C17,True,"yes, personalized recommendations reduce search cost and improve total revenue.",-1,"### Decision:
I'll **leave** (choose number -1) because:  
- The only searched firm offers negative profit (-0.06).  
- Searching more costs 0.02, likely worsening net revenue.","C17 Search #1 (Searched:1/2, SearchCost:0.00, BestProfit:-0.06@F1) → Leave Market",-0.04
2,8,C18,True,"yes, reduced search cost outweighs small privacy value",0,"### Decision:
I'll **purchase Firm 0** (choose number 0) because:  
- The profit (0.29) is positive and covers the search cost.  
- Searching costs 0.02 and may not yield better profit, risking lower total revenue.","C18 Search #1 (Searched:1/2, SearchCost:0.00, BestProfit:0.29@F0) → Purchase F0",0.26
2,8,C19,True,"yes, privacy cost is less than potential search cost savings from personalized recommendations",0,"### Decision:
I'll **search another firm** (choose number 2) because:  
- Current firm's profit is negative (-0.32), so buying now yields loss.  
- Searching next firm costs only 0.02, which is small compared to potential positive profit from next firm.","C19 Search #1 (Searched:1/2, SearchCost:0.00, BestProfit:-0.32@F0) → Purchase F0",-0.36
2,8,C20,True,"yes  Sharing data reduces search cost and improves efficiency, outweighing small privacy cost.",0,"### Decision:
I'll **purchase Firm 0** (choose number 0) because:  
- The potential profit (0.27) is positive and exceeds the search cost (0.02).  
- Further searching costs 0.02 and may not increase profit enough to justify the cost.","C20 Search #1 (Searched:1/2, SearchCost:0.00, BestProfit:0.27@F0) → Purchase F0",0.23
2,9,C1,True,yes  Reducing search cost outweighs small privacy value with 2 firms.,-1,"### Decision:
I'll **leave** (choose number -1) because:  
- The only searched firm offers negative profit (-0.13).  
- Only one firm searched, one left to search but profit likely negative from past rounds.  
- Buying results in loss, better to leave.","C1 Search #1 (Searched:1/2, SearchCost:0.00, BestProfit:-0.13@F0) → Leave Market",-0.04
2,9,C2,True,"yes, personalized recommendations reduce search cost with 2 firms",1,"### Decision:
I'll **purchase Firm 1** (choose number 1) because:  
- Positive profit (0.04) is available  
- Further search cost (0.02) may reduce net revenue below zero","C2 Search #1 (Searched:1/2, SearchCost:0.00, BestProfit:0.04@F1) → Purchase F1",0.01
2,9,C3,True,"yes, personalized recommendations reduce search cost more than the privacy loss.",0,"### Decision:
I'll **purchase Firm 0** (choose number 0) because:  
- The potential profit (0.03) is positive.  
- Searching another firm costs 0.02 and may not improve profit enough to justify the cost.","C3 Search #1 (Searched:1/2, SearchCost:0.00, BestProfit:0.03@F0) → Purchase F0",0.0
2,9,C4,True,"yes, reduced search cost outweighs small privacy value",1,"### Decision:
I'll **purchase Firm 1** (choose number 1) because:  
- The potential profit is positive (0.01).  
- Further search costs 0.02, which outweighs the small profit gain.","C4 Search #1 (Searched:1/2, SearchCost:0.00, BestProfit:0.01@F1) → Purchase F1",-0.04
2,9,C5,True,"yes, reduced search cost outweighs small privacy value",0,"### Decision:
I'll **purchase Firm 0** (choose number 0) because: 
- Positive profit (0.01) exists
- Further search cost (0.02) outweighs potential gain","C5 Search #1 (Searched:1/2, SearchCost:0.00, BestProfit:0.01@F0) → Purchase F0",-0.02
2,9,C6,True,yes  Low privacy cost vs. potential search cost savings with 2 firms and personalized recommendations.,-1,"### Decision:
I'll **leave** (choose number -1) because:  
- Both firms yield negative profit  
- Search cost incurred makes purchase unprofitable","C6 Search #1 (Searched:1/2, SearchCost:0.00, BestProfit:-0.28@F1) → Search Next; C6 Search #2 (Searched:2/2, SearchCost:0.02, BestProfit:-0.28@F1) → Leave Market",-0.07
2,9,C7,True,"yes, reduced search cost outweighs small privacy value",-1,"### Decision:
I'll **leave** (choose number -1) because: 
- The only searched firm offers negative profit (-0.06).
- Searching costs 0.02, which is not justified given low privacy value and current negative profit.","C7 Search #1 (Searched:1/2, SearchCost:0.00, BestProfit:-0.06@F1) → Leave Market",-0.05
2,9,C8,True,"yes, sharing data reduces search cost and improves search efficiency, outweighing the small privacy cost.",-1,"### Decision:
I'll **leave** (choose number -1) because:  
- The only searched firm offers negative profit (-0.04).  
- Searching more firms is unlikely to yield positive profit and costs 0.02.","C8 Search #1 (Searched:1/2, SearchCost:0.00, BestProfit:-0.04@F1) → Leave Market",-0.05
2,9,C9,True,"yes, personalized recommendations reduce search cost with 2 firms.",1,"### Decision:
I'll **purchase Firm 1** (choose number 1) because:  
- Positive profit of 0.29 is good  
- Additional search cost of 0.02 may reduce profit below zero","C9 Search #1 (Searched:1/2, SearchCost:0.00, BestProfit:0.29@F1) → Purchase F1",0.25
2,9,C10,True,"yes, reduced search cost outweighs small privacy value",-1,"### Decision:
I'll **leave** (choose number -1) because:  
- The only searched firm has negative profit (-0.16).  
- Searching the other firm costs 0.02 and is unlikely to yield positive profit.","C10 Search #1 (Searched:1/2, SearchCost:0.00, BestProfit:-0.16@F1) → Leave Market",-0.06
2,9,C11,True,yes Privacy cost (0.047) is less than potential search cost savings from personalized recommendations.,1,"### Decision:
I'll **purchase Firm 1** (choose number 1) because:  
- The potential profit is positive (0.03).  
- Additional search cost (0.02) may reduce net revenue, and the first search is free.","C11 Search #1 (Searched:1/2, SearchCost:0.00, BestProfit:0.03@F1) → Purchase F1",-0.02
2,9,C12,True,yes  Reducing search cost with personalized recommendations outweighs small privacy cost,-1,"### Decision:
I'll **leave** (choose number -1) because:  
- Current firm offers negative profit (-0.37)  
- Searching next firm costs 0.02 with low chance of positive profit","C12 Search #1 (Searched:1/2, SearchCost:0.00, BestProfit:-0.37@F0) → Leave Market",-0.04
2,9,C13,True,"yes, because sharing data reduces search cost and improves search efficiency with 2 firms, outweighing the small privacy cost.",0,"### Decision:
I'll **search another firm** (choose number 2) because: 
- Current firm's profit is negative (-0.33), no incentive to buy now  
- Searching next firm may yield positive profit despite 0.02 cost due to personalized recommendations reducing search cost overall","C13 Search #1 (Searched:1/2, SearchCost:0.00, BestProfit:-0.33@F0) → Purchase F0",-0.36
2,9,C14,True,"yes, sharing data reduces search cost and improves decision efficiency with 2 firms.",1,"### Decision:
I'll **purchase Firm 1** (choose number 1) because:  
- The potential profit (0.24) is positive and exceeds privacy and search costs.  
- Searching costs 0.02 and is unlikely to yield better profit.","C14 Search #1 (Searched:1/2, SearchCost:0.00, BestProfit:0.24@F1) → Purchase F1",0.19
2,9,C15,True,"yes, because sharing data reduces search cost and improves recommendation accuracy with 2 firms.",1,"### Decision:
I'll **purchase Firm 1** (choose number 1) because:  
- Positive profit (0.33) found  
- Additional search cost (0.02) may reduce overall revenue","C15 Search #1 (Searched:1/2, SearchCost:0.00, BestProfit:0.33@F1) → Purchase F1",0.28
2,9,C16,True,"yes, personalized recommendations reduce search cost and improve decision-making.",-1,"### Decision:
I'll **leave** (choose number -1) because:  
- The only searched firm offers negative profit (-0.39)  
- Searching next firm costs 0.02 with low chance of positive profit and overall loss risk","C16 Search #1 (Searched:1/2, SearchCost:0.00, BestProfit:-0.39@F0) → Leave Market",-0.05
2,9,C17,True,"yes, personalized recommendations reduce search cost and improve total revenue.",-1,"### Decision:
I'll **leave** (choose number -1) because:  
- The only searched firm offers negative profit (-0.06).  
- Searching more costs 0.02, likely worsening net revenue.","C17 Search #1 (Searched:1/2, SearchCost:0.00, BestProfit:-0.06@F1) → Leave Market",-0.04
2,9,C18,True,"yes, reduced search cost outweighs small privacy value",0,"### Decision:
I'll **purchase Firm 0** (choose number 0) because:  
- The profit (0.29) is positive and covers the search cost.  
- Searching costs 0.02 and may not yield better profit, risking lower total revenue.","C18 Search #1 (Searched:1/2, SearchCost:0.00, BestProfit:0.29@F0) → Purchase F0",0.26
2,9,C19,True,"yes, privacy cost is less than potential search cost savings from personalized recommendations",0,"### Decision:
I'll **search another firm** (choose number 2) because: 
- Current firm's profit is negative (-0.32), so buying now yields loss.
- Searching next firm costs only 0.02, which is small compared to potential positive profit from next firm.","C19 Search #1 (Searched:1/2, SearchCost:0.00, BestProfit:-0.32@F0) → Purchase F0",-0.36
2,9,C20,True,"yes  Sharing data reduces search cost and improves efficiency, outweighing small privacy cost.",0,"### Decision:
I'll **purchase Firm 0** (choose number 0) because:  
- The potential profit (0.27) is positive and exceeds the search cost of 0.02.  
- Further searching may not increase profit enough to justify the additional search cost.","C20 Search #1 (Searched:1/2, SearchCost:0.00, BestProfit:0.27@F0) → Purchase F0",0.23
2,10,C1,True,yes  Reducing search cost outweighs small privacy value with 2 firms.,-1,"### Decision:
I'll **leave** (choose number -1) because:  
- Both firms offer negative profit (-0.13 and -0.44).  
- Further search is not possible.  
- Buying results in a loss, so better to leave.","C1 Search #1 (Searched:1/2, SearchCost:0.00, BestProfit:-0.13@F0) → Search Next; C1 Search #2 (Searched:2/2, SearchCost:0.02, BestProfit:-0.13@F0) → Leave Market",-0.06
2,10,C2,True,"yes, personalized recommendations reduce search cost with 2 firms",1,"### Decision:
I'll **purchase Firm 1** (choose number 1) because:  
- Positive profit (0.04) is available  
- Further search cost (0.02) may reduce net revenue below zero","C2 Search #1 (Searched:1/2, SearchCost:0.00, BestProfit:0.04@F1) → Purchase F1",0.01
2,10,C3,True,"yes, personalized recommendations reduce search cost more than the privacy loss.",0,"### Decision:
I'll **purchase Firm 0** (choose number 0) because:  
- The potential profit (0.03) is positive.  
- Searching another firm costs 0.02 and may not improve profit enough to justify the cost.","C3 Search #1 (Searched:1/2, SearchCost:0.00, BestProfit:0.03@F0) → Purchase F0",0.0
2,10,C4,True,"yes, reduced search cost outweighs small privacy value",1,"### Decision:
I'll **purchase Firm 1** (choose number 1) because:  
- The potential profit is positive (0.01).  
- Further search costs 0.02, which outweighs the small profit gain.","C4 Search #1 (Searched:1/2, SearchCost:0.00, BestProfit:0.01@F1) → Purchase F1",-0.04
2,10,C5,True,"yes, reduced search cost outweighs small privacy value",0,"### Decision:
I'll **purchase Firm 0** (choose number 0) because: 
- Positive profit (0.01) is available from the searched firm
- Further search costs 0.02, which outweighs the small profit potential","C5 Search #1 (Searched:1/2, SearchCost:0.00, BestProfit:0.01@F0) → Purchase F0",-0.02
2,10,C6,True,yes  Low privacy cost vs. potential search cost savings with 2 firms and personalized recommendations.,-1,"### Decision:
I'll **leave** (choose number -1) because:  
- Both firms yield negative profit  
- Search cost incurred makes purchase unprofitable","C6 Search #1 (Searched:1/2, SearchCost:0.00, BestProfit:-0.28@F1) → Search Next; C6 Search #2 (Searched:2/2, SearchCost:0.02, BestProfit:-0.28@F1) → Leave Market",-0.07
2,10,C7,True,"yes, reduced search cost outweighs small privacy value",-1,"### Decision:
I'll **leave** (choose number -1) because: 
- The only searched firm offers negative profit (-0.06).
- Searching costs 0.02, which is not justified given low privacy value and current negative profit.","C7 Search #1 (Searched:1/2, SearchCost:0.00, BestProfit:-0.06@F1) → Leave Market",-0.05
2,10,C8,True,"yes, because sharing data reduces search cost and improves search efficiency, outweighing the small privacy cost.",-1,"### Decision:
I'll **leave** (choose number -1) because:  
- The only searched firm offers negative profit (-0.04).  
- Searching more firms is unlikely to yield positive profit and costs 0.02.","C8 Search #1 (Searched:1/2, SearchCost:0.00, BestProfit:-0.04@F1) → Leave Market",-0.05
2,10,C9,True,"yes, personalized recommendations reduce search cost with 2 firms.",1,"### Decision:
I'll **purchase Firm 1** (choose number 1) because:  
- Positive profit of 0.29 is good  
- Additional search cost of 0.02 may reduce profit below zero","C9 Search #1 (Searched:1/2, SearchCost:0.00, BestProfit:0.29@F1) → Purchase F1",0.25
2,10,C10,True,"yes, reduced search cost outweighs small privacy value",-1,"### Decision:
I'll **leave** (choose number -1) because:  
- The only searched firm has negative profit (-0.16).  
- Searching the other firm costs 0.02 and is unlikely to yield positive profit.","C10 Search #1 (Searched:1/2, SearchCost:0.00, BestProfit:-0.16@F1) → Leave Market",-0.06
2,10,C11,True,yes Privacy cost (0.047) is less than potential search cost savings from personalized recommendations.,1,"### Decision:
I'll **purchase Firm 1** (choose number 1) because:  
- The potential profit is positive (0.03).  
- The first search is free, and additional search cost (0.02) may reduce net revenue.","C11 Search #1 (Searched:1/2, SearchCost:0.00, BestProfit:0.03@F1) → Purchase F1",-0.02
2,10,C12,True,yes  Reducing search cost with personalized recommendations outweighs small privacy cost,-1,"### Decision:
I'll **leave** (choose number -1) because:  
- Current firm offers negative profit (-0.37)  
- Searching next firm costs 0.02 with low chance of positive profit","C12 Search #1 (Searched:1/2, SearchCost:0.00, BestProfit:-0.37@F0) → Leave Market",-0.04
2,10,C13,True,"yes, because personalized recommendations with 2 firms reduce search cost more than the small privacy cost.",0,"### Decision:
I'll **search another firm** (choose number 2) because:  
- Current firm's profit is negative (-0.33), no incentive to buy now  
- Searching next firm may yield positive profit despite 0.02 cost due to personalized recommendations reducing search cost overall","C13 Search #1 (Searched:1/2, SearchCost:0.00, BestProfit:-0.33@F0) → Purchase F0",-0.36
2,10,C14,True,"yes, sharing data reduces search cost and improves decision efficiency with 2 firms.",1,"### Decision:
I'll **purchase Firm 1** (choose number 1) because:  
- The potential profit (0.24) is positive and exceeds privacy and search costs.  
- Searching costs 0.02 and is unlikely to yield better profit.","C14 Search #1 (Searched:1/2, SearchCost:0.00, BestProfit:0.24@F1) → Purchase F1",0.19
2,10,C15,True,"yes, sharing data reduces search cost and improves recommendation accuracy with 2 firms.",1,"### Decision:
I'll **purchase Firm 1** (choose number 1) because:  
- Positive profit (0.33) found  
- Additional search cost (0.02) may reduce overall revenue","C15 Search #1 (Searched:1/2, SearchCost:0.00, BestProfit:0.33@F1) → Purchase F1",0.28
2,10,C16,True,"yes, personalized recommendations reduce search cost and improve decision-making.",-1,"### Decision:
I'll **leave** (choose number -1) because:  
- The only searched firm offers negative profit (-0.39)  
- Searching next firm costs 0.02 with low chance of positive profit and overall loss risk","C16 Search #1 (Searched:1/2, SearchCost:0.00, BestProfit:-0.39@F0) → Leave Market",-0.05
2,10,C17,True,"yes, personalized recommendations reduce search cost and improve total revenue.",-1,"### Decision:
I'll **leave** (choose number -1) because:  
- The only searched firm offers negative profit (-0.06).  
- Searching more costs 0.02, likely worsening net revenue.","C17 Search #1 (Searched:1/2, SearchCost:0.00, BestProfit:-0.06@F1) → Leave Market",-0.04
2,10,C18,True,"yes, reduced search cost outweighs small privacy value",0,"### Decision:
I'll **purchase Firm 0** (choose number 0) because:  
- The profit (0.29) is positive and covers the search cost.  
- Searching costs 0.02 and may not yield better profit, risking lower total revenue.","C18 Search #1 (Searched:1/2, SearchCost:0.00, BestProfit:0.29@F0) → Purchase F0",0.26
2,10,C19,True,"yes, privacy cost is less than potential search cost savings from personalized recommendations",0,"### Decision:
I'll **search another firm** (choose number 2) because: 
- Current firm's profit is negative (-0.32), so buying now yields loss.
- Searching next firm costs only 0.02, which is small compared to potential positive profit from next firm.","C19 Search #1 (Searched:1/2, SearchCost:0.00, BestProfit:-0.32@F0) → Purchase F0",-0.36
2,10,C20,True,"yes  Sharing data reduces search cost and improves efficiency, outweighing small privacy cost.",0,"### Decision:
I'll **purchase Firm 0** (choose number 0) because:  
- The potential profit (0.27) is positive and exceeds the search cost (0.02) for another search.  
- Further searching may not increase profit enough to justify the additional search cost.","C20 Search #1 (Searched:1/2, SearchCost:0.00, BestProfit:0.27@F0) → Purchase F0",0.23
3,1,C1,True,"yes, because personalized recommendations with 3 firms significantly reduce search cost.",2,"### Decision:
I'll **purchase Firm 2** (choose number 2) because:  
- Positive profit of 0.16 is already found  
- Additional search costs 0.02 and may not yield better profit","C1 Search #1 (Searched:1/3, SearchCost:0.00, BestProfit:0.16@F2) → Purchase F2",0.13
3,1,C2,True,"Yes, because sharing data reduces search costs significantly with 3 firms, outweighing the small privacy cost.",0,"### Decision:
I'll **purchase Firm 0** (choose number 0) because: 
- Positive profit (0.33) from the first free search
- Additional search costs (0.02) may outweigh potential gains given diminishing returns and privacy cost already paid","C2 Search #1 (Searched:1/3, SearchCost:0.00, BestProfit:0.33@F0) → Purchase F0",0.29
3,1,C3,True,"yes, reduced search cost outweighs small privacy value.",0,"### Decision:
I'll **purchase Firm 0** (choose number 0) because: 
- The potential profit (0.34) is positive and significant
- Further search costs (0.02) might reduce total profit below zero","C3 Search #1 (Searched:1/3, SearchCost:0.00, BestProfit:0.34@F0) → Purchase F0",0.3
3,1,C4,True,"yes, because personalized recommendations will reduce search cost significantly with 3 firms.",2,"### Decision:
I'll **purchase Firm 2** (choose number 2) because:  
- Positive profit of 0.28 is already available.  
- Further search cost (0.02) may reduce net revenue below zero given small profit margin.","C4 Search #1 (Searched:1/3, SearchCost:0.00, BestProfit:0.28@F2) → Purchase F2",0.25
3,1,C5,True,"yes, reduced search cost outweighs small privacy value.",2,"### Decision:
I'll **purchase Firm 2** (choose number 2) because:  
- Positive profit (0.19) already found  
- Searching more costs 0.02, reducing net gain  
- First search is free, no need to risk further cost","C5 Search #1 (Searched:1/3, SearchCost:0.00, BestProfit:0.19@F2) → Purchase F2",0.15
3,1,C6,True,"yes, reduced search cost outweighs small privacy value.",0,"### Decision:
I'll **purchase Firm 0** (choose number 0) because:  
- Positive profit (0.35) from the first search  
- No search cost incurred yet, so buying now maximizes revenue","C6 Search #1 (Searched:1/3, SearchCost:0.00, BestProfit:0.35@F0) → Purchase F0",0.3
3,1,C7,True,"yes, because personalized recommendations with 3 firms will reduce search cost significantly.",1,"### Decision:
I'll **purchase Firm 1** (choose number 1) because:  
- Positive profit (0.25) is already available  
- Further search costs 0.02, which may reduce net gain below zero given privacy cost and search cost","C7 Search #1 (Searched:1/3, SearchCost:0.00, BestProfit:0.25@F1) → Purchase F1",0.2
3,1,C8,True,"yes, reduced search cost outweighs small privacy loss",-1,Defaulted after 3 fails. Best Profit: -0.02 -> Choice: -1,"C8 Search #1 (Searched:1/3, SearchCost:0.00, BestProfit:-0.02@F2) → Leave Market",-0.04
3,1,C9,True,"yes, sharing data reduces search cost significantly with 3 firms, outweighing the small privacy cost.",1,"### Decision:
I'll **purchase Firm 1** because: 
- The potential profit is positive (0.05).
- Additional search costs (0.02) may reduce net revenue below zero.","C9 Search #1 (Searched:1/3, SearchCost:0.00, BestProfit:0.05@F1) → Purchase F1",0.0
3,1,C10,True,"yes, the reduction in search cost outweighs the small privacy value.",-1,Defaulted after 3 fails. Best Profit: -0.14 -> Choice: -1,"C10 Search #1 (Searched:1/3, SearchCost:0.00, BestProfit:-0.14@F2) → Leave Market",-0.03
3,1,C11,True,"yes, because personalized recommendations will reduce search costs more than the privacy cost.",-1,"### Decision:
I'll **leave** (choose number -1) because: 
- Both searched firms offer negative profit.
- Additional search cost may exceed potential gain given low net profit margin.","C11 Search #1 (Searched:1/3, SearchCost:0.00, BestProfit:-0.13@F2) → Search Next; C11 Search #2 (Searched:2/3, SearchCost:0.02, BestProfit:-0.13@F2) → Leave Market",-0.06
3,1,C12,True,"yes, because sharing data reduces search cost with 3 firms, outweighing the small privacy cost.",2,"### Decision:
I'll **purchase Firm 2** (choose number 2) because: 
- Positive profit (0.07) after search cost 0
- First search is free and profit is small but positive","C12 Search #1 (Searched:1/3, SearchCost:0.00, BestProfit:0.07@F2) → Purchase F2",0.03
3,1,C13,True,"yes  
Reducing search cost with personalized recommendations outweighs small privacy cost.",1,"### Decision:
I'll **purchase Firm 1** (choose number 1) because: 
- Positive profit of 0.44 is substantial
- Further search costs 0.02 and may not yield better profit given valuation < 1 and search cost caution","C13 Search #1 (Searched:1/3, SearchCost:0.00, BestProfit:0.44@F1) → Purchase F1",0.39
3,1,C14,True,"yes, the reduced search cost from personalized recommendations outweighs the small privacy value.",0,"### Decision:
I'll **purchase Firm 0** (choose number 0) because:  
- The firm offers positive profit (0.27) which is greater than zero.  
- Further search costs 0.02 and may not yield better profit, risking lower net revenue.","C14 Search #1 (Searched:1/3, SearchCost:0.00, BestProfit:0.27@F0) → Purchase F0",0.24
3,1,C15,True,"yes, because personalized recommendations will significantly reduce search costs with 3 firms.",0,"### Decision:
I'll **purchase Firm 0** (choose number 0) because: 
- The potential profit is positive (0.29).
- Further search costs (0.02) may reduce net revenue below zero.","C15 Search #1 (Searched:1/3, SearchCost:0.00, BestProfit:0.29@F0) → Purchase F0",0.25
3,1,C16,True,"Yes, because sharing data reduces search cost significantly with 3 firms, outweighing the small privacy cost.",0,"### Decision:
I'll **purchase Firm 0** (choose number 0) because: 
- Positive profit of 0.38 is good
- First search is free, no additional search cost incurred","C16 Search #1 (Searched:1/3, SearchCost:0.00, BestProfit:0.38@F0) → Purchase F0",0.33
3,1,C17,True,"yes, personalized recommendations will reduce search cost significantly with 3 firms.",-1,"### Decision:
I'll **leave** (choose number -1) because:  
- Both firms searched so far offer negative profit.  
- Further search costs 0.02 may not be justified given low valuations and privacy cost.","C17 Search #1 (Searched:1/3, SearchCost:0.00, BestProfit:-0.40@F2) → Search Next; C17 Search #2 (Searched:2/3, SearchCost:0.02, BestProfit:-0.35@F1) → Leave Market",-0.07
3,1,C18,True,"yes, because personalized recommendations with 3 firms will significantly reduce search cost.",0,"### Decision:
I'll **purchase Firm 0** (choose number 0) because:  
- Positive profit of 0.27 is available.  
- Further search costs 0.02, which may reduce net gain.","C18 Search #1 (Searched:1/3, SearchCost:0.00, BestProfit:0.27@F0) → Purchase F0",0.22
3,1,C19,True,"yes, reduce search cost outweighs small privacy value",1,"### Decision:
I'll **purchase Firm 1** (choose number 1) because: 
- Positive profit of 0.32 is good
- Further search costs 0.02 and may not improve profit enough to justify cost","C19 Search #1 (Searched:1/3, SearchCost:0.00, BestProfit:0.32@F1) → Purchase F1",0.28
3,1,C20,True,"yes, reduced search cost outweighs small privacy value.",0,"### Decision:
I'll **purchase Firm 0** (choose number 0) because: 
- The potential profit (0.21) is positive and exceeds the search cost of 0.02.
- Further searching risks additional cost that may reduce net revenue below zero.","C20 Search #1 (Searched:1/3, SearchCost:0.00, BestProfit:0.21@F0) → Purchase F0",0.17
3,2,C1,True,"yes, because personalized recommendations reduce search cost and improve search efficiency.",2,"### Decision:
I'll **purchase Firm 2** (choose number 2) because:  
- Positive profit of 0.06 is found  
- Additional search cost 0.02 may not yield better profit","C1 Search #1 (Searched:1/3, SearchCost:0.00, BestProfit:0.06@F2) → Purchase F2",0.03
3,2,C2,True,"yes, because sharing data reduces search costs significantly, outweighing the small privacy cost.",0,"### Decision:
I'll **purchase Firm 0** (choose number 0) because:  
- Positive profit (0.23) from the first free search  
- Additional search cost (0.02) may outweigh potential gains given the small profit margin and privacy cost already paid","C2 Search #1 (Searched:1/3, SearchCost:0.00, BestProfit:0.23@F0) → Purchase F0",0.19
3,2,C3,True,"yes, reduced search cost outweighs small privacy value",0,"### Decision:
I'll **purchase Firm 0** (choose number 0) because: 
- Positive profit (0.24) already found
- Additional search cost (0.02) may reduce profit below zero","C3 Search #1 (Searched:1/3, SearchCost:0.00, BestProfit:0.24@F0) → Purchase F0",0.2
3,2,C4,True,"yes, personalized recommendations will reduce search cost significantly with 3 firms.",2,"### Decision:
I'll **purchase Firm 2** (choose number 2) because:  
- Positive profit of 0.18 is available.  
- Additional search cost (0.02) may reduce net revenue below zero given small profit margin.","C4 Search #1 (Searched:1/3, SearchCost:0.00, BestProfit:0.18@F2) → Purchase F2",0.15
3,2,C5,True,"yes, reduced search cost outweighs small privacy value",2,"### Decision:
I'll **purchase Firm 2** (choose number 2) because:  
- Positive profit (0.09) is found  
- Further search costs 0.02, reducing net gain  
- First search is free, no need to risk further cost","C5 Search #1 (Searched:1/3, SearchCost:0.00, BestProfit:0.09@F2) → Purchase F2",0.05
3,2,C6,True,"yes, reduced search cost outweighs small privacy value",0,"### Decision:
I'll **purchase Firm 0** (choose number 0) because:  
- Positive profit (0.25) from the first search  
- No search cost incurred yet, buying now maximizes revenue","C6 Search #1 (Searched:1/3, SearchCost:0.00, BestProfit:0.25@F0) → Purchase F0",0.2
3,2,C7,True,"yes, personalized recommendations with 3 firms reduce search cost significantly.",1,"### Decision:
I'll **purchase Firm 1** (choose number 1) because:  
- Positive profit (0.2) is available  
- Further search costs 0.02 may reduce net gain below zero given privacy and search costs","C7 Search #1 (Searched:1/3, SearchCost:0.00, BestProfit:0.20@F1) → Purchase F1",0.15
3,2,C8,True,"yes, reduced search cost outweighs small privacy loss",-1,Defaulted after 3 fails. Best Profit: -0.12 -> Choice: -1,"C8 Search #1 (Searched:1/3, SearchCost:0.00, BestProfit:-0.12@F2) → Leave Market",-0.04
3,2,C9,True,"yes, sharing reduces search cost significantly and outweighs small privacy cost",-1,"### Decision:
I'll **leave** (choose number -1) because: 
- The only searched firm offers zero profit.
- Searching more costs 0.02, which risks negative net revenue given low potential profit.","C9 Search #1 (Searched:1/3, SearchCost:0.00, BestProfit:0.00@F1) → Leave Market",-0.05
3,2,C10,True,"yes, the reduction in search cost outweighs the small privacy value.",-1,Defaulted after 3 fails. Best Profit: -0.24 -> Choice: -1,"C10 Search #1 (Searched:1/3, SearchCost:0.00, BestProfit:-0.24@F2) → Leave Market",-0.03
3,2,C11,True,"yes, because personalized recommendations will reduce search costs more than the privacy cost.",-1,"### Decision:
I'll **leave** (choose number -1) because: 
- Current firm offers negative profit (-0.23)
- Additional search cost may not be justified given low net profit margin and privacy cost already paid","C11 Search #1 (Searched:1/3, SearchCost:0.00, BestProfit:-0.23@F2) → Leave Market",-0.04
3,2,C12,True,"yes, sharing data reduces search cost and outweighs small privacy cost",-1,"### Decision:
I'll **leave** (choose number -1) because:  
- The only searched firm has negative profit (-0.03)  
- Searching costs 0.02 and potential profit is less than 1, so further search may not be beneficial","C12 Search #1 (Searched:1/3, SearchCost:0.00, BestProfit:-0.03@F2) → Leave Market",-0.04
3,2,C13,True,"yes  
Reducing search cost with personalized recommendations outweighs small privacy cost.",1,"### Decision:
I'll **purchase Firm 1** (choose number 1) because: 
- Positive profit of 0.39 is substantial
- Additional search costs 0.02 and may not yield better profit given valuation < 1 and search cost caution","C13 Search #1 (Searched:1/3, SearchCost:0.00, BestProfit:0.39@F1) → Purchase F1",0.34
3,2,C14,True,"yes, reduced search cost from personalized recommendations outweighs small privacy value",0,"### Decision:
I'll **purchase Firm 0** (choose number 0) because:  
- The firm offers positive profit (0.17) which is greater than zero.  
- Additional search costs 0.02 and may not yield better profit, risking lower net revenue.","C14 Search #1 (Searched:1/3, SearchCost:0.00, BestProfit:0.17@F0) → Purchase F0",0.14
3,2,C15,True,"yes, because personalized recommendations will reduce search costs and improve search efficiency.",0,"### Decision:
I'll **purchase Firm 0** (choose number 0) because:  
- The potential profit is positive (0.19).  
- Additional search cost (0.02) may reduce net revenue below zero.","C15 Search #1 (Searched:1/3, SearchCost:0.00, BestProfit:0.19@F0) → Purchase F0",0.15
3,2,C16,True,"yes, reduces search cost significantly outweighing small privacy cost",0,"### Decision:
I'll **purchase Firm 0** (choose number 0) because:  
- Positive profit of 0.28 is good  
- First search is free, no additional search cost incurred","C16 Search #1 (Searched:1/3, SearchCost:0.00, BestProfit:0.28@F0) → Purchase F0",0.23
3,2,C17,True,"yes, personalized recommendations reduce search cost significantly with 3 firms",-1,"### Decision:
I'll **leave** (choose number -1) because:  
- Current firm offers negative profit (-0.5)  
- Further search cost (0.02) outweighs potential low valuation gains","C17 Search #1 (Searched:1/3, SearchCost:0.00, BestProfit:-0.50@F2) → Leave Market",-0.06
3,2,C18,True,"yes, because personalized recommendations will reduce search cost and improve purchase efficiency.",0,"### Decision:
I'll **purchase Firm 0** (choose number 0) because:  
- Positive profit of 0.17 is available.  
- Further search costs 0.02, which may reduce net gain.","C18 Search #1 (Searched:1/3, SearchCost:0.00, BestProfit:0.17@F0) → Purchase F0",0.12
3,2,C19,True,"yes, reduce search cost outweighs small privacy value",1,"### Decision:
I'll **purchase Firm 1** (choose number 1) because: 
- Positive profit of 0.27 is good
- Further search costs 0.02 and may not improve profit enough to justify cost","C19 Search #1 (Searched:1/3, SearchCost:0.00, BestProfit:0.27@F1) → Purchase F1",0.23
3,2,C20,True,"yes, reduced search cost outweighs small privacy value",0,"### Decision:
I'll **purchase Firm 0** (choose number 0) because: 
- The potential profit (0.11) is positive and exceeds the search cost of 0.02.
- Further searching risks additional cost that may reduce net revenue below zero.","C20 Search #1 (Searched:1/3, SearchCost:0.00, BestProfit:0.11@F0) → Purchase F0",0.07
3,3,C1,True,"yes, personalized recommendations with 3 firms significantly reduce search cost and improve profit potential.",2,"### Decision:
I'll **purchase Firm 2** (choose number 2) because:  
- Positive profit of 0.16 is found  
- Additional search cost 0.02 may not yield better profit","C1 Search #1 (Searched:1/3, SearchCost:0.00, BestProfit:0.16@F2) → Purchase F2",0.13
3,3,C2,True,"yes, because sharing data reduces search costs significantly, outweighing the small privacy cost.",0,"### Decision:
I'll **purchase Firm 0** (choose number 0) because:  
- Positive profit (0.13) from the first free search  
- Additional search cost (0.02) may outweigh potential gains given small profit margin and privacy cost already paid","C2 Search #1 (Searched:1/3, SearchCost:0.00, BestProfit:0.13@F0) → Purchase F0",0.08
3,3,C3,True,"yes, reduced search cost outweighs small privacy value",0,"### Decision:
I'll **purchase Firm 0** (choose number 0) because: 
- Positive profit (0.14) found
- Additional search cost (0.02) may reduce profit below zero","C3 Search #1 (Searched:1/3, SearchCost:0.00, BestProfit:0.14@F0) → Purchase F0",0.1
3,3,C4,True,"yes, personalized recommendations reduce search cost significantly with 3 firms.",2,"### Decision:
I'll **purchase Firm 2** (choose number 2) because:  
- Positive profit of 0.28 is available.  
- Additional search cost (0.02) may reduce net revenue below zero given small profit margin.","C4 Search #1 (Searched:1/3, SearchCost:0.00, BestProfit:0.28@F2) → Purchase F2",0.25
3,3,C5,True,"yes, reduced search cost outweighs small privacy value",2,"### Decision:
I'll **purchase Firm 2** (choose number 2) because:  
- Positive profit (0.19) already found  
- Further search costs 0.02, reducing net gain  
- First search is free, no need to risk further cost","C5 Search #1 (Searched:1/3, SearchCost:0.00, BestProfit:0.19@F2) → Purchase F2",0.15
3,3,C6,True,"yes, reduced search cost outweighs small privacy value",0,"### Decision:
I'll **purchase Firm 0** (choose number 0) because:  
- Positive profit (0.15) from the first search  
- No search cost incurred yet, buying now maximizes revenue","C6 Search #1 (Searched:1/3, SearchCost:0.00, BestProfit:0.15@F0) → Purchase F0",0.1
3,3,C7,True,"yes, personalized recommendations with 3 firms reduce search cost significantly.",1,"### Decision:
I'll **purchase Firm 1** (choose number 1) because:  
- Positive profit (0.25) is already available  
- Further search cost (0.02) and privacy cost may reduce net gain below zero","C7 Search #1 (Searched:1/3, SearchCost:0.00, BestProfit:0.25@F1) → Purchase F1",0.2
3,3,C8,True,"yes, reduced search cost outweighs small privacy loss",-1,"### Decision:
I'll **leave** (choose number -1) because:  
- Current firm yields negative profit (-0.02)  
- Additional search cost (0.02) likely outweighs potential gains  
- No positive profit found so far","C8 Search #1 (Searched:1/3, SearchCost:0.00, BestProfit:-0.02@F2) → Leave Market",-0.04
3,3,C9,True,"yes, sharing reduces search cost significantly and outweighs small privacy cost.",1,"### Decision:
I'll **purchase Firm 1** (choose number 1) because: 
- The potential profit is positive (0.05).
- Additional search cost (0.02) may reduce net revenue below zero.","C9 Search #1 (Searched:1/3, SearchCost:0.00, BestProfit:0.05@F1) → Purchase F1",0.0
3,3,C10,True,"yes, the reduction in search cost outweighs the small privacy value.",-1,"### Decision:
I'll **leave** (choose number -1) because:  
- Current profit is negative (-0.14)  
- Additional search cost (0.02) may not be justified given low expected profit  
- Previous rounds also ended with leaving after poor offers","C10 Search #1 (Searched:1/3, SearchCost:0.00, BestProfit:-0.14@F2) → Leave Market",-0.03
3,3,C11,True,"yes, personalized recommendations will reduce search costs more than the privacy cost.",-1,"### Decision:
I'll **leave** (choose number -1) because: 
- Current firm offers negative profit (-0.13)
- Additional search cost may exceed potential gain given low net profit margin","C11 Search #1 (Searched:1/3, SearchCost:0.00, BestProfit:-0.13@F2) → Leave Market",-0.04
3,3,C12,True,"yes, because sharing data reduces search cost and outweighs small privacy cost",2,"### Decision:
I'll **purchase Firm 2** (choose number 2) because: 
- Positive profit (0.07) from searched firm
- First search is free, no additional search cost","C12 Search #1 (Searched:1/3, SearchCost:0.00, BestProfit:0.07@F2) → Purchase F2",0.03
3,3,C13,True,"yes  
Reducing search cost with personalized recommendations outweighs small privacy cost.",1,"### Decision:
I'll **purchase Firm 1** (choose number 1) because: 
- Positive profit of 0.44 is substantial
- Further search costs 0.02 and may not yield better profit given valuation < 1 and search cost caution","C13 Search #1 (Searched:1/3, SearchCost:0.00, BestProfit:0.44@F1) → Purchase F1",0.39
3,3,C14,True,"yes, reduced search cost from personalized recommendations outweighs small privacy value",0,"### Decision:
I'll **purchase Firm 0** (choose number 0) because:  
- The firm offers positive profit (0.07) which is greater than zero.  
- Further search costs 0.02 and may not yield better profit, risking lower net revenue.","C14 Search #1 (Searched:1/3, SearchCost:0.00, BestProfit:0.07@F0) → Purchase F0",0.04
3,3,C15,True,"yes, because personalized recommendations will reduce search costs and improve search efficiency with 3 firms.",0,"### Decision:
I'll **purchase Firm 0** (choose number 0) because:  
- The potential profit is positive (0.09).  
- Additional search cost (0.02) may reduce net revenue below zero.","C15 Search #1 (Searched:1/3, SearchCost:0.00, BestProfit:0.09@F0) → Purchase F0",0.05
3,3,C16,True,"yes, because sharing data reduces search cost significantly and outweighs the small privacy cost",0,"### Decision:
I'll **purchase Firm 0** (choose number 0) because: 
- Positive profit of 0.18 is good 
- First search is free, no additional search cost incurred","C16 Search #1 (Searched:1/3, SearchCost:0.00, BestProfit:0.18@F0) → Purchase F0",0.13
3,3,C17,True,"yes, personalized recommendations reduce search cost significantly with 3 firms",-1,"### Decision:
I'll **leave** (choose number -1) because:  
- The only searched firm offers negative profit (-0.4)  
- Further search cost (0.02) may not be justified given low valuations and privacy cost","C17 Search #1 (Searched:1/3, SearchCost:0.00, BestProfit:-0.40@F2) → Leave Market",-0.06
3,3,C18,True,"yes, because personalized recommendations with 3 firms will significantly reduce search cost and improve purchase efficiency.",0,"### Decision:
I'll **purchase Firm 0** (choose number 0) because:  
- Positive profit of 0.07 is available.  
- Further search cost of 0.02 may reduce net gain.","C18 Search #1 (Searched:1/3, SearchCost:0.00, BestProfit:0.07@F0) → Purchase F0",0.02
3,3,C19,True,"yes, reduce search cost outweighs small privacy value",1,"### Decision:
I'll **purchase Firm 1** (choose number 1) because:  
- Positive profit of 0.32 is good  
- Further search costs 0.02 and unlikely to improve profit enough to justify cost","C19 Search #1 (Searched:1/3, SearchCost:0.00, BestProfit:0.32@F1) → Purchase F1",0.28
3,3,C20,True,"yes, reduced search cost outweighs small privacy value",0,"### Decision:
I'll **purchase Firm 0** (choose number 0) because: 
- The potential profit (0.01) is positive.
- Further searching costs 0.02, which outweighs the small profit gain.","C20 Search #1 (Searched:1/3, SearchCost:0.00, BestProfit:0.01@F0) → Purchase F0",-0.03
3,4,C1,True,"yes, personalized recommendations with 3 firms significantly reduce search cost and improve profit potential.",2,"### Decision:
I'll **purchase Firm 2** (choose number 2) because:  
- Positive profit of 0.06 found  
- Additional search cost 0.02 may not yield better profit","C1 Search #1 (Searched:1/3, SearchCost:0.00, BestProfit:0.06@F2) → Purchase F2",0.03
3,4,C2,True,"yes, because sharing data reduces search costs significantly and outweighs the small privacy cost.",0,"### Decision:
I'll **purchase Firm 0** (choose number 0) because:  
- Positive profit (0.03) from the first free search  
- Additional search cost (0.02) may outweigh potential gains given small profit margin and privacy cost already paid","C2 Search #1 (Searched:1/3, SearchCost:0.00, BestProfit:0.03@F0) → Purchase F0",-0.01
3,4,C3,True,"yes, reduced search cost outweighs small privacy value",0,"### Decision:
I'll **purchase Firm 0** (choose number 0) because: 
- The potential profit (0.04) is positive
- Additional search cost (0.02) may reduce profit below zero","C3 Search #1 (Searched:1/3, SearchCost:0.00, BestProfit:0.04@F0) → Purchase F0",0.0
3,4,C4,True,"yes, personalized recommendations reduce search cost significantly with 3 firms.",2,"### Decision:
I'll **purchase Firm 2** (choose number 2) because:  
- Positive profit of 0.18 is available.  
- Additional search cost (0.02) may reduce net revenue below zero given small profit margin.","C4 Search #1 (Searched:1/3, SearchCost:0.00, BestProfit:0.18@F2) → Purchase F2",0.15
3,4,C5,True,"yes, reduced search cost outweighs small privacy value",2,"### Decision:
I'll **purchase Firm 2** (choose number 2) because:  
- Positive profit (0.09) found  
- Searching costs 0.02, reducing net gain  
- First search is free, no need to risk further cost","C5 Search #1 (Searched:1/3, SearchCost:0.00, BestProfit:0.09@F2) → Purchase F2",0.05
3,4,C6,True,"yes, reduced search cost outweighs small privacy value",0,"### Decision:
I'll **purchase Firm 0** (choose number 0) because:  
- Positive profit (0.05) from the first search  
- No search cost incurred yet, buying now maximizes revenue","C6 Search #1 (Searched:1/3, SearchCost:0.00, BestProfit:0.05@F0) → Purchase F0",0.0
3,4,C7,True,"yes, because personalized recommendations with 3 firms significantly reduce search cost.",1,"### Decision:
I'll **purchase Firm 1** (choose number 1) because:  
- Positive profit (0.2) is available  
- Further search cost (0.02) and privacy cost may reduce net gain below zero","C7 Search #1 (Searched:1/3, SearchCost:0.00, BestProfit:0.20@F1) → Purchase F1",0.15
3,4,C8,True,"yes, reduced search cost outweighs small privacy loss",-1,"### Decision:
I'll **leave** (choose number -1) because:  
- Current firm yields negative profit (-0.12)  
- Additional search cost (0.02) likely outweighs potential gains  
- No positive profit found so far","C8 Search #1 (Searched:1/3, SearchCost:0.00, BestProfit:-0.12@F2) → Leave Market",-0.04
3,4,C9,True,"yes, sharing reduces search cost significantly and outweighs small privacy cost",-1,"### Decision:
I'll **leave** (choose number -1) because: 
- The only searched firm offers zero profit.
- Searching more costs 0.02, which risks negative net revenue given low potential profit.","C9 Search #1 (Searched:1/3, SearchCost:0.00, BestProfit:0.00@F1) → Leave Market",-0.05
3,4,C10,True,"yes, the reduction in search cost outweighs the small privacy value",-1,"### Decision:
I'll **leave** (choose number -1) because:  
- Current profit is negative (-0.24)  
- Additional search cost may not be justified given low expected profit","C10 Search #1 (Searched:1/3, SearchCost:0.00, BestProfit:-0.24@F2) → Leave Market",-0.03
3,4,C11,True,"yes, because personalized recommendations will reduce search costs more than the privacy cost.",-1,"### Decision:
I'll **leave** (choose number -1) because: 
- Current firm offers negative profit (-0.23)
- Additional search cost may not be justified given low net profit margin and privacy cost already paid","C11 Search #1 (Searched:1/3, SearchCost:0.00, BestProfit:-0.23@F2) → Leave Market",-0.04
3,4,C12,True,"yes, sharing data reduces search cost and outweighs small privacy cost",-1,"### Decision:
I'll **leave** (choose number -1) because: 
- The only searched firm has negative profit (-0.03)
- Searching costs 0.02 and potential profit is less than 1, so further search may not be beneficial","C12 Search #1 (Searched:1/3, SearchCost:0.00, BestProfit:-0.03@F2) → Leave Market",-0.04
3,4,C13,True,yes  Reducing search cost with personalized recommendations outweighs small privacy cost.,1,"### Decision:
I'll **purchase Firm 1** (choose number 1) because: 
- Positive profit of 0.39 is substantial
- Additional search cost of 0.02 may not yield better profit given valuation < 1 and search cost caution","C13 Search #1 (Searched:1/3, SearchCost:0.00, BestProfit:0.39@F1) → Purchase F1",0.34
3,4,C14,True,"yes, reduced search cost from personalized recommendations outweighs small privacy value",-1,"### Decision:
I'll **leave** (choose number -1) because:  
- The only searched firm offers negative profit (-0.03).  
- Searching costs 0.02 and may not yield positive profit given current valuations.","C14 Search #1 (Searched:1/3, SearchCost:0.00, BestProfit:-0.03@F0) → Leave Market",-0.03
3,4,C15,True,"yes, because personalized recommendations will reduce search costs and improve search efficiency with 3 firms.",-1,"### Decision:
I'll **leave** (choose number -1) because:  
- The only searched firm has negative profit (-0.01).  
- Further search cost (0.02) may lead to negative net revenue.","C15 Search #1 (Searched:1/3, SearchCost:0.00, BestProfit:-0.01@F0) → Leave Market",-0.04
3,4,C16,True,"yes, because sharing data reduces search cost significantly, outweighing the small privacy cost.",0,"### Decision:
I'll **purchase Firm 0** (choose number 0) because:  
- Positive profit of 0.08 is still good  
- First search is free, no additional search cost incurred","C16 Search #1 (Searched:1/3, SearchCost:0.00, BestProfit:0.08@F0) → Purchase F0",0.03
3,4,C17,True,"yes, personalized recommendations reduce search cost significantly with 3 firms",-1,"### Decision:
I'll **leave** (choose number -1) because:  
- Current firm offers negative profit (-0.5)  
- Further search cost (0.02) may not be justified given low valuations and privacy cost","C17 Search #1 (Searched:1/3, SearchCost:0.00, BestProfit:-0.50@F2) → Leave Market",-0.06
3,4,C18,True,"yes, personalized recommendations with 3 firms will significantly reduce search cost and improve purchase efficiency.",-1,"### Decision:
I'll **leave** (choose number -1) because:  
- No firm offers positive profit (profit is -0.03)  
- Searching more costs 0.02 and likely won't yield positive net gain","C18 Search #1 (Searched:1/3, SearchCost:0.00, BestProfit:-0.03@F0) → Leave Market",-0.05
3,4,C19,True,"yes, reduce search cost outweighs small privacy value",1,"### Decision:
I'll **purchase Firm 1** (choose number 1) because:  
- Positive profit of 0.27 is good  
- Further search costs 0.02 and unlikely to improve profit enough to justify cost","C19 Search #1 (Searched:1/3, SearchCost:0.00, BestProfit:0.27@F1) → Purchase F1",0.23
3,4,C20,True,"yes, reduced search cost outweighs small privacy value",-1,"### Decision:
I'll **leave** (choose number -1) because: 
- The only searched firm has negative profit (-0.09).
- Searching costs 0.02 and potential profit gain is uncertain, risking further loss.","C20 Search #1 (Searched:1/3, SearchCost:0.00, BestProfit:-0.09@F0) → Leave Market",-0.04
3,5,C1,True,"yes, because personalized recommendations with 3 firms significantly reduce search cost and improve profit potential.",2,"### Decision:
I'll **purchase Firm 2** (choose number 2) because:  
- Positive profit of 0.16 is found  
- Additional search cost 0.02 may not yield better profit","C1 Search #1 (Searched:1/3, SearchCost:0.00, BestProfit:0.16@F2) → Purchase F2",0.13
3,5,C2,True,"yes, because sharing data reduces search costs significantly, outweighing the small privacy cost.",0,"### Decision:
I'll **purchase Firm 0** (choose number 0) because:  
- Positive profit (0.23) from the first free search  
- Additional search cost (0.02) may outweigh potential gains given small profit margin and privacy cost already paid","C2 Search #1 (Searched:1/3, SearchCost:0.00, BestProfit:0.23@F0) → Purchase F0",0.19
3,5,C3,True,"yes, reduced search cost outweighs small privacy value",0,"### Decision:
I'll **purchase Firm 0** (choose number 0) because: 
- Positive profit (0.24) found
- Searching costs (0.02) may reduce profit below zero","C3 Search #1 (Searched:1/3, SearchCost:0.00, BestProfit:0.24@F0) → Purchase F0",0.2
3,5,C4,True,"yes, personalized recommendations reduce search cost significantly with 3 firms.",2,"### Decision:
I'll **purchase Firm 2** (choose number 2) because:  
- Positive profit of 0.28 is available.  
- Additional search cost (0.02) may reduce net revenue below zero given small profit margin.","C4 Search #1 (Searched:1/3, SearchCost:0.00, BestProfit:0.28@F2) → Purchase F2",0.25
3,5,C5,True,"yes, reduced search cost outweighs small privacy value",2,"### Decision:
I'll **purchase Firm 2** (choose number 2) because:  
- Positive profit (0.19) found  
- Further search costs 0.02, reducing net gain","C5 Search #1 (Searched:1/3, SearchCost:0.00, BestProfit:0.19@F2) → Purchase F2",0.15
3,5,C6,True,"yes, reduced search cost outweighs small privacy value",0,"### Decision:
I'll **purchase Firm 0** (choose number 0) because:  
- Positive profit (0.25) from the first search  
- No search cost incurred yet, buying now maximizes revenue","C6 Search #1 (Searched:1/3, SearchCost:0.00, BestProfit:0.25@F0) → Purchase F0",0.2
3,5,C7,True,"yes, personalized recommendations with 3 firms will reduce search cost significantly.",1,"### Decision:
I'll **purchase Firm 1** (choose number 1) because:  
- Positive profit (0.25) is available  
- Further search cost (0.02) and privacy cost (0.048) may reduce net gain below zero","C7 Search #1 (Searched:1/3, SearchCost:0.00, BestProfit:0.25@F1) → Purchase F1",0.2
3,5,C8,True,"yes, reduced search cost outweighs small privacy loss",-1,"### Decision:
I'll **leave** (choose number -1) because:  
- Current firm yields negative profit (-0.02)  
- Additional search cost (0.02) likely outweighs potential gains  
- No positive profit found so far","C8 Search #1 (Searched:1/3, SearchCost:0.00, BestProfit:-0.02@F2) → Leave Market",-0.04
3,5,C9,True,"yes, sharing reduces search cost significantly and outweighs small privacy cost",1,"### Decision:
I'll **purchase Firm 1** (choose number 1) because:  
- The potential profit is positive (0.05).  
- Additional search cost (0.02) risks reducing net revenue below zero.","C9 Search #1 (Searched:1/3, SearchCost:0.00, BestProfit:0.05@F1) → Purchase F1",0.0
3,5,C10,True,"yes, the reduction in search cost outweighs the small privacy value",-1,"### Decision:
I'll **leave** (choose number -1) because:  
- Current profit is negative (-0.14)  
- Additional search cost may not be justified given low expected profit","C10 Search #1 (Searched:1/3, SearchCost:0.00, BestProfit:-0.14@F2) → Leave Market",-0.03
3,5,C11,True,"yes, because personalized recommendations reduce search costs more than the privacy cost.",-1,"### Decision:
I'll **leave** (choose number -1) because:  
- Current firm offers negative profit (-0.13)  
- Additional search cost may exceed potential gain given low net profit margin","C11 Search #1 (Searched:1/3, SearchCost:0.00, BestProfit:-0.13@F2) → Leave Market",-0.04
3,5,C12,True,"yes, because sharing data reduces search cost and outweighs the small privacy cost.",2,"### Decision:
I'll **purchase Firm 2** (choose number 2) because:  
- Positive profit (0.07) with no search cost  
- Further search costs 0.02 and may not improve profit significantly","C12 Search #1 (Searched:1/3, SearchCost:0.00, BestProfit:0.07@F2) → Purchase F2",0.03
3,5,C13,True,yes  Reducing search cost with personalized recommendations outweighs small privacy cost.,1,"### Decision:
I'll **purchase Firm 1** (choose number 1) because:  
- Positive profit of 0.44 is substantial  
- Further search costs 0.02 and unlikely to yield better profit given valuation < 1 and search cost caution","C13 Search #1 (Searched:1/3, SearchCost:0.00, BestProfit:0.44@F1) → Purchase F1",0.39
3,5,C14,True,"yes, reduced search cost from personalized recommendations outweighs small privacy value",0,"### Decision:
I'll **purchase Firm 0** (choose number 0) because:  
- The firm offers positive profit (0.17) which is greater than zero.  
- Further search costs 0.02 and may not yield better profit, risking lower net revenue.","C14 Search #1 (Searched:1/3, SearchCost:0.00, BestProfit:0.17@F0) → Purchase F0",0.14
3,5,C15,True,"yes, personalized recommendations will reduce search costs significantly with 3 firms.",0,"### Decision:
I'll **purchase Firm 0** (choose number 0) because:  
- The potential profit is positive (0.19).  
- Additional search cost (0.02) may reduce net revenue below zero.","C15 Search #1 (Searched:1/3, SearchCost:0.00, BestProfit:0.19@F0) → Purchase F0",0.15
3,5,C16,True,"yes, sharing reduces search cost significantly and outweighs the small privacy cost.",0,"### Decision:
I'll **purchase Firm 0** (choose number 0) because:  
- Positive profit of 0.28 is good  
- First search is free, no additional search cost incurred","C16 Search #1 (Searched:1/3, SearchCost:0.00, BestProfit:0.28@F0) → Purchase F0",0.23
3,5,C17,True,"yes, personalized recommendations reduce search cost significantly with 3 firms",-1,"### Decision:
I'll **leave** (choose number -1) because:  
- The only searched firm offers negative profit (-0.4)  
- Further search cost (0.02) may not be justified given low valuations and privacy cost","C17 Search #1 (Searched:1/3, SearchCost:0.00, BestProfit:-0.40@F2) → Leave Market",-0.06
3,5,C18,True,"yes, because personalized recommendations with 3 firms will significantly reduce search cost.",0,"### Decision:
I'll **purchase Firm 0** (choose number 0) because:  
- Positive profit of 0.17 is available  
- Further search cost (0.02) may reduce net gain","C18 Search #1 (Searched:1/3, SearchCost:0.00, BestProfit:0.17@F0) → Purchase F0",0.12
3,5,C19,True,"yes, reduce search cost outweighs small privacy value",1,"### Decision:
I'll **purchase Firm 1** (choose number 1) because: 
- Positive profit of 0.32 is good
- Further search costs 0.02 and unlikely to improve profit enough to justify cost","C19 Search #1 (Searched:1/3, SearchCost:0.00, BestProfit:0.32@F1) → Purchase F1",0.28
3,5,C20,True,"yes, reduced search cost outweighs small privacy value",0,"### Decision:
I'll **purchase Firm 0** (choose number 0) because: 
- The potential profit (0.11) is positive and exceeds the search cost.
- Further searching costs 0.02 and may reduce net revenue below zero.","C20 Search #1 (Searched:1/3, SearchCost:0.00, BestProfit:0.11@F0) → Purchase F0",0.07
3,6,C1,True,"yes, personalized recommendations with 3 firms significantly reduce search cost and improve profit potential.",2,"### Decision:
I'll **purchase Firm 2** (choose number 2) because:  
- Positive profit of 0.06 is found  
- Additional search cost 0.02 may not yield better profit","C1 Search #1 (Searched:1/3, SearchCost:0.00, BestProfit:0.06@F2) → Purchase F2",0.03
3,6,C2,True,"yes, sharing data reduces search costs significantly with 3 firms, outweighing the small privacy cost.",0,"### Decision:
I'll **purchase Firm 0** (choose number 0) because:  
- Positive profit (0.13) from the first free search  
- Additional search cost (0.02) may outweigh potential gains given small profit margin and privacy cost already paid","C2 Search #1 (Searched:1/3, SearchCost:0.00, BestProfit:0.13@F0) → Purchase F0",0.08
3,6,C3,True,"yes, reduced search cost outweighs small privacy value",0,"### Decision:
I'll **purchase Firm 0** (choose number 0) because:  
- Positive profit (0.14) found  
- Additional search cost (0.02) may reduce profit below zero","C3 Search #1 (Searched:1/3, SearchCost:0.00, BestProfit:0.14@F0) → Purchase F0",0.1
3,6,C4,True,"yes, personalized recommendations reduce search cost significantly with 3 firms.",2,"### Decision:
I'll **purchase Firm 2** (choose number 2) because:  
- Positive profit of 0.18 is available  
- Additional search cost (0.02) may reduce net revenue below zero given small profit margin","C4 Search #1 (Searched:1/3, SearchCost:0.00, BestProfit:0.18@F2) → Purchase F2",0.15
3,6,C5,True,"yes, reduced search cost outweighs small privacy value",2,"### Decision:
I'll **purchase Firm 2** (choose number 2) because:  
- Positive profit (0.09) found  
- Further search costs 0.02, reducing net gain  
- First search is free, no need to risk further cost","C5 Search #1 (Searched:1/3, SearchCost:0.00, BestProfit:0.09@F2) → Purchase F2",0.05
3,6,C6,True,"yes, reduced search cost outweighs small privacy value",0,"### Decision:
I'll **purchase Firm 0** (choose number 0) because:  
- Positive profit (0.15) from the first search  
- No search cost incurred yet, so buying now maximizes revenue","C6 Search #1 (Searched:1/3, SearchCost:0.00, BestProfit:0.15@F0) → Purchase F0",0.1
3,6,C7,True,"yes, personalized recommendations with 3 firms reduce search cost significantly.",1,"### Decision:
I'll **purchase Firm 1** (choose number 1) because:  
- Positive profit (0.2) is available  
- Further search cost (0.02) and privacy cost (0.048) may reduce net gain below zero","C7 Search #1 (Searched:1/3, SearchCost:0.00, BestProfit:0.20@F1) → Purchase F1",0.15
3,6,C8,True,"yes, reduced search cost outweighs small privacy loss",-1,"### Decision:
I'll **leave** (choose number -1) because:  
- Current firm yields negative profit (-0.12)  
- Additional search cost (0.02) likely outweighs potential gains  
- No positive profit found so far","C8 Search #1 (Searched:1/3, SearchCost:0.00, BestProfit:-0.12@F2) → Leave Market",-0.04
3,6,C9,True,"yes, sharing reduces search cost significantly and outweighs small privacy cost",-1,"### Decision:
I'll **leave** (choose number -1) because:  
- The only searched firm offers zero profit.  
- Searching more costs 0.02, risking negative net revenue given low potential profit.","C9 Search #1 (Searched:1/3, SearchCost:0.00, BestProfit:0.00@F1) → Leave Market",-0.05
3,6,C10,True,"yes, the reduction in search cost outweighs the small privacy value",-1,"### Decision:
I'll **leave** (choose number -1) because:  
- Current profit is negative (-0.24)  
- Additional search cost unlikely to yield positive profit given past results","C10 Search #1 (Searched:1/3, SearchCost:0.00, BestProfit:-0.24@F2) → Leave Market",-0.03
3,6,C11,True,"yes, because personalized recommendations will reduce search costs more than the privacy cost.",-1,"### Decision:
I'll **leave** (choose number -1) because:  
- Current firm offers negative profit (-0.23)  
- Additional search cost may not be justified given low net profit margin and privacy cost already paid","C11 Search #1 (Searched:1/3, SearchCost:0.00, BestProfit:-0.23@F2) → Leave Market",-0.04
3,6,C12,True,"yes, because sharing data reduces search cost and outweighs the small privacy cost.",-1,"### Decision:
I'll **leave** (choose number -1) because:  
- The only searched firm has negative profit (-0.03)  
- Further search costs 0.02 and potential profit is less than 1, so not beneficial","C12 Search #1 (Searched:1/3, SearchCost:0.00, BestProfit:-0.03@F2) → Leave Market",-0.04
3,6,C13,True,yes  Reducing search cost with personalized recommendations outweighs small privacy cost.,1,"### Decision:
I'll **purchase Firm 1** (choose number 1) because:  
- Positive profit of 0.39 is substantial  
- Additional search cost of 0.02 may not yield better profit given valuation < 1 and search cost caution","C13 Search #1 (Searched:1/3, SearchCost:0.00, BestProfit:0.39@F1) → Purchase F1",0.34
3,6,C14,True,"yes, reduced search cost from personalized recommendations outweighs small privacy value",0,"### Decision:
I'll **purchase Firm 0** (choose number 0) because:  
- The firm offers positive profit (0.07) which is greater than zero.  
- Further search costs 0.02 and may not yield better profit, risking lower net revenue.","C14 Search #1 (Searched:1/3, SearchCost:0.00, BestProfit:0.07@F0) → Purchase F0",0.04
3,6,C15,True,"yes, because personalized recommendations will significantly reduce search costs with 3 firms.",0,"### Decision:
I'll **purchase Firm 0** (choose number 0) because:  
- The potential profit is positive (0.09).  
- Additional search cost (0.02) may reduce net revenue below zero.","C15 Search #1 (Searched:1/3, SearchCost:0.00, BestProfit:0.09@F0) → Purchase F0",0.05
3,6,C16,True,"yes, sharing reduces search cost significantly and outweighs small privacy cost",0,"### Decision:
I'll **purchase Firm 0** (choose number 0) because:  
- Positive profit of 0.18 is good  
- First search is free, no search cost incurred","C16 Search #1 (Searched:1/3, SearchCost:0.00, BestProfit:0.18@F0) → Purchase F0",0.13
3,6,C17,True,"yes, personalized recommendations reduce search cost significantly with 3 firms",-1,"### Decision:
I'll **leave** (choose number -1) because:  
- The only searched firm offers negative profit (-0.5)  
- Further search cost (0.02) likely outweighs potential gains given low valuations and privacy cost","C17 Search #1 (Searched:1/3, SearchCost:0.00, BestProfit:-0.50@F2) → Leave Market",-0.06
3,6,C18,True,"yes, because personalized recommendations with 3 firms will significantly reduce search cost.",0,"### Decision:
I'll **purchase Firm 0** (choose number 0) because:  
- Positive profit of 0.07 is available  
- Further search cost 0.02 may reduce net gain","C18 Search #1 (Searched:1/3, SearchCost:0.00, BestProfit:0.07@F0) → Purchase F0",0.02
3,6,C19,True,"yes, reduce search cost outweighs small privacy value",1,"### Decision:
I'll **purchase Firm 1** (choose number 1) because:  
- Positive profit of 0.27 is good  
- Further search costs 0.02 and unlikely to improve profit enough to justify cost","C19 Search #1 (Searched:1/3, SearchCost:0.00, BestProfit:0.27@F1) → Purchase F1",0.23
3,6,C20,True,"yes, reduced search cost outweighs small privacy value",0,"### Decision:
I'll **purchase Firm 0** (choose number 0) because:  
- The potential profit (0.01) is positive.  
- Searching costs 0.02, which outweighs the small profit gain.","C20 Search #1 (Searched:1/3, SearchCost:0.00, BestProfit:0.01@F0) → Purchase F0",-0.03
3,7,C1,True,"yes, personalized recommendations with 3 firms significantly reduce search cost and improve profit potential.",2,"### Decision:
I'll **purchase Firm 2** (choose number 2) because:  
- Positive profit of 0.16 found  
- Additional search cost 0.02 may not yield better profit","C1 Search #1 (Searched:1/3, SearchCost:0.00, BestProfit:0.16@F2) → Purchase F2",0.13
3,7,C2,True,"yes, because sharing data reduces search costs significantly with 3 firms, outweighing the small privacy cost.",0,"### Decision:
I'll **purchase Firm 0** (choose number 0) because:  
- Positive profit (0.13) from the first free search  
- Additional search cost (0.02) may outweigh potential gains given small profit margin and privacy cost already paid","C2 Search #1 (Searched:1/3, SearchCost:0.00, BestProfit:0.13@F0) → Purchase F0",0.08
3,7,C3,True,"yes, reduced search cost outweighs small privacy value",0,"### Decision:
I'll **purchase Firm 0** (choose number 0) because: 
- Positive profit (0.14) found
- Additional search cost (0.02) may reduce profit below zero","C3 Search #1 (Searched:1/3, SearchCost:0.00, BestProfit:0.14@F0) → Purchase F0",0.1
3,7,C4,True,"yes, personalized recommendations reduce search cost significantly with 3 firms.",2,"### Decision:
I'll **purchase Firm 2** (choose number 2) because:  
- Positive profit of 0.28 is available.  
- Additional search cost (0.02) may reduce net revenue below zero given small profit margin.","C4 Search #1 (Searched:1/3, SearchCost:0.00, BestProfit:0.28@F2) → Purchase F2",0.25
3,7,C5,True,"yes, reduced search cost outweighs small privacy value",2,"### Decision:
I'll **purchase Firm 2** (choose number 2) because:  
- Positive profit (0.19) found  
- Further search costs 0.02, reducing net gain","C5 Search #1 (Searched:1/3, SearchCost:0.00, BestProfit:0.19@F2) → Purchase F2",0.15
3,7,C6,True,"yes, reduced search cost outweighs small privacy value",0,"### Decision:
I'll **purchase Firm 0** (choose number 0) because:  
- Positive profit (0.15) from the first search  
- No search cost incurred yet, buying now maximizes revenue","C6 Search #1 (Searched:1/3, SearchCost:0.00, BestProfit:0.15@F0) → Purchase F0",0.1
3,7,C7,True,"yes, personalized recommendations with 3 firms reduce search cost significantly.",1,"### Decision:
I'll **purchase Firm 1** (choose number 1) because:  
- Positive profit (0.25) is available  
- Further search cost (0.02) and privacy cost (0.048) may reduce net gain below zero","C7 Search #1 (Searched:1/3, SearchCost:0.00, BestProfit:0.25@F1) → Purchase F1",0.2
3,7,C8,True,"yes, reduced search cost outweighs small privacy loss",-1,"### Decision:
I'll **leave** (choose number -1) because:  
- Current profit is negative (-0.02)  
- Additional search cost (0.02) likely outweighs potential gains  
- No positive profit found so far","C8 Search #1 (Searched:1/3, SearchCost:0.00, BestProfit:-0.02@F2) → Leave Market",-0.04
3,7,C9,True,"yes, sharing reduces search cost significantly and outweighs small privacy cost",1,"### Decision:
I'll **purchase Firm 1** (choose number 1) because:  
- The potential profit is positive (0.05).  
- Additional search cost (0.02) risks reducing net revenue below zero.","C9 Search #1 (Searched:1/3, SearchCost:0.00, BestProfit:0.05@F1) → Purchase F1",0.0
3,7,C10,True,"yes, the reduction in search cost outweighs the small privacy value",-1,"### Decision:
I'll **leave** (choose number -1) because:  
- Current profit is negative (-0.14)  
- Additional search cost (0.02) unlikely to yield positive profit given past results","C10 Search #1 (Searched:1/3, SearchCost:0.00, BestProfit:-0.14@F2) → Leave Market",-0.03
3,7,C11,True,"yes, personalized recommendations reduce search costs more than the privacy cost.",-1,"### Decision:
I'll **leave** (choose number -1) because:  
- Current firm offers negative profit (-0.13)  
- Additional search cost may exceed potential gain given low net profit margin","C11 Search #1 (Searched:1/3, SearchCost:0.00, BestProfit:-0.13@F2) → Leave Market",-0.04
3,7,C12,True,"yes, because sharing data reduces search cost and outweighs small privacy cost",2,"### Decision:
I'll **purchase Firm 2** (choose number 2) because:  
- Positive profit (0.07) with no search cost  
- Further search costs 0.02 and may not improve profit significantly","C12 Search #1 (Searched:1/3, SearchCost:0.00, BestProfit:0.07@F2) → Purchase F2",0.03
3,7,C13,True,yes  Reducing search cost with personalized recommendations outweighs small privacy cost,1,"### Decision:
I'll **purchase Firm 1** (choose number 1) because:  
- Positive profit of 0.44 is substantial  
- Further search costs 0.02 and unlikely to yield better profit given valuation < 1 and search cost caution","C13 Search #1 (Searched:1/3, SearchCost:0.00, BestProfit:0.44@F1) → Purchase F1",0.39
3,7,C14,True,"yes, reduced search cost from personalized recommendations outweighs small privacy value",0,"### Decision:
I'll **purchase Firm 0** (choose number 0) because:  
- The firm offers positive profit (0.07) which is greater than zero.  
- Further search costs 0.02 and may not yield better profit, risking lower net revenue.","C14 Search #1 (Searched:1/3, SearchCost:0.00, BestProfit:0.07@F0) → Purchase F0",0.04
3,7,C15,True,"yes, personalized recommendations significantly reduce search costs with 3 firms.",0,"### Decision:
I'll **purchase Firm 0** (choose number 0) because:  
- The potential profit is positive (0.09).  
- Additional search cost (0.02) may reduce net revenue below zero.","C15 Search #1 (Searched:1/3, SearchCost:0.00, BestProfit:0.09@F0) → Purchase F0",0.05
3,7,C16,True,"yes, sharing reduces search cost significantly and outweighs small privacy cost",0,"### Decision:
I'll **purchase Firm 0** (choose number 0) because:  
- Positive profit of 0.18 is good  
- First search is free, no additional search cost incurred","C16 Search #1 (Searched:1/3, SearchCost:0.00, BestProfit:0.18@F0) → Purchase F0",0.13
3,7,C17,True,"yes, personalized recommendations will reduce search cost significantly with 3 firms.",-1,"### Decision:
I'll **leave** (choose number -1) because:  
- The only searched firm offers negative profit (-0.4)  
- Further search cost (0.02) may not be justified given low valuations and privacy cost","C17 Search #1 (Searched:1/3, SearchCost:0.00, BestProfit:-0.40@F2) → Leave Market",-0.06
3,7,C18,True,"yes, personalized recommendations with 3 firms will significantly reduce search cost.",0,"### Decision:
I'll **purchase Firm 0** (choose number 0) because:  
- Positive profit of 0.07 is available  
- Further search cost 0.02 may reduce net gain","C18 Search #1 (Searched:1/3, SearchCost:0.00, BestProfit:0.07@F0) → Purchase F0",0.02
3,7,C19,True,"yes, reduce search cost outweighs small privacy value",1,"### Decision:
I'll **purchase Firm 1** (choose number 1) because:  
- Positive profit of 0.32 is good  
- Further search costs 0.02 and unlikely to improve profit enough to justify cost","C19 Search #1 (Searched:1/3, SearchCost:0.00, BestProfit:0.32@F1) → Purchase F1",0.28
3,7,C20,True,"yes, reduced search cost outweighs small privacy value",0,"### Decision:
I'll **purchase Firm 0** (choose number 0) because:  
- The potential profit (0.01) is positive.  
- Searching costs 0.02, which outweighs the small profit gain.","C20 Search #1 (Searched:1/3, SearchCost:0.00, BestProfit:0.01@F0) → Purchase F0",-0.03
3,8,C1,True,"yes, personalized recommendations reduce search cost and improve profit potential.",2,"### Decision:
I'll **purchase Firm 2** (choose number 2) because:  
- Positive profit of 0.16 is already found  
- Additional search cost 0.02 may not yield better profit","C1 Search #1 (Searched:1/3, SearchCost:0.00, BestProfit:0.16@F2) → Purchase F2",0.13
3,8,C2,True,"yes, sharing data reduces search costs significantly with 3 firms, outweighing the small privacy cost.",0,"### Decision:
I'll **purchase Firm 0** (choose number 0) because:  
- Positive profit (0.13) from the first free search  
- Additional search cost (0.02) may outweigh potential gains given small profit margin and privacy cost already paid","C2 Search #1 (Searched:1/3, SearchCost:0.00, BestProfit:0.13@F0) → Purchase F0",0.08
3,8,C3,True,"yes, reduced search cost outweighs small privacy value",0,"### Decision:
I'll **purchase Firm 0** (choose number 0) because:  
- Positive profit (0.14) found  
- Additional search cost (0.02) may reduce profit below zero","C3 Search #1 (Searched:1/3, SearchCost:0.00, BestProfit:0.14@F0) → Purchase F0",0.1
3,8,C4,True,"yes, personalized recommendations significantly reduce search cost with 3 firms.",2,"### Decision:
I'll **purchase Firm 2** (choose number 2) because:  
- Positive profit of 0.28 is available.  
- Additional search cost (0.02) may reduce net revenue below zero given small profit margin.","C4 Search #1 (Searched:1/3, SearchCost:0.00, BestProfit:0.28@F2) → Purchase F2",0.25
3,8,C5,True,"yes, reduced search cost outweighs small privacy value",2,"### Decision:
I'll **purchase Firm 2** (choose number 2) because:  
- Positive profit (0.19) found  
- Further search costs 0.02, reducing net gain","C5 Search #1 (Searched:1/3, SearchCost:0.00, BestProfit:0.19@F2) → Purchase F2",0.15
3,8,C6,True,"yes, reduced search cost outweighs small privacy value",0,"### Decision:
I'll **purchase Firm 0** (choose number 0) because:  
- Positive profit (0.15) from the first search  
- No search cost incurred yet, buying now maximizes revenue","C6 Search #1 (Searched:1/3, SearchCost:0.00, BestProfit:0.15@F0) → Purchase F0",0.1
3,8,C7,True,"yes, personalized recommendations with 3 firms reduce search cost significantly.",1,"### Decision:
I'll **purchase Firm 1** (choose number 1) because:  
- Positive profit (0.25) is already available  
- Further search cost (0.02) and privacy cost (0.048) may reduce net gain below zero","C7 Search #1 (Searched:1/3, SearchCost:0.00, BestProfit:0.25@F1) → Purchase F1",0.2
3,8,C8,True,"yes, reduced search cost outweighs small privacy loss",-1,"### Decision:
I'll **leave** (choose number -1) because:  
- Current firm yields negative profit (-0.02)  
- Additional search cost (0.02) likely outweighs potential gains  
- No positive profit found so far","C8 Search #1 (Searched:1/3, SearchCost:0.00, BestProfit:-0.02@F2) → Leave Market",-0.04
3,8,C9,True,"yes, sharing reduces search cost significantly and outweighs small privacy cost",1,"### Decision:
I'll **purchase Firm 1** (choose number 1) because:  
- The potential profit is positive (0.05).  
- Additional search cost (0.02) risks reducing net revenue below zero.","C9 Search #1 (Searched:1/3, SearchCost:0.00, BestProfit:0.05@F1) → Purchase F1",0.0
3,8,C10,True,"yes, the reduction in search cost outweighs the small privacy value",-1,"### Decision:
I'll **leave** (choose number -1) because:  
- Current profit from searched firm is negative (-0.14)  
- Additional search cost (0.02) unlikely to yield positive profit given past results","C10 Search #1 (Searched:1/3, SearchCost:0.00, BestProfit:-0.14@F2) → Leave Market",-0.03
3,8,C11,True,"yes, because personalized recommendations reduce search costs more than the privacy cost.",-1,"### Decision:
I'll **leave** (choose number -1) because: 
- All searched firms offer negative profit. 
- Additional search cost unlikely to yield positive net revenue.","C11 Search #1 (Searched:1/3, SearchCost:0.00, BestProfit:-0.13@F2) → Leave Market",-0.04
3,8,C12,True,"yes, because sharing data reduces search cost and outweighs the small privacy cost.",2,"### Decision:
I'll **purchase Firm 2** (choose number 2) because:  
- Positive profit (0.07) with no search cost  
- Further search costs 0.02 and unlikely to improve profit significantly","C12 Search #1 (Searched:1/3, SearchCost:0.00, BestProfit:0.07@F2) → Purchase F2",0.03
3,8,C13,True,yes  Reducing search cost with personalized recommendations outweighs small privacy cost.,1,"### Decision:
I'll **purchase Firm 1** (choose number 1) because:  
- Positive profit of 0.44 is substantial  
- Further search costs 0.02 and unlikely to yield better profit given valuation < 1 and search cost caution","C13 Search #1 (Searched:1/3, SearchCost:0.00, BestProfit:0.44@F1) → Purchase F1",0.39
3,8,C14,True,"yes, reduced search cost from personalized recommendations outweighs small privacy value",0,"### Decision:
I'll **purchase Firm 0** (choose number 0) because:  
- The firm offers positive profit (0.07) which is greater than zero.  
- Further search costs 0.02 and may not yield better profit, risking lower net revenue.","C14 Search #1 (Searched:1/3, SearchCost:0.00, BestProfit:0.07@F0) → Purchase F0",0.04
3,8,C15,True,"yes, personalized recommendations will reduce search costs significantly with 3 firms.",0,"### Decision:
I'll **purchase Firm 0** (choose number 0) because:  
- The potential profit is positive (0.09).  
- Further search cost (0.02) may reduce net revenue below zero.","C15 Search #1 (Searched:1/3, SearchCost:0.00, BestProfit:0.09@F0) → Purchase F0",0.05
3,8,C16,True,"yes, reduces search cost significantly outweighing small privacy cost",0,"### Decision:
I'll **purchase Firm 0** (choose number 0) because:  
- Positive profit of 0.18 is good  
- First search is free, no additional search cost incurred","C16 Search #1 (Searched:1/3, SearchCost:0.00, BestProfit:0.18@F0) → Purchase F0",0.13
3,8,C17,True,"yes, personalized recommendations reduce search cost significantly with 3 firms",-1,"### Decision:
I'll **leave** (choose number -1) because:  
- The only searched firm offers negative profit (-0.4)  
- Further search cost (0.02) is not justified given low valuations and privacy cost","C17 Search #1 (Searched:1/3, SearchCost:0.00, BestProfit:-0.40@F2) → Leave Market",-0.06
3,8,C18,True,"yes, personalized recommendations with 3 firms significantly reduce search cost.",0,"### Decision:
I'll **purchase Firm 0** (choose number 0) because:  
- Positive profit of 0.07 is available  
- Further search cost 0.02 may reduce net gain","C18 Search #1 (Searched:1/3, SearchCost:0.00, BestProfit:0.07@F0) → Purchase F0",0.02
3,8,C19,True,"yes, reduce search cost outweighs small privacy value",1,"### Decision:
I'll **purchase Firm 1** (choose number 1) because:  
- Positive profit of 0.32 is good  
- Further search costs 0.02 and unlikely to improve profit enough to justify cost","C19 Search #1 (Searched:1/3, SearchCost:0.00, BestProfit:0.32@F1) → Purchase F1",0.28
3,8,C20,True,"yes, reduced search cost outweighs small privacy value",0,"### Decision:
I'll **purchase Firm 0** (choose number 0) because:  
- The potential profit (0.01) is positive.  
- Searching costs 0.02, which outweighs the small profit gain.","C20 Search #1 (Searched:1/3, SearchCost:0.00, BestProfit:0.01@F0) → Purchase F0",-0.03
3,9,C1,True,"yes, personalized recommendations with 3 firms significantly reduce search cost and improve profit potential.",2,"### Decision:
I'll **purchase Firm 2** (choose number 2) because:  
- Positive profit of 0.16 is already found  
- Additional search cost 0.02 may not yield better profit","C1 Search #1 (Searched:1/3, SearchCost:0.00, BestProfit:0.16@F2) → Purchase F2",0.13
3,9,C2,True,"yes, sharing data reduces search costs significantly with 3 firms, outweighing the small privacy cost.",0,"### Decision:
I'll **purchase Firm 0** (choose number 0) because:  
- Positive profit (0.13) from the first free search  
- Additional search cost (0.02) may outweigh potential gains given small profit margin and privacy cost already paid","C2 Search #1 (Searched:1/3, SearchCost:0.00, BestProfit:0.13@F0) → Purchase F0",0.08
3,9,C3,True,"yes, reduced search cost outweighs small privacy value",0,"### Decision:
I'll **purchase Firm 0** (choose number 0) because: 
- Positive profit (0.14) found
- Additional search cost (0.02) may reduce profit below zero","C3 Search #1 (Searched:1/3, SearchCost:0.00, BestProfit:0.14@F0) → Purchase F0",0.1
3,9,C4,True,"yes, personalized recommendations reduce search cost significantly with 3 firms.",2,"### Decision:
I'll **purchase Firm 2** (choose number 2) because:  
- Positive profit of 0.28 is available.  
- Additional search cost (0.02) may reduce net revenue below zero given small profit margin.","C4 Search #1 (Searched:1/3, SearchCost:0.00, BestProfit:0.28@F2) → Purchase F2",0.25
3,9,C5,True,"yes, reduced search cost outweighs small privacy value",2,"### Decision:
I'll **purchase Firm 2** (choose number 2) because:  
- Positive profit (0.19) found  
- Further search costs 0.02, reducing net gain  
- First search is free, no need to risk further cost","C5 Search #1 (Searched:1/3, SearchCost:0.00, BestProfit:0.19@F2) → Purchase F2",0.15
3,9,C6,True,"yes, reduced search cost outweighs small privacy value",0,"### Decision:
I'll **purchase Firm 0** (choose number 0) because:  
- Positive profit (0.15) already found  
- No search cost incurred yet, buying now maximizes revenue","C6 Search #1 (Searched:1/3, SearchCost:0.00, BestProfit:0.15@F0) → Purchase F0",0.1
3,9,C7,True,"yes, personalized recommendations with 3 firms reduce search cost significantly.",1,"### Decision:
I'll **purchase Firm 1** (choose number 1) because:  
- Positive profit (0.25) is available  
- Further search cost (0.02) and privacy cost (0.048) may reduce net gain below zero","C7 Search #1 (Searched:1/3, SearchCost:0.00, BestProfit:0.25@F1) → Purchase F1",0.2
3,9,C8,True,"yes, reduced search cost outweighs small privacy loss",-1,"### Decision:
I'll **leave** (choose number -1) because:  
- Current firm yields negative profit (-0.02)  
- Additional search cost (0.02) likely outweighs potential gains  
- No positive profit found so far","C8 Search #1 (Searched:1/3, SearchCost:0.00, BestProfit:-0.02@F2) → Leave Market",-0.04
3,9,C9,True,"yes, sharing reduces search cost significantly and outweighs small privacy cost",1,"### Decision:
I'll **purchase Firm 1** (choose number 1) because:  
- The potential profit is positive (0.05).  
- Additional search cost (0.02) risks reducing net revenue below zero.","C9 Search #1 (Searched:1/3, SearchCost:0.00, BestProfit:0.05@F1) → Purchase F1",0.0
3,9,C10,True,"yes, the reduction in search cost outweighs the small privacy value",-1,"### Decision:
I'll **leave** (choose number -1) because:  
- Current profit is negative (-0.14)  
- Additional search cost may not be justified given low expected profit","C10 Search #1 (Searched:1/3, SearchCost:0.00, BestProfit:-0.14@F2) → Leave Market",-0.03
3,9,C11,True,"yes, personalized recommendations reduce search costs more than privacy cost.",-1,"### Decision:
I'll **leave** (choose number -1) because:  
- Current firm offers negative profit (-0.13)  
- Additional search cost may exceed potential gain given low net profit margin","C11 Search #1 (Searched:1/3, SearchCost:0.00, BestProfit:-0.13@F2) → Leave Market",-0.04
3,9,C12,True,"yes, because sharing data reduces search cost and outweighs small privacy cost",2,"### Decision:
I'll **purchase Firm 2** (choose number 2) because:  
- Positive profit (0.07) with no search cost  
- Further search costs 0.02 and unlikely to improve profit significantly","C12 Search #1 (Searched:1/3, SearchCost:0.00, BestProfit:0.07@F2) → Purchase F2",0.03
3,9,C13,True,yes Reducing search cost with personalized recommendations outweighs small privacy cost,1,"### Decision:
I'll **purchase Firm 1** (choose number 1) because:  
- Positive profit of 0.44 is substantial  
- Additional search cost of 0.02 unlikely to yield better profit given valuation < 1 and search cost caution","C13 Search #1 (Searched:1/3, SearchCost:0.00, BestProfit:0.44@F1) → Purchase F1",0.39
3,9,C14,True,"yes, reduced search cost from personalized recommendations outweighs small privacy value",0,"### Decision:
I'll **purchase Firm 0** (choose number 0) because:  
- The firm offers positive profit (0.07) which is greater than zero.  
- Searching costs 0.02 and may not yield better profit, risking lower net revenue.","C14 Search #1 (Searched:1/3, SearchCost:0.00, BestProfit:0.07@F0) → Purchase F0",0.04
3,9,C15,True,"yes, personalized recommendations will significantly reduce search costs with 3 firms.",0,"### Decision:
I'll **purchase Firm 0** (choose number 0) because:  
- The potential profit is positive (0.09).  
- Additional search cost (0.02) may reduce net revenue below zero.","C15 Search #1 (Searched:1/3, SearchCost:0.00, BestProfit:0.09@F0) → Purchase F0",0.05
3,9,C16,True,"yes, sharing reduces search cost significantly and outweighs small privacy cost",0,"### Decision:
I'll **purchase Firm 0** (choose number 0) because:  
- Positive profit of 0.18 is good  
- First search is free, no additional search cost incurred","C16 Search #1 (Searched:1/3, SearchCost:0.00, BestProfit:0.18@F0) → Purchase F0",0.13
3,9,C17,True,"yes, personalized recommendations reduce search cost significantly with 3 firms.",-1,"### Decision:
I'll **leave** (choose number -1) because:  
- The only searched firm offers negative profit (-0.4)  
- Further search cost (0.02) may not be justified given low valuations and privacy cost","C17 Search #1 (Searched:1/3, SearchCost:0.00, BestProfit:-0.40@F2) → Leave Market",-0.06
3,9,C18,True,"yes, personalized recommendations with 3 firms significantly reduce search cost.",0,"### Decision:
I'll **purchase Firm 0** (choose number 0) because:  
- Positive profit of 0.07 is available  
- Further search cost 0.02 may reduce net gain","C18 Search #1 (Searched:1/3, SearchCost:0.00, BestProfit:0.07@F0) → Purchase F0",0.02
3,9,C19,True,"yes, reduce search cost outweighs small privacy value",1,"### Decision:
I'll **purchase Firm 1** (choose number 1) because:  
- Positive profit of 0.32 is good  
- Further search costs 0.02 and unlikely to improve profit enough to justify cost","C19 Search #1 (Searched:1/3, SearchCost:0.00, BestProfit:0.32@F1) → Purchase F1",0.28
3,9,C20,True,"yes, reduced search cost outweighs small privacy value",0,"### Decision:
I'll **purchase Firm 0** (choose number 0) because:  
- The potential profit (0.01) is positive.  
- Searching costs 0.02, which outweighs the small profit gain.","C20 Search #1 (Searched:1/3, SearchCost:0.00, BestProfit:0.01@F0) → Purchase F0",-0.03
3,10,C1,True,"yes, personalized recommendations reduce search cost and improve profit potential.",2,"### Decision:
I'll **purchase Firm 2** (choose number 2) because:  
- Positive profit of 0.16 is already found  
- Additional search cost 0.02 may not yield better profit","C1 Search #1 (Searched:1/3, SearchCost:0.00, BestProfit:0.16@F2) → Purchase F2",0.13
3,10,C2,True,"yes, sharing data reduces search costs significantly with 3 firms, outweighing the small privacy cost.",0,"### Decision:
I'll **purchase Firm 0** (choose number 0) because:  
- Positive profit (0.13) from the first free search  
- Additional search cost (0.02) may outweigh potential gains given small profit margin and privacy cost already paid","C2 Search #1 (Searched:1/3, SearchCost:0.00, BestProfit:0.13@F0) → Purchase F0",0.08
3,10,C3,True,"yes, reduced search cost outweighs small privacy value",0,"### Decision:
I'll **purchase Firm 0** (choose number 0) because: 
- Positive profit (0.14) found
- Additional search cost (0.02) may reduce profit below zero","C3 Search #1 (Searched:1/3, SearchCost:0.00, BestProfit:0.14@F0) → Purchase F0",0.1
3,10,C4,True,"yes, personalized recommendations reduce search cost significantly with 3 firms.",2,"### Decision:
I'll **purchase Firm 2** (choose number 2) because:  
- Positive profit of 0.28 is available.  
- Additional search cost (0.02) may reduce net revenue below zero given small profit margin.","C4 Search #1 (Searched:1/3, SearchCost:0.00, BestProfit:0.28@F2) → Purchase F2",0.25
3,10,C5,True,"yes, reduced search cost outweighs small privacy value",2,"### Decision:
I'll **purchase Firm 2** (choose number 2) because:  
- Positive profit (0.19) found  
- Further search costs 0.02, reducing net gain  
- First search is free, no need to risk further cost","C5 Search #1 (Searched:1/3, SearchCost:0.00, BestProfit:0.19@F2) → Purchase F2",0.15
3,10,C6,True,"yes, reduced search cost outweighs small privacy value",0,"### Decision:
I'll **purchase Firm 0** (choose number 0) because:  
- Positive profit (0.15) from the first search  
- No search cost incurred yet, buying now maximizes revenue","C6 Search #1 (Searched:1/3, SearchCost:0.00, BestProfit:0.15@F0) → Purchase F0",0.1
3,10,C7,True,"yes, personalized recommendations with 3 firms reduce search cost significantly.",1,"### Decision:
I'll **purchase Firm 1** (choose number 1) because:  
- Positive profit (0.25) is already available  
- Further search cost (0.02) and privacy cost (0.048) may reduce net gain below zero","C7 Search #1 (Searched:1/3, SearchCost:0.00, BestProfit:0.25@F1) → Purchase F1",0.2
3,10,C8,True,"yes, reduced search cost outweighs small privacy loss",-1,"### Decision:
I'll **leave** (choose number -1) because:  
- Current firm yields negative profit (-0.02)  
- Additional search cost (0.02) likely outweighs potential gains  
- No positive profit found so far","C8 Search #1 (Searched:1/3, SearchCost:0.00, BestProfit:-0.02@F2) → Leave Market",-0.04
3,10,C9,True,"yes, sharing reduces search cost significantly and outweighs small privacy cost",1,"### Decision:
I'll **purchase Firm 1** (choose number 1) because:  
- The potential profit is positive (0.05).  
- Additional search cost (0.02) risks reducing net revenue below zero.","C9 Search #1 (Searched:1/3, SearchCost:0.00, BestProfit:0.05@F1) → Purchase F1",0.0
3,10,C10,True,"yes, reduction in search cost outweighs small privacy value",-1,"### Decision:
I'll **leave** (choose number -1) because:  
- Current profit is negative (-0.14)  
- Additional search cost (0.02) unlikely to yield positive profit given past results","C10 Search #1 (Searched:1/3, SearchCost:0.00, BestProfit:-0.14@F2) → Leave Market",-0.03
3,10,C11,True,"yes, personalized recommendations reduce search costs more than the privacy cost.",-1,"### Decision:
I'll **leave** (choose number -1) because: 
- Current firm offers negative profit (-0.13) 
- Additional search cost may exceed potential gain given low net profit margin","C11 Search #1 (Searched:1/3, SearchCost:0.00, BestProfit:-0.13@F2) → Leave Market",-0.04
3,10,C12,True,"yes, because sharing data reduces search cost and outweighs the small privacy cost.",2,"### Decision:
I'll **purchase Firm 2** (choose number 2) because:  
- Positive profit (0.07) with no search cost  
- Further search costs 0.02 and unlikely to improve profit significantly","C12 Search #1 (Searched:1/3, SearchCost:0.00, BestProfit:0.07@F2) → Purchase F2",0.03
3,10,C13,True,yes  Reducing search cost with personalized recommendations outweighs small privacy cost,1,"### Decision:
I'll **purchase Firm 1** (choose number 1) because:  
- Positive profit of 0.44 is substantial  
- Additional search cost of 0.02 unlikely to yield better profit given valuation < 1 and search cost caution","C13 Search #1 (Searched:1/3, SearchCost:0.00, BestProfit:0.44@F1) → Purchase F1",0.39
3,10,C14,True,"yes, reduced search cost from personalized recommendations outweighs small privacy value",0,"### Decision:
I'll **purchase Firm 0** (choose number 0) because:  
- The firm offers positive profit (0.07) which is greater than zero.  
- Further search costs 0.02 and may not yield better profit, risking lower net revenue.","C14 Search #1 (Searched:1/3, SearchCost:0.00, BestProfit:0.07@F0) → Purchase F0",0.04
3,10,C15,True,"yes, personalized recommendations significantly reduce search costs with 3 firms.",0,"### Decision:
I'll **purchase Firm 0** (choose number 0) because:  
- The potential profit is positive (0.09).  
- Additional search cost (0.02) may reduce net revenue below zero.","C15 Search #1 (Searched:1/3, SearchCost:0.00, BestProfit:0.09@F0) → Purchase F0",0.05
3,10,C16,True,"yes, sharing reduces search cost significantly, outweighing small privacy cost",0,"### Decision:
I'll **purchase Firm 0** (choose number 0) because:  
- Positive profit of 0.18 is good  
- First search is free, no additional search cost incurred","C16 Search #1 (Searched:1/3, SearchCost:0.00, BestProfit:0.18@F0) → Purchase F0",0.13
3,10,C17,True,"yes, personalized recommendations reduce search cost significantly with 3 firms.",-1,"### Decision:
I'll **leave** (choose number -1) because:  
- The only searched firm offers negative profit (-0.4)  
- Further search cost (0.02) and privacy cost outweigh potential gains","C17 Search #1 (Searched:1/3, SearchCost:0.00, BestProfit:-0.40@F2) → Leave Market",-0.06
3,10,C18,True,"yes, personalized recommendations with 3 firms significantly reduce search cost.",0,"### Decision:
I'll **purchase Firm 0** (choose number 0) because:  
- Positive profit of 0.07 is available  
- Further search cost 0.02 may reduce net gain","C18 Search #1 (Searched:1/3, SearchCost:0.00, BestProfit:0.07@F0) → Purchase F0",0.02
3,10,C19,True,"yes, reduce search cost outweighs small privacy value",1,"### Decision:
I'll **purchase Firm 1** (choose number 1) because: 
- Positive profit of 0.32 is good
- Further search costs 0.02 and unlikely to improve profit enough to justify cost","C19 Search #1 (Searched:1/3, SearchCost:0.00, BestProfit:0.32@F1) → Purchase F1",0.28
3,10,C20,True,"yes, reduced search cost outweighs small privacy value",0,"### Decision:
I'll **purchase Firm 0** (choose number 0) because:  
- The potential profit (0.01) is positive.  
- Searching costs 0.02, which outweighs the small profit gain.","C20 Search #1 (Searched:1/3, SearchCost:0.00, BestProfit:0.01@F0) → Purchase F0",-0.03
4,1,C1,True,"yes, personalized recommendations with 4 firms significantly reduce search costs, outweighing the small privacy value.",1,"### Decision:
I'll **purchase Firm 1** (choose number 1) because:  
- The firm offers positive profit (0.21).  
- Further search costs 0.02 and may not yield significantly higher profit to justify the cost.","C1 Search #1 (Searched:1/4, SearchCost:0.00, BestProfit:0.21@F1) → Purchase F1",0.16
4,1,C2,True,"yes, reduced search cost outweighs small privacy loss",2,"### Decision:
I'll **purchase Firm 2** (choose number 2) because: 
- Positive profit of 0.25 is available
- First search is free and profit outweighs search cost and privacy value","C2 Search #1 (Searched:1/4, SearchCost:0.00, BestProfit:0.25@F2) → Purchase F2",0.2
4,1,C3,True,"yes, reduced search cost outweighs small privacy value.",2,"### Decision:
I'll **purchase Firm 2** (choose number 2) because:  
- Positive profit of 0.34 is good enough  
- Further search costs 0.02 which may reduce net gain","C3 Search #1 (Searched:1/4, SearchCost:0.00, BestProfit:0.34@F2) → Purchase F2",0.3
4,1,C4,True,"yes, reduced search cost outweighs small privacy value.",2,"### Decision:
I'll **purchase Firm 2** (choose number 2) because:  
- Positive profit (0.36) is good and first search is free  
- Additional search costs 0.02 and may not yield better profit given diminishing returns and privacy cost","C4 Search #1 (Searched:1/4, SearchCost:0.00, BestProfit:0.36@F2) → Purchase F2",0.31
4,1,C5,True,"yes, because sharing data reduces search cost significantly with 4 firms.",2,"### Decision:
I'll **purchase Firm 2** (choose number 2) because:  
- The potential profit is positive (0.4).  
- Further search costs (0.02) may reduce net revenue, and current profit is reasonably good.","C5 Search #1 (Searched:1/4, SearchCost:0.00, BestProfit:0.40@F2) → Purchase F2",0.35
4,1,C6,True,"Yes, because sharing data reduces search costs significantly with 4 firms.",1,"### Decision:
I'll **purchase Firm 1** (choose number 1) because:  
- Positive profit (0.06) already found  
- Further search costs (0.02) may outweigh potential gains","C6 Search #1 (Searched:1/4, SearchCost:0.00, BestProfit:0.06@F1) → Purchase F1",0.04
4,1,C7,True,"yes, reduced search cost outweighs small privacy value.",3,"### Decision:
I'll **purchase Firm 3** because: 
- Positive profit of 0.38 from this firm
- Further search costs 0.02 and may not yield better profit exceeding search cost plus privacy value","C7 Search #1 (Searched:1/4, SearchCost:0.00, BestProfit:0.38@F3) → Purchase F3",0.33
4,1,C8,True,"yes, because personalized recommendations will reduce search cost significantly with 4 firms.",2,"### Decision:
I'll **purchase Firm 2** because: 
- The potential profit (0.25) is positive and reasonably high.
- Further search costs (0.02) may reduce total profit, and the first search is free.","C8 Search #1 (Searched:1/4, SearchCost:0.00, BestProfit:0.25@F2) → Purchase F2",0.2
4,1,C9,True,"yes, because personalized recommendations reduce search cost significantly.",3,"### Decision:
I'll **purchase Firm 3** (choose number 3) because: 
- Positive profit of 0.32 is already found
- Further search costs 0.02 which reduces net gain and may not yield better profit","C9 Search #1 (Searched:1/4, SearchCost:0.00, BestProfit:0.32@F3) → Purchase F3",0.29
4,1,C10,True,"yes, personalized recommendations with 4 firms will reduce search cost more than my privacy cost.",-1,"### Decision:
I'll **leave** (choose number -1) because:  
- Both searched firms have negative profit.  
- Additional search cost may exceed potential profit.","C10 Search #1 (Searched:1/4, SearchCost:0.00, BestProfit:-0.19@F2) → Search Next; C10 Search #2 (Searched:2/4, SearchCost:0.02, BestProfit:-0.19@F2) → Leave Market",-0.07
4,1,C11,True,"yes, because personalized recommendations reduce search costs significantly.",2,"### Decision:
I'll **purchase Firm 2** (choose number 2) because: 
- The firm offers a positive profit of 0.18.
- Further search costs 0.02 and may not yield better profit, reducing total revenue.","C11 Search #1 (Searched:1/4, SearchCost:0.00, BestProfit:0.18@F2) → Purchase F2",0.14
4,1,C12,True,"yes, because personalized recommendations will reduce search costs with 4 firms.",2,"### Decision:
I'll **purchase Firm 2** (choose number 2) because: 
- Positive profit of 0.36 is good.
- Search cost is zero so far; further search costs 0.02 which may reduce profit.","C12 Search #1 (Searched:1/4, SearchCost:0.00, BestProfit:0.36@F2) → Purchase F2",0.32
4,1,C13,True,"yes, reduced search cost outweighs small privacy value.",3,"### Decision:
I'll **purchase Firm 3** (choose number 3) because: 
- Positive profit of 0.39 is good
- Further search costs 0.02 and may not improve profit enough","C13 Search #1 (Searched:1/4, SearchCost:0.00, BestProfit:0.39@F3) → Purchase F3",0.34
4,1,C14,True,"yes, reduced search cost outweighs small privacy value.",1,"### Decision:
I'll **purchase Firm 1** (choose number 1) because: 
- Positive profit (0.27) already found
- Further search costs 0.02, which may reduce net gain below zero","C14 Search #1 (Searched:1/4, SearchCost:0.00, BestProfit:0.27@F1) → Purchase F1",0.24
4,1,C15,True,"yes, because sharing data reduces search cost significantly with 4 firms.",3,"### Decision:
I'll **purchase Firm 3** (choose number 3) because: 
- Positive profit of 0.35 is good
- Further search costs 0.02 may not yield better profit to justify cost","C15 Search #1 (Searched:1/4, SearchCost:0.00, BestProfit:0.35@F3) → Purchase F3",0.32
4,1,C16,True,"yes, the reduction in search cost outweighs the small privacy cost.",0,"### Decision:
I'll **purchase Firm 0** (choose number 0) because: 
- Positive profit (0.28) from the first search
- Additional search costs (0.02) may reduce net revenue below zero given the small profit margin","C16 Search #1 (Searched:1/4, SearchCost:0.00, BestProfit:0.28@F0) → Purchase F0",0.25
4,1,C17,True,"yes, because personalized recommendations will reduce my search cost significantly with 4 firms.",1,"### Decision:
I'll **purchase Firm 1** because:  
- The potential profit (0.28) is positive and reasonably high.  
- Searching more firms costs 0.02 per search, which may reduce net profit below zero.","C17 Search #1 (Searched:1/4, SearchCost:0.00, BestProfit:0.28@F1) → Purchase F1",0.23
4,1,C18,True,"yes, because personalized recommendations will reduce search costs significantly with 4 firms.",3,"### Decision:
I'll **purchase Firm 3** (choose number 3) because: 
- Positive profit (0.14) is available from the first free search
- Additional search costs (0.02) may reduce net revenue below zero","C18 Search #1 (Searched:1/4, SearchCost:0.00, BestProfit:0.14@F3) → Purchase F3",0.09
4,1,C19,True,"yes, because personalized recommendations will reduce search cost significantly with 4 firms.",2,"### Decision:
I'll **purchase Firm 2** (choose number 2) because:  
- Positive profit (0.32) is already available  
- Further search costs (0.02) may reduce net revenue","C19 Search #1 (Searched:1/4, SearchCost:0.00, BestProfit:0.32@F2) → Purchase F2",0.27
4,1,C20,True,"yes, because sharing data reduces search costs significantly with 4 firms.",-1,"### Decision:
I'll **leave** (choose number -1) because:  
- Both searched firms offer negative profit.  
- Additional search costs may outweigh potential gains.","C20 Search #1 (Searched:1/4, SearchCost:0.00, BestProfit:-0.03@F1) → Search Next; C20 Search #2 (Searched:2/4, SearchCost:0.02, BestProfit:-0.03@F1) → Leave Market",-0.07
4,2,C1,True,"yes, personalized recommendations reduce search costs more than the small privacy value.",1,"### Decision:
I'll **purchase Firm 1** (choose number 1) because:  
- The firm offers positive profit (0.11).  
- Further search cost (0.02) may not justify the small potential gain.","C1 Search #1 (Searched:1/4, SearchCost:0.00, BestProfit:0.11@F1) → Purchase F1",0.06
4,2,C2,True,"yes, reduced search cost outweighs small privacy loss",2,"### Decision:
I'll **purchase Firm 2** (choose number 2) because: 
- Positive profit of 0.2 is available  
- First search is free and profit outweighs search cost and privacy value","C2 Search #1 (Searched:1/4, SearchCost:0.00, BestProfit:0.20@F2) → Purchase F2",0.15
4,2,C3,True,"yes, reduced search cost outweighs small privacy value",2,"### Decision:
I'll **purchase Firm 2** (choose number 2) because:  
- Positive profit of 0.29 is good enough  
- Further search costs 0.02 may reduce net gain","C3 Search #1 (Searched:1/4, SearchCost:0.00, BestProfit:0.29@F2) → Purchase F2",0.25
4,2,C4,True,"yes, reduced search cost outweighs small privacy value",2,"### Decision:
I'll **purchase Firm 2** (choose number 2) because:  
- Positive profit (0.31) is good and first search is free  
- Additional search cost (0.02) may not yield better profit given diminishing returns and privacy cost","C4 Search #1 (Searched:1/4, SearchCost:0.00, BestProfit:0.31@F2) → Purchase F2",0.26
4,2,C5,True,"yes, because sharing data reduces search cost significantly with 4 firms.",2,"### Decision:
I'll **purchase Firm 2** (choose number 2) because:  
- The potential profit is positive (0.35).  
- Additional search cost (0.02) may reduce net revenue, and current profit is reasonably good.","C5 Search #1 (Searched:1/4, SearchCost:0.00, BestProfit:0.35@F2) → Purchase F2",0.3
4,2,C6,True,"yes, sharing data reduces search costs significantly with 4 firms",-1,"### Decision:
I'll **leave** (choose number -1) because:  
- The only searched firm has negative profit (-0.04)  
- Further search cost (0.02) may not justify potential gains given low valuation and price difference","C6 Search #1 (Searched:1/4, SearchCost:0.00, BestProfit:-0.04@F1) → Leave Market",-0.03
4,2,C7,True,"yes, reduced search cost outweighs small privacy value",3,"### Decision:
I'll **purchase Firm 3** (choose number 3) because:  
- Positive profit of 0.33 is good  
- Further search costs 0.02 and may not yield better profit exceeding search cost plus privacy value","C7 Search #1 (Searched:1/4, SearchCost:0.00, BestProfit:0.33@F3) → Purchase F3",0.28
4,2,C8,True,"yes, personalized recommendations will reduce search cost significantly with 4 firms.",2,"### Decision:
I'll **purchase Firm 2** (choose number 2) because:  
- The potential profit (0.2) is positive.  
- Further search cost (0.02) may reduce total profit below zero.","C8 Search #1 (Searched:1/4, SearchCost:0.00, BestProfit:0.20@F2) → Purchase F2",0.15
4,2,C9,True,"yes, because personalized recommendations reduce search cost significantly and improve decision efficiency",3,"### Decision:
I'll **purchase Firm 3** (choose number 3) because: 
- Positive profit of 0.27 is found
- Further search costs 0.02 which may reduce net gain and likely won't yield better profit","C9 Search #1 (Searched:1/4, SearchCost:0.00, BestProfit:0.27@F3) → Purchase F3",0.24
4,2,C10,True,"yes, personalized recommendations will reduce search cost more than my privacy cost.",-1,"### Decision:
I'll **leave** (choose number -1) because:  
- The only searched firm has negative profit (-0.24).  
- Additional search cost (0.02) risks further losses given low potential profit.","C10 Search #1 (Searched:1/4, SearchCost:0.00, BestProfit:-0.24@F2) → Leave Market",-0.05
4,2,C11,True,"yes, personalized recommendations will reduce search costs significantly.",2,"### Decision:
I'll **purchase Firm 2** (choose number 2) because:  
- The current profit is positive (0.13).  
- Searching costs 0.02 and is unlikely to yield significantly better profit.","C11 Search #1 (Searched:1/4, SearchCost:0.00, BestProfit:0.13@F2) → Purchase F2",0.09
4,2,C12,True,"yes, personalized recommendations will reduce search costs with 4 firms.",2,"### Decision:
I'll **purchase Firm 2** (choose number 2) because: 
- Positive profit of 0.31 is good
- Further search costs 0.02 which may reduce net revenue","C12 Search #1 (Searched:1/4, SearchCost:0.00, BestProfit:0.31@F2) → Purchase F2",0.27
4,2,C13,True,"yes, reduced search cost outweighs small privacy value",3,"### Decision:
I'll **purchase Firm 3** (choose number 3) because: 
- Positive profit of 0.34 is good
- Further search cost 0.02 may not improve profit enough","C13 Search #1 (Searched:1/4, SearchCost:0.00, BestProfit:0.34@F3) → Purchase F3",0.29
4,2,C14,True,"yes, reduced search cost outweighs small privacy value",1,"### Decision:
I'll **purchase Firm 1** (choose number 1) because: 
- Positive profit (0.17) found
- Further search cost (0.02) may reduce net gain below zero","C14 Search #1 (Searched:1/4, SearchCost:0.00, BestProfit:0.17@F1) → Purchase F1",0.14
4,2,C15,True,"yes, because sharing data reduces search cost significantly with 4 firms.",3,"### Decision:
I'll **purchase Firm 3** (choose number 3) because:  
- Positive profit of 0.3 is good  
- Additional search cost of 0.02 may not justify uncertain better profit","C15 Search #1 (Searched:1/4, SearchCost:0.00, BestProfit:0.30@F3) → Purchase F3",0.27
4,2,C16,True,"yes, the reduction in search cost outweighs the small privacy cost",0,"### Decision:
I'll **purchase Firm 0** (choose number 0) because:  
- Positive profit (0.18) from the first search  
- Additional search cost (0.02) may reduce net revenue below zero given the small profit margin","C16 Search #1 (Searched:1/4, SearchCost:0.00, BestProfit:0.18@F0) → Purchase F0",0.15
4,2,C17,True,"yes, personalized recommendations will reduce my search cost significantly with 4 firms.",1,"### Decision:
I'll **purchase Firm 1** (choose number 1) because:  
- The potential profit (0.18) is positive.  
- Additional search cost (0.02) may reduce net profit below zero.","C17 Search #1 (Searched:1/4, SearchCost:0.00, BestProfit:0.18@F1) → Purchase F1",0.13
4,2,C18,True,"yes, personalized recommendations will reduce search costs significantly with 4 firms",3,"### Decision:
I'll **purchase Firm 3** (choose number 3) because:  
- Positive profit (0.09) is available from the first free search  
- Additional search cost (0.02) may reduce net revenue below zero","C18 Search #1 (Searched:1/4, SearchCost:0.00, BestProfit:0.09@F3) → Purchase F3",0.03
4,2,C19,True,"yes, personalized recommendations will significantly reduce search cost with 4 firms.",2,"### Decision:
I'll **purchase Firm 2** (choose number 2) because:  
- Positive profit (0.27) is already available  
- Further search costs (0.02) may reduce net revenue","C19 Search #1 (Searched:1/4, SearchCost:0.00, BestProfit:0.27@F2) → Purchase F2",0.22
4,2,C20,True,"yes, because sharing data reduces search costs significantly with 4 firms.",-1,"### Decision:
I'll **leave** (choose number -1) because:  
- Both firms offer negative profit  
- Further search costs may outweigh potential gains","C20 Search #1 (Searched:1/4, SearchCost:0.00, BestProfit:-0.13@F1) → Search Next; C20 Search #2 (Searched:2/4, SearchCost:0.02, BestProfit:-0.13@F1) → Leave Market",-0.07
4,3,C1,True,"yes, personalized recommendations reduce search costs more than the small privacy value.",1,"### Decision:
I'll **purchase Firm 1** (choose number 1) because:  
- Positive profit (0.21) already found  
- Additional search cost (0.02) may not justify potential gain","C1 Search #1 (Searched:1/4, SearchCost:0.00, BestProfit:0.21@F1) → Purchase F1",0.16
4,3,C2,True,"yes, reduced search cost outweighs small privacy loss",2,"### Decision:
I'll **purchase Firm 2** (choose number 2) because: 
- Positive profit of 0.15 is available
- First search is free and profit outweighs search cost and privacy value","C2 Search #1 (Searched:1/4, SearchCost:0.00, BestProfit:0.15@F2) → Purchase F2",0.1
4,3,C3,True,"yes, reduced search cost outweighs small privacy value",2,"### Decision:
I'll **purchase Firm 2** (choose number 2) because:  
- Positive profit of 0.24 is good enough  
- Further search costs 0.02 may reduce net gain","C3 Search #1 (Searched:1/4, SearchCost:0.00, BestProfit:0.24@F2) → Purchase F2",0.2
4,3,C4,True,"yes, reduced search cost outweighs small privacy value",2,"### Decision:
I'll **purchase Firm 2** (choose number 2) because:  
- Positive profit (0.26) is good and first search is free  
- Additional search cost (0.02) may not yield better profit given diminishing returns and privacy cost","C4 Search #1 (Searched:1/4, SearchCost:0.00, BestProfit:0.26@F2) → Purchase F2",0.21
4,3,C5,True,"yes, because sharing data reduces search cost significantly with 4 firms.",2,"### Decision:
I'll **purchase Firm 2** (choose number 2) because:  
- Potential profit is positive (0.3)  
- Further search cost (0.02) may reduce net revenue, and current profit is reasonably good","C5 Search #1 (Searched:1/4, SearchCost:0.00, BestProfit:0.30@F2) → Purchase F2",0.25
4,3,C6,True,"yes, sharing data reduces search costs significantly with 4 firms.",1,"### Decision:
I'll **purchase Firm 1** (choose number 1) because:  
- Positive profit (0.06) already found  
- Further search cost (0.02) may outweigh potential gains","C6 Search #1 (Searched:1/4, SearchCost:0.00, BestProfit:0.06@F1) → Purchase F1",0.04
4,3,C7,True,"yes, reduced search cost outweighs small privacy value",3,"### Decision:
I'll **purchase Firm 3** (choose number 3) because:  
- Positive profit of 0.28 is good  
- Further search costs 0.02 and may not yield better profit exceeding search cost plus privacy value","C7 Search #1 (Searched:1/4, SearchCost:0.00, BestProfit:0.28@F3) → Purchase F3",0.23
4,3,C8,True,"yes, personalized recommendations reduce search cost significantly with 4 firms.",2,"### Decision:
I'll **purchase Firm 2** (choose number 2) because:  
- The potential profit (0.15) is positive  
- Further search cost (0.02) may reduce total profit below zero","C8 Search #1 (Searched:1/4, SearchCost:0.00, BestProfit:0.15@F2) → Purchase F2",0.1
4,3,C9,True,"yes, personalized recommendations reduce search cost significantly.",3,"### Decision:
I'll **purchase Firm 3** (choose number 3) because:  
- Positive profit of 0.22 is found  
- Further search cost 0.02 may reduce net gain and unlikely to yield better profit","C9 Search #1 (Searched:1/4, SearchCost:0.00, BestProfit:0.22@F3) → Purchase F3",0.19
4,3,C10,True,"yes, personalized recommendations reduce search cost more than my privacy cost.",-1,"### Decision:
I'll **leave** (choose number -1) because:  
- The only searched firm has negative profit (-0.29).  
- Additional search cost (0.02) risks further losses given low potential profit.","C10 Search #1 (Searched:1/4, SearchCost:0.00, BestProfit:-0.29@F2) → Leave Market",-0.05
4,3,C11,True,"yes, personalized recommendations reduce search costs significantly.",2,"### Decision:
I'll **purchase Firm 2** (choose number 2) because:  
- The current profit is positive (0.08).  
- Searching costs 0.02 and is unlikely to yield significantly better profit.","C11 Search #1 (Searched:1/4, SearchCost:0.00, BestProfit:0.08@F2) → Purchase F2",0.04
4,3,C12,True,"yes, personalized recommendations reduce search costs with 4 firms.",2,"### Decision:
I'll **purchase Firm 2** (choose number 2) because: 
- Positive profit of 0.26 is good
- Further search cost 0.02 may reduce net revenue","C12 Search #1 (Searched:1/4, SearchCost:0.00, BestProfit:0.26@F2) → Purchase F2",0.22
4,3,C13,True,"yes, reduced search cost outweighs small privacy value",3,"### Decision:
I'll **purchase Firm 3** (choose number 3) because: 
- Positive profit of 0.29 is good
- Further search cost 0.02 may not improve profit enough","C13 Search #1 (Searched:1/4, SearchCost:0.00, BestProfit:0.29@F3) → Purchase F3",0.24
4,3,C14,True,"yes, reduced search cost outweighs small privacy value",1,"### Decision:
I'll **purchase Firm 1** (choose number 1) because: 
- Positive profit (0.27) already found
- Further search cost (0.02) may reduce net gain below zero","C14 Search #1 (Searched:1/4, SearchCost:0.00, BestProfit:0.27@F1) → Purchase F1",0.24
4,3,C15,True,"yes, because sharing data reduces search cost significantly with 4 firms.",3,"### Decision:
I'll **purchase Firm 3** (choose number 3) because:  
- Positive profit of 0.25 is good  
- Additional search cost of 0.02 may not justify uncertain better profit","C15 Search #1 (Searched:1/4, SearchCost:0.00, BestProfit:0.25@F3) → Purchase F3",0.22
4,3,C16,True,"yes, the reduction in search cost outweighs the small privacy cost",0,"### Decision:
I'll **purchase Firm 0** (choose number 0) because:  
- Positive profit (0.08) from the first search  
- Further search cost (0.02) may exceed marginal profit","C16 Search #1 (Searched:1/4, SearchCost:0.00, BestProfit:0.08@F0) → Purchase F0",0.05
4,3,C17,True,"yes, personalized recommendations reduce search cost significantly with 4 firms.",1,"### Decision:
I'll **purchase Firm 1** (choose number 1) because:  
- The potential profit (0.28) is positive and reasonably high.  
- Additional search cost (0.02) may reduce net profit below zero.","C17 Search #1 (Searched:1/4, SearchCost:0.00, BestProfit:0.28@F1) → Purchase F1",0.23
4,3,C18,True,"yes, personalized recommendations reduce search cost significantly with 4 firms.",3,"### Decision:
I'll **purchase Firm 3** (choose number 3) because:  
- Positive profit (0.04) exists from the first free search  
- Additional search cost (0.02) may reduce net revenue below zero","C18 Search #1 (Searched:1/4, SearchCost:0.00, BestProfit:0.04@F3) → Purchase F3",-0.01
4,3,C19,True,"yes, personalized recommendations reduce search cost significantly with 4 firms.",2,"### Decision:
I'll **purchase Firm 2** (choose number 2) because:  
- Positive profit (0.22) is already available  
- Further search cost (0.02) may reduce net revenue","C19 Search #1 (Searched:1/4, SearchCost:0.00, BestProfit:0.22@F2) → Purchase F2",0.17
4,3,C20,True,"yes, because sharing data reduces search costs significantly with 4 firms.",-1,"### Decision:
I'll **leave** (choose number -1) because:  
- Both searched firms offer negative profit  
- Additional search cost (0.02) may outweigh potential gains","C20 Search #1 (Searched:1/4, SearchCost:0.00, BestProfit:-0.03@F1) → Search Next; C20 Search #2 (Searched:2/4, SearchCost:0.02, BestProfit:-0.03@F1) → Leave Market",-0.07
4,4,C1,True,"yes, personalized recommendations reduce search costs more than the small privacy value.",1,"### Decision:
I'll **purchase Firm 1** (choose number 1) because:  
- Positive profit (0.11) found  
- Additional search cost (0.02) may not justify potential gain","C1 Search #1 (Searched:1/4, SearchCost:0.00, BestProfit:0.11@F1) → Purchase F1",0.06
4,4,C2,True,"yes, reduced search cost outweighs small privacy loss",2,"### Decision:
I'll **purchase Firm 2** (choose number 2) because:  
- Positive profit of 0.1 is available  
- First search is free and profit outweighs search cost and privacy value","C2 Search #1 (Searched:1/4, SearchCost:0.00, BestProfit:0.10@F2) → Purchase F2",0.05
4,4,C3,True,"yes, reduced search cost outweighs small privacy value",2,"### Decision:
I'll **purchase Firm 2** (choose number 2) because:  
- Positive profit of 0.19 is still good  
- Further search cost 0.02 may reduce net gain","C3 Search #1 (Searched:1/4, SearchCost:0.00, BestProfit:0.19@F2) → Purchase F2",0.15
4,4,C4,True,"yes, reduced search cost outweighs small privacy value",2,"### Decision:
I'll **purchase Firm 2** (choose number 2) because:  
- Positive profit (0.21) is good and first search is free  
- Additional search cost (0.02) may not yield better profit given diminishing returns and privacy cost","C4 Search #1 (Searched:1/4, SearchCost:0.00, BestProfit:0.21@F2) → Purchase F2",0.16
4,4,C5,True,"yes, sharing reduces search cost significantly with 4 firms.",2,"### Decision:
I'll **purchase Firm 2** (choose number 2) because:  
- Potential profit is positive (0.25)  
- Further search cost (0.02) may reduce net revenue, and current profit is reasonably good","C5 Search #1 (Searched:1/4, SearchCost:0.00, BestProfit:0.25@F2) → Purchase F2",0.2
4,4,C6,True,"yes, sharing data reduces search costs significantly with 4 firms.",-1,"### Decision:
I'll **leave** (choose number -1) because:  
- Both searched firms have negative profit (-0.04 and -0.19)  
- Further search cost (0.02) may not justify potential gains given current valuations and prices","C6 Search #1 (Searched:1/4, SearchCost:0.00, BestProfit:-0.04@F1) → Search Next; C6 Search #2 (Searched:2/4, SearchCost:0.02, BestProfit:-0.04@F1) → Leave Market",-0.04
4,4,C7,True,"yes, reduced search cost outweighs small privacy value",3,"### Decision:
I'll **purchase Firm 3** (choose number 3) because:  
- Positive profit of 0.23 after price and search cost  
- Further search costs 0.02 may not yield better profit exceeding cost plus privacy value","C7 Search #1 (Searched:1/4, SearchCost:0.00, BestProfit:0.23@F3) → Purchase F3",0.18
4,4,C8,True,"yes, personalized recommendations will reduce search cost significantly with 4 firms.",2,"### Decision:
I'll **purchase Firm 2** (choose number 2) because:  
- The potential profit (0.1) is positive  
- Further search cost (0.02) may reduce total profit below zero","C8 Search #1 (Searched:1/4, SearchCost:0.00, BestProfit:0.10@F2) → Purchase F2",0.05
4,4,C9,True,"yes, personalized recommendations reduce search cost significantly with 4 firms.",3,"### Decision:
I'll **purchase Firm 3** (choose number 3) because: 
- Positive profit of 0.17 is found
- Further search costs 0.02 which may reduce net gain and unlikely to yield better profit","C9 Search #1 (Searched:1/4, SearchCost:0.00, BestProfit:0.17@F3) → Purchase F3",0.14
4,4,C10,True,"yes, personalized recommendations reduce search cost more than my privacy cost.",-1,"### Decision:
I'll **leave** (choose number -1) because:  
- The only searched firm has negative profit (-0.34).  
- Additional search cost risks further losses given low potential profit.","C10 Search #1 (Searched:1/4, SearchCost:0.00, BestProfit:-0.34@F2) → Leave Market",-0.05
4,4,C11,True,"yes, personalized recommendations reduce search costs significantly.",2,"### Decision:
I'll **purchase Firm 2** (choose number 2) because:  
- The current profit is positive (0.03).  
- Searching costs 0.02 and is unlikely to yield significantly better profit.","C11 Search #1 (Searched:1/4, SearchCost:0.00, BestProfit:0.03@F2) → Purchase F2",-0.01
4,4,C12,True,"yes, personalized recommendations reduce search costs with 4 firms.",2,"### Decision:
I'll **purchase Firm 2** (choose number 2) because:  
- Positive profit of 0.21 is good  
- Further search cost 0.02 may reduce net revenue","C12 Search #1 (Searched:1/4, SearchCost:0.00, BestProfit:0.21@F2) → Purchase F2",0.17
4,4,C13,True,"yes, reduced search cost outweighs small privacy value",3,"### Decision:
I'll **purchase Firm 3** (choose number 3) because: 
- Positive profit of 0.24 is good
- Further search cost 0.02 may not improve profit enough","C13 Search #1 (Searched:1/4, SearchCost:0.00, BestProfit:0.24@F3) → Purchase F3",0.19
4,4,C14,True,"yes, reduced search cost outweighs small privacy value",1,"### Decision:
I'll **purchase Firm 1** (choose number 1) because: 
- Positive profit (0.17) found
- Further search cost (0.02) may reduce net gain below zero","C14 Search #1 (Searched:1/4, SearchCost:0.00, BestProfit:0.17@F1) → Purchase F1",0.14
4,4,C15,True,"yes, because sharing data reduces search cost significantly with 4 firms.",3,"### Decision:
I'll **purchase Firm 3** (choose number 3) because:  
- Positive profit of 0.20 is good  
- Additional search cost of 0.02 may not justify uncertain better profit","C15 Search #1 (Searched:1/4, SearchCost:0.00, BestProfit:0.20@F3) → Purchase F3",0.17
4,4,C16,True,"yes, the reduction in search cost outweighs the small privacy cost",-1,"### Decision:
I'll **leave** (choose number -1) because: 
- The only searched firm has negative profit (-0.02) 
- Additional search cost (0.02) may lead to negative net revenue","C16 Search #1 (Searched:1/4, SearchCost:0.00, BestProfit:-0.02@F0) → Leave Market",-0.03
4,4,C17,True,"yes, personalized recommendations will significantly reduce my search cost with 4 firms.",1,"### Decision:
I'll **purchase Firm 1** (choose number 1) because:  
- The potential profit (0.18) is positive  
- Additional search cost (0.02) may reduce net profit below zero","C17 Search #1 (Searched:1/4, SearchCost:0.00, BestProfit:0.18@F1) → Purchase F1",0.13
4,4,C18,True,"yes, personalized recommendations reduce search costs significantly with 4 firms.",-1,"### Decision:
I'll **leave** (choose number -1) because:  
- The only searched firm has negative profit (-0.01).  
- Searching another firm costs 0.02, likely leading to negative total revenue.","C18 Search #1 (Searched:1/4, SearchCost:0.00, BestProfit:-0.01@F3) → Leave Market",-0.06
4,4,C19,True,"yes, personalized recommendations reduce search cost significantly with 4 firms.",2,"### Decision:
I'll **purchase Firm 2** (choose number 2) because:  
- Positive profit (0.17) is available  
- Further search cost (0.02) may reduce net revenue","C19 Search #1 (Searched:1/4, SearchCost:0.00, BestProfit:0.17@F2) → Purchase F2",0.12
4,4,C20,True,"yes, because sharing data reduces search costs significantly with 4 firms.",-1,"### Decision:
I'll **leave** (choose number -1) because:  
- All searched firms offer negative profit.  
- Additional search cost may outweigh potential gains.","C20 Search #1 (Searched:1/4, SearchCost:0.00, BestProfit:-0.13@F1) → Search Next; C20 Search #2 (Searched:2/4, SearchCost:0.02, BestProfit:-0.13@F1) → Search Next; C20 Search #3 (Searched:3/4, SearchCost:0.04, BestProfit:-0.13@F1) → Leave Market",-0.09
4,5,C1,True,"yes, personalized recommendations reduce search costs more than the small privacy value.",1,"### Decision:
I'll **purchase Firm 1** (choose number 1) because:  
- Positive profit (0.21) found  
- Additional search cost (0.02) may not justify potential gain","C1 Search #1 (Searched:1/4, SearchCost:0.00, BestProfit:0.21@F1) → Purchase F1",0.16
4,5,C2,True,"yes, reduced search cost outweighs small privacy loss",2,"### Decision:
I'll **purchase Firm 2** (choose number 2) because:  
- Positive profit (0.05) available  
- First search is free and profit outweighs privacy cost and no further search cost","C2 Search #1 (Searched:1/4, SearchCost:0.00, BestProfit:0.05@F2) → Purchase F2",0.0
4,5,C3,True,"yes, reduced search cost outweighs small privacy value",2,"### Decision:
I'll **purchase Firm 2** (choose number 2) because:  
- Positive profit of 0.14 is still positive  
- Further search cost 0.02 may reduce net gain","C3 Search #1 (Searched:1/4, SearchCost:0.00, BestProfit:0.14@F2) → Purchase F2",0.1
4,5,C4,True,"yes, reduced search cost outweighs small privacy value",2,"### Decision:
I'll **purchase Firm 2** (choose number 2) because:  
- Positive profit (0.16) after free first search  
- Additional search cost (0.02) may not yield better profit given diminishing returns and privacy cost","C4 Search #1 (Searched:1/4, SearchCost:0.00, BestProfit:0.16@F2) → Purchase F2",0.11
4,5,C5,True,"yes, because sharing data reduces search cost significantly with 4 firms.",2,"### Decision:
I'll **purchase Firm 2** (choose number 2) because:  
- Potential profit is positive (0.2)  
- Further search cost (0.02) may reduce net revenue, and current profit is reasonably good","C5 Search #1 (Searched:1/4, SearchCost:0.00, BestProfit:0.20@F2) → Purchase F2",0.15
4,5,C6,True,"yes, sharing reduces search costs significantly with 4 firms.",1,"### Decision:
I'll **purchase Firm 1** (choose number 1) because:  
- Positive profit (0.06) already found  
- Further search cost (0.02) may outweigh potential gains","C6 Search #1 (Searched:1/4, SearchCost:0.00, BestProfit:0.06@F1) → Purchase F1",0.04
4,5,C7,True,"yes, reduced search cost outweighs small privacy value",3,"### Decision:
I'll **purchase Firm 3** (choose number 3) because:  
- Positive profit of 0.28 is good  
- Further search costs 0.02 and may not yield better profit exceeding cost plus privacy value","C7 Search #1 (Searched:1/4, SearchCost:0.00, BestProfit:0.28@F3) → Purchase F3",0.23
4,5,C8,True,"yes, personalized recommendations reduce search cost significantly with 4 firms.",2,"### Decision:
I'll **purchase Firm 2** (choose number 2) because:  
- The potential profit (0.05) is positive  
- Further search cost (0.02) may reduce total profit below zero","C8 Search #1 (Searched:1/4, SearchCost:0.00, BestProfit:0.05@F2) → Purchase F2",0.0
4,5,C9,True,"yes, personalized recommendations significantly reduce search cost and improve decision efficiency.",3,"### Decision:
I'll **purchase Firm 3** (choose number 3) because:  
- Positive profit of 0.22 found  
- Further search cost 0.02 may reduce net gain and unlikely to yield better profit","C9 Search #1 (Searched:1/4, SearchCost:0.00, BestProfit:0.22@F3) → Purchase F3",0.19
4,5,C10,True,"yes, personalized recommendations with 4 firms reduce search cost more than my privacy cost.",-1,"### Decision:
I'll **leave** (choose number -1) because:  
- The only searched firm has negative profit (-0.39).  
- Additional search cost risks further losses given low potential profit.","C10 Search #1 (Searched:1/4, SearchCost:0.00, BestProfit:-0.39@F2) → Leave Market",-0.05
4,5,C11,True,"yes, personalized recommendations reduce search costs significantly.",-1,"### Decision:
I'll **leave** (choose number -1) because:  
- The only searched firm offers negative profit (-0.02).  
- Searching costs 0.02 and may not improve profit enough to justify cost.","C11 Search #1 (Searched:1/4, SearchCost:0.00, BestProfit:-0.02@F2) → Leave Market",-0.04
4,5,C12,True,"yes, personalized recommendations reduce search costs with 4 firms.",2,"### Decision:
I'll **purchase Firm 2** (choose number 2) because:  
- Positive profit of 0.16 is good  
- Further search cost of 0.02 may reduce net revenue","C12 Search #1 (Searched:1/4, SearchCost:0.00, BestProfit:0.16@F2) → Purchase F2",0.12
4,5,C13,True,"yes, reduced search cost outweighs small privacy value",3,"### Decision:
I'll **purchase Firm 3** (choose number 3) because: 
- Positive profit of 0.29 is good
- Further search cost 0.02 may not improve profit enough","C13 Search #1 (Searched:1/4, SearchCost:0.00, BestProfit:0.29@F3) → Purchase F3",0.24
4,5,C14,True,"yes, reduced search cost outweighs small privacy value",1,"### Decision:
I'll **purchase Firm 1** (choose number 1) because: 
- Positive profit (0.27) found
- Further search cost (0.02) may reduce net gain below zero","C14 Search #1 (Searched:1/4, SearchCost:0.00, BestProfit:0.27@F1) → Purchase F1",0.24
4,5,C15,True,"yes, because sharing data reduces search cost significantly with 4 firms.",3,"### Decision:
I'll **purchase Firm 3** (choose number 3) because:  
- Positive profit of 0.25 is good  
- Additional search cost of 0.02 may not justify uncertain better profit","C15 Search #1 (Searched:1/4, SearchCost:0.00, BestProfit:0.25@F3) → Purchase F3",0.22
4,5,C16,True,"yes, the reduction in search cost outweighs the small privacy cost",0,"### Decision:
I'll **purchase Firm 0** (choose number 0) because:  
- Positive profit (0.08) from first search  
- Additional search cost (0.02) may exceed marginal profit","C16 Search #1 (Searched:1/4, SearchCost:0.00, BestProfit:0.08@F0) → Purchase F0",0.05
4,5,C17,True,"yes, personalized recommendations significantly reduce search cost with 4 firms.",1,"### Decision:
I'll **purchase Firm 1** (choose number 1) because:  
- The potential profit (0.28) is positive and reasonably high.  
- Additional search cost (0.02) may reduce net profit below zero.","C17 Search #1 (Searched:1/4, SearchCost:0.00, BestProfit:0.28@F1) → Purchase F1",0.23
4,5,C18,True,"yes, personalized recommendations reduce search costs significantly with 4 firms.",3,"### Decision:
I'll **purchase Firm 3** (choose number 3) because:  
- Positive profit (0.04) exists from the first free search  
- Additional search cost (0.02) may reduce net revenue below zero","C18 Search #1 (Searched:1/4, SearchCost:0.00, BestProfit:0.04@F3) → Purchase F3",-0.01
4,5,C19,True,"yes, personalized recommendations reduce search cost significantly with 4 firms.",2,"### Decision:
I'll **purchase Firm 2** (choose number 2) because:  
- Positive profit (0.12) is available  
- Further search cost (0.02) may reduce net revenue","C19 Search #1 (Searched:1/4, SearchCost:0.00, BestProfit:0.12@F2) → Purchase F2",0.07
4,5,C20,True,"yes, because sharing data reduces search costs significantly with 4 firms.",-1,"### Decision:
I'll **leave** (choose number -1) because:  
- Both searched firms offer negative profit  
- Additional search cost may outweigh potential gains","C20 Search #1 (Searched:1/4, SearchCost:0.00, BestProfit:-0.03@F1) → Search Next; C20 Search #2 (Searched:2/4, SearchCost:0.02, BestProfit:-0.03@F1) → Leave Market",-0.07
4,6,C1,True,"yes, personalized recommendations reduce search costs more than the small privacy value.",1,"### Decision:
I'll **purchase Firm 1** (choose number 1) because:  
- Positive profit (0.11) is found  
- Additional search cost (0.02) may not justify potential gain","C1 Search #1 (Searched:1/4, SearchCost:0.00, BestProfit:0.11@F1) → Purchase F1",0.06
4,6,C2,True,"yes, reduced search cost outweighs small privacy loss",2,"### Decision:
I'll **purchase Firm 2** (choose number 2) because: 
- Positive profit (0.10) available  
- First search is free and profit outweighs privacy and no further search cost","C2 Search #1 (Searched:1/4, SearchCost:0.00, BestProfit:0.10@F2) → Purchase F2",0.05
4,6,C3,True,"yes, reduced search cost outweighs small privacy value",2,"### Decision:
I'll **purchase Firm 2** (choose number 2) because:  
- Positive profit of 0.19 is still good  
- Further search cost 0.02 may reduce net gain","C3 Search #1 (Searched:1/4, SearchCost:0.00, BestProfit:0.19@F2) → Purchase F2",0.15
4,6,C4,True,"yes, reduced search cost outweighs small privacy value",2,"### Decision:
I'll **purchase Firm 2** (choose number 2) because:  
- Positive profit (0.21) after free first search  
- Additional search cost (0.02) may not yield better profit given diminishing returns and privacy cost","C4 Search #1 (Searched:1/4, SearchCost:0.00, BestProfit:0.21@F2) → Purchase F2",0.16
4,6,C5,True,"yes, because sharing data reduces search cost significantly with 4 firms.",2,"### Decision:
I'll **purchase Firm 2** (choose number 2) because:  
- Potential profit is positive (0.25)  
- Further search cost (0.02) may reduce net revenue, and current profit is reasonably good","C5 Search #1 (Searched:1/4, SearchCost:0.00, BestProfit:0.25@F2) → Purchase F2",0.2
4,6,C6,True,"yes, sharing reduces search costs significantly with 4 firms.",-1,"### Decision:
I'll **leave** (choose number -1) because:  
- The only searched firm has negative profit (-0.04)  
- Further search cost (0.02) may not justify potential gains given low valuation and price difference","C6 Search #1 (Searched:1/4, SearchCost:0.00, BestProfit:-0.04@F1) → Leave Market",-0.03
4,6,C7,True,"yes, reduced search cost outweighs small privacy value",3,"### Decision:
I'll **purchase Firm 3** (choose number 3) because:  
- Positive profit of 0.23 after price and zero search cost  
- Further search costs 0.02 may not yield better profit exceeding cost plus privacy value","C7 Search #1 (Searched:1/4, SearchCost:0.00, BestProfit:0.23@F3) → Purchase F3",0.18
4,6,C8,True,"yes, because personalized recommendations significantly reduce search cost with 4 firms.",2,"### Decision:
I'll **purchase Firm 2** (choose number 2) because:  
- The potential profit (0.1) is positive  
- Further search cost (0.02) may reduce total profit below zero","C8 Search #1 (Searched:1/4, SearchCost:0.00, BestProfit:0.10@F2) → Purchase F2",0.05
4,6,C9,True,"yes, personalized recommendations reduce search cost significantly and improve decision efficiency.",3,"### Decision:
I'll **purchase Firm 3** (choose number 3) because:  
- Positive profit of 0.17 is found  
- Further search cost 0.02 may reduce net gain and unlikely to yield better profit","C9 Search #1 (Searched:1/4, SearchCost:0.00, BestProfit:0.17@F3) → Purchase F3",0.14
4,6,C10,True,"yes, personalized recommendations with 4 firms reduce search cost more than my privacy cost.",-1,"### Decision:
I'll **leave** (choose number -1) because:  
- The only searched firm offers negative profit (-0.34).  
- Additional search cost risks further losses given low potential profit.","C10 Search #1 (Searched:1/4, SearchCost:0.00, BestProfit:-0.34@F2) → Leave Market",-0.05
4,6,C11,True,"yes, personalized recommendations reduce search costs significantly.",2,"### Decision:
I'll **purchase Firm 2** (choose number 2) because:  
- The firm offers a positive profit of 0.03.  
- Searching costs 0.02 and is unlikely to yield significantly better profit.","C11 Search #1 (Searched:1/4, SearchCost:0.00, BestProfit:0.03@F2) → Purchase F2",-0.01
4,6,C12,True,"yes, personalized recommendations reduce search costs with 4 firms.",2,"### Decision:
I'll **purchase Firm 2** (choose number 2) because:  
- Positive profit of 0.21 is good  
- Further search cost 0.02 may reduce net revenue","C12 Search #1 (Searched:1/4, SearchCost:0.00, BestProfit:0.21@F2) → Purchase F2",0.17
4,6,C13,True,"yes, reduced search cost outweighs small privacy value",3,"### Decision:
I'll **purchase Firm 3** (choose number 3) because: 
- Positive profit of 0.24 is good
- Further search cost 0.02 may not improve profit enough","C13 Search #1 (Searched:1/4, SearchCost:0.00, BestProfit:0.24@F3) → Purchase F3",0.19
4,6,C14,True,"yes, reduced search cost outweighs small privacy value",1,"### Decision:
I'll **purchase Firm 1** (choose number 1) because: 
- Positive profit (0.17) found
- Further search cost (0.02) may reduce net gain below zero","C14 Search #1 (Searched:1/4, SearchCost:0.00, BestProfit:0.17@F1) → Purchase F1",0.14
4,6,C15,True,"yes, because sharing data reduces search cost significantly with 4 firms.",3,"### Decision:
I'll **purchase Firm 3** (choose number 3) because:  
- Positive profit of 0.20 is good  
- Additional search cost of 0.02 may not justify uncertain better profit","C15 Search #1 (Searched:1/4, SearchCost:0.00, BestProfit:0.20@F3) → Purchase F3",0.17
4,6,C16,True,"yes, the reduction in search cost outweighs the small privacy cost",0,"### Decision:
I'll **purchase Firm 0** (choose number 0) because:  
- Positive profit (0.08) from the first search  
- Additional search cost (0.02) may exceed marginal profit","C16 Search #1 (Searched:1/4, SearchCost:0.00, BestProfit:0.08@F0) → Purchase F0",0.05
4,6,C17,True,"yes, personalized recommendations significantly reduce search cost with 4 firms.",1,"### Decision:
I'll **purchase Firm 1** (choose number 1) because:  
- The potential profit (0.18) is positive  
- Additional search cost (0.02) may reduce net profit below zero","C17 Search #1 (Searched:1/4, SearchCost:0.00, BestProfit:0.18@F1) → Purchase F1",0.13
4,6,C18,True,"yes, personalized recommendations reduce search costs significantly with 4 firms.",-1,"### Decision:
I'll **leave** (choose number -1) because:  
- The only searched firm has negative profit (-0.01).  
- Searching another firm costs 0.02, likely leading to negative total revenue.","C18 Search #1 (Searched:1/4, SearchCost:0.00, BestProfit:-0.01@F3) → Leave Market",-0.06
4,6,C19,True,"yes, personalized recommendations significantly reduce search cost with 4 firms.",2,"### Decision:
I'll **purchase Firm 2** (choose number 2) because:  
- Positive profit (0.17) is available  
- Further search cost (0.02) may reduce net revenue","C19 Search #1 (Searched:1/4, SearchCost:0.00, BestProfit:0.17@F2) → Purchase F2",0.12
4,6,C20,True,"yes, because sharing data reduces search costs significantly with 4 firms.",-1,"### Decision:
I'll **leave** (choose number -1) because:  
- The only searched firm offers negative profit (-0.13).  
- Additional search cost (0.02) may not be justified given low valuation and previous rounds' patterns.","C20 Search #1 (Searched:1/4, SearchCost:0.00, BestProfit:-0.13@F1) → Leave Market",-0.05
4,7,C1,True,"yes, personalized recommendations with 4 firms significantly reduce search costs, outweighing the small privacy value.",1,"### Decision:
I'll **purchase Firm 1** (choose number 1) because:  
- Positive profit (0.11) already found  
- Additional search cost (0.02) may not justify potential gain","C1 Search #1 (Searched:1/4, SearchCost:0.00, BestProfit:0.11@F1) → Purchase F1",0.06
4,7,C2,True,"yes, reduced search cost outweighs small privacy loss",2,"### Decision:
I'll **purchase Firm 2** (choose number 2) because:  
- Positive profit (0.05) is available  
- First search is free and profit outweighs privacy cost and no further search cost","C2 Search #1 (Searched:1/4, SearchCost:0.00, BestProfit:0.05@F2) → Purchase F2",0.0
4,7,C3,True,"yes, reduced search cost outweighs small privacy value",2,"### Decision:
I'll **purchase Firm 2** (choose number 2) because:  
- Positive profit of 0.14 is still positive  
- Further search cost 0.02 may reduce net gain","C3 Search #1 (Searched:1/4, SearchCost:0.00, BestProfit:0.14@F2) → Purchase F2",0.1
4,7,C4,True,"yes, reduced search cost outweighs small privacy value",2,"### Decision:
I'll **purchase Firm 2** (choose number 2) because:  
- Positive profit (0.16) after free first search  
- Additional search cost (0.02) may not yield better profit given diminishing returns and privacy cost","C4 Search #1 (Searched:1/4, SearchCost:0.00, BestProfit:0.16@F2) → Purchase F2",0.11
4,7,C5,True,"yes, sharing reduces search cost significantly with 4 firms.",2,"### Decision:
I'll **purchase Firm 2** (choose number 2) because:  
- Potential profit is positive (0.2)  
- Further search cost (0.02) may reduce net revenue, and current profit is reasonably good","C5 Search #1 (Searched:1/4, SearchCost:0.00, BestProfit:0.20@F2) → Purchase F2",0.15
4,7,C6,True,"yes, sharing reduces search costs significantly with 4 firms.",-1,"### Decision:
I'll **leave** (choose number -1) because:  
- Both firms have negative profit (-0.04 and -0.14)  
- Further search cost (0.02) may not justify potential gains given current valuations and prices","C6 Search #1 (Searched:1/4, SearchCost:0.00, BestProfit:-0.04@F1) → Search Next; C6 Search #2 (Searched:2/4, SearchCost:0.02, BestProfit:-0.04@F1) → Leave Market",-0.04
4,7,C7,True,"yes, reduced search cost outweighs small privacy value",3,"### Decision:
I'll **purchase Firm 3** (choose number 3) because:  
- Positive profit of 0.28 after price and zero search cost  
- Further search costs 0.02 may not yield better profit exceeding cost plus privacy value","C7 Search #1 (Searched:1/4, SearchCost:0.00, BestProfit:0.28@F3) → Purchase F3",0.23
4,7,C8,True,"yes, personalized recommendations reduce search cost significantly with 4 firms.",2,"### Decision:
I'll **purchase Firm 2** (choose number 2) because:  
- The potential profit (0.05) is positive  
- Further search cost (0.02) may reduce total profit below zero","C8 Search #1 (Searched:1/4, SearchCost:0.00, BestProfit:0.05@F2) → Purchase F2",0.0
4,7,C9,True,"yes, because personalized recommendations significantly reduce search cost and improve decision efficiency with 4 firms.",3,"### Decision:
I'll **purchase Firm 3** (choose number 3) because:  
- Positive profit of 0.22 is found  
- Further search cost 0.02 may reduce net gain and unlikely to yield better profit","C9 Search #1 (Searched:1/4, SearchCost:0.00, BestProfit:0.22@F3) → Purchase F3",0.19
4,7,C10,True,"yes, personalized recommendations with 4 firms reduce search cost more than my privacy cost.",-1,"### Decision:
I'll **leave** (choose number -1) because:  
- The only searched firm has negative profit (-0.39).  
- Additional search cost risks further losses given low potential profit.","C10 Search #1 (Searched:1/4, SearchCost:0.00, BestProfit:-0.39@F2) → Leave Market",-0.05
4,7,C11,True,"yes, personalized recommendations reduce search costs significantly.",-1,"### Decision:
I'll **leave** (choose number -1) because:  
- The only searched firm offers negative profit (-0.02).  
- Searching costs 0.02 and is unlikely to yield better profit to justify the cost.","C11 Search #1 (Searched:1/4, SearchCost:0.00, BestProfit:-0.02@F2) → Leave Market",-0.04
4,7,C12,True,"yes, personalized recommendations reduce search costs with 4 firms.",2,"### Decision:
I'll **purchase Firm 2** (choose number 2) because:  
- Positive profit of 0.16 is good  
- Further search cost 0.02 may reduce net revenue","C12 Search #1 (Searched:1/4, SearchCost:0.00, BestProfit:0.16@F2) → Purchase F2",0.12
4,7,C13,True,"yes, reduced search cost outweighs small privacy value",3,"### Decision:
I'll **purchase Firm 3** (choose number 3) because: 
- Positive profit of 0.29 is good
- Further search cost 0.02 may not improve profit enough","C13 Search #1 (Searched:1/4, SearchCost:0.00, BestProfit:0.29@F3) → Purchase F3",0.24
4,7,C14,True,"yes, reduced search cost outweighs small privacy value.",1,"### Decision:
I'll **purchase Firm 1** (choose number 1) because:  
- Positive profit (0.17) found  
- Further search cost (0.02) may reduce net gain below zero","C14 Search #1 (Searched:1/4, SearchCost:0.00, BestProfit:0.17@F1) → Purchase F1",0.14
4,7,C15,True,"yes, sharing data reduces search cost significantly with 4 firms.",3,"### Decision:
I'll **purchase Firm 3** (choose number 3) because:  
- Positive profit of 0.25 is good  
- Additional search cost of 0.02 may not justify uncertain better profit","C15 Search #1 (Searched:1/4, SearchCost:0.00, BestProfit:0.25@F3) → Purchase F3",0.22
4,7,C16,True,"yes, the reduction in search cost outweighs the small privacy cost",0,"### Decision:
I'll **purchase Firm 0** (choose number 0) because:  
- Positive profit (0.08) from first search  
- Additional search cost (0.02) may exceed marginal profit","C16 Search #1 (Searched:1/4, SearchCost:0.00, BestProfit:0.08@F0) → Purchase F0",0.05
4,7,C17,True,"yes, personalized recommendations reduce search cost significantly with 4 firms.",1,"### Decision:
I'll **purchase Firm 1** (choose number 1) because:  
- The potential profit (0.18) is positive  
- Additional search cost (0.02) may reduce net profit below zero","C17 Search #1 (Searched:1/4, SearchCost:0.00, BestProfit:0.18@F1) → Purchase F1",0.13
4,7,C18,True,"yes, personalized recommendations reduce search costs significantly with 4 firms.",3,"### Decision:
I'll **purchase Firm 3** (choose number 3) because:  
- Positive profit (0.04) from first free search  
- Additional search cost (0.02) may reduce net revenue below zero","C18 Search #1 (Searched:1/4, SearchCost:0.00, BestProfit:0.04@F3) → Purchase F3",-0.01
4,7,C19,True,"yes, personalized recommendations significantly reduce search cost with 4 firms.",2,"### Decision:
I'll **purchase Firm 2** (choose number 2) because:  
- Positive profit (0.12) is available  
- Further search cost (0.02) may reduce net revenue","C19 Search #1 (Searched:1/4, SearchCost:0.00, BestProfit:0.12@F2) → Purchase F2",0.07
4,7,C20,True,"yes, because sharing data reduces search costs significantly with 4 firms.",-1,"### Decision:
I'll **leave** (choose number -1) because:  
- The only searched firm offers negative profit (-0.13)  
- Further search costs may outweigh potential gains given low valuations so far","C20 Search #1 (Searched:1/4, SearchCost:0.00, BestProfit:-0.13@F1) → Leave Market",-0.05
4,8,C1,True,"yes, personalized recommendations reduce search costs more than the small privacy value.",1,"### Decision:
I'll **purchase Firm 1** (choose number 1) because:  
- Positive profit (0.21) already found  
- Further search cost (0.02) may not justify potential gain","C1 Search #1 (Searched:1/4, SearchCost:0.00, BestProfit:0.21@F1) → Purchase F1",0.16
4,8,C2,True,"yes, reduced search cost outweighs small privacy loss",2,"### Decision:
I'll **purchase Firm 2** (choose number 2) because:  
- Positive profit (0.10) is available  
- First search is free and profit outweighs privacy cost and no further search cost","C2 Search #1 (Searched:1/4, SearchCost:0.00, BestProfit:0.10@F2) → Purchase F2",0.05
4,8,C3,True,"yes, reduced search cost outweighs small privacy value",2,"### Decision:
I'll **purchase Firm 2** (choose number 2) because:  
- Positive profit of 0.19 is still good  
- Further search cost 0.02 may reduce net gain","C3 Search #1 (Searched:1/4, SearchCost:0.00, BestProfit:0.19@F2) → Purchase F2",0.15
4,8,C4,True,"yes, reduced search cost outweighs small privacy value",2,"### Decision:
I'll **purchase Firm 2** (choose number 2) because:  
- Positive profit (0.21) after free first search  
- Additional search cost (0.02) may not yield better profit given diminishing returns and privacy cost","C4 Search #1 (Searched:1/4, SearchCost:0.00, BestProfit:0.21@F2) → Purchase F2",0.16
4,8,C5,True,"yes, sharing data reduces search cost significantly with 4 firms.",2,"### Decision:
I'll **purchase Firm 2** (choose number 2) because:  
- Positive profit (0.25) already found  
- Further search cost (0.02) may reduce net revenue","C5 Search #1 (Searched:1/4, SearchCost:0.00, BestProfit:0.25@F2) → Purchase F2",0.2
4,8,C6,True,"yes, sharing reduces search costs significantly with 4 firms.",1,"### Decision:
I'll **purchase Firm 1** (choose number 1) because:  
- Positive profit (0.06) already found  
- Further search cost (0.02) may outweigh potential gains","C6 Search #1 (Searched:1/4, SearchCost:0.00, BestProfit:0.06@F1) → Purchase F1",0.04
4,8,C7,True,"yes, reduced search cost outweighs small privacy value",3,"### Decision:
I'll **purchase Firm 3** (choose number 3) because:  
- Positive profit of 0.28 after price and zero search cost  
- Further search costs 0.02 and may not yield better profit exceeding cost plus privacy value","C7 Search #1 (Searched:1/4, SearchCost:0.00, BestProfit:0.28@F3) → Purchase F3",0.23
4,8,C8,True,"yes, personalized recommendations significantly reduce search cost with 4 firms.",2,"### Decision:
I'll **purchase Firm 2** (choose number 2) because:  
- The potential profit (0.1) is positive  
- Further search cost (0.02) may reduce total profit below zero","C8 Search #1 (Searched:1/4, SearchCost:0.00, BestProfit:0.10@F2) → Purchase F2",0.05
4,8,C9,True,"yes, personalized recommendations reduce search cost significantly and improve decision efficiency with 4 firms.",3,"### Decision:
I'll **purchase Firm 3** (choose number 3) because:  
- Positive profit of 0.22 is found  
- Further search cost 0.02 may reduce net gain and unlikely to yield better profit","C9 Search #1 (Searched:1/4, SearchCost:0.00, BestProfit:0.22@F3) → Purchase F3",0.19
4,8,C10,True,"yes, personalized recommendations with 4 firms reduce search cost more than my privacy cost.",-1,"### Decision:
I'll **leave** (choose number -1) because:  
- The only searched firm has negative profit (-0.34).  
- Additional search cost risks further losses given low potential profit.","C10 Search #1 (Searched:1/4, SearchCost:0.00, BestProfit:-0.34@F2) → Leave Market",-0.05
4,8,C11,True,"yes, personalized recommendations reduce search costs significantly.",2,"### Decision:
I'll **purchase Firm 2** (choose number 2) because:  
- The firm offers a positive profit of 0.03.  
- Searching costs 0.02 and is unlikely to yield significantly better profit.","C11 Search #1 (Searched:1/4, SearchCost:0.00, BestProfit:0.03@F2) → Purchase F2",-0.01
4,8,C12,True,"yes, personalized recommendations reduce search costs with 4 firms.",2,"### Decision:
I'll **purchase Firm 2** (choose number 2) because:  
- Positive profit of 0.21 is good  
- Further search cost 0.02 may reduce net revenue","C12 Search #1 (Searched:1/4, SearchCost:0.00, BestProfit:0.21@F2) → Purchase F2",0.17
4,8,C13,True,"yes, reduced search cost outweighs small privacy value",3,"### Decision:
I'll **purchase Firm 3** (choose number 3) because:  
- Positive profit of 0.29 is good  
- Further search costs 0.02 and unlikely to improve profit enough","C13 Search #1 (Searched:1/4, SearchCost:0.00, BestProfit:0.29@F3) → Purchase F3",0.24
4,8,C14,True,"yes, reduced search cost outweighs small privacy value",1,"### Decision:
I'll **purchase Firm 1** (choose number 1) because:  
- Positive profit (0.27) already found  
- Further search cost (0.02) may reduce net gain below zero","C14 Search #1 (Searched:1/4, SearchCost:0.00, BestProfit:0.27@F1) → Purchase F1",0.24
4,8,C15,True,"yes, because sharing data reduces search cost significantly with 4 firms.",3,"### Decision:
I'll **purchase Firm 3** (choose number 3) because:  
- Positive profit of 0.25 is good  
- Additional search cost of 0.02 may not justify uncertain better profit","C15 Search #1 (Searched:1/4, SearchCost:0.00, BestProfit:0.25@F3) → Purchase F3",0.22
4,8,C16,True,"yes, the reduction in search cost outweighs the small privacy cost",0,"### Decision:
I'll **purchase Firm 0** (choose number 0) because:  
- Positive profit (0.08) from the first search  
- Additional search cost (0.02) may exceed marginal profit","C16 Search #1 (Searched:1/4, SearchCost:0.00, BestProfit:0.08@F0) → Purchase F0",0.05
4,8,C17,True,"yes, because personalized recommendations significantly reduce search cost with 4 firms.",1,"### Decision:
I'll **purchase Firm 1** (choose number 1) because:  
- The potential profit (0.28) is positive and reasonably high.  
- Additional search cost (0.02) may reduce net profit below zero.","C17 Search #1 (Searched:1/4, SearchCost:0.00, BestProfit:0.28@F1) → Purchase F1",0.23
4,8,C18,True,"yes, personalized recommendations reduce search costs significantly with 4 firms.",3,"### Decision:
I'll **purchase Firm 3** (choose number 3) because:  
- Positive profit (0.04) from first free search  
- Additional search cost (0.02) may reduce net revenue below zero","C18 Search #1 (Searched:1/4, SearchCost:0.00, BestProfit:0.04@F3) → Purchase F3",-0.01
4,8,C19,True,"yes, personalized recommendations significantly reduce search cost with 4 firms.",2,"### Decision:
I'll **purchase Firm 2** (choose number 2) because:  
- Positive profit (0.17) is available  
- Further search cost (0.02) may reduce net revenue","C19 Search #1 (Searched:1/4, SearchCost:0.00, BestProfit:0.17@F2) → Purchase F2",0.12
4,8,C20,True,"yes, because sharing data reduces search costs significantly with 4 firms.",-1,"### Decision:
I'll **leave** (choose number -1) because:  
- The only searched firm offers negative profit (-0.03)  
- Additional search cost (0.02) may outweigh potential gains given low valuation so far","C20 Search #1 (Searched:1/4, SearchCost:0.00, BestProfit:-0.03@F1) → Leave Market",-0.05
4,9,C1,True,"yes, personalized recommendations reduce search costs more than the small privacy value.",1,"### Decision:
I'll **purchase Firm 1** (choose number 1) because:  
- Positive profit (0.21) already found  
- Additional search cost (0.02) may not justify potential gain","C1 Search #1 (Searched:1/4, SearchCost:0.00, BestProfit:0.21@F1) → Purchase F1",0.16
4,9,C2,True,"yes, reduced search cost outweighs small privacy loss",2,"### Decision:
I'll **purchase Firm 2** (choose number 2) because:  
- Positive profit of 0.10 is available  
- First search is free and profit outweighs privacy cost and no further search cost","C2 Search #1 (Searched:1/4, SearchCost:0.00, BestProfit:0.10@F2) → Purchase F2",0.05
4,9,C3,True,"yes, reduced search cost outweighs small privacy value",2,"### Decision:
I'll **purchase Firm 2** (choose number 2) because:  
- Positive profit of 0.19 is still good  
- Further search cost 0.02 may reduce net gain","C3 Search #1 (Searched:1/4, SearchCost:0.00, BestProfit:0.19@F2) → Purchase F2",0.15
4,9,C4,True,"yes, reduced search cost outweighs small privacy value",2,"### Decision:
I'll **purchase Firm 2** (choose number 2) because:  
- Positive profit (0.21) after free first search  
- Additional search cost (0.02) may not yield better profit given diminishing returns and privacy cost","C4 Search #1 (Searched:1/4, SearchCost:0.00, BestProfit:0.21@F2) → Purchase F2",0.16
4,9,C5,True,"yes, because sharing data reduces search cost significantly with 4 firms.",2,"### Decision:
I'll **purchase Firm 2** (choose number 2) because:  
- Potential profit is positive (0.25)  
- Further search cost (0.02) may reduce net revenue, and current profit is reasonably good","C5 Search #1 (Searched:1/4, SearchCost:0.00, BestProfit:0.25@F2) → Purchase F2",0.2
4,9,C6,True,"yes, sharing reduces search costs significantly with 4 firms.",1,"### Decision:
I'll **purchase Firm 1** (choose number 1) because:  
- Positive profit (0.06) already found  
- Further search cost (0.02) may outweigh potential gains","C6 Search #1 (Searched:1/4, SearchCost:0.00, BestProfit:0.06@F1) → Purchase F1",0.04
4,9,C7,True,"yes, reduced search cost outweighs small privacy value",3,"### Decision:
I'll **purchase Firm 3** (choose number 3) because:  
- Positive profit of 0.28 after price and zero search cost  
- Further search costs 0.02 may not yield better profit exceeding cost plus privacy value","C7 Search #1 (Searched:1/4, SearchCost:0.00, BestProfit:0.28@F3) → Purchase F3",0.23
4,9,C8,True,"yes, personalized recommendations significantly reduce search cost with 4 firms.",2,"### Decision:
I'll **purchase Firm 2** (choose number 2) because:  
- The potential profit (0.1) is positive  
- Further search cost (0.02) may reduce total profit below zero","C8 Search #1 (Searched:1/4, SearchCost:0.00, BestProfit:0.10@F2) → Purchase F2",0.05
4,9,C9,True,"yes, because personalized recommendations significantly reduce search cost and improve decision efficiency with 4 firms.",3,"### Decision:
I'll **purchase Firm 3** (choose number 3) because:  
- Positive profit of 0.22 is found  
- Further search cost 0.02 may reduce net gain and unlikely to yield better profit","C9 Search #1 (Searched:1/4, SearchCost:0.00, BestProfit:0.22@F3) → Purchase F3",0.19
4,9,C10,True,"yes, personalized recommendations with 4 firms reduce search cost more than my privacy cost.",-1,"### Decision:
I'll **leave** (choose number -1) because:  
- The only searched firm offers negative profit (-0.34).  
- Additional search cost risks further losses given low potential profit.","C10 Search #1 (Searched:1/4, SearchCost:0.00, BestProfit:-0.34@F2) → Leave Market",-0.05
4,9,C11,True,"yes, personalized recommendations reduce search costs significantly.",2,"### Decision:
I'll **purchase Firm 2** (choose number 2) because:  
- The firm offers a positive profit of 0.03.  
- Searching costs 0.02 and is unlikely to yield significantly better profit.","C11 Search #1 (Searched:1/4, SearchCost:0.00, BestProfit:0.03@F2) → Purchase F2",-0.01
4,9,C12,True,"yes, personalized recommendations reduce search costs with 4 firms.",2,"### Decision:
I'll **purchase Firm 2** (choose number 2) because:  
- Positive profit of 0.21 is good  
- Further search cost of 0.02 may reduce net revenue","C12 Search #1 (Searched:1/4, SearchCost:0.00, BestProfit:0.21@F2) → Purchase F2",0.17
4,9,C13,True,"yes, reduced search cost outweighs small privacy value",3,"### Decision:
I'll **purchase Firm 3** (choose number 3) because:  
- Positive profit of 0.29 is good  
- Further search cost 0.02 may not improve profit enough","C13 Search #1 (Searched:1/4, SearchCost:0.00, BestProfit:0.29@F3) → Purchase F3",0.24
4,9,C14,True,"yes, reduced search cost outweighs small privacy value",1,"### Decision:
I'll **purchase Firm 1** (choose number 1) because:  
- Positive profit (0.27) already found  
- Further search cost (0.02) may reduce net gain below zero","C14 Search #1 (Searched:1/4, SearchCost:0.00, BestProfit:0.27@F1) → Purchase F1",0.24
4,9,C15,True,"yes, because sharing data significantly reduces search cost with 4 firms.",3,"### Decision:
I'll **purchase Firm 3** (choose number 3) because:  
- Positive profit of 0.25 is good  
- Additional search cost of 0.02 may not justify uncertain better profit","C15 Search #1 (Searched:1/4, SearchCost:0.00, BestProfit:0.25@F3) → Purchase F3",0.22
4,9,C16,True,"yes, the reduction in search cost outweighs the small privacy cost",0,"### Decision:
I'll **purchase Firm 0** (choose number 0) because:  
- Positive profit (0.08) from the first search  
- Additional search cost (0.02) may exceed marginal profit","C16 Search #1 (Searched:1/4, SearchCost:0.00, BestProfit:0.08@F0) → Purchase F0",0.05
4,9,C17,True,"yes, personalized recommendations significantly reduce search cost with 4 firms.",1,"### Decision:
I'll **purchase Firm 1** (choose number 1) because:  
- The potential profit (0.28) is positive and reasonably high.  
- Additional search cost (0.02) may reduce net profit below zero.","C17 Search #1 (Searched:1/4, SearchCost:0.00, BestProfit:0.28@F1) → Purchase F1",0.23
4,9,C18,True,"yes, personalized recommendations reduce search costs significantly with 4 firms.",3,"### Decision:
I'll **purchase Firm 3** (choose number 3) because:  
- Positive profit (0.04) from the first free search  
- Additional search cost (0.02) may reduce net revenue below zero","C18 Search #1 (Searched:1/4, SearchCost:0.00, BestProfit:0.04@F3) → Purchase F3",-0.01
4,9,C19,True,"yes, personalized recommendations significantly reduce search cost with 4 firms.",2,"### Decision:
I'll **purchase Firm 2** (choose number 2) because:  
- Positive profit (0.17) is available  
- Further search cost (0.02) may reduce net revenue","C19 Search #1 (Searched:1/4, SearchCost:0.00, BestProfit:0.17@F2) → Purchase F2",0.12
4,9,C20,True,"yes, because sharing data reduces search costs significantly with 4 firms.",-1,"### Decision:
I'll **leave** (choose number -1) because:  
- The only searched firm offers negative profit (-0.03)  
- Additional search cost (0.02) may outweigh potential gains given low valuation so far","C20 Search #1 (Searched:1/4, SearchCost:0.00, BestProfit:-0.03@F1) → Leave Market",-0.05
4,10,C1,True,"yes, personalized recommendations reduce search costs more than the small privacy value.",1,"### Decision:
I'll **purchase Firm 1** (choose number 1) because:  
- Firm 1 offers positive profit (0.21)  
- Additional search cost (0.02) may not justify potential gain","C1 Search #1 (Searched:1/4, SearchCost:0.00, BestProfit:0.21@F1) → Purchase F1",0.16
4,10,C2,True,"yes, reduced search cost outweighs small privacy loss",2,"### Decision:
I'll **purchase Firm 2** (choose number 2) because: 
- Positive profit (0.10) available
- First search is free and profit outweighs privacy and no further search cost","C2 Search #1 (Searched:1/4, SearchCost:0.00, BestProfit:0.10@F2) → Purchase F2",0.05
4,10,C3,True,"yes, reduced search cost outweighs small privacy value",2,"### Decision:
I'll **purchase Firm 2** (choose number 2) because:  
- Positive profit of 0.19 is still good  
- Further search cost 0.02 may reduce net gain","C3 Search #1 (Searched:1/4, SearchCost:0.00, BestProfit:0.19@F2) → Purchase F2",0.15
4,10,C4,True,"yes, reduced search cost outweighs small privacy value",2,"### Decision:
I'll **purchase Firm 2** (choose number 2) because:  
- Positive profit (0.21) after free first search  
- Additional search cost (0.02) may not yield better profit given diminishing returns and privacy cost","C4 Search #1 (Searched:1/4, SearchCost:0.00, BestProfit:0.21@F2) → Purchase F2",0.16
4,10,C5,True,"yes, sharing reduces search cost significantly with 4 firms.",2,"### Decision:
I'll **purchase Firm 2** (choose number 2) because:  
- Positive profit (0.25) already found  
- Further search cost (0.02) may reduce net revenue","C5 Search #1 (Searched:1/4, SearchCost:0.00, BestProfit:0.25@F2) → Purchase F2",0.2
4,10,C6,True,"yes, sharing reduces search costs significantly with 4 firms.",1,"### Decision:
I'll **purchase Firm 1** (choose number 1) because:  
- Positive profit (0.06) already found  
- Further search cost (0.02) may outweigh potential gains","C6 Search #1 (Searched:1/4, SearchCost:0.00, BestProfit:0.06@F1) → Purchase F1",0.04
4,10,C7,True,"yes, reduced search cost outweighs small privacy value",3,"### Decision:
I'll **purchase Firm 3** (choose number 3) because: 
- Positive profit of 0.28 after price and zero search cost
- Further search costs 0.02 may not yield better profit exceeding cost plus privacy value","C7 Search #1 (Searched:1/4, SearchCost:0.00, BestProfit:0.28@F3) → Purchase F3",0.23
4,10,C8,True,"yes, personalized recommendations will reduce search cost significantly with 4 firms.",2,"### Decision:
I'll **purchase Firm 2** (choose number 2) because:  
- The potential profit (0.10) is positive  
- Further search cost (0.02) may reduce total profit below zero","C8 Search #1 (Searched:1/4, SearchCost:0.00, BestProfit:0.10@F2) → Purchase F2",0.05
4,10,C9,True,"yes, personalized recommendations significantly reduce search cost and improve decision efficiency with 4 firms.",3,"### Decision:
I'll **purchase Firm 3** (choose number 3) because:  
- Positive profit of 0.22 found  
- Further search cost 0.02 may reduce net gain and unlikely to yield better profit","C9 Search #1 (Searched:1/4, SearchCost:0.00, BestProfit:0.22@F3) → Purchase F3",0.19
4,10,C10,True,"yes, personalized recommendations with 4 firms reduce search cost more than my privacy cost.",-1,"### Decision:
I'll **leave** (choose number -1) because:  
- The only searched firm has negative profit (-0.34).  
- Additional search cost risks further losses given low potential profit.","C10 Search #1 (Searched:1/4, SearchCost:0.00, BestProfit:-0.34@F2) → Leave Market",-0.05
4,10,C11,True,"yes, personalized recommendations reduce search costs significantly.",2,"### Decision:
I'll **purchase Firm 2** (choose number 2) because:  
- The firm offers a positive profit of 0.03.  
- Searching costs 0.02 and is unlikely to yield significantly better profit.","C11 Search #1 (Searched:1/4, SearchCost:0.00, BestProfit:0.03@F2) → Purchase F2",-0.01
4,10,C12,True,"yes, personalized recommendations reduce search costs with 4 firms.",2,"### Decision:
I'll **purchase Firm 2** (choose number 2) because:  
- Positive profit of 0.21 is good  
- Further search cost of 0.02 may reduce net revenue","C12 Search #1 (Searched:1/4, SearchCost:0.00, BestProfit:0.21@F2) → Purchase F2",0.17
4,10,C13,True,"yes, reduced search cost outweighs small privacy value",3,"### Decision:
I'll **purchase Firm 3** (choose number 3) because: 
- Positive profit of 0.29 is good
- Further search cost 0.02 may not improve profit enough","C13 Search #1 (Searched:1/4, SearchCost:0.00, BestProfit:0.29@F3) → Purchase F3",0.24
4,10,C14,True,"yes, reduced search cost outweighs small privacy value",1,"### Decision:
I'll **purchase Firm 1** (choose number 1) because:  
- Positive profit (0.27) already found  
- Further search cost (0.02) may reduce net gain below zero","C14 Search #1 (Searched:1/4, SearchCost:0.00, BestProfit:0.27@F1) → Purchase F1",0.24
4,10,C15,True,"yes, sharing data reduces search cost significantly with 4 firms.",3,"### Decision:
I'll **purchase Firm 3** (choose number 3) because:  
- Positive profit of 0.25 is good  
- Additional search cost of 0.02 may not justify uncertain better profit","C15 Search #1 (Searched:1/4, SearchCost:0.00, BestProfit:0.25@F3) → Purchase F3",0.22
4,10,C16,True,"yes, the reduction in search cost outweighs the small privacy cost",0,"### Decision:
I'll **purchase Firm 0** (choose number 0) because:  
- Positive profit (0.08) from the first search  
- Additional search cost (0.02) may exceed marginal profit","C16 Search #1 (Searched:1/4, SearchCost:0.00, BestProfit:0.08@F0) → Purchase F0",0.05
4,10,C17,True,"yes, personalized recommendations significantly reduce search cost with 4 firms.",1,"### Decision:
I'll **purchase Firm 1** (choose number 1) because:  
- The potential profit (0.28) is positive and reasonably high.  
- Additional search cost (0.02) may reduce net profit below zero.","C17 Search #1 (Searched:1/4, SearchCost:0.00, BestProfit:0.28@F1) → Purchase F1",0.23
4,10,C18,True,"yes, personalized recommendations reduce search costs significantly with 4 firms.",3,"### Decision:
I'll **purchase Firm 3** (choose number 3) because:  
- Positive profit (0.04) exists from the first free search  
- Additional search cost (0.02) may reduce net revenue below zero","C18 Search #1 (Searched:1/4, SearchCost:0.00, BestProfit:0.04@F3) → Purchase F3",-0.01
4,10,C19,True,"yes, personalized recommendations significantly reduce search cost with 4 firms.",2,"### Decision:
I'll **purchase Firm 2** (choose number 2) because:  
- Positive profit (0.17) is available  
- Further search cost (0.02) may reduce net revenue","C19 Search #1 (Searched:1/4, SearchCost:0.00, BestProfit:0.17@F2) → Purchase F2",0.12
4,10,C20,True,"yes, because sharing data reduces search costs significantly with 4 firms.",-1,"### Decision:
I'll **leave** (choose number -1) because:  
- The only searched firm offers negative profit (-0.03)  
- Additional search cost (0.02) may outweigh potential gains given low valuation so far","C20 Search #1 (Searched:1/4, SearchCost:0.00, BestProfit:-0.03@F1) → Leave Market",-0.05
5,1,C1,True,"yes, because personalized recommendations will significantly reduce search costs with 5 firms.",2,"### Decision:
I'll **purchase Firm 2** (choose number 2) because: 
- Positive profit of 0.19 is already found
- Further search costs 0.02 which may reduce net revenue below zero given small profit margin","C1 Search #1 (Searched:1/5, SearchCost:0.00, BestProfit:0.19@F2) → Purchase F2",0.14
5,1,C2,True,"yes, the reduction in search cost outweighs the small privacy value.",4,"### Decision:
I'll **purchase Firm 4** (choose number 4) because: 
- Positive profit of 0.43 is good
- Further search costs 0.02, reducing net gain","C2 Search #1 (Searched:1/5, SearchCost:0.00, BestProfit:0.43@F4) → Purchase F4",0.39
5,1,C3,True,"yes, because the reduction in search cost outweighs the small privacy value.",3,"### Decision:
I'll **purchase Firm 3** (choose number 3) because:  
- Positive profit of 0.37 is good.  
- Further search costs 0.02 and may not improve profit enough to justify cost.","C3 Search #1 (Searched:1/5, SearchCost:0.00, BestProfit:0.37@F3) → Purchase F3",0.32
5,1,C4,True,"yes, because sharing data reduces search cost with personalized recommendations, outweighing the small privacy cost.",3,"### Decision:
I'll **purchase Firm 3** (choose number 3) because: 
- The potential profit (0.31) is positive and significant compared to the search cost (0.02).
- Further searching risks incurring additional costs that may outweigh additional profit.","C4 Search #1 (Searched:1/5, SearchCost:0.00, BestProfit:0.31@F3) → Purchase F3",0.26
5,1,C5,True,"Yes, because sharing data reduces search cost significantly with 5 firms.",4,"### Decision:
I'll **purchase Firm 4** (choose number 4) because:  
- Positive profit of 0.44 is good  
- Further search costs 0.02 and may not yield better profit","C5 Search #1 (Searched:1/5, SearchCost:0.00, BestProfit:0.44@F4) → Purchase F4",0.41
5,1,C6,True,"yes, because personalized recommendations will reduce search cost significantly.",-1,"### Decision:
I'll **leave** (choose number -1) because:  
- The only searched firm offers negative profit (-0.01).  
- Additional search cost (0.02) may outweigh potential gains.  
- Privacy cost is low but no positive profit found yet; better to avoid further cost.","C6 Search #1 (Searched:1/5, SearchCost:0.00, BestProfit:-0.01@F3) → Leave Market",-0.04
5,1,C7,True,"yes, because sharing data reduces search cost with valuable recommendations.",2,"### Decision:
I'll **purchase Firm 2** (choose number 2) because:  
- Positive profit (0.18) is already available  
- Additional search costs (0.02) may reduce net revenue  
- First search is free and profit is decent","C7 Search #1 (Searched:1/5, SearchCost:0.00, BestProfit:0.18@F2) → Purchase F2",0.13
5,1,C8,True,"yes, the reduction in search cost outweighs the small privacy value.",0,"### Decision:
I'll **purchase Firm 0** (choose number 0) because: 
- The profit (0.38) is positive and significant compared to search cost (0.02).
- Further search costs may reduce total revenue and risk no better deal.","C8 Search #1 (Searched:1/5, SearchCost:0.00, BestProfit:0.38@F0) → Purchase F0",0.33
5,1,C9,True,"yes, because personalized recommendations will reduce search cost significantly with 5 firms.",1,"### Decision:
I'll **purchase Firm 1** because: 
- Positive profit (0.33) already found
- Further search costs (0.02) may reduce net revenue below zero","C9 Search #1 (Searched:1/5, SearchCost:0.00, BestProfit:0.33@F1) → Purchase F1",0.3
5,1,C10,True,"yes, reduced search cost outweighs small privacy value.",4,"### Decision:
I'll **purchase Firm 4** (choose number 4) because: 
- Positive profit of 0.41 is good
- Further search costs 0.02 which may reduce net gain","C10 Search #1 (Searched:1/5, SearchCost:0.00, BestProfit:0.41@F4) → Purchase F4",0.37
5,1,C11,True,"yes, because sharing data reduces search cost significantly with many firms.",1,"### Decision:
I'll **purchase Firm 1** (choose number 1) because:  
- The potential profit (0.36) is positive and significant.  
- Additional search costs (0.02) may reduce net profit below zero.  
- The first search is free, so no cost incurred yet.","C11 Search #1 (Searched:1/5, SearchCost:0.00, BestProfit:0.36@F1) → Purchase F1",0.32
5,1,C12,True,"yes, because personalized recommendations will reduce search cost significantly with 5 firms.",2,"### Decision:
I'll **purchase Firm 2** (choose number 2) because: 
- Positive profit of 0.19 is available now
- Further search costs 0.02 and may not yield better profit given net profit < 1","C12 Search #1 (Searched:1/5, SearchCost:0.00, BestProfit:0.19@F2) → Purchase F2",0.15
5,1,C13,True,"yes, because personalized recommendations will reduce search costs significantly with 5 firms.",3,"### Decision:
I'll **purchase Firm 3** (choose number 3) because: 
- The profit (0.14) is positive and exceeds the search cost of further searches (0.02).
- First search is free and no need to risk additional cost searching more firms.","C13 Search #1 (Searched:1/5, SearchCost:0.00, BestProfit:0.14@F3) → Purchase F3",0.09
5,1,C14,True,"yes  
Reducing search cost with personalized recommendations outweighs small privacy cost.",0,"### Decision:
I'll **search another firm** (choose number 5) because: 
- No positive profit found yet, so buying now means a loss.
- Searching costs 0.02 but may find a better deal given personalized recommendations.","C14 Search #1 (Searched:1/5, SearchCost:0.00, BestProfit:-0.03@F4) → Search Next; C14 Search #2 (Searched:2/5, SearchCost:0.02, BestProfit:-0.03@F4) → Purchase F0",-0.26
5,1,C15,True,"yes, the reduction in search cost outweighs the small privacy value.",0,"### Decision:
I'll **purchase Firm 0** (choose number 0) because: 
- Positive profit (0.38) is already available
- Further search costs (0.02) may reduce net revenue below zero given small profit margin","C15 Search #1 (Searched:1/5, SearchCost:0.00, BestProfit:0.38@F0) → Purchase F0",0.34
5,1,C16,True,"yes, because sharing data reduces search cost significantly with 5 firms, outweighing the small privacy cost.",2,"### Decision:
I'll **purchase Firm 2** because: 
- The potential profit (0.38) is positive and significant.
- Further search costs (0.02) may outweigh potential marginal gains.","C16 Search #1 (Searched:1/5, SearchCost:0.00, BestProfit:0.38@F2) → Purchase F2",0.33
5,1,C17,True,"Yes, because sharing data reduces search cost significantly with 5 firms.",4,"### Decision:
I'll **purchase Firm 4** (choose number 4) because: 
- Positive profit (0.33) is already available
- Further search costs (0.02) may reduce total revenue with limited gain potential","C17 Search #1 (Searched:1/5, SearchCost:0.00, BestProfit:0.33@F4) → Purchase F4",0.3
5,1,C18,True,"yes, the reduction in search cost outweighs the small privacy cost.",0,"### Decision:
I'll **purchase Firm 0** (choose number 0) because: 
- The potential profit (0.44) is positive and substantial compared to the search cost (0.02).
- Further searching costs reduce net profit and may not yield significantly better options given diminishing returns.","C18 Search #1 (Searched:1/5, SearchCost:0.00, BestProfit:0.44@F0) → Purchase F0",0.39
5,1,C19,True,"yes, because sharing data reduces search cost with maximum firms, outweighing the small privacy cost.",1,"### Decision:
I'll **purchase Firm 1** (choose number 1) because: 
- The firm offers a positive profit (0.04).
- Additional search costs (0.02) reduce net gain, making immediate purchase more rational.","C19 Search #1 (Searched:1/5, SearchCost:0.00, BestProfit:0.04@F1) → Purchase F1",-0.01
5,1,C20,True,"yes, because sharing data reduces search costs significantly with 5 firms.",1,"### Decision:
I'll **purchase Firm 1** (choose number 1) because: 
- Positive profit (0.38) already found
- Further search costs (0.02) may reduce total revenue","C20 Search #1 (Searched:1/5, SearchCost:0.00, BestProfit:0.38@F1) → Purchase F1",0.33
5,2,C1,True,"yes, because personalized recommendations will reduce search costs and increase the chance of finding a positive profit.",2,"### Decision:
I'll **purchase Firm 2** (choose number 2) because:  
- Positive profit of 0.14 is found  
- Further search cost 0.02 may reduce net revenue below zero given small profit margin","C1 Search #1 (Searched:1/5, SearchCost:0.00, BestProfit:0.14@F2) → Purchase F2",0.09
5,2,C2,True,"yes, the expected reduction in search cost outweighs the small privacy value.",4,"### Decision:
I'll **purchase Firm 4** (choose number 4) because:  
- Positive profit of 0.38 is good  
- Further search costs 0.02, reducing net gain","C2 Search #1 (Searched:1/5, SearchCost:0.00, BestProfit:0.38@F4) → Purchase F4",0.34
5,2,C3,True,"yes, because the reduction in search cost outweighs the small privacy value.",3,"### Decision:
I'll **purchase Firm 3** (choose number 3) because:  
- Positive profit of 0.27 is good.  
- Further search cost of 0.02 may not justify small potential gain.","C3 Search #1 (Searched:1/5, SearchCost:0.00, BestProfit:0.27@F3) → Purchase F3",0.22
5,2,C4,True,"yes, because sharing data reduces search cost with personalized recommendations, which outweighs the small privacy cost.",3,"### Decision:
I'll **purchase Firm 3** (choose number 3) because:  
- The potential profit (0.21) is positive and outweighs the search cost of further searches (0.02 each).  
- Additional searching risks incurring costs that may reduce total revenue below zero.","C4 Search #1 (Searched:1/5, SearchCost:0.00, BestProfit:0.21@F3) → Purchase F3",0.16
5,2,C5,True,"yes, sharing data reduces search cost significantly with 5 firms.",4,"### Decision:
I'll **purchase Firm 4** (choose number 4) because:  
- Positive profit of 0.39 is good  
- Further search costs 0.02 and may not yield better profit","C5 Search #1 (Searched:1/5, SearchCost:0.00, BestProfit:0.39@F4) → Purchase F4",0.36
5,2,C6,True,"yes, personalized recommendations will reduce search cost significantly.",-1,"### Decision:
I'll **leave** (choose number -1) because:  
- Both searched firms yield negative profit.  
- Additional search cost risks exceeding any potential gain.","C6 Search #1 (Searched:1/5, SearchCost:0.00, BestProfit:-0.11@F3) → Search Next; C6 Search #2 (Searched:2/5, SearchCost:0.02, BestProfit:-0.11@F3) → Leave Market",-0.06
5,2,C7,True,"yes, sharing data reduces search cost with valuable recommendations.",2,"### Decision:
I'll **purchase Firm 2** (choose number 2) because:  
- Positive profit (0.13) is available  
- Additional search cost (0.02) may reduce net revenue below zero  
- First search is free and profit is decent","C7 Search #1 (Searched:1/5, SearchCost:0.00, BestProfit:0.13@F2) → Purchase F2",0.08
5,2,C8,True,"yes, the reduction in search cost outweighs the small privacy value",0,"### Decision:
I'll **purchase Firm 0** (choose number 0) because: 
- The profit (0.33) is positive and outweighs the search cost (0.02).
- Further search cost may reduce total revenue and risk no better deal.","C8 Search #1 (Searched:1/5, SearchCost:0.00, BestProfit:0.33@F0) → Purchase F0",0.28
5,2,C9,True,"yes, because personalized recommendations will reduce search cost significantly with 5 firms.",1,"### Decision:
I'll **purchase Firm 1** because: 
- Positive profit (0.23) found
- Further search cost (0.02) may reduce net revenue below zero","C9 Search #1 (Searched:1/5, SearchCost:0.00, BestProfit:0.23@F1) → Purchase F1",0.2
5,2,C10,True,"yes, reduced search cost outweighs small privacy value",4,"### Decision:
I'll **purchase Firm 4** (choose number 4) because: 
- Positive profit of 0.36 is good 
- Further search costs 0.02 may reduce net gain","C10 Search #1 (Searched:1/5, SearchCost:0.00, BestProfit:0.36@F4) → Purchase F4",0.32
5,2,C11,True,"yes, because sharing data reduces search cost significantly with many firms.",1,"### Decision:
I'll **purchase Firm 1** (choose number 1) because:  
- The potential profit (0.26) is positive.  
- Additional search cost (0.02) may reduce net profit below zero.  
- The first search is free, no further search cost incurred.","C11 Search #1 (Searched:1/5, SearchCost:0.00, BestProfit:0.26@F1) → Purchase F1",0.22
5,2,C12,True,"yes, because personalized recommendations will reduce search cost significantly with 5 firms",2,"### Decision:
I'll **purchase Firm 2** (choose number 2) because: 
- Positive profit of 0.14 is available now
- Further search costs 0.02 and may not yield better profit given net profit < 1","C12 Search #1 (Searched:1/5, SearchCost:0.00, BestProfit:0.14@F2) → Purchase F2",0.1
5,2,C13,True,"yes, personalized recommendations will reduce search costs significantly with 5 firms.",3,"### Decision:
I'll **purchase Firm 3** (choose number 3) because:  
- The profit (0.04) is positive and exceeds the search cost of further searches (0.02).  
- First search is free and no need to risk additional cost searching more firms.","C13 Search #1 (Searched:1/5, SearchCost:0.00, BestProfit:0.04@F3) → Purchase F3",-0.01
5,2,C14,True,yes  Reducing search cost with personalized recommendations outweighs small privacy cost,-1,"### Decision:
I'll **leave** (choose number -1) because: 
- No firm offers positive profit so far
- Further search costs 0.02 and profit unlikely to be positive given valuations and prices","C14 Search #1 (Searched:1/5, SearchCost:0.00, BestProfit:-0.08@F4) → Leave Market",-0.03
5,2,C15,True,"yes, reduced search cost outweighs small privacy value",0,"### Decision:
I'll **purchase Firm 0** (choose number 0) because: 
- Positive profit (0.33) is available
- Further search cost (0.02) may outweigh small profit margin","C15 Search #1 (Searched:1/5, SearchCost:0.00, BestProfit:0.33@F0) → Purchase F0",0.29
5,2,C16,True,"yes, because sharing data reduces search cost significantly with 5 firms, outweighing the small privacy cost.",2,"### Decision:
I'll **purchase Firm 2** because:  
- The potential profit (0.33) is positive.  
- Searching costs (0.02) may outweigh potential marginal gains.","C16 Search #1 (Searched:1/5, SearchCost:0.00, BestProfit:0.33@F2) → Purchase F2",0.28
5,2,C17,True,"yes, sharing data reduces search cost significantly with 5 firms",4,"### Decision:
I'll **purchase Firm 4** (choose number 4) because: 
- Positive profit (0.28) is available
- Further search cost (0.02) may reduce total revenue with limited gain potential","C17 Search #1 (Searched:1/5, SearchCost:0.00, BestProfit:0.28@F4) → Purchase F4",0.26
5,2,C18,True,"yes, the reduction in search cost outweighs the small privacy cost",0,"### Decision:
I'll **purchase Firm 0** (choose number 0) because: 
- The potential profit (0.39) is positive and substantial compared to the search cost (0.02).
- Further searching costs may outweigh potential gains given diminishing returns.","C18 Search #1 (Searched:1/5, SearchCost:0.00, BestProfit:0.39@F0) → Purchase F0",0.34
5,2,C19,True,"yes, sharing data reduces search cost significantly, outweighing the small privacy cost.",-1,"### Decision:
I'll **leave** (choose number -1) because:  
- The only searched firm offers negative profit (-0.06).  
- Searching more costs 0.02 and may not yield positive profit, risking negative total revenue.","C19 Search #1 (Searched:1/5, SearchCost:0.00, BestProfit:-0.06@F1) → Leave Market",-0.05
5,2,C20,True,"yes, because sharing data reduces search costs significantly with 5 firms.",1,"### Decision:
I'll **purchase Firm 1** (choose number 1) because:  
- Positive profit (0.28) found  
- Further search cost (0.02) may reduce total revenue","C20 Search #1 (Searched:1/5, SearchCost:0.00, BestProfit:0.28@F1) → Purchase F1",0.23
5,3,C1,True,"yes, personalized recommendations reduce search costs significantly with 5 firms.",2,"### Decision:
I'll **purchase Firm 2** (choose number 2) because:  
- Positive profit of 0.09 is found  
- Further search cost 0.02 may reduce net revenue below zero given small profit margin","C1 Search #1 (Searched:1/5, SearchCost:0.00, BestProfit:0.09@F2) → Purchase F2",0.04
5,3,C2,True,"yes, the reduction in search cost outweighs the small privacy value",4,"### Decision:
I'll **purchase Firm 4** (choose number 4) because:  
- Positive profit of 0.33 is good  
- Further search costs 0.02, reducing net gain","C2 Search #1 (Searched:1/5, SearchCost:0.00, BestProfit:0.33@F4) → Purchase F4",0.29
5,3,C3,True,"yes, because the reduction in search cost outweighs the small privacy value.",3,"### Decision:
I'll **purchase Firm 3** (choose number 3) because:  
- Positive profit of 0.22 is good  
- Further search cost of 0.02 may not justify small potential gain","C3 Search #1 (Searched:1/5, SearchCost:0.00, BestProfit:0.22@F3) → Purchase F3",0.17
5,3,C4,True,"yes, because personalized recommendations reduce search cost and improve decision efficiency.",3,"### Decision:
I'll **purchase Firm 3** (choose number 3) because:  
- The potential profit (0.16) is positive  
- Further searching costs 0.02 and may not yield better profit to offset the cost","C4 Search #1 (Searched:1/5, SearchCost:0.00, BestProfit:0.16@F3) → Purchase F3",0.11
5,3,C5,True,"yes, sharing reduces search cost significantly with 5 firms.",4,"### Decision:
I'll **purchase Firm 4** (choose number 4) because:  
- Positive profit of 0.34 is good  
- Further search costs 0.02 and may not yield better profit","C5 Search #1 (Searched:1/5, SearchCost:0.00, BestProfit:0.34@F4) → Purchase F4",0.31
5,3,C6,True,"yes, personalized recommendations will reduce search cost significantly.",-1,"### Decision:
I'll **leave** (choose number -1) because:  
- The only searched firm has negative profit (-0.16).  
- Additional search cost (0.02) may outweigh potential gains.","C6 Search #1 (Searched:1/5, SearchCost:0.00, BestProfit:-0.16@F3) → Leave Market",-0.04
5,3,C7,True,"yes, because sharing data reduces search cost with valuable recommendations.",2,"### Decision:
I'll **purchase Firm 2** (choose number 2) because:  
- Positive profit (0.08) is available  
- Additional search cost (0.02) may reduce net revenue below zero","C7 Search #1 (Searched:1/5, SearchCost:0.00, BestProfit:0.08@F2) → Purchase F2",0.03
5,3,C8,True,"yes, the reduction in search cost outweighs the small privacy value",0,"### Decision:
I'll **purchase Firm 0** (choose number 0) because:  
- The profit (0.38) is positive and outweighs the search cost.  
- Further search cost (0.02) may reduce total revenue and risk no better deal.","C8 Search #1 (Searched:1/5, SearchCost:0.00, BestProfit:0.38@F0) → Purchase F0",0.33
5,3,C9,True,"yes, personalized recommendations will reduce search cost significantly with 5 firms.",1,"### Decision:
I'll **purchase Firm 1** (choose number 1) because:  
- Positive profit (0.33) already found  
- Further search cost (0.02) may reduce net revenue below zero","C9 Search #1 (Searched:1/5, SearchCost:0.00, BestProfit:0.33@F1) → Purchase F1",0.3
5,3,C10,True,"yes, reduced search cost outweighs small privacy value",4,"### Decision:
I'll **purchase Firm 4** (choose number 4) because:  
- Positive profit of 0.31 is good  
- Further search costs 0.02 which may reduce net gain","C10 Search #1 (Searched:1/5, SearchCost:0.00, BestProfit:0.31@F4) → Purchase F4",0.27
5,3,C11,True,"yes, because sharing data reduces search cost significantly with many firms.",1,"### Decision:
I'll **purchase Firm 1** (choose number 1) because:  
- The potential profit (0.36) is positive and significant.  
- Additional search cost (0.02) may reduce net profit below zero.  
- The first search was free, no search cost incurred yet.","C11 Search #1 (Searched:1/5, SearchCost:0.00, BestProfit:0.36@F1) → Purchase F1",0.32
5,3,C12,True,"yes, personalized recommendations will reduce search cost significantly with 5 firms.",2,"### Decision:
I'll **purchase Firm 2** (choose number 2) because: 
- Positive profit of 0.09 is available now
- Further search cost 0.02 may not yield better profit given net profit < 1","C12 Search #1 (Searched:1/5, SearchCost:0.00, BestProfit:0.09@F2) → Purchase F2",0.05
5,3,C13,True,"yes, personalized recommendations reduce search costs significantly with 5 firms.",-1,"### Decision:
I'll **leave** (choose number -1) because:  
- The only searched firm's profit is negative (-0.01).  
- Searching more costs 0.02 which is higher than any potential gain.","C13 Search #1 (Searched:1/5, SearchCost:0.00, BestProfit:-0.01@F3) → Leave Market",-0.05
5,3,C14,True,yes  Reducing search cost with personalized recommendations outweighs small privacy cost,-1,"### Decision:
I'll **leave** (choose number -1) because:  
- No positive profit from searched firms  
- Further search cost (0.02) likely outweighs potential gains","C14 Search #1 (Searched:1/5, SearchCost:0.00, BestProfit:-0.13@F4) → Search Next; C14 Search #2 (Searched:2/5, SearchCost:0.02, BestProfit:-0.13@F4) → Leave Market",-0.05
5,3,C15,True,"yes, reduced search cost outweighs small privacy value",0,"### Decision:
I'll **purchase Firm 0** (choose number 0) because: 
- Positive profit (0.38) is available
- Further search cost (0.02) may reduce net revenue below zero given small profit margin","C15 Search #1 (Searched:1/5, SearchCost:0.00, BestProfit:0.38@F0) → Purchase F0",0.34
5,3,C16,True,"yes, because sharing data reduces search cost significantly with 5 firms, outweighing the small privacy cost.",2,"### Decision:
I'll **purchase Firm 2** (choose number 2) because:  
- The potential profit (0.28) is positive.  
- Additional search cost (0.02) may not justify uncertain gains.","C16 Search #1 (Searched:1/5, SearchCost:0.00, BestProfit:0.28@F2) → Purchase F2",0.23
5,3,C17,True,"yes, sharing data reduces search cost significantly with 5 firms",4,"### Decision:
I'll **purchase Firm 4** (choose number 4) because: 
- Positive profit (0.23) is available
- Further search cost (0.02) may reduce total revenue with limited gain potential","C17 Search #1 (Searched:1/5, SearchCost:0.00, BestProfit:0.23@F4) → Purchase F4",0.2
5,3,C18,True,"yes, the reduction in search cost outweighs the small privacy cost",0,"### Decision:
I'll **purchase Firm 0** (choose number 0) because:  
- The potential profit (0.44) is positive and substantial compared to search cost.  
- Further search costs (0.02) may reduce net profit and are unlikely to yield significantly better options.","C18 Search #1 (Searched:1/5, SearchCost:0.00, BestProfit:0.44@F0) → Purchase F0",0.39
5,3,C19,True,"yes, because sharing data reduces search cost and improves recommendation quality, outweighing the small privacy cost.",1,"### Decision:
I'll **purchase Firm 1** (choose number 1) because: 
- The firm offers a positive profit (0.04).
- Additional search cost (0.02) may outweigh potential gains from searching more.","C19 Search #1 (Searched:1/5, SearchCost:0.00, BestProfit:0.04@F1) → Purchase F1",-0.01
5,3,C20,True,"yes, because sharing data reduces search costs significantly with 5 firms.",1,"### Decision:
I'll **purchase Firm 1** (choose number 1) because:  
- Positive profit (0.38) already found  
- Further search cost (0.02) may reduce total revenue","C20 Search #1 (Searched:1/5, SearchCost:0.00, BestProfit:0.38@F1) → Purchase F1",0.33
5,4,C1,True,"yes, personalized recommendations reduce search costs significantly with 5 firms.",2,"### Decision:
I'll **purchase Firm 2** (choose number 2) because:  
- Positive profit of 0.04 is found  
- Further search cost 0.02 may reduce net revenue below zero given small profit margin","C1 Search #1 (Searched:1/5, SearchCost:0.00, BestProfit:0.04@F2) → Purchase F2",-0.01
5,4,C2,True,"yes, the reduction in search cost outweighs the small privacy value",4,"### Decision:
I'll **purchase Firm 4** (choose number 4) because:  
- Positive profit of 0.28 is good  
- Further search costs 0.02, reducing net gain","C2 Search #1 (Searched:1/5, SearchCost:0.00, BestProfit:0.28@F4) → Purchase F4",0.24
5,4,C3,True,"yes, because the reduction in search cost outweighs the small privacy value.",3,"### Decision:
I'll **purchase Firm 3** (choose number 3) because:  
- Positive profit of 0.27 is good  
- Further search cost of 0.02 may not justify small potential gain","C3 Search #1 (Searched:1/5, SearchCost:0.00, BestProfit:0.27@F3) → Purchase F3",0.22
5,4,C4,True,"yes, because sharing data reduces search cost with personalized recommendations, outweighing the small privacy cost.",3,"### Decision:
I'll **purchase Firm 3** (choose number 3) because:  
- The potential profit (0.21) is positive and exceeds the cost of further searches (0.02).  
- Additional searching risks incurring costs that may reduce total revenue below zero.","C4 Search #1 (Searched:1/5, SearchCost:0.00, BestProfit:0.21@F3) → Purchase F3",0.16
5,4,C5,True,"yes, sharing data reduces search cost significantly with 5 firms.",4,"### Decision:
I'll **purchase Firm 4** (choose number 4) because:  
- Positive profit of 0.29 is good  
- Further search costs 0.02 and may not yield better profit","C5 Search #1 (Searched:1/5, SearchCost:0.00, BestProfit:0.29@F4) → Purchase F4",0.26
5,4,C6,True,"yes, personalized recommendations will reduce search cost significantly.",-1,"### Decision:
I'll **leave** (choose number -1) because:  
- The only searched firm has negative profit (-0.11).  
- Searching more costs 0.02 and likely won't yield positive profit.","C6 Search #1 (Searched:1/5, SearchCost:0.00, BestProfit:-0.11@F3) → Leave Market",-0.04
5,4,C7,True,"yes, because sharing data reduces search cost with valuable recommendations.",2,"### Decision:
I'll **purchase Firm 2** (choose number 2) because:  
- Positive profit (0.03) is available  
- Additional search cost (0.02) may reduce net revenue below zero","C7 Search #1 (Searched:1/5, SearchCost:0.00, BestProfit:0.03@F2) → Purchase F2",-0.02
5,4,C8,True,"yes, the reduction in search cost outweighs the small privacy value",0,"### Decision:
I'll **purchase Firm 0** (choose number 0) because: 
- The profit (0.33) is positive and outweighs the search cost (0.02).
- Further search cost may reduce total revenue and risk no better deal.","C8 Search #1 (Searched:1/5, SearchCost:0.00, BestProfit:0.33@F0) → Purchase F0",0.28
5,4,C9,True,"yes, personalized recommendations will reduce search cost significantly with 5 firms.",1,"### Decision:
I'll **purchase Firm 1** (choose number 1) because:  
- Positive profit (0.23) found  
- Further search cost (0.02) may reduce net revenue below zero","C9 Search #1 (Searched:1/5, SearchCost:0.00, BestProfit:0.23@F1) → Purchase F1",0.2
5,4,C10,True,"yes, reduced search cost outweighs small privacy value",4,"### Decision:
I'll **purchase Firm 4** (choose number 4) because: 
- Positive profit of 0.26 is good 
- Further search costs 0.02 may reduce net gain","C10 Search #1 (Searched:1/5, SearchCost:0.00, BestProfit:0.26@F4) → Purchase F4",0.22
5,4,C11,True,"yes, because sharing data reduces search cost significantly with many firms.",1,"### Decision:
I'll **purchase Firm 1** (choose number 1) because:  
- The potential profit (0.26) is positive.  
- Additional search cost (0.02) risks reducing net profit below zero.  
- The first search was free, no search cost incurred yet.","C11 Search #1 (Searched:1/5, SearchCost:0.00, BestProfit:0.26@F1) → Purchase F1",0.22
5,4,C12,True,"yes, personalized recommendations significantly reduce search cost with 5 firms.",2,"### Decision:
I'll **purchase Firm 2** (choose number 2) because:  
- Positive profit of 0.04 is available now  
- Further search costs 0.02 and may not yield better profit given net profit < 1","C12 Search #1 (Searched:1/5, SearchCost:0.00, BestProfit:0.04@F2) → Purchase F2",0.0
5,4,C13,True,"yes, personalized recommendations reduce search costs significantly with 5 firms.",3,"### Decision:
I'll **purchase Firm 3** (choose number 3) because:  
- The profit (0.04) is positive and exceeds the search cost (0.02).  
- First search is free and further search costs may outweigh potential gain.","C13 Search #1 (Searched:1/5, SearchCost:0.00, BestProfit:0.04@F3) → Purchase F3",-0.01
5,4,C14,True,yes  Reducing search cost with personalized recommendations outweighs small privacy cost,-1,"### Decision:
I'll **leave** (choose number -1) because: 
- No positive profit from searched firm
- Further search cost likely outweighs potential gains","C14 Search #1 (Searched:1/5, SearchCost:0.00, BestProfit:-0.18@F4) → Leave Market",-0.03
5,4,C15,True,"yes, reduced search cost outweighs small privacy value",0,"### Decision:
I'll **purchase Firm 0** (choose number 0) because: 
- Positive profit (0.33) is available
- Further search cost (0.02) may outweigh small profit margin","C15 Search #1 (Searched:1/5, SearchCost:0.00, BestProfit:0.33@F0) → Purchase F0",0.29
5,4,C16,True,"yes, because sharing data reduces search cost significantly with 5 firms, outweighing the small privacy cost.",2,"### Decision:
I'll **purchase Firm 2** (choose number 2) because:  
- The potential profit (0.23) is positive.  
- Further search cost (0.02) may outweigh marginal gains.","C16 Search #1 (Searched:1/5, SearchCost:0.00, BestProfit:0.23@F2) → Purchase F2",0.18
5,4,C17,True,"yes, sharing reduces search cost significantly with 5 firms",4,"### Decision:
I'll **purchase Firm 4** (choose number 4) because:  
- Positive profit (0.18) is available  
- Further search cost (0.02) may reduce total revenue with limited gain potential","C17 Search #1 (Searched:1/5, SearchCost:0.00, BestProfit:0.18@F4) → Purchase F4",0.16
5,4,C18,True,"yes, the reduction in search cost outweighs the small privacy cost",0,"### Decision:
I'll **purchase Firm 0** (choose number 0) because:  
- The potential profit (0.39) is positive and substantial compared to search cost.  
- Further search cost (0.02) may reduce net profit and is unlikely to yield significantly better options.","C18 Search #1 (Searched:1/5, SearchCost:0.00, BestProfit:0.39@F0) → Purchase F0",0.34
5,4,C19,True,"yes, because sharing data reduces search cost significantly, outweighing the small privacy cost.",-1,"### Decision:
I'll **leave** (choose number -1) because:  
- The only searched firm offers negative profit (-0.06).  
- Searching more costs 0.02 and may not yield positive profit, risking negative total revenue.","C19 Search #1 (Searched:1/5, SearchCost:0.00, BestProfit:-0.06@F1) → Leave Market",-0.05
5,4,C20,True,"yes, because sharing data reduces search costs significantly with 5 firms.",1,"### Decision:
I'll **purchase Firm 1** (choose number 1) because:  
- Positive profit (0.28) found  
- Further search cost (0.02) may reduce total revenue","C20 Search #1 (Searched:1/5, SearchCost:0.00, BestProfit:0.28@F1) → Purchase F1",0.23
5,5,C1,True,"yes, personalized recommendations significantly reduce search costs with 5 firms.",-1,"### Decision:
I'll **leave** (choose number -1) because:  
- Current profit is negative (-0.01)  
- Further search costs 0.02 may worsen net revenue  
- No positive profit found yet, and cautious due to small margins","C1 Search #1 (Searched:1/5, SearchCost:0.00, BestProfit:-0.01@F2) → Leave Market",-0.05
5,5,C2,True,"yes, reduction in search cost outweighs small privacy value",4,"### Decision:
I'll **purchase Firm 4** (choose number 4) because:  
- Positive profit of 0.23 is good  
- Further search costs 0.02, reducing net gain","C2 Search #1 (Searched:1/5, SearchCost:0.00, BestProfit:0.23@F4) → Purchase F4",0.19
5,5,C3,True,"yes, because the reduction in search cost outweighs the small privacy value",3,"### Decision:
I'll **purchase Firm 3** (choose number 3) because:  
- Positive profit of 0.22 is good  
- Further search cost of 0.02 may not justify small potential gain","C3 Search #1 (Searched:1/5, SearchCost:0.00, BestProfit:0.22@F3) → Purchase F3",0.17
5,5,C4,True,"yes, because sharing data reduces search cost with personalized recommendations, outweighing the small privacy cost.",3,"### Decision:
I'll **purchase Firm 3** (choose number 3) because:  
- The potential profit (0.16) is positive  
- Further searching costs 0.02 and may not yield better profit to offset the cost","C4 Search #1 (Searched:1/5, SearchCost:0.00, BestProfit:0.16@F3) → Purchase F3",0.11
5,5,C5,True,"yes, sharing reduces search cost significantly with 5 firms.",4,"### Decision:
I'll **purchase Firm 4** (choose number 4) because:  
- Positive profit of 0.24 is good  
- Further search costs 0.02 and may not yield better profit","C5 Search #1 (Searched:1/5, SearchCost:0.00, BestProfit:0.24@F4) → Purchase F4",0.21
5,5,C6,True,"yes, personalized recommendations will reduce search cost significantly.",-1,"### Decision:
I'll **leave** (choose number -1) because:  
- The only searched firm offers negative profit (-0.16).  
- Additional search cost (0.02) may outweigh potential gains.","C6 Search #1 (Searched:1/5, SearchCost:0.00, BestProfit:-0.16@F3) → Leave Market",-0.04
5,5,C7,True,"yes, sharing data reduces search cost with valuable recommendations.",-1,"### Decision:
I'll **leave** (choose number -1) because:  
- Current profit is negative (-0.02)  
- Searching costs (0.02) will reduce net revenue further  
- No positive profit firm found yet","C7 Search #1 (Searched:1/5, SearchCost:0.00, BestProfit:-0.02@F2) → Leave Market",-0.05
5,5,C8,True,"yes, personalized recommendations reduce search cost significantly outweighing small privacy value.",0,"### Decision:
I'll **purchase Firm 0** (choose number 0) because:  
- The profit (0.33) is positive and outweighs any further search cost (0.02).  
- Further search risks reducing total revenue with small potential gain.","C8 Search #1 (Searched:1/5, SearchCost:0.00, BestProfit:0.33@F0) → Purchase F0",0.28
5,5,C9,True,"yes, personalized recommendations reduce search cost significantly with 5 firms.",1,"### Decision:
I'll **purchase Firm 1** (choose number 1) because:  
- Positive profit (0.33) already found  
- Further search cost (0.02) may reduce net revenue below zero","C9 Search #1 (Searched:1/5, SearchCost:0.00, BestProfit:0.33@F1) → Purchase F1",0.3
5,5,C10,True,"yes, reduced search cost outweighs small privacy value",4,"### Decision:
I'll **purchase Firm 4** (choose number 4) because:  
- Positive profit of 0.21 is good  
- Further search costs 0.02 may reduce net gain","C10 Search #1 (Searched:1/5, SearchCost:0.00, BestProfit:0.21@F4) → Purchase F4",0.17
5,5,C11,True,"yes, sharing data reduces search cost significantly with many firms.",1,"### Decision:
I'll **purchase Firm 1** (choose number 1) because:  
- The potential profit (0.36) is positive and significant.  
- Additional search cost (0.02) may reduce net profit below zero.","C11 Search #1 (Searched:1/5, SearchCost:0.00, BestProfit:0.36@F1) → Purchase F1",0.32
5,5,C12,True,"yes, because personalized recommendations reduce search cost significantly with 5 firms.",-1,"### Decision:
I'll **leave** (choose number -1) because: 
- Current profit is negative (-0.01)
- Further search costs 0.02 and may not yield positive profit given net profit < 1","C12 Search #1 (Searched:1/5, SearchCost:0.00, BestProfit:-0.01@F2) → Leave Market",-0.04
5,5,C13,True,"yes, personalized recommendations reduce search costs significantly with 5 firms.",-1,"### Decision:
I'll **leave** (choose number -1) because: 
- The only searched firm's profit is negative (-0.01).
- Searching more costs 0.02 which is higher than any potential gain.","C13 Search #1 (Searched:1/5, SearchCost:0.00, BestProfit:-0.01@F3) → Leave Market",-0.05
5,5,C14,True,yes  Reducing search cost with personalized recommendations outweighs small privacy cost,-1,"### Decision:
I'll **leave** (choose number -1) because:  
- No positive profit from searched firms  
- Searching costs 0.02 and unlikely to find better deal given current valuations and prices","C14 Search #1 (Searched:1/5, SearchCost:0.00, BestProfit:-0.23@F4) → Search Next; C14 Search #2 (Searched:2/5, SearchCost:0.02, BestProfit:-0.23@F4) → Leave Market",-0.05
5,5,C15,True,"yes, reduced search cost outweighs small privacy value",0,"### Decision:
I'll **purchase Firm 0** (choose number 0) because: 
- Positive profit (0.33) is available
- Further search cost (0.02) may outweigh small profit margin","C15 Search #1 (Searched:1/5, SearchCost:0.00, BestProfit:0.33@F0) → Purchase F0",0.29
5,5,C16,True,"yes, because sharing data reduces search cost significantly with 5 firms, outweighing the small privacy cost.",2,"### Decision:
I'll **purchase Firm 2** (choose number 2) because:  
- The potential profit (0.18) is positive.  
- Additional search cost (0.02) may outweigh uncertain gains.","C16 Search #1 (Searched:1/5, SearchCost:0.00, BestProfit:0.18@F2) → Purchase F2",0.13
5,5,C17,True,"yes, sharing data reduces search cost significantly with 5 firms",4,"### Decision:
I'll **purchase Firm 4** (choose number 4) because:  
- Positive profit (0.13) is available  
- Further search cost (0.02) may reduce total revenue with limited gain potential","C17 Search #1 (Searched:1/5, SearchCost:0.00, BestProfit:0.13@F4) → Purchase F4",0.11
5,5,C18,True,"yes, the reduction in search cost outweighs the small privacy cost",0,"### Decision:
I'll **purchase Firm 0** (choose number 0) because:  
- The potential profit (0.39) is positive and substantial compared to search cost.  
- Further search cost (0.02) may reduce net profit and is unlikely to yield significantly better options.","C18 Search #1 (Searched:1/5, SearchCost:0.00, BestProfit:0.39@F0) → Purchase F0",0.34
5,5,C19,True,"yes, because sharing data reduces search cost and improves recommendation quality, outweighing the small privacy cost.",1,"### Decision:
I'll **purchase Firm 1** (choose number 1) because:  
- It offers a positive profit (0.04).  
- Additional search cost (0.02) may outweigh potential gains from searching more.","C19 Search #1 (Searched:1/5, SearchCost:0.00, BestProfit:0.04@F1) → Purchase F1",-0.01
5,5,C20,True,"yes, because sharing data reduces search costs significantly with 5 firms.",1,"### Decision:
I'll **purchase Firm 1** (choose number 1) because:  
- Positive profit (0.38) already found  
- Further search cost (0.02) may reduce total revenue","C20 Search #1 (Searched:1/5, SearchCost:0.00, BestProfit:0.38@F1) → Purchase F1",0.33
5,6,C1,True,"yes, personalized recommendations reduce search costs significantly with 5 firms.",2,"### Decision:
I'll **purchase Firm 2** (choose number 2) because:  
- Positive profit of 0.09 found  
- Further search cost 0.02 may reduce net revenue below zero given small profit margin","C1 Search #1 (Searched:1/5, SearchCost:0.00, BestProfit:0.09@F2) → Purchase F2",0.04
5,6,C2,True,"yes, the reduction in search cost outweighs the small privacy value",4,"### Decision:
I'll **purchase Firm 4** (choose number 4) because:  
- Positive profit of 0.18 is good  
- Further search costs 0.02, reducing net gain","C2 Search #1 (Searched:1/5, SearchCost:0.00, BestProfit:0.18@F4) → Purchase F4",0.14
5,6,C3,True,"yes, because the reduction in search cost outweighs the small privacy value.",3,"### Decision:
I'll **purchase Firm 3** (choose number 3) because:  
- Positive profit of 0.22 is good  
- Further search cost of 0.02 may not justify small potential gain","C3 Search #1 (Searched:1/5, SearchCost:0.00, BestProfit:0.22@F3) → Purchase F3",0.17
5,6,C4,True,"yes, personalized recommendations reduce search cost and improve decision efficiency.",3,"### Decision:
I'll **purchase Firm 3** (choose number 3) because:  
- The potential profit (0.16) is positive  
- Further searching costs 0.02 and may not yield better profit to offset the cost","C4 Search #1 (Searched:1/5, SearchCost:0.00, BestProfit:0.16@F3) → Purchase F3",0.11
5,6,C5,True,"yes, sharing reduces search cost significantly with 5 firms.",4,"### Decision:
I'll **purchase Firm 4** (choose number 4) because:  
- Positive profit of 0.19 is good  
- Further search costs 0.02 and may not yield better profit","C5 Search #1 (Searched:1/5, SearchCost:0.00, BestProfit:0.19@F4) → Purchase F4",0.16
5,6,C6,True,"yes, personalized recommendations will reduce search cost significantly.",-1,"### Decision:
I'll **leave** (choose number -1) because:  
- The only searched firm has negative profit (-0.16).  
- Additional search cost (0.02) may outweigh potential gains.","C6 Search #1 (Searched:1/5, SearchCost:0.00, BestProfit:-0.16@F3) → Leave Market",-0.04
5,6,C7,True,"yes, because sharing data reduces search cost with valuable personalized recommendations.",2,"### Decision:
I'll **purchase Firm 2** (choose number 2) because:  
- Positive profit (0.08) is available  
- Additional search cost (0.02) may reduce net revenue below zero","C7 Search #1 (Searched:1/5, SearchCost:0.00, BestProfit:0.08@F2) → Purchase F2",0.03
5,6,C8,True,"yes, the reduction in search cost outweighs the small privacy value",0,"### Decision:
I'll **purchase Firm 0** (choose number 0) because:  
- The profit (0.38) is positive and outweighs any further search cost (0.02).  
- Further search risks reducing total revenue with small potential gain.","C8 Search #1 (Searched:1/5, SearchCost:0.00, BestProfit:0.38@F0) → Purchase F0",0.33
5,6,C9,True,"yes, personalized recommendations significantly reduce search cost with 5 firms.",1,"### Decision:
I'll **purchase Firm 1** (choose number 1) because:  
- Positive profit (0.23) found  
- Further search cost (0.02) may reduce net revenue below zero","C9 Search #1 (Searched:1/5, SearchCost:0.00, BestProfit:0.23@F1) → Purchase F1",0.2
5,6,C10,True,"yes, reduced search cost outweighs small privacy value",4,"### Decision:
I'll **purchase Firm 4** (choose number 4) because:  
- Positive profit of 0.16 is still good  
- Further search cost 0.02 may reduce net gain","C10 Search #1 (Searched:1/5, SearchCost:0.00, BestProfit:0.16@F4) → Purchase F4",0.12
5,6,C11,True,"yes, because sharing data significantly reduces search cost with many firms.",1,"### Decision:
I'll **purchase Firm 1** (choose number 1) because:  
- The potential profit (0.26) is positive.  
- Additional search cost (0.02) risks reducing net profit below zero.  
- The first search was free, no search cost incurred yet.","C11 Search #1 (Searched:1/5, SearchCost:0.00, BestProfit:0.26@F1) → Purchase F1",0.22
5,6,C12,True,"yes, personalized recommendations significantly reduce search cost with 5 firms.",2,"### Decision:
I'll **purchase Firm 2** (choose number 2) because:  
- Positive profit of 0.09 is available now  
- Further search costs 0.02 and may not yield better profit given net profit < 1","C12 Search #1 (Searched:1/5, SearchCost:0.00, BestProfit:0.09@F2) → Purchase F2",0.05
5,6,C13,True,"yes, personalized recommendations reduce search costs significantly with 5 firms.",-1,"### Decision:
I'll **leave** (choose number -1) because:  
- The only searched firm's profit is negative (-0.01).  
- Searching more costs 0.02 which is higher than any potential gain.","C13 Search #1 (Searched:1/5, SearchCost:0.00, BestProfit:-0.01@F3) → Leave Market",-0.05
5,6,C14,True,yes  Reducing search cost with personalized recommendations outweighs small privacy cost,-1,"### Decision:
I'll **leave** (choose number -1) because:  
- No positive profit from searched firm (profit = -0.28)  
- Further search cost (0.02) unlikely to be offset by gains given current valuations and prices","C14 Search #1 (Searched:1/5, SearchCost:0.00, BestProfit:-0.28@F4) → Leave Market",-0.03
5,6,C15,True,"yes, the reduction in search cost outweighs the small privacy value",0,"### Decision:
I'll **purchase Firm 0** (choose number 0) because:  
- Positive profit (0.38) is available  
- Further search cost (0.02) may reduce net revenue below zero given small profit margin","C15 Search #1 (Searched:1/5, SearchCost:0.00, BestProfit:0.38@F0) → Purchase F0",0.34
5,6,C16,True,"yes, because sharing data reduces search cost significantly with 5 firms, outweighing the small privacy cost.",2,"### Decision:
I'll **purchase Firm 2** (choose number 2) because:  
- The potential profit (0.28) is positive.  
- Additional search cost (0.02) may not justify uncertain gains.","C16 Search #1 (Searched:1/5, SearchCost:0.00, BestProfit:0.28@F2) → Purchase F2",0.23
5,6,C17,True,"yes, sharing reduces search cost significantly with 5 firms",4,"### Decision:
I'll **purchase Firm 4** (choose number 4) because:  
- Positive profit (0.08) is available  
- Further search cost (0.02) may reduce total revenue with limited gain potential","C17 Search #1 (Searched:1/5, SearchCost:0.00, BestProfit:0.08@F4) → Purchase F4",0.05
5,6,C18,True,"yes, the reduction in search cost outweighs the small privacy cost",0,"### Decision:
I'll **purchase Firm 0** (choose number 0) because:  
- The potential profit (0.44) is positive and substantial compared to search cost.  
- Further search cost (0.02) may reduce net profit and is unlikely to yield significantly better options.","C18 Search #1 (Searched:1/5, SearchCost:0.00, BestProfit:0.44@F0) → Purchase F0",0.39
5,6,C19,True,"yes, because sharing data reduces search cost and improves recommendation quality, outweighing the small privacy cost.",-1,"### Decision:
I'll **leave** (choose number -1) because:  
- The only searched firm offers negative profit (-0.06).  
- Searching more costs 0.02 and may not yield positive profit, risking negative total revenue.","C19 Search #1 (Searched:1/5, SearchCost:0.00, BestProfit:-0.06@F1) → Leave Market",-0.05
5,6,C20,True,"yes, because sharing data reduces search costs significantly with 5 firms.",1,"### Decision:
I'll **purchase Firm 1** (choose number 1) because:  
- Positive profit (0.28) found  
- Further search cost (0.02) may reduce total revenue","C20 Search #1 (Searched:1/5, SearchCost:0.00, BestProfit:0.28@F1) → Purchase F1",0.23
5,7,C1,True,"yes, personalized recommendations significantly reduce search costs with 5 firms.",2,"### Decision:
I'll **purchase Firm 2** (choose number 2) because:  
- Positive profit of 0.04 found  
- Further search cost 0.02 may reduce net revenue below zero given small profit margin","C1 Search #1 (Searched:1/5, SearchCost:0.00, BestProfit:0.04@F2) → Purchase F2",-0.01
5,7,C2,True,"yes, the reduction in search cost outweighs the small privacy value",4,"### Decision:
I'll **purchase Firm 4** (choose number 4) because:  
- Positive profit of 0.13 is good  
- Further search costs 0.02, reducing net gain","C2 Search #1 (Searched:1/5, SearchCost:0.00, BestProfit:0.13@F4) → Purchase F4",0.09
5,7,C3,True,"yes, because the reduction in search cost outweighs the small privacy value",3,"### Decision:
I'll **purchase Firm 3** (choose number 3) because:  
- Positive profit of 0.22 is good  
- Further search cost of 0.02 may not justify small potential gain","C3 Search #1 (Searched:1/5, SearchCost:0.00, BestProfit:0.22@F3) → Purchase F3",0.17
5,7,C4,True,"yes, because sharing data reduces search cost with personalized recommendations, outweighing the small privacy cost.",3,"### Decision:
I'll **purchase Firm 3** (choose number 3) because:  
- The potential profit (0.16) is positive  
- Further searching costs 0.02 and may not yield better profit to offset the cost","C4 Search #1 (Searched:1/5, SearchCost:0.00, BestProfit:0.16@F3) → Purchase F3",0.11
5,7,C5,True,"yes, sharing reduces search cost significantly with 5 firms.",4,"### Decision:
I'll **purchase Firm 4** (choose number 4) because:  
- Positive profit of 0.14 is still positive  
- Further search costs 0.02 and may not yield better profit","C5 Search #1 (Searched:1/5, SearchCost:0.00, BestProfit:0.14@F4) → Purchase F4",0.11
5,7,C6,True,"yes, personalized recommendations will reduce search cost significantly.",-1,"### Decision:
I'll **leave** (choose number -1) because:  
- The only searched firm has negative profit (-0.16).  
- Additional search cost (0.02) may outweigh potential gains.","C6 Search #1 (Searched:1/5, SearchCost:0.00, BestProfit:-0.16@F3) → Leave Market",-0.04
5,7,C7,True,"yes, because sharing data reduces search cost with valuable personalized recommendations.",2,"### Decision:
I'll **purchase Firm 2** (choose number 2) because:  
- Positive profit (0.03) available  
- Additional search cost (0.02) may reduce net revenue below zero","C7 Search #1 (Searched:1/5, SearchCost:0.00, BestProfit:0.03@F2) → Purchase F2",-0.02
5,7,C8,True,"yes, the reduction in search cost outweighs the small privacy value",0,"### Decision:
I'll **purchase Firm 0** (choose number 0) because:  
- The profit (0.33) is positive and outweighs the search cost.  
- Further search cost (0.02) may reduce total revenue and risk no better deal.","C8 Search #1 (Searched:1/5, SearchCost:0.00, BestProfit:0.33@F0) → Purchase F0",0.28
5,7,C9,True,"yes, personalized recommendations reduce search cost significantly with 5 firms.",1,"### Decision:
I'll **purchase Firm 1** (choose number 1) because:  
- Positive profit (0.33) already found  
- Further search cost (0.02) may reduce net revenue below zero","C9 Search #1 (Searched:1/5, SearchCost:0.00, BestProfit:0.33@F1) → Purchase F1",0.3
5,7,C10,True,"yes, reduced search cost outweighs small privacy value",4,"### Decision:
I'll **purchase Firm 4** (choose number 4) because:  
- Positive profit of 0.11 is good  
- Further search cost 0.02 may reduce net gain","C10 Search #1 (Searched:1/5, SearchCost:0.00, BestProfit:0.11@F4) → Purchase F4",0.07
5,7,C11,True,"yes, because sharing data significantly reduces search cost with many firms.",1,"### Decision:
I'll **purchase Firm 1** (choose number 1) because:  
- The potential profit (0.36) is positive and significant.  
- Additional search cost (0.02) may reduce net profit below zero.","C11 Search #1 (Searched:1/5, SearchCost:0.00, BestProfit:0.36@F1) → Purchase F1",0.32
5,7,C12,True,"yes, personalized recommendations reduce search cost significantly with 5 firms.",2,"### Decision:
I'll **purchase Firm 2** (choose number 2) because:  
- Positive profit (0.04) is available now  
- Further search costs 0.02 and unlikely to yield better profit given net profit < 1","C12 Search #1 (Searched:1/5, SearchCost:0.00, BestProfit:0.04@F2) → Purchase F2",0.0
5,7,C13,True,"yes, personalized recommendations reduce search costs significantly with 5 firms.",-1,"### Decision:
I'll **leave** (choose number -1) because:  
- The only searched firm's profit is negative (-0.01).  
- Searching more costs 0.02 which is higher than any potential gain.","C13 Search #1 (Searched:1/5, SearchCost:0.00, BestProfit:-0.01@F3) → Leave Market",-0.05
5,7,C14,True,yes  Reducing search cost with personalized recommendations outweighs small privacy cost,-1,"### Decision:
I'll **leave** (choose number -1) because:  
- No positive profit from searched firm (profit = -0.33)  
- Searching costs 0.02 and unlikely to find better deal given current valuations and prices","C14 Search #1 (Searched:1/5, SearchCost:0.00, BestProfit:-0.33@F4) → Leave Market",-0.03
5,7,C15,True,"yes, reduced search cost outweighs small privacy value",0,"### Decision:
I'll **purchase Firm 0** (choose number 0) because:  
- Positive profit (0.33) is available  
- Further search cost (0.02) may outweigh small profit margin","C15 Search #1 (Searched:1/5, SearchCost:0.00, BestProfit:0.33@F0) → Purchase F0",0.29
5,7,C16,True,"yes, sharing data reduces search cost significantly and outweighs the small privacy cost.",2,"### Decision:
I'll **purchase Firm 2** (choose number 2) because:  
- The potential profit (0.23) is positive.  
- Additional search cost (0.02) may outweigh marginal gains.","C16 Search #1 (Searched:1/5, SearchCost:0.00, BestProfit:0.23@F2) → Purchase F2",0.18
5,7,C17,True,"yes, sharing reduces search cost significantly with 5 firms",4,"### Decision:
I'll **purchase Firm 4** (choose number 4) because:  
- Positive profit (0.03) is available  
- Further search cost (0.02) may reduce total revenue with limited gain potential","C17 Search #1 (Searched:1/5, SearchCost:0.00, BestProfit:0.03@F4) → Purchase F4",0.01
5,7,C18,True,"yes, the reduction in search cost outweighs the small privacy cost",0,"### Decision:
I'll **purchase Firm 0** (choose number 0) because:  
- The potential profit (0.39) is positive and substantial compared to the zero search cost so far.  
- Further searching costs (0.02) may reduce net profit and is unlikely to yield significantly better options.","C18 Search #1 (Searched:1/5, SearchCost:0.00, BestProfit:0.39@F0) → Purchase F0",0.34
5,7,C19,True,"yes, because sharing data reduces search cost and improves recommendation quality, outweighing the small privacy cost.",1,"### Decision:
I'll **purchase Firm 1** (choose number 1) because:  
- It offers a positive profit (0.04).  
- Additional search cost (0.02) may outweigh potential gains from searching more.","C19 Search #1 (Searched:1/5, SearchCost:0.00, BestProfit:0.04@F1) → Purchase F1",-0.01
5,7,C20,True,"yes, because sharing data reduces search costs significantly with 5 firms.",1,"### Decision:
I'll **purchase Firm 1** (choose number 1) because:  
- Positive profit (0.38) already found  
- Further search cost (0.02) may reduce total revenue","C20 Search #1 (Searched:1/5, SearchCost:0.00, BestProfit:0.38@F1) → Purchase F1",0.33
5,8,C1,True,"yes, personalized recommendations significantly reduce search costs with 5 firms.",2,"### Decision:
I'll **purchase Firm 2** (choose number 2) because:  
- Positive profit of 0.04 found  
- Further search cost 0.02 may reduce net revenue below zero given small profit margin","C1 Search #1 (Searched:1/5, SearchCost:0.00, BestProfit:0.04@F2) → Purchase F2",-0.01
5,8,C2,True,"yes, the reduction in search cost outweighs the small privacy value",4,"### Decision:
I'll **purchase Firm 4** (choose number 4) because:  
- Positive profit of 0.08 is still positive  
- Further search cost 0.02 may reduce net gain below zero","C2 Search #1 (Searched:1/5, SearchCost:0.00, BestProfit:0.08@F4) → Purchase F4",0.04
5,8,C3,True,"yes, because the reduction in search cost outweighs the small privacy value.",3,"### Decision:
I'll **purchase Firm 3** (choose number 3) because:  
- Positive profit of 0.22 is good  
- Further search cost of 0.02 may not justify small potential gain","C3 Search #1 (Searched:1/5, SearchCost:0.00, BestProfit:0.22@F3) → Purchase F3",0.17
5,8,C4,True,"yes, because sharing data reduces search cost with personalized recommendations, outweighing the small privacy cost.",3,"### Decision:
I'll **purchase Firm 3** (choose number 3) because:  
- The potential profit (0.16) is positive  
- Further searching costs 0.02 and may not yield better profit to offset the cost","C4 Search #1 (Searched:1/5, SearchCost:0.00, BestProfit:0.16@F3) → Purchase F3",0.11
5,8,C5,True,"yes, sharing data reduces search cost significantly with 5 firms.",4,"### Decision:
I'll **purchase Firm 4** (choose number 4) because:  
- Positive profit of 0.09 is still positive  
- Further search cost 0.02 may not yield better profit","C5 Search #1 (Searched:1/5, SearchCost:0.00, BestProfit:0.09@F4) → Purchase F4",0.06
5,8,C6,True,"yes, personalized recommendations will reduce search cost significantly.",-1,"### Decision:
I'll **leave** (choose number -1) because:  
- The only searched firm has negative profit (-0.16).  
- Additional search cost (0.02) may outweigh potential gains.","C6 Search #1 (Searched:1/5, SearchCost:0.00, BestProfit:-0.16@F3) → Leave Market",-0.04
5,8,C7,True,"yes, because sharing data reduces search cost with valuable personalized recommendations.",2,"### Decision:
I'll **purchase Firm 2** (choose number 2) because:  
- Positive profit (0.03) is available  
- Additional search cost (0.02) may reduce net revenue below zero","C7 Search #1 (Searched:1/5, SearchCost:0.00, BestProfit:0.03@F2) → Purchase F2",-0.02
5,8,C8,True,"yes, personalized recommendations reduce search cost significantly outweighing small privacy value.",0,"### Decision:
I'll **purchase Firm 0** (choose number 0) because:  
- The profit (0.33) is positive and outweighs the search cost (0.02).  
- Further search cost may reduce total revenue and risk no better deal.","C8 Search #1 (Searched:1/5, SearchCost:0.00, BestProfit:0.33@F0) → Purchase F0",0.28
5,8,C9,True,"yes, personalized recommendations significantly reduce search cost with 5 firms.",1,"### Decision:
I'll **purchase Firm 1** (choose number 1) because:  
- Positive profit (0.23) found  
- Further search cost (0.02) may reduce net revenue below zero","C9 Search #1 (Searched:1/5, SearchCost:0.00, BestProfit:0.23@F1) → Purchase F1",0.2
5,8,C10,True,"yes, reduced search cost outweighs small privacy value",4,"### Decision:
I'll **purchase Firm 4** (choose number 4) because:  
- Positive profit of 0.06 is better than risking extra search cost of 0.02  
- Further search unlikely to yield significantly better profit given low margin","C10 Search #1 (Searched:1/5, SearchCost:0.00, BestProfit:0.06@F4) → Purchase F4",0.02
5,8,C11,True,"yes, sharing data reduces search cost significantly with many firms.",1,"### Decision:
I'll **purchase Firm 1** (choose number 1) because:  
- The potential profit (0.26) is positive.  
- Additional search cost (0.02) risks reducing net profit below zero.  
- The first search was free, no search cost incurred yet.","C11 Search #1 (Searched:1/5, SearchCost:0.00, BestProfit:0.26@F1) → Purchase F1",0.22
5,8,C12,True,"yes, personalized recommendations reduce search cost significantly with 5 firms.",2,"### Decision:
I'll **purchase Firm 2** (choose number 2) because:  
- Positive profit (0.04) is available now  
- Further search costs 0.02 and unlikely to yield better profit given net profit < 1","C12 Search #1 (Searched:1/5, SearchCost:0.00, BestProfit:0.04@F2) → Purchase F2",0.0
5,8,C13,True,"yes, personalized recommendations reduce search costs significantly with 5 firms.",-1,"### Decision:
I'll **leave** (choose number -1) because:  
- The only searched firm's profit is negative (-0.01).  
- Searching costs 0.02, which is higher than any potential gain.","C13 Search #1 (Searched:1/5, SearchCost:0.00, BestProfit:-0.01@F3) → Leave Market",-0.05
5,8,C14,True,yes  Reducing search cost with personalized recommendations outweighs small privacy cost,-1,"### Decision:
I'll **leave** (choose number -1) because:  
- No positive profit from searched firm (profit = -0.38)  
- Searching costs 0.02 and unlikely to find better deal given current valuations and prices","C14 Search #1 (Searched:1/5, SearchCost:0.00, BestProfit:-0.38@F4) → Leave Market",-0.03
5,8,C15,True,"yes, reduced search cost outweighs small privacy value",0,"### Decision:
I'll **purchase Firm 0** (choose number 0) because:  
- Positive profit (0.33) is available  
- Further search cost (0.02) may outweigh small profit margin","C15 Search #1 (Searched:1/5, SearchCost:0.00, BestProfit:0.33@F0) → Purchase F0",0.29
5,8,C16,True,"yes, because sharing data reduces search cost significantly with 5 firms, outweighing the small privacy cost.",2,"### Decision:
I'll **purchase Firm 2** (choose number 2) because:  
- The potential profit (0.23) is positive.  
- Additional search cost (0.02) may outweigh marginal gains.","C16 Search #1 (Searched:1/5, SearchCost:0.00, BestProfit:0.23@F2) → Purchase F2",0.18
5,8,C17,True,"yes, sharing reduces search cost significantly with 5 firms",-1,"### Decision:
I'll **leave** (choose number -1) because: 
- Current firm offers negative profit (-0.02)
- Further search cost (0.02) likely outweighs potential gain","C17 Search #1 (Searched:1/5, SearchCost:0.00, BestProfit:-0.02@F4) → Leave Market",-0.03
5,8,C18,True,"yes, the reduction in search cost outweighs the small privacy cost",0,"### Decision:
I'll **purchase Firm 0** (choose number 0) because:  
- The potential profit (0.39) is positive and substantial compared to zero search cost so far.  
- Further searching costs (0.02) may reduce net profit and is unlikely to yield significantly better options.","C18 Search #1 (Searched:1/5, SearchCost:0.00, BestProfit:0.39@F0) → Purchase F0",0.34
5,8,C19,True,"yes, sharing data reduces search cost significantly, outweighing the small privacy cost.",-1,"### Decision:
I'll **leave** (choose number -1) because:  
- The only searched firm offers negative profit (-0.06).  
- Searching more costs 0.02 and may not yield positive profit, risking negative total revenue.","C19 Search #1 (Searched:1/5, SearchCost:0.00, BestProfit:-0.06@F1) → Leave Market",-0.05
5,8,C20,True,"yes, because sharing data reduces search costs significantly with 5 firms.",1,"### Decision:
I'll **purchase Firm 1** (choose number 1) because:  
- Positive profit (0.28) found  
- Further search cost (0.02) may reduce total revenue","C20 Search #1 (Searched:1/5, SearchCost:0.00, BestProfit:0.28@F1) → Purchase F1",0.23
5,9,C1,True,"yes, personalized recommendations reduce search costs significantly with 5 firms.",2,"### Decision:
I'll **purchase Firm 2** (choose number 2) because:  
- Positive profit of 0.04 found  
- Further search cost 0.02 may reduce net revenue below zero given small profit margin","C1 Search #1 (Searched:1/5, SearchCost:0.00, BestProfit:0.04@F2) → Purchase F2",-0.01
5,9,C2,True,"yes, reduction in search cost outweighs small privacy value",4,"### Decision:
I'll **purchase Firm 4** (choose number 4) because:  
- Positive profit of 0.13 is still good  
- Further search costs 0.02, reducing net gain","C2 Search #1 (Searched:1/5, SearchCost:0.00, BestProfit:0.13@F4) → Purchase F4",0.09
5,9,C3,True,"yes, because the reduction in search cost outweighs the small privacy value",3,"### Decision:
I'll **purchase Firm 3** (choose number 3) because:  
- Positive profit of 0.17 is good  
- Further search cost of 0.02 may not justify small potential gain","C3 Search #1 (Searched:1/5, SearchCost:0.00, BestProfit:0.17@F3) → Purchase F3",0.12
5,9,C4,True,"yes, because sharing data reduces search cost with personalized recommendations, outweighing the small privacy cost.",3,"### Decision:
I'll **purchase Firm 3** (choose number 3) because:  
- The potential profit (0.11) is positive  
- Further searching costs 0.02 and unlikely to yield better profit to offset the cost","C4 Search #1 (Searched:1/5, SearchCost:0.00, BestProfit:0.11@F3) → Purchase F3",0.06
5,9,C5,True,"yes, sharing reduces search cost significantly with 5 firms.",4,"### Decision:
I'll **purchase Firm 4** (choose number 4) because:  
- Positive profit of 0.14 is still positive  
- Further search costs 0.02 and may not yield better profit","C5 Search #1 (Searched:1/5, SearchCost:0.00, BestProfit:0.14@F4) → Purchase F4",0.11
5,9,C6,True,"yes, personalized recommendations will reduce search cost significantly.",-1,"### Decision:
I'll **leave** (choose number -1) because:  
- The only searched firm offers negative profit (-0.21).  
- Additional search cost (0.02) may outweigh potential gains.","C6 Search #1 (Searched:1/5, SearchCost:0.00, BestProfit:-0.21@F3) → Leave Market",-0.04
5,9,C7,True,"yes, sharing data reduces search cost with valuable personalized recommendations.",2,"### Decision:
I'll **purchase Firm 2** (choose number 2) because:  
- Positive profit (0.03) is available  
- Additional search cost (0.02) may reduce net revenue below zero","C7 Search #1 (Searched:1/5, SearchCost:0.00, BestProfit:0.03@F2) → Purchase F2",-0.02
5,9,C8,True,"yes, personalized recommendations reduce search cost significantly outweighing small privacy value",0,"### Decision:
I'll **purchase Firm 0** (choose number 0) because:  
- The profit (0.33) is positive and outweighs any further search cost (0.02).  
- Further search risks reducing total revenue with small potential gain.","C8 Search #1 (Searched:1/5, SearchCost:0.00, BestProfit:0.33@F0) → Purchase F0",0.28
5,9,C9,True,"yes, personalized recommendations reduce search cost significantly with 5 firms.",1,"### Decision:
I'll **purchase Firm 1** (choose number 1) because:  
- Positive profit (0.33) already found  
- Further search cost (0.02) may reduce net revenue below zero","C9 Search #1 (Searched:1/5, SearchCost:0.00, BestProfit:0.33@F1) → Purchase F1",0.3
5,9,C10,True,"yes, reduced search cost outweighs small privacy value",4,"### Decision:
I'll **purchase Firm 4** (choose number 4) because:  
- Positive profit of 0.11 is good  
- Further search cost 0.02 may reduce net gain","C10 Search #1 (Searched:1/5, SearchCost:0.00, BestProfit:0.11@F4) → Purchase F4",0.07
5,9,C11,True,"yes, because sharing data significantly reduces search cost with many firms.",1,"### Decision:
I'll **purchase Firm 1** (choose number 1) because:  
- The potential profit (0.36) is positive and significant.  
- Additional search cost (0.02) risks reducing net profit below zero.","C11 Search #1 (Searched:1/5, SearchCost:0.00, BestProfit:0.36@F1) → Purchase F1",0.32
5,9,C12,True,"yes, personalized recommendations significantly reduce search cost with 5 firms.",2,"### Decision:
I'll **purchase Firm 2** (choose number 2) because:  
- Positive profit (0.04) is available now  
- Further search costs 0.02 and unlikely to yield better profit given net profit < 1","C12 Search #1 (Searched:1/5, SearchCost:0.00, BestProfit:0.04@F2) → Purchase F2",0.0
5,9,C13,True,"yes, personalized recommendations reduce search costs significantly with 5 firms.",-1,"### Decision:
I'll **leave** (choose number -1) because:  
- The only searched firm's profit is negative (-0.06).  
- Searching costs 0.02 which is higher than any potential gain.","C13 Search #1 (Searched:1/5, SearchCost:0.00, BestProfit:-0.06@F3) → Leave Market",-0.05
5,9,C14,True,yes  Reducing search cost with personalized recommendations outweighs small privacy cost,-1,"### Decision:
I'll **leave** (choose number -1) because:  
- No positive profit from searched firm  
- Searching costs 0.02 and unlikely to find better deal given current valuations and prices","C14 Search #1 (Searched:1/5, SearchCost:0.00, BestProfit:-0.33@F4) → Leave Market",-0.03
5,9,C15,True,"yes, reduced search cost outweighs small privacy value",0,"### Decision:
I'll **purchase Firm 0** (choose number 0) because:  
- Positive profit (0.33) is available  
- Further search cost (0.02) may outweigh small profit margin","C15 Search #1 (Searched:1/5, SearchCost:0.00, BestProfit:0.33@F0) → Purchase F0",0.29
5,9,C16,True,"yes, sharing data reduces search cost significantly, outweighing the small privacy cost.",2,"### Decision:
I'll **purchase Firm 2** (choose number 2) because:  
- The potential profit (0.23) is positive.  
- Additional search cost (0.02) may outweigh marginal gains.","C16 Search #1 (Searched:1/5, SearchCost:0.00, BestProfit:0.23@F2) → Purchase F2",0.18
5,9,C17,True,"yes, sharing reduces search cost significantly with 5 firms",4,"### Decision:
I'll **purchase Firm 4** (choose number 4) because:  
- Positive profit (0.03) is available  
- Further search cost (0.02) may reduce total revenue with limited gain potential","C17 Search #1 (Searched:1/5, SearchCost:0.00, BestProfit:0.03@F4) → Purchase F4",0.01
5,9,C18,True,"yes, the reduction in search cost outweighs the small privacy cost",0,"### Decision:
I'll **purchase Firm 0** (choose number 0) because: 
- The potential profit (0.39) is positive and substantial compared to zero search cost so far.
- Further searching costs (0.02) may reduce net profit and is unlikely to yield significantly better options.","C18 Search #1 (Searched:1/5, SearchCost:0.00, BestProfit:0.39@F0) → Purchase F0",0.34
5,9,C19,True,"yes, because sharing data reduces search cost and improves recommendation quality, outweighing the small privacy cost.",1,"### Decision:
I'll **purchase Firm 1** (choose number 1) because: 
- It offers a positive profit (0.04).
- Additional search cost (0.02) may outweigh potential gains from searching more.","C19 Search #1 (Searched:1/5, SearchCost:0.00, BestProfit:0.04@F1) → Purchase F1",-0.01
5,9,C20,True,"yes, because sharing data reduces search costs significantly with 5 firms.",1,"### Decision:
I'll **purchase Firm 1** (choose number 1) because:  
- Positive profit (0.38) found  
- Further search cost (0.02) may reduce total revenue","C20 Search #1 (Searched:1/5, SearchCost:0.00, BestProfit:0.38@F1) → Purchase F1",0.33
5,10,C1,True,"yes, personalized recommendations significantly reduce search costs with 5 firms.",2,"### Decision:
I'll **purchase Firm 2** (choose number 2) because:  
- Positive profit of 0.04 found  
- Further search cost 0.02 may reduce net revenue below zero given small profit margin","C1 Search #1 (Searched:1/5, SearchCost:0.00, BestProfit:0.04@F2) → Purchase F2",-0.01
5,10,C2,True,"yes, the reduction in search cost outweighs the small privacy value",4,"### Decision:
I'll **purchase Firm 4** (choose number 4) because:  
- Positive profit of 0.13 is good  
- Further search cost 0.02 may reduce net gain below zero","C2 Search #1 (Searched:1/5, SearchCost:0.00, BestProfit:0.13@F4) → Purchase F4",0.09
5,10,C3,True,"yes, because the reduction in search cost outweighs the small privacy value",3,"### Decision:
I'll **purchase Firm 3** (choose number 3) because:  
- Positive profit of 0.17 is good  
- Further search cost of 0.02 may not justify small potential gain","C3 Search #1 (Searched:1/5, SearchCost:0.00, BestProfit:0.17@F3) → Purchase F3",0.12
5,10,C4,True,"yes, because sharing data reduces search cost with personalized recommendations, outweighing the small privacy cost.",3,"### Decision:
I'll **purchase Firm 3** (choose number 3) because:  
- The potential profit (0.11) is positive  
- Further searching costs 0.02 and unlikely to yield better profit to offset the cost","C4 Search #1 (Searched:1/5, SearchCost:0.00, BestProfit:0.11@F3) → Purchase F3",0.06
5,10,C5,True,"yes, sharing reduces search cost significantly with 5 firms",4,"### Decision:
I'll **purchase Firm 4** (choose number 4) because:  
- Positive profit of 0.14 is still positive  
- Further search costs 0.02 and may not yield better profit","C5 Search #1 (Searched:1/5, SearchCost:0.00, BestProfit:0.14@F4) → Purchase F4",0.11
5,10,C6,True,"yes, personalized recommendations reduce search cost significantly.",-1,"### Decision:
I'll **leave** (choose number -1) because:  
- The only searched firm offers negative profit (-0.21).  
- Additional search cost (0.02) may outweigh potential gains.","C6 Search #1 (Searched:1/5, SearchCost:0.00, BestProfit:-0.21@F3) → Leave Market",-0.04
5,10,C7,True,"yes, sharing data reduces search cost with valuable personalized recommendations.",2,"### Decision:
I'll **purchase Firm 2** (choose number 2) because:  
- Positive profit (0.03) is available  
- Additional search cost (0.02) may reduce net revenue below zero","C7 Search #1 (Searched:1/5, SearchCost:0.00, BestProfit:0.03@F2) → Purchase F2",-0.02
5,10,C8,True,"yes, the reduction in search cost outweighs the small privacy value",0,"### Decision:
I'll **purchase Firm 0** (choose number 0) because:  
- The profit (0.33) is positive and outweighs the search cost (0.02).  
- Further search cost may reduce total revenue and risk no better deal.","C8 Search #1 (Searched:1/5, SearchCost:0.00, BestProfit:0.33@F0) → Purchase F0",0.28
5,10,C9,True,"yes, personalized recommendations significantly reduce search cost with 5 firms.",1,"### Decision:
I'll **purchase Firm 1** (choose number 1) because: 
- Positive profit (0.33) found
- Further search cost (0.02) may reduce net revenue below zero","C9 Search #1 (Searched:1/5, SearchCost:0.00, BestProfit:0.33@F1) → Purchase F1",0.3
5,10,C10,True,"yes, reduced search cost outweighs small privacy value",4,"### Decision:
I'll **purchase Firm 4** (choose number 4) because:  
- Positive profit of 0.11 is good  
- Further search cost 0.02 may reduce net gain","C10 Search #1 (Searched:1/5, SearchCost:0.00, BestProfit:0.11@F4) → Purchase F4",0.07
5,10,C11,True,"yes, sharing data reduces search cost significantly with many firms.",1,"### Decision:
I'll **purchase Firm 1** (choose number 1) because:  
- The potential profit (0.36) is positive and significant.  
- Additional search cost (0.02) may reduce net profit below zero.  
- The first search was free, no search cost incurred yet.","C11 Search #1 (Searched:1/5, SearchCost:0.00, BestProfit:0.36@F1) → Purchase F1",0.32
5,10,C12,True,"yes, personalized recommendations reduce search cost significantly with 5 firms.",2,"### Decision:
I'll **purchase Firm 2** (choose number 2) because:  
- Positive profit of 0.04 is available now  
- Further search costs 0.02 and unlikely to yield better profit given net profit < 1","C12 Search #1 (Searched:1/5, SearchCost:0.00, BestProfit:0.04@F2) → Purchase F2",0.0
5,10,C13,True,"yes, personalized recommendations reduce search costs significantly with 5 firms.",-1,"### Decision:
I'll **leave** (choose number -1) because:  
- The only searched firm's profit is negative (-0.06).  
- Searching more costs 0.02 which is higher than any potential gain.","C13 Search #1 (Searched:1/5, SearchCost:0.00, BestProfit:-0.06@F3) → Leave Market",-0.05
5,10,C14,True,yes  Reducing search cost with personalized recommendations outweighs small privacy cost,-1,"### Decision:
I'll **leave** (choose number -1) because:  
- No positive profit from searched firm (profit = -0.33)  
- Searching costs 0.02 and unlikely to find better deal given current valuations and prices","C14 Search #1 (Searched:1/5, SearchCost:0.00, BestProfit:-0.33@F4) → Leave Market",-0.03
5,10,C15,True,"yes, reduced search cost outweighs small privacy value",0,"### Decision:
I'll **purchase Firm 0** (choose number 0) because:  
- Positive profit (0.33) is available  
- Further search cost (0.02) may outweigh small profit margin","C15 Search #1 (Searched:1/5, SearchCost:0.00, BestProfit:0.33@F0) → Purchase F0",0.29
5,10,C16,True,"yes, sharing data reduces search cost significantly with 5 firms, outweighing the small privacy cost.",2,"### Decision:
I'll **purchase Firm 2** (choose number 2) because:  
- The potential profit (0.23) is positive.  
- Additional search cost (0.02) may outweigh marginal gains.","C16 Search #1 (Searched:1/5, SearchCost:0.00, BestProfit:0.23@F2) → Purchase F2",0.18
5,10,C17,True,"yes, sharing data reduces search cost significantly with 5 firms",4,"### Decision:
I'll **purchase Firm 4** (choose number 4) because:  
- Positive profit (0.03) is available  
- Further search cost (0.02) may reduce total revenue with limited gain potential","C17 Search #1 (Searched:1/5, SearchCost:0.00, BestProfit:0.03@F4) → Purchase F4",0.01
5,10,C18,True,"yes, reduction in search cost outweighs small privacy cost",0,"### Decision:
I'll **purchase Firm 0** (choose number 0) because:  
- The potential profit (0.39) is positive and substantial compared to zero search cost so far.  
- Further searching costs (0.02) may reduce net profit and is unlikely to yield significantly better options.","C18 Search #1 (Searched:1/5, SearchCost:0.00, BestProfit:0.39@F0) → Purchase F0",0.34
5,10,C19,True,"yes, sharing data reduces search cost and improves recommendation quality, outweighing the small privacy cost.",1,"### Decision:
I'll **purchase Firm 1** (choose number 1) because:  
- It offers positive profit (0.04).  
- Additional search cost (0.02) may outweigh potential gains from searching more.","C19 Search #1 (Searched:1/5, SearchCost:0.00, BestProfit:0.04@F1) → Purchase F1",-0.01
5,10,C20,True,"yes, sharing data reduces search costs significantly with 5 firms.",1,"### Decision:
I'll **purchase Firm 1** (choose number 1) because: 
- Positive profit (0.38) already found
- Further search cost (0.02) may reduce total revenue","C20 Search #1 (Searched:1/5, SearchCost:0.00, BestProfit:0.38@F1) → Purchase F1",0.33
6,1,C1,True,"yes, because personalized recommendations will significantly reduce search costs with 6 firms.",0,"### Decision:
I'll **purchase Firm 0** (choose number 0) because: 
- The profit from Firm 0 is positive (0.38).
- Searching more firms costs 0.02 per search, which may reduce net profit below zero.
- The first search is free and already reveals a good deal.","C1 Search #1 (Searched:1/6, SearchCost:0.00, BestProfit:0.38@F0) → Purchase F0",0.34
6,1,C2,True,"yes, because sharing data reduces search cost significantly with 6 firms.",2,"### Decision:
I'll **purchase Firm 2** (choose number 2) because:  
- Positive profit (0.38) already found  
- Further search costs (0.02) may reduce net revenue  
- First search is free, and current offer is good enough","C2 Search #1 (Searched:1/6, SearchCost:0.00, BestProfit:0.38@F2) → Purchase F2",0.33
6,1,C3,True,"yes, because personalized recommendations with 6 firms will significantly reduce search costs.",-1,"### Decision:
I'll **leave** (choose number -1) because:  
- Both searched firms yield negative profit.  
- Additional search cost may exceed potential gains given low net profit margin.","C3 Search #1 (Searched:1/6, SearchCost:0.00, BestProfit:-0.09@F5) → Search Next; C3 Search #2 (Searched:2/6, SearchCost:0.02, BestProfit:-0.09@F5) → Leave Market",-0.06
6,1,C4,True,"Yes, because sharing data reduces search costs significantly with 6 firms, outweighing the small privacy cost.",0,"### Decision:
I'll **purchase Firm 0** (choose number 0) because: 
- The potential profit (0.37) is positive and significant compared to search cost (0.02).
- Further searching costs 0.02 per search and may not yield better profit exceeding privacy cost (0.045) and search cost.","C4 Search #1 (Searched:1/6, SearchCost:0.00, BestProfit:0.37@F0) → Purchase F0",0.32
6,1,C5,True,"Yes, because sharing data reduces search cost significantly with 6 firms.",2,"### Decision:
I'll **purchase Firm 2** (choose number 2) because: 
- Positive profit of 0.23 is available
- No search cost incurred yet, so buying now maximizes revenue","C5 Search #1 (Searched:1/6, SearchCost:0.00, BestProfit:0.23@F2) → Purchase F2",0.19
6,1,C6,True,"yes, because with 6 firms, personalized recommendations will significantly reduce search cost, outweighing the small privacy value.",3,"### Decision:
I'll **purchase Firm 3** because: 
- Positive profit (0.32) already found
- Additional search costs (0.02) reduce net gain and risk no better deal","C6 Search #1 (Searched:1/6, SearchCost:0.00, BestProfit:0.32@F3) → Purchase F3",0.29
6,1,C7,True,"yes, reduced search cost outweighs small privacy value",5,"### Decision:
I'll **purchase Firm 5** because:  
- Positive profit of 0.27 is good  
- Further search costs 0.02 and profit margin is less than 1, so cautious to continue searching","C7 Search #1 (Searched:1/6, SearchCost:0.00, BestProfit:0.27@F5) → Purchase F5",0.23
6,1,C8,True,"yes, because personalized recommendations will reduce search costs significantly.",0,"### Decision:
I'll **purchase Firm 0** (choose number 0) because:  
- The profit is positive (0.04), so buying now yields positive net revenue.  
- Further searching costs 0.02, which might reduce net revenue below zero.","C8 Search #1 (Searched:1/6, SearchCost:0.00, BestProfit:0.04@F0) → Purchase F0",-0.01
6,1,C9,True,"yes, the reduction in search cost from personalized recommendations outweighs the small privacy cost.",0,"### Decision:
I'll **purchase Firm 0** (choose number 0) because:  
- Positive profit (0.26) already found  
- Further search costs (0.02) may outweigh potential gains","C9 Search #1 (Searched:1/6, SearchCost:0.00, BestProfit:0.26@F0) → Purchase F0",0.21
6,1,C10,True,"yes, because personalized recommendations will reduce search cost significantly with 6 firms.",3,"### Decision:
I'll **purchase Firm 3** (choose number 3) because: 
- Positive profit of 0.4 is good enough given search cost and privacy value.
- Further search costs 0.02, which may reduce net revenue below zero.","C10 Search #1 (Searched:1/6, SearchCost:0.00, BestProfit:0.40@F3) → Purchase F3",0.36
6,1,C11,True,"yes, because personalized recommendations will significantly reduce search costs with 6 firms.",2,"### Decision:
I'll **purchase Firm 2** because: 
- The potential profit (0.27) is positive and exceeds the search cost of further searches.
- Additional search costs (0.02) may reduce total profit below zero, so buying now is rational.","C11 Search #1 (Searched:1/6, SearchCost:0.00, BestProfit:0.27@F2) → Purchase F2",0.23
6,1,C12,True,"yes, because personalized recommendations will reduce search costs significantly with 6 firms.",1,"### Decision:
I'll **purchase Firm 1** (choose number 1) because:  
- Positive profit of 0.26 is already found  
- Further search costs 0.02 and may not yield better profit given diminishing returns","C12 Search #1 (Searched:1/6, SearchCost:0.00, BestProfit:0.26@F1) → Purchase F1",0.22
6,1,C13,True,"Yes, because sharing data reduces search costs significantly with 6 firms, outweighing the small privacy cost.",5,"### Decision:
I'll **purchase Firm 5** (choose number 5) because: 
- Positive profit (0.11) is already found
- Additional search cost (0.02) may reduce total revenue","C13 Search #1 (Searched:1/6, SearchCost:0.00, BestProfit:0.11@F5) → Purchase F5",0.08
6,1,C14,True,"yes, because the reduction in search cost from personalized recommendations outweighs the small privacy cost.",4,"### Decision:
I'll **purchase Firm 4** because: 
- Positive profit (0.39) from the first search
- No additional search cost incurred yet","C14 Search #1 (Searched:1/6, SearchCost:0.00, BestProfit:0.39@F4) → Purchase F4",0.35
6,1,C15,True,"yes, because sharing data reduces search cost significantly with 6 firms.",5,"### Decision:
I'll **purchase Firm 5** (choose number 5) because: 
- Positive profit of 0.3 is good
- Additional search costs (0.02) may reduce net gain below zero","C15 Search #1 (Searched:1/6, SearchCost:0.00, BestProfit:0.30@F5) → Purchase F5",0.26
6,1,C16,True,"yes, because personalized recommendations will significantly reduce search costs with 6 firms.",-1,"### Decision:
I'll **leave** (choose number -1) because:  
- No firm searched so far offers positive profit.  
- Additional search costs (0.02) may outweigh potential gains given low valuations.","C16 Search #1 (Searched:1/6, SearchCost:0.00, BestProfit:0.00@F2) → Search Next; C16 Search #2 (Searched:2/6, SearchCost:0.02, BestProfit:0.00@F2) → Leave Market",-0.06
6,1,C17,True,"yes, because sharing data reduces search cost significantly with many firms.",0,"### Decision:
I'll **purchase Firm 0** (choose number 0) because: 
- Positive profit (0.34) is already available
- Additional search costs (0.02) may reduce net revenue below zero given small profit margin","C17 Search #1 (Searched:1/6, SearchCost:0.00, BestProfit:0.34@F0) → Purchase F0",0.3
6,1,C18,True,"yes, because personalized recommendations will reduce search cost significantly with 6 firms.",5,"### Decision:
I'll **purchase Firm 5** (choose number 5) because: 
- The potential profit (0.34) is positive and reasonably high.
- Searching more firms will cost 0.02 each, reducing net profit and may not yield much better offers.","C18 Search #1 (Searched:1/6, SearchCost:0.00, BestProfit:0.34@F5) → Purchase F5",0.29
6,1,C19,True,"yes, because sharing data reduces search costs significantly with 6 firms, outweighing the small privacy cost.",5,"### Decision:
I'll **purchase Firm 5** because: 
- Positive profit (0.29) is available from the searched firm
- Further search costs (0.02) may reduce net revenue and are not justified given current positive profit","C19 Search #1 (Searched:1/6, SearchCost:0.00, BestProfit:0.29@F5) → Purchase F5",0.25
6,1,C20,True,"yes, because sharing data reduces search cost significantly with many firms.",3,"### Decision:
I'll **purchase Firm 3** (choose number 3) because: 
- The potential profit (0.31) is positive and reasonably high.
- Further search costs (0.02) might reduce net revenue and risk not finding better deals.","C20 Search #1 (Searched:1/6, SearchCost:0.00, BestProfit:0.31@F3) → Purchase F3",0.27
6,2,C1,True,"yes, because personalized recommendations will reduce search costs significantly with 6 firms.",0,"### Decision:
I'll **purchase Firm 0** (choose number 0) because: 
- The profit (0.33) is positive after price and valuation.
- Searching more firms costs 0.02 per search, which may reduce net profit below zero.
- The first search is free and already reveals a good deal.","C1 Search #1 (Searched:1/6, SearchCost:0.00, BestProfit:0.33@F0) → Purchase F0",0.29
6,2,C2,True,"yes, because sharing data reduces search cost significantly with 6 firms.",2,"### Decision:
I'll **purchase Firm 2** (choose number 2) because:  
- Positive profit (0.33) found  
- Further search cost (0.02) may reduce net revenue  
- First search is free and current offer is good enough","C2 Search #1 (Searched:1/6, SearchCost:0.00, BestProfit:0.33@F2) → Purchase F2",0.28
6,2,C3,True,"yes, because personalized recommendations with 6 firms will significantly reduce search costs.",-1,"### Decision:
I'll **leave** (choose number -1) because:  
- Current firm offers negative profit (-0.19)  
- Additional search cost may exceed potential gains given low net profit margin","C3 Search #1 (Searched:1/6, SearchCost:0.00, BestProfit:-0.19@F5) → Leave Market",-0.04
6,2,C4,True,"yes, sharing reduces search cost significantly with 6 firms, outweighing small privacy cost.",0,"### Decision:
I'll **purchase Firm 0** (choose number 0) because:  
- The potential profit (0.32) is positive and outweighs the search cost (0.02).  
- Further searching risks additional costs that may not increase profit beyond privacy cost.","C4 Search #1 (Searched:1/6, SearchCost:0.00, BestProfit:0.32@F0) → Purchase F0",0.28
6,2,C5,True,"yes, sharing data reduces search cost significantly with 6 firms.",2,"### Decision:
I'll **purchase Firm 2** (choose number 2) because: 
- Positive profit of 0.18 is available
- Searching more costs 0.02, which may reduce total revenue given the modest profit","C5 Search #1 (Searched:1/6, SearchCost:0.00, BestProfit:0.18@F2) → Purchase F2",0.14
6,2,C6,True,"yes, personalized recommendations will reduce search cost significantly, outweighing small privacy value.",3,"### Decision:
I'll **purchase Firm 3** (choose number 3) because:  
- Positive profit (0.22) found  
- Additional search cost (0.02) may outweigh potential gain","C6 Search #1 (Searched:1/6, SearchCost:0.00, BestProfit:0.22@F3) → Purchase F3",0.19
6,2,C7,True,"yes, reduced search cost outweighs small privacy value",5,"### Decision:
I'll **purchase Firm 5** (choose number 5) because:  
- Positive profit of 0.17 is good  
- Further search costs 0.02 and profit margin is less than 1, so cautious to continue searching","C7 Search #1 (Searched:1/6, SearchCost:0.00, BestProfit:0.17@F5) → Purchase F5",0.13
6,2,C8,True,"yes, because personalized recommendations will reduce search costs significantly.",-1,"### Decision:
I'll **leave** (choose number -1) because:  
- The only searched firm offers negative profit (-0.01).  
- Further search costs 0.02, which will increase loss.  
- No positive profit opportunity found so far.","C8 Search #1 (Searched:1/6, SearchCost:0.00, BestProfit:-0.01@F0) → Leave Market",-0.05
6,2,C9,True,"yes, the reduction in search cost from personalized recommendations outweighs the small privacy cost",0,"### Decision:
I'll **purchase Firm 0** (choose number 0) because:  
- Positive profit (0.21) already found  
- Further search cost (0.02) may outweigh potential gains","C9 Search #1 (Searched:1/6, SearchCost:0.00, BestProfit:0.21@F0) → Purchase F0",0.16
6,2,C10,True,"yes, personalized recommendations will reduce search cost significantly with 6 firms.",3,"### Decision:
I'll **purchase Firm 3** (choose number 3) because:  
- Positive profit of 0.3 is good enough given search cost and privacy value.  
- Further search costs 0.02, which may reduce net revenue below zero.","C10 Search #1 (Searched:1/6, SearchCost:0.00, BestProfit:0.30@F3) → Purchase F3",0.26
6,2,C11,True,"yes, personalized recommendations will reduce search costs significantly with 6 firms.",2,"### Decision:
I'll **purchase Firm 2** (choose number 2) because:  
- The potential profit (0.22) is positive and exceeds the search cost of further searches.  
- Additional search cost (0.02) may reduce total profit below zero, so buying now is rational.","C11 Search #1 (Searched:1/6, SearchCost:0.00, BestProfit:0.22@F2) → Purchase F2",0.18
6,2,C12,True,"yes, because personalized recommendations will reduce search costs significantly with 6 firms",1,"### Decision:
I'll **purchase Firm 1** (choose number 1) because:  
- Positive profit of 0.21 is found  
- Further search costs 0.02 may not yield better profit given current valuation-price gap","C12 Search #1 (Searched:1/6, SearchCost:0.00, BestProfit:0.21@F1) → Purchase F1",0.17
6,2,C13,True,"yes, sharing data reduces search costs significantly with 6 firms, outweighing the small privacy cost.",5,"### Decision:
I'll **purchase Firm 5** (choose number 5) because:  
- Positive profit (0.01) found  
- Additional search cost (0.02) may reduce total revenue","C13 Search #1 (Searched:1/6, SearchCost:0.00, BestProfit:0.01@F5) → Purchase F5",-0.02
6,2,C14,True,"yes, because the reduction in search cost from personalized recommendations outweighs the small privacy cost",4,"### Decision:
I'll **purchase Firm 4** (choose number 4) because:  
- Positive profit (0.29) already found  
- Additional search cost (0.02) may outweigh potential gain","C14 Search #1 (Searched:1/6, SearchCost:0.00, BestProfit:0.29@F4) → Purchase F4",0.25
6,2,C15,True,"yes, because sharing data reduces search cost significantly with 6 firms.",5,"### Decision:
I'll **purchase Firm 5** (choose number 5) because: 
- Positive profit of 0.2 is good 
- Additional search cost of 0.02 may reduce net gain below zero","C15 Search #1 (Searched:1/6, SearchCost:0.00, BestProfit:0.20@F5) → Purchase F5",0.16
6,2,C16,True,"yes, because personalized recommendations will reduce search costs significantly with 6 firms.",-1,"### Decision:
I'll **leave** (choose number -1) because:  
- No searched firm offers positive profit  
- Additional search cost may outweigh potential gains","C16 Search #1 (Searched:1/6, SearchCost:0.00, BestProfit:-0.05@F2) → Search Next; C16 Search #2 (Searched:2/6, SearchCost:0.02, BestProfit:-0.05@F2) → Leave Market",-0.06
6,2,C17,True,"yes, sharing data reduces search cost significantly with many firms.",0,"### Decision:
I'll **purchase Firm 0** (choose number 0) because:  
- Positive profit (0.29) is already available  
- Additional search cost (0.02) may reduce net revenue below zero given small profit margin","C17 Search #1 (Searched:1/6, SearchCost:0.00, BestProfit:0.29@F0) → Purchase F0",0.25
6,2,C18,True,"yes, personalized recommendations will reduce search cost significantly with 6 firms.",5,"### Decision:
I'll **purchase Firm 5** (choose number 5) because:  
- The potential profit (0.24) is positive.  
- Additional search cost (0.02) may reduce net profit below zero.","C18 Search #1 (Searched:1/6, SearchCost:0.00, BestProfit:0.24@F5) → Purchase F5",0.19
6,2,C19,True,"yes, because sharing data reduces search costs significantly with 6 firms, outweighing the small privacy cost.",5,"### Decision:
I'll **purchase Firm 5** (choose number 5) because:  
- Positive profit (0.19) is available  
- Additional search cost (0.02) may reduce net revenue and is not justified given current positive profit","C19 Search #1 (Searched:1/6, SearchCost:0.00, BestProfit:0.19@F5) → Purchase F5",0.15
6,2,C20,True,"yes, sharing data reduces search cost significantly with many firms.",3,"### Decision:
I'll **purchase Firm 3** (choose number 3) because: 
- The potential profit (0.21) is positive
- Further search cost (0.02) may reduce net revenue and risk no better deal","C20 Search #1 (Searched:1/6, SearchCost:0.00, BestProfit:0.21@F3) → Purchase F3",0.17
6,3,C1,True,"yes, because personalized recommendations will significantly reduce search costs with 6 firms.",0,"### Decision:
I'll **purchase Firm 0** (choose number 0) because: 
- The profit (0.38) is positive.
- Additional search costs (0.02) may reduce net profit below zero.","C1 Search #1 (Searched:1/6, SearchCost:0.00, BestProfit:0.38@F0) → Purchase F0",0.34
6,3,C2,True,"yes, because sharing data reduces search cost significantly with 6 firms.",2,"### Decision:
I'll **purchase Firm 2** (choose number 2) because:  
- Positive profit (0.28) found  
- Further search cost (0.02) may reduce net revenue","C2 Search #1 (Searched:1/6, SearchCost:0.00, BestProfit:0.28@F2) → Purchase F2",0.23
6,3,C3,True,"yes, because personalized recommendations with 6 firms will significantly reduce search costs.",-1,"### Decision:
I'll **leave** (choose number -1) because:  
- The only searched firm offers negative profit (-0.24)  
- Additional search cost may exceed potential gains given low net profit margin","C3 Search #1 (Searched:1/6, SearchCost:0.00, BestProfit:-0.24@F5) → Leave Market",-0.04
6,3,C4,True,"yes, because sharing data reduces search costs significantly, outweighing the small privacy cost.",0,"### Decision:
I'll **purchase Firm 0** (choose number 0) because:  
- The potential profit (0.37) is positive and outweighs the search cost.  
- Further search costs 0.02 and may not yield better profit beyond privacy cost.","C4 Search #1 (Searched:1/6, SearchCost:0.00, BestProfit:0.37@F0) → Purchase F0",0.32
6,3,C5,True,"yes, sharing reduces search cost significantly with 6 firms.",2,"### Decision:
I'll **purchase Firm 2** (choose number 2) because:  
- Positive profit of 0.13 is available  
- Searching more costs 0.02, which may reduce total revenue given the modest profit","C5 Search #1 (Searched:1/6, SearchCost:0.00, BestProfit:0.13@F2) → Purchase F2",0.09
6,3,C6,True,"yes, personalized recommendations will reduce search cost significantly, outweighing small privacy value.",3,"### Decision:
I'll **purchase Firm 3** (choose number 3) because:  
- Positive profit (0.12) found  
- Additional search cost (0.02) may outweigh potential gain","C6 Search #1 (Searched:1/6, SearchCost:0.00, BestProfit:0.12@F3) → Purchase F3",0.09
6,3,C7,True,"yes, reduced search cost outweighs small privacy value",5,"### Decision:
I'll **purchase Firm 5** (choose number 5) because:  
- Positive profit of 0.12 is good  
- Further search costs 0.02 and profit margin is less than 1, so cautious to continue searching","C7 Search #1 (Searched:1/6, SearchCost:0.00, BestProfit:0.12@F5) → Purchase F5",0.08
6,3,C8,True,"yes, personalized recommendations will reduce search costs significantly.",0,"### Decision:
I'll **purchase Firm 0** (choose number 0) because: 
- The profit is positive (0.04), so buying now yields positive net revenue. 
- Further searching costs 0.02, which might reduce net revenue below zero.","C8 Search #1 (Searched:1/6, SearchCost:0.00, BestProfit:0.04@F0) → Purchase F0",-0.01
6,3,C9,True,"yes, the reduction in search cost from personalized recommendations outweighs the small privacy cost",0,"### Decision:
I'll **purchase Firm 0** (choose number 0) because:  
- Positive profit (0.26) already found  
- Further search cost (0.02) may outweigh potential gains","C9 Search #1 (Searched:1/6, SearchCost:0.00, BestProfit:0.26@F0) → Purchase F0",0.21
6,3,C10,True,"yes, personalized recommendations reduce search cost significantly with 6 firms.",3,"### Decision:
I'll **purchase Firm 3** (choose number 3) because:  
- Positive profit of 0.2 is good enough given search cost and privacy value.  
- Further search cost of 0.02 may reduce net revenue below zero.","C10 Search #1 (Searched:1/6, SearchCost:0.00, BestProfit:0.20@F3) → Purchase F3",0.16
6,3,C11,True,"yes, personalized recommendations will reduce search costs significantly with 6 firms.",2,"### Decision:
I'll **purchase Firm 2** (choose number 2) because:  
- The potential profit (0.17) is positive and exceeds the search cost of further searches.  
- Additional search cost (0.02) may reduce total profit below zero, so buying now is rational.","C11 Search #1 (Searched:1/6, SearchCost:0.00, BestProfit:0.17@F2) → Purchase F2",0.13
6,3,C12,True,"yes, because personalized recommendations will reduce search costs significantly with 6 firms.",1,"### Decision:
I'll **purchase Firm 1** (choose number 1) because:  
- Positive profit of 0.16 is found  
- Further search costs 0.02 may not yield better profit given small margin","C12 Search #1 (Searched:1/6, SearchCost:0.00, BestProfit:0.16@F1) → Purchase F1",0.12
6,3,C13,True,"yes, because sharing data reduces search costs significantly with 6 firms, outweighing the small privacy cost.",-1,"### Decision:
I'll **leave** (choose number -1) because:  
- The only searched firm has negative profit (-0.04)  
- Additional search cost may not be justified given low valuation and privacy cost already paid","C13 Search #1 (Searched:1/6, SearchCost:0.00, BestProfit:-0.04@F5) → Leave Market",-0.03
6,3,C14,True,"yes, because personalized recommendations reduce search cost significantly, outweighing the small privacy cost.",4,"### Decision:
I'll **purchase Firm 4** (choose number 4) because: 
- Positive profit (0.24) found
- Additional search cost (0.02) may outweigh potential gain","C14 Search #1 (Searched:1/6, SearchCost:0.00, BestProfit:0.24@F4) → Purchase F4",0.2
6,3,C15,True,"yes, because sharing data reduces search cost significantly with 6 firms.",5,"### Decision:
I'll **purchase Firm 5** (choose number 5) because: 
- Positive profit of 0.15 is good 
- Additional search cost of 0.02 may reduce net gain below zero","C15 Search #1 (Searched:1/6, SearchCost:0.00, BestProfit:0.15@F5) → Purchase F5",0.11
6,3,C16,True,"yes, because personalized recommendations will reduce search costs significantly with 6 firms.",-1,"### Decision:
I'll **leave** (choose number -1) because:  
- No searched firm offers positive profit  
- Additional search cost may outweigh potential gains","C16 Search #1 (Searched:1/6, SearchCost:0.00, BestProfit:-0.10@F2) → Search Next; C16 Search #2 (Searched:2/6, SearchCost:0.02, BestProfit:-0.10@F2) → Leave Market",-0.06
6,3,C17,True,"yes, because sharing data reduces search cost significantly with many firms.",0,"### Decision:
I'll **purchase Firm 0** (choose number 0) because:  
- Positive profit (0.34) is already available  
- Additional search cost (0.02) may reduce net revenue below zero given small profit margin","C17 Search #1 (Searched:1/6, SearchCost:0.00, BestProfit:0.34@F0) → Purchase F0",0.3
6,3,C18,True,"yes, personalized recommendations reduce search cost significantly with 6 firms.",5,"### Decision:
I'll **purchase Firm 5** (choose number 5) because:  
- The potential profit (0.19) is positive.  
- Additional search cost (0.02) may reduce net profit below zero.","C18 Search #1 (Searched:1/6, SearchCost:0.00, BestProfit:0.19@F5) → Purchase F5",0.14
6,3,C19,True,"yes, because sharing data reduces search costs significantly with 6 firms, outweighing the small privacy cost.",5,"### Decision:
I'll **purchase Firm 5** (choose number 5) because:  
- Positive profit (0.14) is available  
- Additional search cost (0.02) may reduce net revenue and is not justified given current positive profit","C19 Search #1 (Searched:1/6, SearchCost:0.00, BestProfit:0.14@F5) → Purchase F5",0.1
6,3,C20,True,"yes, because sharing data reduces search cost significantly with many firms.",3,"### Decision:
I'll **purchase Firm 3** (choose number 3) because: 
- The potential profit (0.11) is positive
- Further search cost (0.02) may reduce net revenue and risk no better deal","C20 Search #1 (Searched:1/6, SearchCost:0.00, BestProfit:0.11@F3) → Purchase F3",0.07
6,4,C1,True,"yes, personalized recommendations reduce search costs significantly with 6 firms.",0,"### Decision:
I'll **purchase Firm 0** (choose number 0) because:  
- The profit (0.33) is positive.  
- Searching costs 0.02 may reduce net profit below zero.  
- First search is free and already reveals a good deal.","C1 Search #1 (Searched:1/6, SearchCost:0.00, BestProfit:0.33@F0) → Purchase F0",0.29
6,4,C2,True,"yes, because sharing data significantly reduces search cost with 6 firms.",2,"### Decision:
I'll **purchase Firm 2** (choose number 2) because:  
- Positive profit (0.23) found  
- Further search cost (0.02) may reduce net revenue  
- First search is free and current offer is good enough","C2 Search #1 (Searched:1/6, SearchCost:0.00, BestProfit:0.23@F2) → Purchase F2",0.18
6,4,C3,True,"yes, because personalized recommendations with 6 firms will significantly reduce search costs.",-1,"### Decision:
I'll **leave** (choose number -1) because:  
- The only searched firm offers negative profit (-0.19)  
- Additional search cost may exceed potential gains given low net profit margin","C3 Search #1 (Searched:1/6, SearchCost:0.00, BestProfit:-0.19@F5) → Leave Market",-0.04
6,4,C4,True,"yes, sharing reduces search costs significantly and outweighs the small privacy cost.",0,"### Decision:
I'll **purchase Firm 0** (choose number 0) because:  
- The potential profit (0.32) is positive and outweighs the search cost.  
- Further search costs 0.02 and may not yield better profit beyond privacy cost.","C4 Search #1 (Searched:1/6, SearchCost:0.00, BestProfit:0.32@F0) → Purchase F0",0.28
6,4,C5,True,"yes, because sharing data significantly reduces search cost with 6 firms.",2,"### Decision:
I'll **purchase Firm 2** (choose number 2) because:  
- Positive profit of 0.08 is available  
- Searching more costs 0.02, which may reduce total revenue given the modest profit","C5 Search #1 (Searched:1/6, SearchCost:0.00, BestProfit:0.08@F2) → Purchase F2",0.04
6,4,C6,True,"yes, personalized recommendations significantly reduce search cost, outweighing small privacy value.",3,"### Decision:
I'll **purchase Firm 3** (choose number 3) because:  
- Positive profit (0.02) found  
- Additional search cost (0.02) may outweigh potential gain","C6 Search #1 (Searched:1/6, SearchCost:0.00, BestProfit:0.02@F3) → Purchase F3",-0.01
6,4,C7,True,"yes, reduced search cost outweighs small privacy value",5,"### Decision:
I'll **purchase Firm 5** (choose number 5) because:  
- Positive profit of 0.17 is good  
- Further search costs 0.02 and profit margin is less than 1, so cautious to continue searching","C7 Search #1 (Searched:1/6, SearchCost:0.00, BestProfit:0.17@F5) → Purchase F5",0.13
6,4,C8,True,"yes, personalized recommendations will reduce search costs significantly.",-1,"### Decision:
I'll **leave** (choose number -1) because:  
- The only searched firm offers negative profit (-0.01).  
- Further search costs 0.02, increasing expected loss.","C8 Search #1 (Searched:1/6, SearchCost:0.00, BestProfit:-0.01@F0) → Leave Market",-0.05
6,4,C9,True,"yes, the reduction in search cost from personalized recommendations outweighs the small privacy cost",0,"### Decision:
I'll **purchase Firm 0** (choose number 0) because:  
- Positive profit (0.21) already found  
- Further search cost (0.02) may outweigh potential gains","C9 Search #1 (Searched:1/6, SearchCost:0.00, BestProfit:0.21@F0) → Purchase F0",0.16
6,4,C10,True,"yes, personalized recommendations significantly reduce search cost with 6 firms.",3,"### Decision:
I'll **purchase Firm 3** (choose number 3) because:  
- Positive profit of 0.1 is better than zero net revenue from searching more.  
- Further search cost of 0.02 may reduce net revenue below zero given low profit margin.","C10 Search #1 (Searched:1/6, SearchCost:0.00, BestProfit:0.10@F3) → Purchase F3",0.06
6,4,C11,True,"yes, because personalized recommendations will significantly reduce search costs with 6 firms.",2,"### Decision:
I'll **purchase Firm 2** (choose number 2) because:  
- The potential profit (0.12) is positive and exceeds the cost of further searches.  
- Additional search cost (0.02) may reduce total profit below zero, so buying now is rational.","C11 Search #1 (Searched:1/6, SearchCost:0.00, BestProfit:0.12@F2) → Purchase F2",0.08
6,4,C12,True,"yes, personalized recommendations significantly reduce search costs with 6 firms.",1,"### Decision:
I'll **purchase Firm 1** (choose number 1) because:  
- Positive profit of 0.11 is found  
- Further search costs 0.02 may not yield better profit given small margin and privacy cost","C12 Search #1 (Searched:1/6, SearchCost:0.00, BestProfit:0.11@F1) → Purchase F1",0.07
6,4,C13,True,"yes, because sharing data reduces search costs significantly with 6 firms, outweighing the small privacy cost.",5,"### Decision:
I'll **purchase Firm 5** (choose number 5) because:  
- Positive profit (0.01) is found  
- Additional search cost (0.02) may reduce total revenue","C13 Search #1 (Searched:1/6, SearchCost:0.00, BestProfit:0.01@F5) → Purchase F5",-0.02
6,4,C14,True,"yes, because personalized recommendations reduce search costs more than the small privacy cost",4,"### Decision:
I'll **purchase Firm 4** (choose number 4) because:  
- Positive profit (0.19) found  
- Additional search cost (0.02) may outweigh potential gain","C14 Search #1 (Searched:1/6, SearchCost:0.00, BestProfit:0.19@F4) → Purchase F4",0.15
6,4,C15,True,"yes, because sharing data reduces search cost significantly with 6 firms.",5,"### Decision:
I'll **purchase Firm 5** (choose number 5) because:  
- Positive profit of 0.2 is good  
- Additional search cost of 0.02 may reduce net gain below zero","C15 Search #1 (Searched:1/6, SearchCost:0.00, BestProfit:0.20@F5) → Purchase F5",0.16
6,4,C16,True,"yes, because personalized recommendations will reduce search costs significantly with 6 firms.",-1,"### Decision:
I'll **leave** (choose number -1) because:  
- No searched firm offers positive profit  
- Additional search cost may outweigh potential gains","C16 Search #1 (Searched:1/6, SearchCost:0.00, BestProfit:-0.15@F2) → Search Next; C16 Search #2 (Searched:2/6, SearchCost:0.02, BestProfit:-0.15@F2) → Leave Market",-0.06
6,4,C17,True,"yes, sharing data reduces search cost significantly with many firms.",0,"### Decision:
I'll **purchase Firm 0** (choose number 0) because:  
- Positive profit (0.29) is available  
- Additional search cost (0.02) risks reducing net revenue below zero given small profit margin","C17 Search #1 (Searched:1/6, SearchCost:0.00, BestProfit:0.29@F0) → Purchase F0",0.25
6,4,C18,True,"yes, personalized recommendations reduce search cost significantly with 6 firms.",5,"### Decision:
I'll **purchase Firm 5** (choose number 5) because:  
- The potential profit (0.24) is positive.  
- Additional search cost (0.02) may reduce net profit below zero.","C18 Search #1 (Searched:1/6, SearchCost:0.00, BestProfit:0.24@F5) → Purchase F5",0.19
6,4,C19,True,"yes, sharing data reduces search costs significantly and outweighs the small privacy cost.",5,"### Decision:
I'll **purchase Firm 5** (choose number 5) because:  
- Positive profit (0.19) is available  
- Additional search cost (0.02) may reduce net revenue and is not justified given current positive profit","C19 Search #1 (Searched:1/6, SearchCost:0.00, BestProfit:0.19@F5) → Purchase F5",0.15
6,4,C20,True,"yes, because sharing data reduces search cost significantly with many firms.",3,"### Decision:
I'll **purchase Firm 3** (choose number 3) because:  
- The potential profit (0.01) is positive, though small.  
- Further search cost (0.02) may exceed potential profit and reduce net revenue.","C20 Search #1 (Searched:1/6, SearchCost:0.00, BestProfit:0.01@F3) → Purchase F3",-0.03
6,5,C1,True,"yes, personalized recommendations significantly reduce search costs with 6 firms.",0,"### Decision:
I'll **purchase Firm 0** (choose number 0) because:  
- The profit (0.38) is positive.  
- Additional search costs (0.02) may reduce net profit below zero.  
- The first search is free and already reveals a good deal.","C1 Search #1 (Searched:1/6, SearchCost:0.00, BestProfit:0.38@F0) → Purchase F0",0.34
6,5,C2,True,"yes, because sharing data significantly reduces search cost with 6 firms.",2,"### Decision:
I'll **purchase Firm 2** (choose number 2) because:  
- Positive profit (0.18) found  
- Further search cost (0.02) may reduce net revenue  
- First search is free and current offer is good enough","C2 Search #1 (Searched:1/6, SearchCost:0.00, BestProfit:0.18@F2) → Purchase F2",0.13
6,5,C3,True,"yes, because personalized recommendations with 6 firms will significantly reduce search costs.",-1,"### Decision:
I'll **leave** (choose number -1) because:  
- The only searched firm offers negative profit (-0.24)  
- Additional search cost may exceed potential gains given low net profit margin","C3 Search #1 (Searched:1/6, SearchCost:0.00, BestProfit:-0.24@F5) → Leave Market",-0.04
6,5,C4,True,"yes, sharing reduces search costs significantly and outweighs the small privacy cost.",0,"### Decision:
I'll **purchase Firm 0** (choose number 0) because:  
- The potential profit (0.37) is positive and outweighs the search cost (0.02).  
- Further searching risks additional costs without guaranteed better profit beyond privacy cost.","C4 Search #1 (Searched:1/6, SearchCost:0.00, BestProfit:0.37@F0) → Purchase F0",0.32
6,5,C5,True,"yes, sharing reduces search cost significantly with 6 firms.",2,"### Decision:
I'll **purchase Firm 2** (choose number 2) because:  
- Positive profit of 0.03 is available  
- Searching more costs 0.02, which may reduce total revenue given the small profit","C5 Search #1 (Searched:1/6, SearchCost:0.00, BestProfit:0.03@F2) → Purchase F2",-0.01
6,5,C6,True,"yes, personalized recommendations will reduce search cost significantly, outweighing small privacy value.",-1,"### Decision:
I'll **leave** (choose number -1) because:  
- No positive profit found so far (profit is -0.08)  
- Further search costs (0.02) may not be justified given low valuation and high price","C6 Search #1 (Searched:1/6, SearchCost:0.00, BestProfit:-0.08@F3) → Leave Market",-0.03
6,5,C7,True,"yes, reduced search cost outweighs small privacy value",5,"### Decision:
I'll **purchase Firm 5** (choose number 5) because:  
- Positive profit of 0.12 is good  
- Further search costs 0.02 and profit margin is less than 1, so cautious to continue searching","C7 Search #1 (Searched:1/6, SearchCost:0.00, BestProfit:0.12@F5) → Purchase F5",0.08
6,5,C8,True,"yes, personalized recommendations will reduce search costs significantly and improve decision efficiency.",0,"### Decision:
I'll **purchase Firm 0** (choose number 0) because:  
- The profit is positive (0.04), yielding positive net revenue.  
- Further search costs 0.02 may reduce net revenue below zero.","C8 Search #1 (Searched:1/6, SearchCost:0.00, BestProfit:0.04@F0) → Purchase F0",-0.01
6,5,C9,True,"yes, the reduction in search cost from personalized recommendations outweighs the small privacy cost",0,"### Decision:
I'll **purchase Firm 0** (choose number 0) because:  
- Positive profit (0.26) already found  
- Further search cost (0.02) may outweigh potential gains","C9 Search #1 (Searched:1/6, SearchCost:0.00, BestProfit:0.26@F0) → Purchase F0",0.21
6,5,C10,True,"yes, personalized recommendations will reduce search cost significantly with 6 firms.",-1,"### Decision:
I'll **leave** (choose number -1) because:  
- No positive profit from searched firm (profit = 0.0).  
- Searching another firm costs 0.02, likely reducing net revenue below zero.","C10 Search #1 (Searched:1/6, SearchCost:0.00, BestProfit:0.00@F3) → Leave Market",-0.04
6,5,C11,True,"yes, personalized recommendations will reduce search costs significantly with 6 firms.",2,"### Decision:
I'll **purchase Firm 2** (choose number 2) because:  
- The potential profit (0.07) is positive and exceeds search cost of further searches.  
- Additional search cost (0.02) may reduce total profit below zero, so buying now is rational.","C11 Search #1 (Searched:1/6, SearchCost:0.00, BestProfit:0.07@F2) → Purchase F2",0.03
6,5,C12,True,"yes, personalized recommendations will significantly reduce search costs with 6 firms.",1,"### Decision:
I'll **purchase Firm 1** (choose number 1) because:  
- Positive profit of 0.06 is found  
- Further search costs 0.02 may not yield better profit given small margin and privacy cost","C12 Search #1 (Searched:1/6, SearchCost:0.00, BestProfit:0.06@F1) → Purchase F1",0.02
6,5,C13,True,"yes, because sharing data reduces search costs significantly with 6 firms, outweighing the small privacy cost.",-1,"### Decision:
I'll **leave** (choose number -1) because: 
- The only searched firm has negative profit (-0.04) 
- Additional search cost may not be justified given low valuation and privacy cost already paid","C13 Search #1 (Searched:1/6, SearchCost:0.00, BestProfit:-0.04@F5) → Leave Market",-0.03
6,5,C14,True,"yes, because personalized recommendations reduce search costs more than the small privacy cost.",4,"### Decision:
I'll **purchase Firm 4** (choose number 4) because:  
- Positive profit (0.14) found  
- Additional search cost (0.02) may outweigh potential gain","C14 Search #1 (Searched:1/6, SearchCost:0.00, BestProfit:0.14@F4) → Purchase F4",0.1
6,5,C15,True,"yes, because sharing data reduces search cost significantly with 6 firms.",5,"### Decision:
I'll **purchase Firm 5** (choose number 5) because:  
- Positive profit of 0.15 is good  
- Additional search cost of 0.02 may reduce net gain below zero","C15 Search #1 (Searched:1/6, SearchCost:0.00, BestProfit:0.15@F5) → Purchase F5",0.11
6,5,C16,True,"yes, because personalized recommendations will significantly reduce search costs with 6 firms.",-1,"### Decision:
I'll **leave** (choose number -1) because:  
- Both searched firms yield negative profit.  
- Additional search cost may outweigh potential gains given low valuations.","C16 Search #1 (Searched:1/6, SearchCost:0.00, BestProfit:-0.20@F2) → Search Next; C16 Search #2 (Searched:2/6, SearchCost:0.02, BestProfit:-0.20@F2) → Leave Market",-0.06
6,5,C17,True,"yes, because sharing data reduces search cost significantly with many firms.",0,"### Decision:
I'll **purchase Firm 0** (choose number 0) because:  
- Positive profit (0.34) is available  
- Additional search cost (0.02) risks reducing net revenue below zero given small profit margin","C17 Search #1 (Searched:1/6, SearchCost:0.00, BestProfit:0.34@F0) → Purchase F0",0.3
6,5,C18,True,"yes, personalized recommendations significantly reduce search cost with 6 firms.",5,"### Decision:
I'll **purchase Firm 5** (choose number 5) because:  
- The potential profit (0.19) is positive.  
- Additional search cost (0.02) may reduce net profit below zero.","C18 Search #1 (Searched:1/6, SearchCost:0.00, BestProfit:0.19@F5) → Purchase F5",0.14
6,5,C19,True,"yes, because sharing data reduces search costs significantly with 6 firms, outweighing the small privacy cost.",5,"### Decision:
I'll **purchase Firm 5** (choose number 5) because:  
- Positive profit (0.14) is available  
- Additional search cost (0.02) may reduce net revenue and is not justified given current positive profit","C19 Search #1 (Searched:1/6, SearchCost:0.00, BestProfit:0.14@F5) → Purchase F5",0.1
6,5,C20,True,"yes, because sharing data reduces search cost significantly with many firms.",-1,"### Decision:
I'll **leave** (choose number -1) because:  
- The only searched firm offers negative profit (-0.09).  
- Searching further costs 0.02 and may not yield positive net revenue given low valuation-price gap.","C20 Search #1 (Searched:1/6, SearchCost:0.00, BestProfit:-0.09@F3) → Leave Market",-0.04
6,6,C1,True,"yes, because personalized recommendations significantly reduce search costs with 6 firms.",0,"### Decision:
I'll **purchase Firm 0** (choose number 0) because:  
- The profit (0.38) is positive.  
- Additional search costs (0.02) may reduce net profit below zero.  
- The first search is free and already reveals a good deal.","C1 Search #1 (Searched:1/6, SearchCost:0.00, BestProfit:0.38@F0) → Purchase F0",0.34
6,6,C2,True,"yes, because sharing data significantly reduces search cost with 6 firms.",2,"### Decision:
I'll **purchase Firm 2** (choose number 2) because:  
- Positive profit (0.13) found  
- Further search cost (0.02) may reduce net revenue  
- First search is free and current offer is good enough","C2 Search #1 (Searched:1/6, SearchCost:0.00, BestProfit:0.13@F2) → Purchase F2",0.08
6,6,C3,True,"yes, because personalized recommendations with 6 firms will significantly reduce search costs.",-1,"### Decision:
I'll **leave** (choose number -1) because:  
- Current firm offers negative profit (-0.19)  
- Additional search cost may exceed potential gains given low net profit margin","C3 Search #1 (Searched:1/6, SearchCost:0.00, BestProfit:-0.19@F5) → Leave Market",-0.04
6,6,C4,True,"yes, sharing reduces search costs significantly and outweighs the small privacy cost.",0,"### Decision:
I'll **purchase Firm 0** (choose number 0) because:  
- The potential profit (0.37) is positive and outweighs search cost.  
- Further search costs 0.02 and may not yield better profit beyond privacy cost.","C4 Search #1 (Searched:1/6, SearchCost:0.00, BestProfit:0.37@F0) → Purchase F0",0.32
6,6,C5,True,"yes, because sharing data reduces search cost significantly with 6 firms.",-1,"### Decision:
I'll **leave** (choose number -1) because:  
- The only searched firm offers negative profit (-0.02)  
- Searching costs 0.02 may further reduce total revenue with no guaranteed better option","C5 Search #1 (Searched:1/6, SearchCost:0.00, BestProfit:-0.02@F2) → Leave Market",-0.04
6,6,C6,True,"yes, personalized recommendations significantly reduce search cost, outweighing small privacy value.",3,"### Decision:
I'll **purchase Firm 3** (choose number 3) because:  
- Positive profit (0.02) found  
- Additional search cost (0.02) may outweigh potential gain","C6 Search #1 (Searched:1/6, SearchCost:0.00, BestProfit:0.02@F3) → Purchase F3",-0.01
6,6,C7,True,"yes, reduced search cost outweighs small privacy value",5,"### Decision:
I'll **purchase Firm 5** (choose number 5) because:  
- Positive profit of 0.17 is good  
- Further search costs 0.02 and profit margin is less than 1, so cautious to continue searching","C7 Search #1 (Searched:1/6, SearchCost:0.00, BestProfit:0.17@F5) → Purchase F5",0.13
6,6,C8,True,"yes, because personalized recommendations significantly reduce search costs and improve decision efficiency.",0,"### Decision:
I'll **purchase Firm 0** (choose number 0) because:  
- The profit is positive (0.04), yielding positive net revenue.  
- Further searching costs 0.02 may reduce net revenue below zero.","C8 Search #1 (Searched:1/6, SearchCost:0.00, BestProfit:0.04@F0) → Purchase F0",-0.01
6,6,C9,True,"yes, the reduction in search cost from personalized recommendations outweighs the small privacy cost",0,"### Decision:
I'll **purchase Firm 0** (choose number 0) because:  
- Positive profit (0.26) already found  
- Further search cost (0.02) may outweigh potential gains","C9 Search #1 (Searched:1/6, SearchCost:0.00, BestProfit:0.26@F0) → Purchase F0",0.21
6,6,C10,True,"yes, personalized recommendations significantly reduce search cost with 6 firms.",3,"### Decision:
I'll **purchase Firm 3** (choose number 3) because:  
- Positive profit of 0.1 is better than zero net revenue from searching more.  
- Further search cost of 0.02 may reduce net revenue below zero given low profit margin.","C10 Search #1 (Searched:1/6, SearchCost:0.00, BestProfit:0.10@F3) → Purchase F3",0.06
6,6,C11,True,"yes, personalized recommendations will significantly reduce search costs with 6 firms.",2,"### Decision:
I'll **purchase Firm 2** (choose number 2) because:  
- The potential profit (0.02) is positive and exceeds the search cost of further searches.  
- Additional search cost (0.02) may reduce total profit below zero, so buying now is rational.","C11 Search #1 (Searched:1/6, SearchCost:0.00, BestProfit:0.02@F2) → Purchase F2",-0.02
6,6,C12,True,"yes, personalized recommendations reduce search costs significantly with 6 firms.",1,"### Decision:
I'll **purchase Firm 1** (choose number 1) because:  
- Positive profit (0.01) is found  
- Further search costs 0.02 may not yield better profit given small margin and privacy cost","C12 Search #1 (Searched:1/6, SearchCost:0.00, BestProfit:0.01@F1) → Purchase F1",-0.03
6,6,C13,True,"yes, sharing data reduces search costs significantly with 6 firms, outweighing the small privacy cost.",5,"### Decision:
I'll **purchase Firm 5** (choose number 5) because:  
- Positive profit (0.01) found  
- Additional search cost (0.02) may reduce total revenue","C13 Search #1 (Searched:1/6, SearchCost:0.00, BestProfit:0.01@F5) → Purchase F5",-0.02
6,6,C14,True,"yes, because personalized recommendations reduce search cost significantly, outweighing the small privacy cost.",4,"### Decision:
I'll **purchase Firm 4** (choose number 4) because:  
- Positive profit (0.09) found  
- Additional search cost (0.02) may outweigh potential gain","C14 Search #1 (Searched:1/6, SearchCost:0.00, BestProfit:0.09@F4) → Purchase F4",0.05
6,6,C15,True,"yes, sharing data reduces search cost significantly with 6 firms.",5,"### Decision:
I'll **purchase Firm 5** (choose number 5) because:  
- Positive profit of 0.2 is good  
- Additional search cost of 0.02 may reduce net gain below zero","C15 Search #1 (Searched:1/6, SearchCost:0.00, BestProfit:0.20@F5) → Purchase F5",0.16
6,6,C16,True,"yes, because personalized recommendations will significantly reduce search costs with 6 firms.",-1,"### Decision:
I'll **leave** (choose number -1) because:  
- No searched firm offers positive profit  
- Additional search cost may outweigh potential gains given low valuations","C16 Search #1 (Searched:1/6, SearchCost:0.00, BestProfit:-0.25@F2) → Leave Market",-0.04
6,6,C17,True,"yes, because sharing data reduces search cost significantly with many firms.",0,"### Decision:
I'll **purchase Firm 0** (choose number 0) because:  
- Positive profit (0.34) already available  
- Additional search cost (0.02) risks reducing net revenue below zero given small profit margin","C17 Search #1 (Searched:1/6, SearchCost:0.00, BestProfit:0.34@F0) → Purchase F0",0.3
6,6,C18,True,"yes, personalized recommendations reduce search cost significantly with 6 firms.",5,"### Decision:
I'll **purchase Firm 5** (choose number 5) because:  
- The potential profit (0.24) is positive.  
- Additional search cost (0.02) may reduce net profit below zero.","C18 Search #1 (Searched:1/6, SearchCost:0.00, BestProfit:0.24@F5) → Purchase F5",0.19
6,6,C19,True,"yes, because sharing data reduces search costs significantly, outweighing the small privacy cost.",5,"### Decision:
I'll **purchase Firm 5** (choose number 5) because:  
- Positive profit (0.19) is available  
- Additional search cost (0.02) may reduce net revenue and is not justified given current positive profit","C19 Search #1 (Searched:1/6, SearchCost:0.00, BestProfit:0.19@F5) → Purchase F5",0.15
6,6,C20,True,"yes, because sharing data reduces search cost significantly with many firms.",3,"### Decision:
I'll **purchase Firm 3** (choose number 3) because:  
- The potential profit (0.01) is positive  
- Further search cost (0.02) may exceed potential profit and reduce net revenue","C20 Search #1 (Searched:1/6, SearchCost:0.00, BestProfit:0.01@F3) → Purchase F3",-0.03
6,7,C1,True,"yes, personalized recommendations significantly reduce search costs with 6 firms.",0,"### Decision:
I'll **purchase Firm 0** (choose number 0) because:  
- The profit (0.38) is positive.  
- Additional search cost (0.02) may reduce net profit below zero.  
- The first search is free and already reveals a good deal.","C1 Search #1 (Searched:1/6, SearchCost:0.00, BestProfit:0.38@F0) → Purchase F0",0.34
6,7,C2,True,"yes, sharing data reduces search cost significantly with 6 firms.",2,"### Decision:
I'll **purchase Firm 2** (choose number 2) because:  
- Positive profit (0.18) found  
- Further search cost (0.02) may reduce net revenue  
- First search is free and current offer is good enough","C2 Search #1 (Searched:1/6, SearchCost:0.00, BestProfit:0.18@F2) → Purchase F2",0.13
6,7,C3,True,"yes, because personalized recommendations with 6 firms will significantly reduce search costs.",-1,"### Decision:
I'll **leave** (choose number -1) because:  
- Current firm offers negative profit (-0.24)  
- Additional search cost may exceed potential gains given low net profit margin","C3 Search #1 (Searched:1/6, SearchCost:0.00, BestProfit:-0.24@F5) → Leave Market",-0.04
6,7,C4,True,"yes, sharing data reduces search costs significantly and outweighs the small privacy cost.",0,"### Decision:
I'll **purchase Firm 0** (choose number 0) because: 
- The potential profit (0.37) is positive and outweighs the search cost.
- Further searching costs 0.02 and may not yield better profit beyond privacy cost.","C4 Search #1 (Searched:1/6, SearchCost:0.00, BestProfit:0.37@F0) → Purchase F0",0.32
6,7,C5,True,"yes, sharing data reduces search cost significantly with 6 firms.",2,"### Decision:
I'll **purchase Firm 2** (choose number 2) because:  
- Positive profit of 0.03 is available  
- Searching more costs 0.02, which may reduce total revenue given the small profit","C5 Search #1 (Searched:1/6, SearchCost:0.00, BestProfit:0.03@F2) → Purchase F2",-0.01
6,7,C6,True,"yes, personalized recommendations significantly reduce search cost, outweighing small privacy value.",3,"### Decision:
I'll **purchase Firm 3** (choose number 3) because:  
- Positive profit (0.02) found  
- Additional search cost (0.02) may outweigh potential gain","C6 Search #1 (Searched:1/6, SearchCost:0.00, BestProfit:0.02@F3) → Purchase F3",-0.01
6,7,C7,True,"yes, reduced search cost outweighs small privacy value",5,"### Decision:
I'll **purchase Firm 5** (choose number 5) because:  
- Positive profit of 0.12 is good  
- Further search costs 0.02 and profit margin is less than 1, so cautious to continue searching","C7 Search #1 (Searched:1/6, SearchCost:0.00, BestProfit:0.12@F5) → Purchase F5",0.08
6,7,C8,True,"yes, personalized recommendations will reduce search costs significantly.",0,"### Decision:
I'll **purchase Firm 0** (choose number 0) because:  
- The profit is positive (0.04), yielding positive net revenue.  
- Further searching costs 0.02 may reduce net revenue below zero.","C8 Search #1 (Searched:1/6, SearchCost:0.00, BestProfit:0.04@F0) → Purchase F0",-0.01
6,7,C9,True,"yes, the reduced search cost from personalized recommendations outweighs the small privacy cost",0,"### Decision:
I'll **purchase Firm 0** (choose number 0) because:  
- Positive profit (0.26) already found  
- Further search cost (0.02) may outweigh potential gains","C9 Search #1 (Searched:1/6, SearchCost:0.00, BestProfit:0.26@F0) → Purchase F0",0.21
6,7,C10,True,"yes, personalized recommendations significantly reduce search cost with 6 firms.",3,"### Decision:
I'll **purchase Firm 3** (choose number 3) because:  
- Positive profit of 0.1 after zero search cost  
- Further search cost 0.02 may reduce net revenue below zero","C10 Search #1 (Searched:1/6, SearchCost:0.00, BestProfit:0.10@F3) → Purchase F3",0.06
6,7,C11,True,"yes, personalized recommendations will significantly reduce search costs with 6 firms.",2,"### Decision:
I'll **purchase Firm 2** (choose number 2) because:  
- The potential profit (0.07) is positive and exceeds the search cost of further searches.  
- Additional search cost (0.02) may reduce total profit below zero, so buying now is rational.","C11 Search #1 (Searched:1/6, SearchCost:0.00, BestProfit:0.07@F2) → Purchase F2",0.03
6,7,C12,True,"yes, personalized recommendations reduce search costs significantly with 6 firms.",-1,"### Decision:
I'll **leave** (choose number -1) because:  
- No positive profit found in the searched firm (profit = -0.04)  
- Further search costs 0.02 and privacy cost 0.039 likely outweigh potential gains","C12 Search #1 (Searched:1/6, SearchCost:0.00, BestProfit:-0.04@F1) → Leave Market",-0.04
6,7,C13,True,"yes, because sharing data reduces search costs significantly with 6 firms, outweighing the small privacy cost.",-1,"### Decision:
I'll **leave** (choose number -1) because:  
- All searched firms have negative profit  
- Additional search cost may not be justified given low valuation and privacy cost already paid","C13 Search #1 (Searched:1/6, SearchCost:0.00, BestProfit:-0.04@F5) → Leave Market",-0.03
6,7,C14,True,"yes, because personalized recommendations reduce search cost more than the small privacy cost.",4,"### Decision:
I'll **purchase Firm 4** (choose number 4) because:  
- Positive profit (0.04) found  
- Additional search cost (0.02) may outweigh potential gain","C14 Search #1 (Searched:1/6, SearchCost:0.00, BestProfit:0.04@F4) → Purchase F4",0.0
6,7,C15,True,"yes, sharing data reduces search cost significantly with 6 firms.",5,"### Decision:
I'll **purchase Firm 5** (choose number 5) because:  
- Positive profit of 0.15 is good  
- Additional search cost of 0.02 may reduce net gain below zero","C15 Search #1 (Searched:1/6, SearchCost:0.00, BestProfit:0.15@F5) → Purchase F5",0.11
6,7,C16,True,"yes, personalized recommendations will significantly reduce search costs with 6 firms.",-1,"### Decision:
I'll **leave** (choose number -1) because:  
- No firm searched offers positive profit  
- Further search costs may outweigh potential gains given low valuations","C16 Search #1 (Searched:1/6, SearchCost:0.00, BestProfit:-0.20@F2) → Leave Market",-0.04
6,7,C17,True,"yes, sharing data reduces search cost significantly with many firms.",0,"### Decision:
I'll **purchase Firm 0** (choose number 0) because:  
- Positive profit (0.34) is already available  
- Additional search cost (0.02) risks reducing net revenue below zero given small profit margin","C17 Search #1 (Searched:1/6, SearchCost:0.00, BestProfit:0.34@F0) → Purchase F0",0.3
6,7,C18,True,"yes, personalized recommendations reduce search cost significantly with 6 firms.",5,"### Decision:
I'll **purchase Firm 5** (choose number 5) because:  
- The potential profit (0.19) is positive.  
- Additional search cost (0.02) may reduce net profit below zero.","C18 Search #1 (Searched:1/6, SearchCost:0.00, BestProfit:0.19@F5) → Purchase F5",0.14
6,7,C19,True,"yes, sharing data reduces search costs significantly and outweighs the small privacy cost.",5,"### Decision:
I'll **purchase Firm 5** (choose number 5) because:  
- Positive profit (0.14) is available  
- Additional search cost (0.02) may reduce net revenue and is not justified given current positive profit","C19 Search #1 (Searched:1/6, SearchCost:0.00, BestProfit:0.14@F5) → Purchase F5",0.1
6,7,C20,True,"yes, because sharing data reduces search cost significantly with many firms.",3,"### Decision:
I'll **purchase Firm 3** (choose number 3) because:  
- The potential profit (0.01) is positive  
- Further search cost (0.02) may exceed potential profit and reduce net revenue","C20 Search #1 (Searched:1/6, SearchCost:0.00, BestProfit:0.01@F3) → Purchase F3",-0.03
6,8,C1,True,"yes, because personalized recommendations significantly reduce search costs with 6 firms.",0,"### Decision:
I'll **purchase Firm 0** (choose number 0) because:  
- The profit (0.38) is positive.  
- Additional search cost (0.02) may reduce net profit below zero.  
- The first search is free and already reveals a good deal.","C1 Search #1 (Searched:1/6, SearchCost:0.00, BestProfit:0.38@F0) → Purchase F0",0.34
6,8,C2,True,"yes, because sharing data significantly reduces search cost with 6 firms.",2,"### Decision:
I'll **purchase Firm 2** (choose number 2) because:  
- Positive profit (0.18) found  
- Further search cost (0.02) may reduce net revenue  
- First search is free and current offer is good enough","C2 Search #1 (Searched:1/6, SearchCost:0.00, BestProfit:0.18@F2) → Purchase F2",0.13
6,8,C3,True,"yes, because personalized recommendations with 6 firms will significantly reduce search costs.",-1,"### Decision:
I'll **leave** (choose number -1) because:  
- Current firm offers negative profit (-0.19)  
- Additional search cost may exceed potential gains given low net profit margin","C3 Search #1 (Searched:1/6, SearchCost:0.00, BestProfit:-0.19@F5) → Leave Market",-0.04
6,8,C4,True,"yes, sharing reduces search costs significantly and outweighs the small privacy cost.",0,"### Decision:
I'll **purchase Firm 0** (choose number 0) because:  
- The potential profit (0.37) is positive and outweighs the search cost (0.02).  
- Further searching risks additional costs without guaranteed better profit beyond privacy cost.","C4 Search #1 (Searched:1/6, SearchCost:0.00, BestProfit:0.37@F0) → Purchase F0",0.32
6,8,C5,True,"yes, sharing data reduces search cost significantly with 6 firms.",2,"### Decision:
I'll **purchase Firm 2** (choose number 2) because:  
- Positive profit of 0.03 is available  
- Searching costs 0.02, which may reduce total revenue given the small profit","C5 Search #1 (Searched:1/6, SearchCost:0.00, BestProfit:0.03@F2) → Purchase F2",-0.01
6,8,C6,True,"yes, personalized recommendations significantly reduce search cost, outweighing small privacy value.",3,"### Decision:
I'll **purchase Firm 3** (choose number 3) because: 
- Positive profit found (0.02)
- Additional search cost (0.02) may outweigh potential gain","C6 Search #1 (Searched:1/6, SearchCost:0.00, BestProfit:0.02@F3) → Purchase F3",-0.01
6,8,C7,True,"yes, reduced search cost outweighs small privacy value",5,"### Decision:
I'll **purchase Firm 5** (choose number 5) because:  
- Positive profit of 0.17 is good  
- Further search costs 0.02 and profit margin is less than 1, so cautious to continue searching","C7 Search #1 (Searched:1/6, SearchCost:0.00, BestProfit:0.17@F5) → Purchase F5",0.13
6,8,C8,True,"yes, personalized recommendations reduce search costs significantly.",0,"### Decision:
I'll **purchase Firm 0** (choose number 0) because:  
- The profit is positive (0.04), yielding positive net revenue.  
- Further searching costs 0.02 may reduce net revenue below zero.","C8 Search #1 (Searched:1/6, SearchCost:0.00, BestProfit:0.04@F0) → Purchase F0",-0.01
6,8,C9,True,"yes, the reduction in search cost from personalized recommendations outweighs the small privacy cost",0,"### Decision:
I'll **purchase Firm 0** (choose number 0) because:  
- Positive profit (0.26) already found  
- Further search cost (0.02) may outweigh potential gains","C9 Search #1 (Searched:1/6, SearchCost:0.00, BestProfit:0.26@F0) → Purchase F0",0.21
6,8,C10,True,"yes, personalized recommendations significantly reduce search cost with 6 firms.",3,"### Decision:
I'll **purchase Firm 3** (choose number 3) because:  
- Positive profit of 0.1 is better than zero or negative profit after additional search cost  
- Further search cost of 0.02 may reduce net revenue below zero given low profit margin","C10 Search #1 (Searched:1/6, SearchCost:0.00, BestProfit:0.10@F3) → Purchase F3",0.06
6,8,C11,True,"yes, personalized recommendations significantly reduce search costs with 6 firms.",2,"### Decision:
I'll **purchase Firm 2** (choose number 2) because:  
- The potential profit (0.07) is positive and exceeds further search cost (0.02).  
- Additional search costs may reduce total profit below zero, so buying now is rational.","C11 Search #1 (Searched:1/6, SearchCost:0.00, BestProfit:0.07@F2) → Purchase F2",0.03
6,8,C12,True,"yes, personalized recommendations significantly reduce search costs with 6 firms.",1,"### Decision:
I'll **purchase Firm 1** (choose number 1) because:  
- Positive profit (0.06) is found  
- Further search costs 0.02 and privacy cost 0.039 likely outweigh small margin gains","C12 Search #1 (Searched:1/6, SearchCost:0.00, BestProfit:0.06@F1) → Purchase F1",0.02
6,8,C13,True,"yes, sharing reduces search costs significantly with 6 firms, outweighing small privacy cost.",5,"### Decision:
I'll **purchase Firm 5** (choose number 5) because:  
- Positive profit (0.01) found  
- Additional search cost (0.02) may reduce total revenue","C13 Search #1 (Searched:1/6, SearchCost:0.00, BestProfit:0.01@F5) → Purchase F5",-0.02
6,8,C14,True,"yes, because personalized recommendations reduce search cost more than the small privacy cost.",-1,"### Decision:
I'll **leave** (choose number -1) because: 
- Current profit is negative (-0.01)
- Searching more costs 0.02, likely worsening total revenue","C14 Search #1 (Searched:1/6, SearchCost:0.00, BestProfit:-0.01@F4) → Leave Market",-0.04
6,8,C15,True,"yes, because sharing data reduces search cost significantly with 6 firms.",5,"### Decision:
I'll **purchase Firm 5** (choose number 5) because:  
- Positive profit of 0.2 is good  
- Additional search cost of 0.02 may reduce net gain below zero","C15 Search #1 (Searched:1/6, SearchCost:0.00, BestProfit:0.20@F5) → Purchase F5",0.16
6,8,C16,True,"yes, because personalized recommendations will significantly reduce search costs with 6 firms.",-1,"### Decision:
I'll **leave** (choose number -1) because:  
- No searched firm offers positive profit  
- Additional search cost may outweigh potential gains given low valuations","C16 Search #1 (Searched:1/6, SearchCost:0.00, BestProfit:-0.20@F2) → Leave Market",-0.04
6,8,C17,True,"yes, because sharing data reduces search cost significantly with many firms.",0,"### Decision:
I'll **purchase Firm 0** (choose number 0) because:  
- Positive profit (0.34) is already available  
- Additional search cost (0.02) risks reducing net revenue below zero given small profit margin","C17 Search #1 (Searched:1/6, SearchCost:0.00, BestProfit:0.34@F0) → Purchase F0",0.3
6,8,C18,True,"yes, personalized recommendations significantly reduce search cost with 6 firms.",5,"### Decision:
I'll **purchase Firm 5** (choose number 5) because:  
- The potential profit (0.24) is positive.  
- Additional search cost (0.02) may reduce net profit below zero.","C18 Search #1 (Searched:1/6, SearchCost:0.00, BestProfit:0.24@F5) → Purchase F5",0.19
6,8,C19,True,"yes, because sharing data reduces search costs significantly with 6 firms, outweighing the small privacy cost.",5,"### Decision:
I'll **purchase Firm 5** (choose number 5) because:  
- Positive profit (0.19) is available  
- Additional search cost (0.02) may reduce net revenue and is not justified given current positive profit","C19 Search #1 (Searched:1/6, SearchCost:0.00, BestProfit:0.19@F5) → Purchase F5",0.15
6,8,C20,True,"yes, because sharing data reduces search cost significantly with many firms.",-1,"### Decision:
I'll **leave** (choose number -1) because:  
- The potential profit (0.01) is too small to cover the search cost of 0.02 for further search  
- Buying now yields nearly zero or negative net revenue after considering privacy and search costs","C20 Search #1 (Searched:1/6, SearchCost:0.00, BestProfit:0.01@F3) → Leave Market",-0.04
6,9,C1,True,"yes, personalized recommendations significantly reduce search costs with 6 firms.",0,"### Decision:
I'll **purchase Firm 0** (choose number 0) because:  
- The profit (0.38) is positive.  
- Additional search cost (0.02) may reduce net profit below zero.  
- The first search is free and already reveals a good deal.","C1 Search #1 (Searched:1/6, SearchCost:0.00, BestProfit:0.38@F0) → Purchase F0",0.34
6,9,C2,True,"yes, sharing data reduces search cost significantly with 6 firms.",2,"### Decision:
I'll **purchase Firm 2** (choose number 2) because:  
- Positive profit (0.18) found  
- Further search cost (0.02) may reduce net revenue  
- First search is free and current offer is good enough","C2 Search #1 (Searched:1/6, SearchCost:0.00, BestProfit:0.18@F2) → Purchase F2",0.13
6,9,C3,True,"yes, personalized recommendations will significantly reduce search costs with 6 firms.",-1,"### Decision:
I'll **leave** (choose number -1) because:  
- The only searched firm offers negative profit (-0.24)  
- Additional search cost may exceed potential gains given low net profit margin","C3 Search #1 (Searched:1/6, SearchCost:0.00, BestProfit:-0.24@F5) → Leave Market",-0.04
6,9,C4,True,"yes, because sharing data reduces search costs significantly and outweighs the small privacy cost.",0,"### Decision:
I'll **purchase Firm 0** (choose number 0) because:  
- The potential profit (0.37) is positive and outweighs the zero search cost so far.  
- Further searching costs 0.02 and may not yield better profit beyond privacy cost (0.045).","C4 Search #1 (Searched:1/6, SearchCost:0.00, BestProfit:0.37@F0) → Purchase F0",0.32
6,9,C5,True,"yes, sharing data reduces search cost significantly with 6 firms.",-1,"### Decision:
I'll **leave** (choose number -1) because:  
- The only searched firm offers very low positive profit (0.03) which is negligible after considering privacy value.  
- Searching costs 0.02 may further reduce total revenue with no guaranteed better option.","C5 Search #1 (Searched:1/6, SearchCost:0.00, BestProfit:0.03@F2) → Leave Market",-0.04
6,9,C6,True,"yes, personalized recommendations significantly reduce search cost and outweigh the small privacy value.",3,"### Decision:
I'll **purchase Firm 3** (choose number 3) because:  
- Positive profit (0.12) found  
- Additional search cost (0.02) may outweigh potential gain","C6 Search #1 (Searched:1/6, SearchCost:0.00, BestProfit:0.12@F3) → Purchase F3",0.09
6,9,C7,True,"yes, reduced search cost outweighs small privacy value",5,"### Decision:
I'll **purchase Firm 5** (choose number 5) because:  
- Positive profit of 0.12 is good  
- Further search costs 0.02 and profit margin is less than 1, so cautious to continue searching","C7 Search #1 (Searched:1/6, SearchCost:0.00, BestProfit:0.12@F5) → Purchase F5",0.08
6,9,C8,True,"yes, personalized recommendations reduce search costs significantly.",0,"### Decision:
I'll **purchase Firm 0** (choose number 0) because: 
- The profit is positive (0.04), yielding positive net revenue.
- Further search costs 0.02 may reduce net revenue below zero.","C8 Search #1 (Searched:1/6, SearchCost:0.00, BestProfit:0.04@F0) → Purchase F0",-0.01
6,9,C9,True,"yes, the reduction in search cost from personalized recommendations outweighs the small privacy cost",0,"### Decision:
I'll **purchase Firm 0** (choose number 0) because:  
- Positive profit (0.26) already found  
- Further search cost (0.02) may outweigh potential gains","C9 Search #1 (Searched:1/6, SearchCost:0.00, BestProfit:0.26@F0) → Purchase F0",0.21
6,9,C10,True,"yes, personalized recommendations significantly reduce search cost with 6 firms.",3,"### Decision:
I'll **purchase Firm 3** (choose number 3) because:  
- Positive profit of 0.2 is good given zero search cost so far  
- Further search cost of 0.02 may reduce net revenue below zero","C10 Search #1 (Searched:1/6, SearchCost:0.00, BestProfit:0.20@F3) → Purchase F3",0.16
6,9,C11,True,"yes, personalized recommendations significantly reduce search costs with 6 firms.",2,"### Decision:
I'll **purchase Firm 2** (choose number 2) because:  
- The potential profit (0.07) is positive and exceeds the search cost of further searches.  
- Additional search cost (0.02) may reduce total profit below zero, so buying now is rational.","C11 Search #1 (Searched:1/6, SearchCost:0.00, BestProfit:0.07@F2) → Purchase F2",0.03
6,9,C12,True,"yes, personalized recommendations significantly reduce search costs with 6 firms.",1,"### Decision:
I'll **purchase Firm 1** (choose number 1) because:  
- Positive profit (0.01) is found  
- Further search costs 0.02 and privacy cost 0.039 likely outweigh small margin gains","C12 Search #1 (Searched:1/6, SearchCost:0.00, BestProfit:0.01@F1) → Purchase F1",-0.03
6,9,C13,True,"yes, sharing reduces search costs significantly with 6 firms, outweighing small privacy cost.",-1,"### Decision:
I'll **leave** (choose number -1) because:  
- The only searched firm has negative profit (-0.04)  
- Additional search cost (0.02) may not be justified given low valuation and privacy cost already paid","C13 Search #1 (Searched:1/6, SearchCost:0.00, BestProfit:-0.04@F5) → Leave Market",-0.03
6,9,C14,True,"yes, because personalized recommendations reduce search cost more than the small privacy cost.",4,"### Decision:
I'll **purchase Firm 4** (choose number 4) because:  
- Positive profit (0.09) found  
- Additional search cost (0.02) may outweigh potential gain","C14 Search #1 (Searched:1/6, SearchCost:0.00, BestProfit:0.09@F4) → Purchase F4",0.05
6,9,C15,True,"yes, because sharing data reduces search cost significantly with 6 firms.",5,"### Decision:
I'll **purchase Firm 5** (choose number 5) because:  
- Positive profit of 0.15 is good  
- Additional search cost of 0.02 may reduce net gain below zero","C15 Search #1 (Searched:1/6, SearchCost:0.00, BestProfit:0.15@F5) → Purchase F5",0.11
6,9,C16,True,"yes, personalized recommendations will reduce search costs significantly with 6 firms.",-1,"### Decision:
I'll **leave** (choose number -1) because:  
- No searched firm offers positive profit  
- Further search costs likely outweigh potential gains given low valuations","C16 Search #1 (Searched:1/6, SearchCost:0.00, BestProfit:-0.20@F2) → Leave Market",-0.04
6,9,C17,True,"yes, because sharing data reduces search cost significantly with many firms.",0,"### Decision:
I'll **purchase Firm 0** (choose number 0) because:  
- Positive profit (0.34) is available  
- Additional search cost (0.02) risks reducing net revenue below zero given small profit margin","C17 Search #1 (Searched:1/6, SearchCost:0.00, BestProfit:0.34@F0) → Purchase F0",0.3
6,9,C18,True,"yes, personalized recommendations significantly reduce search cost with 6 firms.",5,"### Decision:
I'll **purchase Firm 5** (choose number 5) because:  
- The potential profit (0.19) is positive.  
- Additional search cost (0.02) may reduce net profit below zero.","C18 Search #1 (Searched:1/6, SearchCost:0.00, BestProfit:0.19@F5) → Purchase F5",0.14
6,9,C19,True,"yes, because sharing data reduces search costs significantly and outweighs the small privacy cost.",5,"### Decision:
I'll **purchase Firm 5** (choose number 5) because:  
- Positive profit (0.14) is available  
- Additional search cost (0.02) may reduce net revenue and is not justified given current positive profit","C19 Search #1 (Searched:1/6, SearchCost:0.00, BestProfit:0.14@F5) → Purchase F5",0.1
6,9,C20,True,"yes, sharing data reduces search cost significantly with many firms.",3,"### Decision:
I'll **purchase Firm 3** (choose number 3) because:  
- The potential profit (0.11) is positive  
- Further search cost (0.02) may reduce net revenue and risk no better deal","C20 Search #1 (Searched:1/6, SearchCost:0.00, BestProfit:0.11@F3) → Purchase F3",0.07
6,10,C1,True,"yes, personalized recommendations significantly reduce search costs with 6 firms.",0,"### Decision:
I'll **purchase Firm 0** (choose number 0) because:  
- The profit (0.38) is positive.  
- Searching more costs 0.02 and may reduce net profit below zero.  
- The first search is free and already reveals a good deal.","C1 Search #1 (Searched:1/6, SearchCost:0.00, BestProfit:0.38@F0) → Purchase F0",0.34
6,10,C2,True,"yes, sharing data reduces search cost significantly with 6 firms.",2,"### Decision:
I'll **purchase Firm 2** (choose number 2) because:  
- Positive profit (0.23) already found  
- Further search cost (0.02) may reduce net revenue  
- First search is free and current offer is good enough","C2 Search #1 (Searched:1/6, SearchCost:0.00, BestProfit:0.23@F2) → Purchase F2",0.18
6,10,C3,True,"yes, personalized recommendations with 6 firms will significantly reduce search costs.",-1,"### Decision:
I'll **leave** (choose number -1) because:  
- The only searched firm offers negative profit (-0.19)  
- Additional search cost may exceed potential gains given low net profit margin","C3 Search #1 (Searched:1/6, SearchCost:0.00, BestProfit:-0.19@F5) → Leave Market",-0.04
6,10,C4,True,"yes, sharing data reduces search costs significantly and outweighs the small privacy cost.",0,"### Decision:
I'll **purchase Firm 0** (choose number 0) because:  
- The potential profit (0.37) is positive and outweighs the zero search cost so far.  
- Further searching costs 0.02 and may not yield better profit beyond privacy cost (0.045).","C4 Search #1 (Searched:1/6, SearchCost:0.00, BestProfit:0.37@F0) → Purchase F0",0.32
6,10,C5,True,"yes, sharing data reduces search cost significantly with 6 firms.",2,"### Decision:
I'll **purchase Firm 2** (choose number 2) because:  
- Positive profit of 0.08 is available  
- Searching more costs 0.02, which may reduce total revenue given the modest profit","C5 Search #1 (Searched:1/6, SearchCost:0.00, BestProfit:0.08@F2) → Purchase F2",0.04
6,10,C6,True,"yes, personalized recommendations significantly reduce search cost and outweigh the small privacy value.",3,"### Decision:
I'll **purchase Firm 3** (choose number 3) because:  
- Positive profit (0.12) found  
- Additional search cost (0.02) may outweigh potential gain","C6 Search #1 (Searched:1/6, SearchCost:0.00, BestProfit:0.12@F3) → Purchase F3",0.09
6,10,C7,True,"yes, reduced search cost outweighs small privacy value",5,"### Decision:
I'll **purchase Firm 5** (choose number 5) because:  
- Positive profit of 0.17 is good  
- Further search costs 0.02 and profit margin is less than 1, so cautious to continue searching","C7 Search #1 (Searched:1/6, SearchCost:0.00, BestProfit:0.17@F5) → Purchase F5",0.13
6,10,C8,True,"yes, personalized recommendations reduce search costs significantly.",0,"### Decision:
I'll **purchase Firm 0** (choose number 0) because:  
- The profit is positive (0.04), yielding positive net revenue.  
- Further searching costs 0.02 may reduce net revenue below zero.","C8 Search #1 (Searched:1/6, SearchCost:0.00, BestProfit:0.04@F0) → Purchase F0",-0.01
6,10,C9,True,"yes, the reduced search cost from personalized recommendations outweighs the small privacy cost",0,"### Decision:
I'll **purchase Firm 0** (choose number 0) because:  
- Positive profit (0.26) already found  
- Further search cost (0.02) may outweigh potential gains","C9 Search #1 (Searched:1/6, SearchCost:0.00, BestProfit:0.26@F0) → Purchase F0",0.21
6,10,C10,True,"yes, personalized recommendations significantly reduce search cost with 6 firms.",3,"### Decision:
I'll **purchase Firm 3** (choose number 3) because:  
- Positive profit of 0.2 is good given zero search cost so far  
- Further search cost of 0.02 may reduce net revenue below zero","C10 Search #1 (Searched:1/6, SearchCost:0.00, BestProfit:0.20@F3) → Purchase F3",0.16
6,10,C11,True,"yes, personalized recommendations significantly reduce search costs with 6 firms.",2,"### Decision:
I'll **purchase Firm 2** (choose number 2) because:  
- The potential profit (0.12) is positive and exceeds the cost of further searches.  
- Additional search cost (0.02) may reduce total profit below zero, so buying now is rational.","C11 Search #1 (Searched:1/6, SearchCost:0.00, BestProfit:0.12@F2) → Purchase F2",0.08
6,10,C12,True,"yes, personalized recommendations reduce search costs significantly with 6 firms.",-1,"### Decision:
I'll **leave** (choose number -1) because:  
- No positive profit found in the searched firm (profit = -0.04)  
- Further search costs 0.02 and privacy cost 0.039 likely outweigh potential gains","C12 Search #1 (Searched:1/6, SearchCost:0.00, BestProfit:-0.04@F1) → Leave Market",-0.04
6,10,C13,True,"yes, sharing reduces search costs significantly with 6 firms, outweighing small privacy cost.",5,"### Decision:
I'll **purchase Firm 5** (choose number 5) because:  
- Positive profit (0.01) found  
- Additional search cost (0.02) may reduce total revenue","C13 Search #1 (Searched:1/6, SearchCost:0.00, BestProfit:0.01@F5) → Purchase F5",-0.02
6,10,C14,True,"yes, because personalized recommendations reduce search costs more than the small privacy cost",4,"### Decision:
I'll **purchase Firm 4** (choose number 4) because:  
- Positive profit (0.09) found  
- Additional search cost (0.02) may outweigh potential gain","C14 Search #1 (Searched:1/6, SearchCost:0.00, BestProfit:0.09@F4) → Purchase F4",0.05
6,10,C15,True,"yes, sharing data reduces search cost significantly with 6 firms.",5,"### Decision:
I'll **purchase Firm 5** (choose number 5) because:  
- Positive profit of 0.2 is good  
- Additional search cost of 0.02 may reduce net gain below zero","C15 Search #1 (Searched:1/6, SearchCost:0.00, BestProfit:0.20@F5) → Purchase F5",0.16
6,10,C16,True,"yes, personalized recommendations will reduce search costs significantly with 6 firms.",-1,"### Decision:
I'll **leave** (choose number -1) because:  
- No searched firm offers positive profit  
- Further search costs likely outweigh potential gains given low valuations","C16 Search #1 (Searched:1/6, SearchCost:0.00, BestProfit:-0.15@F2) → Leave Market",-0.04
6,10,C17,True,"yes, because sharing data reduces search cost significantly with many firms",0,"### Decision:
I'll **purchase Firm 0** (choose number 0) because:  
- Positive profit (0.34) is available  
- Additional search cost (0.02) risks reducing net revenue below zero given small profit margin","C17 Search #1 (Searched:1/6, SearchCost:0.00, BestProfit:0.34@F0) → Purchase F0",0.3
6,10,C18,True,"yes, personalized recommendations significantly reduce search cost with 6 firms.",5,"### Decision:
I'll **purchase Firm 5** (choose number 5) because:  
- The potential profit (0.24) is positive.  
- Additional search cost (0.02) may reduce net profit below zero.","C18 Search #1 (Searched:1/6, SearchCost:0.00, BestProfit:0.24@F5) → Purchase F5",0.19
6,10,C19,True,"yes, because sharing data reduces search costs significantly, outweighing the small privacy cost.",5,"### Decision:
I'll **purchase Firm 5** (choose number 5) because:  
- Positive profit (0.19) is available  
- Additional search cost (0.02) may reduce net revenue and is not justified given current positive profit","C19 Search #1 (Searched:1/6, SearchCost:0.00, BestProfit:0.19@F5) → Purchase F5",0.15
6,10,C20,True,"yes, because sharing data reduces search cost significantly with many firms.",3,"### Decision:
I'll **purchase Firm 3** (choose number 3) because:  
- The potential profit (0.11) is positive  
- Further search cost (0.02) may reduce net revenue and risk no better deal","C20 Search #1 (Searched:1/6, SearchCost:0.00, BestProfit:0.11@F3) → Purchase F3",0.07
7,1,C1,True,"yes, reduced search cost outweighs small privacy value.",0,"### Decision:
I'll **purchase Firm 0** (choose number 0) because: 
- Positive profit (0.32) on first free search
- Further search costs (0.02) may reduce net revenue with small profit margin","C1 Search #1 (Searched:1/7, SearchCost:0.00, BestProfit:0.32@F0) → Purchase F0",0.28
7,1,C2,True,"yes, because personalized recommendations will reduce search costs significantly with 7 firms.",0,"### Decision:
I'll **purchase Firm 0** because:  
- Positive profit (0.34) already found  
- Additional search costs (0.02) may reduce total revenue  
- First search is free and profit > 0, so buying now is rational","C2 Search #1 (Searched:1/7, SearchCost:0.00, BestProfit:0.34@F0) → Purchase F0",0.31
7,1,C3,True,"yes, because sharing data reduces search costs significantly with many firms.",0,"### Decision:
I'll **purchase Firm 0** because: 
- Positive profit (0.33) already found
- Additional search cost (0.02) may reduce net gain below zero","C3 Search #1 (Searched:1/7, SearchCost:0.00, BestProfit:0.33@F0) → Purchase F0",0.3
7,1,C4,True,"yes, the reduction in search cost outweighs the small privacy cost.",6,"### Decision:
I'll **purchase Firm 6** (choose number 6) because:  
- Positive profit (0.38) already found  
- Further search costs (0.02) may reduce total revenue","C4 Search #1 (Searched:1/7, SearchCost:0.00, BestProfit:0.38@F6) → Purchase F6",0.35
7,1,C5,True,"yes, because sharing data reduces search costs significantly with many firms.",3,"### Decision:
I'll **purchase Firm 3** (choose number 3) because: 
- Positive profit of 0.34 is already found
- Further search costs 0.02, which may reduce net revenue below zero given privacy cost and search cost considerations","C5 Search #1 (Searched:1/7, SearchCost:0.00, BestProfit:0.34@F3) → Purchase F3",0.3
7,1,C6,True,"yes, because personalized recommendations will reduce search cost significantly with 7 firms.",4,"### Decision:
I'll **purchase Firm 4** (choose number 4) because: 
- Positive profit (0.21) already found
- Additional search costs (0.02) may reduce net revenue below zero","C6 Search #1 (Searched:1/7, SearchCost:0.00, BestProfit:0.21@F4) → Purchase F4",0.16
7,1,C7,True,"yes, the reduced search cost outweighs the small privacy cost.",0,"### Decision:
I'll **purchase Firm 0** (choose number 0) because: 
- Positive profit (0.21) is already available
- Further search costs (0.02) may outweigh potential gains given small net profit margin","C7 Search #1 (Searched:1/7, SearchCost:0.00, BestProfit:0.21@F0) → Purchase F0",0.17
7,1,C8,True,"yes, because sharing data reduces search cost significantly with many firms.",6,"### Decision:
I'll **purchase Firm 6** because:  
- Positive profit (0.44) already found  
- Further search costs (0.02) may reduce net revenue below zero","C8 Search #1 (Searched:1/7, SearchCost:0.00, BestProfit:0.44@F6) → Purchase F6",0.39
7,1,C9,True,"yes, because sharing data reduces search cost significantly with 7 firms, outweighing the small privacy cost.",4,"### Decision:
I'll **purchase Firm 4** because:  
- Positive profit (0.35) is already available  
- Further search costs (0.02) may reduce total revenue  
- First search is free and profit exceeds privacy cost","C9 Search #1 (Searched:1/7, SearchCost:0.00, BestProfit:0.35@F4) → Purchase F4",0.3
7,1,C10,True,"yes, because sharing data reduces search cost significantly with many firms.",3,"### Decision:
I'll **purchase Firm 3** because: 
- The potential profit is positive (0.36).
- Further search costs 0.02, which may reduce net gain below zero given diminishing returns.","C10 Search #1 (Searched:1/7, SearchCost:0.00, BestProfit:0.36@F3) → Purchase F3",0.32
7,1,C11,True,"yes, because sharing data reduces search costs significantly with 7 firms.",5,"### Decision:
I'll **purchase Firm 5** (choose number 5) because: 
- Positive profit (0.23) already found
- Further search costs (0.02) may outweigh potential gains","C11 Search #1 (Searched:1/7, SearchCost:0.00, BestProfit:0.23@F5) → Purchase F5",0.2
7,1,C12,True,"yes, because personalized recommendations will significantly reduce search costs with 7 firms.",5,"### Decision:
I'll **purchase Firm 5** because:  
- Positive profit (0.35) already found  
- Additional search costs (0.02) may outweigh potential gains  
- First search free and current profit is good enough","C12 Search #1 (Searched:1/7, SearchCost:0.00, BestProfit:0.35@F5) → Purchase F5",0.32
7,1,C13,True,"Yes, because sharing data reduces search costs significantly with 7 firms.",3,"### Decision:
I'll **purchase Firm 3** (choose number 3) because:  
- Positive profit of 0.33 is good enough  
- Additional search costs 0.02 and might not yield better profit","C13 Search #1 (Searched:1/7, SearchCost:0.00, BestProfit:0.33@F3) → Purchase F3",0.3
7,1,C14,True,"yes, because sharing data reduces search cost significantly with many firms, outweighing the small privacy cost.",2,"### Decision:
I'll **purchase Firm 2** because: 
- Positive profit of 0.25 is good enough given search cost of 0.02 per search
- Further search costs may reduce profit below zero","C14 Search #1 (Searched:1/7, SearchCost:0.00, BestProfit:0.25@F2) → Purchase F2",0.2
7,1,C15,True,"Yes, because sharing data reduces search costs significantly with many firms.",5,"### Decision:
I'll **purchase Firm 5** (choose number 5) because: 
- The potential profit (0.36) is positive and significant compared to the search cost (0.02).
- Further search costs may reduce total revenue, and the first search is free.","C15 Search #1 (Searched:1/7, SearchCost:0.00, BestProfit:0.36@F5) → Purchase F5",0.33
7,1,C16,True,"yes, because sharing data reduces search cost significantly with many firms.",6,"### Decision:
I'll **purchase Firm 6** because: 
- The potential profit is positive (0.39).
- Further search costs (0.02) may reduce net revenue below zero.","C16 Search #1 (Searched:1/7, SearchCost:0.00, BestProfit:0.39@F6) → Purchase F6",0.34
7,1,C17,True,"yes, personalized recommendations will significantly reduce search cost with 7 firms.",6,"### Decision:
I'll **purchase Firm 6** because: 
- Positive profit (0.24) already found
- Further search costs (0.02) may reduce net revenue below zero given small profit margin","C17 Search #1 (Searched:1/7, SearchCost:0.00, BestProfit:0.24@F6) → Purchase F6",0.21
7,1,C18,True,"yes, the reduction in search cost outweighs the small privacy cost.",0,"### Decision:
I'll **purchase Firm 0** because:  
- The potential profit (0.29) is positive and reasonably high.  
- Further search costs (0.02 per search) may reduce net revenue below zero given privacy cost and search cost.","C18 Search #1 (Searched:1/7, SearchCost:0.00, BestProfit:0.29@F0) → Purchase F0",0.24
7,1,C19,True,"yes, because sharing data reduces search cost significantly with many firms.",6,"### Decision:
I'll **purchase Firm 6** because:  
- Positive profit of 0.41 is good  
- Further search costs 0.02 and may not yield better profit","C19 Search #1 (Searched:1/7, SearchCost:0.00, BestProfit:0.41@F6) → Purchase F6",0.38
7,1,C20,True,"yes, because sharing data reduces search costs significantly with many firms.",6,"### Decision:
I'll **purchase Firm 6** because:  
- Positive profit (0.21) already found  
- Further search costs (0.02) may outweigh potential gain  
- Privacy cost already paid, so no extra benefit from more search","C20 Search #1 (Searched:1/7, SearchCost:0.00, BestProfit:0.21@F6) → Purchase F6",0.16
7,2,C1,True,"yes, reduced search cost outweighs small privacy value",0,"### Decision:
I'll **purchase Firm 0** (choose number 0) because: 
- Positive profit (0.22) on first free search
- Further search cost (0.02) may reduce net revenue with small profit margin","C1 Search #1 (Searched:1/7, SearchCost:0.00, BestProfit:0.22@F0) → Purchase F0",0.18
7,2,C2,True,"yes, because personalized recommendations will reduce search costs significantly with 7 firms.",0,"### Decision:
I'll **purchase Firm 0** (choose number 0) because:  
- Positive profit (0.24) already found  
- Additional search cost (0.02) may reduce total revenue  
- First search is free and profit > 0, so buying now is rational","C2 Search #1 (Searched:1/7, SearchCost:0.00, BestProfit:0.24@F0) → Purchase F0",0.21
7,2,C3,True,"yes, because sharing data reduces search costs significantly with many firms.",0,"### Decision:
I'll **purchase Firm 0** (choose number 0) because:  
- Positive profit (0.23) found  
- Additional search cost (0.02) may reduce net gain below zero","C3 Search #1 (Searched:1/7, SearchCost:0.00, BestProfit:0.23@F0) → Purchase F0",0.2
7,2,C4,True,"yes, the reduction in search cost outweighs the small privacy cost",6,"### Decision:
I'll **purchase Firm 6** (choose number 6) because:  
- Positive profit (0.33) found  
- Further search cost (0.02) may reduce total revenue","C4 Search #1 (Searched:1/7, SearchCost:0.00, BestProfit:0.33@F6) → Purchase F6",0.3
7,2,C5,True,"yes, because sharing data reduces search costs significantly with many firms.",3,"### Decision:
I'll **purchase Firm 3** (choose number 3) because:  
- Positive profit of 0.24 is found  
- Further search costs 0.02 may reduce net revenue below zero given privacy and search cost considerations","C5 Search #1 (Searched:1/7, SearchCost:0.00, BestProfit:0.24@F3) → Purchase F3",0.2
7,2,C6,True,"yes, because personalized recommendations will significantly reduce search cost with 7 firms.",4,"### Decision:
I'll **purchase Firm 4** (choose number 4) because: 
- Positive profit (0.11) found
- Additional search cost (0.02) may reduce net revenue below zero","C6 Search #1 (Searched:1/7, SearchCost:0.00, BestProfit:0.11@F4) → Purchase F4",0.06
7,2,C7,True,"yes, reduced search cost outweighs small privacy cost",0,"### Decision:
I'll **purchase Firm 0** (choose number 0) because: 
- Positive profit (0.11) is available 
- Further search cost (0.02) may outweigh potential gains given small net profit margin","C7 Search #1 (Searched:1/7, SearchCost:0.00, BestProfit:0.11@F0) → Purchase F0",0.07
7,2,C8,True,"yes, sharing data reduces search cost significantly with many firms.",6,"### Decision:
I'll **purchase Firm 6** (choose number 6) because:  
- Positive profit (0.39) already found  
- Additional search cost (0.02) may reduce net revenue below zero","C8 Search #1 (Searched:1/7, SearchCost:0.00, BestProfit:0.39@F6) → Purchase F6",0.34
7,2,C9,True,"yes, because sharing data reduces search cost significantly with 7 firms, outweighing the small privacy cost.",4,"### Decision:
I'll **purchase Firm 4** (choose number 4) because:  
- Positive profit (0.25) is available  
- Further search cost (0.02) may reduce total revenue  
- First search is free and profit exceeds privacy cost","C9 Search #1 (Searched:1/7, SearchCost:0.00, BestProfit:0.25@F4) → Purchase F4",0.2
7,2,C10,True,"yes, because sharing data reduces search cost significantly with many firms.",3,"### Decision:
I'll **purchase Firm 3** (choose number 3) because:  
- The potential profit is positive (0.26).  
- Further search costs 0.02, which may reduce net gain below zero given diminishing returns.","C10 Search #1 (Searched:1/7, SearchCost:0.00, BestProfit:0.26@F3) → Purchase F3",0.22
7,2,C11,True,"yes, because sharing data reduces search costs significantly with 7 firms.",5,"### Decision:
I'll **purchase Firm 5** (choose number 5) because: 
- Positive profit (0.13) found 
- Further search cost (0.02) may outweigh potential gains","C11 Search #1 (Searched:1/7, SearchCost:0.00, BestProfit:0.13@F5) → Purchase F5",0.1
7,2,C12,True,"yes, personalized recommendations will significantly reduce search costs with 7 firms.",5,"### Decision:
I'll **purchase Firm 5** (choose number 5) because:  
- Positive profit (0.25) found  
- Additional search cost (0.02) may outweigh potential gain  
- First search free and current profit is good enough","C12 Search #1 (Searched:1/7, SearchCost:0.00, BestProfit:0.25@F5) → Purchase F5",0.22
7,2,C13,True,"yes, sharing data reduces search costs significantly with 7 firms",3,"### Decision:
I'll **purchase Firm 3** (choose number 3) because:  
- Positive profit of 0.23 is above zero  
- Additional search cost of 0.02 may not yield better profit","C13 Search #1 (Searched:1/7, SearchCost:0.00, BestProfit:0.23@F3) → Purchase F3",0.2
7,2,C14,True,"yes, sharing data reduces search cost significantly and increases the chance of a positive profit.",2,"### Decision:
I'll **purchase Firm 2** (choose number 2) because:  
- Positive profit of 0.2 is decent given search cost of 0.02 per search  
- Further search costs may reduce net revenue below zero","C14 Search #1 (Searched:1/7, SearchCost:0.00, BestProfit:0.20@F2) → Purchase F2",0.15
7,2,C15,True,"yes, sharing data reduces search costs significantly with 7 firms.",5,"### Decision:
I'll **purchase Firm 5** (choose number 5) because:  
- The potential profit (0.26) is positive and outweighs the search cost.  
- Further search cost (0.02) may reduce total revenue below zero.","C15 Search #1 (Searched:1/7, SearchCost:0.00, BestProfit:0.26@F5) → Purchase F5",0.23
7,2,C16,True,"yes, because sharing data reduces search cost significantly with many firms.",6,"### Decision:
I'll **purchase Firm 6** because:  
- The potential profit (0.34) is positive.  
- Further search costs (0.02) may reduce net revenue below zero.","C16 Search #1 (Searched:1/7, SearchCost:0.00, BestProfit:0.34@F6) → Purchase F6",0.29
7,2,C17,True,"yes, personalized recommendations reduce search cost significantly with 7 firms.",6,"### Decision:
I'll **purchase Firm 6** (choose number 6) because:  
- Positive profit (0.19) already found  
- Further search cost (0.02) may reduce net revenue below zero given small profit margin","C17 Search #1 (Searched:1/7, SearchCost:0.00, BestProfit:0.19@F6) → Purchase F6",0.16
7,2,C18,True,"yes, the reduction in search cost outweighs the small privacy cost",0,"### Decision:
I'll **purchase Firm 0** (choose number 0) because:  
- The potential profit (0.19) is positive.  
- Further search cost (0.02) risks reducing net revenue below zero given privacy cost and search cost.","C18 Search #1 (Searched:1/7, SearchCost:0.00, BestProfit:0.19@F0) → Purchase F0",0.14
7,2,C19,True,"yes, sharing data reduces search cost significantly with many firms.",6,"### Decision:
I'll **purchase Firm 6** because:  
- Positive profit of 0.36 is good  
- Further search costs 0.02 and may not yield better profit","C19 Search #1 (Searched:1/7, SearchCost:0.00, BestProfit:0.36@F6) → Purchase F6",0.33
7,2,C20,True,"yes, because sharing data reduces search costs significantly with many firms.",6,"### Decision:
I'll **purchase Firm 6** (choose number 6) because:  
- Positive profit (0.16) already found  
- Further search cost (0.02) may outweigh potential gain","C20 Search #1 (Searched:1/7, SearchCost:0.00, BestProfit:0.16@F6) → Purchase F6",0.11
7,3,C1,True,"yes, reduced search cost outweighs small privacy value",0,"### Decision:
I'll **purchase Firm 0** (choose number 0) because: 
- Positive profit (0.17) on first free search
- Further search cost (0.02) may reduce net revenue with small profit margin","C1 Search #1 (Searched:1/7, SearchCost:0.00, BestProfit:0.17@F0) → Purchase F0",0.13
7,3,C2,True,"yes, personalized recommendations will significantly reduce search costs with 7 firms.",0,"### Decision:
I'll **purchase Firm 0** (choose number 0) because:  
- Positive profit (0.19) found  
- Additional search cost (0.02) may reduce total revenue  
- First search is free and profit > 0, so buying now is rational","C2 Search #1 (Searched:1/7, SearchCost:0.00, BestProfit:0.19@F0) → Purchase F0",0.16
7,3,C3,True,"yes, because sharing data reduces search costs significantly with many firms.",0,"### Decision:
I'll **purchase Firm 0** (choose number 0) because:  
- Positive profit (0.18) found  
- Additional search cost (0.02) may reduce net gain below zero","C3 Search #1 (Searched:1/7, SearchCost:0.00, BestProfit:0.18@F0) → Purchase F0",0.15
7,3,C4,True,"yes, the reduction in search cost outweighs the small privacy cost",6,"### Decision:
I'll **purchase Firm 6** (choose number 6) because:  
- Positive profit (0.28) found  
- Further search cost (0.02) may reduce total revenue","C4 Search #1 (Searched:1/7, SearchCost:0.00, BestProfit:0.28@F6) → Purchase F6",0.25
7,3,C5,True,"yes, because sharing data reduces search costs significantly with many firms.",3,"### Decision:
I'll **purchase Firm 3** (choose number 3) because:  
- Positive profit of 0.19 found  
- Further search costs 0.02 may reduce net revenue below zero given privacy and search cost considerations","C5 Search #1 (Searched:1/7, SearchCost:0.00, BestProfit:0.19@F3) → Purchase F3",0.15
7,3,C6,True,"yes, personalized recommendations will significantly reduce search cost with 7 firms.",4,"### Decision:
I'll **purchase Firm 4** (choose number 4) because:  
- Positive profit (0.01) found  
- Additional search cost (0.02) may reduce net revenue below zero","C6 Search #1 (Searched:1/7, SearchCost:0.00, BestProfit:0.01@F4) → Purchase F4",-0.04
7,3,C7,True,"yes, reduced search cost outweighs small privacy cost",0,"### Decision:
I'll **purchase Firm 0** (choose number 0) because:  
- Positive profit (0.06) is available  
- Further search cost (0.02) may outweigh potential gains given small net profit margin","C7 Search #1 (Searched:1/7, SearchCost:0.00, BestProfit:0.06@F0) → Purchase F0",0.02
7,3,C8,True,"yes, because sharing data reduces search cost significantly with many firms.",6,"### Decision:
I'll **purchase Firm 6** (choose number 6) because:  
- Positive profit (0.34) found  
- Further search cost (0.02) may reduce net revenue below zero","C8 Search #1 (Searched:1/7, SearchCost:0.00, BestProfit:0.34@F6) → Purchase F6",0.3
7,3,C9,True,"yes, because sharing data reduces search cost significantly with 7 firms, outweighing the small privacy cost.",4,"### Decision:
I'll **purchase Firm 4** (choose number 4) because:  
- Positive profit (0.15) is available  
- Further search cost (0.02) may reduce total revenue","C9 Search #1 (Searched:1/7, SearchCost:0.00, BestProfit:0.15@F4) → Purchase F4",0.1
7,3,C10,True,"yes, because sharing data significantly reduces search cost with many firms.",3,"### Decision:
I'll **purchase Firm 3** (choose number 3) because:  
- The potential profit is positive (0.21).  
- Further search costs 0.02 may reduce net gain below zero given diminishing returns.","C10 Search #1 (Searched:1/7, SearchCost:0.00, BestProfit:0.21@F3) → Purchase F3",0.17
7,3,C11,True,"yes, sharing data reduces search costs significantly with 7 firms.",5,"### Decision:
I'll **purchase Firm 5** (choose number 5) because:  
- Positive profit (0.03) found  
- Further search cost (0.02) may outweigh potential gains","C11 Search #1 (Searched:1/7, SearchCost:0.00, BestProfit:0.03@F5) → Purchase F5",0.0
7,3,C12,True,"yes, personalized recommendations reduce search costs significantly with 7 firms.",5,"### Decision:
I'll **purchase Firm 5** (choose number 5) because:  
- Positive profit (0.15) already found  
- Additional search cost (0.02) may outweigh potential gain","C12 Search #1 (Searched:1/7, SearchCost:0.00, BestProfit:0.15@F5) → Purchase F5",0.12
7,3,C13,True,"yes, sharing data reduces search costs significantly with 7 firms",3,"### Decision:
I'll **purchase Firm 3** (choose number 3) because:  
- Positive profit of 0.18 is above zero  
- Additional search cost of 0.02 may not yield better profit","C13 Search #1 (Searched:1/7, SearchCost:0.00, BestProfit:0.18@F3) → Purchase F3",0.15
7,3,C14,True,"yes, because sharing data reduces search cost significantly and increases chances of positive profit.",2,"### Decision:
I'll **purchase Firm 2** (choose number 2) because: 
- Positive profit of 0.15 exceeds search cost of 0.02 per search
- Further search may reduce net revenue below zero","C14 Search #1 (Searched:1/7, SearchCost:0.00, BestProfit:0.15@F2) → Purchase F2",0.1
7,3,C15,True,"yes, sharing reduces search costs significantly with many firms.",5,"### Decision:
I'll **purchase Firm 5** (choose number 5) because:  
- The potential profit (0.16) is positive and outweighs the search cost.  
- Further search cost (0.02) may reduce total revenue below zero.","C15 Search #1 (Searched:1/7, SearchCost:0.00, BestProfit:0.16@F5) → Purchase F5",0.13
7,3,C16,True,"yes, because sharing data reduces search cost significantly with many firms.",6,"### Decision:
I'll **purchase Firm 6** (choose number 6) because:  
- The potential profit (0.29) is positive.  
- Further search cost (0.02) may reduce net revenue below zero.","C16 Search #1 (Searched:1/7, SearchCost:0.00, BestProfit:0.29@F6) → Purchase F6",0.24
7,3,C17,True,"yes, personalized recommendations will significantly reduce search cost with 7 firms.",6,"### Decision:
I'll **purchase Firm 6** (choose number 6) because:  
- Positive profit (0.14) found  
- Further search cost (0.02) may reduce net revenue below zero given small profit margin","C17 Search #1 (Searched:1/7, SearchCost:0.00, BestProfit:0.14@F6) → Purchase F6",0.11
7,3,C18,True,"yes, the reduction in search cost outweighs the small privacy cost",0,"### Decision:
I'll **purchase Firm 0** (choose number 0) because:  
- The potential profit (0.14) is positive  
- Further search cost (0.02) risks reducing net revenue below zero given privacy cost and search cost","C18 Search #1 (Searched:1/7, SearchCost:0.00, BestProfit:0.14@F0) → Purchase F0",0.09
7,3,C19,True,"yes, sharing data reduces search cost significantly with many firms.",6,"### Decision:
I'll **purchase Firm 6** because:  
- Positive profit of 0.31 is good  
- Further search costs 0.02 and may not yield better profit","C19 Search #1 (Searched:1/7, SearchCost:0.00, BestProfit:0.31@F6) → Purchase F6",0.28
7,3,C20,True,"yes, because sharing data reduces search costs significantly with many firms.",6,"### Decision:
I'll **purchase Firm 6** (choose number 6) because:  
- Positive profit (0.11) found  
- Further search cost (0.02) may outweigh potential gain","C20 Search #1 (Searched:1/7, SearchCost:0.00, BestProfit:0.11@F6) → Purchase F6",0.06
7,4,C1,True,"yes, reduced search cost outweighs small privacy value",0,"### Decision:
I'll **purchase Firm 0** (choose number 0) because: 
- Positive profit (0.12) on first free search
- Further search cost (0.02) may reduce net revenue with small profit margin","C1 Search #1 (Searched:1/7, SearchCost:0.00, BestProfit:0.12@F0) → Purchase F0",0.08
7,4,C2,True,"yes, personalized recommendations will reduce search costs significantly with 7 firms.",0,"### Decision:
I'll **purchase Firm 0** (choose number 0) because:  
- Positive profit (0.14) found  
- Additional search cost (0.02) may reduce total revenue  
- First search is free and profit > 0, so buying now is rational","C2 Search #1 (Searched:1/7, SearchCost:0.00, BestProfit:0.14@F0) → Purchase F0",0.11
7,4,C3,True,"yes, sharing reduces search costs significantly with many firms.",0,"### Decision:
I'll **purchase Firm 0** (choose number 0) because:  
- Positive profit (0.13) found  
- Additional search cost (0.02) may reduce net gain below zero","C3 Search #1 (Searched:1/7, SearchCost:0.00, BestProfit:0.13@F0) → Purchase F0",0.1
7,4,C4,True,"yes, the reduction in search cost outweighs the small privacy cost",6,"### Decision:
I'll **purchase Firm 6** (choose number 6) because:  
- Positive profit (0.23) found  
- Further search cost (0.02) may reduce total revenue","C4 Search #1 (Searched:1/7, SearchCost:0.00, BestProfit:0.23@F6) → Purchase F6",0.2
7,4,C5,True,"yes, because sharing data reduces search costs significantly with many firms.",3,"### Decision:
I'll **purchase Firm 3** (choose number 3) because:  
- Positive profit of 0.14 is found  
- Further search cost of 0.02 may reduce net revenue below zero given privacy and search cost considerations","C5 Search #1 (Searched:1/7, SearchCost:0.00, BestProfit:0.14@F3) → Purchase F3",0.1
7,4,C6,True,"yes, personalized recommendations reduce search cost significantly with 7 firms.",2,"### Decision:
I'll **purchase Firm 2** (choose number 2) because: 
- Positive profit (0.1) found
- Additional search cost (0.02) may reduce net revenue below zero","C6 Search #1 (Searched:1/7, SearchCost:0.00, BestProfit:-0.09@F4) → Search Next; C6 Search #2 (Searched:2/7, SearchCost:0.02, BestProfit:0.10@F2) → Purchase F2",0.03
7,4,C7,True,"yes, reduced search cost outweighs small privacy cost",0,"### Decision:
I'll **purchase Firm 0** (choose number 0) because:  
- Positive profit (0.01) is available  
- Further search cost (0.02) may outweigh potential gains given small net profit margin","C7 Search #1 (Searched:1/7, SearchCost:0.00, BestProfit:0.01@F0) → Purchase F0",-0.03
7,4,C8,True,"yes, because sharing data reduces search cost significantly with many firms.",6,"### Decision:
I'll **purchase Firm 6** (choose number 6) because:  
- Positive profit (0.29) found  
- Additional search cost (0.02) may reduce net revenue below zero","C8 Search #1 (Searched:1/7, SearchCost:0.00, BestProfit:0.29@F6) → Purchase F6",0.25
7,4,C9,True,"yes, because sharing data reduces search cost significantly with 7 firms, outweighing the small privacy cost.",4,"### Decision:
I'll **purchase Firm 4** (choose number 4) because:  
- Positive profit (0.05) is available  
- Further search cost (0.02) may reduce total revenue  
- First search is free and profit exceeds privacy cost","C9 Search #1 (Searched:1/7, SearchCost:0.00, BestProfit:0.05@F4) → Purchase F4",0.0
7,4,C10,True,"yes, sharing data reduces search cost significantly with 7 firms.",3,"### Decision:
I'll **purchase Firm 3** (choose number 3) because:  
- The potential profit is positive (0.16).  
- Further search costs 0.02 may reduce net gain below zero given diminishing returns.","C10 Search #1 (Searched:1/7, SearchCost:0.00, BestProfit:0.16@F3) → Purchase F3",0.12
7,4,C11,True,"yes, because sharing data reduces search costs significantly with 7 firms.",6,"### Decision:
I'll **purchase Firm 6** (choose number 6) because:  
- Positive profit (0.01) found  
- Further search cost (0.02) may outweigh potential gains","C11 Search #1 (Searched:1/7, SearchCost:0.00, BestProfit:-0.07@F5) → Search Next; C11 Search #2 (Searched:2/7, SearchCost:0.02, BestProfit:0.01@F6) → Purchase F6",-0.04
7,4,C12,True,"yes, personalized recommendations will significantly reduce search costs with 7 firms.",5,"### Decision:
I'll **purchase Firm 5** (choose number 5) because:  
- Positive profit (0.05) found  
- Additional search cost (0.02) may outweigh potential gain","C12 Search #1 (Searched:1/7, SearchCost:0.00, BestProfit:0.05@F5) → Purchase F5",0.02
7,4,C13,True,"yes, sharing data reduces search costs significantly with 7 firms.",3,"### Decision:
I'll **purchase Firm 3** (choose number 3) because:  
- Positive profit of 0.13 is above zero  
- Additional search cost of 0.02 may not yield better profit","C13 Search #1 (Searched:1/7, SearchCost:0.00, BestProfit:0.13@F3) → Purchase F3",0.1
7,4,C14,True,"yes, because sharing data reduces search cost significantly and increases the chance of positive profit.",2,"### Decision:
I'll **purchase Firm 2** (choose number 2) because:  
- Positive profit of 0.1 exceeds zero search cost so far  
- Further search cost (0.02) may reduce net revenue below zero","C14 Search #1 (Searched:1/7, SearchCost:0.00, BestProfit:0.10@F2) → Purchase F2",0.05
7,4,C15,True,"yes, reduces search cost significantly with 7 firms",5,"### Decision:
I'll **purchase Firm 5** (choose number 5) because:  
- The potential profit (0.06) is positive.  
- Further search cost (0.02) may reduce total revenue below zero.","C15 Search #1 (Searched:1/7, SearchCost:0.00, BestProfit:0.06@F5) → Purchase F5",0.03
7,4,C16,True,"yes, because sharing data reduces search cost significantly with many firms.",6,"### Decision:
I'll **purchase Firm 6** because:  
- The potential profit (0.24) is positive.  
- Further search cost (0.02) may reduce net revenue below zero.","C16 Search #1 (Searched:1/7, SearchCost:0.00, BestProfit:0.24@F6) → Purchase F6",0.19
7,4,C17,True,"yes, personalized recommendations significantly reduce search cost with 7 firms.",6,"### Decision:
I'll **purchase Firm 6** (choose number 6) because:  
- Positive profit (0.09) found  
- Further search cost (0.02) may reduce net revenue below zero given small profit margin","C17 Search #1 (Searched:1/7, SearchCost:0.00, BestProfit:0.09@F6) → Purchase F6",0.06
7,4,C18,True,"yes, the reduction in search cost outweighs the small privacy cost",0,"### Decision:
I'll **purchase Firm 0** (choose number 0) because:  
- The potential profit (0.09) is positive.  
- Further search cost (0.02) may reduce net revenue below zero given privacy and search costs.","C18 Search #1 (Searched:1/7, SearchCost:0.00, BestProfit:0.09@F0) → Purchase F0",0.04
7,4,C19,True,"yes, sharing data reduces search cost significantly with many firms.",6,"### Decision:
I'll **purchase Firm 6** (choose number 6) because:  
- Positive profit of 0.26 is good  
- Further search costs 0.02 and may not yield better profit","C19 Search #1 (Searched:1/7, SearchCost:0.00, BestProfit:0.26@F6) → Purchase F6",0.23
7,4,C20,True,"yes, because sharing data reduces search costs significantly with many firms.",6,"### Decision:
I'll **purchase Firm 6** (choose number 6) because:  
- Positive profit (0.06) found  
- Further search cost (0.02) may outweigh potential gain","C20 Search #1 (Searched:1/7, SearchCost:0.00, BestProfit:0.06@F6) → Purchase F6",0.01
7,5,C1,True,"yes, reduced search cost outweighs small privacy value",0,"### Decision:
I'll **purchase Firm 0** (choose number 0) because: 
- Positive profit (0.07) on first free search
- Further search cost (0.02) may reduce net revenue with small profit margin","C1 Search #1 (Searched:1/7, SearchCost:0.00, BestProfit:0.07@F0) → Purchase F0",0.03
7,5,C2,True,"yes, personalized recommendations will significantly reduce search costs with 7 firms.",0,"### Decision:
I'll **purchase Firm 0** (choose number 0) because:  
- Positive profit (0.09) found  
- Additional search cost (0.02) may reduce total revenue  
- First search is free and profit > 0, so buying now is rational","C2 Search #1 (Searched:1/7, SearchCost:0.00, BestProfit:0.09@F0) → Purchase F0",0.06
7,5,C3,True,"yes, sharing data reduces search costs significantly with many firms.",0,"### Decision:
I'll **purchase Firm 0** (choose number 0) because:  
- Positive profit (0.08) found  
- Additional search cost (0.02) may reduce net gain below zero","C3 Search #1 (Searched:1/7, SearchCost:0.00, BestProfit:0.08@F0) → Purchase F0",0.05
7,5,C4,True,"yes, the reduction in search cost outweighs the small privacy cost",6,"### Decision:
I'll **purchase Firm 6** (choose number 6) because:  
- Positive profit (0.18) found  
- Further search cost (0.02) may reduce total revenue","C4 Search #1 (Searched:1/7, SearchCost:0.00, BestProfit:0.18@F6) → Purchase F6",0.15
7,5,C5,True,"yes, sharing data reduces search costs significantly with many firms.",3,"### Decision:
I'll **purchase Firm 3** (choose number 3) because:  
- Positive profit of 0.09 found  
- Further search cost of 0.02 plus privacy cost likely reduces net revenue below zero","C5 Search #1 (Searched:1/7, SearchCost:0.00, BestProfit:0.09@F3) → Purchase F3",0.05
7,5,C6,True,"yes, because personalized recommendations will significantly reduce search cost with 7 firms.",4,"### Decision:
I'll **purchase Firm 4** (choose number 4) because:  
- Positive profit (0.01) found  
- Additional search cost (0.02) may reduce net revenue below zero","C6 Search #1 (Searched:1/7, SearchCost:0.00, BestProfit:0.01@F4) → Purchase F4",-0.04
7,5,C7,True,"yes, reduced search cost outweighs small privacy cost",-1,"### Decision:
I'll **leave** (choose number -1) because:  
- Current profit is negative (-0.04)  
- Searching costs (0.02) may not be justified given small valuation margin","C7 Search #1 (Searched:1/7, SearchCost:0.00, BestProfit:-0.04@F0) → Leave Market",-0.04
7,5,C8,True,"yes, because sharing data reduces search cost significantly with many firms.",6,"### Decision:
I'll **purchase Firm 6** (choose number 6) because:  
- Positive profit (0.24) already found  
- Further search cost (0.02) may reduce net revenue below zero","C8 Search #1 (Searched:1/7, SearchCost:0.00, BestProfit:0.24@F6) → Purchase F6",0.2
7,5,C9,True,"yes, because sharing data reduces search cost significantly with 7 firms, outweighing the small privacy cost.",4,"### Decision:
I'll **purchase Firm 4** (choose number 4) because:  
- Positive profit (0.15) is available  
- Further search cost (0.02) may reduce total revenue","C9 Search #1 (Searched:1/7, SearchCost:0.00, BestProfit:0.15@F4) → Purchase F4",0.1
7,5,C10,True,"yes, because sharing data significantly reduces search cost with many firms.",3,"### Decision:
I'll **purchase Firm 3** (choose number 3) because:  
- The potential profit is positive (0.11).  
- Further search costs 0.02 may reduce net gain below zero given diminishing returns.","C10 Search #1 (Searched:1/7, SearchCost:0.00, BestProfit:0.11@F3) → Purchase F3",0.07
7,5,C11,True,"yes, because sharing data reduces search costs significantly with 7 firms.",5,"### Decision:
I'll **purchase Firm 5** (choose number 5) because:  
- Positive profit (0.03) found  
- Further search cost (0.02) may outweigh potential gains","C11 Search #1 (Searched:1/7, SearchCost:0.00, BestProfit:0.03@F5) → Purchase F5",0.0
7,5,C12,True,"yes, personalized recommendations significantly reduce search costs with 7 firms.",5,"### Decision:
I'll **purchase Firm 5** (choose number 5) because:  
- Positive profit (0.15) found  
- Additional search cost (0.02) may outweigh potential gain","C12 Search #1 (Searched:1/7, SearchCost:0.00, BestProfit:0.15@F5) → Purchase F5",0.12
7,5,C13,True,"yes, sharing reduces search costs significantly with 7 firms.",3,"### Decision:
I'll **purchase Firm 3** (choose number 3) because:  
- Positive profit of 0.08 is above zero  
- Additional search cost of 0.02 may not yield better profit","C13 Search #1 (Searched:1/7, SearchCost:0.00, BestProfit:0.08@F3) → Purchase F3",0.05
7,5,C14,True,"yes, sharing data reduces search cost significantly and increases chance of positive profit.",2,"### Decision:
I'll **purchase Firm 2** (choose number 2) because:  
- Positive profit of 0.05 is small but non-negative  
- Further search cost (0.02) may reduce net revenue below zero","C14 Search #1 (Searched:1/7, SearchCost:0.00, BestProfit:0.05@F2) → Purchase F2",0.0
7,5,C15,True,"yes, sharing reduces search costs significantly with many firms.",5,"### Decision:
I'll **purchase Firm 5** (choose number 5) because:  
- The potential profit (0.16) is positive and outweighs the search cost.  
- Further search cost (0.02) may reduce total revenue below zero.","C15 Search #1 (Searched:1/7, SearchCost:0.00, BestProfit:0.16@F5) → Purchase F5",0.13
7,5,C16,True,"yes, because sharing data reduces search cost significantly with many firms.",6,"### Decision:
I'll **purchase Firm 6** because:  
- The potential profit (0.19) is positive.  
- Further search cost (0.02) may reduce net revenue below zero.","C16 Search #1 (Searched:1/7, SearchCost:0.00, BestProfit:0.19@F6) → Purchase F6",0.14
7,5,C17,True,"yes, personalized recommendations significantly reduce search cost with 7 firms.",6,"### Decision:
I'll **purchase Firm 6** (choose number 6) because:  
- Positive profit (0.04) found  
- Further search cost (0.02) may reduce net revenue below zero given small profit margin","C17 Search #1 (Searched:1/7, SearchCost:0.00, BestProfit:0.04@F6) → Purchase F6",0.01
7,5,C18,True,"yes, the reduction in search cost outweighs the small privacy cost",0,"### Decision:
I'll **purchase Firm 0** (choose number 0) because:  
- The potential profit (0.04) is positive  
- Further search cost (0.02) may reduce net revenue below zero given privacy and search costs","C18 Search #1 (Searched:1/7, SearchCost:0.00, BestProfit:0.04@F0) → Purchase F0",-0.01
7,5,C19,True,"yes, sharing data reduces search cost significantly with many firms.",6,"### Decision:
I'll **purchase Firm 6** (choose number 6) because:  
- Positive profit of 0.21 is good  
- Further search costs 0.02 and may not yield better profit","C19 Search #1 (Searched:1/7, SearchCost:0.00, BestProfit:0.21@F6) → Purchase F6",0.18
7,5,C20,True,"yes, because sharing data reduces search costs significantly with many firms.",-1,"### Decision:
I'll **leave** (choose number -1) because:  
- Profit (0.01) is positive but very small  
- Further search cost (0.02) outweighs potential gain  
- No incentive to pay more search cost for negligible improvement","C20 Search #1 (Searched:1/7, SearchCost:0.00, BestProfit:0.01@F6) → Leave Market",-0.05
7,6,C1,True,"yes, reduced search cost outweighs small privacy value",0,"### Decision:
I'll **purchase Firm 0** (choose number 0) because: 
- Positive profit (0.12) on first free search
- Further search cost (0.02) may reduce net revenue with small profit margin","C1 Search #1 (Searched:1/7, SearchCost:0.00, BestProfit:0.12@F0) → Purchase F0",0.08
7,6,C2,True,"yes, personalized recommendations significantly reduce search costs with 7 firms.",0,"### Decision:
I'll **purchase Firm 0** (choose number 0) because:  
- Positive profit (0.14) found  
- Additional search cost (0.02) may reduce total revenue  
- First search is free and profit > 0, so buying now is rational","C2 Search #1 (Searched:1/7, SearchCost:0.00, BestProfit:0.14@F0) → Purchase F0",0.11
7,6,C3,True,"yes, sharing data reduces search costs significantly with many firms.",0,"### Decision:
I'll **purchase Firm 0** (choose number 0) because:  
- Positive profit (0.13) found  
- Additional search cost (0.02) may reduce net gain below zero","C3 Search #1 (Searched:1/7, SearchCost:0.00, BestProfit:0.13@F0) → Purchase F0",0.1
7,6,C4,True,"yes, the reduction in search cost outweighs the small privacy cost",6,"### Decision:
I'll **purchase Firm 6** (choose number 6) because:  
- Positive profit (0.23) found  
- Further search cost (0.02) may reduce total revenue","C4 Search #1 (Searched:1/7, SearchCost:0.00, BestProfit:0.23@F6) → Purchase F6",0.2
7,6,C5,True,"yes, because sharing data reduces search costs significantly with many firms.",3,"### Decision:
I'll **purchase Firm 3** (choose number 3) because:  
- Positive profit of 0.04 found  
- Further search cost (0.02) plus privacy cost (0.035) likely reduces net revenue below zero","C5 Search #1 (Searched:1/7, SearchCost:0.00, BestProfit:0.04@F3) → Purchase F3",0.0
7,6,C6,True,"yes, personalized recommendations reduce search cost significantly with 7 firms.",-1,"### Decision:
I'll **leave** (choose number -1) because:  
- No positive profit found so far  
- Further search cost (0.02) likely outweighs potential gain","C6 Search #1 (Searched:1/7, SearchCost:0.00, BestProfit:-0.04@F4) → Leave Market",-0.05
7,6,C7,True,"yes, reduced search cost outweighs small privacy cost",0,"### Decision:
I'll **purchase Firm 0** (choose number 0) because:  
- Positive profit (0.01) is available  
- Further search cost (0.02) may outweigh potential gains given small net profit margin","C7 Search #1 (Searched:1/7, SearchCost:0.00, BestProfit:0.01@F0) → Purchase F0",-0.03
7,6,C8,True,"yes, because sharing data reduces search cost significantly with many firms.",6,"### Decision:
I'll **purchase Firm 6** (choose number 6) because:  
- Positive profit (0.29) already found  
- Further search cost (0.02) may reduce net revenue below zero","C8 Search #1 (Searched:1/7, SearchCost:0.00, BestProfit:0.29@F6) → Purchase F6",0.25
7,6,C9,True,"yes, because sharing data reduces search cost significantly with 7 firms, outweighing the small privacy cost.",4,"### Decision:
I'll **purchase Firm 4** (choose number 4) because:  
- Positive profit (0.1) is available  
- Further search cost (0.02) may reduce total revenue  
- First search is free and profit exceeds privacy cost","C9 Search #1 (Searched:1/7, SearchCost:0.00, BestProfit:0.10@F4) → Purchase F4",0.05
7,6,C10,True,"yes, because sharing data reduces search cost significantly with many firms.",3,"### Decision:
I'll **purchase Firm 3** (choose number 3) because:  
- The potential profit (0.06) is positive.  
- Further search costs 0.02 may reduce net gain below zero given diminishing returns.","C10 Search #1 (Searched:1/7, SearchCost:0.00, BestProfit:0.06@F3) → Purchase F3",0.02
7,6,C11,True,"yes, because sharing data reduces search costs significantly with 7 firms.",6,"### Decision:
I'll **purchase Firm 6** (choose number 6) because:  
- Positive profit (0.01) found  
- Further search cost (0.02) may outweigh potential gains","C11 Search #1 (Searched:1/7, SearchCost:0.00, BestProfit:-0.07@F5) → Search Next; C11 Search #2 (Searched:2/7, SearchCost:0.02, BestProfit:0.01@F6) → Purchase F6",-0.04
7,6,C12,True,"yes, personalized recommendations significantly reduce search costs with 7 firms.",5,"### Decision:
I'll **purchase Firm 5** (choose number 5) because:  
- Positive profit (0.05) found  
- Additional search cost (0.02) may outweigh potential gain  
- First search free and current profit is acceptable","C12 Search #1 (Searched:1/7, SearchCost:0.00, BestProfit:0.05@F5) → Purchase F5",0.02
7,6,C13,True,"yes, sharing reduces search costs significantly with 7 firms.",3,"### Decision:
I'll **purchase Firm 3** (choose number 3) because:  
- Positive profit of 0.03 is above zero  
- Additional search cost of 0.02 may not yield better profit","C13 Search #1 (Searched:1/7, SearchCost:0.00, BestProfit:0.03@F3) → Purchase F3",0.0
7,6,C14,True,"yes, sharing data reduces search cost significantly and increases chance of positive profit.",-1,"### Decision:
I'll **leave** (choose number -1) because:  
- Profit from searched firm is zero, no positive gain  
- Further search cost (0.02) likely to reduce revenue below zero","C14 Search #1 (Searched:1/7, SearchCost:0.00, BestProfit:0.00@F2) → Leave Market",-0.05
7,6,C15,True,"yes, sharing reduces search costs significantly with many firms.",5,"### Decision:
I'll **purchase Firm 5** (choose number 5) because:  
- The potential profit (0.06) is positive.  
- Further search cost (0.02) may reduce total revenue below zero.","C15 Search #1 (Searched:1/7, SearchCost:0.00, BestProfit:0.06@F5) → Purchase F5",0.03
7,6,C16,True,"yes, because sharing data reduces search cost significantly with many firms.",6,"### Decision:
I'll **purchase Firm 6** because:  
- The potential profit (0.24) is positive.  
- Further search cost (0.02) may reduce net revenue below zero.","C16 Search #1 (Searched:1/7, SearchCost:0.00, BestProfit:0.24@F6) → Purchase F6",0.19
7,6,C17,True,"yes, personalized recommendations significantly reduce search cost with 7 firms.",6,"### Decision:
I'll **purchase Firm 6** (choose number 6) because:  
- Positive profit (0.09) found  
- Further search cost (0.02) may reduce net revenue below zero given small profit margin","C17 Search #1 (Searched:1/7, SearchCost:0.00, BestProfit:0.09@F6) → Purchase F6",0.06
7,6,C18,True,"yes, the reduction in search cost outweighs the small privacy cost",0,"### Decision:
I'll **purchase Firm 0** (choose number 0) because:  
- The potential profit (0.09) is positive.  
- Further search cost (0.02) and privacy cost risk reducing net revenue below zero.","C18 Search #1 (Searched:1/7, SearchCost:0.00, BestProfit:0.09@F0) → Purchase F0",0.04
7,6,C19,True,"yes, sharing data reduces search cost significantly with many firms.",6,"### Decision:
I'll **purchase Firm 6** (choose number 6) because:  
- Positive profit of 0.26 is good  
- Further search costs 0.02 and may not yield better profit","C19 Search #1 (Searched:1/7, SearchCost:0.00, BestProfit:0.26@F6) → Purchase F6",0.23
7,6,C20,True,"yes, because sharing data significantly reduces search costs with many firms.",6,"### Decision:
I'll **purchase Firm 6** (choose number 6) because:  
- Positive profit (0.06) found  
- Further search cost (0.02) may outweigh potential gain","C20 Search #1 (Searched:1/7, SearchCost:0.00, BestProfit:0.06@F6) → Purchase F6",0.01
7,7,C1,True,"yes, reduced search cost outweighs small privacy value",0,"### Decision:
I'll **purchase Firm 0** (choose number 0) because: 
- Positive profit (0.07) on first free search
- Further search cost (0.02) may reduce net revenue with small profit margin","C1 Search #1 (Searched:1/7, SearchCost:0.00, BestProfit:0.07@F0) → Purchase F0",0.03
7,7,C2,True,"yes, personalized recommendations will reduce search costs significantly with 7 firms.",0,"### Decision:
I'll **purchase Firm 0** (choose number 0) because:  
- Positive profit (0.09) found  
- Additional search cost (0.02) may reduce total revenue  
- First search is free and profit > 0, so buying now is rational","C2 Search #1 (Searched:1/7, SearchCost:0.00, BestProfit:0.09@F0) → Purchase F0",0.06
7,7,C3,True,"yes, sharing data reduces search costs significantly with many firms.",0,"### Decision:
I'll **purchase Firm 0** (choose number 0) because:  
- Positive profit (0.08) found  
- Additional search cost (0.02) may reduce net gain below zero","C3 Search #1 (Searched:1/7, SearchCost:0.00, BestProfit:0.08@F0) → Purchase F0",0.05
7,7,C4,True,"yes, the reduction in search cost outweighs the small privacy cost",6,"### Decision:
I'll **purchase Firm 6** (choose number 6) because:  
- Positive profit (0.23) found  
- Further search cost (0.02) may reduce total revenue","C4 Search #1 (Searched:1/7, SearchCost:0.00, BestProfit:0.23@F6) → Purchase F6",0.2
7,7,C5,True,"yes, sharing data reduces search costs significantly with many firms.",-1,"### Decision:
I'll **leave** (choose number -1) because:  
- The only searched firm has negative profit (-0.01)  
- Searching more costs 0.02, likely leading to negative net revenue given privacy cost and search cost considerations","C5 Search #1 (Searched:1/7, SearchCost:0.00, BestProfit:-0.01@F3) → Leave Market",-0.04
7,7,C6,True,"yes, personalized recommendations will significantly reduce search cost with 7 firms.",2,"### Decision:
I'll **purchase Firm 2** (choose number 2) because:  
- Positive profit (0.05) found  
- Additional search cost (0.02) may reduce net revenue below zero","C6 Search #1 (Searched:1/7, SearchCost:0.00, BestProfit:-0.09@F4) → Search Next; C6 Search #2 (Searched:2/7, SearchCost:0.02, BestProfit:0.05@F2) → Purchase F2",-0.02
7,7,C7,True,"yes, reduced search cost outweighs small privacy cost",-1,"### Decision:
I'll **leave** (choose number -1) because: 
- Current profit is negative (-0.04)
- Further search cost (0.02) may not be justified given small valuation margin","C7 Search #1 (Searched:1/7, SearchCost:0.00, BestProfit:-0.04@F0) → Leave Market",-0.04
7,7,C8,True,"yes, sharing data reduces search cost significantly with many firms.",6,"### Decision:
I'll **purchase Firm 6** (choose number 6) because:  
- Positive profit (0.29) found  
- Further search cost (0.02) may reduce net revenue below zero","C8 Search #1 (Searched:1/7, SearchCost:0.00, BestProfit:0.29@F6) → Purchase F6",0.25
7,7,C9,True,"yes, because sharing data reduces search cost significantly with 7 firms, outweighing the small privacy cost.",4,"### Decision:
I'll **purchase Firm 4** (choose number 4) because:  
- Positive profit (0.05) is available  
- Further search cost (0.02) may reduce total revenue  
- First search is free and profit exceeds privacy cost","C9 Search #1 (Searched:1/7, SearchCost:0.00, BestProfit:0.05@F4) → Purchase F4",0.0
7,7,C10,True,"yes, sharing data reduces search cost significantly with 7 firms.",-1,"### Decision:
I'll **leave** (choose number -1) because:  
- The only searched firm offers minimal positive profit (0.01)  
- Further search costs 0.02, which will reduce net gain below zero","C10 Search #1 (Searched:1/7, SearchCost:0.00, BestProfit:0.01@F3) → Leave Market",-0.04
7,7,C11,True,"yes, because sharing data reduces search costs significantly with 7 firms.",5,"### Decision:
I'll **purchase Firm 5** (choose number 5) because:  
- Positive profit (0.03) found  
- Further search cost (0.02) may outweigh potential gains","C11 Search #1 (Searched:1/7, SearchCost:0.00, BestProfit:0.03@F5) → Purchase F5",0.0
7,7,C12,True,"yes, personalized recommendations significantly reduce search costs with 7 firms.",5,"### Decision:
I'll **purchase Firm 5** (choose number 5) because:  
- Positive profit (0.15) already found  
- Additional search cost (0.02) may outweigh potential gain  
- First search is free and current profit is acceptable","C12 Search #1 (Searched:1/7, SearchCost:0.00, BestProfit:0.15@F5) → Purchase F5",0.12
7,7,C13,True,"yes, sharing data reduces search costs significantly with 7 firms",-1,"### Decision:
I'll **leave** (choose number -1) because:  
- All searched firms have negative profit  
- Searching more costs 0.02 and likely won't yield positive profit","C13 Search #1 (Searched:1/7, SearchCost:0.00, BestProfit:-0.02@F3) → Leave Market",-0.03
7,7,C14,True,"yes, because sharing data reduces search cost significantly with many firms, outweighing the small privacy cost.",2,"### Decision:
I'll **purchase Firm 2** (choose number 2) because:  
- Positive profit of 0.05 is small but non-negative  
- Further search cost (0.02) may reduce net revenue below zero","C14 Search #1 (Searched:1/7, SearchCost:0.00, BestProfit:0.05@F2) → Purchase F2",0.0
7,7,C15,True,"yes, sharing reduces search costs significantly with many firms.",5,"### Decision:
I'll **purchase Firm 5** (choose number 5) because:  
- The potential profit (0.16) is positive and outweighs the search cost.  
- Further search cost (0.02) may reduce total revenue below zero.","C15 Search #1 (Searched:1/7, SearchCost:0.00, BestProfit:0.16@F5) → Purchase F5",0.13
7,7,C16,True,"yes, because sharing data reduces search cost significantly with many firms.",6,"### Decision:
I'll **purchase Firm 6** because:  
- The potential profit (0.24) is positive.  
- Further search cost (0.02) may reduce net revenue below zero.","C16 Search #1 (Searched:1/7, SearchCost:0.00, BestProfit:0.24@F6) → Purchase F6",0.19
7,7,C17,True,"yes, personalized recommendations significantly reduce search cost with 7 firms.",6,"### Decision:
I'll **purchase Firm 6** (choose number 6) because:  
- Positive profit (0.09) found  
- Further search cost (0.02) may reduce net revenue below zero given small profit margin","C17 Search #1 (Searched:1/7, SearchCost:0.00, BestProfit:0.09@F6) → Purchase F6",0.06
7,7,C18,True,"yes, the reduction in search cost outweighs the small privacy cost",0,"### Decision:
I'll **purchase Firm 0** (choose number 0) because:  
- The potential profit (0.04) is positive  
- Further search cost (0.02) risks reducing net revenue below zero given privacy and search costs","C18 Search #1 (Searched:1/7, SearchCost:0.00, BestProfit:0.04@F0) → Purchase F0",-0.01
7,7,C19,True,"yes, because sharing data reduces search cost significantly with many firms.",6,"### Decision:
I'll **purchase Firm 6** (choose number 6) because:  
- Positive profit of 0.26 is good  
- Further search costs 0.02 and unlikely to yield better profit","C19 Search #1 (Searched:1/7, SearchCost:0.00, BestProfit:0.26@F6) → Purchase F6",0.23
7,7,C20,True,"yes, because sharing data reduces search costs significantly with many firms.",6,"### Decision:
I'll **purchase Firm 6** (choose number 6) because:  
- Positive profit (0.06) found  
- Further search cost (0.02) may outweigh potential gain","C20 Search #1 (Searched:1/7, SearchCost:0.00, BestProfit:0.06@F6) → Purchase F6",0.01
7,8,C1,True,"yes, reduced search cost outweighs small privacy value",0,"### Decision:
I'll **purchase Firm 0** (choose number 0) because: 
- Positive profit (0.12) on first free search
- Further search cost (0.02) may reduce net revenue with small profit margin","C1 Search #1 (Searched:1/7, SearchCost:0.00, BestProfit:0.12@F0) → Purchase F0",0.08
7,8,C2,True,"yes, personalized recommendations significantly reduce search costs with 7 firms.",0,"### Decision:
I'll **purchase Firm 0** (choose number 0) because:  
- Positive profit (0.14) found  
- Additional search cost (0.02) may reduce total revenue  
- First search is free and profit > 0, so buying now is rational","C2 Search #1 (Searched:1/7, SearchCost:0.00, BestProfit:0.14@F0) → Purchase F0",0.11
7,8,C3,True,"yes, sharing data reduces search costs significantly with many firms.",0,"### Decision:
I'll **purchase Firm 0** (choose number 0) because:  
- Positive profit (0.13) found  
- Additional search cost (0.02) may reduce net gain below zero","C3 Search #1 (Searched:1/7, SearchCost:0.00, BestProfit:0.13@F0) → Purchase F0",0.1
7,8,C4,True,"yes, the reduction in search cost outweighs the small privacy cost",6,"### Decision:
I'll **purchase Firm 6** (choose number 6) because:  
- Positive profit (0.23) found  
- Further search cost (0.02) may reduce total revenue","C4 Search #1 (Searched:1/7, SearchCost:0.00, BestProfit:0.23@F6) → Purchase F6",0.2
7,8,C5,True,"yes, because sharing data reduces search costs significantly with many firms.",3,"### Decision:
I'll **purchase Firm 3** (choose number 3) because:  
- Positive profit of 0.09 is found  
- Further search cost (0.02) plus privacy cost (0.035) likely reduces net revenue below zero","C5 Search #1 (Searched:1/7, SearchCost:0.00, BestProfit:0.09@F3) → Purchase F3",0.05
7,8,C6,True,"yes, personalized recommendations will significantly reduce search cost with 7 firms.",4,"### Decision:
I'll **purchase Firm 4** (choose number 4) because:  
- Positive profit (0.01) found  
- Additional search cost (0.02) may reduce net revenue below zero","C6 Search #1 (Searched:1/7, SearchCost:0.00, BestProfit:0.01@F4) → Purchase F4",-0.04
7,8,C7,True,"yes, reduced search cost outweighs small privacy cost",0,"### Decision:
I'll **purchase Firm 0** (choose number 0) because:  
- Positive profit (0.01) is available  
- Further search cost (0.02) may outweigh potential gains given small net profit margin","C7 Search #1 (Searched:1/7, SearchCost:0.00, BestProfit:0.01@F0) → Purchase F0",-0.03
7,8,C8,True,"yes, because sharing data reduces search cost significantly with many firms",6,"### Decision:
I'll **purchase Firm 6** (choose number 6) because:  
- Positive profit (0.29) found  
- Additional search cost (0.02) may reduce net revenue below zero","C8 Search #1 (Searched:1/7, SearchCost:0.00, BestProfit:0.29@F6) → Purchase F6",0.25
7,8,C9,True,"yes, because sharing data reduces search cost significantly with 7 firms, outweighing the small privacy cost.",4,"### Decision:
I'll **purchase Firm 4** (choose number 4) because:  
- Positive profit (0.15) is available  
- Further search cost (0.02) may reduce total revenue  
- First search is free and profit exceeds privacy cost","C9 Search #1 (Searched:1/7, SearchCost:0.00, BestProfit:0.15@F4) → Purchase F4",0.1
7,8,C10,True,"yes, because sharing data significantly reduces search cost with many firms.",3,"### Decision:
I'll **purchase Firm 3** (choose number 3) because: 
- The potential profit is positive (0.11)
- Further search costs 0.02 may reduce net gain below zero given diminishing returns","C10 Search #1 (Searched:1/7, SearchCost:0.00, BestProfit:0.11@F3) → Purchase F3",0.07
7,8,C11,True,"yes, because sharing data reduces search costs significantly with 7 firms.",5,"### Decision:
I'll **purchase Firm 5** (choose number 5) because:  
- Positive profit (0.03) found  
- Further search cost (0.02) may outweigh potential gains","C11 Search #1 (Searched:1/7, SearchCost:0.00, BestProfit:0.03@F5) → Purchase F5",0.0
7,8,C12,True,"yes, personalized recommendations significantly reduce search costs with 7 firms.",5,"### Decision:
I'll **purchase Firm 5** (choose number 5) because:  
- Positive profit (0.15) found  
- Additional search cost (0.02) may outweigh potential gain  
- First search is free and current profit is acceptable","C12 Search #1 (Searched:1/7, SearchCost:0.00, BestProfit:0.15@F5) → Purchase F5",0.12
7,8,C13,True,"yes, sharing data reduces search costs significantly with 7 firms",3,"### Decision:
I'll **purchase Firm 3** (choose number 3) because:  
- Positive profit of 0.08 is above zero  
- Additional search cost of 0.02 may not yield better profit","C13 Search #1 (Searched:1/7, SearchCost:0.00, BestProfit:0.08@F3) → Purchase F3",0.05
7,8,C14,True,"yes, sharing data reduces search cost significantly and increases chance of positive profit.",-1,"### Decision:
I'll **leave** (choose number -1) because:  
- Profit from searched firm is zero, no positive gain  
- Further search cost (0.02) likely to reduce revenue below zero","C14 Search #1 (Searched:1/7, SearchCost:0.00, BestProfit:0.00@F2) → Leave Market",-0.05
7,8,C15,True,"yes, sharing reduces search costs significantly with many firms.",5,"### Decision:
I'll **purchase Firm 5** (choose number 5) because: 
- The potential profit (0.16) is positive and outweighs the search cost.
- Further search cost (0.02) may reduce total revenue below zero.","C15 Search #1 (Searched:1/7, SearchCost:0.00, BestProfit:0.16@F5) → Purchase F5",0.13
7,8,C16,True,"yes, because sharing data reduces search cost significantly with many firms.",6,"### Decision:
I'll **purchase Firm 6** because:  
- The potential profit (0.24) is positive.  
- Further search costs (0.02) may reduce net revenue below zero.","C16 Search #1 (Searched:1/7, SearchCost:0.00, BestProfit:0.24@F6) → Purchase F6",0.19
7,8,C17,True,"yes, personalized recommendations reduce search cost significantly with 7 firms.",6,"### Decision:
I'll **purchase Firm 6** (choose number 6) because:  
- Positive profit (0.09) found  
- Further search cost (0.02) may reduce net revenue below zero given small profit margin","C17 Search #1 (Searched:1/7, SearchCost:0.00, BestProfit:0.09@F6) → Purchase F6",0.06
7,8,C18,True,"yes, the reduction in search cost outweighs the small privacy cost",0,"### Decision:
I'll **purchase Firm 0** (choose number 0) because:  
- The potential profit (0.09) is positive.  
- Further search cost (0.02) may reduce net revenue below zero given privacy and search costs.","C18 Search #1 (Searched:1/7, SearchCost:0.00, BestProfit:0.09@F0) → Purchase F0",0.04
7,8,C19,True,"yes, because sharing data reduces search cost significantly with many firms.",6,"### Decision:
I'll **purchase Firm 6** (choose number 6) because:  
- Positive profit of 0.26 is good  
- Further search costs 0.02 and unlikely to yield better profit","C19 Search #1 (Searched:1/7, SearchCost:0.00, BestProfit:0.26@F6) → Purchase F6",0.23
7,8,C20,True,"yes, because sharing data reduces search costs significantly with many firms.",6,"### Decision:
I'll **purchase Firm 6** (choose number 6) because:  
- Positive profit (0.06) found  
- Further search cost (0.02) may outweigh potential gain","C20 Search #1 (Searched:1/7, SearchCost:0.00, BestProfit:0.06@F6) → Purchase F6",0.01
7,9,C1,True,"yes, reduced search cost outweighs small privacy value",0,"### Decision:
I'll **purchase Firm 0** (choose number 0) because: 
- Positive profit (0.12) on first free search
- Further search cost (0.02) may reduce net revenue with small profit margin","C1 Search #1 (Searched:1/7, SearchCost:0.00, BestProfit:0.12@F0) → Purchase F0",0.08
7,9,C2,True,"yes, personalized recommendations significantly reduce search costs with 7 firms.",0,"### Decision:
I'll **purchase Firm 0** (choose number 0) because:  
- Positive profit (0.14) found  
- Additional search cost (0.02) may reduce total revenue  
- First search is free and profit > 0, so buying now is rational","C2 Search #1 (Searched:1/7, SearchCost:0.00, BestProfit:0.14@F0) → Purchase F0",0.11
7,9,C3,True,"yes, because sharing data reduces search costs significantly with many firms.",0,"### Decision:
I'll **purchase Firm 0** (choose number 0) because:  
- Positive profit (0.13) found  
- Additional search cost (0.02) may reduce net gain below zero","C3 Search #1 (Searched:1/7, SearchCost:0.00, BestProfit:0.13@F0) → Purchase F0",0.1
7,9,C4,True,"yes, the reduction in search cost outweighs the small privacy cost",6,"### Decision:
I'll **purchase Firm 6** (choose number 6) because:  
- Positive profit (0.23) found  
- Further search cost (0.02) may reduce total revenue","C4 Search #1 (Searched:1/7, SearchCost:0.00, BestProfit:0.23@F6) → Purchase F6",0.2
7,9,C5,True,"yes, sharing data reduces search costs significantly with many firms.",3,"### Decision:
I'll **purchase Firm 3** (choose number 3) because:  
- Positive profit of 0.04 found  
- Further search cost (0.02) plus privacy cost (0.035) likely reduces net revenue below zero","C5 Search #1 (Searched:1/7, SearchCost:0.00, BestProfit:0.04@F3) → Purchase F3",0.0
7,9,C6,True,"yes, personalized recommendations reduce search cost significantly with 7 firms.",4,"### Decision:
I'll **purchase Firm 4** (choose number 4) because:  
- Positive profit (0.01) found  
- Additional search cost (0.02) may reduce net revenue below zero","C6 Search #1 (Searched:1/7, SearchCost:0.00, BestProfit:0.01@F4) → Purchase F4",-0.04
7,9,C7,True,"yes, reduced search cost outweighs small privacy cost",0,"### Decision:
I'll **purchase Firm 0** (choose number 0) because:  
- Positive profit (0.01) is available  
- Further search cost (0.02) may outweigh potential gains given small net profit margin","C7 Search #1 (Searched:1/7, SearchCost:0.00, BestProfit:0.01@F0) → Purchase F0",-0.03
7,9,C8,True,"yes, because sharing data reduces search cost significantly with many firms.",6,"### Decision:
I'll **purchase Firm 6** (choose number 6) because:  
- Positive profit (0.29) found  
- Further search cost (0.02) may reduce net revenue below zero","C8 Search #1 (Searched:1/7, SearchCost:0.00, BestProfit:0.29@F6) → Purchase F6",0.25
7,9,C9,True,"yes, because sharing data reduces search cost significantly with 7 firms, outweighing the small privacy cost.",4,"### Decision:
I'll **purchase Firm 4** (choose number 4) because:  
- Positive profit (0.15) is available  
- Further search cost (0.02) may reduce total revenue  
- First search is free and profit exceeds privacy cost","C9 Search #1 (Searched:1/7, SearchCost:0.00, BestProfit:0.15@F4) → Purchase F4",0.1
7,9,C10,True,"yes, because sharing data reduces search cost significantly with many firms.",3,"### Decision:
I'll **purchase Firm 3** (choose number 3) because:  
- The potential profit is positive (0.06).  
- Further search costs 0.02 may reduce net gain below zero given diminishing returns.","C10 Search #1 (Searched:1/7, SearchCost:0.00, BestProfit:0.06@F3) → Purchase F3",0.02
7,9,C11,True,"yes, because sharing data reduces search costs significantly with 7 firms.",5,"### Decision:
I'll **purchase Firm 5** (choose number 5) because:  
- Positive profit (0.03) found  
- Further search cost (0.02) may outweigh potential gains","C11 Search #1 (Searched:1/7, SearchCost:0.00, BestProfit:0.03@F5) → Purchase F5",0.0
7,9,C12,True,"yes, personalized recommendations significantly reduce search costs with 7 firms.",5,"### Decision:
I'll **purchase Firm 5** (choose number 5) because:  
- Positive profit (0.15) found  
- Additional search cost (0.02) may outweigh potential gain  
- First search is free and current profit is acceptable","C12 Search #1 (Searched:1/7, SearchCost:0.00, BestProfit:0.15@F5) → Purchase F5",0.12
7,9,C13,True,"yes, sharing data reduces search costs significantly with 7 firms.",3,"### Decision:
I'll **purchase Firm 3** (choose number 3) because:  
- Positive profit of 0.03 is above zero  
- Additional search cost of 0.02 may not yield better profit","C13 Search #1 (Searched:1/7, SearchCost:0.00, BestProfit:0.03@F3) → Purchase F3",0.0
7,9,C14,True,"yes, because sharing data reduces search cost significantly with many firms, outweighing the small privacy cost.",2,"### Decision:
I'll **purchase Firm 2** (choose number 2) because:  
- Positive profit of 0.05 is small but non-negative  
- Further search cost (0.02) may reduce net revenue below zero","C14 Search #1 (Searched:1/7, SearchCost:0.00, BestProfit:0.05@F2) → Purchase F2",0.0
7,9,C15,True,"yes, sharing reduces search costs significantly with many firms.",5,"### Decision:
I'll **purchase Firm 5** (choose number 5) because:  
- The potential profit (0.16) is positive and outweighs the zero search cost.  
- Further search cost (0.02) may reduce total revenue below zero.","C15 Search #1 (Searched:1/7, SearchCost:0.00, BestProfit:0.16@F5) → Purchase F5",0.13
7,9,C16,True,"yes, because sharing data reduces search cost significantly with many firms.",6,"### Decision:
I'll **purchase Firm 6** because:  
- The potential profit (0.24) is positive.  
- Further search cost (0.02) may reduce net revenue below zero.","C16 Search #1 (Searched:1/7, SearchCost:0.00, BestProfit:0.24@F6) → Purchase F6",0.19
7,9,C17,True,"yes, personalized recommendations significantly reduce search cost with 7 firms.",6,"### Decision:
I'll **purchase Firm 6** (choose number 6) because:  
- Positive profit (0.09) found  
- Further search cost (0.02) may reduce net revenue below zero given small profit margin","C17 Search #1 (Searched:1/7, SearchCost:0.00, BestProfit:0.09@F6) → Purchase F6",0.06
7,9,C18,True,"yes, the reduction in search cost outweighs the small privacy cost",0,"### Decision:
I'll **purchase Firm 0** (choose number 0) because:  
- The potential profit (0.09) is positive.  
- Further search cost (0.02) risks reducing net revenue below zero given privacy and search costs.","C18 Search #1 (Searched:1/7, SearchCost:0.00, BestProfit:0.09@F0) → Purchase F0",0.04
7,9,C19,True,"yes, because sharing data reduces search cost significantly with many firms.",6,"### Decision:
I'll **purchase Firm 6** (choose number 6) because:  
- Positive profit of 0.26 is good  
- Further search costs 0.02 and unlikely to yield better profit","C19 Search #1 (Searched:1/7, SearchCost:0.00, BestProfit:0.26@F6) → Purchase F6",0.23
7,9,C20,True,"yes, because sharing data reduces search costs significantly with many firms.",6,"### Decision:
I'll **purchase Firm 6** (choose number 6) because:  
- Positive profit (0.06) found  
- Further search cost (0.02) may outweigh potential gain","C20 Search #1 (Searched:1/7, SearchCost:0.00, BestProfit:0.06@F6) → Purchase F6",0.01
7,10,C1,True,"yes, reduced search cost outweighs small privacy value",0,"### Decision:
I'll **purchase Firm 0** (choose number 0) because: 
- Positive profit (0.12) on first free search
- Further search cost (0.02) may reduce net revenue with small profit margin","C1 Search #1 (Searched:1/7, SearchCost:0.00, BestProfit:0.12@F0) → Purchase F0",0.08
7,10,C2,True,"yes, personalized recommendations significantly reduce search costs with 7 firms.",0,"### Decision:
I'll **purchase Firm 0** (choose number 0) because:  
- Positive profit (0.14) found  
- Additional search cost (0.02) may reduce total revenue  
- First search is free and profit > 0, so buying now is rational","C2 Search #1 (Searched:1/7, SearchCost:0.00, BestProfit:0.14@F0) → Purchase F0",0.11
7,10,C3,True,"yes, sharing data reduces search costs significantly with many firms.",0,"### Decision:
I'll **purchase Firm 0** (choose number 0) because:  
- Positive profit (0.13) found  
- Additional search cost (0.02) may reduce net gain below zero","C3 Search #1 (Searched:1/7, SearchCost:0.00, BestProfit:0.13@F0) → Purchase F0",0.1
7,10,C4,True,"yes, the reduction in search cost outweighs the small privacy cost",6,"### Decision:
I'll **purchase Firm 6** (choose number 6) because:  
- Positive profit (0.23) found  
- Further search cost (0.02) may reduce total revenue","C4 Search #1 (Searched:1/7, SearchCost:0.00, BestProfit:0.23@F6) → Purchase F6",0.2
7,10,C5,True,"yes, because sharing data reduces search costs significantly with many firms.",3,"### Decision:
I'll **purchase Firm 3** (choose number 3) because:  
- Positive profit of 0.04 found  
- Further search cost (0.02) plus privacy cost (0.035) likely reduces net revenue below zero","C5 Search #1 (Searched:1/7, SearchCost:0.00, BestProfit:0.04@F3) → Purchase F3",0.0
7,10,C6,True,"yes, personalized recommendations significantly reduce search cost with 7 firms.",4,"### Decision:
I'll **purchase Firm 4** (choose number 4) because:  
- Positive profit (0.01) found  
- Additional search cost (0.02) may reduce net revenue below zero","C6 Search #1 (Searched:1/7, SearchCost:0.00, BestProfit:0.01@F4) → Purchase F4",-0.04
7,10,C7,True,"yes, reduced search cost outweighs small privacy cost",0,"### Decision:
I'll **purchase Firm 0** (choose number 0) because:  
- Positive profit (0.01) is available  
- Further search cost (0.02) may outweigh potential gains given small net profit margin","C7 Search #1 (Searched:1/7, SearchCost:0.00, BestProfit:0.01@F0) → Purchase F0",-0.03
7,10,C8,True,"yes, sharing data reduces search cost significantly with many firms.",6,"### Decision:
I'll **purchase Firm 6** (choose number 6) because:  
- Positive profit (0.29) found  
- Further search cost (0.02) may reduce net revenue below zero","C8 Search #1 (Searched:1/7, SearchCost:0.00, BestProfit:0.29@F6) → Purchase F6",0.25
7,10,C9,True,"yes, because sharing data reduces search cost significantly with 7 firms, outweighing the small privacy cost.",4,"### Decision:
I'll **purchase Firm 4** (choose number 4) because:  
- Positive profit (0.15) is available  
- Further search cost (0.02) may reduce total revenue  
- First search is free and profit exceeds privacy cost","C9 Search #1 (Searched:1/7, SearchCost:0.00, BestProfit:0.15@F4) → Purchase F4",0.1
7,10,C10,True,"yes, because sharing data reduces search cost significantly with many firms.",3,"### Decision:
I'll **purchase Firm 3** (choose number 3) because:  
- The potential profit is positive (0.06).  
- Further search costs 0.02 may reduce net gain below zero given diminishing returns.","C10 Search #1 (Searched:1/7, SearchCost:0.00, BestProfit:0.06@F3) → Purchase F3",0.02
7,10,C11,True,"yes, because sharing data reduces search costs significantly with 7 firms.",5,"### Decision:
I'll **purchase Firm 5** (choose number 5) because:  
- Positive profit (0.03) found  
- Further search cost (0.02) may outweigh potential gains","C11 Search #1 (Searched:1/7, SearchCost:0.00, BestProfit:0.03@F5) → Purchase F5",0.0
7,10,C12,True,"yes, personalized recommendations significantly reduce search costs with 7 firms.",5,"### Decision:
I'll **purchase Firm 5** (choose number 5) because:  
- Positive profit (0.15) found  
- Additional search cost (0.02) may outweigh potential gain  
- First search is free and current profit is acceptable","C12 Search #1 (Searched:1/7, SearchCost:0.00, BestProfit:0.15@F5) → Purchase F5",0.12
7,10,C13,True,"yes, sharing data reduces search costs significantly with 7 firms",3,"### Decision:
I'll **purchase Firm 3** (choose number 3) because:  
- Positive profit of 0.03 is above zero  
- Additional search cost of 0.02 may not yield better profit","C13 Search #1 (Searched:1/7, SearchCost:0.00, BestProfit:0.03@F3) → Purchase F3",0.0
7,10,C14,True,"yes, because sharing data reduces search cost significantly, outweighing the small privacy cost.",2,"### Decision:
I'll **purchase Firm 2** (choose number 2) because:  
- Positive profit of 0.05 is small but non-negative  
- Further search cost (0.02) may reduce net revenue below zero","C14 Search #1 (Searched:1/7, SearchCost:0.00, BestProfit:0.05@F2) → Purchase F2",0.0
7,10,C15,True,"yes, sharing reduces search costs significantly with many firms.",5,"### Decision:
I'll **purchase Firm 5** (choose number 5) because:  
- The potential profit (0.16) is positive and outweighs the zero search cost.  
- Further search cost (0.02) may reduce total revenue below zero.","C15 Search #1 (Searched:1/7, SearchCost:0.00, BestProfit:0.16@F5) → Purchase F5",0.13
7,10,C16,True,"yes, because sharing data reduces search cost significantly with many firms.",6,"### Decision:
I'll **purchase Firm 6** (choose number 6) because:  
- The potential profit (0.24) is positive.  
- Further search cost (0.02) may reduce net revenue below zero.","C16 Search #1 (Searched:1/7, SearchCost:0.00, BestProfit:0.24@F6) → Purchase F6",0.19
7,10,C17,True,"yes, personalized recommendations significantly reduce search cost with 7 firms.",6,"### Decision:
I'll **purchase Firm 6** (choose number 6) because:  
- Positive profit (0.09) found  
- Further search cost (0.02) may reduce net revenue below zero given small profit margin","C17 Search #1 (Searched:1/7, SearchCost:0.00, BestProfit:0.09@F6) → Purchase F6",0.06
7,10,C18,True,"yes, the reduction in search cost outweighs the small privacy cost",0,"### Decision:
I'll **purchase Firm 0** (choose number 0) because:  
- The potential profit (0.09) is positive.  
- Further search cost (0.02) risks reducing net revenue below zero given privacy and search costs.","C18 Search #1 (Searched:1/7, SearchCost:0.00, BestProfit:0.09@F0) → Purchase F0",0.04
7,10,C19,True,"yes, sharing data reduces search cost significantly with many firms.",6,"### Decision:
I'll **purchase Firm 6** (choose number 6) because:  
- Positive profit of 0.26 is good  
- Further search costs 0.02 and unlikely to yield better profit","C19 Search #1 (Searched:1/7, SearchCost:0.00, BestProfit:0.26@F6) → Purchase F6",0.23
7,10,C20,True,"yes, because sharing data reduces search costs significantly with many firms.",6,"### Decision:
I'll **purchase Firm 6** (choose number 6) because:  
- Positive profit (0.06) found  
- Further search cost (0.02) may outweigh potential gain","C20 Search #1 (Searched:1/7, SearchCost:0.00, BestProfit:0.06@F6) → Purchase F6",0.01
8,1,C1,True,"yes, because sharing data reduces search cost significantly with many firms.",4,"### Decision:
I'll **purchase Firm 4** because: 
- Positive profit (0.42) already found
- Further search costs (0.02) may reduce net revenue below zero","C1 Search #1 (Searched:1/8, SearchCost:0.00, BestProfit:0.42@F4) → Purchase F4",0.39
8,1,C2,True,"yes, because the reduced search cost from personalized recommendations outweighs the small privacy cost.",2,"### Decision:
I'll **purchase Firm 2** (choose number 2) because: 
- Positive profit (0.14) is already found
- Further search costs (0.02) may reduce total revenue with small profit margin","C2 Search #1 (Searched:1/8, SearchCost:0.00, BestProfit:0.14@F2) → Purchase F2",0.1
8,1,C3,True,"yes, because sharing data reduces search cost significantly with many firms.",6,"### Decision:
I'll **purchase Firm 6** because:  
- Positive profit (0.34) already found  
- Further search costs (0.02) reduce net revenue  
- First search is free, no need to risk more search cost","C3 Search #1 (Searched:1/8, SearchCost:0.00, BestProfit:0.34@F6) → Purchase F6",0.3
8,1,C4,True,"yes, because sharing data reduces search cost significantly with many firms.",6,"### Decision:
I'll **purchase Firm 6** (choose number 6) because:  
- Positive profit (0.15) is already available  
- Further search costs (0.02) may outweigh potential gains","C4 Search #1 (Searched:1/8, SearchCost:0.00, BestProfit:0.15@F6) → Purchase F6",0.12
8,1,C5,True,"yes, the reduction in search cost outweighs the small privacy value.",5,"### Decision:
I'll **purchase Firm 5** (choose number 5) because: 
- The potential profit (0.37) is positive and covers the search cost.
- Further search costs (0.02) might reduce net revenue with uncertain better offers.","C5 Search #1 (Searched:1/8, SearchCost:0.00, BestProfit:0.37@F5) → Purchase F5",0.34
8,1,C6,True,"yes, because sharing data reduces search costs significantly with many firms.",7,"### Decision:
I'll **purchase Firm 7** (choose number 7) because:  
- Positive profit of 0.43 is already found  
- Further search costs 0.02, reducing net gain  
- Privacy cost already paid, no need to risk lower profit","C6 Search #1 (Searched:1/8, SearchCost:0.00, BestProfit:0.43@F7) → Purchase F7",0.38
8,1,C7,True,"yes, because sharing data reduces search cost significantly with many firms.",0,"### Decision:
I'll **purchase Firm 0** because: 
- The potential profit (0.36) is positive and reasonably high.
- Further searching costs 0.02 per search, which might reduce net profit below zero given the privacy cost and search costs.","C7 Search #1 (Searched:1/8, SearchCost:0.00, BestProfit:0.36@F0) → Purchase F0",0.31
8,1,C8,True,"yes, because the reduction in search cost outweighs the small privacy cost.",7,"### Decision:
I'll **purchase Firm 7** (choose number 7) because:  
- Positive profit (0.4) already found  
- Further search costs (0.02) may reduce net gain  
- Privacy cost already paid, no additional benefit from searching more","C8 Search #1 (Searched:1/8, SearchCost:0.00, BestProfit:0.40@F7) → Purchase F7",0.36
8,1,C9,True,"yes, because sharing data reduces search costs significantly with 8 firms.",6,"### Decision:
I'll **purchase Firm 6** (choose number 6) because: 
- The potential profit (0.31) is positive and significant compared to the search cost (0.02).
- Further searching costs may outweigh potential gains given diminishing returns and privacy cost considerations.","C9 Search #1 (Searched:1/8, SearchCost:0.00, BestProfit:0.31@F6) → Purchase F6",0.26
8,1,C10,True,"yes  
The privacy cost (0.031) is low compared to the significant potential reduction in search cost with personalized recommendations among 8 firms.",6,"### Decision:
I'll **purchase Firm 6** (choose number 6) because: 
- Positive profit (0.44) is good and first search is free
- Further search costs 0.02 which may reduce net revenue given already good profit","C10 Search #1 (Searched:1/8, SearchCost:0.00, BestProfit:0.44@F6) → Purchase F6",0.41
8,1,C11,True,"yes, because sharing data reduces search cost significantly with many firms.",3,"### Decision:
I'll **purchase Firm 3** (choose number 3) because: 
- The potential profit (0.26) is positive and exceeds the search cost of further searches.
- The first search is free, and additional searches cost 0.02 each, which may reduce total profit.","C11 Search #1 (Searched:1/8, SearchCost:0.00, BestProfit:0.26@F3) → Purchase F3",0.22
8,1,C12,True,"yes, the reduction in search cost outweighs the small privacy value.",5,"### Decision:
I'll **purchase Firm 5** (choose number 5) because:  
- Positive profit (0.4) already found  
- Further search costs (0.02) reduce net gain","C12 Search #1 (Searched:1/8, SearchCost:0.00, BestProfit:0.40@F5) → Purchase F5",0.35
8,1,C13,True,"yes, because personalized recommendations reduce search cost significantly with many firms.",6,"### Decision:
I'll **purchase Firm 6** (choose number 6) because:  
- Positive profit of 0.2 is good enough  
- Additional search costs (0.02) may reduce net gain below zero","C13 Search #1 (Searched:1/8, SearchCost:0.00, BestProfit:0.20@F6) → Purchase F6",0.15
8,1,C14,True,"yes, the benefit of reduced search cost outweighs the small privacy cost.",4,"### Decision:
I'll **purchase Firm 4** (choose number 4) because:  
- It offers the highest positive profit (0.43) among searched firms  
- Additional search costs (0.02) may outweigh potential gains from searching more firms","C14 Search #1 (Searched:1/8, SearchCost:0.00, BestProfit:0.43@F4) → Search Next; C14 Search #2 (Searched:2/8, SearchCost:0.02, BestProfit:0.43@F4) → Purchase F4",0.38
8,1,C15,True,"yes, because sharing data reduces search costs significantly with many firms.",5,"### Decision:
I'll **purchase Firm 5** (choose number 5) because:  
- Positive profit (0.45) already found  
- Further search costs (0.02) may reduce net revenue below zero","C15 Search #1 (Searched:1/8, SearchCost:0.00, BestProfit:0.45@F5) → Purchase F5",0.41
8,1,C16,True,"yes, because sharing data reduces search cost significantly with many firms.",1,"### Decision:
I'll **purchase Firm 1** because: 
- The potential profit (0.45) is positive and substantial compared to the search cost (0.02).
- Further searching risks incurring additional costs that may outweigh potential gains.","C16 Search #1 (Searched:1/8, SearchCost:0.00, BestProfit:0.45@F1) → Purchase F1",0.41
8,1,C17,True,"yes, because sharing data reduces search cost significantly with many firms.",1,"### Decision:
I'll **purchase Firm 1** because: 
- Positive profit (0.41) is available from the searched firm.
- Additional search costs (0.02) might reduce net revenue below zero.","C17 Search #1 (Searched:1/8, SearchCost:0.00, BestProfit:0.41@F1) → Purchase F1",0.37
8,1,C18,True,"yes, because sharing data reduces search cost significantly with 8 firms, outweighing the small privacy cost.",7,"### Decision:
I'll **purchase Firm 7** (choose number 7) because:  
- Positive profit (0.21) available now  
- Further search costs (0.02) may reduce total revenue","C18 Search #1 (Searched:1/8, SearchCost:0.00, BestProfit:0.21@F7) → Purchase F7",0.18
8,1,C19,True,"yes, because the reduction in search cost from personalized recommendations outweighs the small privacy value.",3,"### Decision:
I'll **purchase Firm 3** (choose number 3) because: 
- Positive profit (0.33) is already found
- Further search costs 0.02 and may not improve profit enough to justify cost","C19 Search #1 (Searched:1/8, SearchCost:0.00, BestProfit:0.33@F3) → Purchase F3",0.28
8,1,C20,True,"yes, because personalized recommendations will reduce search cost significantly.",2,"### Decision:
I'll **purchase Firm 2** (choose number 2) because: 
- Positive profit of 0.32 is good
- Further search costs 0.02 and might not yield better profit given privacy value and diminishing returns","C20 Search #1 (Searched:1/8, SearchCost:0.00, BestProfit:0.32@F2) → Purchase F2",0.28
8,2,C1,True,"yes, sharing data reduces search cost significantly with 8 firms.",4,"### Decision:
I'll **purchase Firm 4** (choose number 4) because:  
- Positive profit (0.37) found  
- Additional search cost (0.02) may reduce net revenue below zero","C1 Search #1 (Searched:1/8, SearchCost:0.00, BestProfit:0.37@F4) → Purchase F4",0.34
8,2,C2,True,"yes, because personalized recommendations significantly reduce search cost with many firms",2,"### Decision:
I'll **purchase Firm 2** (choose number 2) because: 
- Positive profit (0.04) is found
- Further search cost (0.02) may outweigh small profit margin","C2 Search #1 (Searched:1/8, SearchCost:0.00, BestProfit:0.04@F2) → Purchase F2",0.0
8,2,C3,True,"yes, because sharing data reduces search cost significantly with many firms",6,"### Decision:
I'll **purchase Firm 6** because:  
- Positive profit (0.29) found  
- Further search cost (0.02) reduces net revenue  
- First search is free, no need to risk more cost","C3 Search #1 (Searched:1/8, SearchCost:0.00, BestProfit:0.29@F6) → Purchase F6",0.25
8,2,C4,True,"yes, sharing data reduces search cost significantly with many firms.",6,"### Decision:
I'll **purchase Firm 6** (choose number 6) because:  
- Positive profit (0.1) is available  
- Further search cost (0.02) may outweigh potential gains","C4 Search #1 (Searched:1/8, SearchCost:0.00, BestProfit:0.10@F6) → Purchase F6",0.07
8,2,C5,True,"yes, the reduction in search cost outweighs the small privacy value",5,"### Decision:
I'll **purchase Firm 5** (choose number 5) because: 
- The potential profit (0.32) is positive and covers the search cost.
- Further search costs (0.02) may reduce net revenue with uncertain better offers.","C5 Search #1 (Searched:1/8, SearchCost:0.00, BestProfit:0.32@F5) → Purchase F5",0.29
8,2,C6,True,"yes, because sharing data reduces search costs significantly with many firms.",7,"### Decision:
I'll **purchase Firm 7** (choose number 7) because:  
- Positive profit of 0.38 found  
- Further search costs 0.02, reducing net gain  
- Privacy cost already paid, no need to risk lower profit","C6 Search #1 (Searched:1/8, SearchCost:0.00, BestProfit:0.38@F7) → Purchase F7",0.33
8,2,C7,True,"yes, because sharing data reduces search cost significantly with many firms.",0,"### Decision:
I'll **purchase Firm 0** (choose number 0) because:  
- The potential profit (0.31) is positive.  
- Additional search cost (0.02) and privacy value (0.048) risk reducing net profit below zero.","C7 Search #1 (Searched:1/8, SearchCost:0.00, BestProfit:0.31@F0) → Purchase F0",0.26
8,2,C8,True,"yes, because the reduction in search cost outweighs the small privacy cost",7,"### Decision:
I'll **purchase Firm 7** (choose number 7) because:  
- Positive profit (0.35) found already  
- Further search cost (0.02) may reduce net gain  
- Privacy cost already paid, no additional benefit from searching more","C8 Search #1 (Searched:1/8, SearchCost:0.00, BestProfit:0.35@F7) → Purchase F7",0.31
8,2,C9,True,"yes, because sharing data reduces search costs significantly with 8 firms.",6,"### Decision:
I'll **purchase Firm 6** (choose number 6) because:  
- The potential profit (0.26) is positive and outweighs the search cost.  
- Further searching costs (0.02) may reduce total revenue with uncertain gain.","C9 Search #1 (Searched:1/8, SearchCost:0.00, BestProfit:0.26@F6) → Purchase F6",0.21
8,2,C10,True,"yes  
Low privacy cost (0.031) is outweighed by significant search cost savings with personalized recommendations among 8 firms.",6,"### Decision:
I'll **purchase Firm 6** (choose number 6) because:  
- Positive profit (0.39) is good  
- Further search cost (0.02) may reduce net revenue given already positive profit","C10 Search #1 (Searched:1/8, SearchCost:0.00, BestProfit:0.39@F6) → Purchase F6",0.36
8,2,C11,True,"yes, sharing data reduces search cost significantly with 8 firms, increasing potential profit.",3,"### Decision:
I'll **purchase Firm 3** (choose number 3) because:  
- The potential profit (0.21) is positive and exceeds the search cost of further searches.  
- The first search is free, and additional searches cost 0.02 each, which may reduce total profit.","C11 Search #1 (Searched:1/8, SearchCost:0.00, BestProfit:0.21@F3) → Purchase F3",0.17
8,2,C12,True,"yes, the reduction in search cost outweighs the small privacy value",5,"### Decision:
I'll **purchase Firm 5** (choose number 5) because:  
- Positive profit (0.35) already found  
- Further search cost (0.02) may reduce net gain below zero","C12 Search #1 (Searched:1/8, SearchCost:0.00, BestProfit:0.35@F5) → Purchase F5",0.3
8,2,C13,True,"yes, personalized recommendations significantly reduce search cost with many firms.",6,"### Decision:
I'll **purchase Firm 6** (choose number 6) because:  
- Positive profit (0.15) is better than risking search cost (0.02)  
- Further search may reduce net gain below zero","C13 Search #1 (Searched:1/8, SearchCost:0.00, BestProfit:0.15@F6) → Purchase F6",0.1
8,2,C14,True,"yes, reduced search cost outweighs small privacy cost",4,"### Decision:
I'll **purchase Firm 4** (choose number 4) because:  
- It offers positive profit (0.38)  
- Additional search cost (0.02) may outweigh potential gains from searching more firms","C14 Search #1 (Searched:1/8, SearchCost:0.00, BestProfit:0.38@F4) → Purchase F4",0.35
8,2,C15,True,"yes, because sharing data reduces search costs significantly with many firms.",5,"### Decision:
I'll **purchase Firm 5** (choose number 5) because:  
- Positive profit (0.4) already found  
- Further search cost (0.02) may reduce net revenue below zero","C15 Search #1 (Searched:1/8, SearchCost:0.00, BestProfit:0.40@F5) → Purchase F5",0.36
8,2,C16,True,"yes, because sharing data reduces search cost significantly with many firms.",1,"### Decision:
I'll **purchase Firm 1** (choose number 1) because:  
- The potential profit (0.4) is positive and outweighs search cost.  
- Additional search costs (0.02) may not justify uncertain gains.","C16 Search #1 (Searched:1/8, SearchCost:0.00, BestProfit:0.40@F1) → Purchase F1",0.36
8,2,C17,True,"yes, because sharing data reduces search cost significantly with many firms.",1,"### Decision:
I'll **purchase Firm 1** because:  
- Positive profit (0.36) is available  
- Additional search cost (0.02) may reduce net revenue below zero","C17 Search #1 (Searched:1/8, SearchCost:0.00, BestProfit:0.36@F1) → Purchase F1",0.32
8,2,C18,True,"yes, sharing data reduces search cost significantly and increases chances of positive profit.",7,"### Decision:
I'll **purchase Firm 7** (choose number 7) because:  
- Positive profit (0.16) available now  
- Further search cost (0.02) may reduce total revenue","C18 Search #1 (Searched:1/8, SearchCost:0.00, BestProfit:0.16@F7) → Purchase F7",0.13
8,2,C19,True,"yes, because personalized recommendations will significantly reduce search cost with 8 firms.",3,"### Decision:
I'll **purchase Firm 3** (choose number 3) because:  
- Positive profit (0.28) is already found  
- Further search cost (0.02) may not justify the small potential gain","C19 Search #1 (Searched:1/8, SearchCost:0.00, BestProfit:0.28@F3) → Purchase F3",0.23
8,2,C20,True,"yes, because personalized recommendations will reduce search cost significantly with 8 firms.",2,"### Decision:
I'll **purchase Firm 2** (choose number 2) because: 
- Positive profit of 0.22 is good  
- Further search costs 0.02 and may not yield better profit given privacy value and diminishing returns","C20 Search #1 (Searched:1/8, SearchCost:0.00, BestProfit:0.22@F2) → Purchase F2",0.18
8,3,C1,True,"yes, because sharing data reduces search cost significantly with many firms.",4,"### Decision:
I'll **purchase Firm 4** (choose number 4) because: 
- Positive profit (0.32) already found
- Additional search cost (0.02) may reduce net revenue below zero","C1 Search #1 (Searched:1/8, SearchCost:0.00, BestProfit:0.32@F4) → Purchase F4",0.29
8,3,C2,True,"yes, because personalized recommendations will reduce search cost significantly with 8 firms.",7,"### Decision:
I'll **purchase Firm 7** (choose number 7) because: 
- Positive profit (0.02) is available
- Further search cost (0.02) may reduce total revenue with small profit margin","C2 Search #1 (Searched:1/8, SearchCost:0.00, BestProfit:-0.06@F2) → Search Next; C2 Search #2 (Searched:2/8, SearchCost:0.02, BestProfit:0.02@F7) → Purchase F7",-0.04
8,3,C3,True,"yes, because sharing data reduces search cost significantly with many firms.",6,"### Decision:
I'll **purchase Firm 6** (choose number 6) because:  
- Positive profit (0.24) found  
- Further search cost (0.02) reduces net revenue  
- First search is free, no need to risk more cost","C3 Search #1 (Searched:1/8, SearchCost:0.00, BestProfit:0.24@F6) → Purchase F6",0.2
8,3,C4,True,"yes, because sharing data reduces search cost significantly with many firms.",6,"### Decision:
I'll **purchase Firm 6** (choose number 6) because:  
- Positive profit (0.05) is available  
- Further search cost (0.02) may outweigh potential gains","C4 Search #1 (Searched:1/8, SearchCost:0.00, BestProfit:0.05@F6) → Search Next; C4 Search #2 (Searched:2/8, SearchCost:0.02, BestProfit:0.05@F6) → Purchase F6",0.0
8,3,C5,True,"yes, the reduction in search cost outweighs the small privacy value",5,"### Decision:
I'll **purchase Firm 5** (choose number 5) because:  
- The potential profit (0.27) is positive and covers search cost.  
- Further search costs (0.02) may reduce net revenue with uncertain better offers.","C5 Search #1 (Searched:1/8, SearchCost:0.00, BestProfit:0.27@F5) → Purchase F5",0.24
8,3,C6,True,"yes, because sharing data reduces search costs significantly with many firms.",7,"### Decision:
I'll **purchase Firm 7** (choose number 7) because:  
- Positive profit of 0.33 found  
- Further search costs 0.02, reducing net gain  
- Privacy cost already paid, no need to risk lower profit","C6 Search #1 (Searched:1/8, SearchCost:0.00, BestProfit:0.33@F7) → Purchase F7",0.28
8,3,C7,True,"yes, because sharing data significantly reduces search cost with many firms.",0,"### Decision:
I'll **purchase Firm 0** (choose number 0) because:  
- The potential profit (0.26) is positive.  
- Further searching costs 0.02 may reduce net profit below zero given privacy cost.","C7 Search #1 (Searched:1/8, SearchCost:0.00, BestProfit:0.26@F0) → Purchase F0",0.21
8,3,C8,True,"yes, because the reduction in search cost outweighs the small privacy cost",7,"### Decision:
I'll **purchase Firm 7** (choose number 7) because:  
- Positive profit (0.3) found already  
- Further search cost (0.02) may reduce net gain","C8 Search #1 (Searched:1/8, SearchCost:0.00, BestProfit:0.30@F7) → Purchase F7",0.26
8,3,C9,True,"yes, because sharing data reduces search costs significantly with 8 firms.",6,"### Decision:
I'll **purchase Firm 6** (choose number 6) because:  
- The potential profit (0.21) is positive and outweighs the search cost.  
- Further searching may cost 0.02 and reduce total revenue with uncertain gain.","C9 Search #1 (Searched:1/8, SearchCost:0.00, BestProfit:0.21@F6) → Purchase F6",0.16
8,3,C10,True,"yes, low privacy cost and significant search cost savings with personalized recommendations",6,"### Decision:
I'll **purchase Firm 6** (choose number 6) because:  
- Positive profit (0.34) is good  
- Further search cost (0.02) may reduce net revenue given already positive profit","C10 Search #1 (Searched:1/8, SearchCost:0.00, BestProfit:0.34@F6) → Purchase F6",0.31
8,3,C11,True,"yes, because sharing data reduces search cost significantly with many firms.",3,"### Decision:
I'll **purchase Firm 3** (choose number 3) because:  
- The potential profit (0.16) is positive and exceeds the search cost of further searches.  
- The first search is free, and additional searches cost 0.02 each, which may reduce total profit.","C11 Search #1 (Searched:1/8, SearchCost:0.00, BestProfit:0.16@F3) → Purchase F3",0.12
8,3,C12,True,"yes, the reduction in search cost outweighs the small privacy value",5,"### Decision:
I'll **purchase Firm 5** (choose number 5) because:  
- Positive profit (0.3) found  
- Further search cost (0.02) may reduce net gain below zero","C12 Search #1 (Searched:1/8, SearchCost:0.00, BestProfit:0.30@F5) → Purchase F5",0.25
8,3,C13,True,"yes, personalized recommendations reduce search cost significantly with many firms.",6,"### Decision:
I'll **purchase Firm 6** (choose number 6) because:  
- Positive profit of 0.1 is better than risking additional search cost of 0.02  
- Further search may reduce net gain below zero","C13 Search #1 (Searched:1/8, SearchCost:0.00, BestProfit:0.10@F6) → Purchase F6",0.05
8,3,C14,True,"yes, reduced search cost outweighs small privacy cost",4,"### Decision:
I'll **purchase Firm 4** (choose number 4) because:  
- It offers positive profit (0.33)  
- Additional search cost (0.02) may outweigh potential gains from searching more firms","C14 Search #1 (Searched:1/8, SearchCost:0.00, BestProfit:0.33@F4) → Purchase F4",0.3
8,3,C15,True,"yes, because sharing data reduces search costs significantly with many firms.",5,"### Decision:
I'll **purchase Firm 5** (choose number 5) because:  
- Positive profit (0.35) already found  
- Further search cost (0.02) may reduce net revenue below zero","C15 Search #1 (Searched:1/8, SearchCost:0.00, BestProfit:0.35@F5) → Purchase F5",0.31
8,3,C16,True,"yes, because sharing data reduces search cost significantly with many firms.",1,"### Decision:
I'll **purchase Firm 1** (choose number 1) because:  
- The potential profit (0.35) is positive and outweighs search cost.  
- Further search costs (0.02) may not justify uncertain gains.","C16 Search #1 (Searched:1/8, SearchCost:0.00, BestProfit:0.35@F1) → Purchase F1",0.31
8,3,C17,True,"yes, because sharing data reduces search cost significantly with many firms.",1,"### Decision:
I'll **purchase Firm 1** (choose number 1) because:  
- Positive profit (0.31) is available  
- Additional search cost (0.02) may reduce net revenue below zero","C17 Search #1 (Searched:1/8, SearchCost:0.00, BestProfit:0.31@F1) → Purchase F1",0.27
8,3,C18,True,"yes, because sharing data reduces search cost significantly, outweighing the small privacy cost.",7,"### Decision:
I'll **purchase Firm 7** (choose number 7) because:  
- Positive profit (0.11) available now  
- Further search cost (0.02) may reduce total revenue","C18 Search #1 (Searched:1/8, SearchCost:0.00, BestProfit:0.11@F7) → Purchase F7",0.08
8,3,C19,True,"yes, because the reduction in search cost from personalized recommendations outweighs the small privacy value.",3,"### Decision:
I'll **purchase Firm 3** (choose number 3) because:  
- Positive profit (0.23) is found  
- Further search cost (0.02) may not justify small potential gain","C19 Search #1 (Searched:1/8, SearchCost:0.00, BestProfit:0.23@F3) → Purchase F3",0.18
8,3,C20,True,"yes, personalized recommendations will reduce search cost significantly with 8 firms.",2,"### Decision:
I'll **purchase Firm 2** (choose number 2) because:  
- Positive profit of 0.12 is small but positive  
- Further search cost 0.02 may not yield better profit given diminishing returns and privacy value","C20 Search #1 (Searched:1/8, SearchCost:0.00, BestProfit:0.12@F2) → Purchase F2",0.08
8,4,C1,True,"yes, because sharing data reduces search cost significantly with many firms.",4,"### Decision:
I'll **purchase Firm 4** (choose number 4) because:  
- Positive profit (0.27) found  
- Additional search cost (0.02) may reduce net revenue below zero","C1 Search #1 (Searched:1/8, SearchCost:0.00, BestProfit:0.27@F4) → Purchase F4",0.24
8,4,C2,True,"yes, because personalized recommendations will reduce search costs significantly with 8 firms.",2,"### Decision:
I'll **purchase Firm 2** (choose number 2) because:  
- Positive profit (0.04) is found  
- Further search cost (0.02) may outweigh small profit margin","C2 Search #1 (Searched:1/8, SearchCost:0.00, BestProfit:0.04@F2) → Purchase F2",0.0
8,4,C3,True,"yes, because sharing data reduces search cost significantly with many firms.",6,"### Decision:
I'll **purchase Firm 6** (choose number 6) because:  
- Positive profit (0.19) found  
- Further search cost (0.02) reduces net revenue","C3 Search #1 (Searched:1/8, SearchCost:0.00, BestProfit:0.19@F6) → Purchase F6",0.15
8,4,C4,True,"yes, because sharing data reduces search cost significantly with many firms.",-1,"### Decision:
I'll **leave** (choose number -1) because:  
- No positive profit from searched firm (profit = 0)  
- Searching costs (0.02) outweigh potential gains","C4 Search #1 (Searched:1/8, SearchCost:0.00, BestProfit:0.00@F6) → Leave Market",-0.03
8,4,C5,True,"yes, reduction in search cost outweighs small privacy value",5,"### Decision:
I'll **purchase Firm 5** (choose number 5) because:  
- The potential profit (0.22) is positive and covers search cost.  
- Further search costs (0.02) might reduce net revenue with uncertain better offers.","C5 Search #1 (Searched:1/8, SearchCost:0.00, BestProfit:0.22@F5) → Purchase F5",0.19
8,4,C6,True,"yes, sharing data reduces search costs significantly with many firms.",7,"### Decision:
I'll **purchase Firm 7** (choose number 7) because:  
- Positive profit of 0.28 is found  
- Further search costs 0.02, reducing net gain","C6 Search #1 (Searched:1/8, SearchCost:0.00, BestProfit:0.28@F7) → Purchase F7",0.23
8,4,C7,True,"yes, because sharing data reduces search cost significantly with many firms.",0,"### Decision:
I'll **purchase Firm 0** (choose number 0) because:  
- The potential profit (0.21) is positive.  
- Further searching costs (0.02) and privacy value (0.048) risk reducing net profit below zero.","C7 Search #1 (Searched:1/8, SearchCost:0.00, BestProfit:0.21@F0) → Purchase F0",0.16
8,4,C8,True,"yes, because the reduction in search cost outweighs the small privacy cost",7,"### Decision:
I'll **purchase Firm 7** (choose number 7) because:  
- Positive profit (0.25) found already  
- Further search cost (0.02) may reduce net gain","C8 Search #1 (Searched:1/8, SearchCost:0.00, BestProfit:0.25@F7) → Purchase F7",0.21
8,4,C9,True,"yes, because sharing data reduces search costs significantly with 8 firms.",6,"### Decision:
I'll **purchase Firm 6** (choose number 6) because:  
- The potential profit (0.16) is positive and outweighs the search cost.  
- Further searching costs (0.02) may reduce total revenue with uncertain gain.","C9 Search #1 (Searched:1/8, SearchCost:0.00, BestProfit:0.16@F6) → Purchase F6",0.11
8,4,C10,True,"yes, low privacy cost and significant search cost savings with personalized recommendations",6,"### Decision:
I'll **purchase Firm 6** (choose number 6) because:  
- Positive profit (0.29) is good  
- Further search cost (0.02) may reduce net revenue given already positive profit","C10 Search #1 (Searched:1/8, SearchCost:0.00, BestProfit:0.29@F6) → Purchase F6",0.26
8,4,C11,True,"yes, because sharing data reduces search cost significantly with many firms.",3,"### Decision:
I'll **purchase Firm 3** (choose number 3) because:  
- The potential profit (0.11) is positive and exceeds the search cost of further searches.  
- The first search is free, and additional searches cost 0.02 each, which may reduce total profit.","C11 Search #1 (Searched:1/8, SearchCost:0.00, BestProfit:0.11@F3) → Purchase F3",0.07
8,4,C12,True,"yes, the reduced search cost outweighs the small privacy value",5,"### Decision:
I'll **purchase Firm 5** (choose number 5) because:  
- Positive profit (0.25) already found  
- Further search cost (0.02) may reduce net gain below zero","C12 Search #1 (Searched:1/8, SearchCost:0.00, BestProfit:0.25@F5) → Purchase F5",0.2
8,4,C13,True,"yes, personalized recommendations reduce search cost significantly with many firms.",6,"### Decision:
I'll **purchase Firm 6** (choose number 6) because:  
- Positive profit of 0.05 is better than risking additional search cost of 0.02  
- Further search may reduce net gain below zero","C13 Search #1 (Searched:1/8, SearchCost:0.00, BestProfit:0.05@F6) → Purchase F6",0.0
8,4,C14,True,"yes, reduced search cost outweighs small privacy cost",4,"### Decision:
I'll **purchase Firm 4** (choose number 4) because:  
- It offers positive profit (0.28)  
- Additional search cost (0.02) may outweigh potential gains from searching more firms","C14 Search #1 (Searched:1/8, SearchCost:0.00, BestProfit:0.28@F4) → Purchase F4",0.25
8,4,C15,True,"yes, because sharing data reduces search costs significantly with many firms",5,"### Decision:
I'll **purchase Firm 5** (choose number 5) because:  
- Positive profit (0.3) already found  
- Further search cost (0.02) may reduce net revenue below zero","C15 Search #1 (Searched:1/8, SearchCost:0.00, BestProfit:0.30@F5) → Purchase F5",0.26
8,4,C16,True,"yes, because sharing data reduces search cost significantly with many firms.",1,"### Decision:
I'll **purchase Firm 1** (choose number 1) because:  
- The potential profit (0.3) is positive and outweighs search cost.  
- Additional search cost (0.02) may not justify uncertain gains.","C16 Search #1 (Searched:1/8, SearchCost:0.00, BestProfit:0.30@F1) → Purchase F1",0.26
8,4,C17,True,"yes, because sharing data reduces search cost significantly with many firms.",1,"### Decision:
I'll **purchase Firm 1** (choose number 1) because:  
- Positive profit (0.26) is available  
- Additional search cost (0.02) may reduce net revenue below zero","C17 Search #1 (Searched:1/8, SearchCost:0.00, BestProfit:0.26@F1) → Purchase F1",0.22
8,4,C18,True,"yes, sharing reduces search cost significantly, outweighing small privacy cost.",7,"### Decision:
I'll **purchase Firm 7** (choose number 7) because:  
- Positive profit (0.06) available now  
- Further search cost (0.02) may reduce total revenue","C18 Search #1 (Searched:1/8, SearchCost:0.00, BestProfit:0.06@F7) → Purchase F7",0.03
8,4,C19,True,"yes, because personalized recommendations reduce search cost significantly, outweighing the small privacy value.",3,"### Decision:
I'll **purchase Firm 3** (choose number 3) because:  
- Positive profit (0.18) is found  
- Further search cost (0.02) may not justify small potential gain","C19 Search #1 (Searched:1/8, SearchCost:0.00, BestProfit:0.18@F3) → Purchase F3",0.13
8,4,C20,True,"yes, personalized recommendations will significantly reduce search cost with 8 firms.",2,"### Decision:
I'll **purchase Firm 2** (choose number 2) because:  
- Positive profit of 0.22 is good  
- Further search costs 0.02 and may not yield better profit given privacy value and diminishing returns","C20 Search #1 (Searched:1/8, SearchCost:0.00, BestProfit:0.22@F2) → Purchase F2",0.18
8,5,C1,True,"yes, sharing data reduces search cost significantly with many firms.",4,"### Decision:
I'll **purchase Firm 4** (choose number 4) because:  
- Positive profit (0.22) found  
- Additional search cost (0.02) may reduce net revenue below zero","C1 Search #1 (Searched:1/8, SearchCost:0.00, BestProfit:0.22@F4) → Purchase F4",0.19
8,5,C2,True,"yes, because personalized recommendations significantly reduce search cost with many firms",-1,"### Decision:
I'll **leave** (choose number -1) because:  
- No positive profit found so far (profit = -0.01)  
- Searching costs (0.02) likely outweigh potential gain","C2 Search #1 (Searched:1/8, SearchCost:0.00, BestProfit:-0.01@F2) → Leave Market",-0.04
8,5,C3,True,"yes, because sharing data reduces search cost significantly with many firms.",6,"### Decision:
I'll **purchase Firm 6** (choose number 6) because:  
- Positive profit (0.24) found  
- Further search cost (0.02) reduces net revenue","C3 Search #1 (Searched:1/8, SearchCost:0.00, BestProfit:0.24@F6) → Purchase F6",0.2
8,5,C4,True,"yes, because sharing data reduces search cost significantly with many firms.",6,"### Decision:
I'll **purchase Firm 6** (choose number 6) because:  
- Positive profit (0.05) is available  
- Further search cost (0.02) may outweigh potential gains","C4 Search #1 (Searched:1/8, SearchCost:0.00, BestProfit:0.05@F6) → Purchase F6",0.02
8,5,C5,True,"yes, the reduction in search cost outweighs the small privacy value",5,"### Decision:
I'll **purchase Firm 5** (choose number 5) because:  
- The potential profit (0.17) is positive and covers search cost.  
- Further search costs (0.02) might reduce net revenue with uncertain better offers.","C5 Search #1 (Searched:1/8, SearchCost:0.00, BestProfit:0.17@F5) → Purchase F5",0.14
8,5,C6,True,"yes, because sharing data reduces search costs significantly with many firms.",7,"### Decision:
I'll **purchase Firm 7** (choose number 7) because:  
- Positive profit of 0.23 found  
- Further search costs 0.02, reducing net gain","C6 Search #1 (Searched:1/8, SearchCost:0.00, BestProfit:0.23@F7) → Purchase F7",0.18
8,5,C7,True,"yes, sharing data reduces search cost significantly with many firms.",0,"### Decision:
I'll **purchase Firm 0** (choose number 0) because:  
- The potential profit (0.16) is positive.  
- Further search costs (0.02) and privacy value (0.048) may reduce net profit below zero.","C7 Search #1 (Searched:1/8, SearchCost:0.00, BestProfit:0.16@F0) → Purchase F0",0.11
8,5,C8,True,"yes, because the reduction in search cost outweighs the small privacy cost",7,"### Decision:
I'll **purchase Firm 7** (choose number 7) because:  
- Positive profit (0.2) found already  
- Further search cost (0.02) may reduce net gain","C8 Search #1 (Searched:1/8, SearchCost:0.00, BestProfit:0.20@F7) → Purchase F7",0.16
8,5,C9,True,"yes, because sharing data reduces search costs significantly with 8 firms.",6,"### Decision:
I'll **purchase Firm 6** (choose number 6) because:  
- The potential profit (0.21) is positive and outweighs the search cost.  
- Further searching costs (0.02) may reduce total revenue with uncertain gain.","C9 Search #1 (Searched:1/8, SearchCost:0.00, BestProfit:0.21@F6) → Purchase F6",0.16
8,5,C10,True,"yes, low privacy cost and significant search cost savings with personalized recommendations",6,"### Decision:
I'll **purchase Firm 6** (choose number 6) because: 
- Positive profit (0.34) is good  
- Further search cost (0.02) may reduce net revenue given already positive profit","C10 Search #1 (Searched:1/8, SearchCost:0.00, BestProfit:0.34@F6) → Purchase F6",0.31
8,5,C11,True,"yes, sharing data reduces search cost significantly with 8 firms, increasing potential profit.",3,"### Decision:
I'll **purchase Firm 3** (choose number 3) because:  
- The potential profit (0.06) is positive and exceeds the search cost of further searches.  
- The first search is free, and additional searches cost 0.02 each, which may reduce total profit.","C11 Search #1 (Searched:1/8, SearchCost:0.00, BestProfit:0.06@F3) → Purchase F3",0.02
8,5,C12,True,"yes, the reduced search cost outweighs the small privacy value",5,"### Decision:
I'll **purchase Firm 5** (choose number 5) because:  
- Positive profit (0.2) found  
- Further search cost (0.02) may reduce net gain below zero","C12 Search #1 (Searched:1/8, SearchCost:0.00, BestProfit:0.20@F5) → Purchase F5",0.15
8,5,C13,True,"yes, personalized recommendations reduce search cost significantly with many firms.",6,"### Decision:
I'll **purchase Firm 6** (choose number 6) because:  
- Positive profit of 0.10 is better than risking additional search cost of 0.02  
- Further search may reduce net gain below zero","C13 Search #1 (Searched:1/8, SearchCost:0.00, BestProfit:0.10@F6) → Purchase F6",0.05
8,5,C14,True,"yes, reduced search cost outweighs small privacy cost",4,"### Decision:
I'll **purchase Firm 4** (choose number 4) because:  
- It offers positive profit (0.23)  
- Additional search cost (0.02) may outweigh potential gains from searching more firms","C14 Search #1 (Searched:1/8, SearchCost:0.00, BestProfit:0.23@F4) → Purchase F4",0.2
8,5,C15,True,"yes, because sharing data reduces search costs significantly with many firms.",5,"### Decision:
I'll **purchase Firm 5** (choose number 5) because:  
- Positive profit (0.25) found  
- Further search cost (0.02) may reduce net revenue below zero","C15 Search #1 (Searched:1/8, SearchCost:0.00, BestProfit:0.25@F5) → Purchase F5",0.21
8,5,C16,True,"yes, because sharing data significantly reduces search costs with many firms.",1,"### Decision:
I'll **purchase Firm 1** (choose number 1) because:  
- The potential profit (0.25) is positive and outweighs search cost.  
- Further searching costs (0.02) may not justify uncertain gains.","C16 Search #1 (Searched:1/8, SearchCost:0.00, BestProfit:0.25@F1) → Purchase F1",0.21
8,5,C17,True,"yes, because sharing data reduces search cost significantly with many firms.",1,"### Decision:
I'll **purchase Firm 1** (choose number 1) because:  
- Positive profit (0.21) is available  
- Additional search cost (0.02) may reduce net revenue below zero","C17 Search #1 (Searched:1/8, SearchCost:0.00, BestProfit:0.21@F1) → Purchase F1",0.17
8,5,C18,True,"yes, because sharing data reduces search cost significantly and outweighs the small privacy cost.",7,"### Decision:
I'll **purchase Firm 7** (choose number 7) because:  
- Positive profit (0.01) available now  
- Further search cost (0.02) likely reduces total revenue","C18 Search #1 (Searched:1/8, SearchCost:0.00, BestProfit:0.01@F7) → Purchase F7",-0.02
8,5,C19,True,"yes, because personalized recommendations reduce search cost and outweigh the small privacy value.",3,"### Decision:
I'll **purchase Firm 3** (choose number 3) because:  
- Positive profit (0.13) is found  
- Further search cost (0.02) may not justify small potential gain","C19 Search #1 (Searched:1/8, SearchCost:0.00, BestProfit:0.13@F3) → Purchase F3",0.08
8,5,C20,True,"yes, because personalized recommendations will reduce search cost significantly with 8 firms.",2,"### Decision:
I'll **purchase Firm 2** (choose number 2) because:  
- Positive profit of 0.17 is good  
- Further search cost 0.02 may not yield better profit given privacy value and diminishing returns","C20 Search #1 (Searched:1/8, SearchCost:0.00, BestProfit:0.17@F2) → Purchase F2",0.13
8,6,C1,True,"yes, sharing reduces search cost significantly with many firms.",4,"### Decision:
I'll **purchase Firm 4** (choose number 4) because:  
- Positive profit (0.17) found  
- Further search cost (0.02) may reduce net revenue below zero","C1 Search #1 (Searched:1/8, SearchCost:0.00, BestProfit:0.17@F4) → Purchase F4",0.14
8,6,C2,True,"yes, because personalized recommendations significantly reduce search cost with many firms.",2,"### Decision:
I'll **purchase Firm 2** (choose number 2) because:  
- Positive profit (0.04) found  
- Further search cost (0.02) may outweigh small profit margin","C2 Search #1 (Searched:1/8, SearchCost:0.00, BestProfit:0.04@F2) → Purchase F2",0.0
8,6,C3,True,"yes, because sharing data reduces search cost significantly with many firms.",6,"### Decision:
I'll **purchase Firm 6** (choose number 6) because:  
- Positive profit (0.24) found  
- Further search cost (0.02) reduces net revenue  
- First search is free, no need to risk more cost","C3 Search #1 (Searched:1/8, SearchCost:0.00, BestProfit:0.24@F6) → Purchase F6",0.2
8,6,C4,True,"yes, sharing data reduces search cost significantly with many firms.",6,"### Decision:
I'll **purchase Firm 6** (choose number 6) because:  
- Positive profit (0.05) is available  
- Further search cost (0.02) may outweigh potential gains","C4 Search #1 (Searched:1/8, SearchCost:0.00, BestProfit:0.05@F6) → Purchase F6",0.02
8,6,C5,True,"yes, reduction in search cost outweighs small privacy value",5,"### Decision:
I'll **purchase Firm 5** (choose number 5) because:  
- The potential profit (0.12) is positive and covers search cost.  
- Further search costs (0.02) might reduce net revenue with uncertain better offers.","C5 Search #1 (Searched:1/8, SearchCost:0.00, BestProfit:0.12@F5) → Purchase F5",0.09
8,6,C6,True,"yes, because sharing data reduces search costs significantly with many firms.",7,"### Decision:
I'll **purchase Firm 7** (choose number 7) because:  
- Positive profit of 0.18 found  
- Further search costs 0.02, reducing net gain","C6 Search #1 (Searched:1/8, SearchCost:0.00, BestProfit:0.18@F7) → Purchase F7",0.13
8,6,C7,True,"yes, because sharing data significantly reduces search cost with many firms.",0,"### Decision:
I'll **purchase Firm 0** (choose number 0) because:  
- The potential profit (0.11) is positive.  
- Further search cost (0.02) plus privacy value (0.048) may reduce net profit below zero.","C7 Search #1 (Searched:1/8, SearchCost:0.00, BestProfit:0.11@F0) → Purchase F0",0.06
8,6,C8,True,"yes, because the reduction in search cost outweighs the small privacy cost",7,"### Decision:
I'll **purchase Firm 7** (choose number 7) because:  
- Positive profit (0.15) found already  
- Further search cost (0.02) may reduce net gain","C8 Search #1 (Searched:1/8, SearchCost:0.00, BestProfit:0.15@F7) → Purchase F7",0.11
8,6,C9,True,"yes, because sharing data significantly reduces search costs with 8 firms.",6,"### Decision:
I'll **purchase Firm 6** (choose number 6) because:  
- The potential profit (0.21) is positive and outweighs the search cost.  
- Further searching costs (0.02) may reduce total revenue with uncertain gain.","C9 Search #1 (Searched:1/8, SearchCost:0.00, BestProfit:0.21@F6) → Purchase F6",0.16
8,6,C10,True,"yes, low privacy cost and significant search cost savings with personalized recommendations",6,"### Decision:
I'll **purchase Firm 6** (choose number 6) because:  
- Positive profit (0.34) is good  
- Further search cost (0.02) may reduce net revenue given already positive profit","C10 Search #1 (Searched:1/8, SearchCost:0.00, BestProfit:0.34@F6) → Purchase F6",0.31
8,6,C11,True,"yes, sharing data reduces search cost significantly with 8 firms, increasing potential profit.",3,"### Decision:
I'll **purchase Firm 3** (choose number 3) because:  
- The potential profit (0.01) is positive.  
- Additional search cost (0.02) would exceed expected gain.","C11 Search #1 (Searched:1/8, SearchCost:0.00, BestProfit:0.01@F3) → Purchase F3",-0.03
8,6,C12,True,"yes, the reduction in search cost outweighs the small privacy value",5,"### Decision:
I'll **purchase Firm 5** (choose number 5) because:  
- Positive profit (0.15) already found  
- Further search cost (0.02) may reduce net gain below zero","C12 Search #1 (Searched:1/8, SearchCost:0.00, BestProfit:0.15@F5) → Purchase F5",0.1
8,6,C13,True,"yes, personalized recommendations reduce search cost significantly with many firms.",6,"### Decision:
I'll **purchase Firm 6** (choose number 6) because:  
- Positive profit of 0.10 is better than risking additional search cost of 0.02  
- Further search may reduce net gain below zero","C13 Search #1 (Searched:1/8, SearchCost:0.00, BestProfit:0.10@F6) → Purchase F6",0.05
8,6,C14,True,"yes, reduced search cost outweighs small privacy cost",4,"### Decision:
I'll **purchase Firm 4** (choose number 4) because:  
- It offers positive profit (0.18)  
- Additional search cost (0.02) may outweigh potential gains from searching more firms","C14 Search #1 (Searched:1/8, SearchCost:0.00, BestProfit:0.18@F4) → Purchase F4",0.15
8,6,C15,True,"yes, because sharing data reduces search costs significantly with many firms.",5,"### Decision:
I'll **purchase Firm 5** (choose number 5) because:  
- Positive profit (0.2) found  
- Further search cost (0.02) may reduce net revenue below zero","C15 Search #1 (Searched:1/8, SearchCost:0.00, BestProfit:0.20@F5) → Purchase F5",0.16
8,6,C16,True,"yes, sharing data reduces search costs significantly with many firms.",1,"### Decision:
I'll **purchase Firm 1** (choose number 1) because:  
- The potential profit (0.2) is positive and outweighs the search cost.  
- Further searching costs (0.02) may not justify uncertain gains.","C16 Search #1 (Searched:1/8, SearchCost:0.00, BestProfit:0.20@F1) → Purchase F1",0.16
8,6,C17,True,"yes, because sharing data reduces search cost significantly with many firms.",1,"### Decision:
I'll **purchase Firm 1** (choose number 1) because:  
- Positive profit (0.16) is available  
- Additional search cost (0.02) may reduce net revenue below zero","C17 Search #1 (Searched:1/8, SearchCost:0.00, BestProfit:0.16@F1) → Purchase F1",0.12
8,6,C18,True,"yes, because sharing data reduces search cost significantly, outweighing the small privacy cost.",-1,"### Decision:
I'll **leave** (choose number -1) because:  
- The only searched firm offers negative profit (-0.04).  
- Further search costs (0.02) may not be justified given low privacy value and uncertain gains.","C18 Search #1 (Searched:1/8, SearchCost:0.00, BestProfit:-0.04@F7) → Leave Market",-0.03
8,6,C19,True,"yes, because personalized recommendations reduce search cost and outweigh the small privacy value.",3,"### Decision:
I'll **purchase Firm 3** (choose number 3) because:  
- Positive profit (0.08) found  
- Further search cost (0.02) may not justify small potential gain","C19 Search #1 (Searched:1/8, SearchCost:0.00, BestProfit:0.08@F3) → Purchase F3",0.03
8,6,C20,True,"yes, personalized recommendations significantly reduce search cost with 8 firms.",2,"### Decision:
I'll **purchase Firm 2** (choose number 2) because:  
- Positive profit of 0.22 is good  
- Further search cost 0.02 may not yield better profit given privacy value and diminishing returns","C20 Search #1 (Searched:1/8, SearchCost:0.00, BestProfit:0.22@F2) → Purchase F2",0.18
8,7,C1,True,"yes, sharing data reduces search cost significantly with many firms.",4,"### Decision:
I'll **purchase Firm 4** (choose number 4) because:  
- Positive profit (0.12) found  
- Further search cost (0.02) may reduce net revenue below zero","C1 Search #1 (Searched:1/8, SearchCost:0.00, BestProfit:0.12@F4) → Purchase F4",0.09
8,7,C2,True,"yes, because personalized recommendations significantly reduce search cost with many firms",-1,"### Decision:
I'll **leave** (choose number -1) because:  
- No positive profit found so far (profit = -0.01)  
- Searching costs (0.02) likely outweigh potential gain","C2 Search #1 (Searched:1/8, SearchCost:0.00, BestProfit:-0.01@F2) → Leave Market",-0.04
8,7,C3,True,"yes, because sharing data reduces search cost significantly with many firms.",6,"### Decision:
I'll **purchase Firm 6** (choose number 6) because:  
- Positive profit (0.24) found  
- Further search cost (0.02) reduces net revenue  
- First search is free, no need to risk more cost","C3 Search #1 (Searched:1/8, SearchCost:0.00, BestProfit:0.24@F6) → Purchase F6",0.2
8,7,C4,True,"yes, sharing data reduces search cost significantly with many firms.",6,"### Decision:
I'll **purchase Firm 6** (choose number 6) because:  
- Positive profit (0.05) is available  
- Further search cost (0.02) may outweigh potential gains","C4 Search #1 (Searched:1/8, SearchCost:0.00, BestProfit:0.05@F6) → Purchase F6",0.02
8,7,C5,True,"yes, the reduction in search cost outweighs the small privacy value",5,"### Decision:
I'll **purchase Firm 5** (choose number 5) because:  
- The potential profit (0.07) is positive and covers search cost.  
- Further search costs (0.02) might reduce net revenue with uncertain better offers.","C5 Search #1 (Searched:1/8, SearchCost:0.00, BestProfit:0.07@F5) → Purchase F5",0.04
8,7,C6,True,"yes, sharing data reduces search costs significantly with 8 firms.",7,"### Decision:
I'll **purchase Firm 7** (choose number 7) because:  
- Positive profit of 0.23 found  
- Further search cost of 0.02 reduces net gain","C6 Search #1 (Searched:1/8, SearchCost:0.00, BestProfit:0.23@F7) → Purchase F7",0.18
8,7,C7,True,"yes, because sharing data reduces search cost significantly with many firms.",0,"### Decision:
I'll **purchase Firm 0** (choose number 0) because:  
- The potential profit (0.06) is positive.  
- Further search cost (0.02) plus privacy value (0.048) may reduce net profit below zero.","C7 Search #1 (Searched:1/8, SearchCost:0.00, BestProfit:0.06@F0) → Purchase F0",0.01
8,7,C8,True,"yes, because the reduction in search cost outweighs the small privacy cost",7,"### Decision:
I'll **purchase Firm 7** (choose number 7) because:  
- Positive profit (0.2) already found  
- Further search cost (0.02) may reduce net gain","C8 Search #1 (Searched:1/8, SearchCost:0.00, BestProfit:0.20@F7) → Purchase F7",0.16
8,7,C9,True,"yes, because sharing data reduces search costs significantly with 8 firms.",6,"### Decision:
I'll **purchase Firm 6** (choose number 6) because:  
- The potential profit (0.21) is positive and outweighs the search cost.  
- Further searching costs (0.02) may reduce total revenue with uncertain gain.","C9 Search #1 (Searched:1/8, SearchCost:0.00, BestProfit:0.21@F6) → Purchase F6",0.16
8,7,C10,True,"yes, low privacy cost and significant search cost savings with personalized recommendations",6,"### Decision:
I'll **purchase Firm 6** (choose number 6) because:  
- Positive profit (0.34) is good  
- Further search cost (0.02) may reduce net revenue given already positive profit","C10 Search #1 (Searched:1/8, SearchCost:0.00, BestProfit:0.34@F6) → Purchase F6",0.31
8,7,C11,True,"yes, because sharing data reduces search cost significantly with many firms.",-1,"### Decision:
I'll **leave** (choose number -1) because:  
- The only searched firm's profit is negative (-0.04).  
- Further search costs 0.02 may not be justified given low potential profit.","C11 Search #1 (Searched:1/8, SearchCost:0.00, BestProfit:-0.04@F3) → Leave Market",-0.04
8,7,C12,True,"yes, the reduction in search cost outweighs the small privacy value",5,"### Decision:
I'll **purchase Firm 5** (choose number 5) because:  
- Positive profit (0.1) found  
- Further search cost (0.02) may reduce net gain below zero","C12 Search #1 (Searched:1/8, SearchCost:0.00, BestProfit:0.10@F5) → Purchase F5",0.05
8,7,C13,True,"yes, personalized recommendations reduce search cost significantly with many firms.",6,"### Decision:
I'll **purchase Firm 6** (choose number 6) because:  
- Positive profit (0.1) is better than risking additional search cost (0.02)  
- Further search may reduce net gain below zero","C13 Search #1 (Searched:1/8, SearchCost:0.00, BestProfit:0.10@F6) → Purchase F6",0.05
8,7,C14,True,"yes, reduced search cost outweighs small privacy cost",4,"### Decision:
I'll **purchase Firm 4** (choose number 4) because:  
- It offers positive profit (0.13)  
- Additional search cost (0.02) may outweigh potential gains from searching more firms","C14 Search #1 (Searched:1/8, SearchCost:0.00, BestProfit:0.13@F4) → Purchase F4",0.1
8,7,C15,True,"yes, sharing data reduces search costs significantly with many firms.",5,"### Decision:
I'll **purchase Firm 5** (choose number 5) because:  
- Positive profit (0.15) found  
- Further search cost (0.02) may reduce net revenue below zero","C15 Search #1 (Searched:1/8, SearchCost:0.00, BestProfit:0.15@F5) → Purchase F5",0.11
8,7,C16,True,"yes, sharing data reduces search cost significantly with many firms.",1,"### Decision:
I'll **purchase Firm 1** (choose number 1) because:  
- The potential profit (0.15) is positive and outweighs the search cost.  
- Further searching costs (0.02) may not justify uncertain gains.","C16 Search #1 (Searched:1/8, SearchCost:0.00, BestProfit:0.15@F1) → Purchase F1",0.11
8,7,C17,True,"yes, sharing data reduces search cost significantly with many firms.",1,"### Decision:
I'll **purchase Firm 1** (choose number 1) because:  
- Positive profit (0.11) is available  
- Additional search cost (0.02) may reduce net revenue below zero","C17 Search #1 (Searched:1/8, SearchCost:0.00, BestProfit:0.11@F1) → Purchase F1",0.07
8,7,C18,True,"yes, sharing data reduces search cost significantly and outweighs the small privacy cost.",7,"### Decision:
I'll **purchase Firm 7** (choose number 7) because:  
- Positive profit (0.01) available now  
- Further search cost (0.02) likely reduces total revenue","C18 Search #1 (Searched:1/8, SearchCost:0.00, BestProfit:0.01@F7) → Purchase F7",-0.02
8,7,C19,True,"yes, because personalized recommendations reduce search cost and outweigh the small privacy value.",3,"### Decision:
I'll **purchase Firm 3** (choose number 3) because:  
- Positive profit (0.03) found  
- Further search cost (0.02) may not justify small potential gain","C19 Search #1 (Searched:1/8, SearchCost:0.00, BestProfit:0.03@F3) → Purchase F3",-0.02
8,7,C20,True,"yes, personalized recommendations will significantly reduce search cost with 8 firms.",2,"### Decision:
I'll **purchase Firm 2** (choose number 2) because:  
- Positive profit of 0.17 is good  
- Further search cost 0.02 may not yield better profit given privacy value and diminishing returns","C20 Search #1 (Searched:1/8, SearchCost:0.00, BestProfit:0.17@F2) → Purchase F2",0.13
8,8,C1,True,"yes, sharing data reduces search cost significantly with many firms.",4,"### Decision:
I'll **purchase Firm 4** because:  
- Positive profit (0.07) found  
- Further search cost (0.02) may reduce net revenue below zero","C1 Search #1 (Searched:1/8, SearchCost:0.00, BestProfit:0.07@F4) → Purchase F4",0.04
8,8,C2,True,"yes, because personalized recommendations reduce search cost significantly with 8 firms.",2,"### Decision:
I'll **purchase Firm 2** (choose number 2) because:  
- Positive profit (0.04) is found  
- Further search cost (0.02) may outweigh small profit margin","C2 Search #1 (Searched:1/8, SearchCost:0.00, BestProfit:0.04@F2) → Purchase F2",0.0
8,8,C3,True,"yes, sharing data reduces search cost significantly with many firms.",6,"### Decision:
I'll **purchase Firm 6** (choose number 6) because:  
- Positive profit (0.24) found  
- Further search cost (0.02) reduces net revenue  
- First search is free, no need to risk more cost","C3 Search #1 (Searched:1/8, SearchCost:0.00, BestProfit:0.24@F6) → Purchase F6",0.2
8,8,C4,True,"yes, sharing data reduces search cost significantly with many firms.",6,"### Decision:
I'll **purchase Firm 6** (choose number 6) because:  
- Positive profit (0.05) is available  
- Further search cost (0.02) may outweigh potential gains","C4 Search #1 (Searched:1/8, SearchCost:0.00, BestProfit:0.05@F6) → Purchase F6",0.02
8,8,C5,True,"yes, the reduction in search cost outweighs the small privacy value",5,"### Decision:
I'll **purchase Firm 5** (choose number 5) because:  
- The potential profit (0.02) is positive and covers search cost.  
- Further search costs (0.02) might reduce net revenue with uncertain better offers.","C5 Search #1 (Searched:1/8, SearchCost:0.00, BestProfit:0.02@F5) → Purchase F5",-0.01
8,8,C6,True,"yes, because sharing data reduces search costs significantly with many firms.",7,"### Decision:
I'll **purchase Firm 7** (choose number 7) because:  
- Positive profit of 0.18 found  
- Further search cost 0.02 reduces net gain","C6 Search #1 (Searched:1/8, SearchCost:0.00, BestProfit:0.18@F7) → Purchase F7",0.13
8,8,C7,True,"yes, sharing data reduces search cost significantly with many firms.",0,"### Decision:
I'll **purchase Firm 0** (choose number 0) because:  
- The potential profit (0.01) is positive.  
- Further search cost (0.02) and privacy value (0.048) likely reduce net profit below zero.","C7 Search #1 (Searched:1/8, SearchCost:0.00, BestProfit:0.01@F0) → Purchase F0",-0.04
8,8,C8,True,"yes, because the reduction in search cost outweighs the small privacy cost",7,"### Decision:
I'll **purchase Firm 7** (choose number 7) because:  
- Positive profit (0.15) found already  
- Further search cost (0.02) may reduce net gain","C8 Search #1 (Searched:1/8, SearchCost:0.00, BestProfit:0.15@F7) → Purchase F7",0.11
8,8,C9,True,"yes, because sharing data reduces search costs significantly with 8 firms.",6,"### Decision:
I'll **purchase Firm 6** (choose number 6) because:  
- The potential profit (0.21) is positive and outweighs the zero search cost.  
- Further searching costs (0.02) may reduce total revenue with uncertain gain.","C9 Search #1 (Searched:1/8, SearchCost:0.00, BestProfit:0.21@F6) → Purchase F6",0.16
8,8,C10,True,"yes, low privacy cost and significant search cost savings with personalized recommendations",6,"### Decision:
I'll **purchase Firm 6** (choose number 6) because:  
- Positive profit (0.34) is good  
- Further search cost (0.02) may reduce net revenue given already positive profit","C10 Search #1 (Searched:1/8, SearchCost:0.00, BestProfit:0.34@F6) → Purchase F6",0.31
8,8,C11,True,"yes, because sharing data reduces search cost significantly with 8 firms.",3,"### Decision:
I'll **purchase Firm 3** (choose number 3) because: 
- The potential profit (0.06) is positive
- Additional search cost (0.02) may reduce total profit","C11 Search #1 (Searched:1/8, SearchCost:0.00, BestProfit:0.06@F3) → Purchase F3",0.02
8,8,C12,True,"yes, the reduction in search cost outweighs the small privacy value",5,"### Decision:
I'll **purchase Firm 5** (choose number 5) because:  
- Positive profit (0.05) found  
- Further search cost (0.02) may reduce net gain below zero","C12 Search #1 (Searched:1/8, SearchCost:0.00, BestProfit:0.05@F5) → Purchase F5",0.0
8,8,C13,True,"yes, personalized recommendations reduce search cost significantly with many firms.",6,"### Decision:
I'll **purchase Firm 6** (choose number 6) because:  
- Positive profit (0.1) is better than risking additional search cost (0.02)  
- Further search may reduce net gain below zero","C13 Search #1 (Searched:1/8, SearchCost:0.00, BestProfit:0.10@F6) → Purchase F6",0.05
8,8,C14,True,"yes, reduced search cost outweighs small privacy cost",4,"### Decision:
I'll **purchase Firm 4** (choose number 4) because:  
- It offers positive profit (0.08)  
- Additional search cost (0.02) may outweigh potential gains from searching more firms","C14 Search #1 (Searched:1/8, SearchCost:0.00, BestProfit:0.08@F4) → Purchase F4",0.05
8,8,C15,True,"yes, because sharing data reduces search costs significantly with many firms.",5,"### Decision:
I'll **purchase Firm 5** (choose number 5) because:  
- Positive profit (0.1) found  
- Further search cost (0.02) may reduce net revenue below zero","C15 Search #1 (Searched:1/8, SearchCost:0.00, BestProfit:0.10@F5) → Purchase F5",0.06
8,8,C16,True,"yes, because sharing data reduces search cost significantly with many firms.",1,"### Decision:
I'll **purchase Firm 1** (choose number 1) because:  
- The potential profit (0.1) is positive and outweighs search cost.  
- Further search cost (0.02) may not justify uncertain gains.","C16 Search #1 (Searched:1/8, SearchCost:0.00, BestProfit:0.10@F1) → Purchase F1",0.06
8,8,C17,True,"yes, sharing data reduces search cost significantly with many firms.",1,"### Decision:
I'll **purchase Firm 1** (choose number 1) because:  
- Positive profit (0.06) is available  
- Additional search cost (0.02) may reduce net revenue below zero","C17 Search #1 (Searched:1/8, SearchCost:0.00, BestProfit:0.06@F1) → Purchase F1",0.02
8,8,C18,True,"yes, sharing data reduces search cost significantly, outweighing small privacy cost",-1,"### Decision:
I'll **leave** (choose number -1) because:  
- The only searched firm offers negative profit (-0.04)  
- Further search cost (0.02) may not be justified given low privacy value and uncertain gains","C18 Search #1 (Searched:1/8, SearchCost:0.00, BestProfit:-0.04@F7) → Leave Market",-0.03
8,8,C19,True,"yes, because personalized recommendations reduce search cost and outweigh the small privacy value.",3,"### Decision:
I'll **purchase Firm 3** (choose number 3) because:  
- Positive profit (0.13) is found  
- Further search cost (0.02) may not justify small potential gain","C19 Search #1 (Searched:1/8, SearchCost:0.00, BestProfit:0.13@F3) → Purchase F3",0.08
8,8,C20,True,"yes, because personalized recommendations significantly reduce search cost with 8 firms.",2,"### Decision:
I'll **purchase Firm 2** (choose number 2) because:  
- Positive profit of 0.22 is good  
- Further search cost 0.02 may not yield better profit given privacy value and diminishing returns","C20 Search #1 (Searched:1/8, SearchCost:0.00, BestProfit:0.22@F2) → Purchase F2",0.18
8,9,C1,True,"yes, because sharing data reduces search cost significantly with many firms.",4,"### Decision:
I'll **purchase Firm 4** (choose number 4) because:  
- Positive profit (0.02) found  
- Additional search cost (0.02) may reduce net revenue below zero","C1 Search #1 (Searched:1/8, SearchCost:0.00, BestProfit:0.02@F4) → Purchase F4",-0.01
8,9,C2,True,"yes, because personalized recommendations significantly reduce search costs with many firms",2,"### Decision:
I'll **purchase Firm 2** (choose number 2) because:  
- Positive profit (0.04) is found  
- Further search cost (0.02) may outweigh small profit margin","C2 Search #1 (Searched:1/8, SearchCost:0.00, BestProfit:0.04@F2) → Purchase F2",0.0
8,9,C3,True,"yes, sharing data reduces search cost significantly with many firms.",6,"### Decision:
I'll **purchase Firm 6** (choose number 6) because:  
- Positive profit (0.24) found  
- Further search cost (0.02) reduces net revenue  
- First search is free, no need to risk more cost","C3 Search #1 (Searched:1/8, SearchCost:0.00, BestProfit:0.24@F6) → Purchase F6",0.2
8,9,C4,True,"yes, sharing data reduces search cost significantly with many firms.",6,"### Decision:
I'll **purchase Firm 6** (choose number 6) because:  
- Positive profit (0.05) is already available  
- Further search cost (0.02) may outweigh potential gains","C4 Search #1 (Searched:1/8, SearchCost:0.00, BestProfit:0.05@F6) → Purchase F6",0.02
8,9,C5,True,"yes, the reduction in search cost outweighs the small privacy value",-1,"### Decision:
I'll **leave** (choose number -1) because:  
- The only searched firm offers negative profit (-0.03).  
- Searching further costs 0.02 and is unlikely to yield positive net revenue.","C5 Search #1 (Searched:1/8, SearchCost:0.00, BestProfit:-0.03@F5) → Leave Market",-0.03
8,9,C6,True,"yes, because sharing data significantly reduces search costs with many firms.",7,"### Decision:
I'll **purchase Firm 7** (choose number 7) because:  
- Positive profit of 0.23 found  
- Further search cost 0.02 reduces net gain","C6 Search #1 (Searched:1/8, SearchCost:0.00, BestProfit:0.23@F7) → Purchase F7",0.18
8,9,C7,True,"yes, sharing data reduces search cost significantly with many firms.",-1,"### Decision:
I'll **leave** (choose number -1) because:  
- The only searched firm's profit is negative (-0.04).  
- Searching more costs 0.02, likely reducing net profit further below zero given privacy cost.","C7 Search #1 (Searched:1/8, SearchCost:0.00, BestProfit:-0.04@F0) → Leave Market",-0.05
8,9,C8,True,"yes, because the reduction in search cost outweighs the small privacy cost",7,"### Decision:
I'll **purchase Firm 7** (choose number 7) because:  
- Positive profit (0.2) found already  
- Further search cost (0.02) may reduce net gain","C8 Search #1 (Searched:1/8, SearchCost:0.00, BestProfit:0.20@F7) → Purchase F7",0.16
8,9,C9,True,"yes, because sharing data reduces search costs significantly with 8 firms.",6,"### Decision:
I'll **purchase Firm 6** (choose number 6) because:  
- The potential profit (0.21) is positive and outweighs the search cost.  
- Further searching costs (0.02) may reduce total revenue with uncertain gain.","C9 Search #1 (Searched:1/8, SearchCost:0.00, BestProfit:0.21@F6) → Purchase F6",0.16
8,9,C10,True,"yes, low privacy cost and significant search cost savings with personalized recommendations",6,"### Decision:
I'll **purchase Firm 6** (choose number 6) because:  
- Positive profit (0.34) is good  
- Further search cost (0.02) may reduce net revenue given already positive profit","C10 Search #1 (Searched:1/8, SearchCost:0.00, BestProfit:0.34@F6) → Purchase F6",0.31
8,9,C11,True,"yes, sharing data reduces search cost significantly with 8 firms.",3,"### Decision:
I'll **purchase Firm 3** (choose number 3) because:  
- The potential profit (0.01) is positive.  
- Additional search cost (0.02) would exceed expected gain.","C11 Search #1 (Searched:1/8, SearchCost:0.00, BestProfit:0.01@F3) → Purchase F3",-0.03
8,9,C12,True,"yes, the reduction in search cost outweighs the small privacy value",-1,"### Decision:
I'll **leave** (choose number -1) because:  
- No positive profit found (0.0).  
- Further search cost (0.02) may lead to negative net revenue.","C12 Search #1 (Searched:1/8, SearchCost:0.00, BestProfit:0.00@F5) → Leave Market",-0.04
8,9,C13,True,"yes, personalized recommendations reduce search cost significantly with many firms.",6,"### Decision:
I'll **purchase Firm 6** (choose number 6) because:  
- Positive profit of 0.10 is better than risking additional search cost of 0.02  
- Further search may reduce net gain below zero","C13 Search #1 (Searched:1/8, SearchCost:0.00, BestProfit:0.10@F6) → Purchase F6",0.05
8,9,C14,True,"yes, reduced search cost outweighs small privacy cost",4,"### Decision:
I'll **purchase Firm 4** (choose number 4) because:  
- It offers a positive profit (0.03)  
- Additional search cost (0.02) may outweigh potential gains from searching more firms","C14 Search #1 (Searched:1/8, SearchCost:0.00, BestProfit:0.03@F4) → Purchase F4",0.0
8,9,C15,True,"yes, because sharing data reduces search costs significantly with many firms.",5,"### Decision:
I'll **purchase Firm 5** (choose number 5) because:  
- Positive profit (0.05) found  
- Further search cost (0.02) may reduce net revenue below zero","C15 Search #1 (Searched:1/8, SearchCost:0.00, BestProfit:0.05@F5) → Purchase F5",0.01
8,9,C16,True,"yes, because sharing data reduces search cost significantly with many firms.",1,"### Decision:
I'll **purchase Firm 1** (choose number 1) because:  
- The potential profit (0.05) is positive, though small.  
- Further search costs (0.02) may not justify uncertain gains given low profit margin.","C16 Search #1 (Searched:1/8, SearchCost:0.00, BestProfit:0.05@F1) → Purchase F1",0.01
8,9,C17,True,"yes, because sharing data reduces search cost significantly with many firms.",1,"### Decision:
I'll **purchase Firm 1** (choose number 1) because:  
- Positive profit (0.01) is available  
- Additional search cost (0.02) may reduce net revenue below zero","C17 Search #1 (Searched:1/8, SearchCost:0.00, BestProfit:0.01@F1) → Purchase F1",-0.03
8,9,C18,True,"yes, sharing data reduces search cost significantly, outweighing small privacy cost.",7,"### Decision:
I'll **purchase Firm 7** (choose number 7) because:  
- Positive profit (0.01) available now  
- Further search cost (0.02) likely reduces total revenue","C18 Search #1 (Searched:1/8, SearchCost:0.00, BestProfit:0.01@F7) → Purchase F7",-0.02
8,9,C19,True,"yes, because personalized recommendations reduce search cost and outweigh the small privacy value.",3,"### Decision:
I'll **purchase Firm 3** (choose number 3) because:  
- Positive profit (0.08) is found  
- Further search cost (0.02) may not justify small potential gain","C19 Search #1 (Searched:1/8, SearchCost:0.00, BestProfit:0.08@F3) → Purchase F3",0.03
8,9,C20,True,"yes, because personalized recommendations significantly reduce search cost with 8 firms.",2,"### Decision:
I'll **purchase Firm 2** (choose number 2) because:  
- Positive profit of 0.22 is good  
- Further search costs 0.02 and may not yield better profit given privacy value and diminishing returns","C20 Search #1 (Searched:1/8, SearchCost:0.00, BestProfit:0.22@F2) → Purchase F2",0.18
8,10,C1,True,"yes, personalized recommendations reduce search cost significantly with 8 firms.",-1,"### Decision:
I'll **leave** (choose number -1) because:  
- No positive profit found (valuation - price = -0.03)  
- Searching costs (0.02) will only increase losses","C1 Search #1 (Searched:1/8, SearchCost:0.00, BestProfit:-0.03@F4) → Leave Market",-0.03
8,10,C2,True,"yes, because personalized recommendations significantly reduce search cost with 8 firms.",2,"### Decision:
I'll **purchase Firm 2** (choose number 2) because:  
- Positive profit (0.04) is found  
- Further search cost (0.02) may outweigh small profit margin","C2 Search #1 (Searched:1/8, SearchCost:0.00, BestProfit:0.04@F2) → Purchase F2",0.0
8,10,C3,True,"yes, sharing data reduces search cost significantly with many firms.",6,"### Decision:
I'll **purchase Firm 6** (choose number 6) because:  
- Positive profit (0.24) found  
- Further search cost (0.02) reduces net revenue  
- First search is free, no need to risk more cost","C3 Search #1 (Searched:1/8, SearchCost:0.00, BestProfit:0.24@F6) → Purchase F6",0.2
8,10,C4,True,"yes, sharing data reduces search cost significantly with many firms.",6,"### Decision:
I'll **purchase Firm 6** (choose number 6) because:  
- Positive profit (0.05) is available  
- Further search cost (0.02) may outweigh potential gains","C4 Search #1 (Searched:1/8, SearchCost:0.00, BestProfit:0.05@F6) → Purchase F6",0.02
8,10,C5,True,"yes, the reduction in search cost outweighs the small privacy value",5,"### Decision:
I'll **purchase Firm 5** (choose number 5) because:  
- The potential profit (0.07) is positive and covers search cost.  
- Further search costs (0.02) might reduce net revenue with uncertain better offers.","C5 Search #1 (Searched:1/8, SearchCost:0.00, BestProfit:0.07@F5) → Purchase F5",0.04
8,10,C6,True,"yes, because sharing data significantly reduces search costs with many firms.",7,"### Decision:
I'll **purchase Firm 7** (choose number 7) because:  
- Positive profit of 0.23 found  
- Further search costs 0.02, reducing net gain","C6 Search #1 (Searched:1/8, SearchCost:0.00, BestProfit:0.23@F7) → Purchase F7",0.18
8,10,C7,True,"yes, sharing data reduces search cost significantly with many firms.",0,"### Decision:
I'll **purchase Firm 0** (choose number 0) because:  
- The potential profit (0.06) is positive.  
- Further search cost (0.02) plus privacy value (0.048) may reduce net profit below zero.","C7 Search #1 (Searched:1/8, SearchCost:0.00, BestProfit:0.06@F0) → Purchase F0",0.01
8,10,C8,True,"yes, because the reduction in search cost outweighs the small privacy cost",7,"### Decision:
I'll **purchase Firm 7** (choose number 7) because:  
- Positive profit (0.2) found already  
- Further search cost (0.02) may reduce net gain","C8 Search #1 (Searched:1/8, SearchCost:0.00, BestProfit:0.20@F7) → Purchase F7",0.16
8,10,C9,True,"yes, because sharing data significantly reduces search costs with 8 firms.",6,"### Decision:
I'll **purchase Firm 6** (choose number 6) because:  
- The potential profit (0.21) is positive and outweighs the zero search cost.  
- Further searching costs (0.02) may reduce total revenue with uncertain gain.","C9 Search #1 (Searched:1/8, SearchCost:0.00, BestProfit:0.21@F6) → Purchase F6",0.16
8,10,C10,True,"yes, low privacy cost and significant search cost savings with personalized recommendations",6,"### Decision:
I'll **purchase Firm 6** (choose number 6) because:  
- Positive profit (0.34) is good  
- Further search cost (0.02) may reduce net revenue given already positive profit","C10 Search #1 (Searched:1/8, SearchCost:0.00, BestProfit:0.34@F6) → Purchase F6",0.31
8,10,C11,True,"yes, sharing data reduces search cost significantly with many firms.",3,"### Decision:
I'll **purchase Firm 3** (choose number 3) because:  
- The potential profit (0.01) is positive.  
- Additional search cost (0.02) would exceed expected gain.","C11 Search #1 (Searched:1/8, SearchCost:0.00, BestProfit:0.01@F3) → Purchase F3",-0.03
8,10,C12,True,"yes, the reduction in search cost outweighs the small privacy value",5,"### Decision:
I'll **purchase Firm 5** (choose number 5) because:  
- Positive profit (0.1) found  
- Further search cost (0.02) may reduce net gain below zero","C12 Search #1 (Searched:1/8, SearchCost:0.00, BestProfit:0.10@F5) → Purchase F5",0.05
8,10,C13,True,"yes, personalized recommendations reduce search cost significantly with many firms",6,"### Decision:
I'll **purchase Firm 6** (choose number 6) because:  
- Positive profit of 0.10 is better than risking additional search cost of 0.02  
- Further search may reduce net gain below zero","C13 Search #1 (Searched:1/8, SearchCost:0.00, BestProfit:0.10@F6) → Purchase F6",0.05
8,10,C14,True,"yes, reduced search cost outweighs small privacy cost",-1,"### Decision:
I'll **leave** (choose number -1) because:  
- The only searched firm offers negative profit (-0.02)  
- Searching more costs 0.02, likely worsening total revenue","C14 Search #1 (Searched:1/8, SearchCost:0.00, BestProfit:-0.02@F4) → Leave Market",-0.03
8,10,C15,True,"yes, sharing data reduces search costs significantly with many firms.",5,"### Decision:
I'll **purchase Firm 5** (choose number 5) because:  
- Positive profit (0.15) found  
- Further search cost (0.02) may reduce net revenue below zero","C15 Search #1 (Searched:1/8, SearchCost:0.00, BestProfit:0.15@F5) → Purchase F5",0.11
8,10,C16,True,"yes, reduces search cost significantly with many firms",-1,"### Decision:
I'll **leave** (choose number -1) because:  
- The only searched firm offers zero profit (valuation equals price).  
- Searching further costs 0.02 and may not yield positive profit to cover search cost and privacy value.","C16 Search #1 (Searched:1/8, SearchCost:0.00, BestProfit:0.00@F1) → Leave Market",-0.04
8,10,C17,True,"yes, because sharing data reduces search cost significantly with many firms.",-1,"### Decision:
I'll **leave** (choose number -1) because:  
- The only searched firm offers negative profit (-0.04).  
- Searching further costs 0.02 and may not yield better profit.","C17 Search #1 (Searched:1/8, SearchCost:0.00, BestProfit:-0.04@F1) → Leave Market",-0.04
8,10,C18,True,"yes, sharing data reduces search cost significantly and outweighs the small privacy cost.",7,"### Decision:
I'll **purchase Firm 7** (choose number 7) because:  
- Positive profit (0.01) available now  
- Further search cost (0.02) likely reduces total revenue","C18 Search #1 (Searched:1/8, SearchCost:0.00, BestProfit:0.01@F7) → Purchase F7",-0.02
8,10,C19,True,"yes, because personalized recommendations reduce search cost and outweigh the small privacy value.",3,"### Decision:
I'll **purchase Firm 3** (choose number 3) because:  
- Positive profit (0.08) found  
- Further search cost (0.02) may not justify small potential gain","C19 Search #1 (Searched:1/8, SearchCost:0.00, BestProfit:0.08@F3) → Purchase F3",0.03
8,10,C20,True,"yes, personalized recommendations will significantly reduce search cost with 8 firms.",2,"### Decision:
I'll **purchase Firm 2** (choose number 2) because:  
- Positive profit of 0.22 is good  
- Further search costs 0.02 and may not yield better profit given privacy value and diminishing returns","C20 Search #1 (Searched:1/8, SearchCost:0.00, BestProfit:0.22@F2) → Purchase F2",0.18
9,1,C1,True,"Yes, because the reduction in search cost outweighs the small privacy value.",7,"### Decision:
I'll **purchase Firm 7** (choose number 7) because: 
- The potential profit (0.31) is positive and covers search cost.
- Further search costs (0.02 each) may reduce net profit below zero.","C1 Search #1 (Searched:1/9, SearchCost:0.00, BestProfit:0.31@F7) → Purchase F7",0.27
9,1,C2,True,"Yes, because sharing data reduces search costs significantly with many firms.",5,"### Decision:
I'll **purchase Firm 5** because: 
- The profit (0.39) is positive and substantial compared to search cost (0.02).
- Further search costs may outweigh potential marginal gain.","C2 Search #1 (Searched:1/9, SearchCost:0.00, BestProfit:0.39@F5) → Purchase F5",0.34
9,1,C3,True,"yes, because sharing data reduces search cost significantly with many firms.",3,"### Decision:
I'll **purchase Firm 3** (choose number 3) because: 
- The profit (0.4) is positive and significant compared to the search cost (0.02).
- Further searching risks incurring more cost and reducing net revenue.","C3 Search #1 (Searched:1/9, SearchCost:0.00, BestProfit:0.40@F3) → Purchase F3",0.36
9,1,C4,True,"Yes, because the reduction in search cost from personalized recommendations outweighs the small privacy cost.",6,"### Decision:
I'll **purchase Firm 6** (choose number 6) because: 
- The potential profit (0.38) is positive and reasonably high.
- Further searching costs 0.02 per search, which may reduce net profit below zero.","C4 Search #1 (Searched:1/9, SearchCost:0.00, BestProfit:0.38@F6) → Purchase F6",0.34
9,1,C5,True,"yes, because personalized recommendations will significantly reduce search cost with 9 firms.",4,"### Decision:
I'll **purchase Firm 4** because: 
- Positive profit (0.42) already found
- Further search costs (0.02) may outweigh potential gain","C5 Search #1 (Searched:1/9, SearchCost:0.00, BestProfit:0.42@F4) → Purchase F4",0.37
9,1,C6,True,"yes, because sharing data reduces search costs significantly with many firms.",0,"### Decision:
I'll **purchase Firm 0** because:  
- The potential profit (0.43) is positive and substantial compared to the search cost (0.02).  
- Further searching risks incurring additional costs that may reduce total revenue.","C6 Search #1 (Searched:1/9, SearchCost:0.00, BestProfit:0.43@F0) → Purchase F0",0.4
9,1,C7,True,"Yes, because sharing data reduces search cost significantly with many firms, outweighing the small privacy cost.",8,"### Decision:
I'll **purchase Firm 8** (choose number 8) because:  
- Positive profit of 0.4 is good and exceeds search cost of further searches  
- Further searching costs 0.02 per search and may reduce profit or not improve enough","C7 Search #1 (Searched:1/9, SearchCost:0.00, BestProfit:0.40@F8) → Purchase F8",0.36
9,1,C8,True,"yes, because personalized recommendations will reduce search cost significantly with 9 firms.",2,"### Decision:
I'll **purchase Firm 2** (choose number 2) because: 
- Positive profit of 0.35 is good.
- Searching more costs 0.02 per search and may reduce profit.","C8 Search #1 (Searched:1/9, SearchCost:0.00, BestProfit:0.35@F2) → Purchase F2",0.3
9,1,C9,True,"yes, because sharing data reduces search costs significantly with many firms.",8,"### Decision:
I'll **purchase Firm 8** (choose number 8) because: 
- Positive profit of 0.29 is good
- Further search costs 0.02, reducing net gain and unlikely to find much better deal given valuations <1","C9 Search #1 (Searched:1/9, SearchCost:0.00, BestProfit:0.29@F8) → Purchase F8",0.26
9,1,C10,True,"yes, because sharing data reduces search costs significantly with many firms.",2,"### Decision:
I'll **purchase Firm 2** (choose number 2) because:  
- Positive profit (0.28) already found  
- Further search costs (0.02) may reduce net revenue  
- First search is free and profit is decent","C10 Search #1 (Searched:1/9, SearchCost:0.00, BestProfit:0.28@F2) → Purchase F2",0.24
9,1,C11,True,"yes, because sharing data reduces search costs significantly with many firms.",6,"### Decision:
I'll **purchase Firm 6** (choose number 6) because: 
- The potential profit (0.26) is positive and exceeds the total search cost so far (0).
- Further searching costs 0.02 per search, which may reduce net profit below zero given the current good offer.","C11 Search #1 (Searched:1/9, SearchCost:0.00, BestProfit:0.26@F6) → Purchase F6",0.21
9,1,C12,True,"yes, because sharing data reduces search cost significantly with many firms.",6,"### Decision:
I'll **purchase Firm 6** (choose number 6) because: 
- Positive profit of 0.16 is available.
- Further search costs (0.02) may reduce net gain below zero.","C12 Search #1 (Searched:1/9, SearchCost:0.00, BestProfit:0.16@F6) → Purchase F6",0.11
9,1,C13,True,"yes, because the reduction in search cost outweighs the small privacy value.",2,"### Decision:
I'll **purchase Firm 2** (choose number 2) because: 
- Positive profit (0.17) already found
- Further search costs (0.02) may outweigh potential gains given low net profit margin","C13 Search #1 (Searched:1/9, SearchCost:0.00, BestProfit:0.17@F2) → Purchase F2",0.12
9,1,C14,True,"Yes, because sharing data reduces search costs significantly with many firms.",4,"### Decision:
I'll **purchase Firm 4** because: 
- Positive profit (0.38) already found
- Further search costs (0.02) may reduce net revenue below zero given privacy cost and small profit margin","C14 Search #1 (Searched:1/9, SearchCost:0.00, BestProfit:0.38@F4) → Purchase F4",0.34
9,1,C15,True,"yes, because sharing data reduces search cost significantly with many firms.",1,"### Decision:
I'll **purchase Firm 1** because:  
- Positive profit (0.22) already found  
- Further search costs (0.02 per search) may reduce net revenue  
- Privacy cost already paid, so minimizing search cost is optimal","C15 Search #1 (Searched:1/9, SearchCost:0.00, BestProfit:0.22@F1) → Purchase F1",0.17
9,1,C16,True,"yes, reducing search cost outweighs small privacy loss.",2,"### Decision:
I'll **purchase Firm 2** because:  
- Positive profit (0.31) is already found  
- Further search costs (0.02) may reduce net revenue below zero","C16 Search #1 (Searched:1/9, SearchCost:0.00, BestProfit:0.31@F2) → Purchase F2",0.27
9,1,C17,True,"yes, reduced search cost outweighs small privacy value.",4,"### Decision:
I'll **purchase Firm 4** because: 
- Positive profit of 0.34 is good.
- Further search costs 0.02 and may not yield better profit.","C17 Search #1 (Searched:1/9, SearchCost:0.00, BestProfit:0.34@F4) → Purchase F4",0.29
9,1,C18,True,"Yes, because sharing data reduces search costs significantly with many firms.",3,"### Decision:
I'll **purchase Firm 3** (choose number 3) because:  
- Positive profit of 0.33 is good enough  
- Further search costs 0.02 per search, reducing net gain and risk of no better offer","C18 Search #1 (Searched:1/9, SearchCost:0.00, BestProfit:0.33@F3) → Purchase F3",0.31
9,1,C19,True,"yes, because personalized recommendations will significantly reduce search costs among 9 firms.",4,"### Decision:
I'll **purchase Firm 4** (choose number 4) because: 
- The potential profit (0.4) is positive and significant compared to the search cost (0.02).
- Further search costs may outweigh additional profit gains.","C19 Search #1 (Searched:1/9, SearchCost:0.00, BestProfit:0.40@F4) → Purchase F4",0.37
9,1,C20,True,"yes, because sharing data reduces search costs significantly with many firms.",6,"### Decision:
I'll **purchase Firm 6** because: 
- Positive profit of 0.28 is good 
- Further search costs 0.02 and may not improve profit enough to justify cost","C20 Search #1 (Searched:1/9, SearchCost:0.00, BestProfit:0.28@F6) → Purchase F6",0.25
9,2,C1,True,"yes, personalized recommendations will reduce search cost significantly, outweighing the small privacy value.",7,"### Decision:
I'll **purchase Firm 7** (choose number 7) because:  
- The potential profit (0.26) is positive and covers search cost.  
- Further searches cost 0.02 each and may reduce net profit below zero.","C1 Search #1 (Searched:1/9, SearchCost:0.00, BestProfit:0.26@F7) → Purchase F7",0.22
9,2,C2,True,"yes, sharing data reduces search costs significantly with many firms.",5,"### Decision:
I'll **purchase Firm 5** (choose number 5) because:  
- The potential profit (0.29) is positive and outweighs search costs.  
- Further search costs (0.02 per search) may not justify marginal gain.","C2 Search #1 (Searched:1/9, SearchCost:0.00, BestProfit:0.29@F5) → Purchase F5",0.24
9,2,C3,True,"yes, because sharing data reduces search cost significantly with many firms.",3,"### Decision:
I'll **purchase Firm 3** (choose number 3) because:  
- The profit (0.35) is positive and outweighs the search cost of further searching (0.02).  
- Further searching risks incurring more cost and reducing net revenue.","C3 Search #1 (Searched:1/9, SearchCost:0.00, BestProfit:0.35@F3) → Purchase F3",0.31
9,2,C4,True,"yes, because personalized recommendations will reduce search costs significantly with many firms.",6,"### Decision:
I'll **purchase Firm 6** (choose number 6) because:  
- The current firm's profit (0.33) is positive.  
- Further searching costs 0.02 may reduce net profit below zero.","C4 Search #1 (Searched:1/9, SearchCost:0.00, BestProfit:0.33@F6) → Purchase F6",0.29
9,2,C5,True,"yes, because personalized recommendations will reduce search cost significantly with 9 firms.",4,"### Decision:
I'll **purchase Firm 4** (choose number 4) because:  
- Positive profit (0.37) already found  
- Further search cost (0.02) may outweigh potential gain","C5 Search #1 (Searched:1/9, SearchCost:0.00, BestProfit:0.37@F4) → Purchase F4",0.32
9,2,C6,True,"yes, because sharing data reduces search costs significantly with many firms.",0,"### Decision:
I'll **purchase Firm 0** because:  
- The potential profit (0.38) is positive and covers search costs.  
- Further search costs (0.02) may reduce total revenue with limited gain.","C6 Search #1 (Searched:1/9, SearchCost:0.00, BestProfit:0.38@F0) → Purchase F0",0.35
9,2,C7,True,"yes, sharing data reduces search cost significantly with many firms, outweighing the small privacy cost",8,"### Decision:
I'll **purchase Firm 8** (choose number 8) because:  
- Positive profit of 0.3 exceeds search cost of further searches  
- Further search costs 0.02 and may not improve profit enough","C7 Search #1 (Searched:1/9, SearchCost:0.00, BestProfit:0.30@F8) → Purchase F8",0.26
9,2,C8,True,"yes, personalized recommendations will reduce search cost significantly with 9 firms.",2,"### Decision:
I'll **purchase Firm 2** (choose number 2) because:  
- Positive profit of 0.25 is good  
- Searching more costs 0.02 and may reduce profit","C8 Search #1 (Searched:1/9, SearchCost:0.00, BestProfit:0.25@F2) → Purchase F2",0.2
9,2,C9,True,"yes, because sharing data significantly reduces search costs with many firms.",8,"### Decision:
I'll **purchase Firm 8** (choose number 8) because:  
- Positive profit of 0.19 is good  
- Further search costs 0.02, reducing net gain and unlikely to find much better deal given valuations <1","C9 Search #1 (Searched:1/9, SearchCost:0.00, BestProfit:0.19@F8) → Purchase F8",0.17
9,2,C10,True,"yes, because sharing data reduces search costs significantly with many firms.",2,"### Decision:
I'll **purchase Firm 2** (choose number 2) because:  
- Positive profit (0.18) found  
- Further search costs (0.02) may reduce net revenue  
- First search is free and profit is decent","C10 Search #1 (Searched:1/9, SearchCost:0.00, BestProfit:0.18@F2) → Purchase F2",0.14
9,2,C11,True,"yes, sharing data reduces search costs significantly with many firms.",6,"### Decision:
I'll **purchase Firm 6** (choose number 6) because:  
- The potential profit (0.21) is positive and exceeds the total search cost so far (0).  
- Further searching costs 0.02 per search, which may reduce net profit below zero given the current good offer.","C11 Search #1 (Searched:1/9, SearchCost:0.00, BestProfit:0.21@F6) → Purchase F6",0.16
9,2,C12,True,"yes, because sharing data reduces search cost significantly with many firms",6,"### Decision:
I'll **purchase Firm 6** (choose number 6) because: 
- Positive profit of 0.11 is available
- Further search cost (0.02) may reduce net gain below zero","C12 Search #1 (Searched:1/9, SearchCost:0.00, BestProfit:0.11@F6) → Purchase F6",0.06
9,2,C13,True,"yes, because personalized recommendations will reduce search cost significantly given 9 firms.",0,"### Decision:
I'll **purchase Firm 0** (choose number 0) because: 
- Highest positive profit (0.15) among searched firms
- Further search cost (0.02) may outweigh potential gain from searching more","C13 Search #1 (Searched:1/9, SearchCost:0.00, BestProfit:0.07@F2) → Search Next; C13 Search #2 (Searched:2/9, SearchCost:0.02, BestProfit:0.15@F0) → Purchase F0",0.08
9,2,C14,True,"yes, sharing data reduces search costs significantly with many firms",4,"### Decision:
I'll **purchase Firm 4** (choose number 4) because:  
- Positive profit (0.33) found  
- Additional search cost (0.02) and privacy cost reduce net revenue risk","C14 Search #1 (Searched:1/9, SearchCost:0.00, BestProfit:0.33@F4) → Purchase F4",0.29
9,2,C15,True,"yes, because sharing data reduces search cost significantly with many firms.",1,"### Decision:
I'll **purchase Firm 1** because:  
- Positive profit (0.12) already found  
- Further search cost (0.02) may reduce net revenue  
- Privacy cost already paid, so minimizing search cost is optimal","C15 Search #1 (Searched:1/9, SearchCost:0.00, BestProfit:0.12@F1) → Purchase F1",0.07
9,2,C16,True,"yes, reducing search cost outweighs small privacy loss",2,"### Decision:
I'll **purchase Firm 2** (choose number 2) because:  
- Positive profit (0.21) found  
- Further search cost (0.02) may reduce net revenue below zero","C16 Search #1 (Searched:1/9, SearchCost:0.00, BestProfit:0.21@F2) → Purchase F2",0.17
9,2,C17,True,"yes, reduced search cost outweighs small privacy value",4,"### Decision:
I'll **purchase Firm 4** (choose number 4) because:  
- Positive profit of 0.29 is good  
- Further search costs 0.02 and may not yield better profit","C17 Search #1 (Searched:1/9, SearchCost:0.00, BestProfit:0.29@F4) → Purchase F4",0.24
9,2,C18,True,"yes, sharing reduces search costs significantly with many firms",3,"### Decision:
I'll **purchase Firm 3** (choose number 3) because:  
- Positive profit of 0.28 is good enough  
- Further search costs 0.02 may reduce net gain and risk no better offer","C18 Search #1 (Searched:1/9, SearchCost:0.00, BestProfit:0.28@F3) → Purchase F3",0.26
9,2,C19,True,"yes, because personalized recommendations will significantly reduce search costs among 9 firms.",4,"### Decision:
I'll **purchase Firm 4** (choose number 4) because: 
- The potential profit (0.35) is positive and significant compared to the search cost (0.02).
- Further search may not yield enough additional profit to cover extra search cost.","C19 Search #1 (Searched:1/9, SearchCost:0.00, BestProfit:0.35@F4) → Purchase F4",0.32
9,2,C20,True,"yes, because sharing data reduces search costs significantly with many firms",6,"### Decision:
I'll **purchase Firm 6** (choose number 6) because:  
- Positive profit of 0.23 is good  
- Further search costs 0.02 and may not improve profit enough to justify cost","C20 Search #1 (Searched:1/9, SearchCost:0.00, BestProfit:0.23@F6) → Purchase F6",0.2
9,3,C1,True,"yes, because personalized recommendations will significantly reduce search cost and improve profit.",7,"### Decision:
I'll **purchase Firm 7** (choose number 7) because: 
- The potential profit (0.21) is positive and covers search cost.
- Further search costs (0.02 each) may reduce net profit below zero.","C1 Search #1 (Searched:1/9, SearchCost:0.00, BestProfit:0.21@F7) → Purchase F7",0.17
9,3,C2,True,"yes, sharing data reduces search costs significantly with many firms.",5,"### Decision:
I'll **purchase Firm 5** (choose number 5) because:  
- The profit (0.24) is positive and outweighs the search cost of further searching (0.02).  
- Additional search cost may not justify marginal gain.","C2 Search #1 (Searched:1/9, SearchCost:0.00, BestProfit:0.24@F5) → Purchase F5",0.19
9,3,C3,True,"yes, sharing data reduces search cost significantly with many firms.",3,"### Decision:
I'll **purchase Firm 3** (choose number 3) because:  
- The profit (0.3) is positive and exceeds the search cost of further searching (0.02).  
- Further searching risks incurring more cost and reducing net revenue.","C3 Search #1 (Searched:1/9, SearchCost:0.00, BestProfit:0.30@F3) → Purchase F3",0.26
9,3,C4,True,"yes, because the reduction in search cost from personalized recommendations outweighs the small privacy cost.",6,"### Decision:
I'll **purchase Firm 6** (choose number 6) because:  
- The potential profit (0.28) is positive.  
- Further searching costs 0.02 may reduce net profit below zero.","C4 Search #1 (Searched:1/9, SearchCost:0.00, BestProfit:0.28@F6) → Purchase F6",0.24
9,3,C5,True,"yes, because personalized recommendations will significantly reduce search cost with 9 firms.",4,"### Decision:
I'll **purchase Firm 4** (choose number 4) because:  
- Positive profit (0.32) already found  
- Further search cost (0.02) may outweigh potential gain","C5 Search #1 (Searched:1/9, SearchCost:0.00, BestProfit:0.32@F4) → Purchase F4",0.27
9,3,C6,True,"yes, because sharing data reduces search costs significantly with many firms.",0,"### Decision:
I'll **purchase Firm 0** (choose number 0) because:  
- The potential profit (0.33) is positive and covers search cost.  
- Further search costs (0.02) may reduce total revenue with limited gain.","C6 Search #1 (Searched:1/9, SearchCost:0.00, BestProfit:0.33@F0) → Purchase F0",0.3
9,3,C7,True,"yes, because sharing data reduces search cost significantly with many firms, outweighing the small privacy cost",8,"### Decision:
I'll **purchase Firm 8** (choose number 8) because:  
- Positive profit of 0.2 is better than zero  
- Further search cost of 0.02 may not be worth potential small gain","C7 Search #1 (Searched:1/9, SearchCost:0.00, BestProfit:0.20@F8) → Purchase F8",0.16
9,3,C8,True,"yes, personalized recommendations significantly reduce search cost with 9 firms.",2,"### Decision:
I'll **purchase Firm 2** (choose number 2) because:  
- Positive profit of 0.3 is good  
- Further search costs 0.02 and may reduce profit","C8 Search #1 (Searched:1/9, SearchCost:0.00, BestProfit:0.30@F2) → Purchase F2",0.25
9,3,C9,True,"yes, because sharing data reduces search costs significantly with many firms.",8,"### Decision:
I'll **purchase Firm 8** (choose number 8) because:  
- Positive profit of 0.09 is small but positive  
- Further search costs 0.02, reducing net gain and unlikely to find much better deal given valuations <1","C9 Search #1 (Searched:1/9, SearchCost:0.00, BestProfit:0.09@F8) → Purchase F8",0.06
9,3,C10,True,"yes, because sharing data reduces search costs significantly with many firms.",2,"### Decision:
I'll **purchase Firm 2** (choose number 2) because:  
- Positive profit (0.23) found  
- Further search cost (0.02) may reduce net revenue","C10 Search #1 (Searched:1/9, SearchCost:0.00, BestProfit:0.23@F2) → Purchase F2",0.19
9,3,C11,True,"yes, sharing data reduces search costs significantly with many firms.",6,"### Decision:
I'll **purchase Firm 6** (choose number 6) because:  
- The potential profit (0.16) is positive and exceeds the total search cost so far (0).  
- Further searching costs 0.02 per search, which may reduce net profit below zero given the current good offer.","C11 Search #1 (Searched:1/9, SearchCost:0.00, BestProfit:0.16@F6) → Purchase F6",0.11
9,3,C12,True,"yes, because sharing data reduces search cost significantly with many firms",6,"### Decision:
I'll **purchase Firm 6** (choose number 6) because: 
- Positive profit of 0.06 is available
- Further search cost (0.02) may reduce net gain below zero","C12 Search #1 (Searched:1/9, SearchCost:0.00, BestProfit:0.06@F6) → Purchase F6",0.01
9,3,C13,True,"yes, because personalized recommendations will reduce search cost significantly given 9 firms.",2,"### Decision:
I'll **purchase Firm 2** (choose number 2) because:  
- Positive profit (0.12) found  
- Further search cost (0.02) may outweigh potential gain given low net profit margin","C13 Search #1 (Searched:1/9, SearchCost:0.00, BestProfit:0.12@F2) → Purchase F2",0.07
9,3,C14,True,"yes, because sharing data reduces search costs significantly with many firms.",4,"### Decision:
I'll **purchase Firm 4** (choose number 4) because:  
- Positive profit (0.28) found  
- Further search cost (0.02) and privacy cost risk reducing net revenue","C14 Search #1 (Searched:1/9, SearchCost:0.00, BestProfit:0.28@F4) → Purchase F4",0.24
9,3,C15,True,"yes, because sharing data reduces search cost significantly with many firms.",1,"### Decision:
I'll **purchase Firm 1** (choose number 1) because:  
- Positive profit (0.02) found  
- Further search cost (0.02) may eliminate net gain  
- Privacy cost already paid, so minimize search cost","C15 Search #1 (Searched:1/9, SearchCost:0.00, BestProfit:0.02@F1) → Purchase F1",-0.03
9,3,C16,True,"yes, reducing search cost outweighs small privacy loss",2,"### Decision:
I'll **purchase Firm 2** (choose number 2) because:  
- Positive profit (0.26) found  
- Further search cost (0.02) may reduce net revenue below zero","C16 Search #1 (Searched:1/9, SearchCost:0.00, BestProfit:0.26@F2) → Purchase F2",0.22
9,3,C17,True,"yes, reduced search cost outweighs small privacy value",4,"### Decision:
I'll **purchase Firm 4** (choose number 4) because:  
- Positive profit of 0.24 is good  
- Further search costs 0.02 and may not yield better profit","C17 Search #1 (Searched:1/9, SearchCost:0.00, BestProfit:0.24@F4) → Purchase F4",0.19
9,3,C18,True,"yes, sharing reduces search costs significantly with many firms",3,"### Decision:
I'll **purchase Firm 3** (choose number 3) because:  
- Positive profit of 0.23 is good enough  
- Searching costs 0.02 may outweigh potential gain from further search","C18 Search #1 (Searched:1/9, SearchCost:0.00, BestProfit:0.23@F3) → Purchase F3",0.21
9,3,C19,True,"yes, because personalized recommendations will significantly reduce search costs among 9 firms.",4,"### Decision:
I'll **purchase Firm 4** (choose number 4) because: 
- The potential profit (0.3) is positive and outweighs the search cost.
- Further search cost (0.02) may not be justified by likely small profit gain.","C19 Search #1 (Searched:1/9, SearchCost:0.00, BestProfit:0.30@F4) → Purchase F4",0.27
9,3,C20,True,"yes, because sharing data reduces search costs significantly with many firms.",6,"### Decision:
I'll **purchase Firm 6** (choose number 6) because:  
- Positive profit of 0.18 is good  
- Further search costs 0.02 may not justify small potential gain","C20 Search #1 (Searched:1/9, SearchCost:0.00, BestProfit:0.18@F6) → Purchase F6",0.15
9,4,C1,True,"yes, personalized recommendations reduce search cost significantly, outweighing small privacy value.",7,"### Decision:
I'll **purchase Firm 7** (choose number 7) because:  
- The potential profit (0.16) is positive and covers search cost.  
- Further search cost (0.02) may reduce net profit below zero.","C1 Search #1 (Searched:1/9, SearchCost:0.00, BestProfit:0.16@F7) → Purchase F7",0.12
9,4,C2,True,"yes, because sharing data reduces search costs significantly with many firms",5,"### Decision:
I'll **purchase Firm 5** (choose number 5) because:  
- The profit (0.19) is positive and outweighs the search cost of 0.02.  
- Further search cost may not justify marginal gain.","C2 Search #1 (Searched:1/9, SearchCost:0.00, BestProfit:0.19@F5) → Purchase F5",0.14
9,4,C3,True,"yes, because sharing data reduces search cost significantly with many firms.",3,"### Decision:
I'll **purchase Firm 3** (choose number 3) because:  
- The profit (0.25) is positive and exceeds the search cost of further searching (0.02).  
- Further searching risks incurring more cost and reducing net revenue.","C3 Search #1 (Searched:1/9, SearchCost:0.00, BestProfit:0.25@F3) → Purchase F3",0.21
9,4,C4,True,"yes, because personalized recommendations will reduce search costs significantly with many firms.",6,"### Decision:
I'll **purchase Firm 6** (choose number 6) because:  
- Potential profit (0.23) is positive  
- Further search cost (0.02) may reduce net profit below zero","C4 Search #1 (Searched:1/9, SearchCost:0.00, BestProfit:0.23@F6) → Purchase F6",0.19
9,4,C5,True,"yes, personalized recommendations will significantly reduce search cost with 9 firms.",4,"### Decision:
I'll **purchase Firm 4** (choose number 4) because:  
- Positive profit (0.27) found  
- Further search cost (0.02) may outweigh potential gain","C5 Search #1 (Searched:1/9, SearchCost:0.00, BestProfit:0.27@F4) → Purchase F4",0.22
9,4,C6,True,"yes, sharing data reduces search costs significantly with many firms.",0,"### Decision:
I'll **purchase Firm 0** (choose number 0) because:  
- The potential profit (0.28) is positive and covers search cost.  
- Further searching costs (0.02) may reduce total revenue with limited gain.","C6 Search #1 (Searched:1/9, SearchCost:0.00, BestProfit:0.28@F0) → Purchase F0",0.25
9,4,C7,True,"yes, because sharing data reduces search cost significantly with many firms, outweighing the small privacy cost",8,"### Decision:
I'll **purchase Firm 8** (choose number 8) because:  
- Positive profit of 0.1 exceeds search cost of further searches  
- Further search cost of 0.02 may not be worth potential small gain","C7 Search #1 (Searched:1/9, SearchCost:0.00, BestProfit:0.10@F8) → Purchase F8",0.06
9,4,C8,True,"yes, personalized recommendations will significantly reduce search cost with 9 firms.",2,"### Decision:
I'll **purchase Firm 2** (choose number 2) because:  
- Positive profit of 0.25 is good  
- Searching more costs 0.02 and may reduce profit","C8 Search #1 (Searched:1/9, SearchCost:0.00, BestProfit:0.25@F2) → Purchase F2",0.2
9,4,C9,True,"yes, because sharing data reduces search costs significantly with many firms.",-1,"### Decision:
I'll **leave** (choose number -1) because:  
- Current firm offers negative profit (-0.01)  
- Searching costs 0.02 per search, likely no better deal given valuations <1","C9 Search #1 (Searched:1/9, SearchCost:0.00, BestProfit:-0.01@F8) → Leave Market",-0.03
9,4,C10,True,"yes, sharing data reduces search costs significantly with many firms.",2,"### Decision:
I'll **purchase Firm 2** (choose number 2) because:  
- Positive profit (0.18) found  
- Further search cost (0.02) may reduce net revenue","C10 Search #1 (Searched:1/9, SearchCost:0.00, BestProfit:0.18@F2) → Purchase F2",0.14
9,4,C11,True,"yes, sharing data reduces search costs significantly with many firms.",6,"### Decision:
I'll **purchase Firm 6** (choose number 6) because:  
- The potential profit (0.11) is positive and exceeds the total search cost so far (0).  
- Further searching costs 0.02, which may reduce net profit below zero given the current good offer.","C11 Search #1 (Searched:1/9, SearchCost:0.00, BestProfit:0.11@F6) → Purchase F6",0.06
9,4,C12,True,"yes, because sharing data reduces search cost significantly with many firms.",6,"### Decision:
I'll **purchase Firm 6** (choose number 6) because: 
- Positive profit (0.01) is available
- Further search cost (0.02) may reduce net gain below zero","C12 Search #1 (Searched:1/9, SearchCost:0.00, BestProfit:0.01@F6) → Purchase F6",-0.04
9,4,C13,True,"yes, because personalized recommendations reduce search cost significantly with 9 firms.",2,"### Decision:
I'll **purchase Firm 2** (choose number 2) because:  
- Positive profit (0.07) already found  
- Further search cost (0.02) may outweigh potential gain given low net profit margin","C13 Search #1 (Searched:1/9, SearchCost:0.00, BestProfit:0.07@F2) → Purchase F2",0.02
9,4,C14,True,"yes, because sharing data reduces search costs significantly with many firms.",4,"### Decision:
I'll **purchase Firm 4** (choose number 4) because:  
- Positive profit (0.23) found  
- Further search cost (0.02) and privacy cost risk reducing net revenue","C14 Search #1 (Searched:1/9, SearchCost:0.00, BestProfit:0.23@F4) → Purchase F4",0.19
9,4,C15,True,"yes, because sharing data reduces search cost significantly with many firms.",-1,"### Decision:
I'll **leave** (choose number -1) because:  
- Current firm's profit is negative (-0.08)  
- Further search costs (0.02) may reduce net revenue  
- No positive profit found yet, but search cost and privacy cost make continued search unprofitable","C15 Search #1 (Searched:1/9, SearchCost:0.00, BestProfit:-0.08@F1) → Leave Market",-0.05
9,4,C16,True,"yes, reducing search cost outweighs small privacy loss",2,"### Decision:
I'll **purchase Firm 2** (choose number 2) because:  
- Positive profit (0.21) found  
- Further search cost (0.02) may reduce net revenue below zero","C16 Search #1 (Searched:1/9, SearchCost:0.00, BestProfit:0.21@F2) → Purchase F2",0.17
9,4,C17,True,"yes, reduced search cost outweighs small privacy value",4,"### Decision:
I'll **purchase Firm 4** (choose number 4) because:  
- Positive profit of 0.19 is good  
- Further search costs 0.02 and may not yield better profit","C17 Search #1 (Searched:1/9, SearchCost:0.00, BestProfit:0.19@F4) → Purchase F4",0.14
9,4,C18,True,"yes, sharing reduces search costs significantly with many firms",3,"### Decision:
I'll **purchase Firm 3** (choose number 3) because:  
- Positive profit of 0.18 is still good  
- Further search cost 0.02 may outweigh potential gain","C18 Search #1 (Searched:1/9, SearchCost:0.00, BestProfit:0.18@F3) → Purchase F3",0.16
9,4,C19,True,"yes, personalized recommendations significantly reduce search costs among 9 firms.",4,"### Decision:
I'll **purchase Firm 4** (choose number 4) because:  
- The potential profit (0.25) is positive and covers search costs.  
- Further search cost (0.02) may not be justified by likely small profit gain.","C19 Search #1 (Searched:1/9, SearchCost:0.00, BestProfit:0.25@F4) → Purchase F4",0.22
9,4,C20,True,"yes, because sharing data reduces search costs significantly with many firms.",6,"### Decision:
I'll **purchase Firm 6** (choose number 6) because:  
- Positive profit of 0.13 is good  
- Further search costs 0.02 may not justify small potential gain","C20 Search #1 (Searched:1/9, SearchCost:0.00, BestProfit:0.13@F6) → Purchase F6",0.1
9,5,C1,True,"yes, personalized recommendations significantly reduce search cost, outweighing small privacy value.",7,"### Decision:
I'll **purchase Firm 7** (choose number 7) because:  
- Potential profit (0.11) is positive and covers search cost.  
- Further search cost (0.02) may reduce net profit below zero.","C1 Search #1 (Searched:1/9, SearchCost:0.00, BestProfit:0.11@F7) → Purchase F7",0.07
9,5,C2,True,"yes, because sharing data reduces search costs significantly with many firms.",5,"### Decision:
I'll **purchase Firm 5** (choose number 5) because:  
- The profit (0.14) is positive and outweighs the search cost.  
- Further search cost (0.02) may not justify marginal gain.","C2 Search #1 (Searched:1/9, SearchCost:0.00, BestProfit:0.14@F5) → Purchase F5",0.09
9,5,C3,True,"yes, because sharing data reduces search cost significantly with many firms.",3,"### Decision:
I'll **purchase Firm 3** (choose number 3) because:  
- The profit (1.0 - 0.8 = 0.2) is positive and outweighs the search cost (0.02).  
- Further searching risks incurring more cost and reducing net revenue.","C3 Search #1 (Searched:1/9, SearchCost:0.00, BestProfit:0.20@F3) → Purchase F3",0.16
9,5,C4,True,"yes, because personalized recommendations significantly reduce search cost, outweighing the small privacy cost.",6,"### Decision:
I'll **purchase Firm 6** (choose number 6) because:  
- The potential profit (0.18) is positive.  
- Further search cost (0.02) may reduce net profit below zero.","C4 Search #1 (Searched:1/9, SearchCost:0.00, BestProfit:0.18@F6) → Purchase F6",0.14
9,5,C5,True,"yes, personalized recommendations significantly reduce search cost with 9 firms.",4,"### Decision:
I'll **purchase Firm 4** (choose number 4) because:  
- Positive profit (0.22) found  
- Further search cost (0.02) may outweigh potential gain","C5 Search #1 (Searched:1/9, SearchCost:0.00, BestProfit:0.22@F4) → Purchase F4",0.17
9,5,C6,True,"yes, sharing data reduces search costs significantly with many firms.",0,"### Decision:
I'll **purchase Firm 0** (choose number 0) because:  
- The potential profit (0.23) is positive and covers search cost.  
- Further searching costs (0.02) may reduce total revenue with limited gain.","C6 Search #1 (Searched:1/9, SearchCost:0.00, BestProfit:0.23@F0) → Purchase F0",0.2
9,5,C7,True,"yes, sharing data reduces search cost significantly with many firms, outweighing the small privacy cost",8,"### Decision:
I'll **purchase Firm 8** (choose number 8) because:  
- Positive profit of 0.2 exceeds zero search cost so far  
- Further search cost of 0.02 may not be worth potential small gain","C7 Search #1 (Searched:1/9, SearchCost:0.00, BestProfit:0.20@F8) → Purchase F8",0.16
9,5,C8,True,"yes, personalized recommendations will significantly reduce search cost with 9 firms.",2,"### Decision:
I'll **purchase Firm 2** (choose number 2) because:  
- Positive profit of 0.2 is good  
- Searching more costs 0.02 and may reduce profit","C8 Search #1 (Searched:1/9, SearchCost:0.00, BestProfit:0.20@F2) → Purchase F2",0.15
9,5,C9,True,"yes, because sharing data reduces search costs significantly with many firms.",8,"### Decision:
I'll **purchase Firm 8** (choose number 8) because:  
- Positive profit of 0.09 is small but positive  
- Further search costs 0.02, reducing net gain and unlikely to find better deal given valuations <1","C9 Search #1 (Searched:1/9, SearchCost:0.00, BestProfit:0.09@F8) → Purchase F8",0.06
9,5,C10,True,"yes, because sharing data reduces search costs significantly with many firms.",2,"### Decision:
I'll **purchase Firm 2** (choose number 2) because:  
- Positive profit (0.13) found  
- Further search cost (0.02) may reduce net revenue  
- First search is free and profit is positive","C10 Search #1 (Searched:1/9, SearchCost:0.00, BestProfit:0.13@F2) → Purchase F2",0.09
9,5,C11,True,"yes, sharing data reduces search costs significantly with many firms.",6,"### Decision:
I'll **purchase Firm 6** (choose number 6) because:  
- The potential profit (0.06) is positive and exceeds the total search cost so far (0).  
- Further searching costs 0.02, which may reduce net profit below zero given the current low profit margin.","C11 Search #1 (Searched:1/9, SearchCost:0.00, BestProfit:0.06@F6) → Purchase F6",0.01
9,5,C12,True,"yes, because sharing data reduces search cost significantly with many firms.",-1,"### Decision:
I'll **leave** (choose number -1) because: 
- The only searched firm offers negative profit (-0.04).
- Further search cost (0.02) may reduce net gain below zero, and no positive profit is available.","C12 Search #1 (Searched:1/9, SearchCost:0.00, BestProfit:-0.04@F6) → Leave Market",-0.05
9,5,C13,True,"yes, because personalized recommendations reduce search cost significantly with 9 firms.",2,"### Decision:
I'll **purchase Firm 2** (choose number 2) because:  
- Positive profit (0.02) found  
- Further search cost (0.02) may outweigh potential gain given low net profit margin","C13 Search #1 (Searched:1/9, SearchCost:0.00, BestProfit:0.02@F2) → Purchase F2",-0.03
9,5,C14,True,"yes, because sharing data reduces search costs significantly with many firms.",4,"### Decision:
I'll **purchase Firm 4** (choose number 4) because:  
- Positive profit (0.18) found  
- Further search cost (0.02) and privacy cost risk reducing net revenue","C14 Search #1 (Searched:1/9, SearchCost:0.00, BestProfit:0.18@F4) → Purchase F4",0.14
9,5,C15,True,"yes, because sharing data reduces search cost significantly with many firms.",1,"### Decision:
I'll **purchase Firm 1** (choose number 1) because:  
- Positive profit (0.02) found  
- Further search cost (0.02) may eliminate net gain","C15 Search #1 (Searched:1/9, SearchCost:0.00, BestProfit:0.02@F1) → Purchase F1",-0.03
9,5,C16,True,"yes, reducing search cost outweighs small privacy loss",2,"### Decision:
I'll **purchase Firm 2** (choose number 2) because:  
- Positive profit (0.16) found  
- Further search cost (0.02) may reduce net revenue below zero","C16 Search #1 (Searched:1/9, SearchCost:0.00, BestProfit:0.16@F2) → Purchase F2",0.12
9,5,C17,True,"yes, reduced search cost outweighs small privacy value",4,"### Decision:
I'll **purchase Firm 4** (choose number 4) because:  
- Positive profit of 0.14 is still good  
- Further search cost 0.02 may not yield better profit","C17 Search #1 (Searched:1/9, SearchCost:0.00, BestProfit:0.14@F4) → Purchase F4",0.09
9,5,C18,True,"yes, sharing reduces search costs significantly with many firms",3,"### Decision:
I'll **purchase Firm 3** (choose number 3) because:  
- Positive profit of 0.13 is still above zero  
- Further search cost 0.02 may outweigh potential gain","C18 Search #1 (Searched:1/9, SearchCost:0.00, BestProfit:0.13@F3) → Purchase F3",0.11
9,5,C19,True,"yes, personalized recommendations significantly reduce search costs among 9 firms.",4,"### Decision:
I'll **purchase Firm 4** (choose number 4) because:  
- The potential profit (0.2) is positive and covers search cost.  
- Further search cost (0.02) may not be justified by likely small profit gain.","C19 Search #1 (Searched:1/9, SearchCost:0.00, BestProfit:0.20@F4) → Purchase F4",0.17
9,5,C20,True,"yes, because sharing data reduces search costs significantly with many firms.",6,"### Decision:
I'll **purchase Firm 6** (choose number 6) because:  
- Positive profit of 0.08 is still positive  
- Further search costs 0.02 may not justify the small potential gain","C20 Search #1 (Searched:1/9, SearchCost:0.00, BestProfit:0.08@F6) → Purchase F6",0.05
9,6,C1,True,"yes, personalized recommendations reduce search cost and outweigh small privacy value",7,"### Decision:
I'll **purchase Firm 7** (choose number 7) because:  
- The potential profit (0.06) is positive and covers search cost.  
- Further search cost (0.02) may reduce net profit below zero.","C1 Search #1 (Searched:1/9, SearchCost:0.00, BestProfit:0.06@F7) → Purchase F7",0.02
9,6,C2,True,"yes, sharing data reduces search costs significantly with many firms.",5,"### Decision:
I'll **purchase Firm 5** (choose number 5) because:  
- The profit (0.09) is positive after zero search cost.  
- Further search cost (0.02) may outweigh marginal gain.","C2 Search #1 (Searched:1/9, SearchCost:0.00, BestProfit:0.09@F5) → Purchase F5",0.04
9,6,C3,True,"yes, because sharing data reduces search cost significantly with many firms.",3,"### Decision:
I'll **purchase Firm 3** (choose number 3) because:  
- The profit (1.0 - 0.85 = 0.15) is positive and outweighs the search cost of further searching (0.02).  
- Further searching risks incurring more cost and reducing net revenue.","C3 Search #1 (Searched:1/9, SearchCost:0.00, BestProfit:0.15@F3) → Purchase F3",0.11
9,6,C4,True,"yes, because personalized recommendations significantly reduce search costs, outweighing the small privacy cost.",6,"### Decision:
I'll **purchase Firm 6** (choose number 6) because:  
- The potential profit (0.23) is positive.  
- Further search cost (0.02) may reduce net profit below zero.","C4 Search #1 (Searched:1/9, SearchCost:0.00, BestProfit:0.23@F6) → Purchase F6",0.19
9,6,C5,True,"yes, personalized recommendations significantly reduce search cost with 9 firms.",4,"### Decision:
I'll **purchase Firm 4** (choose number 4) because:  
- Positive profit (0.17) found  
- Further search cost (0.02) may outweigh potential gain","C5 Search #1 (Searched:1/9, SearchCost:0.00, BestProfit:0.17@F4) → Purchase F4",0.12
9,6,C6,True,"yes, because sharing data significantly reduces search costs with many firms.",0,"### Decision:
I'll **purchase Firm 0** (choose number 0) because:  
- The potential profit (0.18) is positive and covers search cost.  
- Further search costs (0.02) may reduce total revenue with limited gain.","C6 Search #1 (Searched:1/9, SearchCost:0.00, BestProfit:0.18@F0) → Purchase F0",0.15
9,6,C7,True,"yes, sharing data reduces search cost significantly with many firms, outweighing the small privacy cost",8,"### Decision:
I'll **purchase Firm 8** (choose number 8) because:  
- Positive profit of 0.1 exceeds zero search cost so far  
- Further search cost of 0.02 may not be worth potential small gain","C7 Search #1 (Searched:1/9, SearchCost:0.00, BestProfit:0.10@F8) → Purchase F8",0.06
9,6,C8,True,"yes, personalized recommendations significantly reduce search cost with 9 firms.",2,"### Decision:
I'll **purchase Firm 2** (choose number 2) because:  
- Positive profit of 0.15 is good  
- Searching more costs 0.02 and may reduce profit","C8 Search #1 (Searched:1/9, SearchCost:0.00, BestProfit:0.15@F2) → Purchase F2",0.1
9,6,C9,True,"yes, because sharing data reduces search costs significantly with many firms.",-1,"### Decision:
I'll **leave** (choose number -1) because:  
- Current firm offers negative profit (-0.01)  
- Further search costs 0.02, unlikely to find better deal given valuations <1","C9 Search #1 (Searched:1/9, SearchCost:0.00, BestProfit:-0.01@F8) → Leave Market",-0.03
9,6,C10,True,"yes, sharing data reduces search costs significantly with many firms.",2,"### Decision:
I'll **purchase Firm 2** (choose number 2) because:  
- Positive profit (0.08) found  
- Further search cost (0.02) may reduce net revenue  
- First search is free and profit is positive","C10 Search #1 (Searched:1/9, SearchCost:0.00, BestProfit:0.08@F2) → Purchase F2",0.04
9,6,C11,True,"yes, sharing data reduces search costs significantly with many firms.",6,"### Decision:
I'll **purchase Firm 6** (choose number 6) because:  
- The potential profit (0.11) is positive and exceeds the total search cost so far (0).  
- Further searching costs 0.02, which may reduce net profit below zero given the current good offer.","C11 Search #1 (Searched:1/9, SearchCost:0.00, BestProfit:0.11@F6) → Purchase F6",0.06
9,6,C12,True,"yes, because sharing data reduces search cost significantly with many firms.",6,"### Decision:
I'll **purchase Firm 6** (choose number 6) because:  
- Positive profit (0.01) is available  
- Further search cost (0.02) may reduce net gain below zero","C12 Search #1 (Searched:1/9, SearchCost:0.00, BestProfit:0.01@F6) → Purchase F6",-0.04
9,6,C13,True,"yes, because personalized recommendations significantly reduce search costs with 9 firms.",-1,"### Decision:
I'll **leave** (choose number -1) because:  
- No positive profit found (profit is -0.03)  
- Further search cost (0.02) may outweigh potential gains given low net profit margin","C13 Search #1 (Searched:1/9, SearchCost:0.00, BestProfit:-0.03@F2) → Leave Market",-0.05
9,6,C14,True,"yes, because sharing data reduces search costs significantly with many firms.",4,"### Decision:
I'll **purchase Firm 4** (choose number 4) because:  
- Positive profit (0.13) found  
- Further search cost (0.02) and privacy cost risk reducing net revenue","C14 Search #1 (Searched:1/9, SearchCost:0.00, BestProfit:0.13@F4) → Purchase F4",0.08
9,6,C15,True,"yes, because sharing data reduces search cost significantly with many firms.",1,"### Decision:
I'll **purchase Firm 1** (choose number 1) because:  
- Positive profit (0.02) found  
- Further search cost (0.02) may eliminate net gain","C15 Search #1 (Searched:1/9, SearchCost:0.00, BestProfit:0.02@F1) → Purchase F1",-0.03
9,6,C16,True,"yes, reducing search cost outweighs small privacy loss",2,"### Decision:
I'll **purchase Firm 2** (choose number 2) because:  
- Positive profit (0.11) found  
- Further search cost (0.02) may reduce net revenue below zero","C16 Search #1 (Searched:1/9, SearchCost:0.00, BestProfit:0.11@F2) → Purchase F2",0.07
9,6,C17,True,"yes, reduced search cost outweighs small privacy value",4,"### Decision:
I'll **purchase Firm 4** (choose number 4) because:  
- Positive profit of 0.09 is still positive  
- Further search costs 0.02 and may not yield better profit","C17 Search #1 (Searched:1/9, SearchCost:0.00, BestProfit:0.09@F4) → Purchase F4",0.04
9,6,C18,True,"yes, sharing reduces search costs significantly with many firms",3,"### Decision:
I'll **purchase Firm 3** (choose number 3) because:  
- Positive profit of 0.08 is still above zero  
- Further search cost 0.02 may outweigh potential gain","C18 Search #1 (Searched:1/9, SearchCost:0.00, BestProfit:0.08@F3) → Purchase F3",0.06
9,6,C19,True,"yes, because personalized recommendations significantly reduce search costs among 9 firms.",4,"### Decision:
I'll **purchase Firm 4** (choose number 4) because:  
- The potential profit (0.15) is positive and covers search cost.  
- Further search cost (0.02) may not be justified by likely small profit gain.","C19 Search #1 (Searched:1/9, SearchCost:0.00, BestProfit:0.15@F4) → Purchase F4",0.12
9,6,C20,True,"yes, because sharing data reduces search costs significantly with many firms.",6,"### Decision:
I'll **purchase Firm 6** (choose number 6) because:  
- Positive profit of 0.13 is still good  
- Further search costs 0.02 may not justify the small potential gain","C20 Search #1 (Searched:1/9, SearchCost:0.00, BestProfit:0.13@F6) → Purchase F6",0.1
9,7,C1,True,"yes, personalized recommendations reduce search cost significantly, outweighing small privacy value.",7,"### Decision:
I'll **purchase Firm 7** (choose number 7) because:  
- The potential profit (0.01) is positive and covers search cost.  
- Further search cost (0.02) may reduce net profit below zero.","C1 Search #1 (Searched:1/9, SearchCost:0.00, BestProfit:0.01@F7) → Purchase F7",-0.03
9,7,C2,True,"yes, sharing data reduces search costs significantly with many firms.",5,"### Decision:
I'll **purchase Firm 5** (choose number 5) because:  
- The profit (0.04) is positive even after considering search cost and privacy value.  
- Further search cost (0.02) may outweigh potential marginal gain.","C2 Search #1 (Searched:1/9, SearchCost:0.00, BestProfit:0.04@F5) → Purchase F5",-0.01
9,7,C3,True,"yes, because sharing data reduces search cost significantly with many firms.",3,"### Decision:
I'll **purchase Firm 3** (choose number 3) because:  
- The profit (1.0 - 0.9 = 0.1) is positive.  
- Further searching costs 0.02 and the profit margin is small, risking negative net revenue.","C3 Search #1 (Searched:1/9, SearchCost:0.00, BestProfit:0.10@F3) → Purchase F3",0.06
9,7,C4,True,"yes, because personalized recommendations significantly reduce search costs, outweighing the small privacy cost.",6,"### Decision:
I'll **purchase Firm 6** (choose number 6) because:  
- The potential profit (0.18) is positive.  
- Further searching costs (0.02) may reduce net profit below zero.","C4 Search #1 (Searched:1/9, SearchCost:0.00, BestProfit:0.18@F6) → Purchase F6",0.14
9,7,C5,True,"yes, personalized recommendations significantly reduce search cost with 9 firms.",4,"### Decision:
I'll **purchase Firm 4** (choose number 4) because:  
- Positive profit (0.12) found  
- Further search cost (0.02) may outweigh potential gain","C5 Search #1 (Searched:1/9, SearchCost:0.00, BestProfit:0.12@F4) → Purchase F4",0.07
9,7,C6,True,"yes, because sharing data reduces search costs significantly with many firms.",0,"### Decision:
I'll **purchase Firm 0** (choose number 0) because:  
- The potential profit (0.13) is positive and covers search cost.  
- Further searching costs (0.02) may reduce total revenue with limited gain.","C6 Search #1 (Searched:1/9, SearchCost:0.00, BestProfit:0.13@F0) → Purchase F0",0.1
9,7,C7,True,"yes, sharing data reduces search cost significantly with many firms, outweighing the small privacy cost",8,"### Decision:
I'll **purchase Firm 8** (choose number 8) because:  
- Positive profit of 0.2 exceeds zero search cost so far  
- Further search cost of 0.02 may not be worth potential small gain","C7 Search #1 (Searched:1/9, SearchCost:0.00, BestProfit:0.20@F8) → Purchase F8",0.16
9,7,C8,True,"yes, personalized recommendations significantly reduce search cost with 9 firms.",2,"### Decision:
I'll **purchase Firm 2** (choose number 2) because:  
- Positive profit of 0.20 is good  
- Searching more costs 0.02 and may reduce profit","C8 Search #1 (Searched:1/9, SearchCost:0.00, BestProfit:0.20@F2) → Purchase F2",0.15
9,7,C9,True,"yes, because sharing data reduces search costs significantly with many firms.",8,"### Decision:
I'll **purchase Firm 8** (choose number 8) because:  
- Positive profit of 0.09 is small but positive  
- Further search costs 0.02, reducing net gain and unlikely to find better deal given valuations <1","C9 Search #1 (Searched:1/9, SearchCost:0.00, BestProfit:0.09@F8) → Purchase F8",0.06
9,7,C10,True,"yes, sharing data reduces search costs significantly with many firms.",2,"### Decision:
I'll **purchase Firm 2** (choose number 2) because:  
- Positive profit (0.13) found  
- Further search cost (0.02) may reduce net revenue  
- First search is free and profit is positive","C10 Search #1 (Searched:1/9, SearchCost:0.00, BestProfit:0.13@F2) → Purchase F2",0.09
9,7,C11,True,"yes, because sharing data reduces search costs significantly with many firms.",6,"### Decision:
I'll **purchase Firm 6** (choose number 6) because:  
- The potential profit (0.06) is positive and exceeds total search cost so far (0).  
- Further searching costs 0.02, which may reduce net profit below zero given the low profit margin.","C11 Search #1 (Searched:1/9, SearchCost:0.00, BestProfit:0.06@F6) → Purchase F6",0.01
9,7,C12,True,"yes, sharing data reduces search cost significantly with many firms.",-1,"### Decision:
I'll **leave** (choose number -1) because: 
- Both searched firms offer negative profit
- Further search cost may reduce net gain below zero","C12 Search #1 (Searched:1/9, SearchCost:0.00, BestProfit:-0.04@F6) → Search Next; C12 Search #2 (Searched:2/9, SearchCost:0.02, BestProfit:-0.04@F6) → Leave Market",-0.07
9,7,C13,True,"yes, because personalized recommendations will reduce search cost significantly with 9 firms.",2,"### Decision:
I'll **purchase Firm 2** (choose number 2) because:  
- Positive profit (0.02) found  
- Further search cost (0.02) may outweigh potential gain given low net profit margin","C13 Search #1 (Searched:1/9, SearchCost:0.00, BestProfit:0.02@F2) → Purchase F2",-0.03
9,7,C14,True,"yes, sharing data reduces search costs significantly with many firms.",4,"### Decision:
I'll **purchase Firm 4** (choose number 4) because:  
- Positive profit (0.08) found  
- Further search cost (0.02) and privacy cost risk reducing net revenue","C14 Search #1 (Searched:1/9, SearchCost:0.00, BestProfit:0.08@F4) → Purchase F4",0.04
9,7,C15,True,"yes, because sharing data reduces search cost significantly with many firms.",1,"### Decision:
I'll **purchase Firm 1** (choose number 1) because:  
- Positive profit (0.02) found  
- Further search cost (0.02) may eliminate net gain","C15 Search #1 (Searched:1/9, SearchCost:0.00, BestProfit:0.02@F1) → Purchase F1",-0.03
9,7,C16,True,"yes, reducing search cost outweighs small privacy loss",2,"### Decision:
I'll **purchase Firm 2** (choose number 2) because:  
- Positive profit (0.16) found  
- Further search cost (0.02) may reduce net revenue below zero","C16 Search #1 (Searched:1/9, SearchCost:0.00, BestProfit:0.16@F2) → Purchase F2",0.12
9,7,C17,True,"yes, reduced search cost outweighs small privacy value",4,"### Decision:
I'll **purchase Firm 4** (choose number 4) because:  
- Positive profit of 0.04 is small but still positive  
- Further search cost 0.02 may not yield better profit","C17 Search #1 (Searched:1/9, SearchCost:0.00, BestProfit:0.04@F4) → Purchase F4",-0.01
9,7,C18,True,"yes, sharing reduces search costs significantly with many firms",3,"### Decision:
I'll **purchase Firm 3** (choose number 3) because:  
- Positive profit of 0.03 is still above zero  
- Further search cost 0.02 may outweigh potential gain","C18 Search #1 (Searched:1/9, SearchCost:0.00, BestProfit:0.03@F3) → Purchase F3",0.01
9,7,C19,True,"yes, because personalized recommendations significantly reduce search costs among 9 firms.",4,"### Decision:
I'll **purchase Firm 4** (choose number 4) because:  
- The potential profit (0.1) is positive and covers search cost.  
- Further search cost (0.02) may not be justified by likely small profit gain.","C19 Search #1 (Searched:1/9, SearchCost:0.00, BestProfit:0.10@F4) → Purchase F4",0.07
9,7,C20,True,"yes, because sharing data reduces search costs significantly with many firms.",6,"### Decision:
I'll **purchase Firm 6** (choose number 6) because:  
- Positive profit of 0.08 is still good  
- Further search costs 0.02 may not justify the small potential gain","C20 Search #1 (Searched:1/9, SearchCost:0.00, BestProfit:0.08@F6) → Purchase F6",0.05
9,8,C1,True,"yes, personalized recommendations reduce search cost and outweigh small privacy value",-1,"### Decision:
I'll **leave** (choose number -1) because:  
- The only searched firm's profit is negative (-0.04).  
- Searching more costs 0.02 and likely won't yield positive net profit given past trends.","C1 Search #1 (Searched:1/9, SearchCost:0.00, BestProfit:-0.04@F7) → Leave Market",-0.04
9,8,C2,True,"yes, because sharing data reduces search costs significantly with many firms.",-1,"### Decision:
I'll **leave** (choose number -1) because:  
- The only searched firm offers negative profit (-0.01).  
- Further search costs (0.02) may not justify the potential gain given low valuation-price difference.","C2 Search #1 (Searched:1/9, SearchCost:0.00, BestProfit:-0.01@F5) → Leave Market",-0.05
9,8,C3,True,"yes, sharing data reduces search cost significantly with many firms.",-1,"### Decision:
I'll **leave** (choose number -1) because:  
- The profit (0.05) is very small and close to zero.  
- Searching more firms costs 0.02 each and likely won't yield better profit to cover search cost and privacy value.","C3 Search #1 (Searched:1/9, SearchCost:0.00, BestProfit:0.05@F3) → Leave Market",-0.04
9,8,C4,True,"yes, because personalized recommendations significantly reduce search costs, outweighing the small privacy cost.",6,"### Decision:
I'll **purchase Firm 6** (choose number 6) because:  
- The potential profit (0.23) is positive  
- Further search cost (0.02) may reduce net profit below zero","C4 Search #1 (Searched:1/9, SearchCost:0.00, BestProfit:0.23@F6) → Purchase F6",0.19
9,8,C5,True,"yes, personalized recommendations significantly reduce search cost with 9 firms.",4,"### Decision:
I'll **purchase Firm 4** (choose number 4) because:  
- Positive profit (0.07) found  
- Further search cost (0.02) may outweigh potential gain","C5 Search #1 (Searched:1/9, SearchCost:0.00, BestProfit:0.07@F4) → Purchase F4",0.02
9,8,C6,True,"yes, sharing data reduces search costs significantly with many firms.",0,"### Decision:
I'll **purchase Firm 0** (choose number 0) because:  
- The potential profit (0.08) is positive and covers search cost.  
- Further searching costs (0.02) may reduce total revenue with limited gain.","C6 Search #1 (Searched:1/9, SearchCost:0.00, BestProfit:0.08@F0) → Purchase F0",0.05
9,8,C7,True,"yes, sharing data reduces search cost significantly with many firms, outweighing the small privacy cost",8,"### Decision:
I'll **purchase Firm 8** (choose number 8) because:  
- Positive profit of 0.2 exceeds zero search cost so far  
- Further search cost of 0.02 may not be worth potential small gain","C7 Search #1 (Searched:1/9, SearchCost:0.00, BestProfit:0.20@F8) → Purchase F8",0.16
9,8,C8,True,"yes, personalized recommendations significantly reduce search cost with 9 firms.",2,"### Decision:
I'll **purchase Firm 2** (choose number 2) because:  
- Positive profit of 0.15 is good  
- Searching more costs 0.02 and may reduce profit","C8 Search #1 (Searched:1/9, SearchCost:0.00, BestProfit:0.15@F2) → Purchase F2",0.1
9,8,C9,True,"yes, because sharing data reduces search costs significantly with many firms.",8,"### Decision:
I'll **purchase Firm 8** (choose number 8) because:  
- Positive profit of 0.09 is small but positive  
- Further search costs 0.02, reducing net gain and unlikely to find better deal given valuations <1","C9 Search #1 (Searched:1/9, SearchCost:0.00, BestProfit:0.09@F8) → Purchase F8",0.06
9,8,C10,True,"yes, because sharing data reduces search costs significantly with many firms.",2,"### Decision:
I'll **purchase Firm 2** (choose number 2) because:  
- Positive profit (0.08) found  
- Further search cost (0.02) may reduce net revenue","C10 Search #1 (Searched:1/9, SearchCost:0.00, BestProfit:0.08@F2) → Purchase F2",0.04
9,8,C11,True,"yes, sharing data reduces search costs significantly with many firms.",6,"### Decision:
I'll **purchase Firm 6** (choose number 6) because:  
- The potential profit (0.11) is positive and exceeds the total search cost so far (0).  
- Further searching costs 0.02, which may reduce net profit below zero given the current good offer.","C11 Search #1 (Searched:1/9, SearchCost:0.00, BestProfit:0.11@F6) → Purchase F6",0.06
9,8,C12,True,"yes, sharing data reduces search cost significantly with many firms.",6,"### Decision:
I'll **purchase Firm 6** (choose number 6) because:  
- Positive profit (0.01) is available  
- Further search cost (0.02) may reduce net gain below zero","C12 Search #1 (Searched:1/9, SearchCost:0.00, BestProfit:0.01@F6) → Purchase F6",-0.04
9,8,C13,True,"yes, personalized recommendations reduce search cost significantly with 9 firms.",-1,"### Decision:
I'll **leave** (choose number -1) because:  
- No positive profit found (profit is -0.03)  
- Further search cost (0.02) may outweigh potential gains given low net profit margin","C13 Search #1 (Searched:1/9, SearchCost:0.00, BestProfit:-0.03@F2) → Leave Market",-0.05
9,8,C14,True,"yes, sharing data reduces search costs significantly with many firms and improves net revenue.",4,"### Decision:
I'll **purchase Firm 4** (choose number 4) because:  
- Positive profit (0.03) found  
- Further search cost (0.02) and privacy cost risk reducing net revenue","C14 Search #1 (Searched:1/9, SearchCost:0.00, BestProfit:0.03@F4) → Purchase F4",-0.01
9,8,C15,True,"yes, because sharing data reduces search cost significantly with many firms.",1,"### Decision:
I'll **purchase Firm 1** (choose number 1) because:  
- Positive profit (0.02) found  
- Further search cost (0.02) may eliminate net gain","C15 Search #1 (Searched:1/9, SearchCost:0.00, BestProfit:0.02@F1) → Purchase F1",-0.03
9,8,C16,True,"yes, reducing search cost outweighs small privacy loss",2,"### Decision:
I'll **purchase Firm 2** (choose number 2) because:  
- Positive profit (0.11) found  
- Further search cost (0.02) may reduce net revenue below zero","C16 Search #1 (Searched:1/9, SearchCost:0.00, BestProfit:0.11@F2) → Purchase F2",0.07
9,8,C17,True,"yes, reduced search cost outweighs small privacy value",-1,"### Decision:
I'll **leave** (choose number -1) because:  
- The only searched firm offers negative profit (-0.01).  
- Searching costs 0.02, and further search unlikely to yield positive profit given current valuations.","C17 Search #1 (Searched:1/9, SearchCost:0.00, BestProfit:-0.01@F4) → Leave Market",-0.05
9,8,C18,True,"yes, sharing reduces search costs significantly with many firms",-1,"### Decision:
I'll **leave** (choose number -1) because:  
- No positive profit from searched firm (profit = -0.02)  
- Searching costs 0.02 likely outweigh potential gain","C18 Search #1 (Searched:1/9, SearchCost:0.00, BestProfit:-0.02@F3) → Leave Market",-0.03
9,8,C19,True,"yes, personalized recommendations significantly reduce search costs among 9 firms.",4,"### Decision:
I'll **purchase Firm 4** (choose number 4) because:  
- The potential profit (0.05) is positive and covers the zero search cost.  
- Further search cost (0.02) may not be justified by small expected profit gain.","C19 Search #1 (Searched:1/9, SearchCost:0.00, BestProfit:0.05@F4) → Purchase F4",0.02
9,8,C20,True,"yes, because sharing data reduces search costs significantly with many firms.",6,"### Decision:
I'll **purchase Firm 6** (choose number 6) because:  
- Positive profit of 0.13 is good  
- Further search costs 0.02 may not justify small potential gain","C20 Search #1 (Searched:1/9, SearchCost:0.00, BestProfit:0.13@F6) → Purchase F6",0.1
9,9,C1,True,"yes, personalized recommendations reduce search cost and outweigh small privacy value",7,"### Decision:
I'll **purchase Firm 7** (choose number 7) because:  
- The potential profit (0.06) is positive and covers search cost.  
- Further search cost (0.02) may reduce net profit below zero.","C1 Search #1 (Searched:1/9, SearchCost:0.00, BestProfit:0.06@F7) → Purchase F7",0.02
9,9,C2,True,"yes, sharing data reduces search costs significantly with many firms.",5,"### Decision:
I'll **purchase Firm 5** (choose number 5) because:  
- The profit (0.04) is positive even after considering search cost and privacy value.  
- Further search cost (0.02) may outweigh potential marginal gain.","C2 Search #1 (Searched:1/9, SearchCost:0.00, BestProfit:0.04@F5) → Purchase F5",-0.01
9,9,C3,True,"yes, sharing data reduces search cost significantly with many firms.",3,"### Decision:
I'll **purchase Firm 3** (choose number 3) because:  
- The profit (0.15) is positive and exceeds the search cost of further searching (0.02).  
- Further searching risks incurring more cost and reducing net revenue.","C3 Search #1 (Searched:1/9, SearchCost:0.00, BestProfit:0.15@F3) → Purchase F3",0.11
9,9,C4,True,"yes, because personalized recommendations reduce search costs significantly, outweighing the small privacy cost.",6,"### Decision:
I'll **purchase Firm 6** (choose number 6) because:  
- The potential profit (0.23) is positive  
- Further searching costs (0.02) may reduce net profit below zero","C4 Search #1 (Searched:1/9, SearchCost:0.00, BestProfit:0.23@F6) → Purchase F6",0.19
9,9,C5,True,"yes, because personalized recommendations will significantly reduce search cost with 9 firms.",4,"### Decision:
I'll **purchase Firm 4** (choose number 4) because:  
- Positive profit (0.12) found  
- Further search cost (0.02) may outweigh potential gain","C5 Search #1 (Searched:1/9, SearchCost:0.00, BestProfit:0.12@F4) → Purchase F4",0.07
9,9,C6,True,"yes, sharing data reduces search costs significantly with many firms.",0,"### Decision:
I'll **purchase Firm 0** (choose number 0) because:  
- The potential profit (0.03) is positive, covering search costs.  
- Further searching costs (0.02) may reduce total revenue with limited gain.","C6 Search #1 (Searched:1/9, SearchCost:0.00, BestProfit:0.03@F0) → Purchase F0",0.0
9,9,C7,True,"yes, sharing data reduces search cost significantly with many firms, outweighing the small privacy cost",8,"### Decision:
I'll **purchase Firm 8** (choose number 8) because:  
- Positive profit of 0.2 exceeds zero search cost so far  
- Further search cost of 0.02 may not be worth potential small gain","C7 Search #1 (Searched:1/9, SearchCost:0.00, BestProfit:0.20@F8) → Purchase F8",0.16
9,9,C8,True,"yes, personalized recommendations significantly reduce search cost with 9 firms.",2,"### Decision:
I'll **purchase Firm 2** (choose number 2) because:  
- Positive profit of 0.2 is good  
- Searching more costs 0.02 and may reduce profit","C8 Search #1 (Searched:1/9, SearchCost:0.00, BestProfit:0.20@F2) → Purchase F2",0.15
9,9,C9,True,"yes, sharing data reduces search costs significantly with many firms.",8,"### Decision:
I'll **purchase Firm 8** (choose number 8) because:  
- Positive profit of 0.09 is small but positive  
- Further search costs 0.02, reducing net gain and unlikely to find a better deal given valuations <1","C9 Search #1 (Searched:1/9, SearchCost:0.00, BestProfit:0.09@F8) → Purchase F8",0.06
9,9,C10,True,"yes, because sharing data reduces search costs significantly with many firms.",2,"### Decision:
I'll **purchase Firm 2** (choose number 2) because:  
- Positive profit (0.13) found  
- Further search cost (0.02) may reduce net revenue  
- First search is free and profit is positive","C10 Search #1 (Searched:1/9, SearchCost:0.00, BestProfit:0.13@F2) → Purchase F2",0.09
9,9,C11,True,"yes, sharing data reduces search costs significantly with many firms.",6,"### Decision:
I'll **purchase Firm 6** (choose number 6) because:  
- The potential profit (0.11) is positive and exceeds the total search cost so far (0).  
- Further searching costs 0.02, which may reduce net profit below zero given the current good offer.","C11 Search #1 (Searched:1/9, SearchCost:0.00, BestProfit:0.11@F6) → Purchase F6",0.06
9,9,C12,True,"yes, because sharing data reduces search cost significantly with many firms.",6,"### Decision:
I'll **purchase Firm 6** (choose number 6) because:  
- Positive profit (0.01) is available  
- Further search cost (0.02) may reduce net gain below zero","C12 Search #1 (Searched:1/9, SearchCost:0.00, BestProfit:0.01@F6) → Purchase F6",-0.04
9,9,C13,True,"yes, because personalized recommendations reduce search cost significantly with 9 firms.",2,"### Decision:
I'll **purchase Firm 2** (choose number 2) because:  
- Positive profit (0.02) found  
- Further search cost (0.02) may outweigh potential gain given low net profit margin","C13 Search #1 (Searched:1/9, SearchCost:0.00, BestProfit:0.02@F2) → Purchase F2",-0.03
9,9,C14,True,"yes, because sharing data significantly reduces search costs with many firms.",4,"### Decision:
I'll **purchase Firm 4** (choose number 4) because:  
- Positive profit (0.08) found  
- Further search cost (0.02) and privacy cost risk reducing net revenue","C14 Search #1 (Searched:1/9, SearchCost:0.00, BestProfit:0.08@F4) → Purchase F4",0.04
9,9,C15,True,"yes, because sharing data reduces search cost significantly with many firms.",1,"### Decision:
I'll **purchase Firm 1** (choose number 1) because:  
- Positive profit (0.02) found  
- Further search cost (0.02) may eliminate net gain","C15 Search #1 (Searched:1/9, SearchCost:0.00, BestProfit:0.02@F1) → Purchase F1",-0.03
9,9,C16,True,"yes, reducing search cost outweighs small privacy loss",2,"### Decision:
I'll **purchase Firm 2** (choose number 2) because:  
- Positive profit (0.16) found  
- Further search cost (0.02) may reduce net revenue below zero","C16 Search #1 (Searched:1/9, SearchCost:0.00, BestProfit:0.16@F2) → Purchase F2",0.12
9,9,C17,True,"yes, reduced search cost outweighs small privacy value",4,"### Decision:
I'll **purchase Firm 4** (choose number 4) because:  
- Positive profit of 0.04 is small but still positive  
- Further search costs 0.02 may not yield better profit","C17 Search #1 (Searched:1/9, SearchCost:0.00, BestProfit:0.04@F4) → Purchase F4",-0.01
9,9,C18,True,"yes, sharing reduces search costs significantly with many firms and improves search efficiency.",3,"### Decision:
I'll **purchase Firm 3** (choose number 3) because:  
- Positive profit of 0.08 is above zero  
- Further search cost 0.02 may outweigh potential gain","C18 Search #1 (Searched:1/9, SearchCost:0.00, BestProfit:0.08@F3) → Purchase F3",0.06
9,9,C19,True,"yes, personalized recommendations significantly reduce search costs among 9 firms.",4,"### Decision:
I'll **purchase Firm 4** (choose number 4) because:  
- The potential profit (0.1) is positive and covers zero search cost.  
- Further search cost (0.02) may not be justified by likely small profit gain.","C19 Search #1 (Searched:1/9, SearchCost:0.00, BestProfit:0.10@F4) → Purchase F4",0.07
9,9,C20,True,"yes, because sharing data reduces search costs significantly with many firms.",6,"### Decision:
I'll **purchase Firm 6** (choose number 6) because:  
- Positive profit of 0.13 is good  
- Further search costs 0.02 may not justify small potential gain","C20 Search #1 (Searched:1/9, SearchCost:0.00, BestProfit:0.13@F6) → Purchase F6",0.1
9,10,C1,True,"yes, because personalized recommendations reduce search cost and outweigh my small privacy value.",7,"### Decision:
I'll **purchase Firm 7** (choose number 7) because:  
- The potential profit (0.06) is positive and covers search cost.  
- Further search cost (0.02) may reduce net profit below zero.","C1 Search #1 (Searched:1/9, SearchCost:0.00, BestProfit:0.06@F7) → Purchase F7",0.02
9,10,C2,True,"yes, sharing data reduces search costs significantly with many firms.",5,"### Decision:
I'll **purchase Firm 5** (choose number 5) because:  
- The profit (0.04) is positive even after considering privacy value and zero search cost.  
- Further search cost (0.02) may outweigh potential marginal gain.","C2 Search #1 (Searched:1/9, SearchCost:0.00, BestProfit:0.04@F5) → Purchase F5",-0.01
9,10,C3,True,"yes, sharing data reduces search cost significantly with many firms.",3,"### Decision:
I'll **purchase Firm 3** (choose number 3) because:  
- The profit (0.1) is positive.  
- Further searching costs 0.02 and risks reducing net revenue.","C3 Search #1 (Searched:1/9, SearchCost:0.00, BestProfit:0.10@F3) → Purchase F3",0.06
9,10,C4,True,"yes, because personalized recommendations significantly reduce search costs, outweighing the small privacy cost.",6,"### Decision:
I'll **purchase Firm 6** (choose number 6) because:  
- Potential profit (0.23) is positive  
- Further search cost (0.02) may reduce net profit below zero","C4 Search #1 (Searched:1/9, SearchCost:0.00, BestProfit:0.23@F6) → Purchase F6",0.19
9,10,C5,True,"yes, personalized recommendations will significantly reduce search cost with 9 firms.",4,"### Decision:
I'll **purchase Firm 4** (choose number 4) because:  
- Positive profit (0.07) found  
- Further search cost (0.02) may outweigh potential gain","C5 Search #1 (Searched:1/9, SearchCost:0.00, BestProfit:0.07@F4) → Purchase F4",0.02
9,10,C6,True,"yes, sharing data reduces search costs significantly with many firms.",-1,"### Decision:
I'll **leave** (choose number -1) because:  
- The only searched firm has negative profit (-0.02).  
- Searching more costs 0.02, which likely leads to negative total revenue.","C6 Search #1 (Searched:1/9, SearchCost:0.00, BestProfit:-0.02@F0) → Leave Market",-0.03
9,10,C7,True,"yes, sharing data reduces search cost significantly with many firms, outweighing the small privacy cost",8,"### Decision:
I'll **purchase Firm 8** (choose number 8) because:  
- Positive profit of 0.2 exceeds zero search cost so far  
- Further search cost of 0.02 may not be worth potential small gain","C7 Search #1 (Searched:1/9, SearchCost:0.00, BestProfit:0.20@F8) → Purchase F8",0.16
9,10,C8,True,"yes, personalized recommendations significantly reduce search cost with 9 firms.",2,"### Decision:
I'll **purchase Firm 2** (choose number 2) because:  
- Positive profit of 0.20 is good  
- Searching more costs 0.02 and may reduce profit","C8 Search #1 (Searched:1/9, SearchCost:0.00, BestProfit:0.20@F2) → Purchase F2",0.15
9,10,C9,True,"yes, sharing data reduces search costs significantly with many firms",8,"### Decision:
I'll **purchase Firm 8** (choose number 8) because:  
- Positive profit of 0.09 is small but positive  
- Further search costs 0.02, reducing net gain and unlikely to find better deal given valuations <1","C9 Search #1 (Searched:1/9, SearchCost:0.00, BestProfit:0.09@F8) → Purchase F8",0.06
9,10,C10,True,"yes, sharing data reduces search costs significantly with many firms.",2,"### Decision:
I'll **purchase Firm 2** (choose number 2) because:  
- Positive profit (0.13) found  
- Further search cost (0.02) may reduce net revenue  
- First search is free and profit is positive","C10 Search #1 (Searched:1/9, SearchCost:0.00, BestProfit:0.13@F2) → Purchase F2",0.09
9,10,C11,True,"yes, because sharing data reduces search costs significantly with many firms.",6,"### Decision:
I'll **purchase Firm 6** (choose number 6) because:  
- The potential profit (0.11) is positive and exceeds the total search cost so far (0).  
- Further searching costs 0.02, which may reduce net profit below zero given the current good offer.","C11 Search #1 (Searched:1/9, SearchCost:0.00, BestProfit:0.11@F6) → Purchase F6",0.06
9,10,C12,True,"yes, sharing data reduces search cost significantly with many firms.",6,"### Decision:
I'll **purchase Firm 6** (choose number 6) because:  
- Positive profit (0.01) is available  
- Further search cost (0.02) may reduce net gain below zero","C12 Search #1 (Searched:1/9, SearchCost:0.00, BestProfit:0.01@F6) → Purchase F6",-0.04
9,10,C13,True,"yes, because personalized recommendations significantly reduce search costs with 9 firms.",2,"### Decision:
I'll **purchase Firm 2** (choose number 2) because:  
- Positive profit (0.02) found  
- Further search cost (0.02) may outweigh potential gain given low net profit margin","C13 Search #1 (Searched:1/9, SearchCost:0.00, BestProfit:0.02@F2) → Purchase F2",-0.03
9,10,C14,True,"yes, sharing data reduces search costs significantly with many firms and improves net revenue.",4,"### Decision:
I'll **purchase Firm 4** (choose number 4) because:  
- Positive profit (0.03) found  
- Further search cost (0.02) and privacy cost risk reducing net revenue","C14 Search #1 (Searched:1/9, SearchCost:0.00, BestProfit:0.03@F4) → Purchase F4",-0.01
9,10,C15,True,"yes, because sharing data reduces search cost significantly with many firms.",1,"### Decision:
I'll **purchase Firm 1** (choose number 1) because:  
- Positive profit (0.02) found  
- Further search cost (0.02) may eliminate net gain","C15 Search #1 (Searched:1/9, SearchCost:0.00, BestProfit:0.02@F1) → Purchase F1",-0.03
9,10,C16,True,"yes, reducing search cost outweighs small privacy loss",2,"### Decision:
I'll **purchase Firm 2** (choose number 2) because:  
- Positive profit (0.16) found  
- Further search cost (0.02) may reduce net revenue below zero","C16 Search #1 (Searched:1/9, SearchCost:0.00, BestProfit:0.16@F2) → Purchase F2",0.12
9,10,C17,True,"yes, reduced search cost outweighs small privacy value",-1,"### Decision:
I'll **leave** (choose number -1) because:  
- The only searched firm offers negative profit (-0.01).  
- Further search costs 0.02 and is unlikely to yield positive profit given current valuations.","C17 Search #1 (Searched:1/9, SearchCost:0.00, BestProfit:-0.01@F4) → Leave Market",-0.05
9,10,C18,True,"yes, sharing reduces search costs significantly with many firms.",3,"### Decision:
I'll **purchase Firm 3** (choose number 3) because:  
- Positive profit of 0.03 is still above zero  
- Further search cost 0.02 may outweigh potential gain","C18 Search #1 (Searched:1/9, SearchCost:0.00, BestProfit:0.03@F3) → Purchase F3",0.01
9,10,C19,True,"yes, personalized recommendations significantly reduce search costs among 9 firms.",4,"### Decision:
I'll **purchase Firm 4** (choose number 4) because:  
- The potential profit (0.05) is positive and covers zero search cost.  
- Further search cost (0.02) may not be justified by small expected profit gain.","C19 Search #1 (Searched:1/9, SearchCost:0.00, BestProfit:0.05@F4) → Purchase F4",0.02
9,10,C20,True,"yes, because sharing data reduces search costs significantly with many firms.",6,"### Decision:
I'll **purchase Firm 6** (choose number 6) because:  
- Positive profit of 0.13 is good  
- Further search costs 0.02 may not justify small potential gain","C20 Search #1 (Searched:1/9, SearchCost:0.00, BestProfit:0.13@F6) → Purchase F6",0.1
10,1,C1,True,"yes, because sharing data reduces search cost significantly with many firms.",6,"### Decision:
I'll **purchase Firm 6** (choose number 6) because: 
- Positive profit (0.44) is already available
- Further search costs (0.02) may outweigh potential gains given cautious approach","C1 Search #1 (Searched:1/10, SearchCost:0.00, BestProfit:0.44@F6) → Purchase F6",0.4
10,1,C2,True,"yes, because the reduction in search cost outweighs the small privacy value.",4,"### Decision:
I'll **purchase Firm 4** (choose number 4) because: 
- Positive profit of 0.43 is good
- Further search costs 0.02 per search and may not yield better profit","C2 Search #1 (Searched:1/10, SearchCost:0.00, BestProfit:0.43@F4) → Purchase F4",0.38
10,1,C3,True,"yes, because sharing data reduces search cost significantly with many firms.",2,"### Decision:
I'll **purchase Firm 2** (choose number 2) because: 
- The potential profit (0.43) is positive and substantial compared to the search cost (0.02).
- Further searching risks additional costs that may outweigh marginal gains given the valuation-price difference.","C3 Search #1 (Searched:1/10, SearchCost:0.00, BestProfit:0.43@F2) → Purchase F2",0.38
10,1,C4,True,"yes, because the reduction in search cost outweighs the small privacy cost.",7,"### Decision:
I'll **purchase Firm 7** (choose number 7) because: 
- The potential profit (0.31) is positive and substantial compared to the search cost (0.02 per search).
- Further searching risks incurring more search costs that may reduce total revenue below zero.","C4 Search #1 (Searched:1/10, SearchCost:0.00, BestProfit:0.31@F7) → Purchase F7",0.28
10,1,C5,True,"yes, the reduction in search cost outweighs the small privacy value.",5,"### Decision:
I'll **purchase Firm 5** because: 
- Positive profit of 0.27 is already found
- Further search costs 0.02 and may not yield significantly better profit given privacy cost and diminishing returns","C5 Search #1 (Searched:1/10, SearchCost:0.00, BestProfit:0.27@F5) → Purchase F5",0.22
10,1,C6,True,"yes, reduced search cost outweighs small privacy value.",0,"### Decision:
I'll **purchase Firm 0** (choose number 0) because:  
- Positive profit (0.37) is already available.  
- Further search costs (0.02) may outweigh potential gains given privacy cost and diminishing returns.","C6 Search #1 (Searched:1/10, SearchCost:0.00, BestProfit:0.37@F0) → Purchase F0",0.32
10,1,C7,True,"Yes, because sharing data reduces search costs significantly, outweighing the small privacy value.",8,"### Decision:
I'll **purchase Firm 8** (choose number 8) because: 
- Positive profit of 0.27 is already found
- Further search costs 0.02, which may reduce net revenue below zero given small profit margin","C7 Search #1 (Searched:1/10, SearchCost:0.00, BestProfit:0.27@F8) → Purchase F8",0.24
10,1,C8,True,"yes, because the reduction in search cost outweighs the small privacy value.",4,"### Decision:
I'll **purchase Firm 4** (choose number 4) because:  
- The potential profit (0.28) is positive and exceeds the cost of further search (0.02).  
- Buying now avoids additional search costs and privacy loss.","C8 Search #1 (Searched:1/10, SearchCost:0.00, BestProfit:0.28@F4) → Purchase F4",0.23
10,1,C9,True,"yes, the reduction in search cost outweighs the small privacy value.",4,"### Decision:
I'll **purchase Firm 4** (choose number 4) because:  
- Positive profit (0.42) is good and exceeds search cost for further searches  
- Further search costs 0.02, which may reduce net profit below zero given privacy cost and diminishing returns","C9 Search #1 (Searched:1/10, SearchCost:0.00, BestProfit:0.42@F4) → Purchase F4",0.38
10,1,C10,True,"yes, because personalized recommendations will significantly reduce search costs with 10 firms.",3,"### Decision:
I'll **purchase Firm 3** (choose number 3) because: 
- Positive profit (0.26) already found
- Further search costs 0.02 may reduce net gain below zero","C10 Search #1 (Searched:1/10, SearchCost:0.00, BestProfit:0.26@F3) → Purchase F3",0.22
10,1,C11,True,"yes, because sharing data reduces search cost significantly with many firms.",2,"### Decision:
I'll **purchase Firm 2** (choose number 2) because: 
- Positive profit of 0.41 is good
- Further search costs 0.02 and may not yield better profit given privacy cost and diminishing returns","C11 Search #1 (Searched:1/10, SearchCost:0.00, BestProfit:0.41@F2) → Purchase F2",0.38
10,1,C12,True,"Yes, because sharing data reduces search costs significantly with 10 firms, outweighing the small privacy cost.",4,"### Decision:
I'll **purchase Firm 4** (choose number 4) because:  
- Positive profit (0.44) already found  
- Additional search cost (0.02) may reduce net revenue","C12 Search #1 (Searched:1/10, SearchCost:0.00, BestProfit:0.44@F4) → Purchase F4",0.41
10,1,C13,True,"yes, because personalized recommendations will reduce search cost significantly with 10 firms.",1,"### Decision:
I'll **purchase Firm 1** (choose number 1) because: 
- Positive profit (0.26) is already available.
- Additional search cost (0.02) may reduce overall profit.","C13 Search #1 (Searched:1/10, SearchCost:0.00, BestProfit:0.26@F1) → Purchase F1",0.23
10,1,C14,True,"yes, because personalized recommendations reduce search cost significantly with many firms.",2,"### Decision:
I'll **purchase Firm 2** (choose number 2) because:  
- Firm 2 offers the highest positive profit (0.08).  
- Further search costs (0.02 each) may outweigh potential gains.","C14 Search #1 (Searched:1/10, SearchCost:0.00, BestProfit:0.04@F1) → Search Next; C14 Search #2 (Searched:2/10, SearchCost:0.02, BestProfit:0.08@F2) → Purchase F2",0.03
10,1,C15,True,"yes, because the reduction in search cost outweighs the small privacy value.",8,"### Decision:
I'll **purchase Firm 8** (choose number 8) because: 
- The current firm offers a positive profit of 0.44, which is good.
- Further searching costs 0.02 per search and may reduce profit; the first search is free but subsequent searches add cost.
- Given the privacy cost is already paid and the profit is positive, buying now maximizes total revenue.","C15 Search #1 (Searched:1/10, SearchCost:0.00, BestProfit:0.44@F8) → Purchase F8",0.39
10,1,C16,True,"yes, because the reduced search cost outweighs my low privacy value.",2,"### Decision:
I'll **purchase Firm 2** (choose number 2) because: 
- Positive profit of 0.35 is significant compared to search cost of 0.02
- First search is free, and further search costs might outweigh potential gain","C16 Search #1 (Searched:1/10, SearchCost:0.00, BestProfit:0.35@F2) → Purchase F2",0.32
10,1,C17,True,"yes, because sharing data reduces search costs significantly with 10 firms.",8,"### Decision:
I'll **purchase Firm 8** (choose number 8) because: 
- The potential profit (0.17) is positive and covers search costs.
- Further searching costs 0.02 per search and may not yield better profit given diminishing returns.","C17 Search #1 (Searched:1/10, SearchCost:0.00, BestProfit:0.17@F8) → Purchase F8",0.12
10,1,C18,True,"yes, because sharing data reduces search costs significantly with many firms.",1,"### Decision:
I'll **purchase Firm 1** (choose number 1) because:  
- Positive profit of 0.37 is good  
- Further search costs 0.02 and may not yield better profit exceeding search cost plus privacy value","C18 Search #1 (Searched:1/10, SearchCost:0.00, BestProfit:0.37@F1) → Purchase F1",0.32
10,1,C19,True,"yes, because personalized recommendations will reduce search costs significantly with 10 firms.",8,"### Decision:
I'll **purchase Firm 8** because: 
- The potential profit is positive (0.35).
- Further search costs (0.02) may reduce net gain, and profit is already good.","C19 Search #1 (Searched:1/10, SearchCost:0.00, BestProfit:0.35@F8) → Purchase F8",0.31
10,1,C20,True,"yes, because sharing data reduces search cost significantly with many firms.",2,"### Decision:
I'll **purchase Firm 2** because: 
- The potential profit is positive (0.33).
- Further search costs (0.02 per search) may reduce net revenue below zero.","C20 Search #1 (Searched:1/10, SearchCost:0.00, BestProfit:0.33@F2) → Purchase F2",0.29
10,2,C1,True,"yes, because sharing data reduces search cost significantly with many firms.",6,"### Decision:
I'll **purchase Firm 6** (choose number 6) because:  
- Positive profit (0.39) is available  
- Further search cost (0.02) may outweigh potential incremental gain","C1 Search #1 (Searched:1/10, SearchCost:0.00, BestProfit:0.39@F6) → Purchase F6",0.35
10,2,C2,True,"yes, because the reduction in search cost outweighs the small privacy value.",4,"### Decision:
I'll **purchase Firm 4** (choose number 4) because:  
- Positive profit of 0.38 is good  
- Further search costs 0.02 and may not yield better profit","C2 Search #1 (Searched:1/10, SearchCost:0.00, BestProfit:0.38@F4) → Purchase F4",0.33
10,2,C3,True,"yes, because sharing data reduces search cost significantly with many firms.",2,"### Decision:
I'll **purchase Firm 2** (choose number 2) because: 
- The potential profit (0.38) is positive and outweighs the search cost.
- Additional search costs (0.02) may not yield better profit given current positive gain.","C3 Search #1 (Searched:1/10, SearchCost:0.00, BestProfit:0.38@F2) → Purchase F2",0.33
10,2,C4,True,"yes, because the reduction in search cost outweighs the small privacy cost",7,"### Decision:
I'll **purchase Firm 7** (choose number 7) because:  
- The potential profit (0.26) is positive and outweighs the search cost of further searching.  
- Additional search cost (0.02) may reduce total revenue below zero given the profit margin.","C4 Search #1 (Searched:1/10, SearchCost:0.00, BestProfit:0.26@F7) → Purchase F7",0.23
10,2,C5,True,"yes, the reduction in search cost outweighs the small privacy value",5,"### Decision:
I'll **purchase Firm 5** (choose number 5) because:  
- Positive profit of 0.22 found already  
- Further search costs 0.02 and may not yield significantly better profit given privacy cost and diminishing returns","C5 Search #1 (Searched:1/10, SearchCost:0.00, BestProfit:0.22@F5) → Purchase F5",0.17
10,2,C6,True,"yes, reduced search cost outweighs small privacy value",0,"### Decision:
I'll **purchase Firm 0** (choose number 0) because:  
- Positive profit (0.32) is available  
- Further search cost (0.02) may outweigh potential gains given small profit and privacy cost","C6 Search #1 (Searched:1/10, SearchCost:0.00, BestProfit:0.32@F0) → Purchase F0",0.27
10,2,C7,True,"yes, sharing data reduces search costs significantly, outweighing the small privacy value",8,"### Decision:
I'll **purchase Firm 8** (choose number 8) because:  
- Positive profit of 0.22 found  
- Further search costs 0.02 may reduce net revenue below zero given small profit margin","C7 Search #1 (Searched:1/10, SearchCost:0.00, BestProfit:0.22@F8) → Purchase F8",0.19
10,2,C8,True,"yes, because personalized recommendations will reduce search cost significantly.",4,"### Decision:
I'll **purchase Firm 4** (choose number 4) because:  
- The potential profit (0.23) is positive and exceeds the search cost (0.02).  
- Avoiding further search saves cost and maximizes total revenue.","C8 Search #1 (Searched:1/10, SearchCost:0.00, BestProfit:0.23@F4) → Purchase F4",0.18
10,2,C9,True,"yes, the reduction in search cost outweighs the small privacy value",4,"### Decision:
I'll **purchase Firm 4** (choose number 4) because:  
- Positive profit (0.37) after price  
- Further search cost (0.02) plus privacy value (0.04) may reduce net profit below zero","C9 Search #1 (Searched:1/10, SearchCost:0.00, BestProfit:0.37@F4) → Purchase F4",0.33
10,2,C10,True,"yes, because personalized recommendations will reduce search costs and increase net revenue.",3,"### Decision:
I'll **purchase Firm 3** (choose number 3) because: 
- Positive profit (0.16) found
- Further search costs 0.02 may reduce net gain below zero","C10 Search #1 (Searched:1/10, SearchCost:0.00, BestProfit:0.16@F3) → Purchase F3",0.12
10,2,C11,True,"yes, because sharing data reduces search cost significantly with many firms.",2,"### Decision:
I'll **purchase Firm 2** (choose number 2) because:  
- Positive profit of 0.36 is good  
- Further search costs 0.02 and may not yield better profit given privacy cost and diminishing returns","C11 Search #1 (Searched:1/10, SearchCost:0.00, BestProfit:0.36@F2) → Purchase F2",0.33
10,2,C12,True,"yes, sharing data reduces search costs significantly and outweighs the small privacy cost.",4,"### Decision:
I'll **purchase Firm 4** (choose number 4) because:  
- Positive profit (0.39) found  
- Additional search cost (0.02) may reduce net revenue","C12 Search #1 (Searched:1/10, SearchCost:0.00, BestProfit:0.39@F4) → Purchase F4",0.36
10,2,C13,True,"yes, personalized recommendations will reduce search cost significantly with 10 firms.",1,"### Decision:
I'll **purchase Firm 1** (choose number 1) because: 
- Positive profit (0.16) is available
- Additional search cost (0.02) may reduce overall profit","C13 Search #1 (Searched:1/10, SearchCost:0.00, BestProfit:0.16@F1) → Purchase F1",0.13
10,2,C14,True,"yes, because personalized recommendations significantly reduce search costs with many firms.",-1,"### Decision:
I'll **leave** (choose number -1) because:  
- The only searched firm offers negative profit (-0.06).  
- Further search costs may outweigh potential gains given low net profit potential.","C14 Search #1 (Searched:1/10, SearchCost:0.00, BestProfit:-0.06@F1) → Leave Market",-0.03
10,2,C15,True,"yes, because the reduction in search cost outweighs the small privacy value.",8,"### Decision:
I'll **purchase Firm 8** (choose number 8) because:  
- The current firm offers positive profit of 0.39.  
- Further searching costs 0.02 and may reduce total revenue.  
- Buying now maximizes total revenue given search cost and privacy value.","C15 Search #1 (Searched:1/10, SearchCost:0.00, BestProfit:0.39@F8) → Purchase F8",0.34
10,2,C16,True,"yes, because the reduced search cost from personalized recommendations outweighs my low privacy value.",2,"### Decision:
I'll **purchase Firm 2** (choose number 2) because:  
- Positive profit of 0.3 exceeds zero search cost so far  
- Further search costs 0.02, which may outweigh potential gain given current profit","C16 Search #1 (Searched:1/10, SearchCost:0.00, BestProfit:0.30@F2) → Purchase F2",0.27
10,2,C17,True,"yes, because sharing data reduces search costs significantly with 10 firms",8,"### Decision:
I'll **purchase Firm 8** (choose number 8) because:  
- The potential profit (0.12) is positive and covers search costs.  
- Further searching costs 0.02 and may not yield better profit given diminishing returns.","C17 Search #1 (Searched:1/10, SearchCost:0.00, BestProfit:0.12@F8) → Purchase F8",0.07
10,2,C18,True,"yes, because sharing data reduces search costs significantly with many firms",1,"### Decision:
I'll **purchase Firm 1** (choose number 1) because:  
- Positive profit of 0.27 after price is good  
- Further search costs 0.02 and may not yield better profit exceeding search cost plus privacy value","C18 Search #1 (Searched:1/10, SearchCost:0.00, BestProfit:0.27@F1) → Purchase F1",0.22
10,2,C19,True,"yes, because personalized recommendations will reduce search costs significantly with 10 firms.",8,"### Decision:
I'll **purchase Firm 8** (choose number 8) because:  
- The potential profit is positive (0.3).  
- Additional search cost (0.02) may reduce net gain, and current profit is already good.","C19 Search #1 (Searched:1/10, SearchCost:0.00, BestProfit:0.30@F8) → Purchase F8",0.26
10,2,C20,True,"yes, because sharing data reduces search cost significantly with many firms.",2,"### Decision:
I'll **purchase Firm 2** (choose number 2) because:  
- Positive profit (0.28) already found  
- Further search cost (0.02) may reduce net revenue below zero","C20 Search #1 (Searched:1/10, SearchCost:0.00, BestProfit:0.28@F2) → Purchase F2",0.24
10,3,C1,True,"yes, because sharing data reduces search cost significantly with many firms.",6,"### Decision:
I'll **purchase Firm 6** (choose number 6) because:  
- Positive profit (0.34) is available  
- Further search cost (0.02) may outweigh potential gain","C1 Search #1 (Searched:1/10, SearchCost:0.00, BestProfit:0.34@F6) → Purchase F6",0.3
10,3,C2,True,"yes, because the reduction in search cost outweighs the small privacy value.",4,"### Decision:
I'll **purchase Firm 4** (choose number 4) because:  
- Positive profit of 0.33 is good  
- Further search costs 0.02 and may not yield better profit","C2 Search #1 (Searched:1/10, SearchCost:0.00, BestProfit:0.33@F4) → Purchase F4",0.28
10,3,C3,True,"yes, because sharing data reduces search cost significantly with many firms.",2,"### Decision:
I'll **purchase Firm 2** (choose number 2) because: 
- The potential profit (0.33) is positive and exceeds search cost.
- Further search costs (0.02) may not yield better profit given current positive gain.","C3 Search #1 (Searched:1/10, SearchCost:0.00, BestProfit:0.33@F2) → Purchase F2",0.28
10,3,C4,True,"yes, because the reduction in search cost outweighs the small privacy cost",7,"### Decision:
I'll **purchase Firm 7** (choose number 7) because:  
- The potential profit (0.21) is positive and outweighs the search cost of further searching.  
- Additional search cost (0.02) may reduce total revenue below zero given the profit margin.","C4 Search #1 (Searched:1/10, SearchCost:0.00, BestProfit:0.21@F7) → Purchase F7",0.18
10,3,C5,True,"yes, the reduction in search cost outweighs the small privacy value",5,"### Decision:
I'll **purchase Firm 5** (choose number 5) because:  
- Positive profit of 0.17 is already found  
- Further search costs 0.02 and may not yield significantly better profit given privacy cost and diminishing returns","C5 Search #1 (Searched:1/10, SearchCost:0.00, BestProfit:0.17@F5) → Purchase F5",0.12
10,3,C6,True,"yes, reduced search cost outweighs small privacy value",0,"### Decision:
I'll **purchase Firm 0** (choose number 0) because:  
- Positive profit (0.27) is available  
- Further search cost (0.02) may outweigh potential gains given small profit and privacy cost","C6 Search #1 (Searched:1/10, SearchCost:0.00, BestProfit:0.27@F0) → Purchase F0",0.22
10,3,C7,True,"yes, sharing data reduces search costs significantly, outweighing the small privacy value",8,"### Decision:
I'll **purchase Firm 8** (choose number 8) because:  
- Positive profit of 0.17 found  
- Further search costs 0.02 may reduce net revenue below zero given small profit margin","C7 Search #1 (Searched:1/10, SearchCost:0.00, BestProfit:0.17@F8) → Purchase F8",0.14
10,3,C8,True,"yes, because the reduction in search cost outweighs the small privacy value.",4,"### Decision:
I'll **purchase Firm 4** (choose number 4) because:  
- The potential profit (0.18) is positive.  
- Further search costs (0.02) may reduce total revenue below current profit.","C8 Search #1 (Searched:1/10, SearchCost:0.00, BestProfit:0.18@F4) → Purchase F4",0.13
10,3,C9,True,"yes, the reduction in search cost outweighs the small privacy value",4,"### Decision:
I'll **purchase Firm 4** (choose number 4) because:  
- Positive profit (0.32) is good  
- Further search cost (0.02) plus privacy value (0.04) may reduce net profit below zero","C9 Search #1 (Searched:1/10, SearchCost:0.00, BestProfit:0.32@F4) → Purchase F4",0.28
10,3,C10,True,"yes, because personalized recommendations significantly reduce search costs with 10 firms.",3,"### Decision:
I'll **purchase Firm 3** (choose number 3) because: 
- Positive profit (0.11) found
- Further search cost (0.02) may reduce net gain below zero","C10 Search #1 (Searched:1/10, SearchCost:0.00, BestProfit:0.11@F3) → Purchase F3",0.07
10,3,C11,True,"yes, because sharing data reduces search cost significantly with many firms.",2,"### Decision:
I'll **purchase Firm 2** (choose number 2) because:  
- Positive profit of 0.31 is good  
- Additional search cost of 0.02 may not yield better profit given privacy cost and diminishing returns","C11 Search #1 (Searched:1/10, SearchCost:0.00, BestProfit:0.31@F2) → Purchase F2",0.28
10,3,C12,True,"yes, sharing data reduces search costs significantly and outweighs the small privacy cost.",4,"### Decision:
I'll **purchase Firm 4** (choose number 4) because:  
- Positive profit (0.34) found  
- Additional search cost (0.02) may reduce net revenue","C12 Search #1 (Searched:1/10, SearchCost:0.00, BestProfit:0.34@F4) → Purchase F4",0.31
10,3,C13,True,"yes, personalized recommendations will significantly reduce search cost with 10 firms.",1,"### Decision:
I'll **purchase Firm 1** (choose number 1) because:  
- Positive profit (0.06) is available  
- Additional search cost (0.02) may reduce overall profit","C13 Search #1 (Searched:1/10, SearchCost:0.00, BestProfit:0.06@F1) → Purchase F1",0.03
10,3,C14,True,"yes, because personalized recommendations significantly reduce search costs with many firms.",-1,"### Decision:
I'll **leave** (choose number -1) because:  
- The only searched firm offers negative profit (-0.16).  
- Further search costs (0.02 each) may outweigh potential gains given low net profit potential.","C14 Search #1 (Searched:1/10, SearchCost:0.00, BestProfit:-0.16@F1) → Leave Market",-0.03
10,3,C15,True,"yes, because the reduction in search cost outweighs the small privacy value.",8,"### Decision:
I'll **purchase Firm 8** (choose number 8) because:  
- The current firm offers positive profit of 0.34.  
- Further searching costs 0.02 and may reduce total revenue.  
- Buying now maximizes total revenue given search cost and privacy value.","C15 Search #1 (Searched:1/10, SearchCost:0.00, BestProfit:0.34@F8) → Purchase F8",0.29
10,3,C16,True,"yes, because the reduced search cost from personalized recommendations outweighs my low privacy value.",2,"### Decision:
I'll **purchase Firm 2** (choose number 2) because:  
- Positive profit of 0.25 is good compared to search cost of 0.02  
- Further search cost may outweigh potential gain given current profit","C16 Search #1 (Searched:1/10, SearchCost:0.00, BestProfit:0.25@F2) → Purchase F2",0.22
10,3,C17,True,"yes, because sharing data reduces search costs significantly with 10 firms.",8,"### Decision:
I'll **purchase Firm 8** (choose number 8) because:  
- The potential profit (0.07) is positive and covers the search cost.  
- Further searching costs 0.02 and may not yield better profit given diminishing returns.","C17 Search #1 (Searched:1/10, SearchCost:0.00, BestProfit:0.07@F8) → Purchase F8",0.02
10,3,C18,True,"yes, because sharing data reduces search costs significantly with many firms.",1,"### Decision:
I'll **purchase Firm 1** (choose number 1) because:  
- Positive profit of 0.17 is good  
- Further search costs 0.02 plus privacy value may outweigh potential gains","C18 Search #1 (Searched:1/10, SearchCost:0.00, BestProfit:0.17@F1) → Purchase F1",0.12
10,3,C19,True,"yes, personalized recommendations will significantly reduce search costs with 10 firms.",8,"### Decision:
I'll **purchase Firm 8** (choose number 8) because:  
- The potential profit is positive (0.25).  
- Additional search cost (0.02) may reduce net gain, and current profit is already good.","C19 Search #1 (Searched:1/10, SearchCost:0.00, BestProfit:0.25@F8) → Purchase F8",0.21
10,3,C20,True,"yes, because sharing data significantly reduces search cost with many firms.",2,"### Decision:
I'll **purchase Firm 2** (choose number 2) because:  
- Positive profit (0.23) already found  
- Further search cost (0.02) may reduce net revenue below zero","C20 Search #1 (Searched:1/10, SearchCost:0.00, BestProfit:0.23@F2) → Purchase F2",0.19
10,4,C1,True,"yes, sharing data reduces search cost significantly with many firms.",6,"### Decision:
I'll **purchase Firm 6** (choose number 6) because:  
- Positive profit (0.29) is available  
- Further search cost (0.02) may outweigh potential gain given cautious approach","C1 Search #1 (Searched:1/10, SearchCost:0.00, BestProfit:0.29@F6) → Purchase F6",0.25
10,4,C2,True,"yes, because the reduction in search cost outweighs the small privacy value.",4,"### Decision:
I'll **purchase Firm 4** (choose number 4) because:  
- Positive profit of 0.28 is good  
- Further search costs 0.02 and unlikely to yield better profit","C2 Search #1 (Searched:1/10, SearchCost:0.00, BestProfit:0.28@F4) → Purchase F4",0.23
10,4,C3,True,"yes, because sharing data reduces search cost significantly with many firms.",2,"### Decision:
I'll **purchase Firm 2** (choose number 2) because: 
- The potential profit (0.28) is positive and exceeds the search cost.
- Further searching costs (0.02) may not yield better profit given current positive gain.","C3 Search #1 (Searched:1/10, SearchCost:0.00, BestProfit:0.28@F2) → Purchase F2",0.23
10,4,C4,True,"yes, because the reduction in search cost outweighs the small privacy cost",7,"### Decision:
I'll **purchase Firm 7** (choose number 7) because: 
- The potential profit (0.16) is positive and outweighs the search cost of further searching.
- Additional search cost (0.02) may reduce total revenue below zero given the small profit margin.","C4 Search #1 (Searched:1/10, SearchCost:0.00, BestProfit:0.16@F7) → Purchase F7",0.13
10,4,C5,True,"yes, the reduction in search cost outweighs the small privacy value",5,"### Decision:
I'll **purchase Firm 5** (choose number 5) because:  
- Positive profit of 0.12 found already  
- Further search costs 0.02 and may not yield significantly better profit given privacy cost and diminishing returns","C5 Search #1 (Searched:1/10, SearchCost:0.00, BestProfit:0.12@F5) → Purchase F5",0.07
10,4,C6,True,"yes, reduced search cost outweighs small privacy value",0,"### Decision:
I'll **purchase Firm 0** (choose number 0) because:  
- Positive profit (0.22) is available  
- Further search cost (0.02) may outweigh potential gains given small profit and privacy cost","C6 Search #1 (Searched:1/10, SearchCost:0.00, BestProfit:0.22@F0) → Purchase F0",0.17
10,4,C7,True,"yes, sharing data reduces search costs significantly, outweighing the small privacy value",8,"### Decision:
I'll **purchase Firm 8** (choose number 8) because:  
- Positive profit of 0.12 found  
- Further search cost 0.02 may reduce net revenue below zero given small profit margin","C7 Search #1 (Searched:1/10, SearchCost:0.00, BestProfit:0.12@F8) → Purchase F8",0.09
10,4,C8,True,"yes, because personalized recommendations will reduce search costs significantly.",4,"### Decision:
I'll **purchase Firm 4** (choose number 4) because:  
- The potential profit (0.13) is positive.  
- Further search cost (0.02) may reduce total revenue below current profit.","C8 Search #1 (Searched:1/10, SearchCost:0.00, BestProfit:0.13@F4) → Purchase F4",0.08
10,4,C9,True,"yes, the reduction in search cost outweighs the small privacy value",4,"### Decision:
I'll **purchase Firm 4** (choose number 4) because:  
- Positive profit (0.27) after price  
- Further search cost (0.02) plus privacy value (0.04) may reduce net profit below zero","C9 Search #1 (Searched:1/10, SearchCost:0.00, BestProfit:0.27@F4) → Purchase F4",0.23
10,4,C10,True,"yes, because personalized recommendations significantly reduce search costs with 10 firms.",3,"### Decision:
I'll **purchase Firm 3** (choose number 3) because: 
- Positive profit (0.06) found
- Further search cost (0.02) may reduce net gain below zero","C10 Search #1 (Searched:1/10, SearchCost:0.00, BestProfit:0.06@F3) → Purchase F3",0.02
10,4,C11,True,"yes, sharing data reduces search cost significantly with many firms.",2,"### Decision:
I'll **purchase Firm 2** (choose number 2) because:  
- Positive profit of 0.26 is good  
- Further search costs 0.02 and may not yield better profit given privacy cost and diminishing returns","C11 Search #1 (Searched:1/10, SearchCost:0.00, BestProfit:0.26@F2) → Purchase F2",0.23
10,4,C12,True,"yes, sharing data reduces search costs significantly and outweighs the small privacy cost.",4,"### Decision:
I'll **purchase Firm 4** (choose number 4) because:  
- Positive profit (0.29) found  
- Additional search cost (0.02) may reduce net revenue","C12 Search #1 (Searched:1/10, SearchCost:0.00, BestProfit:0.29@F4) → Purchase F4",0.26
10,4,C13,True,"yes, personalized recommendations will significantly reduce search cost with 10 firms.",-1,"### Decision:
I'll **leave** (choose number -1) because: 
- The only searched firm has negative profit (-0.04).
- Searching more costs 0.02 with low chance of positive profit exceeding search cost.","C13 Search #1 (Searched:1/10, SearchCost:0.00, BestProfit:-0.04@F1) → Leave Market",-0.03
10,4,C14,True,"yes, personalized recommendations reduce search costs significantly with many firms.",-1,"### Decision:
I'll **leave** (choose number -1) because:  
- The only searched firm offers negative profit (-0.26).  
- Further search costs may outweigh potential gains given low net profit potential.","C14 Search #1 (Searched:1/10, SearchCost:0.00, BestProfit:-0.26@F1) → Leave Market",-0.03
10,4,C15,True,"yes, because the reduction in search cost outweighs the small privacy value.",8,"### Decision:
I'll **purchase Firm 8** (choose number 8) because:  
- The current firm offers positive profit of 0.29.  
- Further searching costs 0.02 and may reduce total revenue.","C15 Search #1 (Searched:1/10, SearchCost:0.00, BestProfit:0.29@F8) → Purchase F8",0.24
10,4,C16,True,"yes, because the reduced search cost from personalized recommendations outweighs my low privacy value.",2,"### Decision:
I'll **purchase Firm 2** (choose number 2) because:  
- Positive profit of 0.2 is greater than zero search cost so far  
- Further search cost of 0.02 may outweigh potential gain given current profit","C16 Search #1 (Searched:1/10, SearchCost:0.00, BestProfit:0.20@F2) → Purchase F2",0.17
10,4,C17,True,"yes, because sharing data reduces search costs significantly with 10 firms.",8,"### Decision:
I'll **purchase Firm 8** (choose number 8) because:  
- The potential profit (0.02) is positive and covers the search cost.  
- Further searching costs 0.02 and may not yield better profit given diminishing returns.","C17 Search #1 (Searched:1/10, SearchCost:0.00, BestProfit:0.02@F8) → Purchase F8",-0.03
10,4,C18,True,"yes, because sharing data significantly reduces search costs with many firms.",1,"### Decision:
I'll **purchase Firm 1** (choose number 1) because:  
- Positive profit of 0.07 is better than search cost 0.02  
- Further search unlikely to cover privacy cost and search cost","C18 Search #1 (Searched:1/10, SearchCost:0.00, BestProfit:0.07@F1) → Purchase F1",0.02
10,4,C19,True,"yes, personalized recommendations will significantly reduce search costs with 10 firms.",8,"### Decision:
I'll **purchase Firm 8** (choose number 8) because:  
- The potential profit is positive (0.2).  
- Additional search cost (0.02) may reduce net gain, and current profit is already good.","C19 Search #1 (Searched:1/10, SearchCost:0.00, BestProfit:0.20@F8) → Purchase F8",0.16
10,4,C20,True,"yes, because sharing data significantly reduces search cost with many firms.",2,"### Decision:
I'll **purchase Firm 2** (choose number 2) because: 
- Positive profit (0.18) found
- Further search cost (0.02) may reduce net revenue below zero","C20 Search #1 (Searched:1/10, SearchCost:0.00, BestProfit:0.18@F2) → Purchase F2",0.14
10,5,C1,True,"yes, because sharing data reduces search cost significantly with many firms.",6,"### Decision:
I'll **purchase Firm 6** (choose number 6) because:  
- Positive profit (0.24) is available  
- Further search cost (0.02) may outweigh potential incremental gain given cautious approach","C1 Search #1 (Searched:1/10, SearchCost:0.00, BestProfit:0.24@F6) → Purchase F6",0.2
10,5,C2,True,"yes, because the reduction in search cost outweighs the small privacy value",4,"### Decision:
I'll **purchase Firm 4** (choose number 4) because:  
- Positive profit of 0.23 is good  
- Further search costs 0.02 and unlikely to yield better profit","C2 Search #1 (Searched:1/10, SearchCost:0.00, BestProfit:0.23@F4) → Purchase F4",0.18
10,5,C3,True,"yes, because sharing data reduces search cost significantly with many firms.",2,"### Decision:
I'll **purchase Firm 2** (choose number 2) because:  
- The potential profit (0.23) is positive and exceeds search cost.  
- Further searching costs (0.02) may not yield better profit given current positive gain.","C3 Search #1 (Searched:1/10, SearchCost:0.00, BestProfit:0.23@F2) → Purchase F2",0.18
10,5,C4,True,"yes, because the reduction in search cost outweighs the small privacy cost",7,"### Decision:
I'll **purchase Firm 7** (choose number 7) because:  
- The potential profit (0.11) is positive.  
- Further searching costs 0.02 and likely reduces total revenue below zero.","C4 Search #1 (Searched:1/10, SearchCost:0.00, BestProfit:0.11@F7) → Purchase F7",0.08
10,5,C5,True,"yes, the reduction in search cost outweighs the small privacy value",5,"### Decision:
I'll **purchase Firm 5** (choose number 5) because:  
- Positive profit of 0.07 is found  
- Further search cost of 0.02 may not yield significantly better profit given small margin and privacy cost","C5 Search #1 (Searched:1/10, SearchCost:0.00, BestProfit:0.07@F5) → Purchase F5",0.02
10,5,C6,True,"yes, reduced search cost outweighs small privacy value",0,"### Decision:
I'll **purchase Firm 0** (choose number 0) because:  
- Positive profit (0.17) is available.  
- Further search cost (0.02) may outweigh potential gains given small profit and privacy cost.","C6 Search #1 (Searched:1/10, SearchCost:0.00, BestProfit:0.17@F0) → Purchase F0",0.12
10,5,C7,True,"yes, sharing data reduces search costs significantly, outweighing the small privacy value",8,"### Decision:
I'll **purchase Firm 8** (choose number 8) because:  
- Positive profit of 0.07 found  
- Further search costs 0.02 may reduce net revenue below zero given small profit margin","C7 Search #1 (Searched:1/10, SearchCost:0.00, BestProfit:0.07@F8) → Purchase F8",0.04
10,5,C8,True,"yes, because personalized recommendations significantly reduce search costs, outweighing the small privacy value.",4,"### Decision:
I'll **purchase Firm 4** (choose number 4) because:  
- The potential profit (0.08) is positive.  
- Further search cost (0.02) may reduce total revenue below current profit.","C8 Search #1 (Searched:1/10, SearchCost:0.00, BestProfit:0.08@F4) → Purchase F4",0.03
10,5,C9,True,"yes, the reduction in search cost outweighs the small privacy value",4,"### Decision:
I'll **purchase Firm 4** (choose number 4) because:  
- Positive profit (0.22) after price  
- Further search cost (0.02) plus privacy value (0.04) may reduce net profit below zero","C9 Search #1 (Searched:1/10, SearchCost:0.00, BestProfit:0.22@F4) → Purchase F4",0.18
10,5,C10,True,"yes, personalized recommendations significantly reduce search costs with 10 firms.",3,"### Decision:
I'll **purchase Firm 3** (choose number 3) because: 
- Positive profit (0.01) found
- Further search cost (0.02) may reduce net gain below zero","C10 Search #1 (Searched:1/10, SearchCost:0.00, BestProfit:0.01@F3) → Purchase F3",-0.03
10,5,C11,True,"yes, sharing data reduces search cost significantly with many firms.",2,"### Decision:
I'll **purchase Firm 2** (choose number 2) because:  
- Positive profit of 0.21 is good  
- Further search cost of 0.02 may not yield better profit given privacy cost and diminishing returns","C11 Search #1 (Searched:1/10, SearchCost:0.00, BestProfit:0.21@F2) → Purchase F2",0.18
10,5,C12,True,"yes, sharing data reduces search costs significantly and outweighs the small privacy cost.",4,"### Decision:
I'll **purchase Firm 4** (choose number 4) because:  
- Positive profit (0.24) found  
- Additional search cost (0.02) may reduce net revenue","C12 Search #1 (Searched:1/10, SearchCost:0.00, BestProfit:0.24@F4) → Purchase F4",0.21
10,5,C13,True,"yes, personalized recommendations significantly reduce search cost with 10 firms.",1,"### Decision:
I'll **purchase Firm 1** (choose number 1) because:  
- Positive profit (0.06) is available  
- Additional search cost (0.02) may reduce overall profit","C13 Search #1 (Searched:1/10, SearchCost:0.00, BestProfit:0.06@F1) → Purchase F1",0.03
10,5,C14,True,"yes, personalized recommendations significantly reduce search cost with many firms.",-1,"### Decision:
I'll **leave** (choose number -1) because:  
- The only searched firm offers negative profit (-0.16).  
- Further search costs may outweigh potential gains given low net profit potential.","C14 Search #1 (Searched:1/10, SearchCost:0.00, BestProfit:-0.16@F1) → Leave Market",-0.03
10,5,C15,True,"yes, because the reduction in search cost outweighs the small privacy value.",8,"### Decision:
I'll **purchase Firm 8** (choose number 8) because:  
- The current firm offers positive profit of 0.24.  
- Further searching costs 0.02 and may reduce total revenue.","C15 Search #1 (Searched:1/10, SearchCost:0.00, BestProfit:0.24@F8) → Purchase F8",0.19
10,5,C16,True,"yes, because the reduced search cost from personalized recommendations outweighs my low privacy value.",2,"### Decision:
I'll **purchase Firm 2** (choose number 2) because:  
- Positive profit of 0.15 is greater than zero search cost so far  
- Further search cost of 0.02 may outweigh potential gain given current profit","C16 Search #1 (Searched:1/10, SearchCost:0.00, BestProfit:0.15@F2) → Purchase F2",0.12
10,5,C17,True,"yes, because sharing data significantly reduces search costs with 10 firms.",-1,"### Decision:
I'll **leave** (choose number -1) because:  
- The only searched firm offers negative profit (-0.03).  
- Searching costs 0.02 per search and potential profit is less than search cost, unlikely to improve.","C17 Search #1 (Searched:1/10, SearchCost:0.00, BestProfit:-0.03@F8) → Leave Market",-0.05
10,5,C18,True,"yes, because sharing data reduces search costs significantly with many firms.",1,"### Decision:
I'll **purchase Firm 1** (choose number 1) because:  
- Positive profit of 0.17 is good  
- Further search cost 0.02 plus privacy value may outweigh potential gains","C18 Search #1 (Searched:1/10, SearchCost:0.00, BestProfit:0.17@F1) → Purchase F1",0.12
10,5,C19,True,"yes, personalized recommendations reduce search costs significantly with 10 firms.",8,"### Decision:
I'll **purchase Firm 8** (choose number 8) because:  
- The potential profit is positive (0.15).  
- Additional search cost (0.02) may reduce net gain, and current profit is already good.","C19 Search #1 (Searched:1/10, SearchCost:0.00, BestProfit:0.15@F8) → Purchase F8",0.11
10,5,C20,True,"yes, because sharing data reduces search cost significantly with many firms.",2,"### Decision:
I'll **purchase Firm 2** (choose number 2) because:  
- Positive profit (0.13) found  
- Further search cost (0.02) may reduce net revenue below zero","C20 Search #1 (Searched:1/10, SearchCost:0.00, BestProfit:0.13@F2) → Purchase F2",0.09
10,6,C1,True,"yes, sharing data reduces search cost significantly with many firms.",6,"### Decision:
I'll **purchase Firm 6** (choose number 6) because:  
- Positive profit (0.19) is available  
- Further search cost (0.02) may outweigh potential incremental gain given cautious approach","C1 Search #1 (Searched:1/10, SearchCost:0.00, BestProfit:0.19@F6) → Purchase F6",0.15
10,6,C2,True,"yes, because the reduction in search cost outweighs the small privacy value",4,"### Decision:
I'll **purchase Firm 4** (choose number 4) because:  
- Positive profit of 0.18  
- Additional search cost 0.02 may not yield better profit","C2 Search #1 (Searched:1/10, SearchCost:0.00, BestProfit:0.18@F4) → Purchase F4",0.13
10,6,C3,True,"yes, sharing data reduces search cost significantly with many firms.",2,"### Decision:
I'll **purchase Firm 2** (choose number 2) because:  
- The potential profit (0.18) is positive and exceeds search cost.  
- Further searching costs (0.02) may not yield better profit given current positive gain.","C3 Search #1 (Searched:1/10, SearchCost:0.00, BestProfit:0.18@F2) → Purchase F2",0.13
10,6,C4,True,"yes, because the reduction in search cost outweighs the small privacy cost",7,"### Decision:
I'll **purchase Firm 7** (choose number 7) because:  
- The potential profit (0.06) is positive.  
- Further searching costs 0.02 and likely reduces total revenue below zero.","C4 Search #1 (Searched:1/10, SearchCost:0.00, BestProfit:0.06@F7) → Purchase F7",0.03
10,6,C5,True,"yes, the reduction in search cost outweighs the small privacy value",5,"### Decision:
I'll **purchase Firm 5** (choose number 5) because:  
- Positive profit of 0.02 is found  
- Further search costs 0.02 and may not yield significantly better profit given small margin and privacy cost","C5 Search #1 (Searched:1/10, SearchCost:0.00, BestProfit:0.02@F5) → Purchase F5",-0.03
10,6,C6,True,"yes, reduced search cost outweighs small privacy value",0,"### Decision:
I'll **purchase Firm 0** (choose number 0) because:  
- Positive profit (0.12) is available  
- Further search cost (0.02) may outweigh potential gains given small profit and privacy cost","C6 Search #1 (Searched:1/10, SearchCost:0.00, BestProfit:0.12@F0) → Purchase F0",0.07
10,6,C7,True,"yes, sharing data reduces search costs significantly, outweighing the small privacy value",8,"### Decision:
I'll **purchase Firm 8** (choose number 8) because:  
- Positive profit of 0.12 found  
- Further search costs 0.02 may reduce net revenue below zero given small profit margin","C7 Search #1 (Searched:1/10, SearchCost:0.00, BestProfit:0.12@F8) → Purchase F8",0.09
10,6,C8,True,"yes, because the reduction in search cost outweighs the small privacy value.",4,"### Decision:
I'll **purchase Firm 4** (choose number 4) because:  
- The potential profit (0.03) is positive.  
- Further search cost (0.02) risks reducing total revenue below current profit.","C8 Search #1 (Searched:1/10, SearchCost:0.00, BestProfit:0.03@F4) → Purchase F4",-0.02
10,6,C9,True,"yes, the reduction in search cost outweighs the small privacy value",4,"### Decision:
I'll **purchase Firm 4** (choose number 4) because:  
- Positive profit (0.17) after price  
- Further search cost (0.02) plus privacy value (0.04) may reduce net profit below zero","C9 Search #1 (Searched:1/10, SearchCost:0.00, BestProfit:0.17@F4) → Purchase F4",0.13
10,6,C10,True,"yes, personalized recommendations significantly reduce search costs with 10 firms.",-1,"### Decision:
I'll **leave** (choose number -1) because: 
- Current firm offers negative profit (-0.04)
- Further search costs (0.02) may lead to negative total revenue","C10 Search #1 (Searched:1/10, SearchCost:0.00, BestProfit:-0.04@F3) → Leave Market",-0.04
10,6,C11,True,"yes, because sharing data reduces search cost significantly with many firms.",2,"### Decision:
I'll **purchase Firm 2** (choose number 2) because:  
- Positive profit of 0.16 is good  
- Further search cost of 0.02 may not yield better profit given privacy cost and diminishing returns","C11 Search #1 (Searched:1/10, SearchCost:0.00, BestProfit:0.16@F2) → Purchase F2",0.13
10,6,C12,True,"yes, sharing data reduces search costs significantly and outweighs the small privacy cost.",4,"### Decision:
I'll **purchase Firm 4** (choose number 4) because:  
- Positive profit (0.19) found  
- Additional search cost (0.02) may reduce net revenue","C12 Search #1 (Searched:1/10, SearchCost:0.00, BestProfit:0.19@F4) → Purchase F4",0.16
10,6,C13,True,"yes, personalized recommendations reduce search cost significantly with 10 firms.",1,"### Decision:
I'll **purchase Firm 1** (choose number 1) because:  
- Positive profit (0.01) is available  
- Additional search cost (0.02) would reduce overall profit","C13 Search #1 (Searched:1/10, SearchCost:0.00, BestProfit:0.01@F1) → Purchase F1",-0.02
10,6,C14,True,"yes, personalized recommendations significantly reduce search costs with many firms.",-1,"### Decision:
I'll **leave** (choose number -1) because:  
- The only searched firm offers negative profit (-0.21).  
- Further search cost (0.02) may outweigh potential gains given low net profit potential.","C14 Search #1 (Searched:1/10, SearchCost:0.00, BestProfit:-0.21@F1) → Leave Market",-0.03
10,6,C15,True,"yes, because the reduction in search cost outweighs the small privacy value.",8,"### Decision:
I'll **purchase Firm 8** (choose number 8) because:  
- The current firm offers positive profit of 0.29.  
- Further searching costs 0.02 and may reduce total revenue.","C15 Search #1 (Searched:1/10, SearchCost:0.00, BestProfit:0.29@F8) → Purchase F8",0.24
10,6,C16,True,"yes, because the reduced search cost from personalized recommendations outweighs my low privacy value.",2,"### Decision:
I'll **purchase Firm 2** (choose number 2) because:  
- Positive profit of 0.1 is greater than zero search cost so far  
- Further search cost of 0.02 may outweigh potential gain given current profit","C16 Search #1 (Searched:1/10, SearchCost:0.00, BestProfit:0.10@F2) → Purchase F2",0.07
10,6,C17,True,"yes, because sharing data significantly reduces search costs and improves the chance of positive profit with 10 firms.",8,"### Decision:
I'll **purchase Firm 8** (choose number 8) because:  
- The potential profit (0.02) is positive and covers the search cost.  
- Further searching costs 0.02 and may not yield better profit given diminishing returns.","C17 Search #1 (Searched:1/10, SearchCost:0.00, BestProfit:0.02@F8) → Purchase F8",-0.03
10,6,C18,True,"yes, because sharing data reduces search costs significantly with many firms.",1,"### Decision:
I'll **purchase Firm 1** (choose number 1) because:  
- Positive profit of 0.12 is greater than search cost 0.02 and privacy value 0.054  
- Further search unlikely to yield better net gain after costs","C18 Search #1 (Searched:1/10, SearchCost:0.00, BestProfit:0.12@F1) → Purchase F1",0.07
10,6,C19,True,"yes, personalized recommendations will significantly reduce search costs with 10 firms.",8,"### Decision:
I'll **purchase Firm 8** (choose number 8) because:  
- The potential profit is positive (0.2).  
- Additional search cost (0.02) may reduce net gain, and current profit is already good.","C19 Search #1 (Searched:1/10, SearchCost:0.00, BestProfit:0.20@F8) → Purchase F8",0.16
10,6,C20,True,"yes, sharing data reduces search cost significantly with many firms.",2,"### Decision:
I'll **purchase Firm 2** (choose number 2) because:  
- Positive profit (0.08) found  
- Further search cost (0.02) may reduce net revenue below zero","C20 Search #1 (Searched:1/10, SearchCost:0.00, BestProfit:0.08@F2) → Purchase F2",0.04
10,7,C1,True,"yes, because sharing data reduces search cost significantly with many firms.",6,"### Decision:
I'll **purchase Firm 6** (choose number 6) because:  
- Positive profit (0.14) is available  
- Further search cost (0.02) may outweigh potential incremental gain given cautious approach","C1 Search #1 (Searched:1/10, SearchCost:0.00, BestProfit:0.14@F6) → Purchase F6",0.1
10,7,C2,True,"yes, because the reduction in search cost outweighs the small privacy value",4,"### Decision:
I'll **purchase Firm 4** (choose number 4) because:  
- Positive profit of 0.13 is good  
- Further search costs 0.02 and unlikely to yield better profit","C2 Search #1 (Searched:1/10, SearchCost:0.00, BestProfit:0.13@F4) → Purchase F4",0.08
10,7,C3,True,"yes, sharing data reduces search cost significantly with many firms.",2,"### Decision:
I'll **purchase Firm 2** (choose number 2) because:  
- The potential profit (0.13) is positive and exceeds the search cost.  
- Further searching costs (0.02) may not yield better profit given current positive gain.","C3 Search #1 (Searched:1/10, SearchCost:0.00, BestProfit:0.13@F2) → Purchase F2",0.08
10,7,C4,True,"yes, because the reduction in search cost outweighs the small privacy cost",7,"### Decision:
I'll **purchase Firm 7** (choose number 7) because:  
- The potential profit (0.01) is positive, though small.  
- Further searching costs 0.02 and likely reduces total revenue below zero.","C4 Search #1 (Searched:1/10, SearchCost:0.00, BestProfit:0.01@F7) → Purchase F7",-0.02
10,7,C5,True,"yes, the reduction in search cost outweighs the small privacy value",-1,"### Decision:
I'll **leave** (choose number -1) because:  
- No positive profit found in searched firm  
- Further search costs 0.02 and privacy cost already paid  
- Negative profit means no gain from purchase","C5 Search #1 (Searched:1/10, SearchCost:0.00, BestProfit:-0.03@F5) → Leave Market",-0.05
10,7,C6,True,"yes, reduced search cost outweighs small privacy value",0,"### Decision:
I'll **purchase Firm 0** (choose number 0) because:  
- Positive profit (0.07) is available  
- Further search cost (0.02) may outweigh potential gains given small profit and privacy cost","C6 Search #1 (Searched:1/10, SearchCost:0.00, BestProfit:0.07@F0) → Purchase F0",0.02
10,7,C7,True,"yes, sharing data reduces search costs significantly, outweighing the small privacy value",8,"### Decision:
I'll **purchase Firm 8** (choose number 8) because:  
- Positive profit of 0.12 found  
- Further search costs 0.02 may reduce net revenue below zero given small profit margin","C7 Search #1 (Searched:1/10, SearchCost:0.00, BestProfit:0.12@F8) → Purchase F8",0.09
10,7,C8,True,"yes, because personalized recommendations significantly reduce search costs and improve decision efficiency.",-1,"### Decision:
I'll **leave** (choose number -1) because:  
- The only searched firm has negative profit (-0.02).  
- Searching more costs 0.02 with no guarantee of positive profit, risking negative total revenue.","C8 Search #1 (Searched:1/10, SearchCost:0.00, BestProfit:-0.02@F4) → Leave Market",-0.05
10,7,C9,True,"yes, the reduction in search cost outweighs the small privacy value",4,"### Decision:
I'll **purchase Firm 4** (choose number 4) because:  
- Positive profit (0.12) is above zero  
- Further search cost (0.02) plus privacy value (0.04) may reduce net profit below zero","C9 Search #1 (Searched:1/10, SearchCost:0.00, BestProfit:0.12@F4) → Purchase F4",0.08
10,7,C10,True,"yes, personalized recommendations significantly reduce search costs with 10 firms.",3,"### Decision:
I'll **purchase Firm 3** (choose number 3) because:  
- Positive profit (0.01) found  
- Further search cost (0.02) may reduce net gain below zero","C10 Search #1 (Searched:1/10, SearchCost:0.00, BestProfit:0.01@F3) → Purchase F3",-0.03
10,7,C11,True,"yes, sharing data reduces search cost significantly with many firms.",2,"### Decision:
I'll **purchase Firm 2** (choose number 2) because:  
- Positive profit of 0.11 is good  
- Further search cost of 0.02 may not yield better profit given privacy cost and diminishing returns","C11 Search #1 (Searched:1/10, SearchCost:0.00, BestProfit:0.11@F2) → Purchase F2",0.08
10,7,C12,True,"yes, sharing data reduces search costs significantly and outweighs the small privacy cost.",4,"### Decision:
I'll **purchase Firm 4** (choose number 4) because:  
- Positive profit (0.14) found  
- Additional search cost (0.02) may reduce net revenue","C12 Search #1 (Searched:1/10, SearchCost:0.00, BestProfit:0.14@F4) → Purchase F4",0.11
10,7,C13,True,"yes, personalized recommendations reduce search cost significantly with 10 firms.",-1,"### Decision:
I'll **leave** (choose number -1) because:  
- The only searched firm has negative profit (-0.04).  
- Additional search cost (0.02) likely outweighs potential gain.","C13 Search #1 (Searched:1/10, SearchCost:0.00, BestProfit:-0.04@F1) → Leave Market",-0.03
10,7,C14,True,"yes, because personalized recommendations significantly reduce search costs with many firms.",-1,"### Decision:
I'll **leave** (choose number -1) because:  
- The only searched firm offers negative profit (-0.26).  
- Further search costs may outweigh potential gains given low net profit potential.","C14 Search #1 (Searched:1/10, SearchCost:0.00, BestProfit:-0.26@F1) → Leave Market",-0.03
10,7,C15,True,"yes, because the reduction in search cost outweighs the small privacy value",8,"### Decision:
I'll **purchase Firm 8** (choose number 8) because:  
- The firm offers positive profit of 0.29.  
- Further searching costs 0.02 and may reduce total revenue.","C15 Search #1 (Searched:1/10, SearchCost:0.00, BestProfit:0.29@F8) → Purchase F8",0.24
10,7,C16,True,"yes, because the reduced search cost outweighs my low privacy value",2,"### Decision:
I'll **purchase Firm 2** (choose number 2) because:  
- Positive profit of 0.05 is better than zero search cost so far  
- Further search cost of 0.02 may outweigh potential gain given low profit margin","C16 Search #1 (Searched:1/10, SearchCost:0.00, BestProfit:0.05@F2) → Purchase F2",0.02
10,7,C17,True,"yes, because sharing data reduces search costs significantly with 10 firms.",8,"### Decision:
I'll **purchase Firm 8** (choose number 8) because:  
- The potential profit (0.02) is positive and covers the search cost.  
- Further searching costs 0.02 and may not yield better profit given diminishing returns.","C17 Search #1 (Searched:1/10, SearchCost:0.00, BestProfit:0.02@F8) → Purchase F8",-0.03
10,7,C18,True,"yes, sharing data reduces search costs significantly with many firms.",1,"### Decision:
I'll **purchase Firm 1** (choose number 1) because:  
- Positive profit of 0.07 is better than search cost 0.02  
- Further search unlikely to cover privacy and search costs","C18 Search #1 (Searched:1/10, SearchCost:0.00, BestProfit:0.07@F1) → Purchase F1",0.02
10,7,C19,True,"yes, because personalized recommendations significantly reduce search costs with 10 firms.",8,"### Decision:
I'll **purchase Firm 8** (choose number 8) because:  
- The potential profit is positive (0.2).  
- Additional search cost (0.02) may reduce net gain, and current profit is already good.","C19 Search #1 (Searched:1/10, SearchCost:0.00, BestProfit:0.20@F8) → Purchase F8",0.16
10,7,C20,True,"yes, sharing data reduces search cost significantly with many firms.",2,"### Decision:
I'll **purchase Firm 2** (choose number 2) because:  
- Positive profit (0.03) found  
- Further search cost (0.02) may reduce net revenue below zero","C20 Search #1 (Searched:1/10, SearchCost:0.00, BestProfit:0.03@F2) → Purchase F2",-0.01
10,8,C1,True,"yes, because sharing data significantly reduces search cost with many firms.",6,"### Decision:
I'll **purchase Firm 6** (choose number 6) because:  
- Positive profit (0.09) is available  
- Further search cost (0.02) may outweigh potential gain given cautious approach","C1 Search #1 (Searched:1/10, SearchCost:0.00, BestProfit:0.09@F6) → Purchase F6",0.05
10,8,C2,True,"yes, because the reduction in search cost outweighs the small privacy value",4,"### Decision:
I'll **purchase Firm 4** (choose number 4) because:  
- Positive profit of 0.18 is good  
- Further search cost 0.02 may not yield better profit","C2 Search #1 (Searched:1/10, SearchCost:0.00, BestProfit:0.18@F4) → Purchase F4",0.13
10,8,C3,True,"yes, sharing data reduces search cost significantly with many firms.",2,"### Decision:
I'll **purchase Firm 2** (choose number 2) because:  
- The potential profit (0.08) is positive and exceeds search cost.  
- Further searching costs (0.02) may not yield better profit given current positive gain.","C3 Search #1 (Searched:1/10, SearchCost:0.00, BestProfit:0.08@F2) → Purchase F2",0.03
10,8,C4,True,"yes, because the reduction in search cost outweighs the small privacy cost",7,"### Decision:
I'll **purchase Firm 7** (choose number 7) because:  
- The potential profit (0.01) is positive, though very small.  
- Further searching costs 0.02, which likely reduces total revenue below zero.","C4 Search #1 (Searched:1/10, SearchCost:0.00, BestProfit:0.01@F7) → Purchase F7",-0.02
10,8,C5,True,"yes, the reduction in search cost outweighs the small privacy value",5,"### Decision:
I'll **purchase Firm 5** (choose number 5) because:  
- Positive profit of 0.07 found  
- Further search costs 0.02 with low expected gain given small margin and privacy cost","C5 Search #1 (Searched:1/10, SearchCost:0.00, BestProfit:0.07@F5) → Purchase F5",0.02
10,8,C6,True,"yes, reduced search cost outweighs small privacy value",0,"### Decision:
I'll **purchase Firm 0** (choose number 0) because:  
- Positive profit (0.02) is available  
- Further search cost (0.02) and privacy cost likely outweigh potential gains","C6 Search #1 (Searched:1/10, SearchCost:0.00, BestProfit:0.02@F0) → Purchase F0",-0.03
10,8,C7,True,"yes, sharing data reduces search costs significantly, outweighing the small privacy value",8,"### Decision:
I'll **purchase Firm 8** (choose number 8) because:  
- Positive profit of 0.12 found  
- Further search costs 0.02 may reduce net revenue below zero given small profit margin","C7 Search #1 (Searched:1/10, SearchCost:0.00, BestProfit:0.12@F8) → Purchase F8",0.09
10,8,C8,True,"yes, because personalized recommendations significantly reduce search costs and improve decision efficiency.",4,"### Decision:
I'll **purchase Firm 4** (choose number 4) because:  
- The potential profit (0.03) is positive  
- Further search cost (0.02) risks reducing total revenue below current profit","C8 Search #1 (Searched:1/10, SearchCost:0.00, BestProfit:0.03@F4) → Purchase F4",-0.02
10,8,C9,True,"yes, the reduction in search cost outweighs the small privacy value",4,"### Decision:
I'll **purchase Firm 4** (choose number 4) because:  
- Positive profit (0.17) after price  
- Further search cost (0.02) plus privacy value (0.04) may reduce net profit below zero","C9 Search #1 (Searched:1/10, SearchCost:0.00, BestProfit:0.17@F4) → Purchase F4",0.13
10,8,C10,True,"yes, personalized recommendations significantly reduce search costs with 10 firms.",-1,"### Decision:
I'll **leave** (choose number -1) because: 
- Current firm offers negative profit (-0.04)
- Further search costs (0.02) may lead to negative total revenue","C10 Search #1 (Searched:1/10, SearchCost:0.00, BestProfit:-0.04@F3) → Leave Market",-0.04
10,8,C11,True,"yes, because sharing data reduces search cost significantly with many firms.",2,"### Decision:
I'll **purchase Firm 2** (choose number 2) because: 
- Positive profit of 0.06 is small but still positive
- Further search costs 0.02 may not yield better profit given privacy cost and diminishing returns","C11 Search #1 (Searched:1/10, SearchCost:0.00, BestProfit:0.06@F2) → Purchase F2",0.03
10,8,C12,True,"yes, sharing data reduces search costs significantly and outweighs the small privacy cost.",4,"### Decision:
I'll **purchase Firm 4** (choose number 4) because:  
- Positive profit (0.19) found  
- Additional search cost (0.02) may reduce net revenue","C12 Search #1 (Searched:1/10, SearchCost:0.00, BestProfit:0.19@F4) → Purchase F4",0.16
10,8,C13,True,"yes, personalized recommendations significantly reduce search cost with 10 firms.",1,"### Decision:
I'll **purchase Firm 1** (choose number 1) because:  
- Positive profit (0.01) is available  
- Additional search cost (0.02) would reduce overall profit","C13 Search #1 (Searched:1/10, SearchCost:0.00, BestProfit:0.01@F1) → Purchase F1",-0.02
10,8,C14,True,"yes, personalized recommendations significantly reduce search costs with many firms.",-1,"### Decision:
I'll **leave** (choose number -1) because:  
- The only searched firm offers negative profit (-0.21).  
- Further search cost (0.02) may outweigh potential gains given low net profit potential.","C14 Search #1 (Searched:1/10, SearchCost:0.00, BestProfit:-0.21@F1) → Leave Market",-0.03
10,8,C15,True,"yes, because the reduction in search cost outweighs the small privacy value",8,"### Decision:
I'll **purchase Firm 8** (choose number 8) because:  
- The current firm offers positive profit of 0.29.  
- Further searching costs 0.02 and may reduce total revenue.","C15 Search #1 (Searched:1/10, SearchCost:0.00, BestProfit:0.29@F8) → Purchase F8",0.24
10,8,C16,True,"yes, because the reduced search cost outweighs my low privacy value.",-1,"### Decision:
I'll **leave** (choose number -1) because:  
- No positive profit from searched firm (profit = 0)  
- Searching costs 0.02 may not be justified given zero expected gain","C16 Search #1 (Searched:1/10, SearchCost:0.00, BestProfit:0.00@F2) → Leave Market",-0.03
10,8,C17,True,"yes, because sharing data reduces search costs significantly with 10 firms.",8,"### Decision:
I'll **purchase Firm 8** (choose number 8) because:  
- The potential profit (0.02) is positive and covers the search cost.  
- Further searching costs 0.02 and unlikely to yield better profit given diminishing returns.","C17 Search #1 (Searched:1/10, SearchCost:0.00, BestProfit:0.02@F8) → Purchase F8",-0.03
10,8,C18,True,"yes, because sharing data reduces search costs significantly with many firms.",1,"### Decision:
I'll **purchase Firm 1** (choose number 1) because:  
- Positive profit of 0.12 exceeds search cost 0.02 and privacy cost 0.054  
- Further search unlikely to yield better net gain after costs","C18 Search #1 (Searched:1/10, SearchCost:0.00, BestProfit:0.12@F1) → Purchase F1",0.07
10,8,C19,True,"yes, personalized recommendations will significantly reduce search costs with 10 firms.",8,"### Decision:
I'll **purchase Firm 8** (choose number 8) because:  
- The potential profit is positive (0.2).  
- Further search costs (0.02) may reduce net gain, and current profit is already good.","C19 Search #1 (Searched:1/10, SearchCost:0.00, BestProfit:0.20@F8) → Purchase F8",0.16
10,8,C20,True,"yes, because sharing data reduces search cost significantly with many firms.",-1,"### Decision:
I'll **leave** (choose number -1) because: 
- The only searched firm has negative profit (-0.02).
- Searching more will cost 0.02 and may not yield positive profit to offset cost.","C20 Search #1 (Searched:1/10, SearchCost:0.00, BestProfit:-0.02@F2) → Leave Market",-0.04
10,9,C1,True,"yes, because sharing data significantly reduces search cost with many firms.",6,"### Decision:
I'll **purchase Firm 6** (choose number 6) because:  
- Positive profit (0.04) is available  
- Further search cost (0.02) may outweigh potential incremental gain given cautious approach","C1 Search #1 (Searched:1/10, SearchCost:0.00, BestProfit:0.04@F6) → Purchase F6",0.0
10,9,C2,True,"yes, because the reduction in search cost outweighs the small privacy value",4,"### Decision:
I'll **purchase Firm 4** (choose number 4) because:  
- Positive profit of 0.13 is good  
- Further search cost 0.02 unlikely to yield better profit","C2 Search #1 (Searched:1/10, SearchCost:0.00, BestProfit:0.13@F4) → Purchase F4",0.08
10,9,C3,True,"yes, personalized recommendations with 10 firms significantly reduce search cost.",2,"### Decision:
I'll **purchase Firm 2** (choose number 2) because: 
- The potential profit (0.18) is positive and exceeds search cost.
- Further searching costs (0.02) may not yield better profit given current positive gain.","C3 Search #1 (Searched:1/10, SearchCost:0.00, BestProfit:0.18@F2) → Purchase F2",0.13
10,9,C4,True,"yes, because the reduction in search cost outweighs the small privacy cost",-1,"### Decision:
I'll **leave** (choose number -1) because:  
- The only searched firm has negative profit (-0.04).  
- Searching costs 0.02, and expected profit is unlikely to cover search cost plus privacy cost.","C4 Search #1 (Searched:1/10, SearchCost:0.00, BestProfit:-0.04@F7) → Leave Market",-0.03
10,9,C5,True,"yes, the reduction in search cost outweighs the small privacy value",5,"### Decision:
I'll **purchase Firm 5** (choose number 5) because:  
- Positive profit of 0.02 found  
- Further search costs 0.02 and unlikely to yield significantly better profit given small margin and privacy cost","C5 Search #1 (Searched:1/10, SearchCost:0.00, BestProfit:0.02@F5) → Purchase F5",-0.03
10,9,C6,True,"yes, reduced search cost outweighs small privacy value",-1,"### Decision:
I'll **leave** (choose number -1) because:  
- The only searched firm offers negative profit (-0.03).  
- Further search cost (0.02) and privacy cost outweigh potential gains.","C6 Search #1 (Searched:1/10, SearchCost:0.00, BestProfit:-0.03@F0) → Leave Market",-0.05
10,9,C7,True,"yes, sharing data reduces search costs significantly, outweighing the small privacy value",8,"### Decision:
I'll **purchase Firm 8** (choose number 8) because:  
- Positive profit of 0.12 found  
- Further search cost 0.02 may reduce net revenue below zero given small profit margin","C7 Search #1 (Searched:1/10, SearchCost:0.00, BestProfit:0.12@F8) → Purchase F8",0.09
10,9,C8,True,"yes, because personalized recommendations significantly reduce search costs and improve decision efficiency.",-1,"### Decision:
I'll **leave** (choose number -1) because:  
- The only searched firm has negative profit (-0.02).  
- Searching more costs 0.02 with no guarantee of positive profit, risking negative total revenue.","C8 Search #1 (Searched:1/10, SearchCost:0.00, BestProfit:-0.02@F4) → Leave Market",-0.05
10,9,C9,True,"yes, the reduction in search cost outweighs the small privacy value",4,"### Decision:
I'll **purchase Firm 4** (choose number 4) because:  
- Positive profit (0.12) is above zero  
- Further search cost (0.02) plus privacy value (0.04) may reduce net profit below zero","C9 Search #1 (Searched:1/10, SearchCost:0.00, BestProfit:0.12@F4) → Purchase F4",0.08
10,9,C10,True,"yes, personalized recommendations significantly reduce search costs with 10 firms.",3,"### Decision:
I'll **purchase Firm 3** (choose number 3) because:  
- Positive profit (0.01) found  
- Further search cost (0.02) may reduce net gain below zero","C10 Search #1 (Searched:1/10, SearchCost:0.00, BestProfit:0.01@F3) → Purchase F3",-0.03
10,9,C11,True,"yes, sharing data reduces search cost significantly with many firms.",2,"### Decision:
I'll **purchase Firm 2** (choose number 2) because:  
- Positive profit of 0.16 is still good  
- Further search costs 0.02 and unlikely to yield better profit given privacy cost and diminishing returns","C11 Search #1 (Searched:1/10, SearchCost:0.00, BestProfit:0.16@F2) → Purchase F2",0.13
10,9,C12,True,"yes, sharing data reduces search costs significantly and outweighs the small privacy cost.",4,"### Decision:
I'll **purchase Firm 4** (choose number 4) because:  
- Positive profit (0.14) found  
- Additional search cost (0.02) may reduce net revenue","C12 Search #1 (Searched:1/10, SearchCost:0.00, BestProfit:0.14@F4) → Purchase F4",0.11
10,9,C13,True,"yes, personalized recommendations significantly reduce search cost with 10 firms.",1,"### Decision:
I'll **purchase Firm 1** (choose number 1) because:  
- Positive profit (0.01) is available  
- Additional search cost (0.02) would reduce overall profit","C13 Search #1 (Searched:1/10, SearchCost:0.00, BestProfit:0.01@F1) → Purchase F1",-0.02
10,9,C14,True,"yes, because personalized recommendations significantly reduce search costs with many firms.",-1,"### Decision:
I'll **leave** (choose number -1) because:  
- The only searched firm offers negative profit (-0.21).  
- Further search costs may outweigh potential gains given low net profit potential.","C14 Search #1 (Searched:1/10, SearchCost:0.00, BestProfit:-0.21@F1) → Leave Market",-0.03
10,9,C15,True,"yes, because the reduction in search cost outweighs the small privacy value",8,"### Decision:
I'll **purchase Firm 8** (choose number 8) because:  
- The current firm offers positive profit of 0.29.  
- Further searching costs 0.02 and may reduce total revenue.","C15 Search #1 (Searched:1/10, SearchCost:0.00, BestProfit:0.29@F8) → Purchase F8",0.24
10,9,C16,True,"yes, because reduced search cost outweighs my low privacy value",2,"### Decision:
I'll **purchase Firm 2** (choose number 2) because:  
- Positive profit of 0.1 is greater than zero search cost so far  
- Further search cost of 0.02 may outweigh potential gain given current profit","C16 Search #1 (Searched:1/10, SearchCost:0.00, BestProfit:0.10@F2) → Purchase F2",0.07
10,9,C17,True,"yes, because sharing data significantly reduces search costs with 10 firms.",8,"### Decision:
I'll **purchase Firm 8** (choose number 8) because:  
- The potential profit (0.02) is positive and covers search cost.  
- Further searching costs 0.02 and unlikely to yield better profit given diminishing returns.","C17 Search #1 (Searched:1/10, SearchCost:0.00, BestProfit:0.02@F8) → Purchase F8",-0.03
10,9,C18,True,"yes, because sharing data reduces search costs significantly with many firms.",1,"### Decision:
I'll **purchase Firm 1** (choose number 1) because:  
- Positive profit of 0.12 exceeds search cost 0.02 and privacy cost 0.054  
- Further search unlikely to yield better net gain after costs","C18 Search #1 (Searched:1/10, SearchCost:0.00, BestProfit:0.12@F1) → Purchase F1",0.07
10,9,C19,True,"yes, personalized recommendations will significantly reduce search costs with 10 firms.",8,"### Decision:
I'll **purchase Firm 8** (choose number 8) because: 
- The potential profit is positive (0.2).
- Additional search cost (0.02) may reduce net gain, and current profit is already good.","C19 Search #1 (Searched:1/10, SearchCost:0.00, BestProfit:0.20@F8) → Purchase F8",0.16
10,9,C20,True,"yes, because sharing data reduces search cost significantly with many firms.",2,"### Decision:
I'll **purchase Firm 2** (choose number 2) because:  
- Positive profit (0.08) found  
- Further search cost (0.02) may reduce net revenue below zero","C20 Search #1 (Searched:1/10, SearchCost:0.00, BestProfit:0.08@F2) → Purchase F2",0.04
10,10,C1,True,"yes, sharing data reduces search cost significantly with many firms.",-1,"### Decision:
I'll **leave** (choose number -1) because:  
- Current profit is negative (-0.01)  
- Further search cost (0.02) likely outweighs potential gains","C1 Search #1 (Searched:1/10, SearchCost:0.00, BestProfit:-0.01@F6) → Leave Market",-0.04
10,10,C2,True,"yes, because the reduction in search cost outweighs the small privacy value",4,"### Decision:
I'll **purchase Firm 4** (choose number 4) because:  
- Positive profit of 0.18 is good  
- Further search costs 0.02 and unlikely to yield better profit","C2 Search #1 (Searched:1/10, SearchCost:0.00, BestProfit:0.18@F4) → Purchase F4",0.13
10,10,C3,True,"yes, because personalized recommendations with 10 firms significantly reduce search cost.",2,"### Decision:
I'll **purchase Firm 2** (choose number 2) because:  
- The potential profit (0.13) is positive and exceeds the search cost.  
- Further searching costs (0.02) may not yield better profit given current positive gain.","C3 Search #1 (Searched:1/10, SearchCost:0.00, BestProfit:0.13@F2) → Purchase F2",0.08
10,10,C4,True,"yes, because the reduction in search cost outweighs the small privacy cost",7,"### Decision:
I'll **purchase Firm 7** (choose number 7) because:  
- The potential profit (0.01) is positive, though very small.  
- Further searching costs 0.02, likely reducing total revenue below zero.","C4 Search #1 (Searched:1/10, SearchCost:0.00, BestProfit:0.01@F7) → Purchase F7",-0.02
10,10,C5,True,"yes, the reduction in search cost outweighs the small privacy value",5,"### Decision:
I'll **purchase Firm 5** (choose number 5) because:  
- Positive profit of 0.07 found  
- Further search costs 0.02 with low expected gain given small margin and privacy cost","C5 Search #1 (Searched:1/10, SearchCost:0.00, BestProfit:0.07@F5) → Purchase F5",0.02
10,10,C6,True,"yes, reduced search cost outweighs small privacy value",0,"### Decision:
I'll **purchase Firm 0** (choose number 0) because:  
- Positive profit (0.07) is available  
- Further search cost (0.02) and privacy cost likely outweigh potential gains","C6 Search #1 (Searched:1/10, SearchCost:0.00, BestProfit:0.07@F0) → Purchase F0",0.02
10,10,C7,True,"yes, sharing data reduces search costs significantly, outweighing the small privacy value",8,"### Decision:
I'll **purchase Firm 8** (choose number 8) because:  
- Positive profit of 0.12 found  
- Further search costs 0.02 may reduce net revenue below zero given small profit margin","C7 Search #1 (Searched:1/10, SearchCost:0.00, BestProfit:0.12@F8) → Purchase F8",0.09
10,10,C8,True,"yes, because personalized recommendations reduce search costs significantly.",4,"### Decision:
I'll **purchase Firm 4** (choose number 4) because:  
- The potential profit (0.03) is positive  
- Further search cost (0.02) risks reducing total revenue below current profit","C8 Search #1 (Searched:1/10, SearchCost:0.00, BestProfit:0.03@F4) → Purchase F4",-0.02
10,10,C9,True,"yes, the reduction in search cost outweighs the small privacy value",4,"### Decision:
I'll **purchase Firm 4** (choose number 4) because:  
- Positive profit (0.17) after price  
- Further search cost (0.02) plus privacy value (0.04) may reduce net profit below zero","C9 Search #1 (Searched:1/10, SearchCost:0.00, BestProfit:0.17@F4) → Purchase F4",0.13
10,10,C10,True,"yes, personalized recommendations significantly reduce search costs with 10 firms.",3,"### Decision:
I'll **purchase Firm 3** (choose number 3) because:  
- Positive profit (0.01) found  
- Further search cost (0.02) may reduce net gain below zero","C10 Search #1 (Searched:1/10, SearchCost:0.00, BestProfit:0.01@F3) → Purchase F3",-0.03
10,10,C11,True,"yes, because sharing data reduces search cost significantly with many firms.",2,"### Decision:
I'll **purchase Firm 2** (choose number 2) because:  
- Positive profit of 0.11 is still good  
- Further search costs 0.02 may not yield better profit given privacy cost and diminishing returns","C11 Search #1 (Searched:1/10, SearchCost:0.00, BestProfit:0.11@F2) → Purchase F2",0.08
10,10,C12,True,"yes, sharing data reduces search costs significantly and outweighs the small privacy cost.",4,"### Decision:
I'll **purchase Firm 4** (choose number 4) because:  
- Positive profit (0.19) found  
- Additional search cost (0.02) may reduce net revenue","C12 Search #1 (Searched:1/10, SearchCost:0.00, BestProfit:0.19@F4) → Purchase F4",0.16
10,10,C13,True,"yes, personalized recommendations significantly reduce search cost with 10 firms.",-1,"### Decision:
I'll **leave** (choose number -1) because:  
- The only searched firm offers negligible positive profit (0.01)  
- Additional search cost (0.02) outweighs potential gain","C13 Search #1 (Searched:1/10, SearchCost:0.00, BestProfit:0.01@F1) → Leave Market",-0.03
10,10,C14,True,"yes, personalized recommendations significantly reduce search costs with many firms.",-1,"### Decision:
I'll **leave** (choose number -1) because:  
- The only searched firm offers negative profit (-0.21).  
- Further search costs may outweigh potential gains given low net profit potential.","C14 Search #1 (Searched:1/10, SearchCost:0.00, BestProfit:-0.21@F1) → Leave Market",-0.03
10,10,C15,True,"yes, because the reduction in search cost outweighs the small privacy value",8,"### Decision:
I'll **purchase Firm 8** (choose number 8) because:  
- The firm offers positive profit of 0.29.  
- Further searching costs 0.02 and may reduce total revenue.","C15 Search #1 (Searched:1/10, SearchCost:0.00, BestProfit:0.29@F8) → Purchase F8",0.24
10,10,C16,True,"yes, because the reduced search cost outweighs my low privacy value.",2,"### Decision:
I'll **purchase Firm 2** (choose number 2) because:  
- Positive profit of 0.05 is better than zero search cost so far  
- Further search cost of 0.02 may outweigh potential gain given low profit margin","C16 Search #1 (Searched:1/10, SearchCost:0.00, BestProfit:0.05@F2) → Purchase F2",0.02
10,10,C17,True,"yes, sharing data reduces search costs significantly with 10 firms.",8,"### Decision:
I'll **purchase Firm 8** (choose number 8) because:  
- The potential profit (0.02) is positive and covers the search cost.  
- Further searching costs 0.02 and unlikely to yield better profit given diminishing returns.","C17 Search #1 (Searched:1/10, SearchCost:0.00, BestProfit:0.02@F8) → Purchase F8",-0.03
10,10,C18,True,"yes, because sharing data significantly reduces search costs with many firms.",1,"### Decision:
I'll **purchase Firm 1** (choose number 1) because:  
- Positive profit of 0.12 exceeds search cost 0.02 and privacy cost 0.054  
- Further search unlikely to yield better net gain after costs","C18 Search #1 (Searched:1/10, SearchCost:0.00, BestProfit:0.12@F1) → Purchase F1",0.07
10,10,C19,True,"yes, personalized recommendations significantly reduce search costs with 10 firms.",8,"### Decision:
I'll **purchase Firm 8** (choose number 8) because:  
- The potential profit is positive (0.2).  
- Additional search cost (0.02) may reduce net gain, and current profit is already good.","C19 Search #1 (Searched:1/10, SearchCost:0.00, BestProfit:0.20@F8) → Purchase F8",0.16
10,10,C20,True,"yes, because sharing data reduces search cost significantly with many firms.",2,"### Decision:
I'll **purchase Firm 2** (choose number 2) because:  
- Positive profit (0.03) found  
- Further search cost (0.02) may reduce net revenue below zero","C20 Search #1 (Searched:1/10, SearchCost:0.00, BestProfit:0.03@F2) → Purchase F2",-0.01
