firm_num,round,consumer_id,share,share_reason,final_choice,final_reason,decision_sequence,total_revenue,Privacy_Cost,Valuations
8,1,C1,True,"Yes, because the potential reduction in search cost with personalized recommendations for 8 firms likely exceeds the privacy cost of 0.036.",3,"### Decision:
I'll **purchase Firm 3** because: 
- It offers a positive profit of 0.49, which is rational to accept.
- Searching further may yield diminishing returns due to sorted recommendations and incurs a search cost of 0.02.","C1 Search #1 (Searched:1/8, SearchCost:0.00, BestProfit:0.49@F3) → Purchase F3",0.45,0.036,"[0.63, 0.51, 0.25, 0.99, 0.93, 0.29, 0.17, 0.07]"
8,1,C2,True,"Yes, because with 8 firms, personalized recommendations significantly reduce search costs, likely outweighing the privacy cost of 0.053.",7,"### Decision:
I'll **purchase Firm 7** because: 
- It offers a positive profit of 0.3, ensuring immediate gain.
- Expected benefit from additional search is low due to decreasing valuation and search cost of 0.02.","C2 Search #1 (Searched:1/8, SearchCost:0.00, BestProfit:0.30@F7) → Purchase F7",0.25,0.053,"[0.28, 0.21, 0.15, 0.14, 0.29, 0.49, 0.32, 0.8]"
8,1,C3,True,"Yes, because the potential reduction in search cost with personalized recommendations for 8 firms likely exceeds the privacy value of 0.03.",4,"### Decision:  
I'll purchase Firm 4 because:  
- It offers a positive profit of 0.27  
- Expected gain from further search is unlikely to exceed the search cost of 0.02","C3 Search #1 (Searched:1/8, SearchCost:0.00, BestProfit:0.27@F4) → Purchase F4",0.24,0.03,"[0.47, 0.51, 0.14, 0.38, 0.79, 0.32, 0.64, 0.78]"
8,1,C4,True,"yes, expected search cost savings with 8 firms' recommendations exceed privacy cost of 0.049.",3,"### Decision:
I'll **purchase Firm 3** (choose number 3) because: 
- It offers positive profit of 0.35.
- I am rational and won't leave without buying when positive profit exists.","C4 Search #1 (Searched:1/8, SearchCost:0.00, BestProfit:0.35@F3) → Purchase F3",0.3,0.049,"[0.59, 0.61, 0.19, 0.85, 0.41, 0.26, 0.54, 0.4]"
8,1,C5,True,"Yes, because the significant search cost reduction from personalized recommendations with 8 firms outweighs the 0.04 privacy cost.",2,"### Decision:
I'll **purchase Firm 2** (choose number 2) because: 
- It offers a positive profit of 0.28.
- Further search is unlikely to improve profit and adds a cost of 0.02.","C5 Search #1 (Searched:1/8, SearchCost:0.00, BestProfit:0.28@F2) → Purchase F2",0.24,0.04,"[0.03, 0.74, 0.98, 0.26, 0.26, 0.92, 0.73, 0.49]"
8,1,C6,True,"Yes, because with 8 firms, personalized recommendations will likely reduce search costs substantially, offsetting the small privacy cost of 0.033.",2,"### Decision:
I'll **purchase Firm 2** (choose number 2) because: 
- Positive profit of 0.29 available.
- Additional search cost of 0.02 unlikely to improve outcome.","C6 Search #1 (Searched:1/8, SearchCost:0.00, BestProfit:0.29@F2) → Purchase F2",0.26,0.033,"[0.73, 0.88, 0.99, 0.99, 0.36, 0.27, 0.77, 0.91]"
8,1,C7,True,"Yes, because with 8 firms, personalized recommendations significantly reduce search costs, likely outweighing the privacy cost of 0.043.",5,"### Decision:
I'll **purchase Firm 5** (choose number 5) because: 
- Positive profit of 0.43 available.
- Rational to buy when positive profit exists, avoiding unnecessary search cost.","C7 Search #1 (Searched:1/8, SearchCost:0.00, BestProfit:0.43@F5) → Purchase F5",0.39,0.043,"[0.86, 0.71, 0.08, 0.73, 0.13, 0.98, 0.02, 0.69]"
8,1,C8,True,"yes, because the expected reduction in search costs with personalized recommendations outweighs the privacy cost of 0.042.",1,"### Decision:
I'll **purchase Firm 1** because: 
- Offers positive profit of 0.25
- High valuation and sorted recommendations suggest limited improvement from further search","C8 Search #1 (Searched:1/8, SearchCost:0.00, BestProfit:0.25@F1) → Purchase F1",0.21,0.042,"[0.08, 0.98, 0.98, 0.78, 0.31, 0.76, 0.69, 0.12]"
8,1,C9,True,"Yes, expected search cost savings from personalized recommendations likely exceed the privacy cost of 0.053.",4,"### Decision:
I'll **purchase Firm 4** because: 
- It offers a positive profit of 0.32
- Further search costs 0.02 with low expected gain","C9 Search #1 (Searched:1/8, SearchCost:0.00, BestProfit:0.32@F4) → Purchase F4",0.27,0.053,"[0.3, 0.09, 0.4, 0.53, 0.84, 0.28, 0.8, 0.18]"
8,1,C10,True,"Yes, because with 8 firms, personalized recommendations significantly reduce expected search costs, outweighing the privacy cost of 0.033.",2,"### Decision:
I'll **purchase Firm 2** because: 
- Firm offers positive profit of 0.15, and I must buy if positive profit is available.
- Additional search costs 0.02 and likely yields lower or similar profit due to decreasing valuation order.","C10 Search #1 (Searched:1/8, SearchCost:0.00, BestProfit:0.15@F2) → Purchase F2",0.12,0.033,"[0.05, 0.83, 0.85, 0.25, 0.82, 0.05, 0.12, 0.28]"
8,1,C11,True,"Yes, because with 8 firms, personalized recommendations significantly reduce search costs, likely exceeding the privacy cost of 0.033.",3,"### Decision:
I'll purchase Firm 3 because: 
- It offers a positive profit of 0.48
- Rules dictate I won't leave without buying if positive profit is available","C11 Search #1 (Searched:1/8, SearchCost:0.00, BestProfit:0.48@F3) → Purchase F3",0.45,0.033,"[0.02, 0.52, 0.32, 0.98, 0.4, 0.34, 0.88, 0.49]"
8,1,C12,True,"Yes, because with 8 firms, personalized recommendations significantly reduce expected search costs, likely exceeding the privacy cost of 0.044.",5,"### Decision:
I'll **purchase Firm 5** (choose number 5) because: 
- Firm offers positive profit of 0.45.
- Rational to buy when positive profit is available, avoiding unnecessary search costs.","C12 Search #1 (Searched:1/8, SearchCost:0.00, BestProfit:0.45@F5) → Purchase F5",0.41,0.044,"[0.11, 0.18, 0.85, 0.82, 0.17, 1.0, 0.87, 0.02]"
8,1,C13,True,"yes, expected search cost savings with 8 firms exceed privacy cost of 0.034.",3,"### Decision:
I'll **purchase Firm 3** (choose number 3) because: 
- Current firm offers positive profit of 0.44.
- Expected gain from further search is minimal due to sorted recommendations.","C13 Search #1 (Searched:1/8, SearchCost:0.00, BestProfit:0.44@F3) → Purchase F3",0.41,0.034,"[0.07, 0.63, 0.4, 0.94, 0.57, 0.88, 0.44, 0.83]"
8,1,C14,True,"Yes, because with 8 firms, personalized recommendations significantly reduce search costs, and my low privacy value of 0.035 makes sharing worthwhile.",0,"### Decision:
I'll **purchase Firm 0** because: 
- It offers a positive profit of 0.22, requiring purchase per rationality.
- Personalized data sharing sorts firms by highest value first, minimizing further search needs.","C14 Search #1 (Searched:1/8, SearchCost:0.00, BestProfit:0.22@F0) → Purchase F0",0.18,0.035,"[0.98, 0.62, 0.12, 0.0, 0.69, 0.62, 0.42, 0.51]"
8,1,C15,False,"no, privacy cost too high",-1,"### Decision:
I'll **leave** (choose number -1) because: 
- Both searched firms have negative profit, indicating no current value.
- Additional search cost risks further loss with uncertain benefit.","C15 Search #1 (Searched:1/8, SearchCost:0.00, BestProfit:-0.12@F3) → Search Next; C15 Search #2 (Searched:2/8, SearchCost:0.02, BestProfit:-0.11@F5) → Leave Market",-0.02,0.051,"[0.65, 0.76, 0.89, 0.38, 0.73, 0.44, 0.49, 0.64]"
8,1,C16,True,"Yes, because with 8 firms, personalized recommendations will significantly reduce search costs, likely exceeding the privacy cost of 0.029.",7,"### Decision:
I'll **purchase Firm 7** because: 
- It offers a positive profit of 0.32.
- Additional searches may not improve profit and incur a cost of 0.02.","C16 Search #1 (Searched:1/8, SearchCost:0.00, BestProfit:0.32@F7) → Purchase F7",0.29,0.029,"[0.16, 0.72, 0.3, 0.55, 0.76, 0.67, 0.61, 0.82]"
8,1,C17,True,"Yes, because personalized recommendations with 8 firms will likely reduce search costs more than the privacy value of 0.05.",7,"### Decision:
I'll **purchase Firm 7** (choose number 7) because: 
- It offers a positive profit of 0.48, ensuring immediate gain.
- Additional searches may not improve profit significantly due to sorting and incur extra cost of 0.02.","C17 Search #1 (Searched:1/8, SearchCost:0.00, BestProfit:0.48@F7) → Purchase F7",0.43,0.05,"[0.22, 0.73, 0.45, 0.1, 0.94, 0.98, 0.96, 0.98]"
8,1,C18,True,"Yes, because the significant reduction in search cost from personalized recommendations with 8 firms likely outweighs the privacy cost of 0.05.",4,"### Decision:
I'll **purchase Firm 4** (choose number 4) because: 
- It offers a positive profit of 0.43.
- Personalized sorting likely makes it the best option, avoiding unnecessary search costs.","C18 Search #1 (Searched:1/8, SearchCost:0.00, BestProfit:0.43@F4) → Purchase F4",0.38,0.05,"[0.31, 0.89, 0.25, 0.3, 0.95, 0.85, 0.39, 0.01]"
8,1,C19,True,"Yes, because the significant reduction in search cost with personalized recommendations for 8 firms likely exceeds the privacy cost of 0.047.",6,"### Decision:
I'll **purchase Firm 6** (choose number 6) because: 
- It offers a positive profit of 0.22.
- Rationality dictates not leaving without buying when positive profit is available.","C19 Search #1 (Searched:1/8, SearchCost:0.00, BestProfit:0.22@F6) → Purchase F6",0.17,0.047,"[0.94, 0.37, 0.01, 0.36, 0.23, 0.94, 0.97, 0.09]"
8,1,C20,True,"Yes, because the significant potential reduction in search cost with personalized recommendations for 8 firms outweighs the low privacy cost of 0.026.",2,"### Decision:
I'll **purchase Firm 2** (choose number 2) because: 
- The firm offers a positive profit of 0.2.
- Rationality rule requires buying if positive profit is available.","C20 Search #1 (Searched:1/8, SearchCost:0.00, BestProfit:0.20@F2) → Purchase F2",0.17,0.026,"[0.44, 0.31, 0.9, 0.51, 0.24, 0.14, 0.76, 0.53]"
8,2,C1,True,"Yes, because personalized recommendations for 8 firms will likely reduce search costs more than the privacy cost of 0.036.",3,"### Decision:
I'll **purchase Firm 3** because: 
- It offers a positive profit of 0.29, which is rational to accept.
- Searching further may yield diminishing returns due to sorted recommendations and incurs a search cost of 0.02.","C1 Search #1 (Searched:1/8, SearchCost:0.00, BestProfit:0.29@F3) → Purchase F3",0.25,0.036,"[0.63, 0.51, 0.25, 0.99, 0.93, 0.29, 0.17, 0.07]"
8,2,C2,True,"Yes, because with 8 firms, personalized recommendations will likely reduce search costs more than the privacy cost of 0.053.",7,"### Decision:
I'll **purchase Firm 7** because: 
- It offers a positive profit of 0.2, ensuring immediate gain.
- Expected benefit from additional search is low due to decreasing valuation and search cost of 0.02.","C2 Search #1 (Searched:1/8, SearchCost:0.00, BestProfit:0.20@F7) → Purchase F7",0.15,0.053,"[0.28, 0.21, 0.15, 0.14, 0.29, 0.49, 0.32, 0.8]"
8,2,C3,True,"Yes, because personalized recommendations for 8 firms likely reduce search costs more than the privacy cost of 0.03.",4,"### Decision:
I'll **purchase Firm 4** because: 
- It offers a positive profit of 0.17
- Expected gain from further search is unlikely to exceed the search cost of 0.02","C3 Search #1 (Searched:1/8, SearchCost:0.00, BestProfit:0.17@F4) → Purchase F4",0.14,0.03,"[0.47, 0.51, 0.14, 0.38, 0.79, 0.32, 0.64, 0.78]"
8,2,C4,True,"Yes, because with 8 firms, personalized recommendations will likely reduce search costs more than the privacy cost of 0.049.",3,"### Decision:
I'll **purchase Firm 3** (choose number 3) because: 
- It offers a positive profit of 0.15.
- I am rational and won't leave without buying when positive profit exists.","C4 Search #1 (Searched:1/8, SearchCost:0.00, BestProfit:0.15@F3) → Purchase F3",0.1,0.049,"[0.59, 0.61, 0.19, 0.85, 0.41, 0.26, 0.54, 0.4]"
8,2,C5,True,"Yes, because personalized recommendations with 8 firms significantly reduce search costs, likely exceeding the 0.04 privacy cost.",2,"### Decision:
I'll **purchase Firm 2** (choose number 2) because: 
- It offers a positive profit of 0.18.
- Further search costs 0.02 and is unlikely to yield a better deal given personalized sorting.","C5 Search #1 (Searched:1/8, SearchCost:0.00, BestProfit:0.18@F2) → Purchase F2",0.14,0.04,"[0.03, 0.74, 0.98, 0.26, 0.26, 0.92, 0.73, 0.49]"
8,2,C6,True,"Yes, because with 8 firms, personalized recommendations will significantly reduce search costs, likely exceeding the privacy cost of 0.033.",2,"### Decision:
I'll **purchase Firm 2** (choose number 2) because: 
- Positive profit of 0.19 available.
- With data sharing, additional search unlikely to yield better profit, given sorting by valuation.","C6 Search #1 (Searched:1/8, SearchCost:0.00, BestProfit:0.19@F2) → Purchase F2",0.16,0.033,"[0.73, 0.88, 0.99, 0.99, 0.36, 0.27, 0.77, 0.91]"
8,2,C7,True,"Yes, because personalized recommendations with 8 firms likely reduce search costs more than the privacy cost of 0.043.",5,"### Decision:
I'll **purchase Firm 5** (choose number 5) because: 
- Positive profit of 0.33 ensures gain.
- Personalized sorting likely presents best option, avoiding search cost.","C7 Search #1 (Searched:1/8, SearchCost:0.00, BestProfit:0.33@F5) → Purchase F5",0.29,0.043,"[0.86, 0.71, 0.08, 0.73, 0.13, 0.98, 0.02, 0.69]"
8,2,C8,True,"Yes, because personalized recommendations with 8 firms likely reduce search costs and improve product selection more than the privacy cost of 0.042.",1,"### Decision:
I'll **purchase Firm 1** (choose number 1) because: 
- Offers high positive profit of 0.48
- Personalized sorting suggests limited improvement from further search","C8 Search #1 (Searched:1/8, SearchCost:0.00, BestProfit:0.48@F1) → Purchase F1",0.44,0.042,"[0.08, 0.98, 0.98, 0.78, 0.31, 0.76, 0.69, 0.12]"
8,2,C9,True,"yes, because personalized recommendations for 8 firms likely reduce search costs more than the privacy cost of 0.053.",4,"### Decision:
I'll **purchase Firm 4** because: 
- It offers a positive profit of 0.22
- Further search costs 0.02 with likely low expected gain due to personalized sorting","C9 Search #1 (Searched:1/8, SearchCost:0.00, BestProfit:0.22@F4) → Purchase F4",0.17,0.053,"[0.3, 0.09, 0.4, 0.53, 0.84, 0.28, 0.8, 0.18]"
8,2,C10,True,"Yes, because personalized recommendations with 8 firms significantly reduce search costs, likely exceeding the privacy cost of 0.033.",2,"### Decision:
I'll **purchase Firm 2** (choose number 2) because: 
- It offers a positive profit of 0.05, which I must act on rationally.
- Personalized recommendations sort firms by highest value first, making additional searches unlikely to improve profit and costing 0.02.","C10 Search #1 (Searched:1/8, SearchCost:0.00, BestProfit:0.05@F2) → Purchase F2",0.02,0.033,"[0.05, 0.83, 0.85, 0.25, 0.82, 0.05, 0.12, 0.28]"
8,2,C11,True,"Yes, because with 8 firms, personalized recommendations will likely reduce search costs significantly, exceeding the privacy cost of 0.033.",3,"### Decision:
I'll **purchase Firm 3** because: 
- It offers a positive profit of 0.28.
- Rational rule requires buying if positive profit is available, avoiding unnecessary search costs.","C11 Search #1 (Searched:1/8, SearchCost:0.00, BestProfit:0.28@F3) → Purchase F3",0.25,0.033,"[0.02, 0.52, 0.32, 0.98, 0.4, 0.34, 0.88, 0.49]"
8,2,C12,True,"Yes, because with 8 firms, personalized recommendations significantly reduce expected search costs, likely exceeding the privacy cost of 0.044.",5,"### Decision:
I'll **purchase Firm 5** (choose number 5) because: 
- Firm 5 offers positive profit of 0.35.
- Rational to buy when positive profit is found, avoiding additional search costs.","C12 Search #1 (Searched:1/8, SearchCost:0.00, BestProfit:0.35@F5) → Purchase F5",0.31,0.044,"[0.11, 0.18, 0.85, 0.82, 0.17, 1.0, 0.87, 0.02]"
8,2,C13,True,"Yes, because personalized recommendations with 8 firms significantly reduce expected search costs, likely exceeding the privacy cost of 0.034.",3,"### Decision:
I'll **purchase Firm 3** (choose number 3) because: 
- Current firm offers positive profit of 0.24.
- Expected gain from further search is minimal due to sorted recommendations.","C13 Search #1 (Searched:1/8, SearchCost:0.00, BestProfit:0.24@F3) → Purchase F3",0.21,0.034,"[0.07, 0.63, 0.4, 0.94, 0.57, 0.88, 0.44, 0.83]"
8,2,C14,True,"Yes, because with 8 firms, personalized recommendations significantly reduce search costs, and my low privacy value of 0.035 makes sharing worthwhile.",0,"### Decision:
I'll **purchase Firm 0** because: 
- It offers a positive profit of 0.28, requiring purchase per rationality.
- With personalized recommendations sorting by highest value, further search is unlikely to yield significant gains and incurs a cost of 0.02.","C14 Search #1 (Searched:1/8, SearchCost:0.00, BestProfit:0.28@F0) → Purchase F0",0.25,0.035,"[0.98, 0.62, 0.12, 0.0, 0.69, 0.62, 0.42, 0.51]"
8,2,C15,True,"Yes, because personalized recommendations for 8 firms will likely reduce search costs more than the privacy cost of 0.051, based on observed benefits.",2,"### Decision:
I'll **purchase Firm 2** (choose number 2) because: 
- It offers a positive profit of 0.09.
- Further searching costs 0.02 with uncertain benefits, risking reduced net revenue.","C15 Search #1 (Searched:1/8, SearchCost:0.00, BestProfit:0.09@F2) → Purchase F2",0.04,0.051,"[0.65, 0.76, 0.89, 0.38, 0.73, 0.44, 0.49, 0.64]"
8,2,C16,True,"Yes, because the expected reduction in search cost from personalized recommendations with 8 firms likely exceeds the low privacy cost of 0.029.",7,"### Decision:
I'll **purchase Firm 7** because: 
- It offers a positive profit of 0.22.
- With data shared and personalized recommendations, this is likely the best option, and further search costs 0.02 with uncertain gains.","C16 Search #1 (Searched:1/8, SearchCost:0.00, BestProfit:0.22@F7) → Purchase F7",0.19,0.029,"[0.16, 0.72, 0.3, 0.55, 0.76, 0.67, 0.61, 0.82]"
8,2,C17,True,"Yes, because personalized recommendations with 8 firms will likely reduce search costs more than the privacy cost of 0.05, based on historical consumer outcomes.",7,"### Decision:
I'll **purchase Firm 7** (choose number 7) because: 
- Positive profit of 0.38 guarantees immediate gain.
- Searching incurs 0.02 cost with likely lower or no better profit due to sorted recommendations.","C17 Search #1 (Searched:1/8, SearchCost:0.00, BestProfit:0.38@F7) → Purchase F7",0.33,0.05,"[0.22, 0.73, 0.45, 0.1, 0.94, 0.98, 0.96, 0.98]"
8,2,C18,True,"Yes, because personalized recommendations with 8 firms will reduce search costs more than the privacy cost of 0.05.",4,"### Decision:
I'll **purchase Firm 4** (choose number 4) because: 
- It offers a positive profit of 0.33.
- Personalized sorting likely ensures it's the best option, avoiding additional search costs.","C18 Search #1 (Searched:1/8, SearchCost:0.00, BestProfit:0.33@F4) → Purchase F4",0.28,0.05,"[0.31, 0.89, 0.25, 0.3, 0.95, 0.85, 0.39, 0.01]"
8,2,C19,True,"Yes, because personalized recommendations for 8 firms will likely reduce search costs more than the privacy cost of 0.047.",6,"### Decision:
I'll **purchase Firm 6** (choose number 6) because: 
- It offers a positive profit of 0.27.
- Further searches may not yield better deals and add unnecessary cost.","C19 Search #1 (Searched:1/8, SearchCost:0.00, BestProfit:0.27@F6) → Purchase F6",0.22,0.047,"[0.94, 0.37, 0.01, 0.36, 0.23, 0.94, 0.97, 0.09]"
8,2,C20,True,"Yes, because with 8 firms, personalized recommendations significantly reduce search costs and improve product match, outweighing the low privacy cost of 0.026.",2,"### Decision:
I'll **purchase Firm 2** (choose number 2) because: 
- It offers a positive profit of 0.1.
- Rationality rule requires buying if positive profit is available.","C20 Search #1 (Searched:1/8, SearchCost:0.00, BestProfit:0.10@F2) → Purchase F2",0.07,0.026,"[0.44, 0.31, 0.9, 0.51, 0.24, 0.14, 0.76, 0.53]"
8,3,C1,True,"Yes, because personalized recommendations for 8 firms likely reduce search costs more than the privacy cost of 0.036.",3,"### Decision:
I'll **purchase Firm 3** because: 
- It offers a positive profit of 0.19.
- Searching further may yield diminishing returns due to sorted recommendations and incurs a search cost of 0.02.","C1 Search #1 (Searched:1/8, SearchCost:0.00, BestProfit:0.19@F3) → Purchase F3",0.15,0.036,"[0.63, 0.51, 0.25, 0.99, 0.93, 0.29, 0.17, 0.07]"
8,3,C2,True,"Yes, because with 8 firms, personalized recommendations significantly reduce expected search costs, outweighing the privacy cost of 0.053 based on past positive outcomes.",-1,"### Decision:
I'll **leave** (choose number -1) because: 
- The searched firm offers zero profit, yielding no benefit.
- Further search costs 0.02 with likely negative or zero expected surplus.","C2 Search #1 (Searched:1/8, SearchCost:0.00, BestProfit:0.00@F7) → Leave Market",-0.05,0.053,"[0.28, 0.21, 0.15, 0.14, 0.29, 0.49, 0.32, 0.8]"
8,3,C3,True,"Yes, because with 8 firms, personalized recommendations likely reduce search costs more than the privacy cost of 0.03.",4,"### Decision:
I'll **purchase Firm 4** because: 
- It offers a positive profit of 0.09
- Expected gain from further search is unlikely to exceed the search cost of 0.02","C3 Search #1 (Searched:1/8, SearchCost:0.00, BestProfit:0.09@F4) → Purchase F4",0.06,0.03,"[0.47, 0.51, 0.14, 0.38, 0.79, 0.32, 0.64, 0.78]"
8,3,C4,True,"Yes, because with 8 firms, personalized recommendations will likely reduce search costs more than the privacy cost of 0.049.",3,"### Decision:
I'll **purchase Firm 3** (choose number 3) because: 
- It offers a positive profit of 0.05.
- Searching further may not improve profit enough to offset the 0.02 search cost.","C4 Search #1 (Searched:1/8, SearchCost:0.00, BestProfit:0.05@F3) → Purchase F3",0.0,0.049,"[0.59, 0.61, 0.19, 0.85, 0.41, 0.26, 0.54, 0.4]"
8,3,C5,True,"Yes, because personalized recommendations with 8 firms greatly reduce search costs, outweighing the 0.04 privacy cost based on past benefits.",2,"### Decision:  
I'll **purchase Firm 2** (choose number 2) because:  
- It offers a positive profit of 0.08.  
- Further search costs 0.02 and is unlikely to improve profit given personalized sorting.","C5 Search #1 (Searched:1/8, SearchCost:0.00, BestProfit:0.08@F2) → Purchase F2",0.04,0.04,"[0.03, 0.74, 0.98, 0.26, 0.26, 0.92, 0.73, 0.49]"
8,3,C6,True,"Yes, because with 8 firms, personalized recommendations significantly reduce search costs, likely offsetting the privacy cost of 0.033 based on past positive outcomes.",2,"### Decision:
I'll **purchase Firm 2** (choose number 2) because: 
- Positive profit of 0.09 available.
- With data sharing and sorting by valuation, additional search unlikely to yield better profit.","C6 Search #1 (Searched:1/8, SearchCost:0.00, BestProfit:0.09@F2) → Purchase F2",0.06,0.033,"[0.73, 0.88, 0.99, 0.99, 0.36, 0.27, 0.77, 0.91]"
8,3,C7,True,"Yes, because personalized recommendations with 8 firms likely reduce search costs more than the privacy cost of 0.043, based on historical outcomes.",5,"### Decision:
I'll **purchase Firm 5** (choose number 5) because: 
- Positive profit of 0.23 available.
- Personalized recommendations likely present the best option, avoiding unnecessary search cost.","C7 Search #1 (Searched:1/8, SearchCost:0.00, BestProfit:0.23@F5) → Purchase F5",0.19,0.043,"[0.86, 0.71, 0.08, 0.73, 0.13, 0.98, 0.02, 0.69]"
8,3,C8,True,"Yes, because with 8 firms, personalized recommendations significantly reduce expected search costs, outweighing the privacy cost of 0.042.",1,"### Decision:
I'll **purchase Firm 1** (choose number 1) because: 
- Offers positive profit of 0.18
- Personalized recommendations suggest limited improvement from further search","C8 Search #1 (Searched:1/8, SearchCost:0.00, BestProfit:0.18@F1) → Purchase F1",0.14,0.042,"[0.08, 0.98, 0.98, 0.78, 0.31, 0.76, 0.69, 0.12]"
8,3,C9,True,"Yes, because personalized recommendations with 8 firms significantly reduce expected search costs, outweighing the privacy cost of 0.053.",4,"### Decision:
I'll **purchase Firm 4** because: 
- It offers a positive profit of 0.14
- Further search costs 0.02 with likely low expected gain due to personalized recommendations","C9 Search #1 (Searched:1/8, SearchCost:0.00, BestProfit:0.14@F4) → Purchase F4",0.09,0.053,"[0.3, 0.09, 0.4, 0.53, 0.84, 0.28, 0.8, 0.18]"
8,3,C10,True,"Yes, because personalized recommendations with 8 firms significantly reduce search costs, outweighing the privacy cost of 0.033.",-1,"### Decision:
I'll **leave** (choose number -1) because: 
- The first firm with highest valuation has negative profit (-0.05), suggesting low likelihood of positive profit in subsequent searches.
- Additional search costs 0.02 with minimal expected gain, risking further loss.","C10 Search #1 (Searched:1/8, SearchCost:0.00, BestProfit:-0.05@F2) → Leave Market",-0.03,0.033,"[0.05, 0.83, 0.85, 0.25, 0.82, 0.05, 0.12, 0.28]"
8,3,C11,True,"Yes, because with 8 firms, personalized recommendations significantly reduce search costs, outweighing the privacy cost of 0.033.",3,"### Decision:
I'll **purchase Firm 3** because: 
- It offers a positive profit of 0.18.
- Rational rule requires buying if positive profit is available to avoid unnecessary search costs.","C11 Search #1 (Searched:1/8, SearchCost:0.00, BestProfit:0.18@F3) → Purchase F3",0.15,0.033,"[0.02, 0.52, 0.32, 0.98, 0.4, 0.34, 0.88, 0.49]"
8,3,C12,True,"Yes, because personalized recommendations with 8 firms reduce search costs more than the privacy cost of 0.044.",5,"### Decision:
I'll **purchase Firm 5** (choose number 5) because: 
- Firm 5 offers positive profit of 0.25.
- Rational to buy when positive profit is available, avoiding additional search costs.","C12 Search #1 (Searched:1/8, SearchCost:0.00, BestProfit:0.25@F5) → Purchase F5",0.21,0.044,"[0.11, 0.18, 0.85, 0.82, 0.17, 1.0, 0.87, 0.02]"
8,3,C13,True,"Yes, because with 8 firms, personalized recommendations likely reduce search costs substantially, exceeding the privacy cost of 0.034.",3,"### Decision:
I'll **purchase Firm 3** (choose number 3) because: 
- Current firm offers positive profit of 0.14.
- Expected gain from further search is minimal due to sorted recommendations.","C13 Search #1 (Searched:1/8, SearchCost:0.00, BestProfit:0.14@F3) → Purchase F3",0.11,0.034,"[0.07, 0.63, 0.4, 0.94, 0.57, 0.88, 0.44, 0.83]"
8,3,C14,True,"Yes, because with 8 firms, personalized recommendations significantly reduce search costs, outweighing the low privacy cost of 0.035.",0,"### Decision:
I'll **purchase Firm 0** because: 
- It offers a positive profit of 0.18, requiring purchase per rationality.
- With personalized recommendations sorting by highest value, further search is unlikely to yield significant gains and incurs a cost of 0.02.","C14 Search #1 (Searched:1/8, SearchCost:0.00, BestProfit:0.18@F0) → Purchase F0",0.14,0.035,"[0.98, 0.62, 0.12, 0.0, 0.69, 0.62, 0.42, 0.51]"
8,3,C15,True,"Yes, because personalized recommendations with 8 firms reduce search costs more than the privacy cost of 0.051, based on past benefits.",-1,"### Decision:
I'll **leave** (choose number -1) because: 
- The only searched firm has negative profit.
- Additional search costs 0.02 with uncertain and likely low benefits due to personalized sorting.","C15 Search #1 (Searched:1/8, SearchCost:0.00, BestProfit:-0.01@F2) → Leave Market",-0.05,0.051,"[0.65, 0.76, 0.89, 0.38, 0.73, 0.44, 0.49, 0.64]"
8,3,C16,True,"Yes, because with 8 firms, personalized recommendations significantly reduce expected search costs, outweighing the low privacy cost of 0.029.",7,"### Decision:
I'll **purchase Firm 7** because: 
- It offers a positive profit of 0.02.
- With personalized recommendations sorting by highest value, this is likely the best option, and further search costs 0.02 with low expected gain.","C16 Search #1 (Searched:1/8, SearchCost:0.00, BestProfit:0.02@F7) → Purchase F7",-0.01,0.029,"[0.16, 0.72, 0.3, 0.55, 0.76, 0.67, 0.61, 0.82]"
8,3,C17,True,"Yes, because personalized recommendations with 8 firms reduce search costs more than the privacy cost of 0.05.",7,"### Decision:
I'll **purchase Firm 7** (choose number 7) because: 
- It provides a positive profit of 0.18, guaranteeing a gain.
- Further searches are unlikely to improve profit due to sorted recommendations and would add a 0.02 cost.","C17 Search #1 (Searched:1/8, SearchCost:0.00, BestProfit:0.18@F7) → Purchase F7",0.13,0.05,"[0.22, 0.73, 0.45, 0.1, 0.94, 0.98, 0.96, 0.98]"
8,3,C18,True,"Yes, because personalized recommendations with 8 firms significantly reduce expected search costs, outweighing the privacy cost of 0.05.",4,"### Decision:
I'll **purchase Firm 4** (choose number 4) because: 
- It offers a positive profit of 0.25.
- Personalized sorting likely ensures it's the best option, avoiding additional search costs.","C18 Search #1 (Searched:1/8, SearchCost:0.00, BestProfit:0.25@F4) → Purchase F4",0.2,0.05,"[0.31, 0.89, 0.25, 0.3, 0.95, 0.85, 0.39, 0.01]"
8,3,C19,True,"Yes, because personalized recommendations with 8 firms greatly reduce search costs and enhance product selection, likely exceeding the privacy cost of 0.047.",6,"### Decision:
I'll **purchase Firm 6** (choose number 6) because: 
- It offers a positive profit of 0.17.
- With personalized recommendations, further searches are unlikely to yield significant improvements and would add costs.","C19 Search #1 (Searched:1/8, SearchCost:0.00, BestProfit:0.17@F6) → Purchase F6",0.12,0.047,"[0.94, 0.37, 0.01, 0.36, 0.23, 0.94, 0.97, 0.09]"
8,3,C20,True,"Yes, because personalized recommendations with 8 firms significantly reduce search costs, outweighing the low privacy cost of 0.026.",-1,"### Decision:
I'll **leave** (choose number -1) because: 
- No searched firm offers positive profit.
- Searching incurs additional cost with uncertain benefit.","C20 Search #1 (Searched:1/8, SearchCost:0.00, BestProfit:0.00@F2) → Leave Market",-0.03,0.026,"[0.44, 0.31, 0.9, 0.51, 0.24, 0.14, 0.76, 0.53]"
8,4,C1,True,"Yes, because personalized recommendations for 8 firms will likely reduce search costs more than the privacy cost of 0.036.",3,"### Decision:
I'll **purchase Firm 3** because: 
- It offers a positive profit of 0.09, which is rational to accept.
- Searching further may yield diminishing returns due to sorted recommendations and incurs a search cost of 0.02.","C1 Search #1 (Searched:1/8, SearchCost:0.00, BestProfit:0.09@F3) → Purchase F3",0.05,0.036,"[0.63, 0.51, 0.25, 0.99, 0.93, 0.29, 0.17, 0.07]"
8,4,C2,True,"Yes, because personalized recommendations with 8 firms significantly reduce expected search costs, outweighing the privacy cost of 0.053.",7,"### Decision:
I'll **purchase Firm 7** (choose number 7) because: 
- It offers a positive profit of 0.1, ensuring immediate gain.
- Expected benefit from additional search is low due to personalized sorting and search cost of 0.02.","C2 Search #1 (Searched:1/8, SearchCost:0.00, BestProfit:0.10@F7) → Purchase F7",0.05,0.053,"[0.28, 0.21, 0.15, 0.14, 0.29, 0.49, 0.32, 0.8]"
8,4,C3,True,"Yes, because personalized recommendations with 8 firms significantly reduce search costs, outweighing the privacy cost of 0.03.",7,"### Decision:  
I'll **purchase Firm 7** because:  
- It offers a positive profit of 0.08  
- Expected gain from further search is unlikely to exceed the search cost of 0.02","C3 Search #1 (Searched:1/8, SearchCost:0.00, BestProfit:-0.01@F4) → Search Next; C3 Search #2 (Searched:2/8, SearchCost:0.02, BestProfit:0.08@F7) → Purchase F7",0.03,0.03,"[0.47, 0.51, 0.14, 0.38, 0.79, 0.32, 0.64, 0.78]"
8,4,C4,True,"Yes, because personalized recommendations with 8 firms significantly reduce expected search costs, outweighing the privacy cost of 0.049.",-1,"### Decision:  
I'll **leave** (choose number -1) because:  
- Both searched firms have negative profits.  
- Further search would increase costs without likely improving outcome.","C4 Search #1 (Searched:1/8, SearchCost:0.00, BestProfit:-0.05@F3) → Search Next; C4 Search #2 (Searched:2/8, SearchCost:0.02, BestProfit:-0.05@F3) → Leave Market",-0.07,0.049,"[0.59, 0.61, 0.19, 0.85, 0.41, 0.26, 0.54, 0.4]"
8,4,C5,True,"Yes, because personalized recommendations with 8 firms significantly reduce search costs, outweighing the 0.04 privacy cost based on past benefits.",2,"### Decision:
I'll **purchase Firm 2** (choose number 2) because: 
- It offers a positive profit of 0.18.
- Further search costs 0.02 and is unlikely to yield a better deal given personalized sorting.","C5 Search #1 (Searched:1/8, SearchCost:0.00, BestProfit:0.18@F2) → Purchase F2",0.14,0.04,"[0.03, 0.74, 0.98, 0.26, 0.26, 0.92, 0.73, 0.49]"
8,4,C6,True,"Yes, because with 8 firms, personalized recommendations significantly reduce expected search costs, outweighing the privacy cost of 0.033.",2,"### Decision:
I'll **purchase Firm 2** (choose number 2) because: 
- Positive profit of 0.19 available.
- With data sharing and sorting by valuation, additional search unlikely to yield better profit.","C6 Search #1 (Searched:1/8, SearchCost:0.00, BestProfit:0.19@F2) → Purchase F2",0.16,0.033,"[0.73, 0.88, 0.99, 0.99, 0.36, 0.27, 0.77, 0.91]"
8,4,C7,True,"Yes, because personalized recommendations with 8 firms greatly reduce search costs, outweighing the privacy cost of 0.043 based on historical benefits.",5,"### Decision:
I'll **purchase Firm 5** (choose number 5) because: 
- Positive profit of 0.18 ensures gain.
- Rational to buy when profit exists, avoiding additional search cost.","C7 Search #1 (Searched:1/8, SearchCost:0.00, BestProfit:0.18@F5) → Purchase F5",0.14,0.043,"[0.86, 0.71, 0.08, 0.73, 0.13, 0.98, 0.02, 0.69]"
8,4,C8,True,"Yes, because personalized recommendations with 8 firms significantly reduce search costs, outweighing the privacy cost of 0.042.",1,"### Decision:
I'll **purchase Firm 1** (choose number 1) because: 
- Offers positive profit of 0.18
- Personalized recommendations indicate limited improvement from further search","C8 Search #1 (Searched:1/8, SearchCost:0.00, BestProfit:0.18@F1) → Purchase F1",0.14,0.042,"[0.08, 0.98, 0.98, 0.78, 0.31, 0.76, 0.69, 0.12]"
8,4,C9,True,"Yes, because personalized recommendations with 8 firms significantly reduce expected search costs, outweighing the privacy cost of 0.053.",4,"### Decision:
I'll **purchase Firm 4** because: 
- It offers a positive profit of 0.04
- Further search costs 0.02 with likely low expected gain due to personalized sorting","C9 Search #1 (Searched:1/8, SearchCost:0.00, BestProfit:0.04@F4) → Purchase F4",-0.01,0.053,"[0.3, 0.09, 0.4, 0.53, 0.84, 0.28, 0.8, 0.18]"
8,4,C10,True,"Yes, because with 8 firms, personalized recommendations significantly reduce expected search costs, outweighing the privacy cost of 0.033.",-1,"### Decision:
I'll **leave** (choose number -1) because: 
- The first firm with highest valuation has negative profit (-0.05), indicating low likelihood of positive profit in subsequent searches due to decreasing valuations.
- Additional search costs 0.02 with minimal expected gain, and caution is needed given the risk of further loss.","C10 Search #1 (Searched:1/8, SearchCost:0.00, BestProfit:0.05@F2) → Leave Market",-0.03,0.033,"[0.05, 0.83, 0.85, 0.25, 0.82, 0.05, 0.12, 0.28]"
8,4,C11,True,"Yes, because with 8 firms, personalized recommendations significantly reduce search costs, outweighing the privacy cost of 0.033.",3,"### Decision:
I'll **purchase Firm 3** because: 
- It offers a positive profit of 0.08.
- Rational rule requires buying if positive profit is available to avoid unnecessary search costs.","C11 Search #1 (Searched:1/8, SearchCost:0.00, BestProfit:0.08@F3) → Purchase F3",0.05,0.033,"[0.02, 0.52, 0.32, 0.98, 0.4, 0.34, 0.88, 0.49]"
8,4,C12,True,"Yes, because personalized recommendations with 8 firms reduce search costs more than the privacy cost of 0.044.",5,"### Decision:  
I'll **purchase Firm 5** (choose number 5) because:  
- Firm 5 offers positive profit of 0.2.  
- Rational to buy when positive profit is available, avoiding additional search costs.","C12 Search #1 (Searched:1/8, SearchCost:0.00, BestProfit:0.20@F5) → Purchase F5",0.16,0.044,"[0.11, 0.18, 0.85, 0.82, 0.17, 1.0, 0.87, 0.02]"
8,4,C13,True,"Yes, because with 8 firms, personalized recommendations significantly reduce expected search costs, likely exceeding the privacy cost of 0.034.",3,"### Decision:
I'll **purchase Firm 3** (choose number 3) because: 
- Current firm offers positive profit of 0.04.
- Expected gain from further search is minimal due to sorted recommendations.","C13 Search #1 (Searched:1/8, SearchCost:0.00, BestProfit:0.04@F3) → Purchase F3",0.01,0.034,"[0.07, 0.63, 0.4, 0.94, 0.57, 0.88, 0.44, 0.83]"
8,4,C14,True,"Yes, because with 8 firms, personalized recommendations significantly reduce search costs, outweighing the privacy cost of 0.035.",0,"### Decision:
I'll **purchase Firm 0** because: 
- It offers a positive profit of 0.18, requiring purchase per rationality.
- With personalized recommendations sorting by highest value, further search is unlikely to yield significant gains and incurs a cost of 0.02.","C14 Search #1 (Searched:1/8, SearchCost:0.00, BestProfit:0.18@F0) → Purchase F0",0.14,0.035,"[0.98, 0.62, 0.12, 0.0, 0.69, 0.62, 0.42, 0.51]"
8,4,C15,True,"Yes, because personalized recommendations with 8 firms likely reduce search costs more than the privacy cost of 0.051, based on past benefits.",2,"### Decision:
I'll **purchase Firm 2** (choose number 2) because: 
- It offers a positive profit of 0.09.
- Further searching costs 0.02 with likely diminishing returns due to personalized sorting.","C15 Search #1 (Searched:1/8, SearchCost:0.00, BestProfit:0.09@F2) → Purchase F2",0.04,0.051,"[0.65, 0.76, 0.89, 0.38, 0.73, 0.44, 0.49, 0.64]"
8,4,C16,True,"Yes, because with 8 firms, personalized recommendations significantly reduce expected search costs, outweighing the low privacy cost of 0.029.",7,"### Decision:
I'll **purchase Firm 7** because: 
- It offers a positive profit of 0.12.
- With personalized recommendations sorting by highest valuation, this is likely the best option, and further search costs 0.02 with low expected gain.","C16 Search #1 (Searched:1/8, SearchCost:0.00, BestProfit:0.12@F7) → Purchase F7",0.09,0.029,"[0.16, 0.72, 0.3, 0.55, 0.76, 0.67, 0.61, 0.82]"
8,4,C17,True,"Yes, because personalized recommendations for 8 firms likely reduce search costs more than the privacy cost of 0.05, based on historical outcomes.",7,"### Decision:
I'll **purchase Firm 7** (choose number 7) because: 
- It offers a positive profit of 0.28, ensuring a gain.
- Additional searches are unlikely to improve profit due to sorted recommendations and would add a 0.02 cost.","C17 Search #1 (Searched:1/8, SearchCost:0.00, BestProfit:0.28@F7) → Purchase F7",0.23,0.05,"[0.22, 0.73, 0.45, 0.1, 0.94, 0.98, 0.96, 0.98]"
8,4,C18,True,"Yes, because personalized recommendations with 8 firms significantly reduce expected search costs, outweighing the privacy cost of 0.05 based on historical outcomes.",4,"### Decision:
I'll **purchase Firm 4** (choose number 4) because: 
- It offers a positive profit of 0.15.
- Personalized sorting ensures it's likely the best option, avoiding additional search costs.","C18 Search #1 (Searched:1/8, SearchCost:0.00, BestProfit:0.15@F4) → Purchase F4",0.1,0.05,"[0.31, 0.89, 0.25, 0.3, 0.95, 0.85, 0.39, 0.01]"
8,4,C19,True,"Yes, because personalized recommendations with 8 firms significantly reduce search costs, outweighing the privacy cost of 0.047 based on historical benefits.",6,"### Decision:
I'll **purchase Firm 6** (choose number 6) because: 
- It offers a high positive profit of 0.47.
- With personalized recommendations, further searches are unlikely to yield better deals and would add unnecessary search costs.","C19 Search #1 (Searched:1/8, SearchCost:0.00, BestProfit:0.47@F6) → Purchase F6",0.42,0.047,"[0.94, 0.37, 0.01, 0.36, 0.23, 0.94, 0.97, 0.09]"
8,4,C20,True,"Yes, because personalized recommendations for 8 firms likely reduce search costs more than the privacy cost of 0.026.",2,"### Decision:
I'll **purchase Firm 2** (choose number 2) because: 
- It offers a positive profit of 0.1.
- Rationality rule requires buying if positive profit is available.","C20 Search #1 (Searched:1/8, SearchCost:0.00, BestProfit:0.10@F2) → Purchase F2",0.07,0.026,"[0.44, 0.31, 0.9, 0.51, 0.24, 0.14, 0.76, 0.53]"
8,5,C1,True,"Yes, because personalized recommendations for 8 firms will likely reduce search costs more than the privacy cost of 0.036.",3,"### Decision:
I'll **purchase Firm 3** because: 
- It offers a positive profit of 0.19.
- Searching further may yield diminishing returns due to sorted recommendations and incurs a search cost of 0.02.","C1 Search #1 (Searched:1/8, SearchCost:0.00, BestProfit:0.19@F3) → Purchase F3",0.15,0.036,"[0.63, 0.51, 0.25, 0.99, 0.93, 0.29, 0.17, 0.07]"
8,5,C2,True,"Yes, because personalized recommendations with 8 firms significantly reduce expected search costs, outweighing the privacy cost of 0.053 based on historical benefits.",-1,"### Decision:
I'll **leave** (choose number -1) because: 
- The searched firm offers zero profit, providing no benefit.
- Further search costs 0.02 with likely low or negative expected surplus.","C2 Search #1 (Searched:1/8, SearchCost:0.00, BestProfit:0.00@F7) → Leave Market",-0.05,0.053,"[0.28, 0.21, 0.15, 0.14, 0.29, 0.49, 0.32, 0.8]"
8,5,C3,True,"Yes, because with 8 firms, personalized recommendations significantly reduce expected search costs, outweighing the privacy cost of 0.03 based on historical benefits.",4,"### Decision:  
I'll **purchase Firm 4** because:  
- It offers a positive profit of 0.09  
- Expected gain from further search is unlikely to exceed the search cost of 0.02","C3 Search #1 (Searched:1/8, SearchCost:0.00, BestProfit:0.09@F4) → Purchase F4",0.06,0.03,"[0.47, 0.51, 0.14, 0.38, 0.79, 0.32, 0.64, 0.78]"
8,5,C4,True,"Yes, because personalized recommendations with 8 firms significantly reduce expected search costs, outweighing the privacy cost of 0.049 based on historical benefits.",3,"### Decision:
I'll **purchase Firm 3** (choose number 3) because: 
- It offers a positive profit of 0.05.
- I am rational and won't leave without buying when positive profit exists.","C4 Search #1 (Searched:1/8, SearchCost:0.00, BestProfit:0.05@F3) → Purchase F3",0.0,0.049,"[0.59, 0.61, 0.19, 0.85, 0.41, 0.26, 0.54, 0.4]"
8,5,C5,True,"Yes, because personalized recommendations with 8 firms significantly reduce search costs, outweighing the 0.04 privacy cost.",2,"### Decision:
I'll **purchase Firm 2** (choose number 2) because: 
- It offers a positive profit of 0.18.
- Further search costs 0.02 and is unlikely to yield a better deal given personalized sorting.","C5 Search #1 (Searched:1/8, SearchCost:0.00, BestProfit:0.18@F2) → Purchase F2",0.14,0.04,"[0.03, 0.74, 0.98, 0.26, 0.26, 0.92, 0.73, 0.49]"
8,5,C6,True,"Yes, because personalized recommendations with 8 firms reduce search costs, outweighing the privacy cost of 0.033.",2,"### Decision:
I'll **purchase Firm 2** (choose number 2) because: 
- Positive profit of 0.19 available.
- With data sharing and sorting by valuation, additional search unlikely to yield better profit.","C6 Search #1 (Searched:1/8, SearchCost:0.00, BestProfit:0.19@F2) → Purchase F2",0.16,0.033,"[0.73, 0.88, 0.99, 0.99, 0.36, 0.27, 0.77, 0.91]"
8,5,C7,True,"Yes, because personalized recommendations with 8 firms significantly reduce search costs, outweighing the privacy cost of 0.043 based on historical benefits.",5,"### Decision:
I'll **purchase Firm 5** (choose number 5) because: 
- Positive profit of 0.13 ensures gain.
- Personalized recommendations likely present the best option, avoiding additional search cost.","C7 Search #1 (Searched:1/8, SearchCost:0.00, BestProfit:0.13@F5) → Purchase F5",0.09,0.043,"[0.86, 0.71, 0.08, 0.73, 0.13, 0.98, 0.02, 0.69]"
8,5,C8,True,"Yes, because personalized recommendations with 8 firms significantly reduce search costs, outweighing the privacy cost of 0.042.",1,"### Decision:
I'll **purchase Firm 1** (choose number 1) because: 
- Offers positive profit of 0.48
- Personalized sorting suggests limited improvement from further search","C8 Search #1 (Searched:1/8, SearchCost:0.00, BestProfit:0.48@F1) → Purchase F1",0.44,0.042,"[0.08, 0.98, 0.98, 0.78, 0.31, 0.76, 0.69, 0.12]"
8,5,C9,True,"Yes, because personalized recommendations with 8 firms likely reduce search costs more than the privacy cost of 0.053, based on historical benefits.",4,"### Decision:
I'll **purchase Firm 4** because: 
- It offers a positive profit of 0.14
- Further search costs 0.02 with likely low expected gain due to personalized recommendations","C9 Search #1 (Searched:1/8, SearchCost:0.00, BestProfit:0.14@F4) → Purchase F4",0.09,0.053,"[0.3, 0.09, 0.4, 0.53, 0.84, 0.28, 0.8, 0.18]"
8,5,C10,True,"Yes, because with 8 firms, personalized recommendations greatly reduce expected search costs, outweighing the privacy cost of 0.033.",2,"### Decision:
I'll **purchase Firm 2** (choose number 2) because: 
- It offers a positive profit of 0.05, which I must act on rationally.
- Personalized recommendations sort firms by highest value first, making additional searches unlikely to improve profit and costing 0.02.","C10 Search #1 (Searched:1/8, SearchCost:0.00, BestProfit:0.05@F2) → Purchase F2",0.02,0.033,"[0.05, 0.83, 0.85, 0.25, 0.82, 0.05, 0.12, 0.28]"
8,5,C11,True,"Yes, because with 8 firms, personalized recommendations significantly reduce search costs, outweighing the privacy cost of 0.033 based on historical benefits.",3,"### Decision:
I'll **purchase Firm 3** because: 
- It offers a positive profit of 0.18.
- Rational rule requires buying if positive profit is available to avoid unnecessary search costs.","C11 Search #1 (Searched:1/8, SearchCost:0.00, BestProfit:0.18@F3) → Purchase F3",0.15,0.033,"[0.02, 0.52, 0.32, 0.98, 0.4, 0.34, 0.88, 0.49]"
8,5,C12,True,"Yes, because personalized recommendations with 8 firms significantly reduce expected search costs, outweighing the privacy cost of 0.044.",5,"### Decision:
I'll **purchase Firm 5** (choose number 5) because: 
- Firm 5 offers positive profit of 0.15.
- Rational to buy when positive profit is available, avoiding additional search costs.","C12 Search #1 (Searched:1/8, SearchCost:0.00, BestProfit:0.15@F5) → Purchase F5",0.11,0.044,"[0.11, 0.18, 0.85, 0.82, 0.17, 1.0, 0.87, 0.02]"
8,5,C13,True,"Yes, because with 8 firms, personalized recommendations significantly reduce expected search costs, exceeding the privacy cost of 0.034.",3,"### Decision:
I'll **purchase Firm 3** (choose number 3) because: 
- Current firm offers positive profit of 0.14.
- Expected gain from further search is minimal due to sorted recommendations.","C13 Search #1 (Searched:1/8, SearchCost:0.00, BestProfit:0.14@F3) → Purchase F3",0.11,0.034,"[0.07, 0.63, 0.4, 0.94, 0.57, 0.88, 0.44, 0.83]"
8,5,C14,True,"Yes, because with 8 firms, personalized recommendations greatly reduce search costs, outweighing the low privacy cost of 0.035.",0,"### Decision:
I'll **purchase Firm 0** because: 
- It offers a positive profit of 0.18, requiring purchase per rationality.
- Personalized recommendations sort by highest value, making further search unlikely to improve gains and costly at 0.02.","C14 Search #1 (Searched:1/8, SearchCost:0.00, BestProfit:0.18@F0) → Purchase F0",0.14,0.035,"[0.98, 0.62, 0.12, 0.0, 0.69, 0.62, 0.42, 0.51]"
8,5,C15,True,"Yes, because with 8 firms, personalized recommendations significantly reduce search costs, outweighing the privacy cost of 0.051 based on past benefits and observed high-revenue strategies.",2,"### Decision:
I'll **purchase Firm 2** (choose number 2) because: 
- It offers a positive profit of 0.09.
- Further searching costs 0.02 with uncertain and likely lower benefits due to personalized sorting.","C15 Search #1 (Searched:1/8, SearchCost:0.00, BestProfit:0.09@F2) → Purchase F2",0.04,0.051,"[0.65, 0.76, 0.89, 0.38, 0.73, 0.44, 0.49, 0.64]"
8,5,C16,True,"Yes, because with 8 firms, personalized recommendations significantly reduce expected search costs, outweighing the low privacy cost of 0.029.",7,"### Decision:
I'll **purchase Firm 7** because: 
- It offers a positive profit of 0.02.
- With personalized recommendations sorting by highest value, this is likely the best option, and further search costs 0.02 with low expected gain.","C16 Search #1 (Searched:1/8, SearchCost:0.00, BestProfit:0.02@F7) → Purchase F7",-0.01,0.029,"[0.16, 0.72, 0.3, 0.55, 0.76, 0.67, 0.61, 0.82]"
8,5,C17,True,"Yes, because personalized recommendations with 8 firms will likely reduce search costs more than the privacy cost of 0.05, based on historical benefits.",7,"### Decision:
I'll **purchase Firm 7** (choose number 7) because: 
- It provides a positive profit of 0.18.
- Additional searches are unlikely to yield better profit due to sorted recommendations and would add a 0.02 cost.","C17 Search #1 (Searched:1/8, SearchCost:0.00, BestProfit:0.18@F7) → Purchase F7",0.13,0.05,"[0.22, 0.73, 0.45, 0.1, 0.94, 0.98, 0.96, 0.98]"
8,5,C18,True,"Yes, because personalized recommendations with 8 firms significantly reduce expected search costs, outweighing the privacy cost of 0.05 based on historical benefits.",4,"### Decision:
I'll **purchase Firm 4** (choose number 4) because: 
- It offers a positive profit of 0.25.
- Personalized sorting ensures it's likely the best option, avoiding additional search costs.","C18 Search #1 (Searched:1/8, SearchCost:0.00, BestProfit:0.25@F4) → Purchase F4",0.2,0.05,"[0.31, 0.89, 0.25, 0.3, 0.95, 0.85, 0.39, 0.01]"
8,5,C19,True,"Yes, because personalized recommendations with 8 firms significantly reduce search costs, outweighing the privacy cost of 0.047 based on historical benefits.",6,"### Decision:
I'll **purchase Firm 6** (choose number 6) because: 
- It offers a positive profit of 0.17.
- With personalized recommendations sorting searches, further exploration is unlikely to yield improvements and would incur additional costs.","C19 Search #1 (Searched:1/8, SearchCost:0.00, BestProfit:0.17@F6) → Purchase F6",0.12,0.047,"[0.94, 0.37, 0.01, 0.36, 0.23, 0.94, 0.97, 0.09]"
8,5,C20,True,"Yes, because with 8 firms, personalized recommendations significantly reduce expected search costs, outweighing the low privacy cost of 0.026.",2,"### Decision:
I'll **purchase Firm 2** (choose number 2) because: 
- It offers a positive profit of 0.1.
- Rationality rule requires buying if positive profit is available.","C20 Search #1 (Searched:1/8, SearchCost:0.00, BestProfit:0.10@F2) → Purchase F2",0.07,0.026,"[0.44, 0.31, 0.9, 0.51, 0.24, 0.14, 0.76, 0.53]"
8,6,C1,True,"Yes, because personalized recommendations for 8 firms will likely reduce search costs more than the privacy cost of 0.036.",3,"### Decision:
I'll **purchase Firm 3** because: 
- It offers a positive profit of 0.19, which is rational to accept.
- Searching further may yield diminishing returns due to sorted recommendations and incurs a search cost of 0.02.","C1 Search #1 (Searched:1/8, SearchCost:0.00, BestProfit:0.19@F3) → Purchase F3",0.15,0.036,"[0.63, 0.51, 0.25, 0.99, 0.93, 0.29, 0.17, 0.07]"
8,6,C2,True,"Yes, because with 8 firms, personalized recommendations significantly reduce expected search costs, outweighing the privacy cost of 0.053 based on historical benefits.",7,"### Decision:
I'll **purchase Firm 7** (choose number 7) because: 
- It offers a positive profit of 0.1, ensuring immediate gain.
- Expected benefit from additional search is low due to personalized sorting and search cost of 0.02.","C2 Search #1 (Searched:1/8, SearchCost:0.00, BestProfit:0.10@F7) → Purchase F7",0.05,0.053,"[0.28, 0.21, 0.15, 0.14, 0.29, 0.49, 0.32, 0.8]"
8,6,C3,True,"Yes, because personalized recommendations with 8 firms significantly reduce search costs, outweighing the privacy cost of 0.03.",7,"### Decision:  
I'll **purchase Firm 7** because:  
- It offers a positive profit of 0.08  
- Expected gain from further search is unlikely to exceed the search cost of 0.02","C3 Search #1 (Searched:1/8, SearchCost:0.00, BestProfit:-0.01@F4) → Search Next; C3 Search #2 (Searched:2/8, SearchCost:0.02, BestProfit:0.08@F7) → Purchase F7",0.03,0.03,"[0.47, 0.51, 0.14, 0.38, 0.79, 0.32, 0.64, 0.78]"
8,6,C4,True,"yes, because personalized recommendations with 8 firms likely reduce search costs more than the privacy cost of 0.049, based on historical benefits.",3,"### Decision:  
I'll **purchase Firm 3** (choose number 3) because:  
- It offers positive profit of 0.05.  
- I am rational and won't search further when positive profit exists.","C4 Search #1 (Searched:1/8, SearchCost:0.00, BestProfit:0.05@F3) → Purchase F3",0.0,0.049,"[0.59, 0.61, 0.19, 0.85, 0.41, 0.26, 0.54, 0.4]"
8,6,C5,True,"Yes, because personalized recommendations with 8 firms greatly reduce search costs, outweighing the 0.04 privacy cost based on past benefits.",2,"### Decision:  
I'll **purchase Firm 2** (choose number 2) because:  
- It offers a positive profit of 0.18.  
- Further search costs 0.02 and is unlikely to yield a better deal given personalized sorting.","C5 Search #1 (Searched:1/8, SearchCost:0.00, BestProfit:0.18@F2) → Purchase F2",0.14,0.04,"[0.03, 0.74, 0.98, 0.26, 0.26, 0.92, 0.73, 0.49]"
8,6,C6,True,"Yes, because with 8 firms, personalized recommendations significantly reduce search costs, outweighing the privacy cost of 0.033 based on past benefits.",2,"### Decision:
I'll **purchase Firm 2** (choose number 2) because: 
- Positive profit of 0.19 available.
- With data sharing and sorting by valuation, additional search unlikely to yield better profit, given search cost of 0.02.","C6 Search #1 (Searched:1/8, SearchCost:0.00, BestProfit:0.19@F2) → Purchase F2",0.16,0.033,"[0.73, 0.88, 0.99, 0.99, 0.36, 0.27, 0.77, 0.91]"
8,6,C7,True,"Yes, because with 8 firms, personalized recommendations significantly reduce search costs, outweighing the privacy cost of 0.043 based on historical benefits.",5,"### Decision:
I'll **purchase Firm 5** (choose number 5) because: 
- Positive profit of 0.18 ensures gain.
- Personalized recommendations likely present the best option, avoiding additional search cost.","C7 Search #1 (Searched:1/8, SearchCost:0.00, BestProfit:0.18@F5) → Purchase F5",0.14,0.043,"[0.86, 0.71, 0.08, 0.73, 0.13, 0.98, 0.02, 0.69]"
8,6,C8,True,"yes, because personalized recommendations with 8 firms significantly reduce search costs, outweighing the privacy cost of 0.042.",1,"### Decision:
I'll **purchase Firm 1** (choose number 1) because: 
- Offers positive profit of 0.18
- Personalized recommendations indicate limited improvement from further search","C8 Search #1 (Searched:1/8, SearchCost:0.00, BestProfit:0.18@F1) → Purchase F1",0.14,0.042,"[0.08, 0.98, 0.98, 0.78, 0.31, 0.76, 0.69, 0.12]"
8,6,C9,True,"Yes, because personalized recommendations with 8 firms significantly reduce expected search costs, outweighing the privacy cost of 0.053.",4,"### Decision:
I'll **purchase Firm 4** because: 
- It offers a positive profit of 0.04
- Further search costs 0.02 with no expected gain due to personalized sorting","C9 Search #1 (Searched:1/8, SearchCost:0.00, BestProfit:0.04@F4) → Purchase F4",-0.01,0.053,"[0.3, 0.09, 0.4, 0.53, 0.84, 0.28, 0.8, 0.18]"
8,6,C10,True,"Yes, because personalized recommendations with 8 firms significantly reduce search costs, outweighing the privacy cost of 0.033.",2,"### Decision:
I'll **purchase Firm 2** (choose number 2) because: 
- It offers a positive profit of 0.05.
- Rationality requires buying if positive profit is available, avoiding further search costs.","C10 Search #1 (Searched:1/8, SearchCost:0.00, BestProfit:0.05@F2) → Purchase F2",0.02,0.033,"[0.05, 0.83, 0.85, 0.25, 0.82, 0.05, 0.12, 0.28]"
8,6,C11,True,"Yes, because with 8 firms, personalized recommendations greatly reduce expected search costs, exceeding the privacy cost of 0.033.",3,"### Decision:
I'll **purchase Firm 3** (choose number 3) because: 
- It offers a positive profit of 0.18.
- Rational rule requires buying if positive profit is available to avoid unnecessary search costs.","C11 Search #1 (Searched:1/8, SearchCost:0.00, BestProfit:0.18@F3) → Purchase F3",0.15,0.033,"[0.02, 0.52, 0.32, 0.98, 0.4, 0.34, 0.88, 0.49]"
8,6,C12,True,"Yes, because personalized recommendations with 8 firms greatly reduce search costs, outweighing the privacy cost of 0.044.",5,"### Decision:  
I'll **purchase Firm 5** (choose number 5) because:  
- Firm offers positive profit of 0.2.  
- Rational to buy when positive profit is available, avoiding additional search costs.","C12 Search #1 (Searched:1/8, SearchCost:0.00, BestProfit:0.20@F5) → Purchase F5",0.16,0.044,"[0.11, 0.18, 0.85, 0.82, 0.17, 1.0, 0.87, 0.02]"
8,6,C13,True,"Yes, because personalized recommendations with 8 firms significantly reduce expected search costs, exceeding the privacy cost of 0.034.",3,"### Decision:
I'll **purchase Firm 3** (choose number 3) because: 
- Current firm offers positive profit of 0.14.
- Expected gain from further search is minimal due to sorted recommendations.","C13 Search #1 (Searched:1/8, SearchCost:0.00, BestProfit:0.14@F3) → Purchase F3",0.11,0.034,"[0.07, 0.63, 0.4, 0.94, 0.57, 0.88, 0.44, 0.83]"
8,6,C14,True,"Yes, because personalized recommendations with 8 firms significantly reduce search costs, outweighing the privacy cost of 0.035.",0,"### Decision:
I'll **purchase Firm 0** because: 
- It offers a positive profit of 0.48, requiring purchase per rationality.
- With personalized recommendations sorting by highest value, further search is unlikely to yield gains and costs 0.02.","C14 Search #1 (Searched:1/8, SearchCost:0.00, BestProfit:0.48@F0) → Purchase F0",0.44,0.035,"[0.98, 0.62, 0.12, 0.0, 0.69, 0.62, 0.42, 0.51]"
8,6,C15,True,"Yes, because with 8 firms, personalized recommendations greatly reduce search costs, outweighing the privacy cost of 0.051 based on past benefits.",2,"### Decision:
I'll **purchase Firm 2** (choose number 2) because: 
- It offers a positive profit of 0.09.
- Further searching costs 0.02 with uncertain benefits, likely reducing net revenue due to personalized sorting.","C15 Search #1 (Searched:1/8, SearchCost:0.00, BestProfit:0.09@F2) → Purchase F2",0.04,0.051,"[0.65, 0.76, 0.89, 0.38, 0.73, 0.44, 0.49, 0.64]"
8,6,C16,True,"Yes, because personalized recommendations with 8 firms greatly reduce expected search costs, likely exceeding the privacy cost of 0.029 based on past benefits.",7,"### Decision:
I'll **purchase Firm 7** because: 
- It offers a positive profit of 0.12.
- With personalized recommendations sorting by highest value, this is likely the best option, and further search costs 0.02 with low expected gain.","C16 Search #1 (Searched:1/8, SearchCost:0.00, BestProfit:0.12@F7) → Purchase F7",0.09,0.029,"[0.16, 0.72, 0.3, 0.55, 0.76, 0.67, 0.61, 0.82]"
8,6,C17,True,"Yes, because personalized recommendations with 8 firms reduce expected search costs more than the 0.05 privacy cost, based on historical benefits.",7,"### Decision:  
I'll **purchase Firm 7** (choose number 7) because:  
- It offers a positive profit of 0.28, ensuring a gain.  
- Additional searches are unlikely to improve profit due to sorted recommendations and would add a 0.02 cost.","C17 Search #1 (Searched:1/8, SearchCost:0.00, BestProfit:0.28@F7) → Purchase F7",0.23,0.05,"[0.22, 0.73, 0.45, 0.1, 0.94, 0.98, 0.96, 0.98]"
8,6,C18,True,"Yes, because personalized recommendations with 8 firms greatly reduce search costs, outweighing the privacy cost of 0.05.",4,"### Decision:
I'll **purchase Firm 4** (choose number 4) because: 
- It offers a positive profit of 0.15.
- Personalized sorting ensures it's likely the best option, avoiding additional search costs.","C18 Search #1 (Searched:1/8, SearchCost:0.00, BestProfit:0.15@F4) → Purchase F4",0.1,0.05,"[0.31, 0.89, 0.25, 0.3, 0.95, 0.85, 0.39, 0.01]"
8,6,C19,True,"Yes, because personalized recommendations with 8 firms greatly reduce search costs, consistently leading to positive revenue in past rounds and outweighing the privacy cost of 0.047.",6,"### Decision:
I'll **purchase Firm 6** (choose number 6) because: 
- It offers a positive profit of 0.07.
- With personalized recommendations, further searches are unlikely to yield significant improvements and would add search costs.","C19 Search #1 (Searched:1/8, SearchCost:0.00, BestProfit:0.07@F6) → Purchase F6",0.02,0.047,"[0.94, 0.37, 0.01, 0.36, 0.23, 0.94, 0.97, 0.09]"
8,6,C20,True,"Yes, because with 8 firms, personalized recommendations significantly reduce search costs, outweighing the low privacy cost of 0.026.",2,"### Decision:
I'll **purchase Firm 2** (choose number 2) because: 
- It offers a positive profit of 0.1.
- Rationality rule requires buying if positive profit is available.","C20 Search #1 (Searched:1/8, SearchCost:0.00, BestProfit:0.10@F2) → Purchase F2",0.07,0.026,"[0.44, 0.31, 0.9, 0.51, 0.24, 0.14, 0.76, 0.53]"
8,7,C1,True,"Yes, because personalized recommendations for 8 firms significantly reduce search costs, outweighing the privacy cost of 0.036.",3,"### Decision:
I'll **purchase Firm 3** because: 
- It offers a positive profit of 0.19.
- Searching further may yield diminishing returns due to sorted recommendations and incurs a search cost of 0.02.","C1 Search #1 (Searched:1/8, SearchCost:0.00, BestProfit:0.19@F3) → Purchase F3",0.15,0.036,"[0.63, 0.51, 0.25, 0.99, 0.93, 0.29, 0.17, 0.07]"
8,7,C2,True,"Yes, because personalized recommendations with 8 firms significantly reduce expected search costs, outweighing the privacy cost of 0.053.",7,"### Decision:
I'll **purchase Firm 7** (choose number 7) because: 
- It offers a positive profit of 0.1.
- Expected benefit from additional search is low due to personalized sorting and search cost of 0.02.","C2 Search #1 (Searched:1/8, SearchCost:0.00, BestProfit:0.10@F7) → Purchase F7",0.05,0.053,"[0.28, 0.21, 0.15, 0.14, 0.29, 0.49, 0.32, 0.8]"
8,7,C3,True,"Yes, because personalized recommendations with 8 firms significantly reduce search costs, outweighing the 0.03 privacy cost based on historical benefits.",4,"### Decision:  
I'll **purchase Firm 4** because:  
- It offers a positive profit of 0.09  
- Expected gain from further search is unlikely to exceed the search cost of 0.02","C3 Search #1 (Searched:1/8, SearchCost:0.00, BestProfit:0.09@F4) → Purchase F4",0.06,0.03,"[0.47, 0.51, 0.14, 0.38, 0.79, 0.32, 0.64, 0.78]"
8,7,C4,True,"Yes, because personalized recommendations with 8 firms significantly reduce expected search costs, outweighing the privacy cost of 0.049 based on historical benefits.",3,"### Decision:  
I'll **purchase Firm 3** (choose number 3) because:  
- It offers a positive profit of 0.05.  
- I am rational and won't leave without buying when positive profit exists.","C4 Search #1 (Searched:1/8, SearchCost:0.00, BestProfit:0.05@F3) → Purchase F3",0.0,0.049,"[0.59, 0.61, 0.19, 0.85, 0.41, 0.26, 0.54, 0.4]"
8,7,C5,True,"Yes, because personalized recommendations with 8 firms greatly reduce search costs, outweighing the 0.04 privacy cost based on past benefits.",2,"### Decision:
I'll **purchase Firm 2** (choose number 2) because:
- It offers a positive profit of 0.18.
- Further search costs 0.02 and is unlikely to yield a better deal given personalized sorting.","C5 Search #1 (Searched:1/8, SearchCost:0.00, BestProfit:0.18@F2) → Purchase F2",0.14,0.04,"[0.03, 0.74, 0.98, 0.26, 0.26, 0.92, 0.73, 0.49]"
8,7,C6,True,"Yes, because with 8 firms, personalized recommendations significantly reduce search costs, likely offsetting the privacy cost of 0.033 based on past benefits.",2,"### Decision:
I'll **purchase Firm 2** (choose number 2) because: 
- Positive profit of 0.19 available.
- With data sharing and sorting by valuation, additional search unlikely to yield better profit.","C6 Search #1 (Searched:1/8, SearchCost:0.00, BestProfit:0.19@F2) → Purchase F2",0.16,0.033,"[0.73, 0.88, 0.99, 0.99, 0.36, 0.27, 0.77, 0.91]"
8,7,C7,True,"Yes, because personalized recommendations with 8 firms significantly reduce search costs, outweighing the privacy cost of 0.043 based on historical benefits.",5,"### Decision:
I'll **purchase Firm 5** (choose number 5) because: 
- Positive profit of 0.13 ensures gain.
- Personalized recommendations likely present the best option, avoiding additional search cost.","C7 Search #1 (Searched:1/8, SearchCost:0.00, BestProfit:0.13@F5) → Purchase F5",0.09,0.043,"[0.86, 0.71, 0.08, 0.73, 0.13, 0.98, 0.02, 0.69]"
8,7,C8,True,"Yes, because personalized recommendations with 8 firms significantly reduce search costs, outweighing the privacy cost of 0.042.",1,"### Decision:
I'll **purchase Firm 1** (choose number 1) because: 
- Offers positive profit of 0.18
- Personalized recommendations suggest it's the best with limited improvement from further search","C8 Search #1 (Searched:1/8, SearchCost:0.00, BestProfit:0.18@F1) → Purchase F1",0.14,0.042,"[0.08, 0.98, 0.98, 0.78, 0.31, 0.76, 0.69, 0.12]"
8,7,C9,True,"Yes, because personalized recommendations with 8 firms significantly reduce expected search costs, outweighing the privacy cost of 0.053 based on historical benefits.",4,"### Decision:
I'll **purchase Firm 4** because: 
- It offers a positive profit of 0.14
- Further search costs 0.02 with no expected gain due to personalized sorting","C9 Search #1 (Searched:1/8, SearchCost:0.00, BestProfit:0.14@F4) → Purchase F4",0.09,0.053,"[0.3, 0.09, 0.4, 0.53, 0.84, 0.28, 0.8, 0.18]"
8,7,C10,True,"Yes, because with 8 firms, personalized recommendations significantly reduce expected search costs, outweighing the privacy cost of 0.033 based on past benefits.",2,"### Decision:
I'll **purchase Firm 2** (choose number 2) because: 
- It offers a positive profit of 0.05, which I must act on rationally.
- Additional search costs 0.02 and is unlikely to yield better profit due to sorted recommendations.","C10 Search #1 (Searched:1/8, SearchCost:0.00, BestProfit:0.05@F2) → Purchase F2",0.02,0.033,"[0.05, 0.83, 0.85, 0.25, 0.82, 0.05, 0.12, 0.28]"
8,7,C11,True,"Yes, because with 8 firms, personalized recommendations significantly reduce search costs, outweighing the privacy cost of 0.033.",3,"### Decision:
I'll **purchase Firm 3** (choose number 3) because: 
- It offers a positive profit of 0.18.
- Rational rule requires buying if positive profit is available to avoid unnecessary search costs.","C11 Search #1 (Searched:1/8, SearchCost:0.00, BestProfit:0.18@F3) → Purchase F3",0.15,0.033,"[0.02, 0.52, 0.32, 0.98, 0.4, 0.34, 0.88, 0.49]"
8,7,C12,True,"Yes, because personalized recommendations with 8 firms significantly reduce search costs, outweighing the privacy cost of 0.044.",5,"### Decision:
I'll **purchase Firm 5** (choose number 5) because: 
- Firm 5 offers positive profit of 0.15.
- Rational to buy when positive profit is available, avoiding additional search costs.","C12 Search #1 (Searched:1/8, SearchCost:0.00, BestProfit:0.15@F5) → Purchase F5",0.11,0.044,"[0.11, 0.18, 0.85, 0.82, 0.17, 1.0, 0.87, 0.02]"
8,7,C13,True,"Yes, because with 8 firms, personalized recommendations significantly reduce expected search costs, likely exceeding the privacy cost of 0.034 based on historical benefits.",3,"### Decision:
I'll **purchase Firm 3** (choose number 3) because: 
- Current firm offers positive profit of 0.14.
- Expected gain from further search is minimal due to sorted recommendations.","C13 Search #1 (Searched:1/8, SearchCost:0.00, BestProfit:0.14@F3) → Purchase F3",0.11,0.034,"[0.07, 0.63, 0.4, 0.94, 0.57, 0.88, 0.44, 0.83]"
8,7,C14,True,"Yes, because personalized recommendations with 8 firms greatly reduce search costs, outweighing the low privacy cost of 0.035.",0,"### Decision:
I'll **purchase Firm 0** because: 
- It offers a positive profit of 0.18, requiring purchase as a rational consumer.
- With personalized recommendations sorting by highest value, further search is unlikely to yield gains and costs 0.02.","C14 Search #1 (Searched:1/8, SearchCost:0.00, BestProfit:0.18@F0) → Purchase F0",0.14,0.035,"[0.98, 0.62, 0.12, 0.0, 0.69, 0.62, 0.42, 0.51]"
8,7,C15,True,"Yes, because with 8 firms, personalized recommendations significantly reduce expected search costs, outweighing the privacy cost of 0.051 based on past benefits.",2,"### Decision:
I'll **purchase Firm 2** (choose number 2) because: 
- It offers a positive profit of 0.09.
- Further searching costs 0.02 with uncertain and likely lower benefits due to personalized sorting.","C15 Search #1 (Searched:1/8, SearchCost:0.00, BestProfit:0.09@F2) → Purchase F2",0.04,0.051,"[0.65, 0.76, 0.89, 0.38, 0.73, 0.44, 0.49, 0.64]"
8,7,C16,True,"Yes, because with 8 firms, personalized recommendations significantly reduce expected search costs, outweighing the low privacy cost of 0.029.",7,"### Decision:
I'll **purchase Firm 7** because: 
- It offers a positive profit of 0.12.
- With personalized recommendations sorting by highest value, this is likely the best option, and further search costs 0.02 with low expected gain.","C16 Search #1 (Searched:1/8, SearchCost:0.00, BestProfit:0.12@F7) → Purchase F7",0.09,0.029,"[0.16, 0.72, 0.3, 0.55, 0.76, 0.67, 0.61, 0.82]"
8,7,C17,True,"Yes, because personalized recommendations with 8 firms will reduce search costs more than the 0.05 privacy cost, based on historical benefits and efficient deal-finding.",7,"### Decision:  
I'll **purchase Firm 7** (choose number 7) because:  
- It offers a positive profit of 0.28.  
- Additional searches are unlikely to improve profit due to sorted recommendations and would add a 0.02 cost.","C17 Search #1 (Searched:1/8, SearchCost:0.00, BestProfit:0.28@F7) → Purchase F7",0.23,0.05,"[0.22, 0.73, 0.45, 0.1, 0.94, 0.98, 0.96, 0.98]"
8,7,C18,True,"Yes, because personalized recommendations with 8 firms significantly reduce search costs, outweighing the privacy cost of 0.05.",4,"### Decision:
I'll **purchase Firm 4** (choose number 4) because: 
- It offers a positive profit of 0.25.
- Personalized sorting ensures it's likely the best option, avoiding additional search costs.","C18 Search #1 (Searched:1/8, SearchCost:0.00, BestProfit:0.25@F4) → Purchase F4",0.2,0.05,"[0.31, 0.89, 0.25, 0.3, 0.95, 0.85, 0.39, 0.01]"
8,7,C19,True,"Yes, because personalized recommendations with 8 firms reduce search costs more than the 0.047 privacy cost, based on consistent past benefits.",6,"### Decision:
I'll **purchase Firm 6** (choose number 6) because: 
- It offers a high positive profit of 0.47.
- With personalized recommendations, further searches are unlikely to improve the deal and would add costs.","C19 Search #1 (Searched:1/8, SearchCost:0.00, BestProfit:0.47@F6) → Purchase F6",0.42,0.047,"[0.94, 0.37, 0.01, 0.36, 0.23, 0.94, 0.97, 0.09]"
8,7,C20,True,"Yes, because with 8 firms, personalized recommendations significantly reduce search costs, outweighing the low privacy cost of 0.026.",2,"### Decision:
I'll **purchase Firm 2** (choose number 2) because: 
- It offers a positive profit of 0.1.
- Rationality rule requires buying if positive profit is available.","C20 Search #1 (Searched:1/8, SearchCost:0.00, BestProfit:0.10@F2) → Purchase F2",0.07,0.026,"[0.44, 0.31, 0.9, 0.51, 0.24, 0.14, 0.76, 0.53]"
8,8,C1,True,"Yes, because with 8 firms, personalized recommendations significantly reduce search costs, likely exceeding the 0.036 privacy cost based on past benefits.",3,"### Decision:
I'll **purchase Firm 3** because: 
- It offers a positive profit of 0.19.
- Searching further may yield diminishing returns due to sorted recommendations and incurs a search cost of 0.02.","C1 Search #1 (Searched:1/8, SearchCost:0.00, BestProfit:0.19@F3) → Purchase F3",0.15,0.036,"[0.63, 0.51, 0.25, 0.99, 0.93, 0.29, 0.17, 0.07]"
8,8,C2,True,"Yes, because with 8 firms, personalized recommendations significantly reduce expected search costs, outweighing the 0.053 privacy cost based on historical benefits.",-1,"### Decision:
I'll **leave** (choose number -1) because: 
- The searched firm offers zero profit, providing no benefit.
- Further search costs 0.02 with likely low or negative expected surplus.","C2 Search #1 (Searched:1/8, SearchCost:0.00, BestProfit:0.00@F7) → Leave Market",-0.05,0.053,"[0.28, 0.21, 0.15, 0.14, 0.29, 0.49, 0.32, 0.8]"
8,8,C3,True,"Yes, because personalized recommendations with 8 firms significantly reduce search costs, outweighing the 0.03 privacy cost based on historical benefits.",4,"### Decision:  
I'll **purchase Firm 4** because:  
- It offers a positive profit of 0.19  
- Expected gain from further search is unlikely to exceed the search cost of 0.02","C3 Search #1 (Searched:1/8, SearchCost:0.00, BestProfit:0.19@F4) → Purchase F4",0.16,0.03,"[0.47, 0.51, 0.14, 0.38, 0.79, 0.32, 0.64, 0.78]"
8,8,C4,True,"yes, because personalized recommendations with 8 firms reduce expected search costs more than the 0.049 privacy cost, based on historical benefits.",3,"### Decision:  
I'll **purchase Firm 3** (choose number 3) because:  
- It offers a positive profit of 0.05.  
- I am rational and won't search further when positive profit exists.","C4 Search #1 (Searched:1/8, SearchCost:0.00, BestProfit:0.05@F3) → Purchase F3",0.0,0.049,"[0.59, 0.61, 0.19, 0.85, 0.41, 0.26, 0.54, 0.4]"
8,8,C5,True,"Yes, because personalized recommendations with 8 firms reduce search costs more than the 0.04 privacy cost.",2,"### Decision:  
I'll **purchase Firm 2** (choose number 2) because:  
- It offers a positive profit of 0.18.  
- Further search costs 0.02 and is unlikely to yield a better deal given personalized sorting by valuation.","C5 Search #1 (Searched:1/8, SearchCost:0.00, BestProfit:0.18@F2) → Purchase F2",0.14,0.04,"[0.03, 0.74, 0.98, 0.26, 0.26, 0.92, 0.73, 0.49]"
8,8,C6,True,"Yes, because with 8 firms, personalized recommendations significantly reduce search costs, outweighing the privacy cost of 0.033.",2,"### Decision:
I'll **purchase Firm 2** (choose number 2) because: 
- Positive profit of 0.19 available.
- With data sharing and sorting by valuation, additional search unlikely to yield better profit.","C6 Search #1 (Searched:1/8, SearchCost:0.00, BestProfit:0.19@F2) → Purchase F2",0.16,0.033,"[0.73, 0.88, 0.99, 0.99, 0.36, 0.27, 0.77, 0.91]"
8,8,C7,True,"Yes, because personalized recommendations with 8 firms significantly reduce search costs, outweighing the 0.043 privacy cost based on historical benefits.",5,"### Decision:
I'll **purchase Firm 5** (choose number 5) because: 
- Positive profit of 0.08 ensures gain.
- Personalized recommendations likely present the best option, avoiding additional search cost.","C7 Search #1 (Searched:1/8, SearchCost:0.00, BestProfit:0.08@F5) → Purchase F5",0.04,0.043,"[0.86, 0.71, 0.08, 0.73, 0.13, 0.98, 0.02, 0.69]"
8,8,C8,True,"Yes, because personalized recommendations with 8 firms significantly reduce search costs, outweighing the privacy cost of 0.042 based on consistent past benefits.",1,"### Decision:
I'll **purchase Firm 1** (choose number 1) because: 
- Offers positive profit of 0.18
- Personalized recommendations indicate it's the best with limited improvement from further search","C8 Search #1 (Searched:1/8, SearchCost:0.00, BestProfit:0.18@F1) → Purchase F1",0.14,0.042,"[0.08, 0.98, 0.98, 0.78, 0.31, 0.76, 0.69, 0.12]"
8,8,C9,True,"Yes, because personalized recommendations with 8 firms reduce expected search costs more than the 0.053 privacy cost, based on historical benefits.",4,"### Decision:
I'll **purchase Firm 4** (choose number 4) because: 
- It offers a positive profit of 0.24
- Further search costs 0.02 with likely low expected gain due to personalized sorting","C9 Search #1 (Searched:1/8, SearchCost:0.00, BestProfit:0.24@F4) → Purchase F4",0.19,0.053,"[0.3, 0.09, 0.4, 0.53, 0.84, 0.28, 0.8, 0.18]"
8,8,C10,True,"Yes, because personalized recommendations with 8 firms significantly reduce expected search costs, outweighing the privacy cost of 0.033.",2,"### Decision:
I'll **purchase Firm 2** (choose number 2) because: 
- It offers a positive profit of 0.05.
- Rationality requires buying when profit is positive, avoiding additional search costs.","C10 Search #1 (Searched:1/8, SearchCost:0.00, BestProfit:0.05@F2) → Purchase F2",0.02,0.033,"[0.05, 0.83, 0.85, 0.25, 0.82, 0.05, 0.12, 0.28]"
8,8,C11,True,"Yes, because with 8 firms, personalized recommendations significantly reduce search costs, outweighing the privacy cost of 0.033.",3,"### Decision:
I'll **purchase Firm 3** (choose number 3) because: 
- It offers a positive profit of 0.18.
- Rational rule requires buying to avoid unnecessary search costs.","C11 Search #1 (Searched:1/8, SearchCost:0.00, BestProfit:0.18@F3) → Purchase F3",0.15,0.033,"[0.02, 0.52, 0.32, 0.98, 0.4, 0.34, 0.88, 0.49]"
8,8,C12,True,"Yes, because personalized recommendations with 8 firms significantly reduce expected search costs, outweighing the privacy cost of 0.044 based on past benefits.",5,"### Decision:  
I'll **purchase Firm 5** (choose number 5) because:  
- Firm 5 offers positive profit of 0.1.  
- Rational to buy when positive profit is available, avoiding additional search costs.","C12 Search #1 (Searched:1/8, SearchCost:0.00, BestProfit:0.10@F5) → Purchase F5",0.06,0.044,"[0.11, 0.18, 0.85, 0.82, 0.17, 1.0, 0.87, 0.02]"
8,8,C13,True,"Yes, because with 8 firms, personalized recommendations significantly reduce expected search costs, likely exceeding the privacy cost of 0.034 based on historical benefits.",3,"### Decision:
I'll **purchase Firm 3** (choose number 3) because: 
- Current firm offers positive profit of 0.14.
- Expected gain from further search is minimal due to sorted recommendations.","C13 Search #1 (Searched:1/8, SearchCost:0.00, BestProfit:0.14@F3) → Purchase F3",0.11,0.034,"[0.07, 0.63, 0.4, 0.94, 0.57, 0.88, 0.44, 0.83]"
8,8,C14,True,"Yes, because with 8 firms, personalized recommendations significantly reduce search costs, outweighing the low privacy cost of 0.035.",0,"### Decision:
I'll **purchase Firm 0** because: 
- It offers a positive profit of 0.28, requiring purchase as a rational consumer.
- With personalized recommendations sorting by highest value, further search is unlikely to yield gains and costs 0.02.","C14 Search #1 (Searched:1/8, SearchCost:0.00, BestProfit:0.28@F0) → Purchase F0",0.25,0.035,"[0.98, 0.62, 0.12, 0.0, 0.69, 0.62, 0.42, 0.51]"
8,8,C15,True,"Yes, because personalized recommendations with 8 firms reduce search costs more than the 0.051 privacy cost, based on past benefits.",2,"### Decision:
I'll **purchase Firm 2** (choose number 2) because: 
- It offers a positive profit of 0.09.
- Further searching costs 0.02 with uncertain benefits due to personalized sorting.","C15 Search #1 (Searched:1/8, SearchCost:0.00, BestProfit:0.09@F2) → Purchase F2",0.04,0.051,"[0.65, 0.76, 0.89, 0.38, 0.73, 0.44, 0.49, 0.64]"
8,8,C16,True,"Yes, because personalized recommendations with 8 firms will likely reduce search costs more than the low privacy cost of 0.029.",7,"### Decision:
I'll **purchase Firm 7** because: 
- It offers a positive profit of 0.02.
- With personalized recommendations sorting by highest value, this is likely the best option, and further search costs 0.02 with low expected gain.","C16 Search #1 (Searched:1/8, SearchCost:0.00, BestProfit:0.02@F7) → Purchase F7",-0.01,0.029,"[0.16, 0.72, 0.3, 0.55, 0.76, 0.67, 0.61, 0.82]"
8,8,C17,True,"Yes, because personalized recommendations with 8 firms reduce search costs more than the 0.05 privacy cost, based on historical benefits.",7,"### Decision:  
I'll **purchase Firm 7** (choose number 7) because:  
- It offers a positive profit of 0.18, ensuring a gain.  
- Additional searches are unlikely to improve profit due to sorted recommendations and would add a 0.02 cost.","C17 Search #1 (Searched:1/8, SearchCost:0.00, BestProfit:0.18@F7) → Purchase F7",0.13,0.05,"[0.22, 0.73, 0.45, 0.1, 0.94, 0.98, 0.96, 0.98]"
8,8,C18,True,"Yes, because personalized recommendations with 8 firms reduce search costs more than the 0.05 privacy cost, based on historical benefits.",4,"### Decision:
I'll **purchase Firm 4** (choose number 4) because: 
- It offers a positive profit of 0.35.
- Personalized sorting ensures it's likely the best option, avoiding additional search costs.","C18 Search #1 (Searched:1/8, SearchCost:0.00, BestProfit:0.35@F4) → Purchase F4",0.3,0.05,"[0.31, 0.89, 0.25, 0.3, 0.95, 0.85, 0.39, 0.01]"
8,8,C19,True,"Yes, because personalized recommendations with 8 firms reduce search costs more than the 0.047 privacy cost, based on consistent past benefits.",6,"### Decision:
I'll **purchase Firm 6** (choose number 6) because: 
- It offers a positive profit of 0.17.
- With personalized recommendations sorting searches, further exploration is unlikely to improve the deal and would add search costs.","C19 Search #1 (Searched:1/8, SearchCost:0.00, BestProfit:0.17@F6) → Purchase F6",0.12,0.047,"[0.94, 0.37, 0.01, 0.36, 0.23, 0.94, 0.97, 0.09]"
8,8,C20,True,"Yes, because with 8 firms, personalized recommendations significantly reduce search costs, outweighing the low privacy cost of 0.026.",2,"### Decision:
I'll **purchase Firm 2** (choose number 2) because: 
- It offers a positive profit of 0.1.
- Rationality rule requires buying if positive profit is available.","C20 Search #1 (Searched:1/8, SearchCost:0.00, BestProfit:0.10@F2) → Purchase F2",0.07,0.026,"[0.44, 0.31, 0.9, 0.51, 0.24, 0.14, 0.76, 0.53]"
8,9,C1,True,"Yes, because with 8 firms, personalized recommendations significantly reduce search costs, outweighing the 0.036 privacy cost based on historical benefits.",3,"### Decision:
I'll **purchase Firm 3** because: 
- It offers a positive profit of 0.19, which I must accept per rationality.
- Further search likely yields lower profit due to sorted recommendations, with search cost of 0.02 not justified.","C1 Search #1 (Searched:1/8, SearchCost:0.00, BestProfit:0.19@F3) → Purchase F3",0.15,0.036,"[0.63, 0.51, 0.25, 0.99, 0.93, 0.29, 0.17, 0.07]"
8,9,C2,True,"Yes, because personalized recommendations with 8 firms reduce expected search costs more than the 0.053 privacy cost, based on historical benefits.",7,"### Decision:
I'll **purchase Firm 7** (choose number 7) because: 
- It offers a positive profit of 0.1, ensuring immediate gain.
- Expected benefit from additional search is low due to personalized sorting and search cost of 0.02.","C2 Search #1 (Searched:1/8, SearchCost:0.00, BestProfit:0.10@F7) → Purchase F7",0.05,0.053,"[0.28, 0.21, 0.15, 0.14, 0.29, 0.49, 0.32, 0.8]"
8,9,C3,True,"Yes, because personalized recommendations with 8 firms significantly reduce expected search costs, outweighing the 0.03 privacy cost based on historical benefits.",4,"### Decision:  
I'll **purchase Firm 4** because:  
- It offers a positive profit of 0.09  
- Expected gain from further search is unlikely to exceed the search cost of 0.02","C3 Search #1 (Searched:1/8, SearchCost:0.00, BestProfit:0.09@F4) → Purchase F4",0.06,0.03,"[0.47, 0.51, 0.14, 0.38, 0.79, 0.32, 0.64, 0.78]"
8,9,C4,True,"Yes, because personalized recommendations with 8 firms likely reduce search costs more than the 0.049 privacy cost, based on historical benefits.",3,"### Decision:  
I'll **purchase Firm 3** (choose number 3) because:  
- It offers a positive profit of 0.05.  
- I am rational and won't search further when positive profit exists.","C4 Search #1 (Searched:1/8, SearchCost:0.00, BestProfit:0.05@F3) → Purchase F3",0.0,0.049,"[0.59, 0.61, 0.19, 0.85, 0.41, 0.26, 0.54, 0.4]"
8,9,C5,True,"Yes, because personalized recommendations with 8 firms reduce search costs more than the 0.04 privacy cost, based on past benefits.",2,"### Decision:  
I'll **purchase Firm 2** (choose number 2) because:  
- It offers a positive profit of 0.18.  
- Further search costs 0.02 and is unlikely to yield a better deal given personalized sorting.","C5 Search #1 (Searched:1/8, SearchCost:0.00, BestProfit:0.18@F2) → Purchase F2",0.14,0.04,"[0.03, 0.74, 0.98, 0.26, 0.26, 0.92, 0.73, 0.49]"
8,9,C6,True,"Yes, because with 8 firms, personalized recommendations significantly reduce search costs, outweighing the low privacy cost of 0.033 based on past benefits.",2,"### Decision:
I'll **purchase Firm 2** (choose number 2) because: 
- Positive profit of 0.19 available.
- With data sharing and sorting by valuation, additional search unlikely to yield better profit.","C6 Search #1 (Searched:1/8, SearchCost:0.00, BestProfit:0.19@F2) → Purchase F2",0.16,0.033,"[0.73, 0.88, 0.99, 0.99, 0.36, 0.27, 0.77, 0.91]"
8,9,C7,True,"Yes, because personalized recommendations with 8 firms significantly reduce search costs, outweighing the 0.043 privacy cost based on historical benefits.",-1,"### Decision:
I'll **leave** (choose number -1) because: 
- Negative profit (-0.02) from the searched firm with highest valuation.
- Unlikely to find positive profit elsewhere, avoiding unnecessary search cost.","C7 Search #1 (Searched:1/8, SearchCost:0.00, BestProfit:-0.02@F5) → Leave Market",-0.04,0.043,"[0.86, 0.71, 0.08, 0.73, 0.13, 0.98, 0.02, 0.69]"
8,9,C8,True,"Yes, because personalized recommendations with 8 firms significantly reduce expected search costs, outweighing the privacy cost of 0.042 based on consistent past benefits.",1,"### Decision:
I'll **purchase Firm 1** (choose number 1) because: 
- Offers positive profit of 0.18
- Personalized recommendations indicate it's the best with limited improvement from further search","C8 Search #1 (Searched:1/8, SearchCost:0.00, BestProfit:0.18@F1) → Purchase F1",0.14,0.042,"[0.08, 0.98, 0.98, 0.78, 0.31, 0.76, 0.69, 0.12]"
8,9,C9,True,"Yes, because personalized recommendations with 8 firms significantly reduce expected search costs, outweighing the 0.053 privacy cost based on historical benefits.",4,"### Decision:
I'll **purchase Firm 4** (choose number 4) because: 
- It offers a positive profit of 0.14
- Further search costs 0.02 with likely low expected gain due to personalized sorting","C9 Search #1 (Searched:1/8, SearchCost:0.00, BestProfit:0.14@F4) → Purchase F4",0.09,0.053,"[0.3, 0.09, 0.4, 0.53, 0.84, 0.28, 0.8, 0.18]"
8,9,C10,True,"Yes, because personalized recommendations with 8 firms significantly reduce expected search costs, outweighing the privacy cost of 0.033 based on past benefits.",2,"### Decision:
I'll **purchase Firm 2** (choose number 2) because: 
- It offers a positive profit of 0.05, which I must act on rationally.
- Additional search costs 0.02 and is unlikely to yield better profit due to sorted recommendations.","C10 Search #1 (Searched:1/8, SearchCost:0.00, BestProfit:0.05@F2) → Purchase F2",0.02,0.033,"[0.05, 0.83, 0.85, 0.25, 0.82, 0.05, 0.12, 0.28]"
8,9,C11,True,"Yes, because with 8 firms, personalized recommendations significantly reduce search costs, outweighing the privacy cost of 0.033.",3,"### Decision:
I'll **purchase Firm 3** (choose number 3) because: 
- It offers a positive profit of 0.18.
- Rational rule requires buying if positive profit is available to avoid unnecessary search costs.","C11 Search #1 (Searched:1/8, SearchCost:0.00, BestProfit:0.18@F3) → Purchase F3",0.15,0.033,"[0.02, 0.52, 0.32, 0.98, 0.4, 0.34, 0.88, 0.49]"
8,9,C12,True,"Yes, because personalized recommendations with 8 firms significantly reduce search costs, outweighing the 0.044 privacy cost.",-1,"### Decision:
I'll **leave** (choose number -1) because: 
- No positive profit from searched firm (profit 0.0).
- Additional search costs 0.02 with low expected benefit, risking lower revenue.","C12 Search #1 (Searched:1/8, SearchCost:0.00, BestProfit:0.00@F5) → Leave Market",-0.04,0.044,"[0.11, 0.18, 0.85, 0.82, 0.17, 1.0, 0.87, 0.02]"
8,9,C13,True,"Yes, because personalized recommendations with 8 firms significantly reduce expected search costs, exceeding the privacy cost of 0.034.",3,"### Decision:
I'll **purchase Firm 3** (choose number 3) because: 
- Current firm offers positive profit of 0.14.
- Expected gain from further search is minimal due to sorted recommendations.","C13 Search #1 (Searched:1/8, SearchCost:0.00, BestProfit:0.14@F3) → Purchase F3",0.11,0.034,"[0.07, 0.63, 0.4, 0.94, 0.57, 0.88, 0.44, 0.83]"
8,9,C14,True,"Yes, because personalized recommendations with 8 firms significantly reduce search costs, outweighing the low privacy cost of 0.035.",0,"### Decision:
I'll **purchase Firm 0** because: 
- It offers a positive profit of 0.18, requiring purchase as a rational consumer.
- With personalized recommendations sorting by highest value, further search is unlikely to yield gains and costs 0.02.","C14 Search #1 (Searched:1/8, SearchCost:0.00, BestProfit:0.18@F0) → Purchase F0",0.14,0.035,"[0.98, 0.62, 0.12, 0.0, 0.69, 0.62, 0.42, 0.51]"
8,9,C15,True,"Yes, because personalized recommendations with 8 firms reduce search costs more than the 0.051 privacy cost, based on past benefits.",2,"### Decision:
I'll **purchase Firm 2** (choose number 2) because: 
- It offers a positive profit of 0.09.
- Further searching costs 0.02 with uncertain and likely lower benefits due to personalized sorting.","C15 Search #1 (Searched:1/8, SearchCost:0.00, BestProfit:0.09@F2) → Purchase F2",0.04,0.051,"[0.65, 0.76, 0.89, 0.38, 0.73, 0.44, 0.49, 0.64]"
8,9,C16,True,"Yes, because with 8 firms, personalized recommendations significantly reduce expected search costs, outweighing the low privacy cost of 0.029.",7,"### Decision:
I'll **purchase Firm 7** because: 
- It offers a positive profit of 0.12.
- With personalized recommendations sorting by highest value, this is likely the best option, and further search costs 0.02 with low expected gain.","C16 Search #1 (Searched:1/8, SearchCost:0.00, BestProfit:0.12@F7) → Purchase F7",0.09,0.029,"[0.16, 0.72, 0.3, 0.55, 0.76, 0.67, 0.61, 0.82]"
8,9,C17,True,"Yes, because personalized recommendations with 8 firms significantly reduce search costs, outweighing the 0.05 privacy cost based on historical benefits.",7,"### Decision:  
I'll **purchase Firm 7** (choose number 7) because:  
- It offers a positive profit of 0.28, ensuring a gain.  
- Additional searches are unlikely to improve profit due to sorted recommendations and would add a 0.02 cost.","C17 Search #1 (Searched:1/8, SearchCost:0.00, BestProfit:0.28@F7) → Purchase F7",0.23,0.05,"[0.22, 0.73, 0.45, 0.1, 0.94, 0.98, 0.96, 0.98]"
8,9,C18,True,"Yes, because with 8 firms, personalized recommendations greatly reduce search costs, outweighing the 0.05 privacy cost based on historical benefits.",4,"### Decision:
I'll **purchase Firm 4** (choose number 4) because: 
- It offers a positive profit of 0.25.
- Personalized sorting likely ensures it's the best option, avoiding additional search costs.","C18 Search #1 (Searched:1/8, SearchCost:0.00, BestProfit:0.25@F4) → Purchase F4",0.2,0.05,"[0.31, 0.89, 0.25, 0.3, 0.95, 0.85, 0.39, 0.01]"
8,9,C19,True,"Yes, because personalized recommendations with 8 firms reduce search costs more than the 0.047 privacy cost, based on consistent historical benefits.",6,"### Decision:
I'll **purchase Firm 6** (choose number 6) because: 
- It offers a positive profit of 0.07.
- With personalized recommendations sorting searches, further exploration is unlikely to improve the deal and would add search costs.","C19 Search #1 (Searched:1/8, SearchCost:0.00, BestProfit:0.07@F6) → Purchase F6",0.02,0.047,"[0.94, 0.37, 0.01, 0.36, 0.23, 0.94, 0.97, 0.09]"
8,9,C20,True,"Yes, because with 8 firms, personalized recommendations significantly reduce search costs, outweighing the low privacy cost of 0.026.",2,"### Decision:
I'll **purchase Firm 2** (choose number 2) because: 
- It offers a positive profit of 0.1.
- Rationality rule requires buying if positive profit is available.","C20 Search #1 (Searched:1/8, SearchCost:0.00, BestProfit:0.10@F2) → Purchase F2",0.07,0.026,"[0.44, 0.31, 0.9, 0.51, 0.24, 0.14, 0.76, 0.53]"
8,10,C1,True,"Yes, because personalized recommendations for 8 firms significantly reduce search costs, outweighing the 0.036 privacy cost based on historical benefits.",3,"### Decision:
I'll **purchase Firm 3** because: 
- It offers a positive profit of 0.19, which is rational to accept.
- Searching further may yield diminishing returns due to sorted recommendations and incurs a search cost of 0.02.","C1 Search #1 (Searched:1/8, SearchCost:0.00, BestProfit:0.19@F3) → Purchase F3",0.15,0.036,"[0.63, 0.51, 0.25, 0.99, 0.93, 0.29, 0.17, 0.07]"
8,10,C2,True,"Yes, because personalized recommendations with 8 firms significantly reduce expected search costs, outweighing the 0.053 privacy cost based on historical benefits.",7,"### Decision:
I'll **purchase Firm 7** (choose number 7) because: 
- It offers a positive profit of 0.1.
- Expected benefit from additional search is low due to personalized sorting and search cost of 0.02.","C2 Search #1 (Searched:1/8, SearchCost:0.00, BestProfit:0.10@F7) → Purchase F7",0.05,0.053,"[0.28, 0.21, 0.15, 0.14, 0.29, 0.49, 0.32, 0.8]"
8,10,C3,True,"Yes, because personalized recommendations with 8 firms significantly reduce expected search costs, outweighing the 0.03 privacy cost based on historical benefits.",4,"### Decision:  
I'll **purchase Firm 4** because:  
- It offers a positive profit of 0.09  
- Expected gain from further search is unlikely to exceed the search cost of 0.02","C3 Search #1 (Searched:1/8, SearchCost:0.00, BestProfit:0.09@F4) → Purchase F4",0.06,0.03,"[0.47, 0.51, 0.14, 0.38, 0.79, 0.32, 0.64, 0.78]"
8,10,C4,True,"Yes, because with 8 firms, personalized recommendations significantly reduce expected search costs, outweighing the 0.049 privacy cost based on historical benefits.",3,"### Decision:
I'll **purchase Firm 3** (choose number 3) because: 
- It offers a positive profit of 0.05.
- I am rational and won't search further when positive profit exists.","C4 Search #1 (Searched:1/8, SearchCost:0.00, BestProfit:0.05@F3) → Purchase F3",0.0,0.049,"[0.59, 0.61, 0.19, 0.85, 0.41, 0.26, 0.54, 0.4]"
8,10,C5,True,"Yes, because the search cost savings from personalized recommendations with 8 firms outweigh the 0.04 privacy cost.",2,"### Decision:  
I'll **purchase Firm 2** (choose number 2) because:  
- It offers a positive profit of 0.18.  
- Further search costs 0.02 and is unlikely to yield a better deal given personalized sorting by valuation.","C5 Search #1 (Searched:1/8, SearchCost:0.00, BestProfit:0.18@F2) → Purchase F2",0.14,0.04,"[0.03, 0.74, 0.98, 0.26, 0.26, 0.92, 0.73, 0.49]"
8,10,C6,True,"Yes, because personalized recommendations with 8 firms greatly reduce search costs, outweighing the low privacy cost of 0.033 based on past benefits.",2,"### Decision:
I'll **purchase Firm 2** (choose number 2) because: 
- Positive profit of 0.19 available.
- With data sharing and sorting by valuation, additional search unlikely to yield better profit, given search cost of 0.02.","C6 Search #1 (Searched:1/8, SearchCost:0.00, BestProfit:0.19@F2) → Purchase F2",0.16,0.033,"[0.73, 0.88, 0.99, 0.99, 0.36, 0.27, 0.77, 0.91]"
8,10,C7,True,"Yes, because personalized recommendations with 8 firms greatly reduce search costs, outweighing the 0.043 privacy cost based on historical benefits.",5,"### Decision:
I'll **purchase Firm 5** (choose number 5) because: 
- Positive profit of 0.18 ensures gain.
- Avoids additional search cost with uncertain benefits.","C7 Search #1 (Searched:1/8, SearchCost:0.00, BestProfit:0.18@F5) → Purchase F5",0.14,0.043,"[0.86, 0.71, 0.08, 0.73, 0.13, 0.98, 0.02, 0.69]"
8,10,C8,True,"Yes, because with 8 firms, personalized recommendations significantly reduce search costs, outweighing the low privacy cost of 0.042 based on consistent past benefits.",1,"### Decision:
I'll **purchase Firm 1** (choose number 1) because: 
- Offers positive profit of 0.18
- Personalized recommendations indicate limited improvement from further search","C8 Search #1 (Searched:1/8, SearchCost:0.00, BestProfit:0.18@F1) → Purchase F1",0.14,0.042,"[0.08, 0.98, 0.98, 0.78, 0.31, 0.76, 0.69, 0.12]"
8,10,C9,True,"Yes, because personalized recommendations with 8 firms significantly reduce expected search costs, outweighing the 0.053 privacy cost based on historical benefits.",4,"### Decision:
I'll **purchase Firm 4** (choose number 4) because: 
- It offers a positive profit of 0.14
- Further search costs 0.02 with likely low expected gain due to personalized recommendations","C9 Search #1 (Searched:1/8, SearchCost:0.00, BestProfit:0.14@F4) → Purchase F4",0.09,0.053,"[0.3, 0.09, 0.4, 0.53, 0.84, 0.28, 0.8, 0.18]"
8,10,C10,True,"Yes, because personalized recommendations with 8 firms greatly reduce search costs, outweighing the low privacy cost of 0.033.",2,"### Decision:
I'll **purchase Firm 2** (choose number 2) because: 
- It offers a positive profit of 0.05, which I must act on rationally.
- Additional search costs 0.02 and is unlikely to yield better profit due to sorted recommendations.","C10 Search #1 (Searched:1/8, SearchCost:0.00, BestProfit:0.05@F2) → Purchase F2",0.02,0.033,"[0.05, 0.83, 0.85, 0.25, 0.82, 0.05, 0.12, 0.28]"
8,10,C11,True,"Yes, because with 8 firms, personalized recommendations significantly reduce search costs, outweighing the low privacy cost of 0.033 based on historical benefits.",3,"### Decision:
I'll **purchase Firm 3** (choose number 3) because: 
- It offers a positive profit of 0.18.
- Rational rule requires buying to avoid unnecessary search costs.","C11 Search #1 (Searched:1/8, SearchCost:0.00, BestProfit:0.18@F3) → Purchase F3",0.15,0.033,"[0.02, 0.52, 0.32, 0.98, 0.4, 0.34, 0.88, 0.49]"
8,10,C12,True,"Yes, because personalized recommendations with 8 firms significantly reduce expected search costs, outweighing the 0.044 privacy cost based on historical benefits.",5,"### Decision:  
I'll **purchase Firm 5** (choose number 5) because:  
- Firm 5 offers positive profit of 0.2.  
- Rational to buy when positive profit is available, avoiding additional search costs.","C12 Search #1 (Searched:1/8, SearchCost:0.00, BestProfit:0.20@F5) → Purchase F5",0.16,0.044,"[0.11, 0.18, 0.85, 0.82, 0.17, 1.0, 0.87, 0.02]"
8,10,C13,True,"Yes, because with 8 firms, personalized recommendations significantly reduce expected search costs, exceeding the privacy cost of 0.034.",3,"### Decision:
I'll **purchase Firm 3** (choose number 3) because: 
- Current firm offers positive profit of 0.14.
- Expected gain from further search is minimal due to sorted recommendations.","C13 Search #1 (Searched:1/8, SearchCost:0.00, BestProfit:0.14@F3) → Purchase F3",0.11,0.034,"[0.07, 0.63, 0.4, 0.94, 0.57, 0.88, 0.44, 0.83]"
8,10,C14,True,"Yes, because with 8 firms, personalized recommendations significantly reduce search costs, outweighing the low privacy cost of 0.035.",0,"### Decision:
I'll **purchase Firm 0** because: 
- It offers a positive profit of 0.18, requiring purchase as a rational consumer.
- With personalized recommendations sorting by highest value, further search is unlikely to yield significant gains and costs 0.02.","C14 Search #1 (Searched:1/8, SearchCost:0.00, BestProfit:0.18@F0) → Purchase F0",0.14,0.035,"[0.98, 0.62, 0.12, 0.0, 0.69, 0.62, 0.42, 0.51]"
8,10,C15,True,"Yes, because personalized recommendations with 8 firms significantly reduce search costs, outweighing the 0.051 privacy cost based on past benefits.",2,"### Decision:
I'll **purchase Firm 2** (choose number 2) because: 
- It offers a positive profit of 0.09.
- Further searching costs 0.02 with uncertain and likely lower benefits due to personalized sorting.","C15 Search #1 (Searched:1/8, SearchCost:0.00, BestProfit:0.09@F2) → Purchase F2",0.04,0.051,"[0.65, 0.76, 0.89, 0.38, 0.73, 0.44, 0.49, 0.64]"
8,10,C16,True,"Yes, because with 8 firms, personalized recommendations significantly reduce search costs, outweighing the low privacy cost of 0.029 based on past benefits.",7,"### Decision:
I'll **purchase Firm 7** because: 
- It offers a positive profit of 0.12.
- With personalized recommendations sorting by highest value, this is likely the best option, and further search costs 0.02 with low expected gain.","C16 Search #1 (Searched:1/8, SearchCost:0.00, BestProfit:0.12@F7) → Purchase F7",0.09,0.029,"[0.16, 0.72, 0.3, 0.55, 0.76, 0.67, 0.61, 0.82]"
8,10,C17,True,"Yes, because personalized recommendations with 8 firms will significantly reduce search costs, outweighing the 0.05 privacy cost based on historical benefits.",7,"### Decision:  
I'll **purchase Firm 7** (choose number 7) because:  
- It offers a positive profit of 0.28, ensuring a gain.  
- Additional searches are unlikely to improve profit due to sorted recommendations and would add a 0.02 cost.","C17 Search #1 (Searched:1/8, SearchCost:0.00, BestProfit:0.28@F7) → Purchase F7",0.23,0.05,"[0.22, 0.73, 0.45, 0.1, 0.94, 0.98, 0.96, 0.98]"
8,10,C18,True,"Yes, because personalized recommendations with 8 firms greatly reduce search costs, outweighing the 0.05 privacy cost based on historical benefits.",4,"### Decision:
I'll **purchase Firm 4** (choose number 4) because: 
- It offers a positive profit of 0.25.
- Personalized sorting likely ensures it's the best option, avoiding additional search costs.","C18 Search #1 (Searched:1/8, SearchCost:0.00, BestProfit:0.25@F4) → Purchase F4",0.2,0.05,"[0.31, 0.89, 0.25, 0.3, 0.95, 0.85, 0.39, 0.01]"
8,10,C19,True,"Yes, because personalized recommendations with 8 firms significantly reduce search costs, outweighing the 0.047 privacy cost based on consistent historical benefits.",6,"### Decision:
I'll **purchase Firm 6** (choose number 6) because: 
- It offers a positive profit of 0.17.
- With personalized recommendations, further searches are unlikely to improve the deal and would add search costs.","C19 Search #1 (Searched:1/8, SearchCost:0.00, BestProfit:0.17@F6) → Purchase F6",0.12,0.047,"[0.94, 0.37, 0.01, 0.36, 0.23, 0.94, 0.97, 0.09]"
8,10,C20,True,"Yes, because with 8 firms, personalized recommendations greatly reduce search costs, outweighing the low privacy cost of 0.026.",2,"### Decision:
I'll **purchase Firm 2** (choose number 2) because: 
- It offers a positive profit of 0.1.
- Rationality rule requires buying if positive profit is available.","C20 Search #1 (Searched:1/8, SearchCost:0.00, BestProfit:0.10@F2) → Purchase F2",0.07,0.026,"[0.44, 0.31, 0.9, 0.51, 0.24, 0.14, 0.76, 0.53]"
