firm_num,round,consumer_id,share,share_reason,final_choice,final_reason,decision_sequence,total_revenue,Privacy_Cost,Valuations
1,1,C1,,,,,,0.0,0.044,[0.17]
1,1,C2,,,,,,0.0,0.026,[0.14]
1,1,C3,,,,,,0.03,0.052,[0.53]
1,1,C4,,,,,,0.0,0.029,[0.14]
1,1,C5,,,,,,0.39,0.042,[0.89]
1,1,C6,,,,,,0.22,0.046,[0.72]
1,1,C7,,,,,,0.02,0.043,[0.52]
1,1,C8,,,,,,0.05,0.038,[0.55]
1,1,C9,,,,,,0.0,0.035,[0.14]
1,1,C10,,,,,,0.0,0.036,[0.06]
1,1,C11,,,,,,0.4,0.043,[0.9]
1,1,C12,,,,,,0.37,0.025,[0.87]
1,1,C13,,,,,,0.0,0.044,[0.05]
1,1,C14,,,,,,0.1,0.05,[0.6]
1,1,C15,,,,,,0.18,0.047,[0.68]
1,1,C16,,,,,,0.0,0.043,[0.19]
1,1,C17,,,,,,0.18,0.029,[0.68]
1,1,C18,,,,,,0.0,0.054,[0.33]
1,1,C19,,,,,,0.0,0.052,[0.41]
1,1,C20,,,,,,0.11,0.041,[0.61]
1,2,C1,,,,,,0.0,0.044,[0.17]
1,2,C2,,,,,,0.0,0.026,[0.14]
1,2,C3,,,,,,0.03,0.052,[0.53]
1,2,C4,,,,,,0.0,0.029,[0.14]
1,2,C5,,,,,,0.39,0.042,[0.89]
1,2,C6,,,,,,0.22,0.046,[0.72]
1,2,C7,,,,,,0.02,0.043,[0.52]
1,2,C8,,,,,,0.05,0.038,[0.55]
1,2,C9,,,,,,0.0,0.035,[0.14]
1,2,C10,,,,,,0.0,0.036,[0.06]
1,2,C11,,,,,,0.4,0.043,[0.9]
1,2,C12,,,,,,0.37,0.025,[0.87]
1,2,C13,,,,,,0.0,0.044,[0.05]
1,2,C14,,,,,,0.1,0.05,[0.6]
1,2,C15,,,,,,0.18,0.047,[0.68]
1,2,C16,,,,,,0.0,0.043,[0.19]
1,2,C17,,,,,,0.18,0.029,[0.68]
1,2,C18,,,,,,0.0,0.054,[0.33]
1,2,C19,,,,,,0.0,0.052,[0.41]
1,2,C20,,,,,,0.11,0.041,[0.61]
1,3,C1,,,,,,0.0,0.044,[0.17]
1,3,C2,,,,,,0.0,0.026,[0.14]
1,3,C3,,,,,,0.03,0.052,[0.53]
1,3,C4,,,,,,0.0,0.029,[0.14]
1,3,C5,,,,,,0.39,0.042,[0.89]
1,3,C6,,,,,,0.22,0.046,[0.72]
1,3,C7,,,,,,0.02,0.043,[0.52]
1,3,C8,,,,,,0.05,0.038,[0.55]
1,3,C9,,,,,,0.0,0.035,[0.14]
1,3,C10,,,,,,0.0,0.036,[0.06]
1,3,C11,,,,,,0.4,0.043,[0.9]
1,3,C12,,,,,,0.37,0.025,[0.87]
1,3,C13,,,,,,0.0,0.044,[0.05]
1,3,C14,,,,,,0.1,0.05,[0.6]
1,3,C15,,,,,,0.18,0.047,[0.68]
1,3,C16,,,,,,0.0,0.043,[0.19]
1,3,C17,,,,,,0.18,0.029,[0.68]
1,3,C18,,,,,,0.0,0.054,[0.33]
1,3,C19,,,,,,0.0,0.052,[0.41]
1,3,C20,,,,,,0.11,0.041,[0.61]
1,4,C1,,,,,,0.0,0.044,[0.17]
1,4,C2,,,,,,0.0,0.026,[0.14]
1,4,C3,,,,,,0.03,0.052,[0.53]
1,4,C4,,,,,,0.0,0.029,[0.14]
1,4,C5,,,,,,0.39,0.042,[0.89]
1,4,C6,,,,,,0.22,0.046,[0.72]
1,4,C7,,,,,,0.02,0.043,[0.52]
1,4,C8,,,,,,0.05,0.038,[0.55]
1,4,C9,,,,,,0.0,0.035,[0.14]
1,4,C10,,,,,,0.0,0.036,[0.06]
1,4,C11,,,,,,0.4,0.043,[0.9]
1,4,C12,,,,,,0.37,0.025,[0.87]
1,4,C13,,,,,,0.0,0.044,[0.05]
1,4,C14,,,,,,0.1,0.05,[0.6]
1,4,C15,,,,,,0.18,0.047,[0.68]
1,4,C16,,,,,,0.0,0.043,[0.19]
1,4,C17,,,,,,0.18,0.029,[0.68]
1,4,C18,,,,,,0.0,0.054,[0.33]
1,4,C19,,,,,,0.0,0.052,[0.41]
1,4,C20,,,,,,0.11,0.041,[0.61]
1,5,C1,,,,,,0.0,0.044,[0.17]
1,5,C2,,,,,,0.0,0.026,[0.14]
1,5,C3,,,,,,0.03,0.052,[0.53]
1,5,C4,,,,,,0.0,0.029,[0.14]
1,5,C5,,,,,,0.39,0.042,[0.89]
1,5,C6,,,,,,0.22,0.046,[0.72]
1,5,C7,,,,,,0.02,0.043,[0.52]
1,5,C8,,,,,,0.05,0.038,[0.55]
1,5,C9,,,,,,0.0,0.035,[0.14]
1,5,C10,,,,,,0.0,0.036,[0.06]
1,5,C11,,,,,,0.4,0.043,[0.9]
1,5,C12,,,,,,0.37,0.025,[0.87]
1,5,C13,,,,,,0.0,0.044,[0.05]
1,5,C14,,,,,,0.1,0.05,[0.6]
1,5,C15,,,,,,0.18,0.047,[0.68]
1,5,C16,,,,,,0.0,0.043,[0.19]
1,5,C17,,,,,,0.18,0.029,[0.68]
1,5,C18,,,,,,0.0,0.054,[0.33]
1,5,C19,,,,,,0.0,0.052,[0.41]
1,5,C20,,,,,,0.11,0.041,[0.61]
1,6,C1,,,,,,0.0,0.044,[0.17]
1,6,C2,,,,,,0.0,0.026,[0.14]
1,6,C3,,,,,,0.03,0.052,[0.53]
1,6,C4,,,,,,0.0,0.029,[0.14]
1,6,C5,,,,,,0.39,0.042,[0.89]
1,6,C6,,,,,,0.22,0.046,[0.72]
1,6,C7,,,,,,0.02,0.043,[0.52]
1,6,C8,,,,,,0.05,0.038,[0.55]
1,6,C9,,,,,,0.0,0.035,[0.14]
1,6,C10,,,,,,0.0,0.036,[0.06]
1,6,C11,,,,,,0.4,0.043,[0.9]
1,6,C12,,,,,,0.37,0.025,[0.87]
1,6,C13,,,,,,0.0,0.044,[0.05]
1,6,C14,,,,,,0.1,0.05,[0.6]
1,6,C15,,,,,,0.18,0.047,[0.68]
1,6,C16,,,,,,0.0,0.043,[0.19]
1,6,C17,,,,,,0.18,0.029,[0.68]
1,6,C18,,,,,,0.0,0.054,[0.33]
1,6,C19,,,,,,0.0,0.052,[0.41]
1,6,C20,,,,,,0.11,0.041,[0.61]
1,7,C1,,,,,,0.0,0.044,[0.17]
1,7,C2,,,,,,0.0,0.026,[0.14]
1,7,C3,,,,,,0.03,0.052,[0.53]
1,7,C4,,,,,,0.0,0.029,[0.14]
1,7,C5,,,,,,0.39,0.042,[0.89]
1,7,C6,,,,,,0.22,0.046,[0.72]
1,7,C7,,,,,,0.02,0.043,[0.52]
1,7,C8,,,,,,0.05,0.038,[0.55]
1,7,C9,,,,,,0.0,0.035,[0.14]
1,7,C10,,,,,,0.0,0.036,[0.06]
1,7,C11,,,,,,0.4,0.043,[0.9]
1,7,C12,,,,,,0.37,0.025,[0.87]
1,7,C13,,,,,,0.0,0.044,[0.05]
1,7,C14,,,,,,0.1,0.05,[0.6]
1,7,C15,,,,,,0.18,0.047,[0.68]
1,7,C16,,,,,,0.0,0.043,[0.19]
1,7,C17,,,,,,0.18,0.029,[0.68]
1,7,C18,,,,,,0.0,0.054,[0.33]
1,7,C19,,,,,,0.0,0.052,[0.41]
1,7,C20,,,,,,0.11,0.041,[0.61]
1,8,C1,,,,,,0.0,0.044,[0.17]
1,8,C2,,,,,,0.0,0.026,[0.14]
1,8,C3,,,,,,0.03,0.052,[0.53]
1,8,C4,,,,,,0.0,0.029,[0.14]
1,8,C5,,,,,,0.39,0.042,[0.89]
1,8,C6,,,,,,0.22,0.046,[0.72]
1,8,C7,,,,,,0.02,0.043,[0.52]
1,8,C8,,,,,,0.05,0.038,[0.55]
1,8,C9,,,,,,0.0,0.035,[0.14]
1,8,C10,,,,,,0.0,0.036,[0.06]
1,8,C11,,,,,,0.4,0.043,[0.9]
1,8,C12,,,,,,0.37,0.025,[0.87]
1,8,C13,,,,,,0.0,0.044,[0.05]
1,8,C14,,,,,,0.1,0.05,[0.6]
1,8,C15,,,,,,0.18,0.047,[0.68]
1,8,C16,,,,,,0.0,0.043,[0.19]
1,8,C17,,,,,,0.18,0.029,[0.68]
1,8,C18,,,,,,0.0,0.054,[0.33]
1,8,C19,,,,,,0.0,0.052,[0.41]
1,8,C20,,,,,,0.11,0.041,[0.61]
1,9,C1,,,,,,0.0,0.044,[0.17]
1,9,C2,,,,,,0.0,0.026,[0.14]
1,9,C3,,,,,,0.03,0.052,[0.53]
1,9,C4,,,,,,0.0,0.029,[0.14]
1,9,C5,,,,,,0.39,0.042,[0.89]
1,9,C6,,,,,,0.22,0.046,[0.72]
1,9,C7,,,,,,0.02,0.043,[0.52]
1,9,C8,,,,,,0.05,0.038,[0.55]
1,9,C9,,,,,,0.0,0.035,[0.14]
1,9,C10,,,,,,0.0,0.036,[0.06]
1,9,C11,,,,,,0.4,0.043,[0.9]
1,9,C12,,,,,,0.37,0.025,[0.87]
1,9,C13,,,,,,0.0,0.044,[0.05]
1,9,C14,,,,,,0.1,0.05,[0.6]
1,9,C15,,,,,,0.18,0.047,[0.68]
1,9,C16,,,,,,0.0,0.043,[0.19]
1,9,C17,,,,,,0.18,0.029,[0.68]
1,9,C18,,,,,,0.0,0.054,[0.33]
1,9,C19,,,,,,0.0,0.052,[0.41]
1,9,C20,,,,,,0.11,0.041,[0.61]
1,10,C1,,,,,,0.0,0.044,[0.17]
1,10,C2,,,,,,0.0,0.026,[0.14]
1,10,C3,,,,,,0.03,0.052,[0.53]
1,10,C4,,,,,,0.0,0.029,[0.14]
1,10,C5,,,,,,0.39,0.042,[0.89]
1,10,C6,,,,,,0.22,0.046,[0.72]
1,10,C7,,,,,,0.02,0.043,[0.52]
1,10,C8,,,,,,0.05,0.038,[0.55]
1,10,C9,,,,,,0.0,0.035,[0.14]
1,10,C10,,,,,,0.0,0.036,[0.06]
1,10,C11,,,,,,0.4,0.043,[0.9]
1,10,C12,,,,,,0.37,0.025,[0.87]
1,10,C13,,,,,,0.0,0.044,[0.05]
1,10,C14,,,,,,0.1,0.05,[0.6]
1,10,C15,,,,,,0.18,0.047,[0.68]
1,10,C16,,,,,,0.0,0.043,[0.19]
1,10,C17,,,,,,0.18,0.029,[0.68]
1,10,C18,,,,,,0.0,0.054,[0.33]
1,10,C19,,,,,,0.0,0.052,[0.41]
1,10,C20,,,,,,0.11,0.041,[0.61]
2,1,C1,,,,,,0.23,0.054,"[0.34, 0.7]"
2,1,C2,,,,,,0.38,0.036,"[0.88, 0.97]"
2,1,C3,,,,,,0.19,0.054,"[0.39, 0.66]"
2,1,C4,,,,,,0.29,0.027,"[0.81, 0.04]"
2,1,C5,,,,,,-0.02,0.029,"[0.42, 0.39]"
2,1,C6,,,,,,0.05,0.033,"[0.24, 0.52]"
2,1,C7,,,,,,0.39,0.052,"[0.26, 0.84]"
2,1,C8,,,,,,-0.02,0.046,"[0.18, 0.42]"
2,1,C9,,,,,,0.43,0.052,"[0.59, 0.9]"
2,1,C10,,,,,,0.26,0.039,"[0.78, 0.48]"
2,1,C11,,,,,,0.44,0.03,"[0.38, 0.91]"
2,1,C12,,,,,,-0.02,0.054,"[0.42, 0.05]"
2,1,C13,,,,,,0.16,0.037,"[0.44, 0.63]"
2,1,C14,,,,,,0.42,0.038,"[0.01, 0.87]"
2,1,C15,,,,,,-0.02,0.038,"[0.49, 0.38]"
2,1,C16,,,,,,0.02,0.047,"[0.26, 0.49]"
2,1,C17,,,,,,-0.02,0.054,"[0.48, 0.09]"
2,1,C18,,,,,,0.46,0.038,"[0.66, 0.93]"
2,1,C19,,,,,,0.3,0.029,"[0.78, 0.77]"
2,1,C20,,,,,,-0.02,0.033,"[0.47, 0.32]"
2,2,C1,,,,,,0.2,0.054,"[0.34, 0.7]"
2,2,C2,,,,,,0.49,0.036,"[0.88, 0.97]"
2,2,C3,,,,,,0.16,0.054,"[0.39, 0.66]"
2,2,C4,,,,,,0.34,0.027,"[0.81, 0.04]"
2,2,C5,,,,,,-0.02,0.029,"[0.42, 0.39]"
2,2,C6,,,,,,0.02,0.033,"[0.24, 0.52]"
2,2,C7,,,,,,0.36,0.052,"[0.26, 0.84]"
2,2,C8,,,,,,-0.02,0.046,"[0.18, 0.42]"
2,2,C9,,,,,,0.4,0.052,"[0.59, 0.9]"
2,2,C10,,,,,,0.31,0.039,"[0.78, 0.48]"
2,2,C11,,,,,,0.41,0.03,"[0.38, 0.91]"
2,2,C12,,,,,,-0.02,0.054,"[0.42, 0.05]"
2,2,C13,,,,,,0.13,0.037,"[0.44, 0.63]"
2,2,C14,,,,,,0.39,0.038,"[0.01, 0.87]"
2,2,C15,,,,,,0.02,0.038,"[0.49, 0.38]"
2,2,C16,,,,,,-0.01,0.047,"[0.26, 0.49]"
2,2,C17,,,,,,0.01,0.054,"[0.48, 0.09]"
2,2,C18,,,,,,0.43,0.038,"[0.66, 0.93]"
2,2,C19,,,,,,0.31,0.029,"[0.78, 0.77]"
2,2,C20,,,,,,0.0,0.033,"[0.47, 0.32]"
2,3,C1,,,,,,0.17,0.054,"[0.34, 0.7]"
2,3,C2,,,,,,0.46,0.036,"[0.88, 0.97]"
2,3,C3,,,,,,0.13,0.054,"[0.39, 0.66]"
2,3,C4,,,,,,0.31,0.027,"[0.81, 0.04]"
2,3,C5,,,,,,-0.02,0.029,"[0.42, 0.39]"
2,3,C6,,,,,,-0.01,0.033,"[0.24, 0.52]"
2,3,C7,,,,,,0.33,0.052,"[0.26, 0.84]"
2,3,C8,,,,,,-0.02,0.046,"[0.18, 0.42]"
2,3,C9,,,,,,0.39,0.052,"[0.59, 0.9]"
2,3,C10,,,,,,0.28,0.039,"[0.78, 0.48]"
2,3,C11,,,,,,0.4,0.03,"[0.38, 0.91]"
2,3,C12,,,,,,-0.02,0.054,"[0.42, 0.05]"
2,3,C13,,,,,,0.1,0.037,"[0.44, 0.63]"
2,3,C14,,,,,,0.36,0.038,"[0.01, 0.87]"
2,3,C15,,,,,,-0.01,0.038,"[0.49, 0.38]"
2,3,C16,,,,,,-0.02,0.047,"[0.26, 0.49]"
2,3,C17,,,,,,-0.02,0.054,"[0.48, 0.09]"
2,3,C18,,,,,,0.4,0.038,"[0.66, 0.93]"
2,3,C19,,,,,,0.28,0.029,"[0.78, 0.77]"
2,3,C20,,,,,,-0.02,0.033,"[0.47, 0.32]"
2,4,C1,,,,,,0.2,0.054,"[0.34, 0.7]"
2,4,C2,,,,,,0.37,0.036,"[0.88, 0.97]"
2,4,C3,,,,,,0.16,0.054,"[0.39, 0.66]"
2,4,C4,,,,,,0.28,0.027,"[0.81, 0.04]"
2,4,C5,,,,,,-0.02,0.029,"[0.42, 0.39]"
2,4,C6,,,,,,0.02,0.033,"[0.24, 0.52]"
2,4,C7,,,,,,0.34,0.052,"[0.26, 0.84]"
2,4,C8,,,,,,-0.02,0.046,"[0.18, 0.42]"
2,4,C9,,,,,,0.4,0.052,"[0.59, 0.9]"
2,4,C10,,,,,,0.25,0.039,"[0.78, 0.48]"
2,4,C11,,,,,,0.41,0.03,"[0.38, 0.91]"
2,4,C12,,,,,,-0.02,0.054,"[0.42, 0.05]"
2,4,C13,,,,,,0.13,0.037,"[0.44, 0.63]"
2,4,C14,,,,,,0.37,0.038,"[0.01, 0.87]"
2,4,C15,,,,,,-0.02,0.038,"[0.49, 0.38]"
2,4,C16,,,,,,-0.01,0.047,"[0.26, 0.49]"
2,4,C17,,,,,,-0.02,0.054,"[0.48, 0.09]"
2,4,C18,,,,,,0.45,0.038,"[0.66, 0.93]"
2,4,C19,,,,,,0.27,0.029,"[0.78, 0.77]"
2,4,C20,,,,,,-0.02,0.033,"[0.47, 0.32]"
2,5,C1,,,,,,0.18,0.054,"[0.34, 0.7]"
2,5,C2,,,,,,0.4,0.036,"[0.88, 0.97]"
2,5,C3,,,,,,0.14,0.054,"[0.39, 0.66]"
2,5,C4,,,,,,0.33,0.027,"[0.81, 0.04]"
2,5,C5,,,,,,-0.02,0.029,"[0.42, 0.39]"
2,5,C6,,,,,,0.0,0.033,"[0.24, 0.52]"
2,5,C7,,,,,,0.34,0.052,"[0.26, 0.84]"
2,5,C8,,,,,,-0.02,0.046,"[0.18, 0.42]"
2,5,C9,,,,,,0.38,0.052,"[0.59, 0.9]"
2,5,C10,,,,,,0.28,0.039,"[0.78, 0.48]"
2,5,C11,,,,,,0.39,0.03,"[0.38, 0.91]"
2,5,C12,,,,,,-0.02,0.054,"[0.42, 0.05]"
2,5,C13,,,,,,0.11,0.037,"[0.44, 0.63]"
2,5,C14,,,,,,0.35,0.038,"[0.01, 0.87]"
2,5,C15,,,,,,-0.01,0.038,"[0.49, 0.38]"
2,5,C16,,,,,,-0.02,0.047,"[0.26, 0.49]"
2,5,C17,,,,,,-0.02,0.054,"[0.48, 0.09]"
2,5,C18,,,,,,0.41,0.038,"[0.66, 0.93]"
2,5,C19,,,,,,0.28,0.029,"[0.78, 0.77]"
2,5,C20,,,,,,-0.02,0.033,"[0.47, 0.32]"
2,6,C1,,,,,,0.2,0.054,"[0.34, 0.7]"
2,6,C2,,,,,,0.49,0.036,"[0.88, 0.97]"
2,6,C3,,,,,,0.16,0.054,"[0.39, 0.66]"
2,6,C4,,,,,,0.29,0.027,"[0.81, 0.04]"
2,6,C5,,,,,,-0.02,0.029,"[0.42, 0.39]"
2,6,C6,,,,,,0.02,0.033,"[0.24, 0.52]"
2,6,C7,,,,,,0.36,0.052,"[0.26, 0.84]"
2,6,C8,,,,,,-0.02,0.046,"[0.18, 0.42]"
2,6,C9,,,,,,0.4,0.052,"[0.59, 0.9]"
2,6,C10,,,,,,0.26,0.039,"[0.78, 0.48]"
2,6,C11,,,,,,0.43,0.03,"[0.38, 0.91]"
2,6,C12,,,,,,-0.02,0.054,"[0.42, 0.05]"
2,6,C13,,,,,,0.13,0.037,"[0.44, 0.63]"
2,6,C14,,,,,,0.37,0.038,"[0.01, 0.87]"
2,6,C15,,,,,,-0.02,0.038,"[0.49, 0.38]"
2,6,C16,,,,,,-0.01,0.047,"[0.26, 0.49]"
2,6,C17,,,,,,-0.02,0.054,"[0.48, 0.09]"
2,6,C18,,,,,,0.43,0.038,"[0.66, 0.93]"
2,6,C19,,,,,,0.27,0.029,"[0.78, 0.77]"
2,6,C20,,,,,,-0.02,0.033,"[0.47, 0.32]"
2,7,C1,,,,,,0.22,0.054,"[0.34, 0.7]"
2,7,C2,,,,,,0.51,0.036,"[0.88, 0.97]"
2,7,C3,,,,,,0.18,0.054,"[0.39, 0.66]"
2,7,C4,,,,,,0.33,0.027,"[0.81, 0.04]"
2,7,C5,,,,,,-0.02,0.029,"[0.42, 0.39]"
2,7,C6,,,,,,0.04,0.033,"[0.24, 0.52]"
2,7,C7,,,,,,0.36,0.052,"[0.26, 0.84]"
2,7,C8,,,,,,-0.02,0.046,"[0.18, 0.42]"
2,7,C9,,,,,,0.42,0.052,"[0.59, 0.9]"
2,7,C10,,,,,,0.28,0.039,"[0.78, 0.48]"
2,7,C11,,,,,,0.43,0.03,"[0.38, 0.91]"
2,7,C12,,,,,,-0.02,0.054,"[0.42, 0.05]"
2,7,C13,,,,,,0.15,0.037,"[0.44, 0.63]"
2,7,C14,,,,,,0.41,0.038,"[0.01, 0.87]"
2,7,C15,,,,,,-0.01,0.038,"[0.49, 0.38]"
2,7,C16,,,,,,0.01,0.047,"[0.26, 0.49]"
2,7,C17,,,,,,-0.02,0.054,"[0.48, 0.09]"
2,7,C18,,,,,,0.45,0.038,"[0.66, 0.93]"
2,7,C19,,,,,,0.29,0.029,"[0.78, 0.77]"
2,7,C20,,,,,,-0.02,0.033,"[0.47, 0.32]"
2,8,C1,,,,,,0.2,0.054,"[0.34, 0.7]"
2,8,C2,,,,,,0.43,0.036,"[0.88, 0.97]"
2,8,C3,,,,,,0.16,0.054,"[0.39, 0.66]"
2,8,C4,,,,,,0.34,0.027,"[0.81, 0.04]"
2,8,C5,,,,,,-0.02,0.029,"[0.42, 0.39]"
2,8,C6,,,,,,0.02,0.033,"[0.24, 0.52]"
2,8,C7,,,,,,0.36,0.052,"[0.26, 0.84]"
2,8,C8,,,,,,-0.02,0.046,"[0.18, 0.42]"
2,8,C9,,,,,,0.42,0.052,"[0.59, 0.9]"
2,8,C10,,,,,,0.31,0.039,"[0.78, 0.48]"
2,8,C11,,,,,,0.43,0.03,"[0.38, 0.91]"
2,8,C12,,,,,,-0.02,0.054,"[0.42, 0.05]"
2,8,C13,,,,,,0.13,0.037,"[0.44, 0.63]"
2,8,C14,,,,,,0.37,0.038,"[0.01, 0.87]"
2,8,C15,,,,,,0.02,0.038,"[0.49, 0.38]"
2,8,C16,,,,,,-0.01,0.047,"[0.26, 0.49]"
2,8,C17,,,,,,0.01,0.054,"[0.48, 0.09]"
2,8,C18,,,,,,0.43,0.038,"[0.66, 0.93]"
2,8,C19,,,,,,0.31,0.029,"[0.78, 0.77]"
2,8,C20,,,,,,0.0,0.033,"[0.47, 0.32]"
2,9,C1,,,,,,0.23,0.054,"[0.34, 0.7]"
2,9,C2,,,,,,0.52,0.036,"[0.88, 0.97]"
2,9,C3,,,,,,0.19,0.054,"[0.39, 0.66]"
2,9,C4,,,,,,0.31,0.027,"[0.81, 0.04]"
2,9,C5,,,,,,-0.02,0.029,"[0.42, 0.39]"
2,9,C6,,,,,,0.05,0.033,"[0.24, 0.52]"
2,9,C7,,,,,,0.37,0.052,"[0.26, 0.84]"
2,9,C8,,,,,,-0.02,0.046,"[0.18, 0.42]"
2,9,C9,,,,,,0.43,0.052,"[0.59, 0.9]"
2,9,C10,,,,,,0.28,0.039,"[0.78, 0.48]"
2,9,C11,,,,,,0.44,0.03,"[0.38, 0.91]"
2,9,C12,,,,,,-0.02,0.054,"[0.42, 0.05]"
2,9,C13,,,,,,0.16,0.037,"[0.44, 0.63]"
2,9,C14,,,,,,0.42,0.038,"[0.01, 0.87]"
2,9,C15,,,,,,-0.01,0.038,"[0.49, 0.38]"
2,9,C16,,,,,,0.02,0.047,"[0.26, 0.49]"
2,9,C17,,,,,,-0.02,0.054,"[0.48, 0.09]"
2,9,C18,,,,,,0.46,0.038,"[0.66, 0.93]"
2,9,C19,,,,,,0.3,0.029,"[0.78, 0.77]"
2,9,C20,,,,,,-0.02,0.033,"[0.47, 0.32]"
2,10,C1,,,,,,0.22,0.054,"[0.34, 0.7]"
2,10,C2,,,,,,0.44,0.036,"[0.88, 0.97]"
2,10,C3,,,,,,0.18,0.054,"[0.39, 0.66]"
2,10,C4,,,,,,0.37,0.027,"[0.81, 0.04]"
2,10,C5,,,,,,-0.02,0.029,"[0.42, 0.39]"
2,10,C6,,,,,,0.04,0.033,"[0.24, 0.52]"
2,10,C7,,,,,,0.38,0.052,"[0.26, 0.84]"
2,10,C8,,,,,,-0.02,0.046,"[0.18, 0.42]"
2,10,C9,,,,,,0.42,0.052,"[0.59, 0.9]"
2,10,C10,,,,,,0.32,0.039,"[0.78, 0.48]"
2,10,C11,,,,,,0.43,0.03,"[0.38, 0.91]"
2,10,C12,,,,,,-0.02,0.054,"[0.42, 0.05]"
2,10,C13,,,,,,0.15,0.037,"[0.44, 0.63]"
2,10,C14,,,,,,0.39,0.038,"[0.01, 0.87]"
2,10,C15,,,,,,0.03,0.038,"[0.49, 0.38]"
2,10,C16,,,,,,0.01,0.047,"[0.26, 0.49]"
2,10,C17,,,,,,0.02,0.054,"[0.48, 0.09]"
2,10,C18,,,,,,0.45,0.038,"[0.66, 0.93]"
2,10,C19,,,,,,0.32,0.029,"[0.78, 0.77]"
2,10,C20,,,,,,0.01,0.033,"[0.47, 0.32]"
3,1,C1,,,,,,0.26,0.054,"[0.74, 0.23, 0.78]"
3,1,C2,,,,,,-0.04,0.035,"[0.17, 0.04, 0.37]"
3,1,C3,,,,,,0.38,0.038,"[0.77, 0.49, 0.9]"
3,1,C4,,,,,,-0.04,0.047,"[0.34, 0.06, 0.14]"
3,1,C5,,,,,,0.03,0.027,"[0.66, 0.12, 0.62]"
3,1,C6,,,,,,0.02,0.043,"[0.66, 0.59, 0.12]"
3,1,C7,,,,,,0.29,0.052,"[0.13, 0.19, 0.83]"
3,1,C8,,,,,,0.34,0.029,"[0.97, 0.23, 0.93]"
3,1,C9,,,,,,0.05,0.048,"[0.53, 0.71, 0.5]"
3,1,C10,,,,,,-0.03,0.027,"[0.26, 0.0, 0.09]"
3,1,C11,,,,,,0.16,0.047,"[0.61, 0.55, 0.7]"
3,1,C12,,,,,,-0.03,0.047,"[0.54, 0.42, 0.51]"
3,1,C13,,,,,,0.18,0.044,"[0.04, 0.43, 0.72]"
3,1,C14,,,,,,0.14,0.053,"[0.49, 0.27, 0.68]"
3,1,C15,,,,,,0.35,0.026,"[0.98, 0.14, 0.64]"
3,1,C16,,,,,,0.42,0.041,"[0.06, 0.27, 0.94]"
3,1,C17,,,,,,0.08,0.043,"[0.67, 0.29, 0.62]"
3,1,C18,,,,,,0.31,0.039,"[0.36, 0.0, 0.85]"
3,1,C19,,,,,,0.01,0.045,"[0.48, 0.2, 0.55]"
3,1,C20,,,,,,0.3,0.051,"[0.53, 0.54, 0.82]"
3,2,C1,,,,,,0.24,0.054,"[0.74, 0.23, 0.78]"
3,2,C2,,,,,,-0.04,0.035,"[0.17, 0.04, 0.37]"
3,2,C3,,,,,,0.36,0.038,"[0.77, 0.49, 0.9]"
3,2,C4,,,,,,-0.04,0.047,"[0.34, 0.06, 0.14]"
3,2,C5,,,,,,0.13,0.027,"[0.66, 0.12, 0.62]"
3,2,C6,,,,,,0.12,0.043,"[0.66, 0.59, 0.12]"
3,2,C7,,,,,,0.31,0.052,"[0.13, 0.19, 0.83]"
3,2,C8,,,,,,0.44,0.029,"[0.97, 0.23, 0.93]"
3,2,C9,,,,,,0.17,0.048,"[0.53, 0.71, 0.5]"
3,2,C10,,,,,,-0.03,0.027,"[0.26, 0.0, 0.09]"
3,2,C11,,,,,,0.16,0.047,"[0.61, 0.55, 0.7]"
3,2,C12,,,,,,0.0,0.047,"[0.54, 0.42, 0.51]"
3,2,C13,,,,,,0.18,0.044,"[0.04, 0.43, 0.72]"
3,2,C14,,,,,,0.14,0.053,"[0.49, 0.27, 0.68]"
3,2,C15,,,,,,0.45,0.026,"[0.98, 0.14, 0.64]"
3,2,C16,,,,,,0.4,0.041,"[0.06, 0.27, 0.94]"
3,2,C17,,,,,,0.13,0.043,"[0.67, 0.29, 0.62]"
3,2,C18,,,,,,0.31,0.039,"[0.36, 0.0, 0.85]"
3,2,C19,,,,,,0.01,0.045,"[0.48, 0.2, 0.55]"
3,2,C20,,,,,,0.3,0.051,"[0.53, 0.54, 0.82]"
3,3,C1,,,,,,0.3,0.054,"[0.74, 0.23, 0.78]"
3,3,C2,,,,,,-0.04,0.035,"[0.17, 0.04, 0.37]"
3,3,C3,,,,,,0.38,0.038,"[0.77, 0.49, 0.9]"
3,3,C4,,,,,,-0.04,0.047,"[0.34, 0.06, 0.14]"
3,3,C5,,,,,,0.23,0.027,"[0.66, 0.12, 0.62]"
3,3,C6,,,,,,0.22,0.043,"[0.66, 0.59, 0.12]"
3,3,C7,,,,,,0.29,0.052,"[0.13, 0.19, 0.83]"
3,3,C8,,,,,,0.54,0.029,"[0.97, 0.23, 0.93]"
3,3,C9,,,,,,0.27,0.048,"[0.53, 0.71, 0.5]"
3,3,C10,,,,,,-0.03,0.027,"[0.26, 0.0, 0.09]"
3,3,C11,,,,,,0.17,0.047,"[0.61, 0.55, 0.7]"
3,3,C12,,,,,,0.1,0.047,"[0.54, 0.42, 0.51]"
3,3,C13,,,,,,0.18,0.044,"[0.04, 0.43, 0.72]"
3,3,C14,,,,,,0.14,0.053,"[0.49, 0.27, 0.68]"
3,3,C15,,,,,,0.55,0.026,"[0.98, 0.14, 0.64]"
3,3,C16,,,,,,0.42,0.041,"[0.06, 0.27, 0.94]"
3,3,C17,,,,,,0.23,0.043,"[0.67, 0.29, 0.62]"
3,3,C18,,,,,,0.31,0.039,"[0.36, 0.0, 0.85]"
3,3,C19,,,,,,0.04,0.045,"[0.48, 0.2, 0.55]"
3,3,C20,,,,,,0.28,0.051,"[0.53, 0.54, 0.82]"
3,4,C1,,,,,,0.42,0.054,"[0.74, 0.23, 0.78]"
3,4,C2,,,,,,-0.04,0.035,"[0.17, 0.04, 0.37]"
3,4,C3,,,,,,0.5,0.038,"[0.77, 0.49, 0.9]"
3,4,C4,,,,,,0.0,0.047,"[0.34, 0.06, 0.14]"
3,4,C5,,,,,,0.33,0.027,"[0.66, 0.12, 0.62]"
3,4,C6,,,,,,0.32,0.043,"[0.66, 0.59, 0.12]"
3,4,C7,,,,,,0.39,0.052,"[0.13, 0.19, 0.83]"
3,4,C8,,,,,,0.64,0.029,"[0.97, 0.23, 0.93]"
3,4,C9,,,,,,0.19,0.048,"[0.53, 0.71, 0.5]"
3,4,C10,,,,,,-0.03,0.027,"[0.26, 0.0, 0.09]"
3,4,C11,,,,,,0.27,0.047,"[0.61, 0.55, 0.7]"
3,4,C12,,,,,,0.2,0.047,"[0.54, 0.42, 0.51]"
3,4,C13,,,,,,0.28,0.044,"[0.04, 0.43, 0.72]"
3,4,C14,,,,,,0.24,0.053,"[0.49, 0.27, 0.68]"
3,4,C15,,,,,,0.65,0.026,"[0.98, 0.14, 0.64]"
3,4,C16,,,,,,0.52,0.041,"[0.06, 0.27, 0.94]"
3,4,C17,,,,,,0.33,0.043,"[0.67, 0.29, 0.62]"
3,4,C18,,,,,,0.41,0.039,"[0.36, 0.0, 0.85]"
3,4,C19,,,,,,0.14,0.045,"[0.48, 0.2, 0.55]"
3,4,C20,,,,,,0.38,0.051,"[0.53, 0.54, 0.82]"
3,5,C1,,,,,,0.44,0.054,"[0.74, 0.23, 0.78]"
3,5,C2,,,,,,0.03,0.035,"[0.17, 0.04, 0.37]"
3,5,C3,,,,,,0.56,0.038,"[0.77, 0.49, 0.9]"
3,5,C4,,,,,,-0.04,0.047,"[0.34, 0.06, 0.14]"
3,5,C5,,,,,,0.23,0.027,"[0.66, 0.12, 0.62]"
3,5,C6,,,,,,0.25,0.043,"[0.66, 0.59, 0.12]"
3,5,C7,,,,,,0.51,0.052,"[0.13, 0.19, 0.83]"
3,5,C8,,,,,,0.54,0.029,"[0.97, 0.23, 0.93]"
3,5,C9,,,,,,0.37,0.048,"[0.53, 0.71, 0.5]"
3,5,C10,,,,,,-0.03,0.027,"[0.26, 0.0, 0.09]"
3,5,C11,,,,,,0.36,0.047,"[0.61, 0.55, 0.7]"
3,5,C12,,,,,,0.17,0.047,"[0.54, 0.42, 0.51]"
3,5,C13,,,,,,0.38,0.044,"[0.04, 0.43, 0.72]"
3,5,C14,,,,,,0.34,0.053,"[0.49, 0.27, 0.68]"
3,5,C15,,,,,,0.55,0.026,"[0.98, 0.14, 0.64]"
3,5,C16,,,,,,0.6,0.041,"[0.06, 0.27, 0.94]"
3,5,C17,,,,,,0.28,0.043,"[0.67, 0.29, 0.62]"
3,5,C18,,,,,,0.51,0.039,"[0.36, 0.0, 0.85]"
3,5,C19,,,,,,0.21,0.045,"[0.48, 0.2, 0.55]"
3,5,C20,,,,,,0.5,0.051,"[0.53, 0.54, 0.82]"
3,6,C1,,,,,,0.44,0.054,"[0.74, 0.23, 0.78]"
3,6,C2,,,,,,0.03,0.035,"[0.17, 0.04, 0.37]"
3,6,C3,,,,,,0.58,0.038,"[0.77, 0.49, 0.9]"
3,6,C4,,,,,,0.0,0.047,"[0.34, 0.06, 0.14]"
3,6,C5,,,,,,0.33,0.027,"[0.66, 0.12, 0.62]"
3,6,C6,,,,,,0.32,0.043,"[0.66, 0.59, 0.12]"
3,6,C7,,,,,,0.51,0.052,"[0.13, 0.19, 0.83]"
3,6,C8,,,,,,0.64,0.029,"[0.97, 0.23, 0.93]"
3,6,C9,,,,,,0.42,0.048,"[0.53, 0.71, 0.5]"
3,6,C10,,,,,,-0.03,0.027,"[0.26, 0.0, 0.09]"
3,6,C11,,,,,,0.36,0.047,"[0.61, 0.55, 0.7]"
3,6,C12,,,,,,0.2,0.047,"[0.54, 0.42, 0.51]"
3,6,C13,,,,,,0.38,0.044,"[0.04, 0.43, 0.72]"
3,6,C14,,,,,,0.34,0.053,"[0.49, 0.27, 0.68]"
3,6,C15,,,,,,0.65,0.026,"[0.98, 0.14, 0.64]"
3,6,C16,,,,,,0.64,0.041,"[0.06, 0.27, 0.94]"
3,6,C17,,,,,,0.33,0.043,"[0.67, 0.29, 0.62]"
3,6,C18,,,,,,0.51,0.039,"[0.36, 0.0, 0.85]"
3,6,C19,,,,,,0.21,0.045,"[0.48, 0.2, 0.55]"
3,6,C20,,,,,,0.52,0.051,"[0.53, 0.54, 0.82]"
3,7,C1,,,,,,0.44,0.054,"[0.74, 0.23, 0.78]"
3,7,C2,,,,,,0.03,0.035,"[0.17, 0.04, 0.37]"
3,7,C3,,,,,,0.6,0.038,"[0.77, 0.49, 0.9]"
3,7,C4,,,,,,0.0,0.047,"[0.34, 0.06, 0.14]"
3,7,C5,,,,,,0.33,0.027,"[0.66, 0.12, 0.62]"
3,7,C6,,,,,,0.32,0.043,"[0.66, 0.59, 0.12]"
3,7,C7,,,,,,0.51,0.052,"[0.13, 0.19, 0.83]"
3,7,C8,,,,,,0.64,0.029,"[0.97, 0.23, 0.93]"
3,7,C9,,,,,,0.37,0.048,"[0.53, 0.71, 0.5]"
3,7,C10,,,,,,-0.03,0.027,"[0.26, 0.0, 0.09]"
3,7,C11,,,,,,0.36,0.047,"[0.61, 0.55, 0.7]"
3,7,C12,,,,,,0.2,0.047,"[0.54, 0.42, 0.51]"
3,7,C13,,,,,,0.38,0.044,"[0.04, 0.43, 0.72]"
3,7,C14,,,,,,0.34,0.053,"[0.49, 0.27, 0.68]"
3,7,C15,,,,,,0.65,0.026,"[0.98, 0.14, 0.64]"
3,7,C16,,,,,,0.64,0.041,"[0.06, 0.27, 0.94]"
3,7,C17,,,,,,0.33,0.043,"[0.67, 0.29, 0.62]"
3,7,C18,,,,,,0.51,0.039,"[0.36, 0.0, 0.85]"
3,7,C19,,,,,,0.21,0.045,"[0.48, 0.2, 0.55]"
3,7,C20,,,,,,0.5,0.051,"[0.53, 0.54, 0.82]"
3,8,C1,,,,,,0.44,0.054,"[0.74, 0.23, 0.78]"
3,8,C2,,,,,,0.03,0.035,"[0.17, 0.04, 0.37]"
3,8,C3,,,,,,0.58,0.038,"[0.77, 0.49, 0.9]"
3,8,C4,,,,,,0.0,0.047,"[0.34, 0.06, 0.14]"
3,8,C5,,,,,,0.33,0.027,"[0.66, 0.12, 0.62]"
3,8,C6,,,,,,0.32,0.043,"[0.66, 0.59, 0.12]"
3,8,C7,,,,,,0.53,0.052,"[0.13, 0.19, 0.83]"
3,8,C8,,,,,,0.64,0.029,"[0.97, 0.23, 0.93]"
3,8,C9,,,,,,0.37,0.048,"[0.53, 0.71, 0.5]"
3,8,C10,,,,,,-0.03,0.027,"[0.26, 0.0, 0.09]"
3,8,C11,,,,,,0.36,0.047,"[0.61, 0.55, 0.7]"
3,8,C12,,,,,,0.2,0.047,"[0.54, 0.42, 0.51]"
3,8,C13,,,,,,0.38,0.044,"[0.04, 0.43, 0.72]"
3,8,C14,,,,,,0.34,0.053,"[0.49, 0.27, 0.68]"
3,8,C15,,,,,,0.65,0.026,"[0.98, 0.14, 0.64]"
3,8,C16,,,,,,0.64,0.041,"[0.06, 0.27, 0.94]"
3,8,C17,,,,,,0.33,0.043,"[0.67, 0.29, 0.62]"
3,8,C18,,,,,,0.55,0.039,"[0.36, 0.0, 0.85]"
3,8,C19,,,,,,0.21,0.045,"[0.48, 0.2, 0.55]"
3,8,C20,,,,,,0.52,0.051,"[0.53, 0.54, 0.82]"
3,9,C1,,,,,,0.44,0.054,"[0.74, 0.23, 0.78]"
3,9,C2,,,,,,0.03,0.035,"[0.17, 0.04, 0.37]"
3,9,C3,,,,,,0.56,0.038,"[0.77, 0.49, 0.9]"
3,9,C4,,,,,,0.0,0.047,"[0.34, 0.06, 0.14]"
3,9,C5,,,,,,0.33,0.027,"[0.66, 0.12, 0.62]"
3,9,C6,,,,,,0.32,0.043,"[0.66, 0.59, 0.12]"
3,9,C7,,,,,,0.53,0.052,"[0.13, 0.19, 0.83]"
3,9,C8,,,,,,0.64,0.029,"[0.97, 0.23, 0.93]"
3,9,C9,,,,,,0.37,0.048,"[0.53, 0.71, 0.5]"
3,9,C10,,,,,,-0.03,0.027,"[0.26, 0.0, 0.09]"
3,9,C11,,,,,,0.36,0.047,"[0.61, 0.55, 0.7]"
3,9,C12,,,,,,0.2,0.047,"[0.54, 0.42, 0.51]"
3,9,C13,,,,,,0.38,0.044,"[0.04, 0.43, 0.72]"
3,9,C14,,,,,,0.34,0.053,"[0.49, 0.27, 0.68]"
3,9,C15,,,,,,0.65,0.026,"[0.98, 0.14, 0.64]"
3,9,C16,,,,,,0.64,0.041,"[0.06, 0.27, 0.94]"
3,9,C17,,,,,,0.33,0.043,"[0.67, 0.29, 0.62]"
3,9,C18,,,,,,0.55,0.039,"[0.36, 0.0, 0.85]"
3,9,C19,,,,,,0.21,0.045,"[0.48, 0.2, 0.55]"
3,9,C20,,,,,,0.52,0.051,"[0.53, 0.54, 0.82]"
3,10,C1,,,,,,0.44,0.054,"[0.74, 0.23, 0.78]"
3,10,C2,,,,,,0.03,0.035,"[0.17, 0.04, 0.37]"
3,10,C3,,,,,,0.58,0.038,"[0.77, 0.49, 0.9]"
3,10,C4,,,,,,0.0,0.047,"[0.34, 0.06, 0.14]"
3,10,C5,,,,,,0.33,0.027,"[0.66, 0.12, 0.62]"
3,10,C6,,,,,,0.32,0.043,"[0.66, 0.59, 0.12]"
3,10,C7,,,,,,0.51,0.052,"[0.13, 0.19, 0.83]"
3,10,C8,,,,,,0.64,0.029,"[0.97, 0.23, 0.93]"
3,10,C9,,,,,,0.37,0.048,"[0.53, 0.71, 0.5]"
3,10,C10,,,,,,-0.03,0.027,"[0.26, 0.0, 0.09]"
3,10,C11,,,,,,0.36,0.047,"[0.61, 0.55, 0.7]"
3,10,C12,,,,,,0.2,0.047,"[0.54, 0.42, 0.51]"
3,10,C13,,,,,,0.38,0.044,"[0.04, 0.43, 0.72]"
3,10,C14,,,,,,0.34,0.053,"[0.49, 0.27, 0.68]"
3,10,C15,,,,,,0.65,0.026,"[0.98, 0.14, 0.64]"
3,10,C16,,,,,,0.62,0.041,"[0.06, 0.27, 0.94]"
3,10,C17,,,,,,0.33,0.043,"[0.67, 0.29, 0.62]"
3,10,C18,,,,,,0.51,0.039,"[0.36, 0.0, 0.85]"
3,10,C19,,,,,,0.21,0.045,"[0.48, 0.2, 0.55]"
3,10,C20,,,,,,0.52,0.051,"[0.53, 0.54, 0.82]"
4,1,C1,,,,,,0.24,0.043,"[0.55, 0.81, 0.54, 0.88]"
4,1,C2,,,,,,0.4,0.044,"[0.58, 0.94, 0.48, 0.26]"
4,1,C3,,,,,,0.06,0.053,"[0.54, 0.26, 0.7, 0.07]"
4,1,C4,,,,,,0.12,0.055,"[0.03, 0.48, 0.45, 0.78]"
4,1,C5,,,,,,0.36,0.042,"[0.18, 0.49, 0.22, 1.0]"
4,1,C6,,,,,,0.28,0.042,"[0.82, 0.25, 0.41, 0.37]"
4,1,C7,,,,,,0.29,0.028,"[0.17, 0.82, 0.06, 0.53]"
4,1,C8,,,,,,0.29,0.05,"[0.46, 0.52, 0.03, 0.95]"
4,1,C9,,,,,,0.36,0.032,"[0.59, 0.89, 0.22, 0.18]"
4,1,C10,,,,,,0.03,0.05,"[0.53, 0.4, 0.56, 0.69]"
4,1,C11,,,,,,0.37,0.041,"[0.61, 0.91, 0.01, 0.31]"
4,1,C12,,,,,,0.28,0.042,"[0.82, 0.18, 0.31, 0.35]"
4,1,C13,,,,,,0.22,0.025,"[0.19, 0.59, 0.24, 0.85]"
4,1,C14,,,,,,0.13,0.052,"[0.58, 0.52, 0.77, 0.35]"
4,1,C15,,,,,,-0.04,0.035,"[0.07, 0.53, 0.31, 0.46]"
4,1,C16,,,,,,0.14,0.043,"[0.08, 0.2, 0.76, 0.2]"
4,1,C17,,,,,,0.32,0.039,"[0.63, 0.56, 0.18, 0.96]"
4,1,C18,,,,,,0.33,0.042,"[0.63, 0.65, 0.29, 0.97]"
4,1,C19,,,,,,0.1,0.052,"[0.54, 0.51, 0.47, 0.76]"
4,1,C20,,,,,,0.24,0.031,"[0.75, 0.45, 0.18, 0.87]"
4,2,C1,,,,,,0.24,0.043,"[0.55, 0.81, 0.54, 0.88]"
4,2,C2,,,,,,0.3,0.044,"[0.58, 0.94, 0.48, 0.26]"
4,2,C3,,,,,,0.04,0.053,"[0.54, 0.26, 0.7, 0.07]"
4,2,C4,,,,,,0.12,0.055,"[0.03, 0.48, 0.45, 0.78]"
4,2,C5,,,,,,0.36,0.042,"[0.18, 0.49, 0.22, 1.0]"
4,2,C6,,,,,,0.18,0.042,"[0.82, 0.25, 0.41, 0.37]"
4,2,C7,,,,,,0.19,0.028,"[0.17, 0.82, 0.06, 0.53]"
4,2,C8,,,,,,0.33,0.05,"[0.46, 0.52, 0.03, 0.95]"
4,2,C9,,,,,,0.26,0.032,"[0.59, 0.89, 0.22, 0.18]"
4,2,C10,,,,,,0.03,0.05,"[0.53, 0.4, 0.56, 0.69]"
4,2,C11,,,,,,0.27,0.041,"[0.61, 0.91, 0.01, 0.31]"
4,2,C12,,,,,,0.18,0.042,"[0.82, 0.18, 0.31, 0.35]"
4,2,C13,,,,,,0.22,0.025,"[0.19, 0.59, 0.24, 0.85]"
4,2,C14,,,,,,0.11,0.052,"[0.58, 0.52, 0.77, 0.35]"
4,2,C15,,,,,,-0.04,0.035,"[0.07, 0.53, 0.31, 0.46]"
4,2,C16,,,,,,0.12,0.043,"[0.08, 0.2, 0.76, 0.2]"
4,2,C17,,,,,,0.32,0.039,"[0.63, 0.56, 0.18, 0.96]"
4,2,C18,,,,,,0.33,0.042,"[0.63, 0.65, 0.29, 0.97]"
4,2,C19,,,,,,0.1,0.052,"[0.54, 0.51, 0.47, 0.76]"
4,2,C20,,,,,,0.24,0.031,"[0.75, 0.45, 0.18, 0.87]"
4,3,C1,,,,,,0.24,0.043,"[0.55, 0.81, 0.54, 0.88]"
4,3,C2,,,,,,0.3,0.044,"[0.58, 0.94, 0.48, 0.26]"
4,3,C3,,,,,,0.02,0.053,"[0.54, 0.26, 0.7, 0.07]"
4,3,C4,,,,,,0.12,0.055,"[0.03, 0.48, 0.45, 0.78]"
4,3,C5,,,,,,0.36,0.042,"[0.18, 0.49, 0.22, 1.0]"
4,3,C6,,,,,,0.18,0.042,"[0.82, 0.25, 0.41, 0.37]"
4,3,C7,,,,,,0.19,0.028,"[0.17, 0.82, 0.06, 0.53]"
4,3,C8,,,,,,0.33,0.05,"[0.46, 0.52, 0.03, 0.95]"
4,3,C9,,,,,,0.26,0.032,"[0.59, 0.89, 0.22, 0.18]"
4,3,C10,,,,,,0.03,0.05,"[0.53, 0.4, 0.56, 0.69]"
4,3,C11,,,,,,0.27,0.041,"[0.61, 0.91, 0.01, 0.31]"
4,3,C12,,,,,,0.18,0.042,"[0.82, 0.18, 0.31, 0.35]"
4,3,C13,,,,,,0.22,0.025,"[0.19, 0.59, 0.24, 0.85]"
4,3,C14,,,,,,0.09,0.052,"[0.58, 0.52, 0.77, 0.35]"
4,3,C15,,,,,,-0.04,0.035,"[0.07, 0.53, 0.31, 0.46]"
4,3,C16,,,,,,0.1,0.043,"[0.08, 0.2, 0.76, 0.2]"
4,3,C17,,,,,,0.32,0.039,"[0.63, 0.56, 0.18, 0.96]"
4,3,C18,,,,,,0.33,0.042,"[0.63, 0.65, 0.29, 0.97]"
4,3,C19,,,,,,0.1,0.052,"[0.54, 0.51, 0.47, 0.76]"
4,3,C20,,,,,,0.24,0.031,"[0.75, 0.45, 0.18, 0.87]"
4,4,C1,,,,,,0.24,0.043,"[0.55, 0.81, 0.54, 0.88]"
4,4,C2,,,,,,0.3,0.044,"[0.58, 0.94, 0.48, 0.26]"
4,4,C3,,,,,,0.0,0.053,"[0.54, 0.26, 0.7, 0.07]"
4,4,C4,,,,,,0.12,0.055,"[0.03, 0.48, 0.45, 0.78]"
4,4,C5,,,,,,0.36,0.042,"[0.18, 0.49, 0.22, 1.0]"
4,4,C6,,,,,,0.16,0.042,"[0.82, 0.25, 0.41, 0.37]"
4,4,C7,,,,,,0.19,0.028,"[0.17, 0.82, 0.06, 0.53]"
4,4,C8,,,,,,0.35,0.05,"[0.46, 0.52, 0.03, 0.95]"
4,4,C9,,,,,,0.26,0.032,"[0.59, 0.89, 0.22, 0.18]"
4,4,C10,,,,,,0.03,0.05,"[0.53, 0.4, 0.56, 0.69]"
4,4,C11,,,,,,0.27,0.041,"[0.61, 0.91, 0.01, 0.31]"
4,4,C12,,,,,,0.16,0.042,"[0.82, 0.18, 0.31, 0.35]"
4,4,C13,,,,,,0.22,0.025,"[0.19, 0.59, 0.24, 0.85]"
4,4,C14,,,,,,0.07,0.052,"[0.58, 0.52, 0.77, 0.35]"
4,4,C15,,,,,,-0.04,0.035,"[0.07, 0.53, 0.31, 0.46]"
4,4,C16,,,,,,0.08,0.043,"[0.08, 0.2, 0.76, 0.2]"
4,4,C17,,,,,,0.32,0.039,"[0.63, 0.56, 0.18, 0.96]"
4,4,C18,,,,,,0.33,0.042,"[0.63, 0.65, 0.29, 0.97]"
4,4,C19,,,,,,0.1,0.052,"[0.54, 0.51, 0.47, 0.76]"
4,4,C20,,,,,,0.24,0.031,"[0.75, 0.45, 0.18, 0.87]"
4,5,C1,,,,,,0.24,0.043,"[0.55, 0.81, 0.54, 0.88]"
4,5,C2,,,,,,0.3,0.044,"[0.58, 0.94, 0.48, 0.26]"
4,5,C3,,,,,,-0.02,0.053,"[0.54, 0.26, 0.7, 0.07]"
4,5,C4,,,,,,0.12,0.055,"[0.03, 0.48, 0.45, 0.78]"
4,5,C5,,,,,,0.36,0.042,"[0.18, 0.49, 0.22, 1.0]"
4,5,C6,,,,,,0.18,0.042,"[0.82, 0.25, 0.41, 0.37]"
4,5,C7,,,,,,0.19,0.028,"[0.17, 0.82, 0.06, 0.53]"
4,5,C8,,,,,,0.31,0.05,"[0.46, 0.52, 0.03, 0.95]"
4,5,C9,,,,,,0.26,0.032,"[0.59, 0.89, 0.22, 0.18]"
4,5,C10,,,,,,0.03,0.05,"[0.53, 0.4, 0.56, 0.69]"
4,5,C11,,,,,,0.27,0.041,"[0.61, 0.91, 0.01, 0.31]"
4,5,C12,,,,,,0.18,0.042,"[0.82, 0.18, 0.31, 0.35]"
4,5,C13,,,,,,0.22,0.025,"[0.19, 0.59, 0.24, 0.85]"
4,5,C14,,,,,,0.05,0.052,"[0.58, 0.52, 0.77, 0.35]"
4,5,C15,,,,,,-0.04,0.035,"[0.07, 0.53, 0.31, 0.46]"
4,5,C16,,,,,,0.06,0.043,"[0.08, 0.2, 0.76, 0.2]"
4,5,C17,,,,,,0.32,0.039,"[0.63, 0.56, 0.18, 0.96]"
4,5,C18,,,,,,0.33,0.042,"[0.63, 0.65, 0.29, 0.97]"
4,5,C19,,,,,,0.1,0.052,"[0.54, 0.51, 0.47, 0.76]"
4,5,C20,,,,,,0.24,0.031,"[0.75, 0.45, 0.18, 0.87]"
4,6,C1,,,,,,0.24,0.043,"[0.55, 0.81, 0.54, 0.88]"
4,6,C2,,,,,,0.3,0.044,"[0.58, 0.94, 0.48, 0.26]"
4,6,C3,,,,,,-0.04,0.053,"[0.54, 0.26, 0.7, 0.07]"
4,6,C4,,,,,,0.18,0.055,"[0.03, 0.48, 0.45, 0.78]"
4,6,C5,,,,,,0.36,0.042,"[0.18, 0.49, 0.22, 1.0]"
4,6,C6,,,,,,0.18,0.042,"[0.82, 0.25, 0.41, 0.37]"
4,6,C7,,,,,,0.19,0.028,"[0.17, 0.82, 0.06, 0.53]"
4,6,C8,,,,,,0.35,0.05,"[0.46, 0.52, 0.03, 0.95]"
4,6,C9,,,,,,0.26,0.032,"[0.59, 0.89, 0.22, 0.18]"
4,6,C10,,,,,,0.03,0.05,"[0.53, 0.4, 0.56, 0.69]"
4,6,C11,,,,,,0.27,0.041,"[0.61, 0.91, 0.01, 0.31]"
4,6,C12,,,,,,0.18,0.042,"[0.82, 0.18, 0.31, 0.35]"
4,6,C13,,,,,,0.22,0.025,"[0.19, 0.59, 0.24, 0.85]"
4,6,C14,,,,,,0.03,0.052,"[0.58, 0.52, 0.77, 0.35]"
4,6,C15,,,,,,-0.04,0.035,"[0.07, 0.53, 0.31, 0.46]"
4,6,C16,,,,,,0.04,0.043,"[0.08, 0.2, 0.76, 0.2]"
4,6,C17,,,,,,0.32,0.039,"[0.63, 0.56, 0.18, 0.96]"
4,6,C18,,,,,,0.33,0.042,"[0.63, 0.65, 0.29, 0.97]"
4,6,C19,,,,,,0.1,0.052,"[0.54, 0.51, 0.47, 0.76]"
4,6,C20,,,,,,0.24,0.031,"[0.75, 0.45, 0.18, 0.87]"
4,7,C1,,,,,,0.24,0.043,"[0.55, 0.81, 0.54, 0.88]"
4,7,C2,,,,,,0.3,0.044,"[0.58, 0.94, 0.48, 0.26]"
4,7,C3,,,,,,-0.06,0.053,"[0.54, 0.26, 0.7, 0.07]"
4,7,C4,,,,,,0.12,0.055,"[0.03, 0.48, 0.45, 0.78]"
4,7,C5,,,,,,0.36,0.042,"[0.18, 0.49, 0.22, 1.0]"
4,7,C6,,,,,,0.16,0.042,"[0.82, 0.25, 0.41, 0.37]"
4,7,C7,,,,,,0.19,0.028,"[0.17, 0.82, 0.06, 0.53]"
4,7,C8,,,,,,0.29,0.05,"[0.46, 0.52, 0.03, 0.95]"
4,7,C9,,,,,,0.26,0.032,"[0.59, 0.89, 0.22, 0.18]"
4,7,C10,,,,,,0.03,0.05,"[0.53, 0.4, 0.56, 0.69]"
4,7,C11,,,,,,0.27,0.041,"[0.61, 0.91, 0.01, 0.31]"
4,7,C12,,,,,,0.16,0.042,"[0.82, 0.18, 0.31, 0.35]"
4,7,C13,,,,,,0.22,0.025,"[0.19, 0.59, 0.24, 0.85]"
4,7,C14,,,,,,0.01,0.052,"[0.58, 0.52, 0.77, 0.35]"
4,7,C15,,,,,,-0.04,0.035,"[0.07, 0.53, 0.31, 0.46]"
4,7,C16,,,,,,0.02,0.043,"[0.08, 0.2, 0.76, 0.2]"
4,7,C17,,,,,,0.32,0.039,"[0.63, 0.56, 0.18, 0.96]"
4,7,C18,,,,,,0.33,0.042,"[0.63, 0.65, 0.29, 0.97]"
4,7,C19,,,,,,0.1,0.052,"[0.54, 0.51, 0.47, 0.76]"
4,7,C20,,,,,,0.24,0.031,"[0.75, 0.45, 0.18, 0.87]"
4,8,C1,,,,,,0.24,0.043,"[0.55, 0.81, 0.54, 0.88]"
4,8,C2,,,,,,0.3,0.044,"[0.58, 0.94, 0.48, 0.26]"
4,8,C3,,,,,,-0.04,0.053,"[0.54, 0.26, 0.7, 0.07]"
4,8,C4,,,,,,0.16,0.055,"[0.03, 0.48, 0.45, 0.78]"
4,8,C5,,,,,,0.36,0.042,"[0.18, 0.49, 0.22, 1.0]"
4,8,C6,,,,,,0.14,0.042,"[0.82, 0.25, 0.41, 0.37]"
4,8,C7,,,,,,0.19,0.028,"[0.17, 0.82, 0.06, 0.53]"
4,8,C8,,,,,,0.29,0.05,"[0.46, 0.52, 0.03, 0.95]"
4,8,C9,,,,,,0.26,0.032,"[0.59, 0.89, 0.22, 0.18]"
4,8,C10,,,,,,0.03,0.05,"[0.53, 0.4, 0.56, 0.69]"
4,8,C11,,,,,,0.27,0.041,"[0.61, 0.91, 0.01, 0.31]"
4,8,C12,,,,,,0.14,0.042,"[0.82, 0.18, 0.31, 0.35]"
4,8,C13,,,,,,0.22,0.025,"[0.19, 0.59, 0.24, 0.85]"
4,8,C14,,,,,,0.03,0.052,"[0.58, 0.52, 0.77, 0.35]"
4,8,C15,,,,,,-0.04,0.035,"[0.07, 0.53, 0.31, 0.46]"
4,8,C16,,,,,,0.04,0.043,"[0.08, 0.2, 0.76, 0.2]"
4,8,C17,,,,,,0.32,0.039,"[0.63, 0.56, 0.18, 0.96]"
4,8,C18,,,,,,0.33,0.042,"[0.63, 0.65, 0.29, 0.97]"
4,8,C19,,,,,,0.1,0.052,"[0.54, 0.51, 0.47, 0.76]"
4,8,C20,,,,,,0.24,0.031,"[0.75, 0.45, 0.18, 0.87]"
4,9,C1,,,,,,0.24,0.043,"[0.55, 0.81, 0.54, 0.88]"
4,9,C2,,,,,,0.3,0.044,"[0.58, 0.94, 0.48, 0.26]"
4,9,C3,,,,,,-0.04,0.053,"[0.54, 0.26, 0.7, 0.07]"
4,9,C4,,,,,,0.18,0.055,"[0.03, 0.48, 0.45, 0.78]"
4,9,C5,,,,,,0.36,0.042,"[0.18, 0.49, 0.22, 1.0]"
4,9,C6,,,,,,0.12,0.042,"[0.82, 0.25, 0.41, 0.37]"
4,9,C7,,,,,,0.19,0.028,"[0.17, 0.82, 0.06, 0.53]"
4,9,C8,,,,,,0.33,0.05,"[0.46, 0.52, 0.03, 0.95]"
4,9,C9,,,,,,0.26,0.032,"[0.59, 0.89, 0.22, 0.18]"
4,9,C10,,,,,,0.03,0.05,"[0.53, 0.4, 0.56, 0.69]"
4,9,C11,,,,,,0.27,0.041,"[0.61, 0.91, 0.01, 0.31]"
4,9,C12,,,,,,0.12,0.042,"[0.82, 0.18, 0.31, 0.35]"
4,9,C13,,,,,,0.22,0.025,"[0.19, 0.59, 0.24, 0.85]"
4,9,C14,,,,,,0.03,0.052,"[0.58, 0.52, 0.77, 0.35]"
4,9,C15,,,,,,-0.04,0.035,"[0.07, 0.53, 0.31, 0.46]"
4,9,C16,,,,,,0.04,0.043,"[0.08, 0.2, 0.76, 0.2]"
4,9,C17,,,,,,0.32,0.039,"[0.63, 0.56, 0.18, 0.96]"
4,9,C18,,,,,,0.33,0.042,"[0.63, 0.65, 0.29, 0.97]"
4,9,C19,,,,,,0.1,0.052,"[0.54, 0.51, 0.47, 0.76]"
4,9,C20,,,,,,0.24,0.031,"[0.75, 0.45, 0.18, 0.87]"
4,10,C1,,,,,,0.24,0.043,"[0.55, 0.81, 0.54, 0.88]"
4,10,C2,,,,,,0.3,0.044,"[0.58, 0.94, 0.48, 0.26]"
4,10,C3,,,,,,0.04,0.053,"[0.54, 0.26, 0.7, 0.07]"
4,10,C4,,,,,,0.14,0.055,"[0.03, 0.48, 0.45, 0.78]"
4,10,C5,,,,,,0.36,0.042,"[0.18, 0.49, 0.22, 1.0]"
4,10,C6,,,,,,0.1,0.042,"[0.82, 0.25, 0.41, 0.37]"
4,10,C7,,,,,,0.19,0.028,"[0.17, 0.82, 0.06, 0.53]"
4,10,C8,,,,,,0.33,0.05,"[0.46, 0.52, 0.03, 0.95]"
4,10,C9,,,,,,0.26,0.032,"[0.59, 0.89, 0.22, 0.18]"
4,10,C10,,,,,,0.03,0.05,"[0.53, 0.4, 0.56, 0.69]"
4,10,C11,,,,,,0.27,0.041,"[0.61, 0.91, 0.01, 0.31]"
4,10,C12,,,,,,0.1,0.042,"[0.82, 0.18, 0.31, 0.35]"
4,10,C13,,,,,,0.22,0.025,"[0.19, 0.59, 0.24, 0.85]"
4,10,C14,,,,,,0.11,0.052,"[0.58, 0.52, 0.77, 0.35]"
4,10,C15,,,,,,-0.04,0.035,"[0.07, 0.53, 0.31, 0.46]"
4,10,C16,,,,,,0.12,0.043,"[0.08, 0.2, 0.76, 0.2]"
4,10,C17,,,,,,0.32,0.039,"[0.63, 0.56, 0.18, 0.96]"
4,10,C18,,,,,,0.33,0.042,"[0.63, 0.65, 0.29, 0.97]"
4,10,C19,,,,,,0.1,0.052,"[0.54, 0.51, 0.47, 0.76]"
4,10,C20,,,,,,0.24,0.031,"[0.75, 0.45, 0.18, 0.87]"
5,1,C1,,,,,,0.39,0.044,"[0.16, 0.23, 0.01, 0.93, 0.74]"
5,1,C2,,,,,,0.35,0.048,"[0.65, 0.59, 0.64, 0.9, 0.66]"
5,1,C3,,,,,,0.4,0.045,"[0.09, 0.11, 0.95, 0.58, 0.15]"
5,1,C4,,,,,,0.42,0.045,"[0.05, 0.68, 0.97, 0.1, 0.25]"
5,1,C5,,,,,,0.37,0.038,"[0.41, 0.54, 0.22, 0.91, 0.81]"
5,1,C6,,,,,,0.42,0.039,"[0.58, 0.35, 0.96, 0.19, 0.96]"
5,1,C7,,,,,,0.36,0.049,"[0.59, 0.91, 0.42, 0.91, 0.8]"
5,1,C8,,,,,,0.31,0.027,"[0.72, 0.84, 0.68, 0.38, 0.74]"
5,1,C9,,,,,,0.42,0.031,"[0.82, 0.95, 0.73, 0.66, 0.95]"
5,1,C10,,,,,,0.03,0.027,"[0.19, 0.52, 0.56, 0.1, 0.0]"
5,1,C11,,,,,,0.37,0.036,"[0.72, 0.51, 0.91, 0.62, 0.51]"
5,1,C12,,,,,,0.01,0.026,"[0.19, 0.03, 0.52, 0.54, 0.22]"
5,1,C13,,,,,,0.38,0.043,"[0.35, 0.22, 0.82, 0.92, 0.85]"
5,1,C14,,,,,,0.28,0.044,"[0.79, 0.41, 0.39, 0.82, 0.22]"
5,1,C15,,,,,,0.14,0.03,"[0.13, 0.67, 0.53, 0.17, 0.28]"
5,1,C16,,,,,,0.36,0.049,"[0.91, 0.87, 0.7, 0.52, 0.22]"
5,1,C17,,,,,,0.38,0.039,"[0.06, 0.28, 0.11, 0.92, 0.2]"
5,1,C18,,,,,,0.26,0.039,"[0.61, 0.09, 0.45, 0.8, 0.62]"
5,1,C19,,,,,,0.39,0.032,"[0.21, 0.3, 0.92, 0.8, 0.07]"
5,1,C20,,,,,,0.17,0.048,"[0.02, 0.62, 0.72, 0.61, 0.63]"
5,2,C1,,,,,,0.39,0.044,"[0.16, 0.23, 0.01, 0.93, 0.74]"
5,2,C2,,,,,,0.35,0.048,"[0.65, 0.59, 0.64, 0.9, 0.66]"
5,2,C3,,,,,,0.4,0.045,"[0.09, 0.11, 0.95, 0.58, 0.15]"
5,2,C4,,,,,,0.42,0.045,"[0.05, 0.68, 0.97, 0.1, 0.25]"
5,2,C5,,,,,,0.37,0.038,"[0.41, 0.54, 0.22, 0.91, 0.81]"
5,2,C6,,,,,,0.42,0.039,"[0.58, 0.35, 0.96, 0.19, 0.96]"
5,2,C7,,,,,,0.36,0.049,"[0.59, 0.91, 0.42, 0.91, 0.8]"
5,2,C8,,,,,,0.31,0.027,"[0.72, 0.84, 0.68, 0.38, 0.74]"
5,2,C9,,,,,,0.42,0.031,"[0.82, 0.95, 0.73, 0.66, 0.95]"
5,2,C10,,,,,,0.03,0.027,"[0.19, 0.52, 0.56, 0.1, 0.0]"
5,2,C11,,,,,,0.37,0.036,"[0.72, 0.51, 0.91, 0.62, 0.51]"
5,2,C12,,,,,,0.01,0.026,"[0.19, 0.03, 0.52, 0.54, 0.22]"
5,2,C13,,,,,,0.38,0.043,"[0.35, 0.22, 0.82, 0.92, 0.85]"
5,2,C14,,,,,,0.28,0.044,"[0.79, 0.41, 0.39, 0.82, 0.22]"
5,2,C15,,,,,,0.14,0.03,"[0.13, 0.67, 0.53, 0.17, 0.28]"
5,2,C16,,,,,,0.36,0.049,"[0.91, 0.87, 0.7, 0.52, 0.22]"
5,2,C17,,,,,,0.38,0.039,"[0.06, 0.28, 0.11, 0.92, 0.2]"
5,2,C18,,,,,,0.26,0.039,"[0.61, 0.09, 0.45, 0.8, 0.62]"
5,2,C19,,,,,,0.39,0.032,"[0.21, 0.3, 0.92, 0.8, 0.07]"
5,2,C20,,,,,,0.17,0.048,"[0.02, 0.62, 0.72, 0.61, 0.63]"
5,3,C1,,,,,,0.39,0.044,"[0.16, 0.23, 0.01, 0.93, 0.74]"
5,3,C2,,,,,,0.35,0.048,"[0.65, 0.59, 0.64, 0.9, 0.66]"
5,3,C3,,,,,,0.4,0.045,"[0.09, 0.11, 0.95, 0.58, 0.15]"
5,3,C4,,,,,,0.42,0.045,"[0.05, 0.68, 0.97, 0.1, 0.25]"
5,3,C5,,,,,,0.37,0.038,"[0.41, 0.54, 0.22, 0.91, 0.81]"
5,3,C6,,,,,,0.42,0.039,"[0.58, 0.35, 0.96, 0.19, 0.96]"
5,3,C7,,,,,,0.36,0.049,"[0.59, 0.91, 0.42, 0.91, 0.8]"
5,3,C8,,,,,,0.31,0.027,"[0.72, 0.84, 0.68, 0.38, 0.74]"
5,3,C9,,,,,,0.42,0.031,"[0.82, 0.95, 0.73, 0.66, 0.95]"
5,3,C10,,,,,,0.03,0.027,"[0.19, 0.52, 0.56, 0.1, 0.0]"
5,3,C11,,,,,,0.37,0.036,"[0.72, 0.51, 0.91, 0.62, 0.51]"
5,3,C12,,,,,,0.01,0.026,"[0.19, 0.03, 0.52, 0.54, 0.22]"
5,3,C13,,,,,,0.38,0.043,"[0.35, 0.22, 0.82, 0.92, 0.85]"
5,3,C14,,,,,,0.28,0.044,"[0.79, 0.41, 0.39, 0.82, 0.22]"
5,3,C15,,,,,,0.14,0.03,"[0.13, 0.67, 0.53, 0.17, 0.28]"
5,3,C16,,,,,,0.36,0.049,"[0.91, 0.87, 0.7, 0.52, 0.22]"
5,3,C17,,,,,,0.38,0.039,"[0.06, 0.28, 0.11, 0.92, 0.2]"
5,3,C18,,,,,,0.26,0.039,"[0.61, 0.09, 0.45, 0.8, 0.62]"
5,3,C19,,,,,,0.39,0.032,"[0.21, 0.3, 0.92, 0.8, 0.07]"
5,3,C20,,,,,,0.17,0.048,"[0.02, 0.62, 0.72, 0.61, 0.63]"
5,4,C1,,,,,,0.39,0.044,"[0.16, 0.23, 0.01, 0.93, 0.74]"
5,4,C2,,,,,,0.35,0.048,"[0.65, 0.59, 0.64, 0.9, 0.66]"
5,4,C3,,,,,,0.4,0.045,"[0.09, 0.11, 0.95, 0.58, 0.15]"
5,4,C4,,,,,,0.42,0.045,"[0.05, 0.68, 0.97, 0.1, 0.25]"
5,4,C5,,,,,,0.37,0.038,"[0.41, 0.54, 0.22, 0.91, 0.81]"
5,4,C6,,,,,,0.42,0.039,"[0.58, 0.35, 0.96, 0.19, 0.96]"
5,4,C7,,,,,,0.36,0.049,"[0.59, 0.91, 0.42, 0.91, 0.8]"
5,4,C8,,,,,,0.31,0.027,"[0.72, 0.84, 0.68, 0.38, 0.74]"
5,4,C9,,,,,,0.42,0.031,"[0.82, 0.95, 0.73, 0.66, 0.95]"
5,4,C10,,,,,,0.03,0.027,"[0.19, 0.52, 0.56, 0.1, 0.0]"
5,4,C11,,,,,,0.37,0.036,"[0.72, 0.51, 0.91, 0.62, 0.51]"
5,4,C12,,,,,,0.01,0.026,"[0.19, 0.03, 0.52, 0.54, 0.22]"
5,4,C13,,,,,,0.38,0.043,"[0.35, 0.22, 0.82, 0.92, 0.85]"
5,4,C14,,,,,,0.28,0.044,"[0.79, 0.41, 0.39, 0.82, 0.22]"
5,4,C15,,,,,,0.14,0.03,"[0.13, 0.67, 0.53, 0.17, 0.28]"
5,4,C16,,,,,,0.36,0.049,"[0.91, 0.87, 0.7, 0.52, 0.22]"
5,4,C17,,,,,,0.38,0.039,"[0.06, 0.28, 0.11, 0.92, 0.2]"
5,4,C18,,,,,,0.26,0.039,"[0.61, 0.09, 0.45, 0.8, 0.62]"
5,4,C19,,,,,,0.39,0.032,"[0.21, 0.3, 0.92, 0.8, 0.07]"
5,4,C20,,,,,,0.17,0.048,"[0.02, 0.62, 0.72, 0.61, 0.63]"
5,5,C1,,,,,,0.39,0.044,"[0.16, 0.23, 0.01, 0.93, 0.74]"
5,5,C2,,,,,,0.35,0.048,"[0.65, 0.59, 0.64, 0.9, 0.66]"
5,5,C3,,,,,,0.4,0.045,"[0.09, 0.11, 0.95, 0.58, 0.15]"
5,5,C4,,,,,,0.42,0.045,"[0.05, 0.68, 0.97, 0.1, 0.25]"
5,5,C5,,,,,,0.37,0.038,"[0.41, 0.54, 0.22, 0.91, 0.81]"
5,5,C6,,,,,,0.42,0.039,"[0.58, 0.35, 0.96, 0.19, 0.96]"
5,5,C7,,,,,,0.36,0.049,"[0.59, 0.91, 0.42, 0.91, 0.8]"
5,5,C8,,,,,,0.31,0.027,"[0.72, 0.84, 0.68, 0.38, 0.74]"
5,5,C9,,,,,,0.42,0.031,"[0.82, 0.95, 0.73, 0.66, 0.95]"
5,5,C10,,,,,,0.03,0.027,"[0.19, 0.52, 0.56, 0.1, 0.0]"
5,5,C11,,,,,,0.37,0.036,"[0.72, 0.51, 0.91, 0.62, 0.51]"
5,5,C12,,,,,,0.01,0.026,"[0.19, 0.03, 0.52, 0.54, 0.22]"
5,5,C13,,,,,,0.38,0.043,"[0.35, 0.22, 0.82, 0.92, 0.85]"
5,5,C14,,,,,,0.28,0.044,"[0.79, 0.41, 0.39, 0.82, 0.22]"
5,5,C15,,,,,,0.14,0.03,"[0.13, 0.67, 0.53, 0.17, 0.28]"
5,5,C16,,,,,,0.36,0.049,"[0.91, 0.87, 0.7, 0.52, 0.22]"
5,5,C17,,,,,,0.38,0.039,"[0.06, 0.28, 0.11, 0.92, 0.2]"
5,5,C18,,,,,,0.26,0.039,"[0.61, 0.09, 0.45, 0.8, 0.62]"
5,5,C19,,,,,,0.39,0.032,"[0.21, 0.3, 0.92, 0.8, 0.07]"
5,5,C20,,,,,,0.17,0.048,"[0.02, 0.62, 0.72, 0.61, 0.63]"
5,6,C1,,,,,,0.39,0.044,"[0.16, 0.23, 0.01, 0.93, 0.74]"
5,6,C2,,,,,,0.35,0.048,"[0.65, 0.59, 0.64, 0.9, 0.66]"
5,6,C3,,,,,,0.4,0.045,"[0.09, 0.11, 0.95, 0.58, 0.15]"
5,6,C4,,,,,,0.42,0.045,"[0.05, 0.68, 0.97, 0.1, 0.25]"
5,6,C5,,,,,,0.37,0.038,"[0.41, 0.54, 0.22, 0.91, 0.81]"
5,6,C6,,,,,,0.42,0.039,"[0.58, 0.35, 0.96, 0.19, 0.96]"
5,6,C7,,,,,,0.36,0.049,"[0.59, 0.91, 0.42, 0.91, 0.8]"
5,6,C8,,,,,,0.31,0.027,"[0.72, 0.84, 0.68, 0.38, 0.74]"
5,6,C9,,,,,,0.42,0.031,"[0.82, 0.95, 0.73, 0.66, 0.95]"
5,6,C10,,,,,,0.03,0.027,"[0.19, 0.52, 0.56, 0.1, 0.0]"
5,6,C11,,,,,,0.37,0.036,"[0.72, 0.51, 0.91, 0.62, 0.51]"
5,6,C12,,,,,,0.01,0.026,"[0.19, 0.03, 0.52, 0.54, 0.22]"
5,6,C13,,,,,,0.38,0.043,"[0.35, 0.22, 0.82, 0.92, 0.85]"
5,6,C14,,,,,,0.28,0.044,"[0.79, 0.41, 0.39, 0.82, 0.22]"
5,6,C15,,,,,,0.14,0.03,"[0.13, 0.67, 0.53, 0.17, 0.28]"
5,6,C16,,,,,,0.36,0.049,"[0.91, 0.87, 0.7, 0.52, 0.22]"
5,6,C17,,,,,,0.38,0.039,"[0.06, 0.28, 0.11, 0.92, 0.2]"
5,6,C18,,,,,,0.26,0.039,"[0.61, 0.09, 0.45, 0.8, 0.62]"
5,6,C19,,,,,,0.39,0.032,"[0.21, 0.3, 0.92, 0.8, 0.07]"
5,6,C20,,,,,,0.17,0.048,"[0.02, 0.62, 0.72, 0.61, 0.63]"
5,7,C1,,,,,,0.39,0.044,"[0.16, 0.23, 0.01, 0.93, 0.74]"
5,7,C2,,,,,,0.35,0.048,"[0.65, 0.59, 0.64, 0.9, 0.66]"
5,7,C3,,,,,,0.4,0.045,"[0.09, 0.11, 0.95, 0.58, 0.15]"
5,7,C4,,,,,,0.42,0.045,"[0.05, 0.68, 0.97, 0.1, 0.25]"
5,7,C5,,,,,,0.37,0.038,"[0.41, 0.54, 0.22, 0.91, 0.81]"
5,7,C6,,,,,,0.42,0.039,"[0.58, 0.35, 0.96, 0.19, 0.96]"
5,7,C7,,,,,,0.36,0.049,"[0.59, 0.91, 0.42, 0.91, 0.8]"
5,7,C8,,,,,,0.31,0.027,"[0.72, 0.84, 0.68, 0.38, 0.74]"
5,7,C9,,,,,,0.42,0.031,"[0.82, 0.95, 0.73, 0.66, 0.95]"
5,7,C10,,,,,,0.03,0.027,"[0.19, 0.52, 0.56, 0.1, 0.0]"
5,7,C11,,,,,,0.37,0.036,"[0.72, 0.51, 0.91, 0.62, 0.51]"
5,7,C12,,,,,,0.01,0.026,"[0.19, 0.03, 0.52, 0.54, 0.22]"
5,7,C13,,,,,,0.38,0.043,"[0.35, 0.22, 0.82, 0.92, 0.85]"
5,7,C14,,,,,,0.28,0.044,"[0.79, 0.41, 0.39, 0.82, 0.22]"
5,7,C15,,,,,,0.14,0.03,"[0.13, 0.67, 0.53, 0.17, 0.28]"
5,7,C16,,,,,,0.36,0.049,"[0.91, 0.87, 0.7, 0.52, 0.22]"
5,7,C17,,,,,,0.38,0.039,"[0.06, 0.28, 0.11, 0.92, 0.2]"
5,7,C18,,,,,,0.26,0.039,"[0.61, 0.09, 0.45, 0.8, 0.62]"
5,7,C19,,,,,,0.39,0.032,"[0.21, 0.3, 0.92, 0.8, 0.07]"
5,7,C20,,,,,,0.17,0.048,"[0.02, 0.62, 0.72, 0.61, 0.63]"
5,8,C1,,,,,,0.39,0.044,"[0.16, 0.23, 0.01, 0.93, 0.74]"
5,8,C2,,,,,,0.35,0.048,"[0.65, 0.59, 0.64, 0.9, 0.66]"
5,8,C3,,,,,,0.4,0.045,"[0.09, 0.11, 0.95, 0.58, 0.15]"
5,8,C4,,,,,,0.42,0.045,"[0.05, 0.68, 0.97, 0.1, 0.25]"
5,8,C5,,,,,,0.37,0.038,"[0.41, 0.54, 0.22, 0.91, 0.81]"
5,8,C6,,,,,,0.42,0.039,"[0.58, 0.35, 0.96, 0.19, 0.96]"
5,8,C7,,,,,,0.36,0.049,"[0.59, 0.91, 0.42, 0.91, 0.8]"
5,8,C8,,,,,,0.31,0.027,"[0.72, 0.84, 0.68, 0.38, 0.74]"
5,8,C9,,,,,,0.42,0.031,"[0.82, 0.95, 0.73, 0.66, 0.95]"
5,8,C10,,,,,,0.03,0.027,"[0.19, 0.52, 0.56, 0.1, 0.0]"
5,8,C11,,,,,,0.37,0.036,"[0.72, 0.51, 0.91, 0.62, 0.51]"
5,8,C12,,,,,,0.01,0.026,"[0.19, 0.03, 0.52, 0.54, 0.22]"
5,8,C13,,,,,,0.38,0.043,"[0.35, 0.22, 0.82, 0.92, 0.85]"
5,8,C14,,,,,,0.28,0.044,"[0.79, 0.41, 0.39, 0.82, 0.22]"
5,8,C15,,,,,,0.14,0.03,"[0.13, 0.67, 0.53, 0.17, 0.28]"
5,8,C16,,,,,,0.36,0.049,"[0.91, 0.87, 0.7, 0.52, 0.22]"
5,8,C17,,,,,,0.38,0.039,"[0.06, 0.28, 0.11, 0.92, 0.2]"
5,8,C18,,,,,,0.26,0.039,"[0.61, 0.09, 0.45, 0.8, 0.62]"
5,8,C19,,,,,,0.39,0.032,"[0.21, 0.3, 0.92, 0.8, 0.07]"
5,8,C20,,,,,,0.17,0.048,"[0.02, 0.62, 0.72, 0.61, 0.63]"
5,9,C1,,,,,,0.39,0.044,"[0.16, 0.23, 0.01, 0.93, 0.74]"
5,9,C2,,,,,,0.35,0.048,"[0.65, 0.59, 0.64, 0.9, 0.66]"
5,9,C3,,,,,,0.4,0.045,"[0.09, 0.11, 0.95, 0.58, 0.15]"
5,9,C4,,,,,,0.42,0.045,"[0.05, 0.68, 0.97, 0.1, 0.25]"
5,9,C5,,,,,,0.37,0.038,"[0.41, 0.54, 0.22, 0.91, 0.81]"
5,9,C6,,,,,,0.42,0.039,"[0.58, 0.35, 0.96, 0.19, 0.96]"
5,9,C7,,,,,,0.36,0.049,"[0.59, 0.91, 0.42, 0.91, 0.8]"
5,9,C8,,,,,,0.31,0.027,"[0.72, 0.84, 0.68, 0.38, 0.74]"
5,9,C9,,,,,,0.42,0.031,"[0.82, 0.95, 0.73, 0.66, 0.95]"
5,9,C10,,,,,,0.03,0.027,"[0.19, 0.52, 0.56, 0.1, 0.0]"
5,9,C11,,,,,,0.37,0.036,"[0.72, 0.51, 0.91, 0.62, 0.51]"
5,9,C12,,,,,,0.01,0.026,"[0.19, 0.03, 0.52, 0.54, 0.22]"
5,9,C13,,,,,,0.38,0.043,"[0.35, 0.22, 0.82, 0.92, 0.85]"
5,9,C14,,,,,,0.28,0.044,"[0.79, 0.41, 0.39, 0.82, 0.22]"
5,9,C15,,,,,,0.14,0.03,"[0.13, 0.67, 0.53, 0.17, 0.28]"
5,9,C16,,,,,,0.36,0.049,"[0.91, 0.87, 0.7, 0.52, 0.22]"
5,9,C17,,,,,,0.38,0.039,"[0.06, 0.28, 0.11, 0.92, 0.2]"
5,9,C18,,,,,,0.26,0.039,"[0.61, 0.09, 0.45, 0.8, 0.62]"
5,9,C19,,,,,,0.39,0.032,"[0.21, 0.3, 0.92, 0.8, 0.07]"
5,9,C20,,,,,,0.17,0.048,"[0.02, 0.62, 0.72, 0.61, 0.63]"
5,10,C1,,,,,,0.39,0.044,"[0.16, 0.23, 0.01, 0.93, 0.74]"
5,10,C2,,,,,,0.35,0.048,"[0.65, 0.59, 0.64, 0.9, 0.66]"
5,10,C3,,,,,,0.4,0.045,"[0.09, 0.11, 0.95, 0.58, 0.15]"
5,10,C4,,,,,,0.42,0.045,"[0.05, 0.68, 0.97, 0.1, 0.25]"
5,10,C5,,,,,,0.37,0.038,"[0.41, 0.54, 0.22, 0.91, 0.81]"
5,10,C6,,,,,,0.42,0.039,"[0.58, 0.35, 0.96, 0.19, 0.96]"
5,10,C7,,,,,,0.36,0.049,"[0.59, 0.91, 0.42, 0.91, 0.8]"
5,10,C8,,,,,,0.31,0.027,"[0.72, 0.84, 0.68, 0.38, 0.74]"
5,10,C9,,,,,,0.42,0.031,"[0.82, 0.95, 0.73, 0.66, 0.95]"
5,10,C10,,,,,,0.03,0.027,"[0.19, 0.52, 0.56, 0.1, 0.0]"
5,10,C11,,,,,,0.37,0.036,"[0.72, 0.51, 0.91, 0.62, 0.51]"
5,10,C12,,,,,,0.01,0.026,"[0.19, 0.03, 0.52, 0.54, 0.22]"
5,10,C13,,,,,,0.38,0.043,"[0.35, 0.22, 0.82, 0.92, 0.85]"
5,10,C14,,,,,,0.28,0.044,"[0.79, 0.41, 0.39, 0.82, 0.22]"
5,10,C15,,,,,,0.14,0.03,"[0.13, 0.67, 0.53, 0.17, 0.28]"
5,10,C16,,,,,,0.36,0.049,"[0.91, 0.87, 0.7, 0.52, 0.22]"
5,10,C17,,,,,,0.38,0.039,"[0.06, 0.28, 0.11, 0.92, 0.2]"
5,10,C18,,,,,,0.26,0.039,"[0.61, 0.09, 0.45, 0.8, 0.62]"
5,10,C19,,,,,,0.39,0.032,"[0.21, 0.3, 0.92, 0.8, 0.07]"
5,10,C20,,,,,,0.17,0.048,"[0.02, 0.62, 0.72, 0.61, 0.63]"
6,1,C1,,,,,,0.13,0.048,"[0.08, 0.62, 0.31, 0.21, 0.68, 0.51]"
6,1,C2,,,,,,0.36,0.035,"[0.16, 0.84, 0.54, 0.13, 0.88, 0.9]"
6,1,C3,,,,,,0.43,0.05,"[0.28, 0.91, 0.27, 0.98, 0.71, 0.98]"
6,1,C4,,,,,,0.23,0.053,"[0.45, 0.57, 0.78, 0.54, 0.07, 0.62]"
6,1,C5,,,,,,0.37,0.051,"[0.05, 0.92, 0.83, 0.5, 0.05, 0.37]"
6,1,C6,,,,,,0.25,0.047,"[0.01, 0.62, 0.54, 0.38, 0.8, 0.78]"
6,1,C7,,,,,,0.32,0.055,"[0.47, 0.26, 0.36, 0.88, 0.28, 0.53]"
6,1,C8,,,,,,0.41,0.035,"[0.01, 0.04, 0.95, 0.67, 0.46, 0.91]"
6,1,C9,,,,,,0.27,0.038,"[0.49, 0.81, 0.2, 0.32, 0.22, 0.44]"
6,1,C10,,,,,,0.31,0.036,"[0.82, 0.21, 0.62, 0.07, 0.85, 0.34]"
6,1,C11,,,,,,0.21,0.047,"[0.56, 0.31, 0.58, 0.34, 0.76, 0.56]"
6,1,C12,,,,,,0.4,0.031,"[0.27, 0.66, 0.23, 0.77, 0.93, 0.84]"
6,1,C13,,,,,,0.41,0.054,"[0.96, 0.45, 0.31, 0.75, 0.94, 0.39]"
6,1,C14,,,,,,0.39,0.032,"[0.8, 0.58, 0.92, 0.45, 0.68, 0.89]"
6,1,C15,,,,,,0.36,0.027,"[0.89, 0.56, 0.72, 0.75, 0.85, 0.44]"
6,1,C16,,,,,,0.39,0.041,"[0.92, 0.1, 0.79, 0.46, 0.76, 0.93]"
6,1,C17,,,,,,0.21,0.042,"[0.03, 0.74, 0.44, 0.13, 0.24, 0.75]"
6,1,C18,,,,,,0.4,0.053,"[0.46, 0.34, 0.95, 0.42, 0.02, 0.62]"
6,1,C19,,,,,,0.3,0.037,"[0.56, 0.77, 0.3, 0.84, 0.05, 0.39]"
6,1,C20,,,,,,0.41,0.05,"[0.34, 0.08, 0.42, 0.41, 0.96, 0.59]"
6,2,C1,,,,,,0.13,0.048,"[0.08, 0.62, 0.31, 0.21, 0.68, 0.51]"
6,2,C2,,,,,,0.36,0.035,"[0.16, 0.84, 0.54, 0.13, 0.88, 0.9]"
6,2,C3,,,,,,0.43,0.05,"[0.28, 0.91, 0.27, 0.98, 0.71, 0.98]"
6,2,C4,,,,,,0.23,0.053,"[0.45, 0.57, 0.78, 0.54, 0.07, 0.62]"
6,2,C5,,,,,,0.37,0.051,"[0.05, 0.92, 0.83, 0.5, 0.05, 0.37]"
6,2,C6,,,,,,0.25,0.047,"[0.01, 0.62, 0.54, 0.38, 0.8, 0.78]"
6,2,C7,,,,,,0.32,0.055,"[0.47, 0.26, 0.36, 0.88, 0.28, 0.53]"
6,2,C8,,,,,,0.41,0.035,"[0.01, 0.04, 0.95, 0.67, 0.46, 0.91]"
6,2,C9,,,,,,0.27,0.038,"[0.49, 0.81, 0.2, 0.32, 0.22, 0.44]"
6,2,C10,,,,,,0.31,0.036,"[0.82, 0.21, 0.62, 0.07, 0.85, 0.34]"
6,2,C11,,,,,,0.21,0.047,"[0.56, 0.31, 0.58, 0.34, 0.76, 0.56]"
6,2,C12,,,,,,0.4,0.031,"[0.27, 0.66, 0.23, 0.77, 0.93, 0.84]"
6,2,C13,,,,,,0.41,0.054,"[0.96, 0.45, 0.31, 0.75, 0.94, 0.39]"
6,2,C14,,,,,,0.39,0.032,"[0.8, 0.58, 0.92, 0.45, 0.68, 0.89]"
6,2,C15,,,,,,0.36,0.027,"[0.89, 0.56, 0.72, 0.75, 0.85, 0.44]"
6,2,C16,,,,,,0.39,0.041,"[0.92, 0.1, 0.79, 0.46, 0.76, 0.93]"
6,2,C17,,,,,,0.21,0.042,"[0.03, 0.74, 0.44, 0.13, 0.24, 0.75]"
6,2,C18,,,,,,0.4,0.053,"[0.46, 0.34, 0.95, 0.42, 0.02, 0.62]"
6,2,C19,,,,,,0.3,0.037,"[0.56, 0.77, 0.3, 0.84, 0.05, 0.39]"
6,2,C20,,,,,,0.41,0.05,"[0.34, 0.08, 0.42, 0.41, 0.96, 0.59]"
6,3,C1,,,,,,0.13,0.048,"[0.08, 0.62, 0.31, 0.21, 0.68, 0.51]"
6,3,C2,,,,,,0.36,0.035,"[0.16, 0.84, 0.54, 0.13, 0.88, 0.9]"
6,3,C3,,,,,,0.43,0.05,"[0.28, 0.91, 0.27, 0.98, 0.71, 0.98]"
6,3,C4,,,,,,0.23,0.053,"[0.45, 0.57, 0.78, 0.54, 0.07, 0.62]"
6,3,C5,,,,,,0.37,0.051,"[0.05, 0.92, 0.83, 0.5, 0.05, 0.37]"
6,3,C6,,,,,,0.25,0.047,"[0.01, 0.62, 0.54, 0.38, 0.8, 0.78]"
6,3,C7,,,,,,0.32,0.055,"[0.47, 0.26, 0.36, 0.88, 0.28, 0.53]"
6,3,C8,,,,,,0.41,0.035,"[0.01, 0.04, 0.95, 0.67, 0.46, 0.91]"
6,3,C9,,,,,,0.27,0.038,"[0.49, 0.81, 0.2, 0.32, 0.22, 0.44]"
6,3,C10,,,,,,0.31,0.036,"[0.82, 0.21, 0.62, 0.07, 0.85, 0.34]"
6,3,C11,,,,,,0.21,0.047,"[0.56, 0.31, 0.58, 0.34, 0.76, 0.56]"
6,3,C12,,,,,,0.4,0.031,"[0.27, 0.66, 0.23, 0.77, 0.93, 0.84]"
6,3,C13,,,,,,0.41,0.054,"[0.96, 0.45, 0.31, 0.75, 0.94, 0.39]"
6,3,C14,,,,,,0.39,0.032,"[0.8, 0.58, 0.92, 0.45, 0.68, 0.89]"
6,3,C15,,,,,,0.36,0.027,"[0.89, 0.56, 0.72, 0.75, 0.85, 0.44]"
6,3,C16,,,,,,0.39,0.041,"[0.92, 0.1, 0.79, 0.46, 0.76, 0.93]"
6,3,C17,,,,,,0.21,0.042,"[0.03, 0.74, 0.44, 0.13, 0.24, 0.75]"
6,3,C18,,,,,,0.4,0.053,"[0.46, 0.34, 0.95, 0.42, 0.02, 0.62]"
6,3,C19,,,,,,0.3,0.037,"[0.56, 0.77, 0.3, 0.84, 0.05, 0.39]"
6,3,C20,,,,,,0.41,0.05,"[0.34, 0.08, 0.42, 0.41, 0.96, 0.59]"
6,4,C1,,,,,,0.13,0.048,"[0.08, 0.62, 0.31, 0.21, 0.68, 0.51]"
6,4,C2,,,,,,0.36,0.035,"[0.16, 0.84, 0.54, 0.13, 0.88, 0.9]"
6,4,C3,,,,,,0.43,0.05,"[0.28, 0.91, 0.27, 0.98, 0.71, 0.98]"
6,4,C4,,,,,,0.23,0.053,"[0.45, 0.57, 0.78, 0.54, 0.07, 0.62]"
6,4,C5,,,,,,0.37,0.051,"[0.05, 0.92, 0.83, 0.5, 0.05, 0.37]"
6,4,C6,,,,,,0.25,0.047,"[0.01, 0.62, 0.54, 0.38, 0.8, 0.78]"
6,4,C7,,,,,,0.32,0.055,"[0.47, 0.26, 0.36, 0.88, 0.28, 0.53]"
6,4,C8,,,,,,0.41,0.035,"[0.01, 0.04, 0.95, 0.67, 0.46, 0.91]"
6,4,C9,,,,,,0.27,0.038,"[0.49, 0.81, 0.2, 0.32, 0.22, 0.44]"
6,4,C10,,,,,,0.31,0.036,"[0.82, 0.21, 0.62, 0.07, 0.85, 0.34]"
6,4,C11,,,,,,0.21,0.047,"[0.56, 0.31, 0.58, 0.34, 0.76, 0.56]"
6,4,C12,,,,,,0.4,0.031,"[0.27, 0.66, 0.23, 0.77, 0.93, 0.84]"
6,4,C13,,,,,,0.41,0.054,"[0.96, 0.45, 0.31, 0.75, 0.94, 0.39]"
6,4,C14,,,,,,0.39,0.032,"[0.8, 0.58, 0.92, 0.45, 0.68, 0.89]"
6,4,C15,,,,,,0.36,0.027,"[0.89, 0.56, 0.72, 0.75, 0.85, 0.44]"
6,4,C16,,,,,,0.39,0.041,"[0.92, 0.1, 0.79, 0.46, 0.76, 0.93]"
6,4,C17,,,,,,0.21,0.042,"[0.03, 0.74, 0.44, 0.13, 0.24, 0.75]"
6,4,C18,,,,,,0.4,0.053,"[0.46, 0.34, 0.95, 0.42, 0.02, 0.62]"
6,4,C19,,,,,,0.3,0.037,"[0.56, 0.77, 0.3, 0.84, 0.05, 0.39]"
6,4,C20,,,,,,0.41,0.05,"[0.34, 0.08, 0.42, 0.41, 0.96, 0.59]"
6,5,C1,,,,,,0.13,0.048,"[0.08, 0.62, 0.31, 0.21, 0.68, 0.51]"
6,5,C2,,,,,,0.36,0.035,"[0.16, 0.84, 0.54, 0.13, 0.88, 0.9]"
6,5,C3,,,,,,0.43,0.05,"[0.28, 0.91, 0.27, 0.98, 0.71, 0.98]"
6,5,C4,,,,,,0.23,0.053,"[0.45, 0.57, 0.78, 0.54, 0.07, 0.62]"
6,5,C5,,,,,,0.37,0.051,"[0.05, 0.92, 0.83, 0.5, 0.05, 0.37]"
6,5,C6,,,,,,0.25,0.047,"[0.01, 0.62, 0.54, 0.38, 0.8, 0.78]"
6,5,C7,,,,,,0.32,0.055,"[0.47, 0.26, 0.36, 0.88, 0.28, 0.53]"
6,5,C8,,,,,,0.41,0.035,"[0.01, 0.04, 0.95, 0.67, 0.46, 0.91]"
6,5,C9,,,,,,0.27,0.038,"[0.49, 0.81, 0.2, 0.32, 0.22, 0.44]"
6,5,C10,,,,,,0.31,0.036,"[0.82, 0.21, 0.62, 0.07, 0.85, 0.34]"
6,5,C11,,,,,,0.21,0.047,"[0.56, 0.31, 0.58, 0.34, 0.76, 0.56]"
6,5,C12,,,,,,0.4,0.031,"[0.27, 0.66, 0.23, 0.77, 0.93, 0.84]"
6,5,C13,,,,,,0.41,0.054,"[0.96, 0.45, 0.31, 0.75, 0.94, 0.39]"
6,5,C14,,,,,,0.39,0.032,"[0.8, 0.58, 0.92, 0.45, 0.68, 0.89]"
6,5,C15,,,,,,0.36,0.027,"[0.89, 0.56, 0.72, 0.75, 0.85, 0.44]"
6,5,C16,,,,,,0.39,0.041,"[0.92, 0.1, 0.79, 0.46, 0.76, 0.93]"
6,5,C17,,,,,,0.21,0.042,"[0.03, 0.74, 0.44, 0.13, 0.24, 0.75]"
6,5,C18,,,,,,0.4,0.053,"[0.46, 0.34, 0.95, 0.42, 0.02, 0.62]"
6,5,C19,,,,,,0.3,0.037,"[0.56, 0.77, 0.3, 0.84, 0.05, 0.39]"
6,5,C20,,,,,,0.41,0.05,"[0.34, 0.08, 0.42, 0.41, 0.96, 0.59]"
6,6,C1,,,,,,0.13,0.048,"[0.08, 0.62, 0.31, 0.21, 0.68, 0.51]"
6,6,C2,,,,,,0.36,0.035,"[0.16, 0.84, 0.54, 0.13, 0.88, 0.9]"
6,6,C3,,,,,,0.43,0.05,"[0.28, 0.91, 0.27, 0.98, 0.71, 0.98]"
6,6,C4,,,,,,0.23,0.053,"[0.45, 0.57, 0.78, 0.54, 0.07, 0.62]"
6,6,C5,,,,,,0.37,0.051,"[0.05, 0.92, 0.83, 0.5, 0.05, 0.37]"
6,6,C6,,,,,,0.25,0.047,"[0.01, 0.62, 0.54, 0.38, 0.8, 0.78]"
6,6,C7,,,,,,0.32,0.055,"[0.47, 0.26, 0.36, 0.88, 0.28, 0.53]"
6,6,C8,,,,,,0.41,0.035,"[0.01, 0.04, 0.95, 0.67, 0.46, 0.91]"
6,6,C9,,,,,,0.27,0.038,"[0.49, 0.81, 0.2, 0.32, 0.22, 0.44]"
6,6,C10,,,,,,0.31,0.036,"[0.82, 0.21, 0.62, 0.07, 0.85, 0.34]"
6,6,C11,,,,,,0.21,0.047,"[0.56, 0.31, 0.58, 0.34, 0.76, 0.56]"
6,6,C12,,,,,,0.4,0.031,"[0.27, 0.66, 0.23, 0.77, 0.93, 0.84]"
6,6,C13,,,,,,0.41,0.054,"[0.96, 0.45, 0.31, 0.75, 0.94, 0.39]"
6,6,C14,,,,,,0.39,0.032,"[0.8, 0.58, 0.92, 0.45, 0.68, 0.89]"
6,6,C15,,,,,,0.36,0.027,"[0.89, 0.56, 0.72, 0.75, 0.85, 0.44]"
6,6,C16,,,,,,0.39,0.041,"[0.92, 0.1, 0.79, 0.46, 0.76, 0.93]"
6,6,C17,,,,,,0.21,0.042,"[0.03, 0.74, 0.44, 0.13, 0.24, 0.75]"
6,6,C18,,,,,,0.4,0.053,"[0.46, 0.34, 0.95, 0.42, 0.02, 0.62]"
6,6,C19,,,,,,0.3,0.037,"[0.56, 0.77, 0.3, 0.84, 0.05, 0.39]"
6,6,C20,,,,,,0.41,0.05,"[0.34, 0.08, 0.42, 0.41, 0.96, 0.59]"
6,7,C1,,,,,,0.13,0.048,"[0.08, 0.62, 0.31, 0.21, 0.68, 0.51]"
6,7,C2,,,,,,0.36,0.035,"[0.16, 0.84, 0.54, 0.13, 0.88, 0.9]"
6,7,C3,,,,,,0.43,0.05,"[0.28, 0.91, 0.27, 0.98, 0.71, 0.98]"
6,7,C4,,,,,,0.23,0.053,"[0.45, 0.57, 0.78, 0.54, 0.07, 0.62]"
6,7,C5,,,,,,0.37,0.051,"[0.05, 0.92, 0.83, 0.5, 0.05, 0.37]"
6,7,C6,,,,,,0.25,0.047,"[0.01, 0.62, 0.54, 0.38, 0.8, 0.78]"
6,7,C7,,,,,,0.32,0.055,"[0.47, 0.26, 0.36, 0.88, 0.28, 0.53]"
6,7,C8,,,,,,0.41,0.035,"[0.01, 0.04, 0.95, 0.67, 0.46, 0.91]"
6,7,C9,,,,,,0.27,0.038,"[0.49, 0.81, 0.2, 0.32, 0.22, 0.44]"
6,7,C10,,,,,,0.31,0.036,"[0.82, 0.21, 0.62, 0.07, 0.85, 0.34]"
6,7,C11,,,,,,0.21,0.047,"[0.56, 0.31, 0.58, 0.34, 0.76, 0.56]"
6,7,C12,,,,,,0.4,0.031,"[0.27, 0.66, 0.23, 0.77, 0.93, 0.84]"
6,7,C13,,,,,,0.41,0.054,"[0.96, 0.45, 0.31, 0.75, 0.94, 0.39]"
6,7,C14,,,,,,0.39,0.032,"[0.8, 0.58, 0.92, 0.45, 0.68, 0.89]"
6,7,C15,,,,,,0.36,0.027,"[0.89, 0.56, 0.72, 0.75, 0.85, 0.44]"
6,7,C16,,,,,,0.39,0.041,"[0.92, 0.1, 0.79, 0.46, 0.76, 0.93]"
6,7,C17,,,,,,0.21,0.042,"[0.03, 0.74, 0.44, 0.13, 0.24, 0.75]"
6,7,C18,,,,,,0.4,0.053,"[0.46, 0.34, 0.95, 0.42, 0.02, 0.62]"
6,7,C19,,,,,,0.3,0.037,"[0.56, 0.77, 0.3, 0.84, 0.05, 0.39]"
6,7,C20,,,,,,0.41,0.05,"[0.34, 0.08, 0.42, 0.41, 0.96, 0.59]"
6,8,C1,,,,,,0.13,0.048,"[0.08, 0.62, 0.31, 0.21, 0.68, 0.51]"
6,8,C2,,,,,,0.36,0.035,"[0.16, 0.84, 0.54, 0.13, 0.88, 0.9]"
6,8,C3,,,,,,0.43,0.05,"[0.28, 0.91, 0.27, 0.98, 0.71, 0.98]"
6,8,C4,,,,,,0.23,0.053,"[0.45, 0.57, 0.78, 0.54, 0.07, 0.62]"
6,8,C5,,,,,,0.37,0.051,"[0.05, 0.92, 0.83, 0.5, 0.05, 0.37]"
6,8,C6,,,,,,0.25,0.047,"[0.01, 0.62, 0.54, 0.38, 0.8, 0.78]"
6,8,C7,,,,,,0.32,0.055,"[0.47, 0.26, 0.36, 0.88, 0.28, 0.53]"
6,8,C8,,,,,,0.41,0.035,"[0.01, 0.04, 0.95, 0.67, 0.46, 0.91]"
6,8,C9,,,,,,0.27,0.038,"[0.49, 0.81, 0.2, 0.32, 0.22, 0.44]"
6,8,C10,,,,,,0.31,0.036,"[0.82, 0.21, 0.62, 0.07, 0.85, 0.34]"
6,8,C11,,,,,,0.21,0.047,"[0.56, 0.31, 0.58, 0.34, 0.76, 0.56]"
6,8,C12,,,,,,0.4,0.031,"[0.27, 0.66, 0.23, 0.77, 0.93, 0.84]"
6,8,C13,,,,,,0.41,0.054,"[0.96, 0.45, 0.31, 0.75, 0.94, 0.39]"
6,8,C14,,,,,,0.39,0.032,"[0.8, 0.58, 0.92, 0.45, 0.68, 0.89]"
6,8,C15,,,,,,0.36,0.027,"[0.89, 0.56, 0.72, 0.75, 0.85, 0.44]"
6,8,C16,,,,,,0.39,0.041,"[0.92, 0.1, 0.79, 0.46, 0.76, 0.93]"
6,8,C17,,,,,,0.21,0.042,"[0.03, 0.74, 0.44, 0.13, 0.24, 0.75]"
6,8,C18,,,,,,0.4,0.053,"[0.46, 0.34, 0.95, 0.42, 0.02, 0.62]"
6,8,C19,,,,,,0.3,0.037,"[0.56, 0.77, 0.3, 0.84, 0.05, 0.39]"
6,8,C20,,,,,,0.41,0.05,"[0.34, 0.08, 0.42, 0.41, 0.96, 0.59]"
6,9,C1,,,,,,0.13,0.048,"[0.08, 0.62, 0.31, 0.21, 0.68, 0.51]"
6,9,C2,,,,,,0.36,0.035,"[0.16, 0.84, 0.54, 0.13, 0.88, 0.9]"
6,9,C3,,,,,,0.43,0.05,"[0.28, 0.91, 0.27, 0.98, 0.71, 0.98]"
6,9,C4,,,,,,0.23,0.053,"[0.45, 0.57, 0.78, 0.54, 0.07, 0.62]"
6,9,C5,,,,,,0.37,0.051,"[0.05, 0.92, 0.83, 0.5, 0.05, 0.37]"
6,9,C6,,,,,,0.25,0.047,"[0.01, 0.62, 0.54, 0.38, 0.8, 0.78]"
6,9,C7,,,,,,0.32,0.055,"[0.47, 0.26, 0.36, 0.88, 0.28, 0.53]"
6,9,C8,,,,,,0.41,0.035,"[0.01, 0.04, 0.95, 0.67, 0.46, 0.91]"
6,9,C9,,,,,,0.27,0.038,"[0.49, 0.81, 0.2, 0.32, 0.22, 0.44]"
6,9,C10,,,,,,0.31,0.036,"[0.82, 0.21, 0.62, 0.07, 0.85, 0.34]"
6,9,C11,,,,,,0.21,0.047,"[0.56, 0.31, 0.58, 0.34, 0.76, 0.56]"
6,9,C12,,,,,,0.4,0.031,"[0.27, 0.66, 0.23, 0.77, 0.93, 0.84]"
6,9,C13,,,,,,0.41,0.054,"[0.96, 0.45, 0.31, 0.75, 0.94, 0.39]"
6,9,C14,,,,,,0.39,0.032,"[0.8, 0.58, 0.92, 0.45, 0.68, 0.89]"
6,9,C15,,,,,,0.36,0.027,"[0.89, 0.56, 0.72, 0.75, 0.85, 0.44]"
6,9,C16,,,,,,0.39,0.041,"[0.92, 0.1, 0.79, 0.46, 0.76, 0.93]"
6,9,C17,,,,,,0.21,0.042,"[0.03, 0.74, 0.44, 0.13, 0.24, 0.75]"
6,9,C18,,,,,,0.4,0.053,"[0.46, 0.34, 0.95, 0.42, 0.02, 0.62]"
6,9,C19,,,,,,0.3,0.037,"[0.56, 0.77, 0.3, 0.84, 0.05, 0.39]"
6,9,C20,,,,,,0.41,0.05,"[0.34, 0.08, 0.42, 0.41, 0.96, 0.59]"
6,10,C1,,,,,,0.13,0.048,"[0.08, 0.62, 0.31, 0.21, 0.68, 0.51]"
6,10,C2,,,,,,0.36,0.035,"[0.16, 0.84, 0.54, 0.13, 0.88, 0.9]"
6,10,C3,,,,,,0.43,0.05,"[0.28, 0.91, 0.27, 0.98, 0.71, 0.98]"
6,10,C4,,,,,,0.23,0.053,"[0.45, 0.57, 0.78, 0.54, 0.07, 0.62]"
6,10,C5,,,,,,0.37,0.051,"[0.05, 0.92, 0.83, 0.5, 0.05, 0.37]"
6,10,C6,,,,,,0.25,0.047,"[0.01, 0.62, 0.54, 0.38, 0.8, 0.78]"
6,10,C7,,,,,,0.32,0.055,"[0.47, 0.26, 0.36, 0.88, 0.28, 0.53]"
6,10,C8,,,,,,0.41,0.035,"[0.01, 0.04, 0.95, 0.67, 0.46, 0.91]"
6,10,C9,,,,,,0.27,0.038,"[0.49, 0.81, 0.2, 0.32, 0.22, 0.44]"
6,10,C10,,,,,,0.31,0.036,"[0.82, 0.21, 0.62, 0.07, 0.85, 0.34]"
6,10,C11,,,,,,0.21,0.047,"[0.56, 0.31, 0.58, 0.34, 0.76, 0.56]"
6,10,C12,,,,,,0.4,0.031,"[0.27, 0.66, 0.23, 0.77, 0.93, 0.84]"
6,10,C13,,,,,,0.41,0.054,"[0.96, 0.45, 0.31, 0.75, 0.94, 0.39]"
6,10,C14,,,,,,0.39,0.032,"[0.8, 0.58, 0.92, 0.45, 0.68, 0.89]"
6,10,C15,,,,,,0.36,0.027,"[0.89, 0.56, 0.72, 0.75, 0.85, 0.44]"
6,10,C16,,,,,,0.39,0.041,"[0.92, 0.1, 0.79, 0.46, 0.76, 0.93]"
6,10,C17,,,,,,0.21,0.042,"[0.03, 0.74, 0.44, 0.13, 0.24, 0.75]"
6,10,C18,,,,,,0.4,0.053,"[0.46, 0.34, 0.95, 0.42, 0.02, 0.62]"
6,10,C19,,,,,,0.3,0.037,"[0.56, 0.77, 0.3, 0.84, 0.05, 0.39]"
6,10,C20,,,,,,0.41,0.05,"[0.34, 0.08, 0.42, 0.41, 0.96, 0.59]"
7,1,C1,,,,,,0.44,0.045,"[0.99, 0.95, 0.13, 0.93, 0.13, 0.59, 0.6]"
7,1,C2,,,,,,0.4,0.045,"[0.92, 0.17, 0.08, 0.28, 0.95, 0.3, 0.78]"
7,1,C3,,,,,,0.28,0.027,"[0.61, 0.17, 0.81, 0.14, 0.05, 0.75, 0.49]"
7,1,C4,,,,,,0.45,0.043,"[0.34, 0.7, 0.95, 0.38, 0.99, 0.29, 0.95]"
7,1,C5,,,,,,0.27,0.053,"[0.43, 0.79, 0.67, 0.01, 0.55, 0.45, 0.82]"
7,1,C6,,,,,,0.01,0.029,"[0.14, 0.03, 0.52, 0.17, 0.37, 0.1, 0.54]"
7,1,C7,,,,,,0.31,0.034,"[0.27, 0.67, 0.11, 0.33, 0.13, 0.62, 0.84]"
7,1,C8,,,,,,0.24,0.03,"[0.77, 0.39, 0.43, 0.63, 0.38, 0.25, 0.03]"
7,1,C9,,,,,,0.37,0.052,"[0.3, 0.69, 0.92, 0.64, 0.78, 0.64, 0.14]"
7,1,C10,,,,,,0.46,0.029,"[0.34, 0.02, 0.93, 0.06, 0.99, 0.5, 0.16]"
7,1,C11,,,,,,0.36,0.035,"[0.67, 0.62, 0.16, 0.89, 0.42, 0.68, 0.05]"
7,1,C12,,,,,,0.44,0.041,"[0.94, 0.53, 0.98, 0.34, 0.18, 0.03, 0.96]"
7,1,C13,,,,,,0.41,0.052,"[0.96, 0.28, 0.37, 0.46, 0.71, 0.15, 0.74]"
7,1,C14,,,,,,0.12,0.05,"[0.64, 0.51, 0.67, 0.5, 0.4, 0.33, 0.47]"
7,1,C15,,,,,,0.39,0.041,"[0.74, 0.74, 0.61, 0.84, 0.93, 0.89, 0.1]"
7,1,C16,,,,,,0.41,0.049,"[0.48, 0.79, 0.96, 0.76, 0.83, 0.82, 0.2]"
7,1,C17,,,,,,0.42,0.045,"[0.34, 0.44, 0.96, 0.72, 0.62, 0.83, 0.01]"
7,1,C18,,,,,,0.37,0.04,"[0.84, 0.77, 0.21, 0.86, 0.61, 0.61, 0.91]"
7,1,C19,,,,,,0.39,0.053,"[0.94, 0.71, 0.62, 0.19, 0.04, 0.82, 0.6]"
7,1,C20,,,,,,-0.03,0.029,"[0.47, 0.19, 0.22, 0.26, 0.25, 0.18, 0.39]"
7,2,C1,,,,,,0.44,0.045,"[0.99, 0.95, 0.13, 0.93, 0.13, 0.59, 0.6]"
7,2,C2,,,,,,0.4,0.045,"[0.92, 0.17, 0.08, 0.28, 0.95, 0.3, 0.78]"
7,2,C3,,,,,,0.28,0.027,"[0.61, 0.17, 0.81, 0.14, 0.05, 0.75, 0.49]"
7,2,C4,,,,,,0.45,0.043,"[0.34, 0.7, 0.95, 0.38, 0.99, 0.29, 0.95]"
7,2,C5,,,,,,0.27,0.053,"[0.43, 0.79, 0.67, 0.01, 0.55, 0.45, 0.82]"
7,2,C6,,,,,,0.01,0.029,"[0.14, 0.03, 0.52, 0.17, 0.37, 0.1, 0.54]"
7,2,C7,,,,,,0.31,0.034,"[0.27, 0.67, 0.11, 0.33, 0.13, 0.62, 0.84]"
7,2,C8,,,,,,0.24,0.03,"[0.77, 0.39, 0.43, 0.63, 0.38, 0.25, 0.03]"
7,2,C9,,,,,,0.37,0.052,"[0.3, 0.69, 0.92, 0.64, 0.78, 0.64, 0.14]"
7,2,C10,,,,,,0.46,0.029,"[0.34, 0.02, 0.93, 0.06, 0.99, 0.5, 0.16]"
7,2,C11,,,,,,0.36,0.035,"[0.67, 0.62, 0.16, 0.89, 0.42, 0.68, 0.05]"
7,2,C12,,,,,,0.44,0.041,"[0.94, 0.53, 0.98, 0.34, 0.18, 0.03, 0.96]"
7,2,C13,,,,,,0.41,0.052,"[0.96, 0.28, 0.37, 0.46, 0.71, 0.15, 0.74]"
7,2,C14,,,,,,0.12,0.05,"[0.64, 0.51, 0.67, 0.5, 0.4, 0.33, 0.47]"
7,2,C15,,,,,,0.39,0.041,"[0.74, 0.74, 0.61, 0.84, 0.93, 0.89, 0.1]"
7,2,C16,,,,,,0.41,0.049,"[0.48, 0.79, 0.96, 0.76, 0.83, 0.82, 0.2]"
7,2,C17,,,,,,0.42,0.045,"[0.34, 0.44, 0.96, 0.72, 0.62, 0.83, 0.01]"
7,2,C18,,,,,,0.37,0.04,"[0.84, 0.77, 0.21, 0.86, 0.61, 0.61, 0.91]"
7,2,C19,,,,,,0.39,0.053,"[0.94, 0.71, 0.62, 0.19, 0.04, 0.82, 0.6]"
7,2,C20,,,,,,-0.03,0.029,"[0.47, 0.19, 0.22, 0.26, 0.25, 0.18, 0.39]"
7,3,C1,,,,,,0.44,0.045,"[0.99, 0.95, 0.13, 0.93, 0.13, 0.59, 0.6]"
7,3,C2,,,,,,0.4,0.045,"[0.92, 0.17, 0.08, 0.28, 0.95, 0.3, 0.78]"
7,3,C3,,,,,,0.28,0.027,"[0.61, 0.17, 0.81, 0.14, 0.05, 0.75, 0.49]"
7,3,C4,,,,,,0.45,0.043,"[0.34, 0.7, 0.95, 0.38, 0.99, 0.29, 0.95]"
7,3,C5,,,,,,0.27,0.053,"[0.43, 0.79, 0.67, 0.01, 0.55, 0.45, 0.82]"
7,3,C6,,,,,,0.01,0.029,"[0.14, 0.03, 0.52, 0.17, 0.37, 0.1, 0.54]"
7,3,C7,,,,,,0.31,0.034,"[0.27, 0.67, 0.11, 0.33, 0.13, 0.62, 0.84]"
7,3,C8,,,,,,0.24,0.03,"[0.77, 0.39, 0.43, 0.63, 0.38, 0.25, 0.03]"
7,3,C9,,,,,,0.37,0.052,"[0.3, 0.69, 0.92, 0.64, 0.78, 0.64, 0.14]"
7,3,C10,,,,,,0.46,0.029,"[0.34, 0.02, 0.93, 0.06, 0.99, 0.5, 0.16]"
7,3,C11,,,,,,0.36,0.035,"[0.67, 0.62, 0.16, 0.89, 0.42, 0.68, 0.05]"
7,3,C12,,,,,,0.44,0.041,"[0.94, 0.53, 0.98, 0.34, 0.18, 0.03, 0.96]"
7,3,C13,,,,,,0.41,0.052,"[0.96, 0.28, 0.37, 0.46, 0.71, 0.15, 0.74]"
7,3,C14,,,,,,0.12,0.05,"[0.64, 0.51, 0.67, 0.5, 0.4, 0.33, 0.47]"
7,3,C15,,,,,,0.39,0.041,"[0.74, 0.74, 0.61, 0.84, 0.93, 0.89, 0.1]"
7,3,C16,,,,,,0.41,0.049,"[0.48, 0.79, 0.96, 0.76, 0.83, 0.82, 0.2]"
7,3,C17,,,,,,0.42,0.045,"[0.34, 0.44, 0.96, 0.72, 0.62, 0.83, 0.01]"
7,3,C18,,,,,,0.37,0.04,"[0.84, 0.77, 0.21, 0.86, 0.61, 0.61, 0.91]"
7,3,C19,,,,,,0.39,0.053,"[0.94, 0.71, 0.62, 0.19, 0.04, 0.82, 0.6]"
7,3,C20,,,,,,-0.03,0.029,"[0.47, 0.19, 0.22, 0.26, 0.25, 0.18, 0.39]"
7,4,C1,,,,,,0.44,0.045,"[0.99, 0.95, 0.13, 0.93, 0.13, 0.59, 0.6]"
7,4,C2,,,,,,0.4,0.045,"[0.92, 0.17, 0.08, 0.28, 0.95, 0.3, 0.78]"
7,4,C3,,,,,,0.28,0.027,"[0.61, 0.17, 0.81, 0.14, 0.05, 0.75, 0.49]"
7,4,C4,,,,,,0.45,0.043,"[0.34, 0.7, 0.95, 0.38, 0.99, 0.29, 0.95]"
7,4,C5,,,,,,0.27,0.053,"[0.43, 0.79, 0.67, 0.01, 0.55, 0.45, 0.82]"
7,4,C6,,,,,,0.01,0.029,"[0.14, 0.03, 0.52, 0.17, 0.37, 0.1, 0.54]"
7,4,C7,,,,,,0.31,0.034,"[0.27, 0.67, 0.11, 0.33, 0.13, 0.62, 0.84]"
7,4,C8,,,,,,0.24,0.03,"[0.77, 0.39, 0.43, 0.63, 0.38, 0.25, 0.03]"
7,4,C9,,,,,,0.37,0.052,"[0.3, 0.69, 0.92, 0.64, 0.78, 0.64, 0.14]"
7,4,C10,,,,,,0.46,0.029,"[0.34, 0.02, 0.93, 0.06, 0.99, 0.5, 0.16]"
7,4,C11,,,,,,0.36,0.035,"[0.67, 0.62, 0.16, 0.89, 0.42, 0.68, 0.05]"
7,4,C12,,,,,,0.44,0.041,"[0.94, 0.53, 0.98, 0.34, 0.18, 0.03, 0.96]"
7,4,C13,,,,,,0.41,0.052,"[0.96, 0.28, 0.37, 0.46, 0.71, 0.15, 0.74]"
7,4,C14,,,,,,0.12,0.05,"[0.64, 0.51, 0.67, 0.5, 0.4, 0.33, 0.47]"
7,4,C15,,,,,,0.39,0.041,"[0.74, 0.74, 0.61, 0.84, 0.93, 0.89, 0.1]"
7,4,C16,,,,,,0.41,0.049,"[0.48, 0.79, 0.96, 0.76, 0.83, 0.82, 0.2]"
7,4,C17,,,,,,0.42,0.045,"[0.34, 0.44, 0.96, 0.72, 0.62, 0.83, 0.01]"
7,4,C18,,,,,,0.37,0.04,"[0.84, 0.77, 0.21, 0.86, 0.61, 0.61, 0.91]"
7,4,C19,,,,,,0.39,0.053,"[0.94, 0.71, 0.62, 0.19, 0.04, 0.82, 0.6]"
7,4,C20,,,,,,-0.03,0.029,"[0.47, 0.19, 0.22, 0.26, 0.25, 0.18, 0.39]"
7,5,C1,,,,,,0.44,0.045,"[0.99, 0.95, 0.13, 0.93, 0.13, 0.59, 0.6]"
7,5,C2,,,,,,0.4,0.045,"[0.92, 0.17, 0.08, 0.28, 0.95, 0.3, 0.78]"
7,5,C3,,,,,,0.28,0.027,"[0.61, 0.17, 0.81, 0.14, 0.05, 0.75, 0.49]"
7,5,C4,,,,,,0.45,0.043,"[0.34, 0.7, 0.95, 0.38, 0.99, 0.29, 0.95]"
7,5,C5,,,,,,0.27,0.053,"[0.43, 0.79, 0.67, 0.01, 0.55, 0.45, 0.82]"
7,5,C6,,,,,,0.01,0.029,"[0.14, 0.03, 0.52, 0.17, 0.37, 0.1, 0.54]"
7,5,C7,,,,,,0.31,0.034,"[0.27, 0.67, 0.11, 0.33, 0.13, 0.62, 0.84]"
7,5,C8,,,,,,0.24,0.03,"[0.77, 0.39, 0.43, 0.63, 0.38, 0.25, 0.03]"
7,5,C9,,,,,,0.37,0.052,"[0.3, 0.69, 0.92, 0.64, 0.78, 0.64, 0.14]"
7,5,C10,,,,,,0.46,0.029,"[0.34, 0.02, 0.93, 0.06, 0.99, 0.5, 0.16]"
7,5,C11,,,,,,0.36,0.035,"[0.67, 0.62, 0.16, 0.89, 0.42, 0.68, 0.05]"
7,5,C12,,,,,,0.44,0.041,"[0.94, 0.53, 0.98, 0.34, 0.18, 0.03, 0.96]"
7,5,C13,,,,,,0.41,0.052,"[0.96, 0.28, 0.37, 0.46, 0.71, 0.15, 0.74]"
7,5,C14,,,,,,0.12,0.05,"[0.64, 0.51, 0.67, 0.5, 0.4, 0.33, 0.47]"
7,5,C15,,,,,,0.39,0.041,"[0.74, 0.74, 0.61, 0.84, 0.93, 0.89, 0.1]"
7,5,C16,,,,,,0.41,0.049,"[0.48, 0.79, 0.96, 0.76, 0.83, 0.82, 0.2]"
7,5,C17,,,,,,0.42,0.045,"[0.34, 0.44, 0.96, 0.72, 0.62, 0.83, 0.01]"
7,5,C18,,,,,,0.37,0.04,"[0.84, 0.77, 0.21, 0.86, 0.61, 0.61, 0.91]"
7,5,C19,,,,,,0.39,0.053,"[0.94, 0.71, 0.62, 0.19, 0.04, 0.82, 0.6]"
7,5,C20,,,,,,-0.03,0.029,"[0.47, 0.19, 0.22, 0.26, 0.25, 0.18, 0.39]"
7,6,C1,,,,,,0.44,0.045,"[0.99, 0.95, 0.13, 0.93, 0.13, 0.59, 0.6]"
7,6,C2,,,,,,0.4,0.045,"[0.92, 0.17, 0.08, 0.28, 0.95, 0.3, 0.78]"
7,6,C3,,,,,,0.28,0.027,"[0.61, 0.17, 0.81, 0.14, 0.05, 0.75, 0.49]"
7,6,C4,,,,,,0.45,0.043,"[0.34, 0.7, 0.95, 0.38, 0.99, 0.29, 0.95]"
7,6,C5,,,,,,0.27,0.053,"[0.43, 0.79, 0.67, 0.01, 0.55, 0.45, 0.82]"
7,6,C6,,,,,,0.01,0.029,"[0.14, 0.03, 0.52, 0.17, 0.37, 0.1, 0.54]"
7,6,C7,,,,,,0.31,0.034,"[0.27, 0.67, 0.11, 0.33, 0.13, 0.62, 0.84]"
7,6,C8,,,,,,0.24,0.03,"[0.77, 0.39, 0.43, 0.63, 0.38, 0.25, 0.03]"
7,6,C9,,,,,,0.37,0.052,"[0.3, 0.69, 0.92, 0.64, 0.78, 0.64, 0.14]"
7,6,C10,,,,,,0.46,0.029,"[0.34, 0.02, 0.93, 0.06, 0.99, 0.5, 0.16]"
7,6,C11,,,,,,0.36,0.035,"[0.67, 0.62, 0.16, 0.89, 0.42, 0.68, 0.05]"
7,6,C12,,,,,,0.44,0.041,"[0.94, 0.53, 0.98, 0.34, 0.18, 0.03, 0.96]"
7,6,C13,,,,,,0.41,0.052,"[0.96, 0.28, 0.37, 0.46, 0.71, 0.15, 0.74]"
7,6,C14,,,,,,0.12,0.05,"[0.64, 0.51, 0.67, 0.5, 0.4, 0.33, 0.47]"
7,6,C15,,,,,,0.39,0.041,"[0.74, 0.74, 0.61, 0.84, 0.93, 0.89, 0.1]"
7,6,C16,,,,,,0.41,0.049,"[0.48, 0.79, 0.96, 0.76, 0.83, 0.82, 0.2]"
7,6,C17,,,,,,0.42,0.045,"[0.34, 0.44, 0.96, 0.72, 0.62, 0.83, 0.01]"
7,6,C18,,,,,,0.37,0.04,"[0.84, 0.77, 0.21, 0.86, 0.61, 0.61, 0.91]"
7,6,C19,,,,,,0.39,0.053,"[0.94, 0.71, 0.62, 0.19, 0.04, 0.82, 0.6]"
7,6,C20,,,,,,-0.03,0.029,"[0.47, 0.19, 0.22, 0.26, 0.25, 0.18, 0.39]"
7,7,C1,,,,,,0.44,0.045,"[0.99, 0.95, 0.13, 0.93, 0.13, 0.59, 0.6]"
7,7,C2,,,,,,0.4,0.045,"[0.92, 0.17, 0.08, 0.28, 0.95, 0.3, 0.78]"
7,7,C3,,,,,,0.28,0.027,"[0.61, 0.17, 0.81, 0.14, 0.05, 0.75, 0.49]"
7,7,C4,,,,,,0.45,0.043,"[0.34, 0.7, 0.95, 0.38, 0.99, 0.29, 0.95]"
7,7,C5,,,,,,0.27,0.053,"[0.43, 0.79, 0.67, 0.01, 0.55, 0.45, 0.82]"
7,7,C6,,,,,,0.01,0.029,"[0.14, 0.03, 0.52, 0.17, 0.37, 0.1, 0.54]"
7,7,C7,,,,,,0.31,0.034,"[0.27, 0.67, 0.11, 0.33, 0.13, 0.62, 0.84]"
7,7,C8,,,,,,0.24,0.03,"[0.77, 0.39, 0.43, 0.63, 0.38, 0.25, 0.03]"
7,7,C9,,,,,,0.37,0.052,"[0.3, 0.69, 0.92, 0.64, 0.78, 0.64, 0.14]"
7,7,C10,,,,,,0.46,0.029,"[0.34, 0.02, 0.93, 0.06, 0.99, 0.5, 0.16]"
7,7,C11,,,,,,0.36,0.035,"[0.67, 0.62, 0.16, 0.89, 0.42, 0.68, 0.05]"
7,7,C12,,,,,,0.44,0.041,"[0.94, 0.53, 0.98, 0.34, 0.18, 0.03, 0.96]"
7,7,C13,,,,,,0.41,0.052,"[0.96, 0.28, 0.37, 0.46, 0.71, 0.15, 0.74]"
7,7,C14,,,,,,0.12,0.05,"[0.64, 0.51, 0.67, 0.5, 0.4, 0.33, 0.47]"
7,7,C15,,,,,,0.39,0.041,"[0.74, 0.74, 0.61, 0.84, 0.93, 0.89, 0.1]"
7,7,C16,,,,,,0.41,0.049,"[0.48, 0.79, 0.96, 0.76, 0.83, 0.82, 0.2]"
7,7,C17,,,,,,0.42,0.045,"[0.34, 0.44, 0.96, 0.72, 0.62, 0.83, 0.01]"
7,7,C18,,,,,,0.37,0.04,"[0.84, 0.77, 0.21, 0.86, 0.61, 0.61, 0.91]"
7,7,C19,,,,,,0.39,0.053,"[0.94, 0.71, 0.62, 0.19, 0.04, 0.82, 0.6]"
7,7,C20,,,,,,-0.03,0.029,"[0.47, 0.19, 0.22, 0.26, 0.25, 0.18, 0.39]"
7,8,C1,,,,,,0.44,0.045,"[0.99, 0.95, 0.13, 0.93, 0.13, 0.59, 0.6]"
7,8,C2,,,,,,0.4,0.045,"[0.92, 0.17, 0.08, 0.28, 0.95, 0.3, 0.78]"
7,8,C3,,,,,,0.28,0.027,"[0.61, 0.17, 0.81, 0.14, 0.05, 0.75, 0.49]"
7,8,C4,,,,,,0.45,0.043,"[0.34, 0.7, 0.95, 0.38, 0.99, 0.29, 0.95]"
7,8,C5,,,,,,0.27,0.053,"[0.43, 0.79, 0.67, 0.01, 0.55, 0.45, 0.82]"
7,8,C6,,,,,,0.01,0.029,"[0.14, 0.03, 0.52, 0.17, 0.37, 0.1, 0.54]"
7,8,C7,,,,,,0.31,0.034,"[0.27, 0.67, 0.11, 0.33, 0.13, 0.62, 0.84]"
7,8,C8,,,,,,0.24,0.03,"[0.77, 0.39, 0.43, 0.63, 0.38, 0.25, 0.03]"
7,8,C9,,,,,,0.37,0.052,"[0.3, 0.69, 0.92, 0.64, 0.78, 0.64, 0.14]"
7,8,C10,,,,,,0.46,0.029,"[0.34, 0.02, 0.93, 0.06, 0.99, 0.5, 0.16]"
7,8,C11,,,,,,0.36,0.035,"[0.67, 0.62, 0.16, 0.89, 0.42, 0.68, 0.05]"
7,8,C12,,,,,,0.44,0.041,"[0.94, 0.53, 0.98, 0.34, 0.18, 0.03, 0.96]"
7,8,C13,,,,,,0.41,0.052,"[0.96, 0.28, 0.37, 0.46, 0.71, 0.15, 0.74]"
7,8,C14,,,,,,0.12,0.05,"[0.64, 0.51, 0.67, 0.5, 0.4, 0.33, 0.47]"
7,8,C15,,,,,,0.39,0.041,"[0.74, 0.74, 0.61, 0.84, 0.93, 0.89, 0.1]"
7,8,C16,,,,,,0.41,0.049,"[0.48, 0.79, 0.96, 0.76, 0.83, 0.82, 0.2]"
7,8,C17,,,,,,0.42,0.045,"[0.34, 0.44, 0.96, 0.72, 0.62, 0.83, 0.01]"
7,8,C18,,,,,,0.37,0.04,"[0.84, 0.77, 0.21, 0.86, 0.61, 0.61, 0.91]"
7,8,C19,,,,,,0.39,0.053,"[0.94, 0.71, 0.62, 0.19, 0.04, 0.82, 0.6]"
7,8,C20,,,,,,-0.03,0.029,"[0.47, 0.19, 0.22, 0.26, 0.25, 0.18, 0.39]"
7,9,C1,,,,,,0.44,0.045,"[0.99, 0.95, 0.13, 0.93, 0.13, 0.59, 0.6]"
7,9,C2,,,,,,0.4,0.045,"[0.92, 0.17, 0.08, 0.28, 0.95, 0.3, 0.78]"
7,9,C3,,,,,,0.28,0.027,"[0.61, 0.17, 0.81, 0.14, 0.05, 0.75, 0.49]"
7,9,C4,,,,,,0.45,0.043,"[0.34, 0.7, 0.95, 0.38, 0.99, 0.29, 0.95]"
7,9,C5,,,,,,0.27,0.053,"[0.43, 0.79, 0.67, 0.01, 0.55, 0.45, 0.82]"
7,9,C6,,,,,,0.01,0.029,"[0.14, 0.03, 0.52, 0.17, 0.37, 0.1, 0.54]"
7,9,C7,,,,,,0.31,0.034,"[0.27, 0.67, 0.11, 0.33, 0.13, 0.62, 0.84]"
7,9,C8,,,,,,0.24,0.03,"[0.77, 0.39, 0.43, 0.63, 0.38, 0.25, 0.03]"
7,9,C9,,,,,,0.37,0.052,"[0.3, 0.69, 0.92, 0.64, 0.78, 0.64, 0.14]"
7,9,C10,,,,,,0.46,0.029,"[0.34, 0.02, 0.93, 0.06, 0.99, 0.5, 0.16]"
7,9,C11,,,,,,0.36,0.035,"[0.67, 0.62, 0.16, 0.89, 0.42, 0.68, 0.05]"
7,9,C12,,,,,,0.44,0.041,"[0.94, 0.53, 0.98, 0.34, 0.18, 0.03, 0.96]"
7,9,C13,,,,,,0.41,0.052,"[0.96, 0.28, 0.37, 0.46, 0.71, 0.15, 0.74]"
7,9,C14,,,,,,0.12,0.05,"[0.64, 0.51, 0.67, 0.5, 0.4, 0.33, 0.47]"
7,9,C15,,,,,,0.39,0.041,"[0.74, 0.74, 0.61, 0.84, 0.93, 0.89, 0.1]"
7,9,C16,,,,,,0.41,0.049,"[0.48, 0.79, 0.96, 0.76, 0.83, 0.82, 0.2]"
7,9,C17,,,,,,0.42,0.045,"[0.34, 0.44, 0.96, 0.72, 0.62, 0.83, 0.01]"
7,9,C18,,,,,,0.37,0.04,"[0.84, 0.77, 0.21, 0.86, 0.61, 0.61, 0.91]"
7,9,C19,,,,,,0.39,0.053,"[0.94, 0.71, 0.62, 0.19, 0.04, 0.82, 0.6]"
7,9,C20,,,,,,-0.03,0.029,"[0.47, 0.19, 0.22, 0.26, 0.25, 0.18, 0.39]"
7,10,C1,,,,,,0.44,0.045,"[0.99, 0.95, 0.13, 0.93, 0.13, 0.59, 0.6]"
7,10,C2,,,,,,0.4,0.045,"[0.92, 0.17, 0.08, 0.28, 0.95, 0.3, 0.78]"
7,10,C3,,,,,,0.28,0.027,"[0.61, 0.17, 0.81, 0.14, 0.05, 0.75, 0.49]"
7,10,C4,,,,,,0.45,0.043,"[0.34, 0.7, 0.95, 0.38, 0.99, 0.29, 0.95]"
7,10,C5,,,,,,0.27,0.053,"[0.43, 0.79, 0.67, 0.01, 0.55, 0.45, 0.82]"
7,10,C6,,,,,,0.01,0.029,"[0.14, 0.03, 0.52, 0.17, 0.37, 0.1, 0.54]"
7,10,C7,,,,,,0.31,0.034,"[0.27, 0.67, 0.11, 0.33, 0.13, 0.62, 0.84]"
7,10,C8,,,,,,0.24,0.03,"[0.77, 0.39, 0.43, 0.63, 0.38, 0.25, 0.03]"
7,10,C9,,,,,,0.37,0.052,"[0.3, 0.69, 0.92, 0.64, 0.78, 0.64, 0.14]"
7,10,C10,,,,,,0.46,0.029,"[0.34, 0.02, 0.93, 0.06, 0.99, 0.5, 0.16]"
7,10,C11,,,,,,0.36,0.035,"[0.67, 0.62, 0.16, 0.89, 0.42, 0.68, 0.05]"
7,10,C12,,,,,,0.44,0.041,"[0.94, 0.53, 0.98, 0.34, 0.18, 0.03, 0.96]"
7,10,C13,,,,,,0.41,0.052,"[0.96, 0.28, 0.37, 0.46, 0.71, 0.15, 0.74]"
7,10,C14,,,,,,0.12,0.05,"[0.64, 0.51, 0.67, 0.5, 0.4, 0.33, 0.47]"
7,10,C15,,,,,,0.39,0.041,"[0.74, 0.74, 0.61, 0.84, 0.93, 0.89, 0.1]"
7,10,C16,,,,,,0.41,0.049,"[0.48, 0.79, 0.96, 0.76, 0.83, 0.82, 0.2]"
7,10,C17,,,,,,0.42,0.045,"[0.34, 0.44, 0.96, 0.72, 0.62, 0.83, 0.01]"
7,10,C18,,,,,,0.37,0.04,"[0.84, 0.77, 0.21, 0.86, 0.61, 0.61, 0.91]"
7,10,C19,,,,,,0.39,0.053,"[0.94, 0.71, 0.62, 0.19, 0.04, 0.82, 0.6]"
7,10,C20,,,,,,-0.03,0.029,"[0.47, 0.19, 0.22, 0.26, 0.25, 0.18, 0.39]"
8,1,C1,,,,,,0.34,0.031,"[0.87, 0.47, 0.39, 0.69, 0.36, 0.36, 0.83, 0.78]"
8,1,C2,,,,,,0.22,0.032,"[0.7, 0.01, 0.66, 0.12, 0.03, 0.33, 0.75, 0.01]"
8,1,C3,,,,,,0.45,0.047,"[0.71, 0.88, 1.0, 0.35, 0.94, 0.34, 0.09, 0.91]"
8,1,C4,,,,,,0.41,0.051,"[0.95, 0.31, 0.23, 0.75, 0.27, 0.28, 0.85, 0.96]"
8,1,C5,,,,,,0.32,0.051,"[0.66, 0.73, 0.87, 0.65, 0.17, 0.47, 0.47, 0.32]"
8,1,C6,,,,,,0.3,0.054,"[0.61, 0.73, 0.47, 0.49, 0.64, 0.01, 0.85, 0.03]"
8,1,C7,,,,,,0.46,0.038,"[0.45, 0.19, 0.31, 0.46, 0.02, 0.91, 0.01, 1.0]"
8,1,C8,,,,,,0.17,0.03,"[0.17, 0.33, 0.45, 0.51, 0.07, 0.46, 0.7, 0.59]"
8,1,C9,,,,,,0.43,0.038,"[0.18, 0.63, 0.64, 0.0, 0.46, 0.97, 0.14, 0.71]"
8,1,C10,,,,,,0.18,0.049,"[0.64, 0.1, 0.1, 0.64, 0.73, 0.1, 0.69, 0.06]"
8,1,C11,,,,,,0.38,0.051,"[0.93, 0.75, 0.46, 0.43, 0.62, 0.48, 0.42, 0.8]"
8,1,C12,,,,,,0.41,0.042,"[0.37, 0.52, 0.85, 0.95, 0.84, 0.03, 0.17, 0.65]"
8,1,C13,,,,,,0.11,0.044,"[0.19, 0.37, 0.13, 0.51, 0.16, 0.65, 0.4, 0.14]"
8,1,C14,,,,,,0.26,0.055,"[0.76, 0.58, 0.28, 0.47, 0.27, 0.63, 0.14, 0.81]"
8,1,C15,,,,,,0.43,0.038,"[0.64, 0.02, 0.45, 0.28, 0.97, 0.46, 0.88, 0.02]"
8,1,C16,,,,,,0.23,0.041,"[0.22, 0.04, 0.02, 0.77, 0.37, 0.21, 0.73, 0.69]"
8,1,C17,,,,,,0.14,0.04,"[0.38, 0.68, 0.05, 0.05, 0.17, 0.44, 0.22, 0.19]"
8,1,C18,,,,,,0.36,0.041,"[0.04, 0.05, 0.19, 0.01, 0.49, 0.9, 0.5, 0.47]"
8,1,C19,,,,,,0.31,0.03,"[0.39, 0.46, 0.03, 0.84, 0.74, 0.2, 0.73, 0.31]"
8,1,C20,,,,,,0.47,0.028,"[0.51, 1.0, 0.39, 0.23, 0.8, 0.79, 0.65, 0.0]"
8,2,C1,,,,,,0.34,0.031,"[0.87, 0.47, 0.39, 0.69, 0.36, 0.36, 0.83, 0.78]"
8,2,C2,,,,,,0.22,0.032,"[0.7, 0.01, 0.66, 0.12, 0.03, 0.33, 0.75, 0.01]"
8,2,C3,,,,,,0.45,0.047,"[0.71, 0.88, 1.0, 0.35, 0.94, 0.34, 0.09, 0.91]"
8,2,C4,,,,,,0.41,0.051,"[0.95, 0.31, 0.23, 0.75, 0.27, 0.28, 0.85, 0.96]"
8,2,C5,,,,,,0.32,0.051,"[0.66, 0.73, 0.87, 0.65, 0.17, 0.47, 0.47, 0.32]"
8,2,C6,,,,,,0.3,0.054,"[0.61, 0.73, 0.47, 0.49, 0.64, 0.01, 0.85, 0.03]"
8,2,C7,,,,,,0.46,0.038,"[0.45, 0.19, 0.31, 0.46, 0.02, 0.91, 0.01, 1.0]"
8,2,C8,,,,,,0.17,0.03,"[0.17, 0.33, 0.45, 0.51, 0.07, 0.46, 0.7, 0.59]"
8,2,C9,,,,,,0.43,0.038,"[0.18, 0.63, 0.64, 0.0, 0.46, 0.97, 0.14, 0.71]"
8,2,C10,,,,,,0.18,0.049,"[0.64, 0.1, 0.1, 0.64, 0.73, 0.1, 0.69, 0.06]"
8,2,C11,,,,,,0.38,0.051,"[0.93, 0.75, 0.46, 0.43, 0.62, 0.48, 0.42, 0.8]"
8,2,C12,,,,,,0.41,0.042,"[0.37, 0.52, 0.85, 0.95, 0.84, 0.03, 0.17, 0.65]"
8,2,C13,,,,,,0.11,0.044,"[0.19, 0.37, 0.13, 0.51, 0.16, 0.65, 0.4, 0.14]"
8,2,C14,,,,,,0.26,0.055,"[0.76, 0.58, 0.28, 0.47, 0.27, 0.63, 0.14, 0.81]"
8,2,C15,,,,,,0.43,0.038,"[0.64, 0.02, 0.45, 0.28, 0.97, 0.46, 0.88, 0.02]"
8,2,C16,,,,,,0.23,0.041,"[0.22, 0.04, 0.02, 0.77, 0.37, 0.21, 0.73, 0.69]"
8,2,C17,,,,,,0.14,0.04,"[0.38, 0.68, 0.05, 0.05, 0.17, 0.44, 0.22, 0.19]"
8,2,C18,,,,,,0.36,0.041,"[0.04, 0.05, 0.19, 0.01, 0.49, 0.9, 0.5, 0.47]"
8,2,C19,,,,,,0.31,0.03,"[0.39, 0.46, 0.03, 0.84, 0.74, 0.2, 0.73, 0.31]"
8,2,C20,,,,,,0.47,0.028,"[0.51, 1.0, 0.39, 0.23, 0.8, 0.79, 0.65, 0.0]"
8,3,C1,,,,,,0.34,0.031,"[0.87, 0.47, 0.39, 0.69, 0.36, 0.36, 0.83, 0.78]"
8,3,C2,,,,,,0.22,0.032,"[0.7, 0.01, 0.66, 0.12, 0.03, 0.33, 0.75, 0.01]"
8,3,C3,,,,,,0.45,0.047,"[0.71, 0.88, 1.0, 0.35, 0.94, 0.34, 0.09, 0.91]"
8,3,C4,,,,,,0.41,0.051,"[0.95, 0.31, 0.23, 0.75, 0.27, 0.28, 0.85, 0.96]"
8,3,C5,,,,,,0.32,0.051,"[0.66, 0.73, 0.87, 0.65, 0.17, 0.47, 0.47, 0.32]"
8,3,C6,,,,,,0.3,0.054,"[0.61, 0.73, 0.47, 0.49, 0.64, 0.01, 0.85, 0.03]"
8,3,C7,,,,,,0.46,0.038,"[0.45, 0.19, 0.31, 0.46, 0.02, 0.91, 0.01, 1.0]"
8,3,C8,,,,,,0.17,0.03,"[0.17, 0.33, 0.45, 0.51, 0.07, 0.46, 0.7, 0.59]"
8,3,C9,,,,,,0.43,0.038,"[0.18, 0.63, 0.64, 0.0, 0.46, 0.97, 0.14, 0.71]"
8,3,C10,,,,,,0.18,0.049,"[0.64, 0.1, 0.1, 0.64, 0.73, 0.1, 0.69, 0.06]"
8,3,C11,,,,,,0.38,0.051,"[0.93, 0.75, 0.46, 0.43, 0.62, 0.48, 0.42, 0.8]"
8,3,C12,,,,,,0.41,0.042,"[0.37, 0.52, 0.85, 0.95, 0.84, 0.03, 0.17, 0.65]"
8,3,C13,,,,,,0.11,0.044,"[0.19, 0.37, 0.13, 0.51, 0.16, 0.65, 0.4, 0.14]"
8,3,C14,,,,,,0.26,0.055,"[0.76, 0.58, 0.28, 0.47, 0.27, 0.63, 0.14, 0.81]"
8,3,C15,,,,,,0.43,0.038,"[0.64, 0.02, 0.45, 0.28, 0.97, 0.46, 0.88, 0.02]"
8,3,C16,,,,,,0.23,0.041,"[0.22, 0.04, 0.02, 0.77, 0.37, 0.21, 0.73, 0.69]"
8,3,C17,,,,,,0.14,0.04,"[0.38, 0.68, 0.05, 0.05, 0.17, 0.44, 0.22, 0.19]"
8,3,C18,,,,,,0.36,0.041,"[0.04, 0.05, 0.19, 0.01, 0.49, 0.9, 0.5, 0.47]"
8,3,C19,,,,,,0.31,0.03,"[0.39, 0.46, 0.03, 0.84, 0.74, 0.2, 0.73, 0.31]"
8,3,C20,,,,,,0.47,0.028,"[0.51, 1.0, 0.39, 0.23, 0.8, 0.79, 0.65, 0.0]"
8,4,C1,,,,,,0.34,0.031,"[0.87, 0.47, 0.39, 0.69, 0.36, 0.36, 0.83, 0.78]"
8,4,C2,,,,,,0.22,0.032,"[0.7, 0.01, 0.66, 0.12, 0.03, 0.33, 0.75, 0.01]"
8,4,C3,,,,,,0.45,0.047,"[0.71, 0.88, 1.0, 0.35, 0.94, 0.34, 0.09, 0.91]"
8,4,C4,,,,,,0.41,0.051,"[0.95, 0.31, 0.23, 0.75, 0.27, 0.28, 0.85, 0.96]"
8,4,C5,,,,,,0.32,0.051,"[0.66, 0.73, 0.87, 0.65, 0.17, 0.47, 0.47, 0.32]"
8,4,C6,,,,,,0.3,0.054,"[0.61, 0.73, 0.47, 0.49, 0.64, 0.01, 0.85, 0.03]"
8,4,C7,,,,,,0.46,0.038,"[0.45, 0.19, 0.31, 0.46, 0.02, 0.91, 0.01, 1.0]"
8,4,C8,,,,,,0.17,0.03,"[0.17, 0.33, 0.45, 0.51, 0.07, 0.46, 0.7, 0.59]"
8,4,C9,,,,,,0.43,0.038,"[0.18, 0.63, 0.64, 0.0, 0.46, 0.97, 0.14, 0.71]"
8,4,C10,,,,,,0.18,0.049,"[0.64, 0.1, 0.1, 0.64, 0.73, 0.1, 0.69, 0.06]"
8,4,C11,,,,,,0.38,0.051,"[0.93, 0.75, 0.46, 0.43, 0.62, 0.48, 0.42, 0.8]"
8,4,C12,,,,,,0.41,0.042,"[0.37, 0.52, 0.85, 0.95, 0.84, 0.03, 0.17, 0.65]"
8,4,C13,,,,,,0.11,0.044,"[0.19, 0.37, 0.13, 0.51, 0.16, 0.65, 0.4, 0.14]"
8,4,C14,,,,,,0.26,0.055,"[0.76, 0.58, 0.28, 0.47, 0.27, 0.63, 0.14, 0.81]"
8,4,C15,,,,,,0.43,0.038,"[0.64, 0.02, 0.45, 0.28, 0.97, 0.46, 0.88, 0.02]"
8,4,C16,,,,,,0.23,0.041,"[0.22, 0.04, 0.02, 0.77, 0.37, 0.21, 0.73, 0.69]"
8,4,C17,,,,,,0.14,0.04,"[0.38, 0.68, 0.05, 0.05, 0.17, 0.44, 0.22, 0.19]"
8,4,C18,,,,,,0.36,0.041,"[0.04, 0.05, 0.19, 0.01, 0.49, 0.9, 0.5, 0.47]"
8,4,C19,,,,,,0.31,0.03,"[0.39, 0.46, 0.03, 0.84, 0.74, 0.2, 0.73, 0.31]"
8,4,C20,,,,,,0.47,0.028,"[0.51, 1.0, 0.39, 0.23, 0.8, 0.79, 0.65, 0.0]"
8,5,C1,,,,,,0.34,0.031,"[0.87, 0.47, 0.39, 0.69, 0.36, 0.36, 0.83, 0.78]"
8,5,C2,,,,,,0.22,0.032,"[0.7, 0.01, 0.66, 0.12, 0.03, 0.33, 0.75, 0.01]"
8,5,C3,,,,,,0.45,0.047,"[0.71, 0.88, 1.0, 0.35, 0.94, 0.34, 0.09, 0.91]"
8,5,C4,,,,,,0.41,0.051,"[0.95, 0.31, 0.23, 0.75, 0.27, 0.28, 0.85, 0.96]"
8,5,C5,,,,,,0.32,0.051,"[0.66, 0.73, 0.87, 0.65, 0.17, 0.47, 0.47, 0.32]"
8,5,C6,,,,,,0.3,0.054,"[0.61, 0.73, 0.47, 0.49, 0.64, 0.01, 0.85, 0.03]"
8,5,C7,,,,,,0.46,0.038,"[0.45, 0.19, 0.31, 0.46, 0.02, 0.91, 0.01, 1.0]"
8,5,C8,,,,,,0.17,0.03,"[0.17, 0.33, 0.45, 0.51, 0.07, 0.46, 0.7, 0.59]"
8,5,C9,,,,,,0.43,0.038,"[0.18, 0.63, 0.64, 0.0, 0.46, 0.97, 0.14, 0.71]"
8,5,C10,,,,,,0.18,0.049,"[0.64, 0.1, 0.1, 0.64, 0.73, 0.1, 0.69, 0.06]"
8,5,C11,,,,,,0.38,0.051,"[0.93, 0.75, 0.46, 0.43, 0.62, 0.48, 0.42, 0.8]"
8,5,C12,,,,,,0.41,0.042,"[0.37, 0.52, 0.85, 0.95, 0.84, 0.03, 0.17, 0.65]"
8,5,C13,,,,,,0.11,0.044,"[0.19, 0.37, 0.13, 0.51, 0.16, 0.65, 0.4, 0.14]"
8,5,C14,,,,,,0.26,0.055,"[0.76, 0.58, 0.28, 0.47, 0.27, 0.63, 0.14, 0.81]"
8,5,C15,,,,,,0.43,0.038,"[0.64, 0.02, 0.45, 0.28, 0.97, 0.46, 0.88, 0.02]"
8,5,C16,,,,,,0.23,0.041,"[0.22, 0.04, 0.02, 0.77, 0.37, 0.21, 0.73, 0.69]"
8,5,C17,,,,,,0.14,0.04,"[0.38, 0.68, 0.05, 0.05, 0.17, 0.44, 0.22, 0.19]"
8,5,C18,,,,,,0.36,0.041,"[0.04, 0.05, 0.19, 0.01, 0.49, 0.9, 0.5, 0.47]"
8,5,C19,,,,,,0.31,0.03,"[0.39, 0.46, 0.03, 0.84, 0.74, 0.2, 0.73, 0.31]"
8,5,C20,,,,,,0.47,0.028,"[0.51, 1.0, 0.39, 0.23, 0.8, 0.79, 0.65, 0.0]"
8,6,C1,,,,,,0.34,0.031,"[0.87, 0.47, 0.39, 0.69, 0.36, 0.36, 0.83, 0.78]"
8,6,C2,,,,,,0.22,0.032,"[0.7, 0.01, 0.66, 0.12, 0.03, 0.33, 0.75, 0.01]"
8,6,C3,,,,,,0.45,0.047,"[0.71, 0.88, 1.0, 0.35, 0.94, 0.34, 0.09, 0.91]"
8,6,C4,,,,,,0.41,0.051,"[0.95, 0.31, 0.23, 0.75, 0.27, 0.28, 0.85, 0.96]"
8,6,C5,,,,,,0.32,0.051,"[0.66, 0.73, 0.87, 0.65, 0.17, 0.47, 0.47, 0.32]"
8,6,C6,,,,,,0.3,0.054,"[0.61, 0.73, 0.47, 0.49, 0.64, 0.01, 0.85, 0.03]"
8,6,C7,,,,,,0.46,0.038,"[0.45, 0.19, 0.31, 0.46, 0.02, 0.91, 0.01, 1.0]"
8,6,C8,,,,,,0.17,0.03,"[0.17, 0.33, 0.45, 0.51, 0.07, 0.46, 0.7, 0.59]"
8,6,C9,,,,,,0.43,0.038,"[0.18, 0.63, 0.64, 0.0, 0.46, 0.97, 0.14, 0.71]"
8,6,C10,,,,,,0.18,0.049,"[0.64, 0.1, 0.1, 0.64, 0.73, 0.1, 0.69, 0.06]"
8,6,C11,,,,,,0.38,0.051,"[0.93, 0.75, 0.46, 0.43, 0.62, 0.48, 0.42, 0.8]"
8,6,C12,,,,,,0.41,0.042,"[0.37, 0.52, 0.85, 0.95, 0.84, 0.03, 0.17, 0.65]"
8,6,C13,,,,,,0.11,0.044,"[0.19, 0.37, 0.13, 0.51, 0.16, 0.65, 0.4, 0.14]"
8,6,C14,,,,,,0.26,0.055,"[0.76, 0.58, 0.28, 0.47, 0.27, 0.63, 0.14, 0.81]"
8,6,C15,,,,,,0.43,0.038,"[0.64, 0.02, 0.45, 0.28, 0.97, 0.46, 0.88, 0.02]"
8,6,C16,,,,,,0.23,0.041,"[0.22, 0.04, 0.02, 0.77, 0.37, 0.21, 0.73, 0.69]"
8,6,C17,,,,,,0.14,0.04,"[0.38, 0.68, 0.05, 0.05, 0.17, 0.44, 0.22, 0.19]"
8,6,C18,,,,,,0.36,0.041,"[0.04, 0.05, 0.19, 0.01, 0.49, 0.9, 0.5, 0.47]"
8,6,C19,,,,,,0.31,0.03,"[0.39, 0.46, 0.03, 0.84, 0.74, 0.2, 0.73, 0.31]"
8,6,C20,,,,,,0.47,0.028,"[0.51, 1.0, 0.39, 0.23, 0.8, 0.79, 0.65, 0.0]"
8,7,C1,,,,,,0.34,0.031,"[0.87, 0.47, 0.39, 0.69, 0.36, 0.36, 0.83, 0.78]"
8,7,C2,,,,,,0.22,0.032,"[0.7, 0.01, 0.66, 0.12, 0.03, 0.33, 0.75, 0.01]"
8,7,C3,,,,,,0.45,0.047,"[0.71, 0.88, 1.0, 0.35, 0.94, 0.34, 0.09, 0.91]"
8,7,C4,,,,,,0.41,0.051,"[0.95, 0.31, 0.23, 0.75, 0.27, 0.28, 0.85, 0.96]"
8,7,C5,,,,,,0.32,0.051,"[0.66, 0.73, 0.87, 0.65, 0.17, 0.47, 0.47, 0.32]"
8,7,C6,,,,,,0.3,0.054,"[0.61, 0.73, 0.47, 0.49, 0.64, 0.01, 0.85, 0.03]"
8,7,C7,,,,,,0.46,0.038,"[0.45, 0.19, 0.31, 0.46, 0.02, 0.91, 0.01, 1.0]"
8,7,C8,,,,,,0.17,0.03,"[0.17, 0.33, 0.45, 0.51, 0.07, 0.46, 0.7, 0.59]"
8,7,C9,,,,,,0.43,0.038,"[0.18, 0.63, 0.64, 0.0, 0.46, 0.97, 0.14, 0.71]"
8,7,C10,,,,,,0.18,0.049,"[0.64, 0.1, 0.1, 0.64, 0.73, 0.1, 0.69, 0.06]"
8,7,C11,,,,,,0.38,0.051,"[0.93, 0.75, 0.46, 0.43, 0.62, 0.48, 0.42, 0.8]"
8,7,C12,,,,,,0.41,0.042,"[0.37, 0.52, 0.85, 0.95, 0.84, 0.03, 0.17, 0.65]"
8,7,C13,,,,,,0.11,0.044,"[0.19, 0.37, 0.13, 0.51, 0.16, 0.65, 0.4, 0.14]"
8,7,C14,,,,,,0.26,0.055,"[0.76, 0.58, 0.28, 0.47, 0.27, 0.63, 0.14, 0.81]"
8,7,C15,,,,,,0.43,0.038,"[0.64, 0.02, 0.45, 0.28, 0.97, 0.46, 0.88, 0.02]"
8,7,C16,,,,,,0.23,0.041,"[0.22, 0.04, 0.02, 0.77, 0.37, 0.21, 0.73, 0.69]"
8,7,C17,,,,,,0.14,0.04,"[0.38, 0.68, 0.05, 0.05, 0.17, 0.44, 0.22, 0.19]"
8,7,C18,,,,,,0.36,0.041,"[0.04, 0.05, 0.19, 0.01, 0.49, 0.9, 0.5, 0.47]"
8,7,C19,,,,,,0.31,0.03,"[0.39, 0.46, 0.03, 0.84, 0.74, 0.2, 0.73, 0.31]"
8,7,C20,,,,,,0.47,0.028,"[0.51, 1.0, 0.39, 0.23, 0.8, 0.79, 0.65, 0.0]"
8,8,C1,,,,,,0.34,0.031,"[0.87, 0.47, 0.39, 0.69, 0.36, 0.36, 0.83, 0.78]"
8,8,C2,,,,,,0.22,0.032,"[0.7, 0.01, 0.66, 0.12, 0.03, 0.33, 0.75, 0.01]"
8,8,C3,,,,,,0.45,0.047,"[0.71, 0.88, 1.0, 0.35, 0.94, 0.34, 0.09, 0.91]"
8,8,C4,,,,,,0.41,0.051,"[0.95, 0.31, 0.23, 0.75, 0.27, 0.28, 0.85, 0.96]"
8,8,C5,,,,,,0.32,0.051,"[0.66, 0.73, 0.87, 0.65, 0.17, 0.47, 0.47, 0.32]"
8,8,C6,,,,,,0.3,0.054,"[0.61, 0.73, 0.47, 0.49, 0.64, 0.01, 0.85, 0.03]"
8,8,C7,,,,,,0.46,0.038,"[0.45, 0.19, 0.31, 0.46, 0.02, 0.91, 0.01, 1.0]"
8,8,C8,,,,,,0.17,0.03,"[0.17, 0.33, 0.45, 0.51, 0.07, 0.46, 0.7, 0.59]"
8,8,C9,,,,,,0.43,0.038,"[0.18, 0.63, 0.64, 0.0, 0.46, 0.97, 0.14, 0.71]"
8,8,C10,,,,,,0.18,0.049,"[0.64, 0.1, 0.1, 0.64, 0.73, 0.1, 0.69, 0.06]"
8,8,C11,,,,,,0.38,0.051,"[0.93, 0.75, 0.46, 0.43, 0.62, 0.48, 0.42, 0.8]"
8,8,C12,,,,,,0.41,0.042,"[0.37, 0.52, 0.85, 0.95, 0.84, 0.03, 0.17, 0.65]"
8,8,C13,,,,,,0.11,0.044,"[0.19, 0.37, 0.13, 0.51, 0.16, 0.65, 0.4, 0.14]"
8,8,C14,,,,,,0.26,0.055,"[0.76, 0.58, 0.28, 0.47, 0.27, 0.63, 0.14, 0.81]"
8,8,C15,,,,,,0.43,0.038,"[0.64, 0.02, 0.45, 0.28, 0.97, 0.46, 0.88, 0.02]"
8,8,C16,,,,,,0.23,0.041,"[0.22, 0.04, 0.02, 0.77, 0.37, 0.21, 0.73, 0.69]"
8,8,C17,,,,,,0.14,0.04,"[0.38, 0.68, 0.05, 0.05, 0.17, 0.44, 0.22, 0.19]"
8,8,C18,,,,,,0.36,0.041,"[0.04, 0.05, 0.19, 0.01, 0.49, 0.9, 0.5, 0.47]"
8,8,C19,,,,,,0.31,0.03,"[0.39, 0.46, 0.03, 0.84, 0.74, 0.2, 0.73, 0.31]"
8,8,C20,,,,,,0.47,0.028,"[0.51, 1.0, 0.39, 0.23, 0.8, 0.79, 0.65, 0.0]"
8,9,C1,,,,,,0.34,0.031,"[0.87, 0.47, 0.39, 0.69, 0.36, 0.36, 0.83, 0.78]"
8,9,C2,,,,,,0.22,0.032,"[0.7, 0.01, 0.66, 0.12, 0.03, 0.33, 0.75, 0.01]"
8,9,C3,,,,,,0.45,0.047,"[0.71, 0.88, 1.0, 0.35, 0.94, 0.34, 0.09, 0.91]"
8,9,C4,,,,,,0.41,0.051,"[0.95, 0.31, 0.23, 0.75, 0.27, 0.28, 0.85, 0.96]"
8,9,C5,,,,,,0.32,0.051,"[0.66, 0.73, 0.87, 0.65, 0.17, 0.47, 0.47, 0.32]"
8,9,C6,,,,,,0.3,0.054,"[0.61, 0.73, 0.47, 0.49, 0.64, 0.01, 0.85, 0.03]"
8,9,C7,,,,,,0.46,0.038,"[0.45, 0.19, 0.31, 0.46, 0.02, 0.91, 0.01, 1.0]"
8,9,C8,,,,,,0.17,0.03,"[0.17, 0.33, 0.45, 0.51, 0.07, 0.46, 0.7, 0.59]"
8,9,C9,,,,,,0.43,0.038,"[0.18, 0.63, 0.64, 0.0, 0.46, 0.97, 0.14, 0.71]"
8,9,C10,,,,,,0.18,0.049,"[0.64, 0.1, 0.1, 0.64, 0.73, 0.1, 0.69, 0.06]"
8,9,C11,,,,,,0.38,0.051,"[0.93, 0.75, 0.46, 0.43, 0.62, 0.48, 0.42, 0.8]"
8,9,C12,,,,,,0.41,0.042,"[0.37, 0.52, 0.85, 0.95, 0.84, 0.03, 0.17, 0.65]"
8,9,C13,,,,,,0.11,0.044,"[0.19, 0.37, 0.13, 0.51, 0.16, 0.65, 0.4, 0.14]"
8,9,C14,,,,,,0.26,0.055,"[0.76, 0.58, 0.28, 0.47, 0.27, 0.63, 0.14, 0.81]"
8,9,C15,,,,,,0.43,0.038,"[0.64, 0.02, 0.45, 0.28, 0.97, 0.46, 0.88, 0.02]"
8,9,C16,,,,,,0.23,0.041,"[0.22, 0.04, 0.02, 0.77, 0.37, 0.21, 0.73, 0.69]"
8,9,C17,,,,,,0.14,0.04,"[0.38, 0.68, 0.05, 0.05, 0.17, 0.44, 0.22, 0.19]"
8,9,C18,,,,,,0.36,0.041,"[0.04, 0.05, 0.19, 0.01, 0.49, 0.9, 0.5, 0.47]"
8,9,C19,,,,,,0.31,0.03,"[0.39, 0.46, 0.03, 0.84, 0.74, 0.2, 0.73, 0.31]"
8,9,C20,,,,,,0.47,0.028,"[0.51, 1.0, 0.39, 0.23, 0.8, 0.79, 0.65, 0.0]"
8,10,C1,,,,,,0.34,0.031,"[0.87, 0.47, 0.39, 0.69, 0.36, 0.36, 0.83, 0.78]"
8,10,C2,,,,,,0.22,0.032,"[0.7, 0.01, 0.66, 0.12, 0.03, 0.33, 0.75, 0.01]"
8,10,C3,,,,,,0.45,0.047,"[0.71, 0.88, 1.0, 0.35, 0.94, 0.34, 0.09, 0.91]"
8,10,C4,,,,,,0.41,0.051,"[0.95, 0.31, 0.23, 0.75, 0.27, 0.28, 0.85, 0.96]"
8,10,C5,,,,,,0.32,0.051,"[0.66, 0.73, 0.87, 0.65, 0.17, 0.47, 0.47, 0.32]"
8,10,C6,,,,,,0.3,0.054,"[0.61, 0.73, 0.47, 0.49, 0.64, 0.01, 0.85, 0.03]"
8,10,C7,,,,,,0.46,0.038,"[0.45, 0.19, 0.31, 0.46, 0.02, 0.91, 0.01, 1.0]"
8,10,C8,,,,,,0.17,0.03,"[0.17, 0.33, 0.45, 0.51, 0.07, 0.46, 0.7, 0.59]"
8,10,C9,,,,,,0.43,0.038,"[0.18, 0.63, 0.64, 0.0, 0.46, 0.97, 0.14, 0.71]"
8,10,C10,,,,,,0.18,0.049,"[0.64, 0.1, 0.1, 0.64, 0.73, 0.1, 0.69, 0.06]"
8,10,C11,,,,,,0.38,0.051,"[0.93, 0.75, 0.46, 0.43, 0.62, 0.48, 0.42, 0.8]"
8,10,C12,,,,,,0.41,0.042,"[0.37, 0.52, 0.85, 0.95, 0.84, 0.03, 0.17, 0.65]"
8,10,C13,,,,,,0.11,0.044,"[0.19, 0.37, 0.13, 0.51, 0.16, 0.65, 0.4, 0.14]"
8,10,C14,,,,,,0.26,0.055,"[0.76, 0.58, 0.28, 0.47, 0.27, 0.63, 0.14, 0.81]"
8,10,C15,,,,,,0.43,0.038,"[0.64, 0.02, 0.45, 0.28, 0.97, 0.46, 0.88, 0.02]"
8,10,C16,,,,,,0.23,0.041,"[0.22, 0.04, 0.02, 0.77, 0.37, 0.21, 0.73, 0.69]"
8,10,C17,,,,,,0.14,0.04,"[0.38, 0.68, 0.05, 0.05, 0.17, 0.44, 0.22, 0.19]"
8,10,C18,,,,,,0.36,0.041,"[0.04, 0.05, 0.19, 0.01, 0.49, 0.9, 0.5, 0.47]"
8,10,C19,,,,,,0.31,0.03,"[0.39, 0.46, 0.03, 0.84, 0.74, 0.2, 0.73, 0.31]"
8,10,C20,,,,,,0.47,0.028,"[0.51, 1.0, 0.39, 0.23, 0.8, 0.79, 0.65, 0.0]"
9,1,C1,,,,,,0.45,0.044,"[0.99, 0.19, 0.88, 0.95, 0.24, 0.2, 0.44, 0.57, 0.97]"
9,1,C2,,,,,,0.31,0.029,"[0.72, 0.84, 0.84, 0.64, 0.07, 0.58, 0.16, 0.8, 0.51]"
9,1,C3,,,,,,0.26,0.055,"[0.02, 0.06, 0.18, 0.79, 0.02, 0.14, 0.82, 0.24, 0.56]"
9,1,C4,,,,,,0.42,0.035,"[0.32, 0.2, 0.47, 0.34, 0.96, 0.57, 0.73, 0.72, 0.92]"
9,1,C5,,,,,,0.36,0.026,"[0.69, 0.29, 0.89, 0.43, 0.72, 0.52, 0.09, 0.41, 0.7]"
9,1,C6,,,,,,0.33,0.051,"[0.67, 0.07, 0.49, 0.22, 0.23, 0.34, 0.88, 0.43, 0.7]"
9,1,C7,,,,,,0.45,0.036,"[0.12, 0.26, 0.3, 0.88, 0.99, 0.66, 0.2, 0.62, 0.19]"
9,1,C8,,,,,,0.43,0.042,"[0.66, 0.95, 0.73, 0.09, 0.4, 0.77, 0.41, 0.57, 0.97]"
9,1,C9,,,,,,0.48,0.025,"[0.82, 0.95, 0.04, 0.29, 0.93, 0.89, 0.49, 1.0, 0.58]"
9,1,C10,,,,,,0.15,0.051,"[0.06, 0.17, 0.57, 0.32, 0.48, 0.7, 0.59, 0.25, 0.27]"
9,1,C11,,,,,,0.46,0.026,"[0.18, 0.99, 0.92, 0.51, 0.94, 0.76, 0.54, 0.21, 0.58]"
9,1,C12,,,,,,0.34,0.036,"[0.73, 0.88, 0.82, 0.24, 0.8, 0.28, 0.73, 0.71, 0.39]"
9,1,C13,,,,,,0.29,0.026,"[0.29, 0.82, 0.31, 0.61, 0.57, 0.23, 0.19, 0.76, 0.4]"
9,1,C14,,,,,,0.29,0.049,"[0.76, 0.26, 0.11, 0.42, 0.82, 0.58, 0.78, 0.15, 0.84]"
9,1,C15,,,,,,0.3,0.034,"[0.17, 0.5, 0.18, 0.08, 0.83, 0.33, 0.44, 0.71, 0.8]"
9,1,C16,,,,,,0.46,0.037,"[0.23, 0.69, 0.02, 0.87, 1.0, 0.31, 0.21, 0.09, 0.79]"
9,1,C17,,,,,,0.35,0.046,"[0.24, 0.14, 0.31, 0.9, 0.38, 0.75, 0.57, 0.12, 0.58]"
9,1,C18,,,,,,0.38,0.051,"[0.77, 0.05, 0.81, 0.93, 0.82, 0.07, 0.04, 0.81, 0.3]"
9,1,C19,,,,,,0.44,0.045,"[0.49, 0.94, 0.07, 0.18, 0.27, 0.06, 0.17, 0.1, 0.99]"
9,1,C20,,,,,,0.28,0.029,"[0.42, 0.28, 0.02, 0.62, 0.62, 0.8, 0.31, 0.72, 0.81]"
9,2,C1,,,,,,0.45,0.044,"[0.99, 0.19, 0.88, 0.95, 0.24, 0.2, 0.44, 0.57, 0.97]"
9,2,C2,,,,,,0.31,0.029,"[0.72, 0.84, 0.84, 0.64, 0.07, 0.58, 0.16, 0.8, 0.51]"
9,2,C3,,,,,,0.26,0.055,"[0.02, 0.06, 0.18, 0.79, 0.02, 0.14, 0.82, 0.24, 0.56]"
9,2,C4,,,,,,0.42,0.035,"[0.32, 0.2, 0.47, 0.34, 0.96, 0.57, 0.73, 0.72, 0.92]"
9,2,C5,,,,,,0.36,0.026,"[0.69, 0.29, 0.89, 0.43, 0.72, 0.52, 0.09, 0.41, 0.7]"
9,2,C6,,,,,,0.33,0.051,"[0.67, 0.07, 0.49, 0.22, 0.23, 0.34, 0.88, 0.43, 0.7]"
9,2,C7,,,,,,0.45,0.036,"[0.12, 0.26, 0.3, 0.88, 0.99, 0.66, 0.2, 0.62, 0.19]"
9,2,C8,,,,,,0.43,0.042,"[0.66, 0.95, 0.73, 0.09, 0.4, 0.77, 0.41, 0.57, 0.97]"
9,2,C9,,,,,,0.48,0.025,"[0.82, 0.95, 0.04, 0.29, 0.93, 0.89, 0.49, 1.0, 0.58]"
9,2,C10,,,,,,0.15,0.051,"[0.06, 0.17, 0.57, 0.32, 0.48, 0.7, 0.59, 0.25, 0.27]"
9,2,C11,,,,,,0.46,0.026,"[0.18, 0.99, 0.92, 0.51, 0.94, 0.76, 0.54, 0.21, 0.58]"
9,2,C12,,,,,,0.34,0.036,"[0.73, 0.88, 0.82, 0.24, 0.8, 0.28, 0.73, 0.71, 0.39]"
9,2,C13,,,,,,0.29,0.026,"[0.29, 0.82, 0.31, 0.61, 0.57, 0.23, 0.19, 0.76, 0.4]"
9,2,C14,,,,,,0.29,0.049,"[0.76, 0.26, 0.11, 0.42, 0.82, 0.58, 0.78, 0.15, 0.84]"
9,2,C15,,,,,,0.3,0.034,"[0.17, 0.5, 0.18, 0.08, 0.83, 0.33, 0.44, 0.71, 0.8]"
9,2,C16,,,,,,0.46,0.037,"[0.23, 0.69, 0.02, 0.87, 1.0, 0.31, 0.21, 0.09, 0.79]"
9,2,C17,,,,,,0.35,0.046,"[0.24, 0.14, 0.31, 0.9, 0.38, 0.75, 0.57, 0.12, 0.58]"
9,2,C18,,,,,,0.38,0.051,"[0.77, 0.05, 0.81, 0.93, 0.82, 0.07, 0.04, 0.81, 0.3]"
9,2,C19,,,,,,0.44,0.045,"[0.49, 0.94, 0.07, 0.18, 0.27, 0.06, 0.17, 0.1, 0.99]"
9,2,C20,,,,,,0.28,0.029,"[0.42, 0.28, 0.02, 0.62, 0.62, 0.8, 0.31, 0.72, 0.81]"
9,3,C1,,,,,,0.45,0.044,"[0.99, 0.19, 0.88, 0.95, 0.24, 0.2, 0.44, 0.57, 0.97]"
9,3,C2,,,,,,0.31,0.029,"[0.72, 0.84, 0.84, 0.64, 0.07, 0.58, 0.16, 0.8, 0.51]"
9,3,C3,,,,,,0.26,0.055,"[0.02, 0.06, 0.18, 0.79, 0.02, 0.14, 0.82, 0.24, 0.56]"
9,3,C4,,,,,,0.42,0.035,"[0.32, 0.2, 0.47, 0.34, 0.96, 0.57, 0.73, 0.72, 0.92]"
9,3,C5,,,,,,0.36,0.026,"[0.69, 0.29, 0.89, 0.43, 0.72, 0.52, 0.09, 0.41, 0.7]"
9,3,C6,,,,,,0.33,0.051,"[0.67, 0.07, 0.49, 0.22, 0.23, 0.34, 0.88, 0.43, 0.7]"
9,3,C7,,,,,,0.45,0.036,"[0.12, 0.26, 0.3, 0.88, 0.99, 0.66, 0.2, 0.62, 0.19]"
9,3,C8,,,,,,0.43,0.042,"[0.66, 0.95, 0.73, 0.09, 0.4, 0.77, 0.41, 0.57, 0.97]"
9,3,C9,,,,,,0.48,0.025,"[0.82, 0.95, 0.04, 0.29, 0.93, 0.89, 0.49, 1.0, 0.58]"
9,3,C10,,,,,,0.15,0.051,"[0.06, 0.17, 0.57, 0.32, 0.48, 0.7, 0.59, 0.25, 0.27]"
9,3,C11,,,,,,0.46,0.026,"[0.18, 0.99, 0.92, 0.51, 0.94, 0.76, 0.54, 0.21, 0.58]"
9,3,C12,,,,,,0.34,0.036,"[0.73, 0.88, 0.82, 0.24, 0.8, 0.28, 0.73, 0.71, 0.39]"
9,3,C13,,,,,,0.29,0.026,"[0.29, 0.82, 0.31, 0.61, 0.57, 0.23, 0.19, 0.76, 0.4]"
9,3,C14,,,,,,0.29,0.049,"[0.76, 0.26, 0.11, 0.42, 0.82, 0.58, 0.78, 0.15, 0.84]"
9,3,C15,,,,,,0.3,0.034,"[0.17, 0.5, 0.18, 0.08, 0.83, 0.33, 0.44, 0.71, 0.8]"
9,3,C16,,,,,,0.46,0.037,"[0.23, 0.69, 0.02, 0.87, 1.0, 0.31, 0.21, 0.09, 0.79]"
9,3,C17,,,,,,0.35,0.046,"[0.24, 0.14, 0.31, 0.9, 0.38, 0.75, 0.57, 0.12, 0.58]"
9,3,C18,,,,,,0.38,0.051,"[0.77, 0.05, 0.81, 0.93, 0.82, 0.07, 0.04, 0.81, 0.3]"
9,3,C19,,,,,,0.44,0.045,"[0.49, 0.94, 0.07, 0.18, 0.27, 0.06, 0.17, 0.1, 0.99]"
9,3,C20,,,,,,0.28,0.029,"[0.42, 0.28, 0.02, 0.62, 0.62, 0.8, 0.31, 0.72, 0.81]"
9,4,C1,,,,,,0.45,0.044,"[0.99, 0.19, 0.88, 0.95, 0.24, 0.2, 0.44, 0.57, 0.97]"
9,4,C2,,,,,,0.31,0.029,"[0.72, 0.84, 0.84, 0.64, 0.07, 0.58, 0.16, 0.8, 0.51]"
9,4,C3,,,,,,0.26,0.055,"[0.02, 0.06, 0.18, 0.79, 0.02, 0.14, 0.82, 0.24, 0.56]"
9,4,C4,,,,,,0.42,0.035,"[0.32, 0.2, 0.47, 0.34, 0.96, 0.57, 0.73, 0.72, 0.92]"
9,4,C5,,,,,,0.36,0.026,"[0.69, 0.29, 0.89, 0.43, 0.72, 0.52, 0.09, 0.41, 0.7]"
9,4,C6,,,,,,0.33,0.051,"[0.67, 0.07, 0.49, 0.22, 0.23, 0.34, 0.88, 0.43, 0.7]"
9,4,C7,,,,,,0.45,0.036,"[0.12, 0.26, 0.3, 0.88, 0.99, 0.66, 0.2, 0.62, 0.19]"
9,4,C8,,,,,,0.43,0.042,"[0.66, 0.95, 0.73, 0.09, 0.4, 0.77, 0.41, 0.57, 0.97]"
9,4,C9,,,,,,0.48,0.025,"[0.82, 0.95, 0.04, 0.29, 0.93, 0.89, 0.49, 1.0, 0.58]"
9,4,C10,,,,,,0.15,0.051,"[0.06, 0.17, 0.57, 0.32, 0.48, 0.7, 0.59, 0.25, 0.27]"
9,4,C11,,,,,,0.46,0.026,"[0.18, 0.99, 0.92, 0.51, 0.94, 0.76, 0.54, 0.21, 0.58]"
9,4,C12,,,,,,0.34,0.036,"[0.73, 0.88, 0.82, 0.24, 0.8, 0.28, 0.73, 0.71, 0.39]"
9,4,C13,,,,,,0.29,0.026,"[0.29, 0.82, 0.31, 0.61, 0.57, 0.23, 0.19, 0.76, 0.4]"
9,4,C14,,,,,,0.29,0.049,"[0.76, 0.26, 0.11, 0.42, 0.82, 0.58, 0.78, 0.15, 0.84]"
9,4,C15,,,,,,0.3,0.034,"[0.17, 0.5, 0.18, 0.08, 0.83, 0.33, 0.44, 0.71, 0.8]"
9,4,C16,,,,,,0.46,0.037,"[0.23, 0.69, 0.02, 0.87, 1.0, 0.31, 0.21, 0.09, 0.79]"
9,4,C17,,,,,,0.35,0.046,"[0.24, 0.14, 0.31, 0.9, 0.38, 0.75, 0.57, 0.12, 0.58]"
9,4,C18,,,,,,0.38,0.051,"[0.77, 0.05, 0.81, 0.93, 0.82, 0.07, 0.04, 0.81, 0.3]"
9,4,C19,,,,,,0.44,0.045,"[0.49, 0.94, 0.07, 0.18, 0.27, 0.06, 0.17, 0.1, 0.99]"
9,4,C20,,,,,,0.28,0.029,"[0.42, 0.28, 0.02, 0.62, 0.62, 0.8, 0.31, 0.72, 0.81]"
9,5,C1,,,,,,0.45,0.044,"[0.99, 0.19, 0.88, 0.95, 0.24, 0.2, 0.44, 0.57, 0.97]"
9,5,C2,,,,,,0.31,0.029,"[0.72, 0.84, 0.84, 0.64, 0.07, 0.58, 0.16, 0.8, 0.51]"
9,5,C3,,,,,,0.26,0.055,"[0.02, 0.06, 0.18, 0.79, 0.02, 0.14, 0.82, 0.24, 0.56]"
9,5,C4,,,,,,0.42,0.035,"[0.32, 0.2, 0.47, 0.34, 0.96, 0.57, 0.73, 0.72, 0.92]"
9,5,C5,,,,,,0.36,0.026,"[0.69, 0.29, 0.89, 0.43, 0.72, 0.52, 0.09, 0.41, 0.7]"
9,5,C6,,,,,,0.33,0.051,"[0.67, 0.07, 0.49, 0.22, 0.23, 0.34, 0.88, 0.43, 0.7]"
9,5,C7,,,,,,0.45,0.036,"[0.12, 0.26, 0.3, 0.88, 0.99, 0.66, 0.2, 0.62, 0.19]"
9,5,C8,,,,,,0.43,0.042,"[0.66, 0.95, 0.73, 0.09, 0.4, 0.77, 0.41, 0.57, 0.97]"
9,5,C9,,,,,,0.48,0.025,"[0.82, 0.95, 0.04, 0.29, 0.93, 0.89, 0.49, 1.0, 0.58]"
9,5,C10,,,,,,0.15,0.051,"[0.06, 0.17, 0.57, 0.32, 0.48, 0.7, 0.59, 0.25, 0.27]"
9,5,C11,,,,,,0.46,0.026,"[0.18, 0.99, 0.92, 0.51, 0.94, 0.76, 0.54, 0.21, 0.58]"
9,5,C12,,,,,,0.34,0.036,"[0.73, 0.88, 0.82, 0.24, 0.8, 0.28, 0.73, 0.71, 0.39]"
9,5,C13,,,,,,0.29,0.026,"[0.29, 0.82, 0.31, 0.61, 0.57, 0.23, 0.19, 0.76, 0.4]"
9,5,C14,,,,,,0.29,0.049,"[0.76, 0.26, 0.11, 0.42, 0.82, 0.58, 0.78, 0.15, 0.84]"
9,5,C15,,,,,,0.3,0.034,"[0.17, 0.5, 0.18, 0.08, 0.83, 0.33, 0.44, 0.71, 0.8]"
9,5,C16,,,,,,0.46,0.037,"[0.23, 0.69, 0.02, 0.87, 1.0, 0.31, 0.21, 0.09, 0.79]"
9,5,C17,,,,,,0.35,0.046,"[0.24, 0.14, 0.31, 0.9, 0.38, 0.75, 0.57, 0.12, 0.58]"
9,5,C18,,,,,,0.38,0.051,"[0.77, 0.05, 0.81, 0.93, 0.82, 0.07, 0.04, 0.81, 0.3]"
9,5,C19,,,,,,0.44,0.045,"[0.49, 0.94, 0.07, 0.18, 0.27, 0.06, 0.17, 0.1, 0.99]"
9,5,C20,,,,,,0.28,0.029,"[0.42, 0.28, 0.02, 0.62, 0.62, 0.8, 0.31, 0.72, 0.81]"
9,6,C1,,,,,,0.45,0.044,"[0.99, 0.19, 0.88, 0.95, 0.24, 0.2, 0.44, 0.57, 0.97]"
9,6,C2,,,,,,0.31,0.029,"[0.72, 0.84, 0.84, 0.64, 0.07, 0.58, 0.16, 0.8, 0.51]"
9,6,C3,,,,,,0.26,0.055,"[0.02, 0.06, 0.18, 0.79, 0.02, 0.14, 0.82, 0.24, 0.56]"
9,6,C4,,,,,,0.42,0.035,"[0.32, 0.2, 0.47, 0.34, 0.96, 0.57, 0.73, 0.72, 0.92]"
9,6,C5,,,,,,0.36,0.026,"[0.69, 0.29, 0.89, 0.43, 0.72, 0.52, 0.09, 0.41, 0.7]"
9,6,C6,,,,,,0.33,0.051,"[0.67, 0.07, 0.49, 0.22, 0.23, 0.34, 0.88, 0.43, 0.7]"
9,6,C7,,,,,,0.45,0.036,"[0.12, 0.26, 0.3, 0.88, 0.99, 0.66, 0.2, 0.62, 0.19]"
9,6,C8,,,,,,0.43,0.042,"[0.66, 0.95, 0.73, 0.09, 0.4, 0.77, 0.41, 0.57, 0.97]"
9,6,C9,,,,,,0.48,0.025,"[0.82, 0.95, 0.04, 0.29, 0.93, 0.89, 0.49, 1.0, 0.58]"
9,6,C10,,,,,,0.15,0.051,"[0.06, 0.17, 0.57, 0.32, 0.48, 0.7, 0.59, 0.25, 0.27]"
9,6,C11,,,,,,0.46,0.026,"[0.18, 0.99, 0.92, 0.51, 0.94, 0.76, 0.54, 0.21, 0.58]"
9,6,C12,,,,,,0.34,0.036,"[0.73, 0.88, 0.82, 0.24, 0.8, 0.28, 0.73, 0.71, 0.39]"
9,6,C13,,,,,,0.29,0.026,"[0.29, 0.82, 0.31, 0.61, 0.57, 0.23, 0.19, 0.76, 0.4]"
9,6,C14,,,,,,0.29,0.049,"[0.76, 0.26, 0.11, 0.42, 0.82, 0.58, 0.78, 0.15, 0.84]"
9,6,C15,,,,,,0.3,0.034,"[0.17, 0.5, 0.18, 0.08, 0.83, 0.33, 0.44, 0.71, 0.8]"
9,6,C16,,,,,,0.46,0.037,"[0.23, 0.69, 0.02, 0.87, 1.0, 0.31, 0.21, 0.09, 0.79]"
9,6,C17,,,,,,0.35,0.046,"[0.24, 0.14, 0.31, 0.9, 0.38, 0.75, 0.57, 0.12, 0.58]"
9,6,C18,,,,,,0.38,0.051,"[0.77, 0.05, 0.81, 0.93, 0.82, 0.07, 0.04, 0.81, 0.3]"
9,6,C19,,,,,,0.44,0.045,"[0.49, 0.94, 0.07, 0.18, 0.27, 0.06, 0.17, 0.1, 0.99]"
9,6,C20,,,,,,0.28,0.029,"[0.42, 0.28, 0.02, 0.62, 0.62, 0.8, 0.31, 0.72, 0.81]"
9,7,C1,,,,,,0.45,0.044,"[0.99, 0.19, 0.88, 0.95, 0.24, 0.2, 0.44, 0.57, 0.97]"
9,7,C2,,,,,,0.31,0.029,"[0.72, 0.84, 0.84, 0.64, 0.07, 0.58, 0.16, 0.8, 0.51]"
9,7,C3,,,,,,0.26,0.055,"[0.02, 0.06, 0.18, 0.79, 0.02, 0.14, 0.82, 0.24, 0.56]"
9,7,C4,,,,,,0.42,0.035,"[0.32, 0.2, 0.47, 0.34, 0.96, 0.57, 0.73, 0.72, 0.92]"
9,7,C5,,,,,,0.36,0.026,"[0.69, 0.29, 0.89, 0.43, 0.72, 0.52, 0.09, 0.41, 0.7]"
9,7,C6,,,,,,0.33,0.051,"[0.67, 0.07, 0.49, 0.22, 0.23, 0.34, 0.88, 0.43, 0.7]"
9,7,C7,,,,,,0.45,0.036,"[0.12, 0.26, 0.3, 0.88, 0.99, 0.66, 0.2, 0.62, 0.19]"
9,7,C8,,,,,,0.43,0.042,"[0.66, 0.95, 0.73, 0.09, 0.4, 0.77, 0.41, 0.57, 0.97]"
9,7,C9,,,,,,0.48,0.025,"[0.82, 0.95, 0.04, 0.29, 0.93, 0.89, 0.49, 1.0, 0.58]"
9,7,C10,,,,,,0.15,0.051,"[0.06, 0.17, 0.57, 0.32, 0.48, 0.7, 0.59, 0.25, 0.27]"
9,7,C11,,,,,,0.46,0.026,"[0.18, 0.99, 0.92, 0.51, 0.94, 0.76, 0.54, 0.21, 0.58]"
9,7,C12,,,,,,0.34,0.036,"[0.73, 0.88, 0.82, 0.24, 0.8, 0.28, 0.73, 0.71, 0.39]"
9,7,C13,,,,,,0.29,0.026,"[0.29, 0.82, 0.31, 0.61, 0.57, 0.23, 0.19, 0.76, 0.4]"
9,7,C14,,,,,,0.29,0.049,"[0.76, 0.26, 0.11, 0.42, 0.82, 0.58, 0.78, 0.15, 0.84]"
9,7,C15,,,,,,0.3,0.034,"[0.17, 0.5, 0.18, 0.08, 0.83, 0.33, 0.44, 0.71, 0.8]"
9,7,C16,,,,,,0.46,0.037,"[0.23, 0.69, 0.02, 0.87, 1.0, 0.31, 0.21, 0.09, 0.79]"
9,7,C17,,,,,,0.35,0.046,"[0.24, 0.14, 0.31, 0.9, 0.38, 0.75, 0.57, 0.12, 0.58]"
9,7,C18,,,,,,0.38,0.051,"[0.77, 0.05, 0.81, 0.93, 0.82, 0.07, 0.04, 0.81, 0.3]"
9,7,C19,,,,,,0.44,0.045,"[0.49, 0.94, 0.07, 0.18, 0.27, 0.06, 0.17, 0.1, 0.99]"
9,7,C20,,,,,,0.28,0.029,"[0.42, 0.28, 0.02, 0.62, 0.62, 0.8, 0.31, 0.72, 0.81]"
9,8,C1,,,,,,0.45,0.044,"[0.99, 0.19, 0.88, 0.95, 0.24, 0.2, 0.44, 0.57, 0.97]"
9,8,C2,,,,,,0.31,0.029,"[0.72, 0.84, 0.84, 0.64, 0.07, 0.58, 0.16, 0.8, 0.51]"
9,8,C3,,,,,,0.26,0.055,"[0.02, 0.06, 0.18, 0.79, 0.02, 0.14, 0.82, 0.24, 0.56]"
9,8,C4,,,,,,0.42,0.035,"[0.32, 0.2, 0.47, 0.34, 0.96, 0.57, 0.73, 0.72, 0.92]"
9,8,C5,,,,,,0.36,0.026,"[0.69, 0.29, 0.89, 0.43, 0.72, 0.52, 0.09, 0.41, 0.7]"
9,8,C6,,,,,,0.33,0.051,"[0.67, 0.07, 0.49, 0.22, 0.23, 0.34, 0.88, 0.43, 0.7]"
9,8,C7,,,,,,0.45,0.036,"[0.12, 0.26, 0.3, 0.88, 0.99, 0.66, 0.2, 0.62, 0.19]"
9,8,C8,,,,,,0.43,0.042,"[0.66, 0.95, 0.73, 0.09, 0.4, 0.77, 0.41, 0.57, 0.97]"
9,8,C9,,,,,,0.48,0.025,"[0.82, 0.95, 0.04, 0.29, 0.93, 0.89, 0.49, 1.0, 0.58]"
9,8,C10,,,,,,0.15,0.051,"[0.06, 0.17, 0.57, 0.32, 0.48, 0.7, 0.59, 0.25, 0.27]"
9,8,C11,,,,,,0.46,0.026,"[0.18, 0.99, 0.92, 0.51, 0.94, 0.76, 0.54, 0.21, 0.58]"
9,8,C12,,,,,,0.34,0.036,"[0.73, 0.88, 0.82, 0.24, 0.8, 0.28, 0.73, 0.71, 0.39]"
9,8,C13,,,,,,0.29,0.026,"[0.29, 0.82, 0.31, 0.61, 0.57, 0.23, 0.19, 0.76, 0.4]"
9,8,C14,,,,,,0.29,0.049,"[0.76, 0.26, 0.11, 0.42, 0.82, 0.58, 0.78, 0.15, 0.84]"
9,8,C15,,,,,,0.3,0.034,"[0.17, 0.5, 0.18, 0.08, 0.83, 0.33, 0.44, 0.71, 0.8]"
9,8,C16,,,,,,0.46,0.037,"[0.23, 0.69, 0.02, 0.87, 1.0, 0.31, 0.21, 0.09, 0.79]"
9,8,C17,,,,,,0.35,0.046,"[0.24, 0.14, 0.31, 0.9, 0.38, 0.75, 0.57, 0.12, 0.58]"
9,8,C18,,,,,,0.38,0.051,"[0.77, 0.05, 0.81, 0.93, 0.82, 0.07, 0.04, 0.81, 0.3]"
9,8,C19,,,,,,0.44,0.045,"[0.49, 0.94, 0.07, 0.18, 0.27, 0.06, 0.17, 0.1, 0.99]"
9,8,C20,,,,,,0.28,0.029,"[0.42, 0.28, 0.02, 0.62, 0.62, 0.8, 0.31, 0.72, 0.81]"
9,9,C1,,,,,,0.45,0.044,"[0.99, 0.19, 0.88, 0.95, 0.24, 0.2, 0.44, 0.57, 0.97]"
9,9,C2,,,,,,0.31,0.029,"[0.72, 0.84, 0.84, 0.64, 0.07, 0.58, 0.16, 0.8, 0.51]"
9,9,C3,,,,,,0.26,0.055,"[0.02, 0.06, 0.18, 0.79, 0.02, 0.14, 0.82, 0.24, 0.56]"
9,9,C4,,,,,,0.42,0.035,"[0.32, 0.2, 0.47, 0.34, 0.96, 0.57, 0.73, 0.72, 0.92]"
9,9,C5,,,,,,0.36,0.026,"[0.69, 0.29, 0.89, 0.43, 0.72, 0.52, 0.09, 0.41, 0.7]"
9,9,C6,,,,,,0.33,0.051,"[0.67, 0.07, 0.49, 0.22, 0.23, 0.34, 0.88, 0.43, 0.7]"
9,9,C7,,,,,,0.45,0.036,"[0.12, 0.26, 0.3, 0.88, 0.99, 0.66, 0.2, 0.62, 0.19]"
9,9,C8,,,,,,0.43,0.042,"[0.66, 0.95, 0.73, 0.09, 0.4, 0.77, 0.41, 0.57, 0.97]"
9,9,C9,,,,,,0.48,0.025,"[0.82, 0.95, 0.04, 0.29, 0.93, 0.89, 0.49, 1.0, 0.58]"
9,9,C10,,,,,,0.15,0.051,"[0.06, 0.17, 0.57, 0.32, 0.48, 0.7, 0.59, 0.25, 0.27]"
9,9,C11,,,,,,0.46,0.026,"[0.18, 0.99, 0.92, 0.51, 0.94, 0.76, 0.54, 0.21, 0.58]"
9,9,C12,,,,,,0.34,0.036,"[0.73, 0.88, 0.82, 0.24, 0.8, 0.28, 0.73, 0.71, 0.39]"
9,9,C13,,,,,,0.29,0.026,"[0.29, 0.82, 0.31, 0.61, 0.57, 0.23, 0.19, 0.76, 0.4]"
9,9,C14,,,,,,0.29,0.049,"[0.76, 0.26, 0.11, 0.42, 0.82, 0.58, 0.78, 0.15, 0.84]"
9,9,C15,,,,,,0.3,0.034,"[0.17, 0.5, 0.18, 0.08, 0.83, 0.33, 0.44, 0.71, 0.8]"
9,9,C16,,,,,,0.46,0.037,"[0.23, 0.69, 0.02, 0.87, 1.0, 0.31, 0.21, 0.09, 0.79]"
9,9,C17,,,,,,0.35,0.046,"[0.24, 0.14, 0.31, 0.9, 0.38, 0.75, 0.57, 0.12, 0.58]"
9,9,C18,,,,,,0.38,0.051,"[0.77, 0.05, 0.81, 0.93, 0.82, 0.07, 0.04, 0.81, 0.3]"
9,9,C19,,,,,,0.44,0.045,"[0.49, 0.94, 0.07, 0.18, 0.27, 0.06, 0.17, 0.1, 0.99]"
9,9,C20,,,,,,0.28,0.029,"[0.42, 0.28, 0.02, 0.62, 0.62, 0.8, 0.31, 0.72, 0.81]"
9,10,C1,,,,,,0.45,0.044,"[0.99, 0.19, 0.88, 0.95, 0.24, 0.2, 0.44, 0.57, 0.97]"
9,10,C2,,,,,,0.31,0.029,"[0.72, 0.84, 0.84, 0.64, 0.07, 0.58, 0.16, 0.8, 0.51]"
9,10,C3,,,,,,0.26,0.055,"[0.02, 0.06, 0.18, 0.79, 0.02, 0.14, 0.82, 0.24, 0.56]"
9,10,C4,,,,,,0.42,0.035,"[0.32, 0.2, 0.47, 0.34, 0.96, 0.57, 0.73, 0.72, 0.92]"
9,10,C5,,,,,,0.36,0.026,"[0.69, 0.29, 0.89, 0.43, 0.72, 0.52, 0.09, 0.41, 0.7]"
9,10,C6,,,,,,0.33,0.051,"[0.67, 0.07, 0.49, 0.22, 0.23, 0.34, 0.88, 0.43, 0.7]"
9,10,C7,,,,,,0.45,0.036,"[0.12, 0.26, 0.3, 0.88, 0.99, 0.66, 0.2, 0.62, 0.19]"
9,10,C8,,,,,,0.43,0.042,"[0.66, 0.95, 0.73, 0.09, 0.4, 0.77, 0.41, 0.57, 0.97]"
9,10,C9,,,,,,0.48,0.025,"[0.82, 0.95, 0.04, 0.29, 0.93, 0.89, 0.49, 1.0, 0.58]"
9,10,C10,,,,,,0.15,0.051,"[0.06, 0.17, 0.57, 0.32, 0.48, 0.7, 0.59, 0.25, 0.27]"
9,10,C11,,,,,,0.46,0.026,"[0.18, 0.99, 0.92, 0.51, 0.94, 0.76, 0.54, 0.21, 0.58]"
9,10,C12,,,,,,0.34,0.036,"[0.73, 0.88, 0.82, 0.24, 0.8, 0.28, 0.73, 0.71, 0.39]"
9,10,C13,,,,,,0.29,0.026,"[0.29, 0.82, 0.31, 0.61, 0.57, 0.23, 0.19, 0.76, 0.4]"
9,10,C14,,,,,,0.29,0.049,"[0.76, 0.26, 0.11, 0.42, 0.82, 0.58, 0.78, 0.15, 0.84]"
9,10,C15,,,,,,0.3,0.034,"[0.17, 0.5, 0.18, 0.08, 0.83, 0.33, 0.44, 0.71, 0.8]"
9,10,C16,,,,,,0.46,0.037,"[0.23, 0.69, 0.02, 0.87, 1.0, 0.31, 0.21, 0.09, 0.79]"
9,10,C17,,,,,,0.35,0.046,"[0.24, 0.14, 0.31, 0.9, 0.38, 0.75, 0.57, 0.12, 0.58]"
9,10,C18,,,,,,0.38,0.051,"[0.77, 0.05, 0.81, 0.93, 0.82, 0.07, 0.04, 0.81, 0.3]"
9,10,C19,,,,,,0.44,0.045,"[0.49, 0.94, 0.07, 0.18, 0.27, 0.06, 0.17, 0.1, 0.99]"
9,10,C20,,,,,,0.28,0.029,"[0.42, 0.28, 0.02, 0.62, 0.62, 0.8, 0.31, 0.72, 0.81]"
10,1,C1,,,,,,0.38,0.055,"[0.9, 0.63, 0.5, 0.5, 0.28, 0.47, 0.35, 0.93, 0.39, 0.88]"
10,1,C2,,,,,,0.3,0.048,"[0.79, 0.36, 0.85, 0.02, 0.08, 0.73, 0.01, 0.84, 0.08, 0.26]"
10,1,C3,,,,,,0.42,0.052,"[0.96, 0.73, 0.97, 0.89, 0.44, 0.13, 0.02, 0.56, 0.28, 0.86]"
10,1,C4,,,,,,0.46,0.036,"[0.02, 0.21, 0.53, 0.99, 0.31, 0.33, 1.0, 0.3, 0.03, 0.21]"
10,1,C5,,,,,,0.39,0.029,"[0.49, 0.13, 0.22, 0.17, 0.6, 0.38, 0.7, 0.23, 0.92, 0.9]"
10,1,C6,,,,,,0.28,0.033,"[0.02, 0.41, 0.32, 0.66, 0.42, 0.77, 0.44, 0.81, 0.27, 0.08]"
10,1,C7,,,,,,0.43,0.032,"[0.7, 0.37, 0.72, 0.29, 0.96, 0.63, 0.39, 0.81, 0.76, 0.47]"
10,1,C8,,,,,,0.38,0.037,"[0.92, 0.67, 0.18, 0.51, 0.8, 0.81, 0.46, 0.87, 0.7, 0.09]"
10,1,C9,,,,,,0.36,0.04,"[0.81, 0.19, 0.9, 0.63, 0.38, 0.25, 0.24, 0.49, 0.55, 0.55]"
10,1,C10,,,,,,0.43,0.032,"[0.16, 0.85, 0.49, 0.72, 0.61, 0.96, 0.73, 0.56, 0.08, 0.46]"
10,1,C11,,,,,,0.31,0.046,"[0.52, 0.41, 0.37, 0.55, 0.56, 0.33, 0.66, 0.23, 0.86, 0.86]"
10,1,C12,,,,,,0.41,0.029,"[0.84, 0.68, 0.38, 0.63, 0.72, 0.91, 0.94, 0.94, 0.35, 0.07]"
10,1,C13,,,,,,0.42,0.04,"[0.4, 0.69, 0.01, 0.96, 0.39, 0.47, 0.67, 0.08, 0.16, 0.44]"
10,1,C14,,,,,,0.31,0.041,"[0.78, 0.63, 0.84, 0.05, 0.66, 0.07, 0.8, 0.02, 0.85, 0.5]"
10,1,C15,,,,,,0.43,0.039,"[0.12, 0.22, 0.18, 0.52, 0.2, 0.97, 0.06, 0.95, 0.12, 0.8]"
10,1,C16,,,,,,0.37,0.038,"[0.06, 0.46, 0.05, 0.84, 0.25, 0.22, 0.8, 0.91, 0.54, 0.82]"
10,1,C17,,,,,,0.46,0.043,"[0.87, 0.62, 0.1, 0.8, 0.43, 0.17, 0.58, 1.0, 0.97, 0.03]"
10,1,C18,,,,,,0.19,0.037,"[0.54, 0.29, 0.09, 0.49, 0.12, 0.41, 0.15, 0.73, 0.57, 0.39]"
10,1,C19,,,,,,0.25,0.032,"[0.4, 0.36, 0.31, 0.3, 0.05, 0.06, 0.76, 0.78, 0.03, 0.36]"
10,1,C20,,,,,,0.31,0.037,"[0.77, 0.15, 0.72, 0.82, 0.73, 0.65, 0.36, 0.42, 0.35, 0.85]"
10,2,C1,,,,,,0.38,0.055,"[0.9, 0.63, 0.5, 0.5, 0.28, 0.47, 0.35, 0.93, 0.39, 0.88]"
10,2,C2,,,,,,0.3,0.048,"[0.79, 0.36, 0.85, 0.02, 0.08, 0.73, 0.01, 0.84, 0.08, 0.26]"
10,2,C3,,,,,,0.42,0.052,"[0.96, 0.73, 0.97, 0.89, 0.44, 0.13, 0.02, 0.56, 0.28, 0.86]"
10,2,C4,,,,,,0.46,0.036,"[0.02, 0.21, 0.53, 0.99, 0.31, 0.33, 1.0, 0.3, 0.03, 0.21]"
10,2,C5,,,,,,0.39,0.029,"[0.49, 0.13, 0.22, 0.17, 0.6, 0.38, 0.7, 0.23, 0.92, 0.9]"
10,2,C6,,,,,,0.28,0.033,"[0.02, 0.41, 0.32, 0.66, 0.42, 0.77, 0.44, 0.81, 0.27, 0.08]"
10,2,C7,,,,,,0.43,0.032,"[0.7, 0.37, 0.72, 0.29, 0.96, 0.63, 0.39, 0.81, 0.76, 0.47]"
10,2,C8,,,,,,0.38,0.037,"[0.92, 0.67, 0.18, 0.51, 0.8, 0.81, 0.46, 0.87, 0.7, 0.09]"
10,2,C9,,,,,,0.36,0.04,"[0.81, 0.19, 0.9, 0.63, 0.38, 0.25, 0.24, 0.49, 0.55, 0.55]"
10,2,C10,,,,,,0.43,0.032,"[0.16, 0.85, 0.49, 0.72, 0.61, 0.96, 0.73, 0.56, 0.08, 0.46]"
10,2,C11,,,,,,0.31,0.046,"[0.52, 0.41, 0.37, 0.55, 0.56, 0.33, 0.66, 0.23, 0.86, 0.86]"
10,2,C12,,,,,,0.41,0.029,"[0.84, 0.68, 0.38, 0.63, 0.72, 0.91, 0.94, 0.94, 0.35, 0.07]"
10,2,C13,,,,,,0.42,0.04,"[0.4, 0.69, 0.01, 0.96, 0.39, 0.47, 0.67, 0.08, 0.16, 0.44]"
10,2,C14,,,,,,0.31,0.041,"[0.78, 0.63, 0.84, 0.05, 0.66, 0.07, 0.8, 0.02, 0.85, 0.5]"
10,2,C15,,,,,,0.43,0.039,"[0.12, 0.22, 0.18, 0.52, 0.2, 0.97, 0.06, 0.95, 0.12, 0.8]"
10,2,C16,,,,,,0.37,0.038,"[0.06, 0.46, 0.05, 0.84, 0.25, 0.22, 0.8, 0.91, 0.54, 0.82]"
10,2,C17,,,,,,0.46,0.043,"[0.87, 0.62, 0.1, 0.8, 0.43, 0.17, 0.58, 1.0, 0.97, 0.03]"
10,2,C18,,,,,,0.19,0.037,"[0.54, 0.29, 0.09, 0.49, 0.12, 0.41, 0.15, 0.73, 0.57, 0.39]"
10,2,C19,,,,,,0.25,0.032,"[0.4, 0.36, 0.31, 0.3, 0.05, 0.06, 0.76, 0.78, 0.03, 0.36]"
10,2,C20,,,,,,0.31,0.037,"[0.77, 0.15, 0.72, 0.82, 0.73, 0.65, 0.36, 0.42, 0.35, 0.85]"
10,3,C1,,,,,,0.38,0.055,"[0.9, 0.63, 0.5, 0.5, 0.28, 0.47, 0.35, 0.93, 0.39, 0.88]"
10,3,C2,,,,,,0.3,0.048,"[0.79, 0.36, 0.85, 0.02, 0.08, 0.73, 0.01, 0.84, 0.08, 0.26]"
10,3,C3,,,,,,0.42,0.052,"[0.96, 0.73, 0.97, 0.89, 0.44, 0.13, 0.02, 0.56, 0.28, 0.86]"
10,3,C4,,,,,,0.46,0.036,"[0.02, 0.21, 0.53, 0.99, 0.31, 0.33, 1.0, 0.3, 0.03, 0.21]"
10,3,C5,,,,,,0.39,0.029,"[0.49, 0.13, 0.22, 0.17, 0.6, 0.38, 0.7, 0.23, 0.92, 0.9]"
10,3,C6,,,,,,0.28,0.033,"[0.02, 0.41, 0.32, 0.66, 0.42, 0.77, 0.44, 0.81, 0.27, 0.08]"
10,3,C7,,,,,,0.43,0.032,"[0.7, 0.37, 0.72, 0.29, 0.96, 0.63, 0.39, 0.81, 0.76, 0.47]"
10,3,C8,,,,,,0.38,0.037,"[0.92, 0.67, 0.18, 0.51, 0.8, 0.81, 0.46, 0.87, 0.7, 0.09]"
10,3,C9,,,,,,0.36,0.04,"[0.81, 0.19, 0.9, 0.63, 0.38, 0.25, 0.24, 0.49, 0.55, 0.55]"
10,3,C10,,,,,,0.43,0.032,"[0.16, 0.85, 0.49, 0.72, 0.61, 0.96, 0.73, 0.56, 0.08, 0.46]"
10,3,C11,,,,,,0.31,0.046,"[0.52, 0.41, 0.37, 0.55, 0.56, 0.33, 0.66, 0.23, 0.86, 0.86]"
10,3,C12,,,,,,0.41,0.029,"[0.84, 0.68, 0.38, 0.63, 0.72, 0.91, 0.94, 0.94, 0.35, 0.07]"
10,3,C13,,,,,,0.42,0.04,"[0.4, 0.69, 0.01, 0.96, 0.39, 0.47, 0.67, 0.08, 0.16, 0.44]"
10,3,C14,,,,,,0.31,0.041,"[0.78, 0.63, 0.84, 0.05, 0.66, 0.07, 0.8, 0.02, 0.85, 0.5]"
10,3,C15,,,,,,0.43,0.039,"[0.12, 0.22, 0.18, 0.52, 0.2, 0.97, 0.06, 0.95, 0.12, 0.8]"
10,3,C16,,,,,,0.37,0.038,"[0.06, 0.46, 0.05, 0.84, 0.25, 0.22, 0.8, 0.91, 0.54, 0.82]"
10,3,C17,,,,,,0.46,0.043,"[0.87, 0.62, 0.1, 0.8, 0.43, 0.17, 0.58, 1.0, 0.97, 0.03]"
10,3,C18,,,,,,0.19,0.037,"[0.54, 0.29, 0.09, 0.49, 0.12, 0.41, 0.15, 0.73, 0.57, 0.39]"
10,3,C19,,,,,,0.25,0.032,"[0.4, 0.36, 0.31, 0.3, 0.05, 0.06, 0.76, 0.78, 0.03, 0.36]"
10,3,C20,,,,,,0.31,0.037,"[0.77, 0.15, 0.72, 0.82, 0.73, 0.65, 0.36, 0.42, 0.35, 0.85]"
10,4,C1,,,,,,0.38,0.055,"[0.9, 0.63, 0.5, 0.5, 0.28, 0.47, 0.35, 0.93, 0.39, 0.88]"
10,4,C2,,,,,,0.3,0.048,"[0.79, 0.36, 0.85, 0.02, 0.08, 0.73, 0.01, 0.84, 0.08, 0.26]"
10,4,C3,,,,,,0.42,0.052,"[0.96, 0.73, 0.97, 0.89, 0.44, 0.13, 0.02, 0.56, 0.28, 0.86]"
10,4,C4,,,,,,0.46,0.036,"[0.02, 0.21, 0.53, 0.99, 0.31, 0.33, 1.0, 0.3, 0.03, 0.21]"
10,4,C5,,,,,,0.39,0.029,"[0.49, 0.13, 0.22, 0.17, 0.6, 0.38, 0.7, 0.23, 0.92, 0.9]"
10,4,C6,,,,,,0.28,0.033,"[0.02, 0.41, 0.32, 0.66, 0.42, 0.77, 0.44, 0.81, 0.27, 0.08]"
10,4,C7,,,,,,0.43,0.032,"[0.7, 0.37, 0.72, 0.29, 0.96, 0.63, 0.39, 0.81, 0.76, 0.47]"
10,4,C8,,,,,,0.38,0.037,"[0.92, 0.67, 0.18, 0.51, 0.8, 0.81, 0.46, 0.87, 0.7, 0.09]"
10,4,C9,,,,,,0.36,0.04,"[0.81, 0.19, 0.9, 0.63, 0.38, 0.25, 0.24, 0.49, 0.55, 0.55]"
10,4,C10,,,,,,0.43,0.032,"[0.16, 0.85, 0.49, 0.72, 0.61, 0.96, 0.73, 0.56, 0.08, 0.46]"
10,4,C11,,,,,,0.31,0.046,"[0.52, 0.41, 0.37, 0.55, 0.56, 0.33, 0.66, 0.23, 0.86, 0.86]"
10,4,C12,,,,,,0.41,0.029,"[0.84, 0.68, 0.38, 0.63, 0.72, 0.91, 0.94, 0.94, 0.35, 0.07]"
10,4,C13,,,,,,0.42,0.04,"[0.4, 0.69, 0.01, 0.96, 0.39, 0.47, 0.67, 0.08, 0.16, 0.44]"
10,4,C14,,,,,,0.31,0.041,"[0.78, 0.63, 0.84, 0.05, 0.66, 0.07, 0.8, 0.02, 0.85, 0.5]"
10,4,C15,,,,,,0.43,0.039,"[0.12, 0.22, 0.18, 0.52, 0.2, 0.97, 0.06, 0.95, 0.12, 0.8]"
10,4,C16,,,,,,0.37,0.038,"[0.06, 0.46, 0.05, 0.84, 0.25, 0.22, 0.8, 0.91, 0.54, 0.82]"
10,4,C17,,,,,,0.46,0.043,"[0.87, 0.62, 0.1, 0.8, 0.43, 0.17, 0.58, 1.0, 0.97, 0.03]"
10,4,C18,,,,,,0.19,0.037,"[0.54, 0.29, 0.09, 0.49, 0.12, 0.41, 0.15, 0.73, 0.57, 0.39]"
10,4,C19,,,,,,0.25,0.032,"[0.4, 0.36, 0.31, 0.3, 0.05, 0.06, 0.76, 0.78, 0.03, 0.36]"
10,4,C20,,,,,,0.31,0.037,"[0.77, 0.15, 0.72, 0.82, 0.73, 0.65, 0.36, 0.42, 0.35, 0.85]"
10,5,C1,,,,,,0.38,0.055,"[0.9, 0.63, 0.5, 0.5, 0.28, 0.47, 0.35, 0.93, 0.39, 0.88]"
10,5,C2,,,,,,0.3,0.048,"[0.79, 0.36, 0.85, 0.02, 0.08, 0.73, 0.01, 0.84, 0.08, 0.26]"
10,5,C3,,,,,,0.42,0.052,"[0.96, 0.73, 0.97, 0.89, 0.44, 0.13, 0.02, 0.56, 0.28, 0.86]"
10,5,C4,,,,,,0.46,0.036,"[0.02, 0.21, 0.53, 0.99, 0.31, 0.33, 1.0, 0.3, 0.03, 0.21]"
10,5,C5,,,,,,0.39,0.029,"[0.49, 0.13, 0.22, 0.17, 0.6, 0.38, 0.7, 0.23, 0.92, 0.9]"
10,5,C6,,,,,,0.28,0.033,"[0.02, 0.41, 0.32, 0.66, 0.42, 0.77, 0.44, 0.81, 0.27, 0.08]"
10,5,C7,,,,,,0.43,0.032,"[0.7, 0.37, 0.72, 0.29, 0.96, 0.63, 0.39, 0.81, 0.76, 0.47]"
10,5,C8,,,,,,0.38,0.037,"[0.92, 0.67, 0.18, 0.51, 0.8, 0.81, 0.46, 0.87, 0.7, 0.09]"
10,5,C9,,,,,,0.36,0.04,"[0.81, 0.19, 0.9, 0.63, 0.38, 0.25, 0.24, 0.49, 0.55, 0.55]"
10,5,C10,,,,,,0.43,0.032,"[0.16, 0.85, 0.49, 0.72, 0.61, 0.96, 0.73, 0.56, 0.08, 0.46]"
10,5,C11,,,,,,0.31,0.046,"[0.52, 0.41, 0.37, 0.55, 0.56, 0.33, 0.66, 0.23, 0.86, 0.86]"
10,5,C12,,,,,,0.41,0.029,"[0.84, 0.68, 0.38, 0.63, 0.72, 0.91, 0.94, 0.94, 0.35, 0.07]"
10,5,C13,,,,,,0.42,0.04,"[0.4, 0.69, 0.01, 0.96, 0.39, 0.47, 0.67, 0.08, 0.16, 0.44]"
10,5,C14,,,,,,0.31,0.041,"[0.78, 0.63, 0.84, 0.05, 0.66, 0.07, 0.8, 0.02, 0.85, 0.5]"
10,5,C15,,,,,,0.43,0.039,"[0.12, 0.22, 0.18, 0.52, 0.2, 0.97, 0.06, 0.95, 0.12, 0.8]"
10,5,C16,,,,,,0.37,0.038,"[0.06, 0.46, 0.05, 0.84, 0.25, 0.22, 0.8, 0.91, 0.54, 0.82]"
10,5,C17,,,,,,0.46,0.043,"[0.87, 0.62, 0.1, 0.8, 0.43, 0.17, 0.58, 1.0, 0.97, 0.03]"
10,5,C18,,,,,,0.19,0.037,"[0.54, 0.29, 0.09, 0.49, 0.12, 0.41, 0.15, 0.73, 0.57, 0.39]"
10,5,C19,,,,,,0.25,0.032,"[0.4, 0.36, 0.31, 0.3, 0.05, 0.06, 0.76, 0.78, 0.03, 0.36]"
10,5,C20,,,,,,0.31,0.037,"[0.77, 0.15, 0.72, 0.82, 0.73, 0.65, 0.36, 0.42, 0.35, 0.85]"
10,6,C1,,,,,,0.38,0.055,"[0.9, 0.63, 0.5, 0.5, 0.28, 0.47, 0.35, 0.93, 0.39, 0.88]"
10,6,C2,,,,,,0.3,0.048,"[0.79, 0.36, 0.85, 0.02, 0.08, 0.73, 0.01, 0.84, 0.08, 0.26]"
10,6,C3,,,,,,0.42,0.052,"[0.96, 0.73, 0.97, 0.89, 0.44, 0.13, 0.02, 0.56, 0.28, 0.86]"
10,6,C4,,,,,,0.46,0.036,"[0.02, 0.21, 0.53, 0.99, 0.31, 0.33, 1.0, 0.3, 0.03, 0.21]"
10,6,C5,,,,,,0.39,0.029,"[0.49, 0.13, 0.22, 0.17, 0.6, 0.38, 0.7, 0.23, 0.92, 0.9]"
10,6,C6,,,,,,0.28,0.033,"[0.02, 0.41, 0.32, 0.66, 0.42, 0.77, 0.44, 0.81, 0.27, 0.08]"
10,6,C7,,,,,,0.43,0.032,"[0.7, 0.37, 0.72, 0.29, 0.96, 0.63, 0.39, 0.81, 0.76, 0.47]"
10,6,C8,,,,,,0.38,0.037,"[0.92, 0.67, 0.18, 0.51, 0.8, 0.81, 0.46, 0.87, 0.7, 0.09]"
10,6,C9,,,,,,0.36,0.04,"[0.81, 0.19, 0.9, 0.63, 0.38, 0.25, 0.24, 0.49, 0.55, 0.55]"
10,6,C10,,,,,,0.43,0.032,"[0.16, 0.85, 0.49, 0.72, 0.61, 0.96, 0.73, 0.56, 0.08, 0.46]"
10,6,C11,,,,,,0.31,0.046,"[0.52, 0.41, 0.37, 0.55, 0.56, 0.33, 0.66, 0.23, 0.86, 0.86]"
10,6,C12,,,,,,0.41,0.029,"[0.84, 0.68, 0.38, 0.63, 0.72, 0.91, 0.94, 0.94, 0.35, 0.07]"
10,6,C13,,,,,,0.42,0.04,"[0.4, 0.69, 0.01, 0.96, 0.39, 0.47, 0.67, 0.08, 0.16, 0.44]"
10,6,C14,,,,,,0.31,0.041,"[0.78, 0.63, 0.84, 0.05, 0.66, 0.07, 0.8, 0.02, 0.85, 0.5]"
10,6,C15,,,,,,0.43,0.039,"[0.12, 0.22, 0.18, 0.52, 0.2, 0.97, 0.06, 0.95, 0.12, 0.8]"
10,6,C16,,,,,,0.37,0.038,"[0.06, 0.46, 0.05, 0.84, 0.25, 0.22, 0.8, 0.91, 0.54, 0.82]"
10,6,C17,,,,,,0.46,0.043,"[0.87, 0.62, 0.1, 0.8, 0.43, 0.17, 0.58, 1.0, 0.97, 0.03]"
10,6,C18,,,,,,0.19,0.037,"[0.54, 0.29, 0.09, 0.49, 0.12, 0.41, 0.15, 0.73, 0.57, 0.39]"
10,6,C19,,,,,,0.25,0.032,"[0.4, 0.36, 0.31, 0.3, 0.05, 0.06, 0.76, 0.78, 0.03, 0.36]"
10,6,C20,,,,,,0.31,0.037,"[0.77, 0.15, 0.72, 0.82, 0.73, 0.65, 0.36, 0.42, 0.35, 0.85]"
10,7,C1,,,,,,0.38,0.055,"[0.9, 0.63, 0.5, 0.5, 0.28, 0.47, 0.35, 0.93, 0.39, 0.88]"
10,7,C2,,,,,,0.3,0.048,"[0.79, 0.36, 0.85, 0.02, 0.08, 0.73, 0.01, 0.84, 0.08, 0.26]"
10,7,C3,,,,,,0.42,0.052,"[0.96, 0.73, 0.97, 0.89, 0.44, 0.13, 0.02, 0.56, 0.28, 0.86]"
10,7,C4,,,,,,0.46,0.036,"[0.02, 0.21, 0.53, 0.99, 0.31, 0.33, 1.0, 0.3, 0.03, 0.21]"
10,7,C5,,,,,,0.39,0.029,"[0.49, 0.13, 0.22, 0.17, 0.6, 0.38, 0.7, 0.23, 0.92, 0.9]"
10,7,C6,,,,,,0.28,0.033,"[0.02, 0.41, 0.32, 0.66, 0.42, 0.77, 0.44, 0.81, 0.27, 0.08]"
10,7,C7,,,,,,0.43,0.032,"[0.7, 0.37, 0.72, 0.29, 0.96, 0.63, 0.39, 0.81, 0.76, 0.47]"
10,7,C8,,,,,,0.38,0.037,"[0.92, 0.67, 0.18, 0.51, 0.8, 0.81, 0.46, 0.87, 0.7, 0.09]"
10,7,C9,,,,,,0.36,0.04,"[0.81, 0.19, 0.9, 0.63, 0.38, 0.25, 0.24, 0.49, 0.55, 0.55]"
10,7,C10,,,,,,0.43,0.032,"[0.16, 0.85, 0.49, 0.72, 0.61, 0.96, 0.73, 0.56, 0.08, 0.46]"
10,7,C11,,,,,,0.31,0.046,"[0.52, 0.41, 0.37, 0.55, 0.56, 0.33, 0.66, 0.23, 0.86, 0.86]"
10,7,C12,,,,,,0.41,0.029,"[0.84, 0.68, 0.38, 0.63, 0.72, 0.91, 0.94, 0.94, 0.35, 0.07]"
10,7,C13,,,,,,0.42,0.04,"[0.4, 0.69, 0.01, 0.96, 0.39, 0.47, 0.67, 0.08, 0.16, 0.44]"
10,7,C14,,,,,,0.31,0.041,"[0.78, 0.63, 0.84, 0.05, 0.66, 0.07, 0.8, 0.02, 0.85, 0.5]"
10,7,C15,,,,,,0.43,0.039,"[0.12, 0.22, 0.18, 0.52, 0.2, 0.97, 0.06, 0.95, 0.12, 0.8]"
10,7,C16,,,,,,0.37,0.038,"[0.06, 0.46, 0.05, 0.84, 0.25, 0.22, 0.8, 0.91, 0.54, 0.82]"
10,7,C17,,,,,,0.46,0.043,"[0.87, 0.62, 0.1, 0.8, 0.43, 0.17, 0.58, 1.0, 0.97, 0.03]"
10,7,C18,,,,,,0.19,0.037,"[0.54, 0.29, 0.09, 0.49, 0.12, 0.41, 0.15, 0.73, 0.57, 0.39]"
10,7,C19,,,,,,0.25,0.032,"[0.4, 0.36, 0.31, 0.3, 0.05, 0.06, 0.76, 0.78, 0.03, 0.36]"
10,7,C20,,,,,,0.31,0.037,"[0.77, 0.15, 0.72, 0.82, 0.73, 0.65, 0.36, 0.42, 0.35, 0.85]"
10,8,C1,,,,,,0.38,0.055,"[0.9, 0.63, 0.5, 0.5, 0.28, 0.47, 0.35, 0.93, 0.39, 0.88]"
10,8,C2,,,,,,0.3,0.048,"[0.79, 0.36, 0.85, 0.02, 0.08, 0.73, 0.01, 0.84, 0.08, 0.26]"
10,8,C3,,,,,,0.42,0.052,"[0.96, 0.73, 0.97, 0.89, 0.44, 0.13, 0.02, 0.56, 0.28, 0.86]"
10,8,C4,,,,,,0.46,0.036,"[0.02, 0.21, 0.53, 0.99, 0.31, 0.33, 1.0, 0.3, 0.03, 0.21]"
10,8,C5,,,,,,0.39,0.029,"[0.49, 0.13, 0.22, 0.17, 0.6, 0.38, 0.7, 0.23, 0.92, 0.9]"
10,8,C6,,,,,,0.28,0.033,"[0.02, 0.41, 0.32, 0.66, 0.42, 0.77, 0.44, 0.81, 0.27, 0.08]"
10,8,C7,,,,,,0.43,0.032,"[0.7, 0.37, 0.72, 0.29, 0.96, 0.63, 0.39, 0.81, 0.76, 0.47]"
10,8,C8,,,,,,0.38,0.037,"[0.92, 0.67, 0.18, 0.51, 0.8, 0.81, 0.46, 0.87, 0.7, 0.09]"
10,8,C9,,,,,,0.36,0.04,"[0.81, 0.19, 0.9, 0.63, 0.38, 0.25, 0.24, 0.49, 0.55, 0.55]"
10,8,C10,,,,,,0.43,0.032,"[0.16, 0.85, 0.49, 0.72, 0.61, 0.96, 0.73, 0.56, 0.08, 0.46]"
10,8,C11,,,,,,0.31,0.046,"[0.52, 0.41, 0.37, 0.55, 0.56, 0.33, 0.66, 0.23, 0.86, 0.86]"
10,8,C12,,,,,,0.41,0.029,"[0.84, 0.68, 0.38, 0.63, 0.72, 0.91, 0.94, 0.94, 0.35, 0.07]"
10,8,C13,,,,,,0.42,0.04,"[0.4, 0.69, 0.01, 0.96, 0.39, 0.47, 0.67, 0.08, 0.16, 0.44]"
10,8,C14,,,,,,0.31,0.041,"[0.78, 0.63, 0.84, 0.05, 0.66, 0.07, 0.8, 0.02, 0.85, 0.5]"
10,8,C15,,,,,,0.43,0.039,"[0.12, 0.22, 0.18, 0.52, 0.2, 0.97, 0.06, 0.95, 0.12, 0.8]"
10,8,C16,,,,,,0.37,0.038,"[0.06, 0.46, 0.05, 0.84, 0.25, 0.22, 0.8, 0.91, 0.54, 0.82]"
10,8,C17,,,,,,0.46,0.043,"[0.87, 0.62, 0.1, 0.8, 0.43, 0.17, 0.58, 1.0, 0.97, 0.03]"
10,8,C18,,,,,,0.19,0.037,"[0.54, 0.29, 0.09, 0.49, 0.12, 0.41, 0.15, 0.73, 0.57, 0.39]"
10,8,C19,,,,,,0.25,0.032,"[0.4, 0.36, 0.31, 0.3, 0.05, 0.06, 0.76, 0.78, 0.03, 0.36]"
10,8,C20,,,,,,0.31,0.037,"[0.77, 0.15, 0.72, 0.82, 0.73, 0.65, 0.36, 0.42, 0.35, 0.85]"
10,9,C1,,,,,,0.38,0.055,"[0.9, 0.63, 0.5, 0.5, 0.28, 0.47, 0.35, 0.93, 0.39, 0.88]"
10,9,C2,,,,,,0.3,0.048,"[0.79, 0.36, 0.85, 0.02, 0.08, 0.73, 0.01, 0.84, 0.08, 0.26]"
10,9,C3,,,,,,0.42,0.052,"[0.96, 0.73, 0.97, 0.89, 0.44, 0.13, 0.02, 0.56, 0.28, 0.86]"
10,9,C4,,,,,,0.46,0.036,"[0.02, 0.21, 0.53, 0.99, 0.31, 0.33, 1.0, 0.3, 0.03, 0.21]"
10,9,C5,,,,,,0.39,0.029,"[0.49, 0.13, 0.22, 0.17, 0.6, 0.38, 0.7, 0.23, 0.92, 0.9]"
10,9,C6,,,,,,0.28,0.033,"[0.02, 0.41, 0.32, 0.66, 0.42, 0.77, 0.44, 0.81, 0.27, 0.08]"
10,9,C7,,,,,,0.43,0.032,"[0.7, 0.37, 0.72, 0.29, 0.96, 0.63, 0.39, 0.81, 0.76, 0.47]"
10,9,C8,,,,,,0.48,0.037,"[0.92, 0.67, 0.18, 0.51, 0.8, 0.81, 0.46, 0.87, 0.7, 0.09]"
10,9,C9,,,,,,0.36,0.04,"[0.81, 0.19, 0.9, 0.63, 0.38, 0.25, 0.24, 0.49, 0.55, 0.55]"
10,9,C10,,,,,,0.43,0.032,"[0.16, 0.85, 0.49, 0.72, 0.61, 0.96, 0.73, 0.56, 0.08, 0.46]"
10,9,C11,,,,,,0.31,0.046,"[0.52, 0.41, 0.37, 0.55, 0.56, 0.33, 0.66, 0.23, 0.86, 0.86]"
10,9,C12,,,,,,0.41,0.029,"[0.84, 0.68, 0.38, 0.63, 0.72, 0.91, 0.94, 0.94, 0.35, 0.07]"
10,9,C13,,,,,,0.42,0.04,"[0.4, 0.69, 0.01, 0.96, 0.39, 0.47, 0.67, 0.08, 0.16, 0.44]"
10,9,C14,,,,,,0.31,0.041,"[0.78, 0.63, 0.84, 0.05, 0.66, 0.07, 0.8, 0.02, 0.85, 0.5]"
10,9,C15,,,,,,0.43,0.039,"[0.12, 0.22, 0.18, 0.52, 0.2, 0.97, 0.06, 0.95, 0.12, 0.8]"
10,9,C16,,,,,,0.37,0.038,"[0.06, 0.46, 0.05, 0.84, 0.25, 0.22, 0.8, 0.91, 0.54, 0.82]"
10,9,C17,,,,,,0.46,0.043,"[0.87, 0.62, 0.1, 0.8, 0.43, 0.17, 0.58, 1.0, 0.97, 0.03]"
10,9,C18,,,,,,0.19,0.037,"[0.54, 0.29, 0.09, 0.49, 0.12, 0.41, 0.15, 0.73, 0.57, 0.39]"
10,9,C19,,,,,,0.25,0.032,"[0.4, 0.36, 0.31, 0.3, 0.05, 0.06, 0.76, 0.78, 0.03, 0.36]"
10,9,C20,,,,,,0.31,0.037,"[0.77, 0.15, 0.72, 0.82, 0.73, 0.65, 0.36, 0.42, 0.35, 0.85]"
10,10,C1,,,,,,0.38,0.055,"[0.9, 0.63, 0.5, 0.5, 0.28, 0.47, 0.35, 0.93, 0.39, 0.88]"
10,10,C2,,,,,,0.3,0.048,"[0.79, 0.36, 0.85, 0.02, 0.08, 0.73, 0.01, 0.84, 0.08, 0.26]"
10,10,C3,,,,,,0.42,0.052,"[0.96, 0.73, 0.97, 0.89, 0.44, 0.13, 0.02, 0.56, 0.28, 0.86]"
10,10,C4,,,,,,0.46,0.036,"[0.02, 0.21, 0.53, 0.99, 0.31, 0.33, 1.0, 0.3, 0.03, 0.21]"
10,10,C5,,,,,,0.39,0.029,"[0.49, 0.13, 0.22, 0.17, 0.6, 0.38, 0.7, 0.23, 0.92, 0.9]"
10,10,C6,,,,,,0.28,0.033,"[0.02, 0.41, 0.32, 0.66, 0.42, 0.77, 0.44, 0.81, 0.27, 0.08]"
10,10,C7,,,,,,0.43,0.032,"[0.7, 0.37, 0.72, 0.29, 0.96, 0.63, 0.39, 0.81, 0.76, 0.47]"
10,10,C8,,,,,,0.38,0.037,"[0.92, 0.67, 0.18, 0.51, 0.8, 0.81, 0.46, 0.87, 0.7, 0.09]"
10,10,C9,,,,,,0.36,0.04,"[0.81, 0.19, 0.9, 0.63, 0.38, 0.25, 0.24, 0.49, 0.55, 0.55]"
10,10,C10,,,,,,0.43,0.032,"[0.16, 0.85, 0.49, 0.72, 0.61, 0.96, 0.73, 0.56, 0.08, 0.46]"
10,10,C11,,,,,,0.31,0.046,"[0.52, 0.41, 0.37, 0.55, 0.56, 0.33, 0.66, 0.23, 0.86, 0.86]"
10,10,C12,,,,,,0.41,0.029,"[0.84, 0.68, 0.38, 0.63, 0.72, 0.91, 0.94, 0.94, 0.35, 0.07]"
10,10,C13,,,,,,0.42,0.04,"[0.4, 0.69, 0.01, 0.96, 0.39, 0.47, 0.67, 0.08, 0.16, 0.44]"
10,10,C14,,,,,,0.31,0.041,"[0.78, 0.63, 0.84, 0.05, 0.66, 0.07, 0.8, 0.02, 0.85, 0.5]"
10,10,C15,,,,,,0.43,0.039,"[0.12, 0.22, 0.18, 0.52, 0.2, 0.97, 0.06, 0.95, 0.12, 0.8]"
10,10,C16,,,,,,0.37,0.038,"[0.06, 0.46, 0.05, 0.84, 0.25, 0.22, 0.8, 0.91, 0.54, 0.82]"
10,10,C17,,,,,,0.46,0.043,"[0.87, 0.62, 0.1, 0.8, 0.43, 0.17, 0.58, 1.0, 0.97, 0.03]"
10,10,C18,,,,,,0.19,0.037,"[0.54, 0.29, 0.09, 0.49, 0.12, 0.41, 0.15, 0.73, 0.57, 0.39]"
10,10,C19,,,,,,0.25,0.032,"[0.4, 0.36, 0.31, 0.3, 0.05, 0.06, 0.76, 0.78, 0.03, 0.36]"
10,10,C20,,,,,,0.31,0.037,"[0.77, 0.15, 0.72, 0.82, 0.73, 0.65, 0.36, 0.42, 0.35, 0.85]"
