firm_num,round,firm_id,price,price_reason,profit,sale_num,revenue,share_rate,share_rate_predicted
1,1,F0,0.6,"Change price: 0.10, reason: Moderate increase due to low competition and moderate share rate boosting purchase likelihood.",3.6,6,3.6,0.0,"[0.299945218094942, 'adaptive']"
1,2,F0,0.6,"Change price: 0.00, reason: Maintain price due to single firm and zero share rate, ensuring steady demand.",3.6,6,3.6,0.0,"[0.0, 'adaptive']"
1,3,F0,0.6,"Change price: 0.00, reason: Maintain price due to stable demand with single firm and zero share rate.",3.6,6,3.6,0.0,"[0.0, 'adaptive']"
1,4,F0,0.6,"Change price: 0.00, reason: Maintain price due to stable demand with single firm and zero share rate.",3.6,6,3.6,0.0,"[0.0, 'adaptive']"
1,5,F0,0.6,"Change price: 0.00, reason: Maintain price due to stable demand with single firm and zero share rate.",3.6,6,3.6,0.0,"[0.0, 'adaptive']"
1,6,F0,0.6,"Change price: 0.00, reason: Maintain price due to stable demand with single firm and zero share rate.",3.6,6,3.6,0.0,"[0.0, 'adaptive']"
1,7,F0,0.6,"Change price: 0.00, reason: Maintain price due to stable demand with single firm and zero share rate.",3.6,6,3.6,0.0,"[0.0, 'adaptive']"
1,8,F0,0.6,"Change price: 0.00, reason: Maintain price due to stable demand with single firm and zero share rate.",3.6,6,3.6,0.0,"[0.0, 'adaptive']"
1,9,F0,0.6,"Change price: 0.00, reason: Maintain price due to stable demand with single firm and zero share rate.",3.6,6,3.6,0.0,"[0.0, 'adaptive']"
1,10,F0,0.6,"Change price: 0.00, reason: Maintain price due to stable demand and zero share rate with no competition.",3.6,6,3.6,0.0,"[0.0, 'adaptive']"
2,1,F0,0.6,"Change price: 0.10, reason: Higher share rate boosts personalized recommendations, increasing purchase likelihood, allowing a higher price.",4.2,7,4.2,1.0,"[0.5994979031399252, 'adaptive']"
2,1,F1,0.6,"Change price: 0.10, reason: High share rate increases personalized recommendations, reducing search and allowing a higher price.",3.6,6,3.6,1.0,"[0.7318950179120035, 'adaptive']"
2,2,F0,0.7,"Change price: 0.10, reason: High share rate ensures strong personalized recommendations, increasing purchase likelihood and allowing a higher price.",4.2,6,4.2,1.0,"[1.0, 'adaptive']"
2,2,F1,0.7,"Change price: 0.10, reason: High share rate and strong personalized recommendations reduce search, allowing a higher price.",2.1,3,2.1,1.0,"[1.0, 'adaptive']"
2,3,F0,0.75,"Change price: 0.05, reason: Maintain high share rate and personalized recommendations, allowing a slight price increase to maximize profit.",3.0,4,3.0,1.0,"[1.0, 'adaptive']"
2,3,F1,0.6,"Change price: -0.10, reason: High price reduced sales despite full share rate; lowering price to increase buyers and total profit.",3.6,6,3.6,1.0,"[1.0, 'adaptive']"
2,4,F0,0.7,"Change price: -0.05, reason: Decrease price slightly to boost sales volume and maximize profit after observing drop in sales at 0.75.",4.2,6,4.2,1.0,"[1.0, 'adaptive']"
2,4,F1,0.6,"Change price: 0.00, reason: Current price balances sales and profit well under full share rate and competition.",3.6,6,3.6,1.0,"[1.0, 'adaptive']"
2,5,F0,0.75,"Change price: 0.05, reason: Slightly increase price to test if higher price maintains profit with current high share rate and personalized recommendations.",3.0,4,3.0,1.0,"[1.0, 'adaptive']"
2,5,F1,0.6,"Change price: 0.00, reason: Current price balances sales and profit well under full share rate and competition.",3.6,6,3.6,1.0,"[1.0, 'adaptive']"
2,6,F0,0.7,"Change price: -0.05, reason: Decrease price slightly to boost sales volume and maximize profit after observing drop in sales at 0.75.",4.2,6,4.2,1.0,"[1.0, 'adaptive']"
2,6,F1,0.6,"Change price: 0.00, reason: Current price balances sales and profit well under full share rate and competition.",3.6,6,3.6,1.0,"[1.0, 'adaptive']"
2,7,F0,0.7,"Change price: 0.00, reason: Maintain stable price at 0.7 to balance sales volume and profit with consistent high share rate and personalized recommendations.",4.2,6,4.2,1.0,"[1.0, 'adaptive']"
2,7,F1,0.6,"Change price: 0.00, reason: Current price balances sales and profit well under full share rate and competition.",3.6,6,3.6,1.0,"[1.0, 'adaptive']"
2,8,F0,0.7,"Change price: 0.00, reason: Maintain stable price at 0.7 to balance sales volume and profit with consistent high share rate and personalized recommendations.",4.2,6,4.2,1.0,"[1.0, 'adaptive']"
2,8,F1,0.6,"Change price: 0.00, reason: Current price balances sales and profit well under full share rate and competition.",3.6,6,3.6,1.0,"[1.0, 'adaptive']"
2,9,F0,0.7,"Change price: 0.00, reason: Maintain stable price to balance sales volume and profit with consistent high share rate and personalized recommendations.",4.2,6,4.2,1.0,"[1.0, 'adaptive']"
2,9,F1,0.6,"Change price: 0.00, reason: Current price balances sales and profit well under full share rate and competition.",3.6,6,3.6,1.0,"[1.0, 'adaptive']"
2,10,F0,0.7,"Change price: 0.00, reason: Maintain stable price to balance sales volume and profit with consistent high share rate and personalized recommendations.",4.2,6,4.2,1.0,"[1.0, 'adaptive']"
2,10,F1,0.6,"Change price: 0.00, reason: Current price balances sales and profit well under full share rate and competition.",3.6,6,3.6,1.0,"[1.0, 'adaptive']"
3,1,F0,0.6,"Change price: 0.10, reason: High share rate boosts personalized recommendations, reducing search and increasing purchase likelihood, allowing a higher price.",4.8,8,4.8,1.0,"[0.7119400949303012, 'adaptive']"
3,1,F1,0.55,"Change price: 0.05, reason: Moderate share rate boosts personalized recommendations, allowing a slight price increase to maximize profit.",2.2,4,2.2,1.0,"[0.09198235627331341, 'adaptive']"
3,1,F2,0.6,"Change price: 0.10, reason: Moderate increase due to personalized recommendations boosting purchase likelihood despite competition.",2.4,4,2.4,1.0,"[0.42527238196360884, 'adaptive']"
3,2,F0,0.7,"Change price: 0.10, reason: High share rate and competition increase recommendation effectiveness, allowing a higher price.",5.6,8,5.6,1.0,"[1.0, 'adaptive']"
3,2,F1,0.6,"Change price: 0.05, reason: High share rate and strong personalization reduce search, allowing a slight price increase to maximize profit.",1.8,3,1.8,1.0,"[1.0, 'adaptive']"
3,2,F2,0.7,"Change price: 0.10, reason: Increase price due to high share rate enhancing purchase likelihood despite competition.",2.1,3,2.1,1.0,"[1.0, 'adaptive']"
3,3,F0,0.8,"Change price: 0.10, reason: High share rate and strong competition sustain recommendation value, supporting a higher price.",6.4,8,6.4,1.0,"[1.0, 'adaptive']"
3,3,F1,0.55,"Change price: -0.05, reason: Slightly reduce price to attract more buyers despite high competition and full data sharing.",2.2,4,2.2,1.0,"[1.0, 'adaptive']"
3,3,F2,0.6,"Change price: -0.10, reason: Decrease price to boost sales volume despite high share rate and competition.",2.4,4,2.4,1.0,"[1.0, 'adaptive']"
3,4,F0,0.9,"Change price: 0.10, reason: High share rate and competition maintain strong recommendation impact, supporting a higher price.",3.6,4,3.6,1.0,"[1.0, 'adaptive']"
3,4,F1,0.6,"Change price: 0.05, reason: High share rate and strong personalization reduce search, allowing a slight price increase to maximize profit.",1.8,3,1.8,1.0,"[1.0, 'adaptive']"
3,4,F2,0.7,"Change price: 0.10, reason: Increase price due to consistent high share rate and strong personalized recommendation effect boosting purchase likelihood despite competition.",2.1,3,2.1,1.0,"[1.0, 'adaptive']"
3,5,F0,0.7,"Change price: -0.20, reason: Sales dropped at 0.9 price despite high share rate, lowering price to 0.7 to increase purchase likelihood and maximize profit.",5.6,8,5.6,1.0,"[1.0, 'adaptive']"
3,5,F1,0.55,"Change price: -0.05, reason: Slightly lower price to attract more buyers amid stable high share rate and competition.",2.2,4,2.2,1.0,"[1.0, 'adaptive']"
3,5,F2,0.6,"Change price: -0.10, reason: Decrease price slightly to boost sales volume despite high share rate and competition.",2.4,4,2.4,1.0,"[1.0, 'adaptive']"
3,6,F0,0.8,"Change price: 0.10, reason: High share rate and competition support higher price, previous sales strong at 0.7, try 0.8 to maximize profit.",6.4,8,6.4,1.0,"[1.0, 'adaptive']"
3,6,F1,0.6,"Change price: 0.05, reason: High share rate and strong personalization reduce search, allowing a slight price increase to maximize profit.",1.8,3,1.8,1.0,"[1.0, 'adaptive']"
3,6,F2,0.7,"Change price: 0.10, reason: Maintain high price due to consistent full share rate and strong personalized recommendation effect boosting purchase likelihood despite competition.",2.1,3,2.1,1.0,"[1.0, 'adaptive']"
3,7,F0,0.8,"Change price: 0.00, reason: Maintain price at 0.8 due to consistent strong sales and high share rate supporting profitability.",6.4,8,6.4,1.0,"[1.0, 'adaptive']"
3,7,F1,0.55,"Change price: -0.05, reason: Slightly lower price to attract more buyers amid stable high share rate and competition.",2.2,4,2.2,1.0,"[1.0, 'adaptive']"
3,7,F2,0.6,"Change price: -0.10, reason: Decrease price slightly to boost sales volume despite high share rate and competition.",2.4,4,2.4,1.0,"[1.0, 'adaptive']"
3,8,F0,0.8,"Change price: 0.00, reason: Maintain price at 0.8 due to stable strong sales and high share rate sustaining demand.",6.4,8,6.4,1.0,"[1.0, 'adaptive']"
3,8,F1,0.55,"Change price: 0.00, reason: Maintain stable price as previous rounds show optimal balance between sales volume and profit with full data sharing and strong personalization.",2.2,4,2.2,1.0,"[1.0, 'adaptive']"
3,8,F2,0.6,"Change price: 0.00, reason: Maintain price to balance sales volume and profit under consistent full share rate and competition.",2.4,4,2.4,1.0,"[1.0, 'adaptive']"
3,9,F0,0.8,"Change price: 0.00, reason: Maintain price at 0.8 due to consistent strong sales and high share rate sustaining profitability.",6.4,8,6.4,1.0,"[1.0, 'adaptive']"
3,9,F1,0.55,"Change price: 0.00, reason: Maintain stable price as previous rounds show optimal balance between sales volume and profit with full data sharing and strong personalization.",2.2,4,2.2,1.0,"[1.0, 'adaptive']"
3,9,F2,0.6,"Change price: 0.00, reason: Maintain price to balance stable sales volume and profit under consistent full share rate and competition.",2.4,4,2.4,1.0,"[1.0, 'adaptive']"
3,10,F0,0.8,"Change price: 0.00, reason: Maintain price at 0.8 due to stable strong sales and high share rate sustaining profitability.",6.4,8,6.4,1.0,"[1.0, 'adaptive']"
3,10,F1,0.55,"Change price: 0.00, reason: Maintain stable price as previous rounds show optimal balance between sales volume and profit with full data sharing and strong personalization.",2.2,4,2.2,1.0,"[1.0, 'adaptive']"
3,10,F2,0.6,"Change price: 0.00, reason: Maintain price to sustain stable sales and profit with full share rate and strong personalized recommendation effect.",2.4,4,2.4,1.0,"[1.0, 'adaptive']"
4,1,F0,0.6,"Change price: 0.10, reason: High share rate increases personalized recommendations, boosting purchase likelihood and allowing a higher price.",0.6,1,0.6,1.0,"[0.9244827397935327, 'adaptive']"
4,1,F1,0.6,"Change price: 0.10, reason: High share rate increases personalized recommendations, boosting purchase likelihood and allowing a higher price.",2.4,4,2.4,1.0,"[0.6999762909320015, 'adaptive']"
4,1,F2,0.6,"Change price: 0.10, reason: High share rate boosts personalized recommendations, increasing purchase likelihood, allowing a higher price.",4.8,8,4.8,1.0,"[0.9670139317780463, 'adaptive']"
4,1,F3,0.6,"Change price: 0.10, reason: Moderate increase due to personalized recommendations boosting purchase likelihood despite competition.",3.0,5,3.0,1.0,"[0.21249582923249444, 'adaptive']"
4,2,F0,0.7,"Change price: 0.10, reason: High share rate and strong personalized recommendations increase purchase likelihood, supporting a higher price.",0.7,1,0.7,1.0,"[1.0, 'adaptive']"
4,2,F1,0.7,"Change price: 0.10, reason: High share rate and competition increase personalized recommendations, enabling a higher price.",2.1,3,2.1,1.0,"[1.0, 'adaptive']"
4,2,F2,0.65,"Change price: 0.05, reason: High share rate and competition increase personalized recommendations, allowing a slight price increase to maximize profit.",5.2,8,5.2,1.0,"[1.0, 'adaptive']"
4,2,F3,0.65,"Change price: 0.05, reason: Increase price slightly due to strong personalized recommendations and stable share rate boosting purchase likelihood despite competition.",3.25,5,3.25,1.0,"[1.0, 'adaptive']"
4,3,F0,0.8,"Change price: 0.10, reason: High share rate and strong personalized recommendations increase purchase likelihood, allowing a higher price.",0.8,1,0.8,1.0,"[1.0, 'adaptive']"
4,3,F1,0.6,"Change price: -0.10, reason: Slightly lower price to increase sales volume amid stable high share rate and strong competition.",2.4,4,2.4,1.0,"[1.0, 'adaptive']"
4,3,F2,0.7,"Change price: 0.05, reason: Maintain high share rate and strong competition justify a slight price increase to maximize profit.",5.6,8,5.6,1.0,"[1.0, 'adaptive']"
4,3,F3,0.7,"Change price: 0.05, reason: Increase price slightly due to continued strong personalized recommendations and stable high share rate boosting purchase likelihood despite competition.",3.5,5,3.5,1.0,"[1.0, 'adaptive']"
4,4,F0,0.9,"Change price: 0.10, reason: High share rate and strong personalized recommendations support further price increase to maximize profit.",0.0,0,0.0,1.0,"[1.0, 'adaptive']"
4,4,F1,0.7,"Change price: 0.10, reason: High share rate and competition sustain strong personalized recommendations, supporting a higher price.",2.1,3,2.1,1.0,"[1.0, 'adaptive']"
4,4,F2,0.75,"Change price: 0.05, reason: High share rate and strong competition support a slight price increase to further maximize profit.",6.0,8,6.0,1.0,"[1.0, 'adaptive']"
4,4,F3,0.75,"Change price: 0.05, reason: Continue slight price increase due to stable high share rate and strong personalized recommendations boosting purchase likelihood despite competition.",3.0,4,3.0,1.0,"[1.0, 'adaptive']"
4,5,F0,0.8,"Change price: -0.10, reason: Price at 0.9 caused zero sales; lowering price to increase purchase likelihood and maximize profit.",0.8,1,0.8,1.0,"[1.0, 'adaptive']"
4,5,F1,0.6,"Change price: -0.10, reason: Slightly lower price to boost sales volume amid stable high share rate and strong competition.",2.4,4,2.4,1.0,"[1.0, 'adaptive']"
4,5,F2,0.8,"Change price: 0.05, reason: Maintain high share rate and strong competition, slight price increase to further maximize profit.",5.6,7,5.6,1.0,"[1.0, 'adaptive']"
4,5,F3,0.7,"Change price: -0.05, reason: Slight decrease to boost sales after drop in sale number despite strong personalized recommendations.",3.5,5,3.5,1.0,"[1.0, 'adaptive']"
4,6,F0,0.8,"Change price: 0.00, reason: Price at 0.8 yields sales and profit; maintain to maximize profit under high share rate and competition.",0.8,1,0.8,1.0,"[1.0, 'adaptive']"
4,6,F1,0.7,"Change price: 0.10, reason: High share rate and competition maintain strong personalized recommendations, supporting higher price.",2.1,3,2.1,1.0,"[1.0, 'adaptive']"
4,6,F2,0.75,"Change price: -0.05, reason: Slight price decrease to boost sales volume after drop in sales at 0.8 price.",6.0,8,6.0,1.0,"[1.0, 'adaptive']"
4,6,F3,0.75,"Change price: 0.05, reason: Increase price slightly due to stable high share rate and strong personalized recommendations boosting purchase likelihood despite competition.",3.0,4,3.0,1.0,"[1.0, 'adaptive']"
4,7,F0,0.8,"Change price: 0.00, reason: Price at 0.8 yields consistent sales and profit under high share rate and competition; maintain to maximize profit.",0.8,1,0.8,1.0,"[1.0, 'adaptive']"
4,7,F1,0.7,"Change price: 0.00, reason: Stable high share rate and competition maintain strong personalized recommendations, supporting the current price.",2.1,3,2.1,1.0,"[1.0, 'adaptive']"
4,7,F2,0.8,"Change price: 0.05, reason: High share rate and strong competition support a slight price increase to maximize profit.",5.6,7,5.6,1.0,"[1.0, 'adaptive']"
4,7,F3,0.7,"Change price: -0.05, reason: Slight decrease to boost sales after recent drop in sale number despite strong personalized recommendations.",3.5,5,3.5,1.0,"[1.0, 'adaptive']"
4,8,F0,0.8,"Change price: 0.00, reason: Price at 0.8 yields consistent sales and profit under high share rate and competition; maintain to maximize profit.",0.8,1,0.8,1.0,"[1.0, 'adaptive']"
4,8,F1,0.6,"Change price: -0.10, reason: Lower price to increase sales volume amid stable high share rate and strong competition.",2.4,4,2.4,1.0,"[1.0, 'adaptive']"
4,8,F2,0.75,"Change price: -0.05, reason: Slight price decrease to boost sales volume after repeated sales drop at 0.8 price.",6.0,8,6.0,1.0,"[1.0, 'adaptive']"
4,8,F3,0.7,"Change price: 0.00, reason: Maintain price due to stable sales and strong personalized recommendations supporting current demand.",3.5,5,3.5,1.0,"[1.0, 'adaptive']"
4,9,F0,0.8,"Change price: 0.00, reason: Price at 0.8 yields consistent profit and sales under high share rate and competition; maintain to maximize profit.",0.8,1,0.8,1.0,"[1.0, 'adaptive']"
4,9,F1,0.6,"Change price: 0.00, reason: Stable high share rate and competition maintain strong personalized recommendations, supporting the current price.",2.4,4,2.4,1.0,"[1.0, 'adaptive']"
4,9,F2,0.75,"Change price: 0.00, reason: Maintain price to balance sales volume and profit at high share rate and competition.",6.0,8,6.0,1.0,"[1.0, 'adaptive']"
4,9,F3,0.7,"Change price: 0.00, reason: Maintain price due to stable sales and strong personalized recommendations supporting current demand.",3.5,5,3.5,1.0,"[1.0, 'adaptive']"
4,10,F0,0.8,"Change price: 0.00, reason: Price at 0.8 yields consistent sales and profit under high share rate and competition; maintain to maximize profit.",0.8,1,0.8,1.0,"[1.0, 'adaptive']"
4,10,F1,0.6,"Change price: 0.00, reason: Stable high share rate and competition maintain strong personalized recommendations, supporting the current price.",2.4,4,2.4,1.0,"[1.0, 'adaptive']"
4,10,F2,0.75,"Change price: 0.00, reason: Maintain price to balance high share rate, strong competition, and stable sales.",6.0,8,6.0,1.0,"[1.0, 'adaptive']"
4,10,F3,0.7,"Change price: 0.00, reason: Maintain price due to consistent sales and strong personalized recommendations sustaining demand.",3.5,5,3.5,1.0,"[1.0, 'adaptive']"
5,1,F0,0.55,"Change price: 0.05, reason: Moderate increase to leverage personalized recommendations and reduced search due to data sharing in a competitive market.",2.2,4,2.2,1.0,"[0.42207153405948705, 'adaptive']"
5,1,F1,0.6,"Change price: 0.10, reason: High share rate increases personalized recommendations, boosting purchase likelihood and allowing a higher price.",2.4,4,2.4,1.0,"[0.8463782271897131, 'adaptive']"
5,1,F2,0.55,"Change price: 0.05, reason: Low share rate limits personalized recommendations, but competition is high; slightly increase price to capture higher willingness to pay.",2.2,4,2.2,1.0,"[0.03519798830544496, 'adaptive']"
5,1,F3,0.6,"Change price: 0.10, reason: High share rate increases personalized recommendations, boosting purchase likelihood and allowing a higher price.",1.8,3,1.8,1.0,"[0.8811684112812473, 'adaptive']"
5,1,F4,0.55,"Change price: 0.05, reason: Increase price due to low share rate but high competition, leveraging personalized recommendations to capture more profit.",2.2,4,2.2,1.0,"[0.03240615834747018, 'adaptive']"
5,2,F0,0.6,"Change price: 0.05, reason: Increase price to capitalize on full data sharing and strong personalized recommendations in a competitive market.",1.8,3,1.8,1.0,"[1.0, 'adaptive']"
5,2,F1,0.7,"Change price: 0.10, reason: High share rate and competition increase personalized recommendations, allowing a higher price.",2.1,3,2.1,1.0,"[1.0, 'adaptive']"
5,2,F2,0.6,"Change price: 0.05, reason: High share rate boosts personalized recommendations and purchase likelihood; increase price to capture higher willingness to pay.",2.4,4,2.4,1.0,"[1.0, 'adaptive']"
5,2,F3,0.7,"Change price: 0.10, reason: High share rate and strong personalized recommendations increase purchase likelihood, supporting a higher price.",2.1,3,2.1,1.0,"[1.0, 'adaptive']"
5,2,F4,0.6,"Change price: 0.05, reason: High share rate and strong competition allow raising price to increase profit leveraging personalized recommendations.",2.4,4,2.4,1.0,"[1.0, 'adaptive']"
5,3,F0,0.55,"Change price: -0.05, reason: Slightly reduce price to attract more buyers amid strong competition despite full data sharing.",1.65,3,1.65,1.0,"[1.0, 'adaptive']"
5,3,F1,0.6,"Change price: -0.10, reason: Slightly lower price to increase sales volume despite high share rate and competition.",2.4,4,2.4,1.0,"[1.0, 'adaptive']"
5,3,F2,0.65,"Change price: 0.05, reason: High share rate and strong personalized recommendations support a higher price to maximize profit.",2.6,4,2.6,1.0,"[1.0, 'adaptive']"
5,3,F3,0.75,"Change price: 0.05, reason: Maintain high share rate and personalized recommendations, allowing a slight price increase to boost profit.",1.5,2,1.5,1.0,"[1.0, 'adaptive']"
5,3,F4,0.65,"Change price: 0.05, reason: Maintain high price due to full data sharing and strong competition enhancing personalized recommendations and purchase likelihood.",2.6,4,2.6,1.0,"[1.0, 'adaptive']"
5,4,F0,0.6,"Change price: 0.05, reason: Increase price to leverage full data sharing and strong personalized recommendations in a competitive 5-firm market.",1.8,3,1.8,1.0,"[1.0, 'adaptive']"
5,4,F1,0.7,"Change price: 0.10, reason: Maintain high share rate and competition, personalized recommendations justify a higher price.",2.1,3,2.1,1.0,"[1.0, 'adaptive']"
5,4,F2,0.7,"Change price: 0.05, reason: Maintain high share rate and strong personalized recommendations; increase price to further maximize profit.",2.8,4,2.8,1.0,"[1.0, 'adaptive']"
5,4,F3,0.7,"Change price: -0.05, reason: Slight price decrease to boost sales volume after drop in sales despite high share rate.",2.1,3,2.1,1.0,"[1.0, 'adaptive']"
5,4,F4,0.7,"Change price: 0.05, reason: Maintain high price due to full data sharing and strong competition enhancing personalized recommendations and purchase likelihood.",2.8,4,2.8,1.0,"[1.0, 'adaptive']"
5,5,F0,0.6,"Change price: 0.00, reason: Maintain price to balance profit and sales amid stable full data sharing and competition.",1.8,3,1.8,1.0,"[1.0, 'adaptive']"
5,5,F1,0.6,"Change price: -0.10, reason: Lower price to increase sales volume despite high share rate and competition.",2.4,4,2.4,1.0,"[1.0, 'adaptive']"
5,5,F2,0.75,"Change price: 0.05, reason: High share rate and strong personalized recommendations support further price increase to maximize profit.",0.75,1,0.75,1.0,"[1.0, 'adaptive']"
5,5,F3,0.75,"Change price: 0.05, reason: Maintain high share rate and personalized recommendations, allowing a slight price increase to boost profit.",1.5,2,1.5,1.0,"[1.0, 'adaptive']"
5,5,F4,0.75,"Change price: 0.05, reason: Continue leveraging full data sharing and strong competition to increase profit with higher price.",3.0,4,3.0,1.0,"[1.0, 'adaptive']"
5,6,F0,0.55,"Change price: -0.05, reason: Slightly reduce price to attract more buyers despite full data sharing and strong competition.",1.65,3,1.65,1.0,"[1.0, 'adaptive']"
5,6,F1,0.7,"Change price: 0.10, reason: High share rate and competition sustain personalized recommendations, allowing a higher price.",2.1,3,2.1,1.0,"[1.0, 'adaptive']"
5,6,F2,0.65,"Change price: -0.10, reason: Significant sales drop at 0.75 suggests price too high; reduce price to increase purchase likelihood.",2.6,4,2.6,1.0,"[1.0, 'adaptive']"
5,6,F3,0.75,"Change price: 0.00, reason: Maintain current price to balance sales volume and profit with high share rate and strong personalized recommendations.",1.5,2,1.5,1.0,"[1.0, 'adaptive']"
5,6,F4,0.8,"Change price: 0.05, reason: Maintain upward trend leveraging full data sharing and strong competition to maximize profit.",3.2,4,3.2,1.0,"[1.0, 'adaptive']"
5,7,F0,0.6,"Change price: 0.05, reason: Increase price to leverage full data sharing and personalized recommendations in a stable competitive market.",1.8,3,1.8,1.0,"[1.0, 'adaptive']"
5,7,F1,0.6,"Change price: -0.10, reason: Lower price to increase sales volume despite high share rate and competition.",2.4,4,2.4,1.0,"[1.0, 'adaptive']"
5,7,F2,0.7,"Change price: 0.05, reason: Stable high share rate and personalized recommendations support a slight price increase to maximize profit.",2.8,4,2.8,1.0,"[1.0, 'adaptive']"
5,7,F3,0.75,"Change price: 0.00, reason: Maintain current price to balance sales volume and profit with high share rate and strong personalized recommendations.",1.5,2,1.5,1.0,"[1.0, 'adaptive']"
5,7,F4,0.85,"Change price: 0.05, reason: Continue leveraging full data sharing and strong competition to increase profit with higher price.",3.4,4,3.4,1.0,"[1.0, 'adaptive']"
5,8,F0,0.6,"Change price: 0.00, reason: Maintain price to balance profit and sales amid stable full data sharing and competition.",1.8,3,1.8,1.0,"[1.0, 'adaptive']"
5,8,F1,0.7,"Change price: 0.10, reason: High share rate and competition sustain personalized recommendations, allowing a higher price.",2.1,3,2.1,1.0,"[1.0, 'adaptive']"
5,8,F2,0.7,"Change price: 0.00, reason: Stable sales and high share rate indicate current price maximizes profit.",2.8,4,2.8,1.0,"[1.0, 'adaptive']"
5,8,F3,0.75,"Change price: 0.00, reason: Maintain current price to balance sales volume and profit with consistently high share rate and strong personalized recommendations.",1.5,2,1.5,1.0,"[1.0, 'adaptive']"
5,8,F4,0.9,"Change price: 0.05, reason: Maintain upward trend leveraging full data sharing and strong competition to maximize profit.",2.7,3,2.7,1.0,"[1.0, 'adaptive']"
5,9,F0,0.6,"Change price: 0.00, reason: Maintain price to balance profit and sales amid stable full data sharing and competition.",1.8,3,1.8,1.0,"[1.0, 'adaptive']"
5,9,F1,0.6,"Change price: -0.10, reason: Lower price to increase sales volume despite high share rate and competition, maximizing profit.",2.4,4,2.4,1.0,"[1.0, 'adaptive']"
5,9,F2,0.7,"Change price: 0.00, reason: Stable sales and high share rate indicate current price maximizes profit.",2.8,4,2.8,1.0,"[1.0, 'adaptive']"
5,9,F3,0.8,"Change price: 0.05, reason: Maintain high share rate and personalized recommendations, allowing a slight price increase to boost profit.",1.6,2,1.6,1.0,"[1.0, 'adaptive']"
5,9,F4,0.85,"Change price: -0.05, reason: Decrease price slightly to recover sales volume after drop at 0.90 while maintaining leverage of full data sharing and competition.",3.4,4,3.4,1.0,"[1.0, 'adaptive']"
5,10,F0,0.6,"Change price: 0.00, reason: Maintain price to balance profit and sales amid stable full data sharing and strong competition.",1.8,3,1.8,1.0,"[1.0, 'adaptive']"
5,10,F1,0.6,"Change price: 0.00, reason: Maintain stable profit with balanced sales volume under high share rate and competition.",2.4,4,2.4,1.0,"[1.0, 'adaptive']"
5,10,F2,0.7,"Change price: 0.00, reason: Stable sales and high share rate indicate current price maximizes profit.",2.8,4,2.8,1.0,"[1.0, 'adaptive']"
5,10,F3,0.8,"Change price: 0.00, reason: Maintain current price to balance sales volume and profit with consistently high share rate and strong personalized recommendations.",1.6,2,1.6,1.0,"[1.0, 'adaptive']"
5,10,F4,0.85,"Change price: 0.00, reason: Maintain price at 0.85 to balance sales volume and profit leveraging full data sharing and strong competition.",3.4,4,3.4,1.0,"[1.0, 'adaptive']"
6,1,F0,0.55,"Change price: 0.05, reason: Moderate share rate and high competition justify a slight price increase to leverage personalized recommendations.",2.75,5,2.75,1.0,"[0.1141609286734534, 'adaptive']"
6,1,F1,0.55,"Change price: 0.05, reason: High share rate boosts personalized recommendations, increasing purchase likelihood and allowing a slightly higher price.",0.55,1,0.55,1.0,"[0.7307119346156952, 'adaptive']"
6,1,F2,0.55,"Change price: 0.05, reason: Moderate increase due to high share rate boosting personalized recommendations, allowing higher price with maintained demand.",1.65,3,1.65,1.0,"[0.5952893183895878, 'adaptive']"
6,1,F3,0.6,"Change price: 0.10, reason: High share rate increases purchase likelihood, allowing a higher price.",1.8,3,1.8,1.0,"[0.9676982215923978, 'adaptive']"
6,1,F4,0.6,"Change price: 0.10, reason: Moderate increase due to competition and personalized recommendations boosting purchase likelihood.",0.6,1,0.6,1.0,"[0.20072516766034598, 'adaptive']"
6,1,F5,0.6,"Change price: 0.10, reason: Moderate increase to leverage personalized recommendations and reduce consumer search in competitive market.",3.0,5,3.0,1.0,"[0.2787449656017579, 'adaptive']"
6,2,F0,0.6,"Change price: 0.05, reason: High share rate and competition support a moderate price increase to maximize profit.",2.4,4,2.4,1.0,"[1.0, 'adaptive']"
6,2,F1,0.6,"Change price: 0.05, reason: High share rate and strong competition enhance personalized recommendations, allowing a higher price.",0.6,1,0.6,1.0,"[1.0, 'adaptive']"
6,2,F2,0.6,"Change price: 0.05, reason: High share rate sustains demand; increase price to improve profit while maintaining sales.",1.8,3,1.8,1.0,"[1.0, 'adaptive']"
6,2,F3,0.7,"Change price: 0.10, reason: High share rate and strong personalized recommendations justify a higher price.",2.1,3,2.1,1.0,"[1.0, 'adaptive']"
6,2,F4,0.7,"Change price: 0.10, reason: High share rate and strong competition justify moderate price increase due to better purchase likelihood from personalized recommendations.",0.7,1,0.7,1.0,"[1.0, 'adaptive']"
6,2,F5,0.7,"Change price: 0.10, reason: Increase price to capitalize on full data sharing and strong personalized recommendations in competitive market.",3.5,5,3.5,1.0,"[1.0, 'adaptive']"
6,3,F0,0.55,"Change price: -0.05, reason: Slight price decrease to attract more buyers amid high competition despite full data sharing.",2.75,5,2.75,1.0,"[1.0, 'adaptive']"
6,3,F1,0.65,"Change price: 0.05, reason: High share rate and strong competition sustain personalized recommendations, allowing a slightly higher price.",0.65,1,0.65,1.0,"[1.0, 'adaptive']"
6,3,F2,0.65,"Change price: 0.05, reason: Maintain high price due to full share rate boosting personalized recommendations and stable demand.",1.95,3,1.95,1.0,"[1.0, 'adaptive']"
6,3,F3,0.8,"Change price: 0.10, reason: High share rate and strong personalized recommendations allow for a higher price to maximize profit.",2.4,3,2.4,1.0,"[1.0, 'adaptive']"
6,3,F4,0.75,"Change price: 0.05, reason: High share rate and strong competition support a slight price increase due to increased purchase likelihood from personalized recommendations.",0.75,1,0.75,1.0,"[1.0, 'adaptive']"
6,3,F5,0.75,"Change price: 0.05, reason: Slight increase to further leverage strong personalized recommendations and reduce consumer search in competitive market.",3.0,4,3.0,1.0,"[1.0, 'adaptive']"
6,4,F0,0.6,"Change price: 0.05, reason: High share rate and competition justify a moderate price increase to maximize profit.",2.4,4,2.4,1.0,"[1.0, 'adaptive']"
6,4,F1,0.7,"Change price: 0.05, reason: Maintain high share rate and competition to leverage personalized recommendations, allowing a higher price.",0.7,1,0.7,1.0,"[1.0, 'adaptive']"
6,4,F2,0.7,"Change price: 0.05, reason: Maintain upward trend with full share rate and strong personalized recommendations supporting higher price and stable sales.",2.1,3,2.1,1.0,"[1.0, 'adaptive']"
6,4,F3,0.9,"Change price: 0.10, reason: Maintain high price due to full share rate and strong personalized recommendations maximizing profit potential.",2.7,3,2.7,1.0,"[1.0, 'adaptive']"
6,4,F4,0.8,"Change price: 0.05, reason: High share rate and competition justify slight price increase due to strong personalized recommendations boosting purchase likelihood.",0.8,1,0.8,1.0,"[1.0, 'adaptive']"
6,4,F5,0.7,"Change price: -0.05, reason: Slight decrease to boost sales amid stable full data sharing and strong competition.",3.5,5,3.5,1.0,"[1.0, 'adaptive']"
6,5,F0,0.55,"Change price: -0.05, reason: Slight price decrease to attract more buyers amid full data sharing and high competition.",2.75,5,2.75,1.0,"[1.0, 'adaptive']"
6,5,F1,0.75,"Change price: 0.05, reason: High share rate and competition support personalized recommendations, enabling a slightly higher price.",0.75,1,0.75,1.0,"[1.0, 'adaptive']"
6,5,F2,0.75,"Change price: 0.05, reason: High share rate and stable demand support further price increase to maximize profit.",2.25,3,2.25,1.0,"[1.0, 'adaptive']"
6,5,F3,1.0,"Change price: 0.10, reason: High share rate and strong personalized recommendations allow a higher price to further maximize profit.",0.0,0,0.0,1.0,"[1.0, 'adaptive']"
6,5,F4,0.85,"Change price: 0.05, reason: High share rate and strong competition justify a slight price increase due to enhanced purchase likelihood from personalized recommendations.",0.85,1,0.85,1.0,"[1.0, 'adaptive']"
6,5,F5,0.75,"Change price: 0.05, reason: Slight increase to leverage full data sharing and strong personalized recommendations in competitive market.",3.0,4,3.0,1.0,"[1.0, 'adaptive']"
6,6,F0,0.55,"Change price: 0, reason: Maintain stable price to balance sales and profit amid consistent high share rate and competition.",2.75,5,2.75,1.0,"[1.0, 'adaptive']"
6,6,F1,0.8,"Change price: 0.05, reason: Maintain high share rate and competition, personalized recommendations support higher price.",0.8,1,0.8,1.0,"[1.0, 'adaptive']"
6,6,F2,0.8,"Change price: 0.05, reason: Full share rate and strong personalized recommendations support further price increase with stable demand.",1.6,2,1.6,1.0,"[1.0, 'adaptive']"
6,6,F3,0.9,"Change price: -0.10, reason: Price 1.00 led to zero sales; lowering price to increase purchase likelihood and maximize profit.",2.7,3,2.7,1.0,"[1.0, 'adaptive']"
6,6,F4,0.9,"Change price: 0.05, reason: Maintain upward trend as high share rate and competition support slight price increase due to strong personalized recommendations boosting purchase likelihood.",0.9,1,0.9,1.0,"[1.0, 'adaptive']"
6,6,F5,0.7,"Change price: -0.05, reason: Slight decrease to boost sales amid stable full data sharing and strong competition.",3.5,5,3.5,1.0,"[1.0, 'adaptive']"
6,7,F0,0.55,"Change price: 0, reason: Maintain stable price to balance sales and profit amid consistent high share rate and competition.",2.75,5,2.75,1.0,"[1.0, 'adaptive']"
6,7,F1,0.85,"Change price: 0.05, reason: High share rate and competition sustain personalized recommendations, allowing a slightly higher price.",0.0,0,0.0,1.0,"[1.0, 'adaptive']"
6,7,F2,0.75,"Change price: -0.05, reason: Sales dropped at 0.8; reduce price slightly to regain stable demand with full share rate.",2.25,3,2.25,1.0,"[1.0, 'adaptive']"
6,7,F3,0.9,"Change price: 0.00, reason: Maintain price at 0.90 as it maximizes profit with full share rate and strong personalized recommendations.",2.7,3,2.7,1.0,"[1.0, 'adaptive']"
6,7,F4,0.95,"Change price: 0.05, reason: High share rate and competition support slight price increase due to strong personalized recommendations boosting purchase likelihood.",0.95,1,0.95,1.0,"[1.0, 'adaptive']"
6,7,F5,0.75,"Change price: 0.05, reason: Slight increase to leverage full data sharing and strong personalized recommendations in competitive market.",3.0,4,3.0,1.0,"[1.0, 'adaptive']"
6,8,F0,0.55,"Change price: 0, reason: Maintain stable price to optimize profit amid consistent full data sharing and competition.",2.75,5,2.75,1.0,"[1.0, 'adaptive']"
6,8,F1,0.75,"Change price: -0.10, reason: Previous price of 0.85 led to zero sales; reducing price to 0.75 to increase purchase likelihood under high share rate and competition.",0.75,1,0.75,1.0,"[1.0, 'adaptive']"
6,8,F2,0.75,"Change price: 0.00, reason: Maintain stable demand and profit at full share rate with strong personalized recommendations.",2.25,3,2.25,1.0,"[1.0, 'adaptive']"
6,8,F3,0.9,"Change price: 0.00, reason: Maintain price at 0.90 as it consistently maximizes profit with full share rate and strong personalized recommendations.",1.8,2,1.8,1.0,"[1.0, 'adaptive']"
6,8,F4,1.0,"Change price: 0.05, reason: High share rate and strong competition support slight price increase due to strong personalized recommendations boosting purchase likelihood.",0.0,0,0.0,1.0,"[1.0, 'adaptive']"
6,8,F5,0.7,"Change price: -0.05, reason: Slight decrease to boost sales amid stable full data sharing and strong competition.",3.5,5,3.5,1.0,"[1.0, 'adaptive']"
6,9,F0,0.55,"Change price: 0, reason: Maintain stable price to optimize profit amid consistent full data sharing and high competition.",2.75,5,2.75,1.0,"[1.0, 'adaptive']"
6,9,F1,0.8,"Change price: 0.05, reason: Previous price of 0.75 yielded sales; slight increase to 0.80 to leverage high share rate and personalized recommendations.",0.8,1,0.8,1.0,"[1.0, 'adaptive']"
6,9,F2,0.75,"Change price: 0.00, reason: Maintain stable demand and profit at full share rate with strong personalized recommendations.",1.5,2,1.5,1.0,"[1.0, 'adaptive']"
6,9,F3,0.8,"Change price: -0.10, reason: Recent drop in sales suggests lowering price to 0.80 may increase purchase likelihood and maximize profit.",2.4,3,2.4,1.0,"[1.0, 'adaptive']"
6,9,F4,0.9,"Change price: -0.10, reason: Price at 1.00 led to zero sales; reduce price to improve purchase likelihood despite strong competition and high share rate.",0.9,1,0.9,1.0,"[1.0, 'adaptive']"
6,9,F5,0.75,"Change price: 0.05, reason: Slight increase to leverage stable full data sharing and personalized recommendations for maximizing profit.",3.0,4,3.0,1.0,"[1.0, 'adaptive']"
6,10,F0,0.55,"Change price: 0, reason: Maintain stable price to optimize profit amid consistent full data sharing and high competition.",2.75,5,2.75,1.0,"[1.0, 'adaptive']"
6,10,F1,0.85,"Change price: 0.05, reason: Previous price of 0.80 yielded sales; slight increase to leverage high share rate and strong personalized recommendations.",0.0,0,0.0,1.0,"[1.0, 'adaptive']"
6,10,F2,0.7,"Change price: -0.05, reason: Sales dropped at 0.75 recently; slight price reduction expected to stabilize demand and maximize profit.",2.1,3,2.1,1.0,"[1.0, 'adaptive']"
6,10,F3,0.8,"Change price: 0.00, reason: Maintain price at 0.80 as it balances sales volume and profit given full share rate and competition.",2.4,3,2.4,1.0,"[1.0, 'adaptive']"
6,10,F4,0.9,"Change price: 0.00, reason: Maintain price at 0.90 due to strong competition and high share rate ensuring steady sales and profit.",0.9,1,0.9,1.0,"[1.0, 'adaptive']"
6,10,F5,0.7,"Change price: -0.05, reason: Slight decrease to boost sales amid stable full data sharing and strong competition.",3.5,5,3.5,1.0,"[1.0, 'adaptive']"
7,1,F0,0.6,"Change price: 0.10, reason: Moderate increase due to high share rate boosting personalized recommendations and purchase likelihood amid strong competition.",3.0,5,3.0,1.0,"[0.5094057511340006, 'adaptive']"
7,1,F1,0.6,"Change price: 0.10, reason: High share rate increases personalized recommendations, allowing a higher price despite competition.",0.0,0,0.0,1.0,"[0.767464657058359, 'adaptive']"
7,1,F2,0.55,"Change price: 0.05, reason: Low share rate limits personalization benefits, but competition is high, so slightly increase price to capture higher profit from loyal buyers.",0.55,1,0.55,1.0,"[0.0339527397718794, 'adaptive']"
7,1,F3,0.6,"Change price: 0.10, reason: High share rate increases personalized recommendations, boosting purchase likelihood and allowing a higher price.",1.8,3,1.8,1.0,"[0.7424830571227258, 'adaptive']"
7,1,F4,0.6,"Change price: 0.10, reason: High share rate boosts personalized recommendations, increasing purchase likelihood and allowing a higher price.",1.2,2,1.2,1.0,"[0.9009633705490925, 'adaptive']"
7,1,F5,0.6,"Change price: 0.10, reason: Moderate price increase justified by personalized recommendations boosting purchase likelihood despite competition.",1.8,3,1.8,1.0,"[0.29043627233312164, 'adaptive']"
7,1,F6,0.55,"Change price: 0.05, reason: Moderate increase due to competition and personalized recommendations boosting purchase likelihood.",3.3,6,3.3,1.0,"[0.057199887695109974, 'adaptive']"
7,2,F0,0.7,"Change price: 0.10, reason: High share rate and strong competition justify higher price due to increased purchase likelihood from personalized recommendations.",3.5,5,3.5,1.0,"[1.0, 'adaptive']"
7,2,F1,0.7,"Change price: 0.10, reason: High share rate and strong personalized recommendations justify higher price despite competition.",0.0,0,0.0,1.0,"[1.0, 'adaptive']"
7,2,F2,0.6,"Change price: 0.05, reason: High share rate maximizes personalization benefits in strong competition, allowing a higher price to capture more profit from loyal buyers.",0.6,1,0.6,1.0,"[1.0, 'adaptive']"
7,2,F3,0.7,"Change price: 0.10, reason: High share rate and strong personalized recommendations increase purchase likelihood, supporting a higher price.",2.1,3,2.1,1.0,"[1.0, 'adaptive']"
7,2,F4,0.7,"Change price: 0.10, reason: High share rate and strong competition increase value of personalized recommendations, allowing a higher price.",1.4,2,1.4,1.0,"[1.0, 'adaptive']"
7,2,F5,0.7,"Change price: 0.10, reason: High share rate and strong personalized recommendations justify a moderate price increase despite competition.",2.1,3,2.1,1.0,"[1.0, 'adaptive']"
7,2,F6,0.6,"Change price: 0.05, reason: Increase price moderately due to strong personalized recommendations and high share rate boosting purchase likelihood despite competition.",3.6,6,3.6,1.0,"[1.0, 'adaptive']"
7,3,F0,0.75,"Change price: 0.05, reason: Maintain high price due to full data sharing and strong competition enhancing purchase likelihood.",3.75,5,3.75,1.0,"[1.0, 'adaptive']"
7,3,F1,0.6,"Change price: -0.10, reason: Lower price to increase sales volume despite high share rate and competition.",0.0,0,0.0,1.0,"[1.0, 'adaptive']"
7,3,F2,0.65,"Change price: 0.05, reason: High share rate and strong competition support a slight price increase to maximize profit from loyal buyers.",0.65,1,0.65,1.0,"[1.0, 'adaptive']"
7,3,F3,0.75,"Change price: 0.05, reason: Maintain high share rate and strong personalized recommendations, allowing a slight price increase to maximize profit.",2.25,3,2.25,1.0,"[1.0, 'adaptive']"
7,3,F4,0.8,"Change price: 0.10, reason: High share rate and strong competition sustain demand via personalized recommendations, allowing a higher price.",1.6,2,1.6,1.0,"[1.0, 'adaptive']"
7,3,F5,0.8,"Change price: 0.10, reason: Maintain high share rate and strong personalized recommendations justify moderate price increase despite competition.",2.4,3,2.4,1.0,"[1.0, 'adaptive']"
7,3,F6,0.65,"Change price: 0.05, reason: Increase price slightly due to continued strong personalized recommendations and full share rate boosting purchase likelihood despite competition.",3.9,6,3.9,1.0,"[1.0, 'adaptive']"
7,4,F0,0.8,"Change price: 0.05, reason: Slight increase to leverage full data sharing and strong competition boosting purchase likelihood.",4.0,5,4.0,1.0,"[1.0, 'adaptive']"
7,4,F1,0.5,"Change price: -0.10, reason: High competition despite full data sharing; lower price to boost sales volume.",0.0,0,0.0,1.0,"[1.0, 'adaptive']"
7,4,F2,0.7,"Change price: 0.05, reason: Maintain high share rate and strong competition, increase price to capture more profit from loyal buyers.",1.4,2,1.4,1.0,"[1.0, 'adaptive']"
7,4,F3,0.8,"Change price: 0.05, reason: Maintain high share rate and strong personalized recommendations, allowing a slight price increase to maximize profit.",2.4,3,2.4,1.0,"[1.0, 'adaptive']"
7,4,F4,0.9,"Change price: 0.10, reason: Maintain upward trend as high share rate and competition justify higher price.",0.9,1,0.9,1.0,"[1.0, 'adaptive']"
7,4,F5,0.9,"Change price: 0.10, reason: High share rate and strong personalized recommendations support further moderate price increase despite competition.",1.8,2,1.8,1.0,"[1.0, 'adaptive']"
7,4,F6,0.7,"Change price: 0.05, reason: Increase price moderately due to sustained high share rate and strong personalized recommendations boosting purchase likelihood despite competition.",4.9,7,4.9,1.0,"[1.0, 'adaptive']"
7,5,F0,0.85,"Change price: 0.05, reason: Slight increase to capitalize on full data sharing and strong competition enhancing purchase likelihood.",3.4,4,3.4,1.0,"[1.0, 'adaptive']"
7,5,F1,0.6,"Change price: 0.10, reason: High share rate ensures strong personalized recommendations, enabling a higher price despite competition.",0.0,0,0.0,1.0,"[1.0, 'adaptive']"
7,5,F2,0.75,"Change price: 0.05, reason: High share rate and strong competition support further price increase to maximize profit from loyal buyers.",0.75,1,0.75,1.0,"[1.0, 'adaptive']"
7,5,F3,0.85,"Change price: 0.05, reason: High share rate and strong personalized recommendations sustain purchase likelihood, allowing a slight price increase to maximize profit.",2.55,3,2.55,1.0,"[1.0, 'adaptive']"
7,5,F4,0.8,"Change price: -0.10, reason: Sales dropped at 0.9 price, lowering price to boost purchase likelihood with high share rate and competition.",1.6,2,1.6,1.0,"[1.0, 'adaptive']"
7,5,F5,0.8,"Change price: -0.10, reason: Sales dropped at 0.9 price despite high share rate; reduce price to boost purchase likelihood.",2.4,3,2.4,1.0,"[1.0, 'adaptive']"
7,5,F6,0.75,"Change price: 0.05, reason: Increase price slightly due to sustained high share rate and strong personalized recommendations boosting purchase likelihood despite competition.",3.75,5,3.75,1.0,"[1.0, 'adaptive']"
7,6,F0,0.8,"Change price: -0.05, reason: Slight decrease to boost sales after drop in sales despite high share rate and competition.",4.0,5,4.0,1.0,"[1.0, 'adaptive']"
7,6,F1,0.7,"Change price: 0.10, reason: High share rate and strong personalized recommendations justify increasing price despite competition.",0.0,0,0.0,1.0,"[1.0, 'adaptive']"
7,6,F2,0.8,"Change price: 0.05, reason: Maintain high share rate and strong competition, increase price to capture more profit from loyal buyers.",0.0,0,0.0,1.0,"[1.0, 'adaptive']"
7,6,F3,0.9,"Change price: 0.05, reason: High share rate and strong personalized recommendations support a slight price increase to maximize profit.",2.7,3,2.7,1.0,"[1.0, 'adaptive']"
7,6,F4,0.85,"Change price: 0.05, reason: Slightly increase price due to high share rate and stable sales, leveraging strong personalized recommendations.",0.85,1,0.85,1.0,"[1.0, 'adaptive']"
7,6,F5,0.9,"Change price: 0.10, reason: Strong share rate and personalized recommendations support a moderate price increase to maximize profit despite competition.",1.8,2,1.8,1.0,"[1.0, 'adaptive']"
7,6,F6,0.7,"Change price: -0.05, reason: Slightly reduce price to boost sales after drop in sales at 0.75 despite high share rate and personalized recommendations.",4.9,7,4.9,1.0,"[1.0, 'adaptive']"
7,7,F0,0.85,"Change price: 0.05, reason: Slight increase to leverage full data sharing and strong competition boosting purchase likelihood.",3.4,4,3.4,1.0,"[1.0, 'adaptive']"
7,7,F1,0.7,"Change price: 0.00, reason: Maintain price due to high share rate and strong personalized recommendations despite competition.",0.0,0,0.0,1.0,"[1.0, 'adaptive']"
7,7,F2,0.75,"Change price: -0.05, reason: Price at 0.80 led to zero sales; reduce slightly to improve purchase likelihood while maintaining profit.",1.5,2,1.5,1.0,"[1.0, 'adaptive']"
7,7,F3,0.95,"Change price: 0.05, reason: Maintain high share rate and strong personalized recommendations, allowing a slight price increase to maximize profit.",0.0,0,0.0,1.0,"[1.0, 'adaptive']"
7,7,F4,0.9,"Change price: 0.05, reason: Slight price increase to test demand at 0.90 with high share rate and strong competition.",0.9,1,0.9,1.0,"[1.0, 'adaptive']"
7,7,F5,0.8,"Change price: -0.10, reason: Sales dropped at 0.9; reducing price to boost purchase likelihood and maximize profit.",2.4,3,2.4,1.0,"[1.0, 'adaptive']"
7,7,F6,0.7,"Change price: 0, reason: Maintain price due to stable sales and strong personalized recommendations at current price.",4.2,6,4.2,1.0,"[1.0, 'adaptive']"
7,8,F0,0.8,"Change price: -0.05, reason: Slight decrease to boost sales after recent drop despite high share rate and competition.",4.0,5,4.0,1.0,"[1.0, 'adaptive']"
7,8,F1,0.6,"Change price: -0.10, reason: Lower price to increase sales volume despite high share rate and competition.",0.0,0,0.0,1.0,"[1.0, 'adaptive']"
7,8,F2,0.8,"Change price: 0.05, reason: High share rate and strong competition justify a slight price increase to maximize profit from loyal buyers.",0.0,0,0.0,1.0,"[1.0, 'adaptive']"
7,8,F3,0.85,"Change price: -0.10, reason: Price at 0.95 led to zero sales; lowering price to 0.85 to regain purchases and maximize profit.",2.55,3,2.55,1.0,"[1.0, 'adaptive']"
7,8,F4,0.8,"Change price: -0.10, reason: Lower price to boost sales as previous increase reduced quantity sold despite high share rate and competition.",1.6,2,1.6,1.0,"[1.0, 'adaptive']"
7,8,F5,0.8,"Change price: 0.00, reason: Maintain price at 0.8 as it balances sales volume and profit under high share rate and competition.",2.4,3,2.4,1.0,"[1.0, 'adaptive']"
7,8,F6,0.7,"Change price: 0, reason: Maintain price due to stable sales and strong personalized recommendations at current price.",4.2,6,4.2,1.0,"[1.0, 'adaptive']"
7,9,F0,0.8,"Change price: 0, reason: Maintain price to balance sales and revenue amid full data sharing and strong competition.",4.0,5,4.0,1.0,"[1.0, 'adaptive']"
7,9,F1,0.6,"Change price: 0.00, reason: Maintain price due to consistent high share rate and strong personalized recommendations despite competition.",0.0,0,0.0,1.0,"[1.0, 'adaptive']"
7,9,F2,0.75,"Change price: -0.05, reason: Price at 0.80 led to zero sales; reduce slightly to increase purchase likelihood while maintaining profit.",0.75,1,0.75,1.0,"[1.0, 'adaptive']"
7,9,F3,0.9,"Change price: 0.05, reason: High share rate and strong personalized recommendations support a slight price increase to maximize profit.",2.7,3,2.7,1.0,"[1.0, 'adaptive']"
7,9,F4,0.8,"Change price: 0.00, reason: Maintain price as high share rate and competition sustain steady sales at 0.8.",1.6,2,1.6,1.0,"[1.0, 'adaptive']"
7,9,F5,0.8,"Change price: 0.00, reason: Maintain price at 0.8 as it balances sales volume and profit under high share rate and competition.",2.4,3,2.4,1.0,"[1.0, 'adaptive']"
7,9,F6,0.7,"Change price: 0, reason: Maintain price due to stable sales and strong personalized recommendations at current price.",4.2,6,4.2,1.0,"[1.0, 'adaptive']"
7,10,F0,0.8,"Change price: 0, reason: Maintain price to balance stable sales and profit amid full data sharing and strong competition.",4.0,5,4.0,1.0,"[1.0, 'adaptive']"
7,10,F1,0.7,"Change price: 0.10, reason: High share rate ensures strong personalized recommendations, allowing a higher price despite competition.",0.0,0,0.0,1.0,"[1.0, 'adaptive']"
7,10,F2,0.75,"Change price: 0.00, reason: Maintain price at 0.75 to balance sales and profit given past fluctuations.",0.75,1,0.75,1.0,"[1.0, 'adaptive']"
7,10,F3,0.9,"Change price: 0.00, reason: Maintain price at 0.90 as previous sales were strong and profit maximized at this level.",2.7,3,2.7,1.0,"[1.0, 'adaptive']"
7,10,F4,0.8,"Change price: 0.00, reason: Maintain price at 0.8 as high share rate and competition sustain steady sales.",1.6,2,1.6,1.0,"[1.0, 'adaptive']"
7,10,F5,0.8,"Change price: 0.00, reason: Maintain price at 0.8 as it balances sales volume and profit under high share rate and competition.",2.4,3,2.4,1.0,"[1.0, 'adaptive']"
7,10,F6,0.7,"Change price: 0, reason: Maintain price due to stable sales and strong personalized recommendations at current price.",4.2,6,4.2,1.0,"[1.0, 'adaptive']"
8,1,F0,0.55,"Change price: 0.05, reason: High share rate boosts personalized recommendations, increasing purchase likelihood; raise price to maximize profit.",0.55,1,0.55,1.0,"[0.804808374522524, 'adaptive']"
8,1,F1,0.55,"Change price: 0.05, reason: Moderate increase due to competition and low share rate boosting personalized recommendations and purchase likelihood.",1.1,2,1.1,1.0,"[0.08876559541936813, 'adaptive']"
8,1,F2,0.6,"Change price: 0.10, reason: Moderate price increase to leverage personalized recommendations and reduced search due to data sharing in a competitive market.",1.2,2,1.2,1.0,"[0.2711085069981801, 'adaptive']"
8,1,F3,0.55,"Change price: 0.05, reason: Moderate increase due to high competition and personalized recommendations boosting purchase likelihood.",1.1,2,1.1,1.0,"[0.231067597265749, 'adaptive']"
8,1,F4,0.55,"Change price: 0.05, reason: Higher share rate and competition justify a slight price increase due to increased purchase likelihood from personalized recommendations.",1.1,2,1.1,1.0,"[0.5757694844914653, 'adaptive']"
8,1,F5,0.55,"Change price: 0.05, reason: High share rate and strong competition increase purchase likelihood, allowing a slight price increase.",1.65,3,1.65,1.0,"[0.566928835298798, 'adaptive']"
8,1,F6,0.55,"Change price: 0.05, reason: Moderate price increase to leverage personalized recommendations and reduce consumer search in competitive market.",2.75,5,2.75,1.0,"[0.302456418070118, 'adaptive']"
8,1,F7,0.55,"Change price: 0.05, reason: Moderate price increase to leverage personalized recommendations and reduced search due to data sharing.",1.65,3,1.65,1.0,"[0.3249197391028258, 'adaptive']"
8,2,F0,0.6,"Change price: 0.05, reason: High share rate and competition increase reliance on recommendations; raise price to maximize profit.",0.6,1,0.6,1.0,"[1.0, 'adaptive']"
8,2,F1,0.6,"Change price: 0.05, reason: High share rate and strong competition justify moderate price increase to maximize profit.",1.2,2,1.2,1.0,"[1.0, 'adaptive']"
8,2,F2,0.7,"Change price: 0.10, reason: Increase price to capitalize on full data sharing and strong personalized recommendations in a competitive market.",1.4,2,1.4,1.0,"[1.0, 'adaptive']"
8,2,F3,0.6,"Change price: 0.05, reason: Increase price moderately to capitalize on high share rate and strong personalized recommendations boosting purchase likelihood.",1.2,2,1.2,1.0,"[1.0, 'adaptive']"
8,2,F4,0.6,"Change price: 0.05, reason: High share rate and strong competition justify a moderate price increase due to increased purchase likelihood from personalized recommendations.",1.2,2,1.2,1.0,"[1.0, 'adaptive']"
8,2,F5,0.6,"Change price: 0.05, reason: High share rate and strong competition sustain purchase likelihood, allowing a moderate price increase.",1.8,3,1.8,1.0,"[1.0, 'adaptive']"
8,2,F6,0.6,"Change price: 0.05, reason: Increase price to capitalize on full data sharing and strong personalized recommendations in competitive market.",3.0,5,3.0,1.0,"[1.0, 'adaptive']"
8,2,F7,0.6,"Change price: 0.05, reason: Increase price to capitalize on full data sharing and strong personalized recommendations reducing consumer search.",1.8,3,1.8,1.0,"[1.0, 'adaptive']"
8,3,F0,0.65,"Change price: 0.05, reason: High share rate and competition sustain strong demand; raise price to enhance profit.",0.65,1,0.65,1.0,"[1.0, 'adaptive']"
8,3,F1,0.65,"Change price: 0.05, reason: High share rate and strong competition support moderate price increase to maximize profit.",1.3,2,1.3,1.0,"[1.0, 'adaptive']"
8,3,F2,0.8,"Change price: 0.10, reason: Increase price to leverage full data sharing and strong personalized recommendations in a highly competitive market.",0.8,1,0.8,1.0,"[1.0, 'adaptive']"
8,3,F3,0.65,"Change price: 0.05, reason: Increase price slightly to leverage high share rate and strong personalized recommendations in a competitive market.",1.3,2,1.3,1.0,"[1.0, 'adaptive']"
8,3,F4,0.65,"Change price: 0.05, reason: Maintain high share rate and competition; personalized recommendations support a moderate price increase.",1.3,2,1.3,1.0,"[1.0, 'adaptive']"
8,3,F5,0.65,"Change price: 0.05, reason: High share rate and strong competition justify a slight price increase to maximize profit.",1.95,3,1.95,1.0,"[1.0, 'adaptive']"
8,3,F6,0.65,"Change price: 0.05, reason: Increase price to further leverage strong personalized recommendations and consumer loyalty in highly competitive market.",3.25,5,3.25,1.0,"[1.0, 'adaptive']"
8,3,F7,0.65,"Change price: 0.05, reason: Slight increase to leverage strong personalized recommendations and limited consumer search under full data sharing.",2.6,4,2.6,1.0,"[1.0, 'adaptive']"
8,4,F0,0.7,"Change price: 0.05, reason: High share rate and competition maintain strong demand; raise price to maximize profit.",0.7,1,0.7,1.0,"[1.0, 'adaptive']"
8,4,F1,0.7,"Change price: 0.05, reason: High share rate and competition allow moderate price increase to maximize profit.",1.4,2,1.4,1.0,"[1.0, 'adaptive']"
8,4,F2,0.7,"Change price: -0.10, reason: Decrease price to boost sales volume amid strong competition despite full data sharing and personalized recommendations.",1.4,2,1.4,1.0,"[1.0, 'adaptive']"
8,4,F3,0.7,"Change price: 0.05, reason: Increase price moderately to further capitalize on high share rate and strong personalized recommendations in competitive market.",1.4,2,1.4,1.0,"[1.0, 'adaptive']"
8,4,F4,0.7,"Change price: 0.05, reason: High share rate and competition justify a slight price increase due to strong personalized recommendation effect.",1.4,2,1.4,1.0,"[1.0, 'adaptive']"
8,4,F5,0.7,"Change price: 0.05, reason: High share rate and strong competition support a moderate price increase to further maximize profit.",2.1,3,2.1,1.0,"[1.0, 'adaptive']"
8,4,F6,0.7,"Change price: 0.05, reason: Increase price to further capitalize on full data sharing and strong personalized recommendations in competitive market.",2.8,4,2.8,1.0,"[1.0, 'adaptive']"
8,4,F7,0.7,"Change price: 0.05, reason: Increase price to further leverage full data sharing and strong personalized recommendations reducing consumer search.",2.1,3,2.1,1.0,"[1.0, 'adaptive']"
8,5,F0,0.75,"Change price: 0.05, reason: High share rate and competition support further price increase to maximize profit.",0.75,1,0.75,1.0,"[1.0, 'adaptive']"
8,5,F1,0.75,"Change price: 0.05, reason: High share rate and competition support further moderate price increase to maximize profit.",1.5,2,1.5,1.0,"[1.0, 'adaptive']"
8,5,F2,0.75,"Change price: 0.05, reason: Slightly increase price to capitalize on full data sharing and personalized recommendations while avoiding sales drop.",0.75,1,0.75,1.0,"[1.0, 'adaptive']"
8,5,F3,0.75,"Change price: 0.05, reason: Increase price slightly to maximize profit leveraging high share rate and personalized recommendations in competitive market.",1.5,2,1.5,1.0,"[1.0, 'adaptive']"
8,5,F4,0.75,"Change price: 0.05, reason: Maintain price increase due to continued high share rate and competition supporting strong personalized recommendation effect.",1.5,2,1.5,1.0,"[1.0, 'adaptive']"
8,5,F5,0.75,"Change price: 0.05, reason: High share rate and strong competition justify a slight price increase to further maximize profit.",2.25,3,2.25,1.0,"[1.0, 'adaptive']"
8,5,F6,0.65,"Change price: -0.05, reason: Decrease price slightly to boost sales volume after drop in sales despite full data sharing and strong recommendations.",3.25,5,3.25,1.0,"[1.0, 'adaptive']"
8,5,F7,0.75,"Change price: 0.05, reason: Increase price to leverage strong personalized recommendations and limited search, boosting profit potential.",2.25,3,2.25,1.0,"[1.0, 'adaptive']"
8,6,F0,0.8,"Change price: 0.05, reason: High share rate and competition maintain strong demand; raise price to maximize profit.",0.8,1,0.8,1.0,"[1.0, 'adaptive']"
8,6,F1,0.8,"Change price: 0.05, reason: High share rate and strong competition justify moderate price increase to maximize profit.",1.6,2,1.6,1.0,"[1.0, 'adaptive']"
8,6,F2,0.7,"Change price: -0.05, reason: Slightly decrease price to increase sales volume amid strong competition despite full data sharing and personalized recommendations.",1.4,2,1.4,1.0,"[1.0, 'adaptive']"
8,6,F3,0.8,"Change price: 0.05, reason: Increase price slightly to further leverage high share rate and personalized recommendations in competitive market.",1.6,2,1.6,1.0,"[1.0, 'adaptive']"
8,6,F4,0.8,"Change price: 0.05, reason: High share rate and strong competition justify a moderate price increase due to sustained personalized recommendation benefits.",1.6,2,1.6,1.0,"[1.0, 'adaptive']"
8,6,F5,0.8,"Change price: 0.05, reason: High share rate and strong competition support a moderate price increase to maximize profit.",2.4,3,2.4,1.0,"[1.0, 'adaptive']"
8,6,F6,0.65,"Change price: 0.00, reason: Maintain price to balance sales volume and profit given stable full data sharing and competition.",3.25,5,3.25,1.0,"[1.0, 'adaptive']"
8,6,F7,0.8,"Change price: 0.05, reason: Increase price to further capitalize on full data sharing and strong personalized recommendations reducing consumer search.",1.6,2,1.6,1.0,"[1.0, 'adaptive']"
8,7,F0,0.85,"Change price: 0.05, reason: High share rate and competition sustain strong demand; raise price to maximize profit.",0.85,1,0.85,1.0,"[1.0, 'adaptive']"
8,7,F1,0.85,"Change price: 0.05, reason: High share rate and strong competition allow further moderate price increase to maximize profit.",1.7,2,1.7,1.0,"[1.0, 'adaptive']"
8,7,F2,0.75,"Change price: 0.05, reason: Slightly increase price to leverage full data sharing and personalized recommendations while maintaining sales volume.",0.75,1,0.75,1.0,"[1.0, 'adaptive']"
8,7,F3,0.85,"Change price: 0.05, reason: Increase price slightly to maximize profit leveraging full share rate and strong personalized recommendations in competitive market.",0.85,1,0.85,1.0,"[1.0, 'adaptive']"
8,7,F4,0.85,"Change price: 0.05, reason: Maintain price increase due to continued high share rate and strong competition supporting personalized recommendation benefits.",1.7,2,1.7,1.0,"[1.0, 'adaptive']"
8,7,F5,0.85,"Change price: 0.05, reason: High share rate and strong competition support a slight price increase to further maximize profit.",2.55,3,2.55,1.0,"[1.0, 'adaptive']"
8,7,F6,0.65,"Change price: 0.00, reason: Maintain price to sustain stable sales and profit with full data sharing and strong personalized recommendations.",3.25,5,3.25,1.0,"[1.0, 'adaptive']"
8,7,F7,0.75,"Change price: -0.05, reason: Decrease price slightly to boost sales volume after observing drop at 0.8.",2.25,3,2.25,1.0,"[1.0, 'adaptive']"
8,8,F0,0.9,"Change price: 0.05, reason: High share rate and competition sustain strong demand; raise price to maximize profit.",0.9,1,0.9,1.0,"[1.0, 'adaptive']"
8,8,F1,0.9,"Change price: 0.05, reason: High share rate and competition justify moderate price increase to maximize profit.",1.8,2,1.8,1.0,"[1.0, 'adaptive']"
8,8,F2,0.7,"Change price: -0.05, reason: Slightly decrease price to boost sales volume amid strong competition and full data sharing.",1.4,2,1.4,1.0,"[1.0, 'adaptive']"
8,8,F3,0.75,"Change price: -0.10, reason: Decrease price to boost sales after drop in sales volume despite high share rate and strong personalized recommendations.",1.5,2,1.5,1.0,"[1.0, 'adaptive']"
8,8,F4,0.9,"Change price: 0.05, reason: Maintain price increase due to sustained high share rate and strong competition supporting personalized recommendation benefits.",1.8,2,1.8,1.0,"[1.0, 'adaptive']"
8,8,F5,0.9,"Change price: 0.05, reason: High share rate and strong competition allow a slight price increase to maximize profit.",2.7,3,2.7,1.0,"[1.0, 'adaptive']"
8,8,F6,0.65,"Change price: 0.00, reason: Maintain price to sustain stable profit and sales with full data sharing and strong personalized recommendations.",3.25,5,3.25,1.0,"[1.0, 'adaptive']"
8,8,F7,0.8,"Change price: 0.05, reason: Increase price slightly to test if higher price maintains profit given strong personalized recommendations and stable sales.",1.6,2,1.6,1.0,"[1.0, 'adaptive']"
8,9,F0,0.95,"Change price: 0.05, reason: High share rate and competition sustain strong demand; raise price to maximize profit.",0.0,0,0.0,1.0,"[1.0, 'adaptive']"
8,9,F1,0.95,"Change price: 0.05, reason: High share rate and strong competition support moderate price increase to maximize profit.",1.9,2,1.9,1.0,"[1.0, 'adaptive']"
8,9,F2,0.7,"Change price: 0.00, reason: Maintain price to balance sales volume and profit amid full data sharing and intense competition.",1.4,2,1.4,1.0,"[1.0, 'adaptive']"
8,9,F3,0.8,"Change price: 0.05, reason: Slight increase to test higher price point after stable sales at 0.75 with full share rate and strong recommendations.",1.6,2,1.6,1.0,"[1.0, 'adaptive']"
8,9,F4,0.95,"Change price: 0.05, reason: Maintain price increase due to continued high share rate and strong competition supporting personalized recommendation benefits.",1.9,2,1.9,1.0,"[1.0, 'adaptive']"
8,9,F5,0.95,"Change price: 0.05, reason: High share rate and strong competition support a slight price increase to further maximize profit.",0.95,1,0.95,1.0,"[1.0, 'adaptive']"
8,9,F6,0.65,"Change price: 0.00, reason: Maintain price to sustain stable profit and sales with full data sharing and strong personalized recommendations.",3.25,5,3.25,1.0,"[1.0, 'adaptive']"
8,9,F7,0.75,"Change price: -0.05, reason: Decrease price slightly to boost sales volume after observing lower sales at 0.8.",2.25,3,2.25,1.0,"[1.0, 'adaptive']"
8,10,F0,0.85,"Change price: -0.10, reason: Price at 0.95 led to zero sales; lowering price to improve demand while maintaining profit.",0.85,1,0.85,1.0,"[1.0, 'adaptive']"
8,10,F1,1.0,"Change price: 0.05, reason: High share rate and strong competition justify further moderate price increase to maximize profit.",0.0,0,0.0,1.0,"[1.0, 'adaptive']"
8,10,F2,0.7,"Change price: 0.00, reason: Maintain price to balance sales volume and profit amid full data sharing and intense competition.",1.4,2,1.4,1.0,"[1.0, 'adaptive']"
8,10,F3,0.8,"Change price: 0.00, reason: Maintain price to sustain stable sales and maximize profit with full share rate and strong personalized recommendations.",1.6,2,1.6,1.0,"[1.0, 'adaptive']"
8,10,F4,1.0,"Change price: 0.05, reason: Maintain price increase due to sustained high share rate and strong competition supporting personalized recommendation benefits.",0.0,0,0.0,1.0,"[1.0, 'adaptive']"
8,10,F5,0.85,"Change price: -0.10, reason: Significant drop in sales at 0.95 price suggests reducing price to regain buyers and maximize profit.",2.55,3,2.55,1.0,"[1.0, 'adaptive']"
8,10,F6,0.65,"Change price: 0.00, reason: Maintain price to sustain stable profit and sales with full data sharing and strong personalized recommendations.",3.25,5,3.25,1.0,"[1.0, 'adaptive']"
8,10,F7,0.75,"Change price: 0.00, reason: Maintain price to balance sales volume and profit given stable personalized recommendations and consistent sales.",2.25,3,2.25,1.0,"[1.0, 'adaptive']"
9,1,F0,0.55,"Change price: 0.05, reason: Moderate share rate and high competition justify a slight price increase due to better personalized recommendation impact.",0.55,1,0.55,1.0,"[0.24433132450302775, 'adaptive']"
9,1,F1,0.6,"Change price: 0.10, reason: High share rate and strong competition justify raising price to capitalize on increased purchase likelihood.",0.6,1,0.6,1.0,"[0.5604632652588534, 'adaptive']"
9,1,F2,0.6,"Change price: 0.10, reason: High share rate increases likelihood of purchase via personalized recommendations, allowing a higher price despite competition.",2.4,4,2.4,1.0,"[0.7768304114496402, 'adaptive']"
9,1,F3,0.6,"Change price: 0.10, reason: High share rate boosts personalized recommendations, increasing purchase likelihood and allowing a higher price.",1.2,2,1.2,1.0,"[0.9279232282854474, 'adaptive']"
9,1,F4,0.55,"Change price: 0.05, reason: Moderate price increase due to high competition and moderate share rate boosting personalized recommendations and purchase likelihood.",2.2,4,2.2,1.0,"[0.2948976615598349, 'adaptive']"
9,1,F5,0.6,"Change price: 0.10, reason: High share rate boosts personalized recommendations, increasing purchase likelihood and allowing a higher price.",0.6,1,0.6,1.0,"[0.864059233541088, 'adaptive']"
9,1,F6,0.6,"Change price: 0.10, reason: High share rate increases personalized recommendations, boosting purchase likelihood despite competition, allowing a higher price.",2.4,4,2.4,1.0,"[0.8200973979159879, 'adaptive']"
9,1,F7,0.55,"Change price: 0.05, reason: Moderate increase due to personalized recommendations boosting purchase likelihood despite competition.",0.55,1,0.55,1.0,"[0.22541195479266196, 'adaptive']"
9,1,F8,0.6,"Change price: 0.10, reason: Higher share rate and strong competition increase likelihood of purchase, allowing a higher price.",1.2,2,1.2,1.0,"[0.6545374055169974, 'adaptive']"
9,2,F0,0.6,"Change price: 0.05, reason: High share rate and strong competition justify a moderate price increase due to enhanced personalized recommendation effect.",1.2,2,1.2,1.0,"[1.0, 'adaptive']"
9,2,F1,0.7,"Change price: 0.10, reason: High share rate and strong competition increase purchase likelihood, allowing a higher price to maximize profit.",0.7,1,0.7,1.0,"[1.0, 'adaptive']"
9,2,F2,0.7,"Change price: 0.10, reason: High share rate and strong personalized recommendations justify a higher price despite competition.",2.1,3,2.1,1.0,"[1.0, 'adaptive']"
9,2,F3,0.65,"Change price: 0.05, reason: High share rate and strong competition justify a slight price increase to maximize profit.",1.3,2,1.3,1.0,"[1.0, 'adaptive']"
9,2,F4,0.6,"Change price: 0.05, reason: High share rate and competition justify moderate price increase to maximize profit.",2.4,4,2.4,1.0,"[1.0, 'adaptive']"
9,2,F5,0.7,"Change price: 0.10, reason: High share rate and strong competition increase value of personalized recommendations, allowing a higher price.",0.7,1,0.7,1.0,"[1.0, 'adaptive']"
9,2,F6,0.65,"Change price: 0.05, reason: High share rate and strong personalized recommendations support a slight price increase despite competition.",2.6,4,2.6,1.0,"[1.0, 'adaptive']"
9,2,F7,0.6,"Change price: 0.05, reason: High share rate and strong personalized recommendations justify a moderate price increase despite competition.",0.6,1,0.6,1.0,"[1.0, 'adaptive']"
9,2,F8,0.7,"Change price: 0.10, reason: High share rate and strong competition increase purchase likelihood, allowing a higher price.",1.4,2,1.4,1.0,"[1.0, 'adaptive']"
9,3,F0,0.65,"Change price: 0.05, reason: High share rate and strong competition support a moderate price increase due to improved personalized recommendation impact.",0.65,1,0.65,1.0,"[1.0, 'adaptive']"
9,3,F1,0.8,"Change price: 0.10, reason: Maintain high share rate and strong competition to capitalize on increased purchase likelihood.",0.8,1,0.8,1.0,"[1.0, 'adaptive']"
9,3,F2,0.65,"Change price: -0.05, reason: Slightly lower price to boost sales despite high competition and maintain profit with full share rate.",2.6,4,2.6,1.0,"[1.0, 'adaptive']"
9,3,F3,0.7,"Change price: 0.05, reason: High share rate and strong competition maintain demand, allowing a slight price increase to maximize profit.",1.4,2,1.4,1.0,"[1.0, 'adaptive']"
9,3,F4,0.65,"Change price: 0.05, reason: High share rate and competition support a slight price increase to boost profit.",2.6,4,2.6,1.0,"[1.0, 'adaptive']"
9,3,F5,0.75,"Change price: 0.05, reason: High share rate and strong competition sustain demand; slight price increase maximizes profit.",0.75,1,0.75,1.0,"[1.0, 'adaptive']"
9,3,F6,0.7,"Change price: 0.05, reason: High share rate and personalized recommendations sustain purchase likelihood, allowing a slight price increase despite competition.",2.8,4,2.8,1.0,"[1.0, 'adaptive']"
9,3,F7,0.65,"Change price: 0.05, reason: Maintain high price due to full data sharing and strong personalized recommendations boosting purchase likelihood despite competition.",0.65,1,0.65,1.0,"[1.0, 'adaptive']"
9,3,F8,0.8,"Change price: 0.10, reason: Maintain high price due to full data sharing and strong competition increasing purchase likelihood.",1.6,2,1.6,1.0,"[1.0, 'adaptive']"
9,4,F0,0.7,"Change price: 0.05, reason: High share rate and strong competition justify a moderate price increase due to enhanced personalized recommendation impact.",0.7,1,0.7,1.0,"[1.0, 'adaptive']"
9,4,F1,0.9,"Change price: 0.10, reason: High share rate and strong competition support raising price to maximize profit.",0.0,0,0.0,1.0,"[1.0, 'adaptive']"
9,4,F2,0.7,"Change price: 0.05, reason: Maintain high price due to full share rate and strong personalized recommendations despite competition.",2.8,4,2.8,1.0,"[1.0, 'adaptive']"
9,4,F3,0.75,"Change price: 0.05, reason: High share rate and strong competition allow a slight price increase to further maximize profit.",1.5,2,1.5,1.0,"[1.0, 'adaptive']"
9,4,F4,0.7,"Change price: 0.05, reason: High share rate and strong competition justify a moderate price increase to maximize profit.",2.8,4,2.8,1.0,"[1.0, 'adaptive']"
9,4,F5,0.8,"Change price: 0.05, reason: High share rate and competition maintain demand; slight price increase to maximize profit.",0.8,1,0.8,1.0,"[1.0, 'adaptive']"
9,4,F6,0.75,"Change price: 0.05, reason: High share rate and personalized recommendations continue to support a slight price increase despite competition.",3.0,4,3.0,1.0,"[1.0, 'adaptive']"
9,4,F7,0.7,"Change price: 0.05, reason: High share rate and strong personalized recommendations support a moderate price increase despite competition.",0.7,1,0.7,1.0,"[1.0, 'adaptive']"
9,4,F8,0.9,"Change price: 0.10, reason: Maintain high price due to full data sharing and strong competition increasing purchase likelihood.",0.9,1,0.9,1.0,"[1.0, 'adaptive']"
9,5,F0,0.75,"Change price: 0.05, reason: High share rate and strong competition justify a moderate price increase due to enhanced personalized recommendation effect.",0.75,1,0.75,1.0,"[1.0, 'adaptive']"
9,5,F1,0.8,"Change price: -0.10, reason: Lower price to improve sales after zero sales at 0.90 despite high share rate and competition.",0.8,1,0.8,1.0,"[1.0, 'adaptive']"
9,5,F2,0.75,"Change price: 0.05, reason: High share rate and strong personalized recommendations support a slight price increase to maximize profit.",3.0,4,3.0,1.0,"[1.0, 'adaptive']"
9,5,F3,0.8,"Change price: 0.05, reason: High share rate and strong competition support a slight price increase to further maximize profit.",1.6,2,1.6,1.0,"[1.0, 'adaptive']"
9,5,F4,0.75,"Change price: 0.05, reason: High share rate and strong competition support a slight price increase to further maximize profit.",3.0,4,3.0,1.0,"[1.0, 'adaptive']"
9,5,F5,0.85,"Change price: 0.05, reason: High share rate and strong competition support a slight price increase to maximize profit.",0.85,1,0.85,1.0,"[1.0, 'adaptive']"
9,5,F6,0.8,"Change price: 0.05, reason: High share rate and strong personalized recommendations justify a slight price increase despite competition.",2.4,3,2.4,1.0,"[1.0, 'adaptive']"
9,5,F7,0.75,"Change price: 0.05, reason: Maintain upward trend as full data sharing and strong personalized recommendations support higher price despite competition.",0.75,1,0.75,1.0,"[1.0, 'adaptive']"
9,5,F8,0.8,"Change price: -0.10, reason: Sales dropped at 0.9 price despite full data sharing; lowering price may increase purchase likelihood and profit.",1.6,2,1.6,1.0,"[1.0, 'adaptive']"
9,6,F0,0.8,"Change price: 0.05, reason: High share rate and strong competition justify a moderate price increase due to enhanced personalized recommendation impact.",0.8,1,0.8,1.0,"[1.0, 'adaptive']"
9,6,F1,0.8,"Change price: 0.00, reason: Maintain price at 0.80 to balance sales and profit under high share rate and strong competition.",0.8,1,0.8,1.0,"[1.0, 'adaptive']"
9,6,F2,0.8,"Change price: 0.05, reason: Maintain upward trend with full share rate and strong personalized recommendations to maximize profit.",2.4,3,2.4,1.0,"[1.0, 'adaptive']"
9,6,F3,0.85,"Change price: 0.05, reason: High share rate and strong competition support a slight price increase to maximize profit.",1.7,2,1.7,1.0,"[1.0, 'adaptive']"
9,6,F4,0.8,"Change price: 0.05, reason: High share rate and strong competition justify a moderate price increase to further maximize profit.",3.2,4,3.2,1.0,"[1.0, 'adaptive']"
9,6,F5,0.9,"Change price: 0.05, reason: High share rate and strong competition sustain demand; slight price increase to maximize profit.",0.9,1,0.9,1.0,"[1.0, 'adaptive']"
9,6,F6,0.75,"Change price: -0.05, reason: Sales dropped at 0.8; slightly reduce price to increase purchase likelihood despite high share rate and competition.",3.0,4,3.0,1.0,"[1.0, 'adaptive']"
9,6,F7,0.8,"Change price: 0.05, reason: Maintain moderate increase as full data sharing and strong personalized recommendations justify higher price despite competition.",0.8,1,0.8,1.0,"[1.0, 'adaptive']"
9,6,F8,0.9,"Change price: 0.10, reason: High share rate and strong competition support a higher price to maximize profit.",0.9,1,0.9,1.0,"[1.0, 'adaptive']"
9,7,F0,0.85,"Change price: 0.05, reason: Maintain moderate price increase due to high share rate and strong competition enhancing personalized recommendation impact.",0.85,1,0.85,1.0,"[1.0, 'adaptive']"
9,7,F1,0.8,"Change price: 0.00, reason: Maintain price to balance sales and profit under high share rate and strong competition.",0.8,1,0.8,1.0,"[1.0, 'adaptive']"
9,7,F2,0.75,"Change price: -0.05, reason: Slight price decrease to boost sales while maintaining profit with full share rate and strong personalized recommendations.",3.0,4,3.0,1.0,"[1.0, 'adaptive']"
9,7,F3,0.9,"Change price: 0.05, reason: High share rate and strong competition allow a slight price increase to further maximize profit.",1.8,2,1.8,1.0,"[1.0, 'adaptive']"
9,7,F4,0.85,"Change price: 0.05, reason: High share rate and strong competition support a moderate price increase to maximize profit.",3.4,4,3.4,1.0,"[1.0, 'adaptive']"
9,7,F5,0.95,"Change price: 0.05, reason: High share rate and strong competition allow a slight price increase to further maximize profit.",0.95,1,0.95,1.0,"[1.0, 'adaptive']"
9,7,F6,0.8,"Change price: 0.05, reason: Strong personalized recommendations and stable share rate support a slight price increase to maximize profit despite competition.",2.4,3,2.4,1.0,"[1.0, 'adaptive']"
9,7,F7,0.85,"Change price: 0.05, reason: Maintain moderate increase as full data sharing and strong personalized recommendations justify higher price despite competition.",0.85,1,0.85,1.0,"[1.0, 'adaptive']"
9,7,F8,0.8,"Change price: -0.10, reason: Sales dropped at 0.9 price despite full data sharing; lowering price may increase purchase likelihood and profit.",1.6,2,1.6,1.0,"[1.0, 'adaptive']"
9,8,F0,0.9,"Change price: 0.05, reason: High share rate and strong competition justify a moderate price increase due to enhanced personalized recommendation impact.",0.9,1,0.9,1.0,"[1.0, 'adaptive']"
9,8,F1,0.8,"Change price: 0.00, reason: Maintain price to balance sales and profit under high share rate and strong competition.",0.8,1,0.8,1.0,"[1.0, 'adaptive']"
9,8,F2,0.8,"Change price: 0.05, reason: High share rate and strong personalized recommendations justify a slight price increase to maximize profit.",2.4,3,2.4,1.0,"[1.0, 'adaptive']"
9,8,F3,0.95,"Change price: 0.05, reason: High share rate and strong competition support a slight price increase to maximize profit.",0.0,0,0.0,1.0,"[1.0, 'adaptive']"
9,8,F4,0.9,"Change price: 0.05, reason: High share rate and strong competition justify a slight price increase to further maximize profit.",2.7,3,2.7,1.0,"[1.0, 'adaptive']"
9,8,F5,1.0,"Change price: 0.05, reason: High share rate and competition sustain demand; slight price increase to maximize profit.",0.0,0,0.0,1.0,"[1.0, 'adaptive']"
9,8,F6,0.75,"Change price: -0.05, reason: Sales dropped at 0.8; reduce price slightly to increase purchase likelihood while maintaining profit.",3.0,4,3.0,1.0,"[1.0, 'adaptive']"
9,8,F7,0.9,"Change price: 0.05, reason: Maintain moderate increase due to full data sharing and strong personalized recommendations supporting higher price despite competition.",0.0,0,0.0,1.0,"[1.0, 'adaptive']"
9,8,F8,0.8,"Change price: 0.00, reason: Maintain price at 0.8 due to stable sales and full data sharing maximizing purchase likelihood.",1.6,2,1.6,1.0,"[1.0, 'adaptive']"
9,9,F0,0.95,"Change price: 0.05, reason: Maintain moderate price increase due to consistently high share rate and strong competition enhancing personalized recommendation impact.",0.95,1,0.95,1.0,"[1.0, 'adaptive']"
9,9,F1,0.8,"Change price: 0.00, reason: Maintain price to balance sales and profit under high share rate and strong competition.",0.8,1,0.8,1.0,"[1.0, 'adaptive']"
9,9,F2,0.75,"Change price: -0.05, reason: Slight price decrease to boost sales while maintaining profit with full share rate and strong personalized recommendations.",3.0,4,3.0,1.0,"[1.0, 'adaptive']"
9,9,F3,0.85,"Change price: -0.10, reason: Price at 0.95 led to zero sales; reducing price to regain demand and maximize profit.",1.7,2,1.7,1.0,"[1.0, 'adaptive']"
9,9,F4,0.85,"Change price: -0.05, reason: Slight price decrease to recover sales volume after drop at 0.90 while maintaining profit in high competition and full data sharing environment.",3.4,4,3.4,1.0,"[1.0, 'adaptive']"
9,9,F5,0.95,"Change price: -0.05, reason: Price at 1.00 led to zero sales; slight decrease to 0.95 to regain demand while leveraging high share rate.",0.95,1,0.95,1.0,"[1.0, 'adaptive']"
9,9,F6,0.75,"Change price: 0.00, reason: Maintain stable price as high share rate and personalized recommendations sustain purchase likelihood and profit.",3.0,4,3.0,1.0,"[1.0, 'adaptive']"
9,9,F7,0.8,"Change price: -0.10, reason: Reduce price to regain sales after zero sales at 0.90 despite strong personalized recommendations.",0.8,1,0.8,1.0,"[1.0, 'adaptive']"
9,9,F8,0.8,"Change price: 0.00, reason: Maintain price at 0.8 due to stable sales and full data sharing maximizing purchase likelihood.",1.6,2,1.6,1.0,"[1.0, 'adaptive']"
9,10,F0,1.0,"Change price: 0.05, reason: High share rate and strong competition justify a slight price increase due to enhanced personalized recommendation impact.",0.0,0,0.0,1.0,"[1.0, 'adaptive']"
9,10,F1,0.8,"Change price: 0.00, reason: Maintain price at 0.80 to balance sales and profit under high share rate and strong competition.",0.8,1,0.8,1.0,"[1.0, 'adaptive']"
9,10,F2,0.75,"Change price: 0, reason: Maintain price at 0.75 due to consistent full share rate and strong personalized recommendations maximizing profit.",3.0,4,3.0,1.0,"[1.0, 'adaptive']"
9,10,F3,0.9,"Change price: 0.05, reason: High share rate and strong competition support a slight price increase to maximize profit.",1.8,2,1.8,1.0,"[1.0, 'adaptive']"
9,10,F4,0.9,"Change price: 0.05, reason: Moderate price increase to leverage high share rate and stable sales in competitive market.",2.7,3,2.7,1.0,"[1.0, 'adaptive']"
9,10,F5,0.95,"Change price: 0.00, reason: Price at 0.95 balances demand and profit well under high share rate and competition.",0.95,1,0.95,1.0,"[1.0, 'adaptive']"
9,10,F6,0.75,"Change price: 0.00, reason: Maintain price as high share rate and personalized recommendations sustain stable sales and profit.",3.0,4,3.0,1.0,"[1.0, 'adaptive']"
9,10,F7,0.8,"Change price: 0.00, reason: Maintain price at 0.80 due to strong personalized recommendations and regained sales.",0.8,1,0.8,1.0,"[1.0, 'adaptive']"
9,10,F8,0.8,"Change price: 0.00, reason: Maintain price at 0.8 due to stable sales and full data sharing maximizing purchase likelihood.",1.6,2,1.6,1.0,"[1.0, 'adaptive']"
10,1,F0,0.55,"Change price: 0.05, reason: Moderate increase due to high share rate boosting personalized recommendations and purchase likelihood in competitive market.",0.55,1,0.55,1.0,"[0.5130412868656543, 'adaptive']"
10,1,F1,0.6,"Change price: 0.10, reason: Moderate increase due to high share rate boosting personalized recommendations and purchase likelihood amid strong competition.",1.2,2,1.2,1.0,"[0.42807620835244875, 'adaptive']"
10,1,F2,0.55,"Change price: 0.05, reason: Moderate increase due to moderate share rate boosting personalized recommendations and reducing search, allowing higher price with 10 competitors.",2.75,5,2.75,1.0,"[0.24211365251952943, 'adaptive']"
10,1,F3,0.6,"Change price: 0.10, reason: High share rate increases personalized recommendations and purchase likelihood, allowing a higher price.",0.6,1,0.6,1.0,"[0.7803990202311744, 'adaptive']"
10,1,F4,0.55,"Change price: 0.05, reason: Increase price slightly due to personalized recommendations boosting purchase likelihood despite competition.",2.2,4,2.2,1.0,"[0.08224518025565719, 'adaptive']"
10,1,F5,0.6,"Change price: 0.10, reason: High share rate boosts personalized recommendations, increasing purchase likelihood and allowing a higher price.",0.6,1,0.6,1.0,"[0.9274304881825652, 'adaptive']"
10,1,F6,0.55,"Change price: 0.05, reason: Moderate increase due to personalized recommendations boosting purchase likelihood despite competition.",0.55,1,0.55,1.0,"[0.3453752527158436, 'adaptive']"
10,1,F7,0.55,"Change price: 0.05, reason: Low share rate limits personalized recommendations, so slightly increase price to capture higher valuation consumers.",0.55,1,0.55,1.0,"[0.017046592401938954, 'adaptive']"
10,1,F8,0.55,"Change price: 0.05, reason: High share rate boosts personalized recommendations, increasing purchase likelihood and allowing a slight price increase.",2.2,4,2.2,1.0,"[0.6623551444278519, 'adaptive']"
10,1,F9,0.6,"Change price: 0.10, reason: High share rate increases purchase likelihood, allowing a higher price to maximize profit.",0.0,0,0.0,1.0,"[0.837259768158257, 'adaptive']"
10,2,F0,0.6,"Change price: 0.05, reason: High share rate and strong personalized recommendations justify moderate price increase to maximize profit in competitive market.",0.6,1,0.6,1.0,"[1.0, 'adaptive']"
10,2,F1,0.7,"Change price: 0.10, reason: Maintain moderate increase as high share rate and competition justify higher price to maximize profit.",1.4,2,1.4,1.0,"[1.0, 'adaptive']"
10,2,F2,0.6,"Change price: 0.05, reason: High share rate maintains strong personalized recommendations and reduces search, allowing a moderate price increase despite competition.",2.4,4,2.4,1.0,"[1.0, 'adaptive']"
10,2,F3,0.7,"Change price: 0.10, reason: High share rate and strong personalized recommendations support a higher price with increased purchase likelihood.",0.7,1,0.7,1.0,"[1.0, 'adaptive']"
10,2,F4,0.6,"Change price: 0.05, reason: Increase price slightly as strong data sharing improves personalized recommendations, boosting purchase likelihood despite competition.",2.4,4,2.4,1.0,"[1.0, 'adaptive']"
10,2,F5,0.65,"Change price: 0.05, reason: High share rate and strong personalized recommendations allow a slight price increase to boost profit.",0.65,1,0.65,1.0,"[1.0, 'adaptive']"
10,2,F6,0.6,"Change price: 0.05, reason: Maintain moderate increase as high share rate and competition justify higher price for personalized recommendation advantage.",0.6,1,0.6,1.0,"[1.0, 'adaptive']"
10,2,F7,0.6,"Change price: 0.05, reason: High share rate increases personalized recommendations and purchase likelihood, allowing a higher price.",0.6,1,0.6,1.0,"[1.0, 'adaptive']"
10,2,F8,0.6,"Change price: 0.05, reason: High share rate and strong personalized recommendations support a higher price without losing many buyers.",2.4,4,2.4,1.0,"[1.0, 'adaptive']"
10,2,F9,0.5,"Change price: -0.10, reason: High competition with 10 firms and zero sales at 0.60 suggests lowering price to attract buyers despite high share rate.",0.0,0,0.0,1.0,"[1.0, 'adaptive']"
10,3,F0,0.65,"Change price: 0.05, reason: High share rate and strong personalized recommendations support moderate price increase to maximize profit in competitive market.",0.65,1,0.65,1.0,"[1.0, 'adaptive']"
10,3,F1,0.8,"Change price: 0.10, reason: High share rate and strong competition support a moderate price increase to maximize profit.",1.6,2,1.6,1.0,"[1.0, 'adaptive']"
10,3,F2,0.65,"Change price: 0.05, reason: High share rate and strong personalized recommendations support a moderate price increase despite competition.",2.6,4,2.6,1.0,"[1.0, 'adaptive']"
10,3,F3,0.75,"Change price: 0.05, reason: High share rate and strong personalized recommendations allow a slight price increase to maximize profit.",0.75,1,0.75,1.0,"[1.0, 'adaptive']"
10,3,F4,0.65,"Change price: 0.05, reason: Increase price slightly as full data sharing sustains strong personalized recommendations, supporting higher price despite competition.",2.6,4,2.6,1.0,"[1.0, 'adaptive']"
10,3,F5,0.7,"Change price: 0.05, reason: Maintain high share rate and strong personalized recommendations, allowing a slight price increase to maximize profit.",0.7,1,0.7,1.0,"[1.0, 'adaptive']"
10,3,F6,0.65,"Change price: 0.05, reason: Increase price moderately due to high share rate and strong personalized recommendation effect boosting purchase likelihood despite competition.",0.65,1,0.65,1.0,"[1.0, 'adaptive']"
10,3,F7,0.65,"Change price: 0.05, reason: Maintain high share rate and strong personalized recommendations to capture higher valuation consumers with a slightly increased price.",0.65,1,0.65,1.0,"[1.0, 'adaptive']"
10,3,F8,0.65,"Change price: 0.05, reason: High share rate and strong personalized recommendations allow a slight price increase to boost profit.",2.6,4,2.6,1.0,"[1.0, 'adaptive']"
10,3,F9,0.4,"Change price: -0.10, reason: High competition and zero sales at 0.50 suggest lowering price further to attract buyers despite high share rate.",0.0,0,0.0,1.0,"[1.0, 'adaptive']"
10,4,F0,0.7,"Change price: 0.05, reason: Maintain moderate increase as high share rate and personalized recommendations sustain purchase likelihood in competitive market.",0.7,1,0.7,1.0,"[1.0, 'adaptive']"
10,4,F1,0.9,"Change price: 0.10, reason: High share rate and strong competition justify a moderate price increase to maximize profit.",0.9,1,0.9,1.0,"[1.0, 'adaptive']"
10,4,F2,0.7,"Change price: 0.05, reason: Maintain high share rate and strong personalized recommendations to support moderate price increase despite competition.",2.8,4,2.8,1.0,"[1.0, 'adaptive']"
10,4,F3,0.8,"Change price: 0.05, reason: High share rate and strong personalized recommendations support a slight price increase to maximize profit.",0.8,1,0.8,1.0,"[1.0, 'adaptive']"
10,4,F4,0.7,"Change price: 0.05, reason: Increase price slightly as full data sharing maintains strong personalized recommendations, supporting higher price despite competition.",2.8,4,2.8,1.0,"[1.0, 'adaptive']"
10,4,F5,0.75,"Change price: 0.05, reason: High share rate and strong personalized recommendations justify a slight price increase to maximize profit.",0.75,1,0.75,1.0,"[1.0, 'adaptive']"
10,4,F6,0.7,"Change price: 0.05, reason: Increase price moderately due to sustained high share rate and strong personalized recommendation effect enhancing purchase likelihood despite competition.",0.7,1,0.7,1.0,"[1.0, 'adaptive']"
10,4,F7,0.7,"Change price: 0.05, reason: High share rate and strong personalized recommendations support a slightly higher price to capture more value from consumers.",0.7,1,0.7,1.0,"[1.0, 'adaptive']"
10,4,F8,0.7,"Change price: 0.05, reason: High share rate and strong personalized recommendations support a further slight price increase without significant loss in buyers.",2.8,4,2.8,1.0,"[1.0, 'adaptive']"
10,4,F9,0.4,"Change price: 0.00, reason: Maintain price at 0.40 due to consistent zero sales despite high share rate and competition; further price cuts may reduce profit margin without guaranteeing sales.",0.0,0,0.0,1.0,"[1.0, 'adaptive']"
10,5,F0,0.75,"Change price: 0.05, reason: High share rate and strong personalized recommendations justify a moderate price increase to further maximize profit in competitive market.",0.75,1,0.75,1.0,"[1.0, 'adaptive']"
10,5,F1,0.8,"Change price: -0.10, reason: Decrease price to boost sales volume after drop in sales at 0.9 despite high share rate and competition.",1.6,2,1.6,1.0,"[1.0, 'adaptive']"
10,5,F2,0.75,"Change price: 0.05, reason: High share rate and strong personalized recommendations allow a moderate price increase despite competition.",3.0,4,3.0,1.0,"[1.0, 'adaptive']"
10,5,F3,0.85,"Change price: 0.05, reason: High share rate and strong personalized recommendations support a slight price increase to further maximize profit.",0.85,1,0.85,1.0,"[1.0, 'adaptive']"
10,5,F4,0.75,"Change price: 0.05, reason: Increase price slightly as full data sharing sustains strong personalized recommendations, supporting higher price despite competition.",3.0,4,3.0,1.0,"[1.0, 'adaptive']"
10,5,F5,0.8,"Change price: 0.05, reason: Maintain high share rate and strong personalized recommendations, allowing a slight price increase to maximize profit.",0.8,1,0.8,1.0,"[1.0, 'adaptive']"
10,5,F6,0.75,"Change price: 0.05, reason: Maintain moderate increase due to sustained high share rate and strong personalized recommendation effect boosting purchase likelihood despite competition.",0.75,1,0.75,1.0,"[1.0, 'adaptive']"
10,5,F7,0.75,"Change price: 0.05, reason: High share rate and strong personalized recommendations justify a slight price increase to capture higher valuation consumers.",0.75,1,0.75,1.0,"[1.0, 'adaptive']"
10,5,F8,0.75,"Change price: 0.05, reason: High share rate and strong personalized recommendations support a further slight price increase to maximize profit.",2.25,3,2.25,1.0,"[1.0, 'adaptive']"
10,5,F9,0.3,"Change price: -0.10, reason: Lower price to 0.30 to attract buyers in high competition despite high share rate.",0.0,0,0.0,1.0,"[1.0, 'adaptive']"
10,6,F0,0.8,"Change price: 0.05, reason: High share rate and strong personalized recommendations support a moderate price increase to maximize profit in competitive market.",0.8,1,0.8,1.0,"[1.0, 'adaptive']"
10,6,F1,0.85,"Change price: 0.05, reason: Slight increase to test higher price given stable high share rate and past sales at 0.8.",1.7,2,1.7,1.0,"[1.0, 'adaptive']"
10,6,F2,0.8,"Change price: 0.05, reason: High share rate and strong personalized recommendations support a moderate price increase despite competition.",3.2,4,3.2,1.0,"[1.0, 'adaptive']"
10,6,F3,0.9,"Change price: 0.05, reason: High share rate and strong personalized recommendations justify a slight price increase to maximize profit.",0.0,0,0.0,1.0,"[1.0, 'adaptive']"
10,6,F4,0.8,"Change price: 0.05, reason: Increase price slightly as full data sharing and strong personalized recommendations support higher pricing despite competition.",3.2,4,3.2,1.0,"[1.0, 'adaptive']"
10,6,F5,0.85,"Change price: 0.05, reason: High share rate and strong personalized recommendations support a slight price increase to maximize profit.",0.85,1,0.85,1.0,"[1.0, 'adaptive']"
10,6,F6,0.8,"Change price: 0.05, reason: Increase price moderately due to sustained high share rate and strong personalized recommendation effect enhancing purchase likelihood despite competition.",0.8,1,0.8,1.0,"[1.0, 'adaptive']"
10,6,F7,0.8,"Change price: 0.05, reason: High share rate and strong personalized recommendations allow capturing higher valuation consumers with a slight price increase.",0.8,1,0.8,1.0,"[1.0, 'adaptive']"
10,6,F8,0.7,"Change price: -0.05, reason: Price increase reduced sales; lowering price to regain buyers and maximize profit.",2.8,4,2.8,1.0,"[1.0, 'adaptive']"
10,6,F9,0.35,"Change price: 0.05, reason: Slightly increase price due to high share rate and competition, leveraging personalized recommendations to boost purchase likelihood.",0.0,0,0.0,1.0,"[1.0, 'adaptive']"
10,7,F0,0.85,"Change price: 0.05, reason: Maintain moderate increase as high share rate and strong personalized recommendations continue to support higher purchase likelihood in competitive market.",0.85,1,0.85,1.0,"[1.0, 'adaptive']"
10,7,F1,0.9,"Change price: 0.05, reason: Slight increase to capitalize on stable high share rate and consistent sales at 0.85.",0.9,1,0.9,1.0,"[1.0, 'adaptive']"
10,7,F2,0.85,"Change price: 0.05, reason: Maintain high share rate and strong personalized recommendations to support moderate price increase despite competition.",3.4,4,3.4,1.0,"[1.0, 'adaptive']"
10,7,F3,0.85,"Change price: -0.05, reason: Price at 0.90 led to zero sales; a slight decrease should improve purchase likelihood.",0.85,1,0.85,1.0,"[1.0, 'adaptive']"
10,7,F4,0.85,"Change price: 0.05, reason: Increase price slightly as full data sharing and strong personalized recommendations sustain higher willingness to pay despite competition.",2.55,3,2.55,1.0,"[1.0, 'adaptive']"
10,7,F5,0.9,"Change price: 0.05, reason: High share rate and strong personalized recommendations justify a slight price increase to maximize profit.",0.0,0,0.0,1.0,"[1.0, 'adaptive']"
10,7,F6,0.85,"Change price: 0.05, reason: Maintain moderate increase due to sustained high share rate and strong personalized recommendation effect boosting purchase likelihood despite competition.",0.85,1,0.85,1.0,"[1.0, 'adaptive']"
10,7,F7,0.85,"Change price: 0.05, reason: Maintain high share rate and personalized recommendations to capture higher valuation consumers with a slight price increase.",0.85,1,0.85,1.0,"[1.0, 'adaptive']"
10,7,F8,0.7,"Change price: 0, reason: Maintain price as high share rate and personalized recommendations sustain current sales and profit.",2.8,4,2.8,1.0,"[1.0, 'adaptive']"
10,7,F9,0.25,"Change price: -0.10, reason: Lower price to 0.25 to increase attractiveness amid high competition despite high share rate.",0.0,0,0.0,1.0,"[1.0, 'adaptive']"
10,8,F0,0.9,"Change price: 0.05, reason: High share rate and strong personalized recommendations support further moderate price increase to maximize profit in competitive market.",0.9,1,0.9,1.0,"[1.0, 'adaptive']"
10,8,F1,0.85,"Change price: -0.05, reason: Decrease price slightly to boost sales volume after low sales at 0.9 despite high share rate and competition.",1.7,2,1.7,1.0,"[1.0, 'adaptive']"
10,8,F2,0.9,"Change price: 0.05, reason: High share rate and strong personalized recommendations support a moderate price increase despite competition.",1.8,2,1.8,1.0,"[1.0, 'adaptive']"
10,8,F3,0.9,"Change price: 0.05, reason: High share rate and personalized recommendations support a slight price increase to maximize profit.",0.0,0,0.0,1.0,"[1.0, 'adaptive']"
10,8,F4,0.8,"Change price: -0.05, reason: Decrease price slightly to regain sales volume after drop in sales despite strong personalized recommendations.",3.2,4,3.2,1.0,"[1.0, 'adaptive']"
10,8,F5,0.8,"Change price: -0.10, reason: Price at 0.90 led to zero sales; reducing price to boost purchase likelihood while maintaining personalized recommendation benefits.",0.8,1,0.8,1.0,"[1.0, 'adaptive']"
10,8,F6,0.9,"Change price: 0.05, reason: Continue moderate increase due to sustained high share rate and strong personalized recommendation effect enhancing purchase likelihood despite competition.",0.9,1,0.9,1.0,"[1.0, 'adaptive']"
10,8,F7,0.85,"Change price: 0, reason: Maintain current price due to stable high share rate and consistent sales at 0.85.",0.85,1,0.85,1.0,"[1.0, 'adaptive']"
10,8,F8,0.7,"Change price: 0, reason: Maintain price as high share rate and personalized recommendations sustain current sales and profit.",2.8,4,2.8,1.0,"[1.0, 'adaptive']"
10,8,F9,0.3,"Change price: 0.05, reason: Slightly increase price to leverage high share rate and personalized recommendations amid intense competition.",0.0,0,0.0,1.0,"[1.0, 'adaptive']"
10,9,F0,0.95,"Change price: 0.05, reason: Maintain moderate increase as high share rate and strong personalized recommendations support further profit maximization in competitive market.",0.0,0,0.0,1.0,"[1.0, 'adaptive']"
10,9,F1,0.85,"Change price: 0.00, reason: Maintain price at 0.85 to balance sales volume and profit amid stable high share rate and competition.",1.7,2,1.7,1.0,"[1.0, 'adaptive']"
10,9,F2,0.8,"Change price: -0.10, reason: Sales dropped at 0.90, reducing price to boost demand and maximize profit.",3.2,4,3.2,1.0,"[1.0, 'adaptive']"
10,9,F3,0.85,"Change price: -0.05, reason: Price at 0.90 led to zero sales; a slight decrease should improve purchase likelihood.",0.85,1,0.85,1.0,"[1.0, 'adaptive']"
10,9,F4,0.85,"Change price: 0.05, reason: Increase price slightly to capitalize on strong personalized recommendations and maintain profit despite competition.",2.55,3,2.55,1.0,"[1.0, 'adaptive']"
10,9,F5,0.85,"Change price: 0.05, reason: High share rate and strong personalized recommendations support a slight price increase to maximize profit.",0.85,1,0.85,1.0,"[1.0, 'adaptive']"
10,9,F6,0.95,"Change price: 0.05, reason: Continue moderate increase due to sustained high share rate and strong personalized recommendation effect enhancing purchase likelihood despite competition.",0.95,1,0.95,1.0,"[1.0, 'adaptive']"
10,9,F7,0.9,"Change price: 0.05, reason: Maintain high share rate and personalized recommendations to capture higher valuation consumers with a slight price increase.",0.0,0,0.0,1.0,"[1.0, 'adaptive']"
10,9,F8,0.7,"Change price: 0, reason: Maintain price as high share rate and personalized recommendations sustain current sales and profit.",2.8,4,2.8,1.0,"[1.0, 'adaptive']"
10,9,F9,0.25,"Change price: -0.05, reason: Lower price slightly to increase attractiveness and boost sales amid intense competition despite high share rate.",0.0,0,0.0,1.0,"[1.0, 'adaptive']"
10,10,F0,0.85,"Change price: -0.10, reason: Price at 0.95 led to zero sales; reduce price to improve purchase likelihood while maintaining profit in competitive market.",0.85,1,0.85,1.0,"[1.0, 'adaptive']"
10,10,F1,0.85,"Change price: 0.00, reason: Maintain price to balance stable sales and profit amid consistent high share rate and competition.",0.85,1,0.85,1.0,"[1.0, 'adaptive']"
10,10,F2,0.85,"Change price: 0.05, reason: Moderate increase supported by high share rate and strong personalized recommendations to maximize profit despite competition.",3.4,4,3.4,1.0,"[1.0, 'adaptive']"
10,10,F3,0.85,"Change price: 0.00, reason: Price at 0.85 balances sales and profit optimally under high share rate and strong personalized recommendations.",0.85,1,0.85,1.0,"[1.0, 'adaptive']"
10,10,F4,0.8,"Change price: -0.05, reason: Decrease price slightly to regain sales volume after drop in sales despite strong personalized recommendations.",3.2,4,3.2,1.0,"[1.0, 'adaptive']"
10,10,F5,0.8,"Change price: -0.05, reason: Slight price reduction to avoid zero sales risk seen at higher prices and maintain steady profit.",0.8,1,0.8,1.0,"[1.0, 'adaptive']"
10,10,F6,1.0,"Change price: 0.05, reason: Continue moderate increase due to sustained high share rate and strong personalized recommendation effect enhancing purchase likelihood despite competition.",0.0,0,0.0,1.0,"[1.0, 'adaptive']"
10,10,F7,0.85,"Change price: -0.05, reason: Previous price led to zero sales; lowering price to improve purchase likelihood while maintaining high share rate.",0.85,1,0.85,1.0,"[1.0, 'adaptive']"
10,10,F8,0.7,"Change price: 0, reason: Maintain price as high share rate and personalized recommendations sustain current sales and profit.",2.8,4,2.8,1.0,"[1.0, 'adaptive']"
10,10,F9,0.3,"Change price: 0.05, reason: Slightly increase price to leverage high share rate and personalized recommendations amid intense competition.",0.0,0,0.0,1.0,"[1.0, 'adaptive']"
