row,vector,matrix
1,"[2, 3, 1, 3, 2, 1, 2, 3]","[[0, 0, 1, 0, 0, 1, 1, 0], [0, 0, 0, 0, 0, 0, 0, 0], [1, 0, 0, 1, 1, 0, 0, 0], [0, 0, 1, 0, 1, 0, 0, 1], [0, 0, 1, 1, 0, 1, 0, 0], [1, 0, 0, 0, 1, 0, 1, 1], [1, 0, 0, 0, 0, 0, 0, 1], [0, 0, 0, 1, 0, 1, 1, 0]]"
2,"[3, 3, 3, 3, 1, 2, 2, 1]","[[0, 0, 0, 0, 1, 1, 1, 1], [0, 0, 0, 0, 0, 1, 1, 0], [0, 0, 0, 0, 1, 0, 0, 0], [0, 0, 0, 0, 1, 1, 0, 0], [1, 0, 1, 1, 0, 1, 1, 1], [1, 1, 0, 1, 1, 0, 1, 1], [1, 1, 0, 0, 1, 1, 0, 1], [1, 0, 0, 0, 1, 1, 1, 0]]"
3,"[2, 3, 3, 2, 1, 2, 3, 1]","[[0, 0, 0, 0, 1, 1, 0, 0], [0, 0, 0, 0, 0, 1, 0, 0], [0, 0, 0, 0, 1, 0, 0, 0], [0, 0, 0, 0, 1, 0, 0, 0], [1, 0, 1, 1, 0, 1, 0, 1], [1, 1, 0, 0, 1, 0, 0, 1], [0, 0, 0, 0, 0, 0, 0, 0], [0, 0, 0, 0, 1, 1, 0, 0]]"
4,"[2, 3, 3, 2, 1, 2, 2, 1]","[[0, 0, 0, 0, 1, 1, 0, 0], [0, 0, 0, 0, 0, 1, 0, 0], [0, 0, 0, 0, 1, 0, 0, 0], [0, 0, 0, 0, 1, 0, 0, 0], [1, 0, 1, 1, 0, 1, 0, 1], [1, 1, 0, 0, 1, 0, 1, 1], [0, 0, 0, 0, 0, 0, 0, 1], [0, 0, 0, 0, 1, 1, 1, 0]]"
5,"[2, 3, 3, 2, 1, 2, 3, 1]","[[0, 0, 0, 0, 1, 1, 0, 1], [0, 0, 0, 0, 0, 1, 0, 0], [0, 0, 0, 0, 1, 0, 0, 0], [0, 0, 0, 0, 1, 0, 0, 0], [1, 0, 1, 1, 0, 1, 0, 1], [1, 1, 0, 0, 1, 0, 0, 1], [0, 0, 0, 0, 0, 0, 0, 0], [1, 0, 0, 0, 1, 1, 0, 0]]"
6,"[2, 3, 3, 3, 1, 2, 2, 3]","[[0, 0, 0, 0, 1, 1, 0, 0], [0, 0, 0, 0, 0, 1, 0, 0], [0, 0, 0, 0, 1, 0, 0, 0], [0, 0, 0, 0, 1, 0, 0, 0], [1, 0, 1, 1, 0, 1, 0, 1], [1, 1, 0, 0, 1, 0, 1, 0], [0, 0, 0, 0, 0, 0, 0, 1], [0, 0, 0, 0, 1, 0, 1, 0]]"
7,"[2, 3, 3, 3, 1, 2, 2, 1]","[[0, 0, 0, 0, 1, 1, 0, 0], [0, 0, 0, 0, 0, 1, 0, 0], [0, 0, 0, 0, 1, 0, 0, 0], [0, 0, 0, 0, 1, 0, 0, 0], [1, 0, 1, 1, 0, 1, 0, 1], [1, 1, 0, 0, 1, 0, 1, 1], [0, 0, 0, 0, 0, 1, 0, 1], [0, 0, 0, 0, 1, 1, 1, 0]]"
8,"[2, 3, 3, 3, 1, 2, 2, 1]","[[0, 0, 0, 0, 1, 1, 0, 1], [0, 0, 0, 0, 0, 1, 0, 0], [0, 0, 0, 0, 1, 0, 0, 0], [0, 0, 0, 0, 1, 0, 0, 0], [1, 0, 1, 1, 0, 1, 0, 1], [1, 1, 0, 0, 1, 0, 1, 1], [0, 0, 0, 0, 0, 1, 0, 1], [1, 0, 0, 0, 1, 1, 1, 0]]"
9,"[2, 3, 3, 3, 1, 2, 2, 1]","[[0, 0, 0, 0, 1, 1, 0, 0], [0, 0, 0, 0, 0, 1, 0, 0], [0, 0, 0, 0, 1, 0, 0, 0], [0, 0, 0, 0, 1, 0, 0, 0], [1, 0, 1, 1, 0, 1, 0, 0], [1, 1, 0, 0, 0, 0, 0, 1], [0, 0, 0, 0, 0, 0, 0, 1], [0, 0, 0, 0, 0, 1, 1, 0]]"
10,"[2, 3, 1, 3, 1, 2, 2, 2]","[[0, 0, 0, 0, 1, 1, 1, 1], [0, 0, 0, 0, 0, 1, 1, 0], [0, 0, 0, 0, 1, 0, 0, 0], [0, 0, 0, 0, 1, 1, 0, 0], [1, 0, 1, 1, 0, 1, 0, 1], [1, 1, 0, 1, 1, 0, 1, 0], [1, 1, 0, 0, 0, 1, 0, 1], [1, 0, 0, 0, 1, 0, 1, 0]]"
11,"[1, 3, 3, 2, 2, 1, 2, 3]","[[0, 1, 0, 0, 0, 1, 1, 0], [1, 0, 0, 0, 0, 1, 1, 0], [0, 0, 0, 0, 1, 0, 0, 0], [0, 0, 0, 0, 1, 0, 0, 1], [0, 0, 1, 1, 0, 1, 0, 0], [1, 1, 0, 0, 1, 0, 1, 1], [1, 1, 0, 0, 1, 0, 0, 1], [0, 0, 0, 1, 0, 1, 1, 0]]"
12,"[1, 3, 3, 2, 2, 1, 2, 3]","[[0, 1, 0, 0, 0, 1, 1, 1], [1, 0, 0, 1, 0, 1, 1, 0], [0, 0, 0, 1, 1, 0, 0, 0], [0, 1, 0, 0, 1, 1, 0, 1], [0, 0, 1, 1, 0, 1, 0, 0], [1, 1, 0, 1, 1, 0, 1, 1], [1, 1, 0, 0, 1, 0, 0, 1], [1, 0, 0, 1, 0, 1, 1, 0]]"
13,"[1, 3, 2, 3, 2, 1, 2, 3]","[[0, 1, 0, 0, 0, 1, 1, 1], [1, 0, 0, 0, 0, 1, 1, 0], [0, 0, 0, 0, 1, 0, 0, 0], [0, 0, 0, 0, 1, 0, 0, 0], [0, 0, 1, 1, 0, 1, 0, 0], [1, 1, 0, 0, 1, 0, 1, 1], [1, 1, 0, 0, 0, 0, 0, 1], [1, 0, 0, 0, 0, 1, 1, 0]]"
14,"[1, 3, 3, 2, 2, 1, 2, 3]","[[0, 1, 0, 0, 0, 1, 1, 1], [1, 0, 0, 0, 0, 1, 1, 0], [0, 0, 0, 0, 1, 0, 0, 0], [0, 0, 0, 0, 1, 0, 0, 0], [0, 0, 1, 1, 0, 1, 0, 0], [1, 1, 0, 0, 1, 0, 1, 1], [1, 1, 0, 0, 0, 0, 0, 1], [1, 0, 0, 0, 0, 1, 1, 0]]"
15,"[1, 3, 2, 3, 2, 1, 2, 3]","[[0, 1, 0, 0, 0, 1, 1, 1], [1, 0, 0, 0, 0, 1, 1, 0], [0, 0, 0, 1, 1, 0, 0, 0], [0, 0, 0, 0, 1, 0, 0, 0], [0, 0, 1, 1, 0, 1, 0, 0], [1, 1, 0, 0, 1, 0, 1, 1], [1, 1, 0, 0, 0, 1, 0, 1], [1, 0, 0, 0, 0, 1, 1, 0]]"
16,"[2, 3, 1, 2, 3, 1, 2, 3]","[[0, 1, 0, 1, 0, 1, 0, 1], [1, 0, 1, 0, 0, 1, 1, 0], [0, 1, 0, 1, 1, 0, 0, 0], [1, 0, 1, 0, 1, 1, 0, 0], [0, 0, 1, 1, 0, 0, 0, 0], [1, 1, 0, 1, 0, 0, 1, 1], [0, 1, 0, 0, 0, 1, 0, 1], [1, 0, 0, 0, 0, 1, 1, 0]]"
17,"[2, 3, 1, 3, 2, 1, 2, 1]","[[0, 1, 0, 0, 0, 1, 1, 1], [1, 0, 0, 0, 0, 1, 1, 0], [0, 0, 0, 0, 1, 0, 0, 0], [0, 0, 0, 0, 1, 0, 0, 1], [0, 0, 1, 1, 0, 1, 0, 1], [1, 1, 0, 0, 1, 0, 1, 1], [1, 1, 0, 0, 0, 0, 0, 1], [1, 0, 0, 1, 1, 1, 1, 0]]"
18,"[2, 3, 2, 3, 1, 1, 2, 3]","[[0, 1, 0, 0, 0, 1, 1, 1], [1, 0, 1, 1, 0, 1, 0, 0], [0, 1, 0, 1, 1, 0, 0, 0], [0, 1, 1, 0, 1, 0, 0, 0], [0, 0, 1, 1, 0, 1, 0, 0], [1, 1, 0, 0, 0, 0, 1, 1], [1, 0, 0, 0, 0, 0, 0, 1], [1, 0, 0, 0, 0, 1, 1, 0]]"
19,"[1, 2, 3, 2, 3, 1, 2, 3]","[[0, 1, 0, 0, 0, 1, 1, 1], [1, 0, 0, 0, 0, 1, 1, 0], [0, 0, 0, 1, 1, 0, 0, 0], [0, 0, 0, 0, 1, 1, 0, 0], [0, 0, 1, 1, 0, 0, 0, 0], [1, 1, 0, 1, 0, 0, 1, 1], [1, 1, 0, 0, 0, 0, 0, 1], [1, 0, 0, 0, 0, 1, 1, 0]]"
20,"[2, 3, 1, 3, 2, 1, 2, 3]","[[0, 1, 0, 0, 0, 1, 1, 1], [1, 0, 1, 1, 0, 1, 0, 0], [0, 1, 0, 1, 1, 0, 0, 0], [0, 1, 1, 0, 1, 0, 0, 0], [0, 0, 1, 1, 0, 1, 0, 1], [1, 1, 0, 0, 0, 0, 1, 1], [1, 0, 0, 0, 0, 0, 0, 1], [1, 0, 0, 0, 1, 1, 1, 0]]"
21,"[2, 3, 1, 3, 2, 1, 2, 1]","[[0, 1, 0, 0, 0, 1, 1, 1], [1, 0, 0, 0, 0, 1, 1, 0], [0, 0, 0, 0, 1, 1, 0, 0], [0, 0, 0, 0, 1, 0, 0, 1], [0, 0, 1, 1, 0, 1, 0, 0], [1, 1, 1, 0, 1, 0, 1, 1], [1, 1, 0, 0, 0, 0, 0, 1], [1, 0, 0, 1, 0, 1, 1, 0]]"
22,"[2, 3, 1, 3, 2, 1, 2, 3]","[[0, 1, 0, 0, 0, 1, 1, 1], [1, 0, 1, 1, 0, 1, 1, 0], [0, 1, 0, 1, 1, 1, 0, 0], [0, 1, 1, 0, 1, 0, 0, 1], [0, 0, 1, 1, 0, 1, 0, 1], [1, 1, 1, 0, 1, 0, 1, 1], [1, 1, 0, 0, 0, 1, 0, 1], [1, 0, 0, 1, 1, 1, 1, 0]]"
23,"[2, 1, 3, 3, 2, 1, 2, 3]","[[0, 1, 0, 0, 0, 1, 1, 1], [1, 0, 0, 0, 0, 1, 1, 0], [0, 0, 0, 1, 1, 0, 0, 0], [0, 0, 0, 0, 1, 0, 0, 1], [0, 0, 1, 1, 0, 1, 0, 0], [1, 1, 0, 0, 1, 0, 1, 1], [1, 1, 0, 0, 1, 0, 0, 1], [1, 0, 0, 1, 0, 1, 1, 0]]"
24,"[2, 3, 2, 3, 1, 1, 2, 3]","[[0, 1, 0, 0, 0, 1, 1, 1], [1, 0, 1, 1, 0, 1, 0, 0], [0, 1, 0, 1, 1, 0, 0, 0], [0, 1, 1, 0, 1, 1, 0, 0], [0, 0, 1, 1, 0, 1, 0, 0], [1, 1, 0, 1, 0, 0, 1, 1], [1, 0, 0, 0, 0, 0, 0, 1], [1, 0, 0, 0, 0, 1, 1, 0]]"
25,"[2, 1, 3, 3, 2, 1, 2, 3]","[[0, 1, 0, 0, 0, 1, 0, 1], [1, 0, 0, 1, 0, 1, 1, 0], [0, 0, 0, 1, 1, 0, 0, 0], [0, 1, 0, 0, 1, 0, 0, 1], [0, 0, 1, 1, 0, 0, 0, 0], [1, 1, 0, 0, 0, 0, 1, 1], [0, 1, 0, 0, 0, 0, 0, 1], [1, 0, 0, 1, 0, 1, 1, 0]]"
26,"[2, 3, 1, 3, 2, 1, 2, 3]","[[0, 1, 0, 0, 0, 1, 1, 1], [1, 0, 1, 1, 0, 1, 0, 0], [0, 1, 0, 1, 1, 1, 0, 0], [0, 1, 1, 0, 1, 0, 0, 0], [0, 0, 1, 1, 0, 1, 0, 1], [1, 1, 1, 0, 1, 0, 1, 1], [1, 0, 0, 0, 0, 1, 0, 1], [1, 0, 0, 0, 1, 1, 1, 0]]"
27,"[2, 3, 3, 2, 1, 1, 2, 3]","[[0, 1, 0, 0, 0, 1, 1, 1], [1, 0, 0, 1, 0, 1, 1, 0], [0, 0, 0, 1, 1, 0, 0, 0], [0, 1, 0, 0, 1, 0, 0, 0], [0, 0, 1, 1, 0, 0, 0, 0], [1, 1, 0, 0, 0, 0, 1, 1], [1, 1, 0, 0, 0, 0, 0, 1], [1, 0, 0, 0, 0, 1, 1, 0]]"
28,"[2, 3, 1, 3, 2, 1, 2, 3]","[[0, 1, 0, 0, 0, 1, 1, 1], [1, 0, 1, 1, 0, 1, 0, 0], [0, 1, 0, 1, 1, 0, 0, 0], [0, 1, 1, 0, 1, 0, 0, 0], [0, 0, 1, 1, 0, 1, 0, 0], [1, 1, 0, 0, 1, 0, 1, 1], [1, 0, 0, 0, 0, 0, 0, 1], [1, 0, 0, 0, 0, 1, 1, 0]]"
29,"[2, 3, 3, 2, 1, 1, 2, 3]","[[0, 1, 0, 0, 0, 1, 1, 1], [1, 0, 0, 1, 0, 1, 1, 0], [0, 0, 0, 1, 1, 0, 0, 0], [0, 1, 0, 0, 1, 0, 0, 1], [0, 0, 1, 1, 0, 1, 0, 1], [1, 1, 0, 0, 1, 0, 1, 1], [1, 1, 0, 0, 1, 0, 0, 1], [1, 0, 0, 1, 1, 1, 1, 0]]"
30,"[2, 3, 1, 3, 2, 1, 2, 3]","[[0, 1, 0, 0, 0, 1, 1, 1], [1, 0, 1, 0, 0, 1, 0, 0], [0, 1, 0, 1, 1, 0, 0, 0], [0, 0, 1, 0, 1, 0, 0, 0], [0, 0, 1, 1, 0, 1, 0, 1], [1, 1, 0, 0, 0, 0, 1, 1], [1, 0, 0, 0, 0, 0, 0, 1], [1, 0, 0, 0, 1, 1, 1, 0]]"
31,"[1, 3, 3, 2, 2, 1, 2, 3]","[[0, 1, 0, 0, 0, 1, 1, 0], [1, 0, 0, 0, 0, 1, 1, 0], [0, 0, 0, 0, 1, 0, 0, 0], [0, 0, 0, 0, 1, 0, 0, 0], [0, 0, 1, 1, 0, 1, 0, 0], [1, 1, 0, 0, 1, 0, 1, 1], [1, 1, 0, 0, 0, 0, 0, 1], [0, 0, 0, 0, 0, 1, 1, 0]]"
32,"[1, 3, 3, 3, 2, 1, 2, 3]","[[0, 1, 0, 0, 0, 1, 1, 1], [1, 0, 0, 0, 0, 1, 1, 0], [0, 0, 0, 0, 1, 0, 0, 0], [0, 0, 0, 0, 1, 0, 0, 0], [0, 0, 1, 1, 0, 1, 0, 0], [1, 1, 0, 0, 1, 0, 1, 1], [1, 1, 0, 0, 0, 0, 0, 1], [1, 0, 0, 0, 0, 1, 1, 0]]"
33,"[2, 1, 2, 3, 3, 1, 2, 3]","[[0, 1, 0, 0, 0, 1, 1, 0], [1, 0, 1, 0, 0, 1, 1, 0], [0, 1, 0, 1, 1, 0, 0, 0], [0, 0, 1, 0, 1, 0, 0, 1], [0, 0, 1, 1, 0, 1, 0, 1], [1, 1, 0, 0, 1, 0, 1, 1], [1, 1, 0, 0, 1, 0, 0, 1], [0, 0, 0, 1, 1, 1, 1, 0]]"
34,"[2, 3, 1, 3, 2, 1, 2, 3]","[[0, 1, 0, 0, 0, 1, 1, 0], [1, 0, 1, 0, 0, 0, 0, 0], [0, 1, 0, 1, 1, 0, 0, 0], [0, 0, 1, 0, 1, 0, 0, 1], [0, 0, 1, 1, 0, 1, 0, 0], [1, 0, 0, 0, 1, 0, 1, 1], [1, 0, 0, 0, 0, 0, 0, 1], [0, 0, 0, 1, 0, 1, 1, 0]]"
35,"[1, 3, 3, 2, 2, 1, 1, 2]","[[0, 1, 0, 0, 0, 1, 1, 1], [1, 0, 0, 0, 0, 1, 1, 0], [0, 0, 0, 1, 1, 0, 0, 0], [0, 0, 0, 0, 1, 1, 0, 0], [0, 0, 1, 1, 0, 1, 0, 0], [1, 1, 0, 1, 1, 0, 1, 0], [1, 1, 0, 0, 0, 1, 0, 1], [1, 0, 0, 0, 0, 0, 1, 0]]"
36,"[2, 1, 2, 3, 3, 1, 2, 3]","[[0, 1, 0, 0, 0, 1, 1, 1], [1, 0, 1, 0, 0, 1, 1, 0], [0, 1, 0, 1, 1, 0, 0, 0], [0, 0, 1, 0, 1, 0, 0, 0], [0, 0, 1, 1, 0, 1, 0, 1], [1, 1, 0, 0, 1, 0, 1, 1], [1, 1, 0, 0, 0, 0, 0, 1], [1, 0, 0, 0, 1, 1, 1, 0]]"
37,"[2, 3, 1, 3, 2, 1, 2, 3]","[[0, 1, 0, 0, 0, 1, 1, 0], [1, 0, 1, 0, 0, 0, 1, 0], [0, 1, 0, 1, 1, 0, 0, 0], [0, 0, 1, 0, 1, 0, 0, 0], [0, 0, 1, 1, 0, 1, 0, 0], [1, 0, 0, 0, 1, 0, 1, 1], [1, 1, 0, 0, 0, 0, 0, 1], [0, 0, 0, 0, 0, 1, 1, 0]]"
38,"[2, 3, 1, 3, 2, 1, 2, 3]","[[0, 1, 0, 0, 0, 1, 1, 1], [1, 0, 1, 1, 0, 1, 1, 0], [0, 1, 0, 1, 1, 0, 0, 0], [0, 1, 1, 0, 1, 0, 0, 1], [0, 0, 1, 1, 0, 1, 0, 0], [1, 1, 0, 0, 1, 0, 1, 1], [1, 1, 0, 0, 0, 0, 0, 1], [1, 0, 0, 1, 0, 1, 1, 0]]"
39,"[2, 3, 1, 3, 2, 1, 2, 1]","[[0, 1, 0, 0, 0, 1, 1, 1], [1, 0, 1, 1, 0, 1, 1, 0], [0, 1, 0, 1, 1, 0, 0, 0], [0, 1, 1, 0, 1, 0, 0, 1], [0, 0, 1, 1, 0, 1, 0, 1], [1, 1, 0, 0, 1, 0, 1, 1], [1, 1, 0, 0, 0, 1, 0, 1], [1, 0, 0, 1, 1, 1, 1, 0]]"
40,"[1, 3, 2, 3, 2, 1, 2, 3]","[[0, 1, 0, 0, 0, 1, 1, 1], [1, 0, 1, 0, 0, 1, 1, 0], [0, 1, 0, 1, 1, 0, 0, 0], [0, 0, 1, 0, 1, 0, 0, 1], [0, 0, 1, 1, 0, 1, 0, 0], [1, 1, 0, 0, 1, 0, 1, 1], [1, 1, 0, 0, 1, 0, 0, 1], [1, 0, 0, 1, 0, 1, 1, 0]]"
41,"[1, 3, 3, 2, 2, 1, 1, 2]","[[0, 1, 0, 0, 0, 1, 1, 1], [1, 0, 0, 0, 0, 1, 1, 0], [0, 0, 0, 1, 1, 0, 0, 0], [0, 0, 0, 0, 1, 1, 0, 1], [0, 0, 1, 1, 0, 1, 0, 0], [1, 1, 0, 1, 1, 0, 1, 1], [1, 1, 0, 0, 1, 1, 0, 1], [1, 0, 0, 1, 0, 1, 1, 0]]"
42,"[2, 1, 3, 3, 2, 1, 2, 3]","[[0, 1, 0, 0, 0, 1, 1, 0], [1, 0, 1, 1, 0, 1, 1, 0], [0, 1, 0, 1, 1, 0, 0, 0], [0, 1, 1, 0, 1, 0, 0, 1], [0, 0, 1, 1, 0, 0, 0, 0], [1, 1, 0, 0, 0, 0, 1, 1], [1, 1, 0, 0, 0, 0, 0, 1], [0, 0, 0, 1, 0, 1, 1, 0]]"
43,"[2, 3, 1, 2, 3, 1, 2, 3]","[[0, 1, 0, 0, 0, 1, 0, 1], [1, 0, 0, 0, 0, 0, 1, 0], [0, 0, 0, 1, 1, 0, 0, 0], [0, 0, 0, 0, 1, 0, 0, 0], [0, 0, 1, 1, 0, 0, 0, 0], [1, 0, 0, 0, 0, 0, 1, 1], [0, 1, 0, 0, 0, 0, 0, 1], [1, 0, 0, 0, 0, 1, 1, 0]]"
44,"[2, 3, 1, 3, 2, 1, 2, 3]","[[0, 1, 0, 0, 0, 1, 1, 0], [1, 0, 1, 0, 0, 0, 1, 0], [0, 1, 0, 1, 1, 0, 0, 0], [0, 0, 1, 0, 1, 0, 0, 1], [0, 0, 1, 1, 0, 1, 0, 0], [1, 0, 0, 0, 1, 0, 1, 1], [1, 1, 0, 0, 0, 0, 0, 1], [0, 0, 0, 1, 0, 1, 1, 0]]"
45,"[2, 3, 1, 3, 2, 1, 2, 3]","[[0, 1, 0, 0, 0, 1, 1, 1], [1, 0, 1, 1, 0, 1, 1, 0], [0, 1, 0, 1, 1, 1, 0, 0], [0, 1, 1, 0, 1, 0, 0, 1], [0, 0, 1, 1, 0, 1, 0, 1], [1, 1, 1, 0, 1, 0, 1, 1], [1, 1, 0, 0, 0, 1, 0, 1], [1, 0, 0, 1, 1, 1, 1, 0]]"
46,"[1, 3, 2, 3, 2, 1, 2, 3]","[[0, 1, 0, 0, 0, 1, 1, 1], [1, 0, 1, 1, 0, 1, 1, 0], [0, 1, 0, 1, 1, 0, 0, 0], [0, 1, 1, 0, 1, 0, 0, 1], [0, 0, 1, 1, 0, 1, 0, 0], [1, 1, 0, 0, 1, 0, 1, 1], [1, 1, 0, 0, 1, 0, 0, 1], [1, 0, 0, 1, 0, 1, 1, 0]]"
47,"[1, 3, 3, 2, 2, 1, 2, 3]","[[0, 1, 0, 0, 0, 1, 1, 1], [1, 0, 0, 1, 0, 1, 1, 0], [0, 0, 0, 1, 1, 0, 0, 0], [0, 1, 0, 0, 1, 1, 0, 1], [0, 0, 1, 1, 0, 0, 0, 0], [1, 1, 0, 1, 0, 0, 1, 1], [1, 1, 0, 0, 0, 0, 0, 1], [1, 0, 0, 1, 0, 1, 1, 0]]"
48,"[2, 1, 2, 3, 3, 1, 2, 3]","[[0, 1, 0, 0, 0, 1, 1, 1], [1, 0, 1, 1, 0, 1, 1, 0], [0, 1, 0, 1, 1, 0, 0, 0], [0, 1, 1, 0, 1, 0, 0, 0], [0, 0, 1, 1, 0, 1, 0, 0], [1, 1, 0, 0, 1, 0, 1, 1], [1, 1, 0, 0, 0, 0, 0, 1], [1, 0, 0, 0, 0, 1, 1, 0]]"
49,"[1, 1, 3, 3, 2, 1, 2, 2]","[[0, 1, 0, 0, 0, 1, 1, 0], [1, 0, 0, 1, 0, 1, 1, 0], [0, 0, 0, 0, 1, 0, 0, 0], [0, 1, 0, 0, 1, 1, 0, 0], [0, 0, 1, 1, 0, 0, 0, 0], [1, 1, 0, 1, 0, 0, 1, 1], [1, 1, 0, 0, 1, 0, 0, 1], [0, 0, 0, 0, 0, 1, 1, 0]]"
50,"[2, 3, 1, 3, 2, 1, 2, 3]","[[0, 1, 0, 0, 0, 1, 1, 0], [1, 0, 1, 0, 0, 1, 0, 0], [0, 1, 0, 1, 1, 0, 0, 0], [0, 0, 1, 0, 1, 0, 0, 1], [0, 0, 1, 1, 0, 1, 0, 0], [1, 1, 0, 0, 1, 0, 1, 1], [1, 0, 0, 0, 0, 0, 0, 1], [0, 0, 0, 1, 0, 1, 1, 0]]"
51,"[2, 3, 1, 3, 2, 1, 2, 1]","[[0, 1, 0, 0, 0, 1, 1, 1], [1, 0, 1, 0, 0, 1, 1, 0], [0, 1, 0, 1, 1, 0, 0, 0], [0, 0, 1, 0, 1, 0, 0, 1], [0, 0, 1, 1, 0, 1, 0, 1], [1, 1, 0, 0, 1, 0, 1, 1], [1, 1, 0, 0, 0, 0, 0, 1], [1, 0, 0, 1, 1, 1, 1, 0]]"
52,"[2, 1, 3, 3, 2, 1, 2, 3]","[[0, 1, 0, 0, 0, 1, 1, 1], [1, 0, 0, 1, 0, 1, 1, 0], [0, 0, 0, 1, 1, 0, 0, 0], [0, 1, 0, 0, 1, 0, 0, 1], [0, 0, 1, 1, 0, 1, 0, 0], [1, 1, 0, 0, 1, 0, 1, 1], [1, 1, 0, 0, 1, 0, 0, 1], [1, 0, 0, 1, 0, 1, 1, 0]]"
53,"[2, 3, 3, 3, 2, 1, 1, 2]","[[0, 1, 0, 0, 0, 1, 1, 1], [1, 0, 0, 0, 0, 1, 1, 0], [0, 0, 0, 0, 1, 0, 0, 0], [0, 0, 0, 0, 1, 0, 0, 1], [0, 0, 1, 1, 0, 1, 0, 1], [1, 1, 0, 0, 1, 0, 1, 1], [1, 1, 0, 0, 1, 0, 0, 1], [1, 0, 0, 1, 1, 1, 1, 0]]"
54,"[2, 3, 2, 3, 1, 1, 1, 2]","[[0, 1, 0, 0, 0, 1, 1, 1], [1, 0, 1, 0, 0, 1, 0, 0], [0, 1, 0, 1, 1, 0, 0, 0], [0, 0, 1, 0, 1, 0, 0, 0], [0, 0, 1, 1, 0, 1, 0, 1], [1, 1, 0, 0, 0, 0, 1, 1], [1, 0, 0, 0, 1, 0, 0, 1], [1, 0, 0, 0, 1, 1, 1, 0]]"
55,"[1, 2, 3, 2, 3, 1, 2, 3]","[[0, 1, 0, 0, 0, 1, 1, 0], [1, 0, 0, 1, 0, 1, 1, 0], [0, 0, 0, 0, 1, 0, 0, 0], [0, 1, 0, 0, 1, 1, 0, 0], [0, 0, 1, 1, 0, 0, 0, 0], [1, 1, 0, 1, 0, 0, 1, 1], [1, 1, 0, 0, 0, 0, 0, 1], [0, 0, 0, 0, 0, 1, 1, 0]]"
56,"[2, 3, 3, 3, 2, 1, 1, 2]","[[0, 1, 0, 0, 0, 1, 1, 1], [1, 0, 0, 0, 0, 1, 1, 0], [0, 0, 0, 0, 1, 0, 0, 0], [0, 0, 0, 0, 1, 0, 0, 1], [0, 0, 1, 1, 0, 1, 0, 1], [1, 1, 0, 0, 1, 0, 1, 1], [1, 1, 0, 0, 1, 0, 0, 1], [1, 0, 0, 1, 1, 1, 1, 0]]"
57,"[2, 3, 2, 3, 1, 1, 2, 3]","[[0, 1, 0, 0, 0, 1, 0, 1], [1, 0, 1, 1, 0, 1, 0, 0], [0, 1, 0, 1, 1, 0, 0, 0], [0, 1, 1, 0, 1, 0, 0, 0], [0, 0, 1, 1, 0, 1, 0, 0], [1, 1, 0, 0, 0, 0, 1, 1], [0, 0, 0, 0, 0, 0, 0, 1], [1, 0, 0, 0, 0, 1, 1, 0]]"
58,"[2, 1, 3, 3, 2, 1, 2, 3]","[[0, 1, 0, 0, 0, 1, 1, 1], [1, 0, 0, 0, 0, 1, 1, 0], [0, 0, 0, 1, 1, 0, 0, 0], [0, 0, 0, 0, 1, 0, 0, 1], [0, 0, 1, 1, 0, 1, 0, 0], [1, 1, 0, 0, 1, 0, 1, 1], [1, 1, 0, 0, 1, 0, 0, 1], [1, 0, 0, 1, 0, 1, 1, 0]]"
59,"[2, 3, 3, 3, 2, 1, 1, 2]","[[0, 1, 0, 0, 0, 1, 1, 1], [1, 0, 0, 0, 0, 1, 1, 0], [0, 0, 0, 1, 1, 0, 0, 0], [0, 0, 1, 0, 1, 0, 0, 0], [0, 0, 1, 1, 0, 0, 0, 1], [1, 1, 0, 0, 0, 0, 1, 1], [1, 1, 0, 0, 0, 0, 0, 1], [1, 0, 0, 0, 1, 1, 1, 0]]"
60,"[2, 1, 3, 3, 2, 1, 2, 3]","[[0, 1, 0, 0, 0, 1, 1, 1], [1, 0, 0, 0, 0, 1, 1, 0], [0, 0, 0, 1, 1, 0, 0, 0], [0, 0, 0, 0, 1, 0, 0, 1], [0, 0, 1, 1, 0, 1, 0, 0], [1, 1, 0, 0, 1, 0, 1, 1], [1, 1, 0, 0, 1, 0, 0, 1], [1, 0, 0, 1, 0, 1, 1, 0]]"
61,"[1, 3, 3, 2, 2, 1, 2, 3]","[[0, 1, 0, 0, 0, 1, 1, 1], [1, 0, 0, 0, 0, 1, 1, 0], [0, 0, 0, 0, 1, 0, 0, 0], [0, 0, 0, 0, 1, 0, 0, 1], [0, 0, 1, 1, 0, 1, 0, 0], [1, 1, 0, 0, 1, 0, 1, 1], [1, 1, 0, 0, 0, 0, 0, 1], [1, 0, 0, 1, 0, 1, 1, 0]]"
62,"[1, 3, 3, 2, 2, 1, 2, 3]","[[0, 1, 0, 0, 0, 1, 1, 1], [1, 0, 0, 0, 0, 1, 1, 0], [0, 0, 0, 0, 1, 0, 0, 0], [0, 0, 0, 0, 1, 0, 0, 0], [0, 0, 1, 1, 0, 0, 0, 0], [1, 1, 0, 0, 0, 0, 1, 1], [1, 1, 0, 0, 0, 0, 0, 1], [1, 0, 0, 0, 0, 1, 1, 0]]"
63,"[1, 2, 3, 2, 3, 1, 2, 3]","[[0, 1, 0, 0, 0, 1, 1, 0], [1, 0, 0, 0, 0, 1, 1, 0], [0, 0, 0, 1, 1, 0, 0, 0], [0, 0, 0, 0, 0, 0, 0, 0], [0, 0, 1, 0, 0, 0, 0, 0], [1, 1, 0, 0, 0, 0, 1, 0], [1, 1, 0, 0, 0, 1, 0, 1], [0, 0, 0, 0, 0, 0, 1, 0]]"
64,"[2, 3, 1, 3, 2, 1, 2, 3]","[[0, 0, 0, 0, 0, 1, 1, 0], [0, 0, 0, 0, 0, 0, 1, 0], [0, 0, 0, 0, 1, 1, 0, 0], [0, 0, 0, 0, 0, 0, 0, 1], [0, 0, 1, 0, 0, 1, 0, 0], [1, 0, 1, 0, 1, 0, 1, 1], [1, 1, 0, 0, 0, 1, 0, 1], [0, 0, 0, 1, 0, 1, 1, 0]]"
65,"[1, 3, 3, 3, 2, 1, 2, 3]","[[0, 1, 0, 0, 0, 1, 1, 1], [1, 0, 0, 0, 0, 1, 1, 0], [0, 0, 0, 0, 1, 0, 0, 0], [0, 0, 0, 0, 1, 0, 0, 0], [0, 0, 1, 1, 0, 0, 0, 1], [1, 1, 0, 0, 0, 0, 1, 0], [1, 1, 0, 0, 0, 0, 0, 1], [1, 0, 0, 0, 1, 0, 1, 0]]"
66,"[1, 3, 2, 3, 2, 1, 2, 3]","[[0, 1, 0, 0, 0, 1, 1, 1], [1, 0, 0, 0, 0, 1, 1, 0], [0, 0, 0, 1, 1, 0, 0, 0], [0, 0, 1, 0, 1, 0, 0, 1], [0, 0, 1, 1, 0, 1, 0, 1], [1, 1, 0, 0, 1, 0, 1, 1], [1, 1, 0, 0, 0, 0, 0, 1], [1, 0, 0, 1, 1, 1, 1, 0]]"
67,"[2, 3, 2, 3, 1, 1, 1, 2]","[[0, 1, 0, 0, 0, 1, 1, 1], [1, 0, 1, 0, 0, 1, 1, 0], [0, 1, 0, 1, 1, 0, 0, 0], [0, 0, 1, 0, 1, 0, 0, 0], [0, 0, 1, 0, 0, 1, 0, 1], [1, 1, 0, 0, 1, 0, 1, 1], [1, 1, 0, 0, 1, 0, 0, 1], [1, 0, 0, 0, 1, 1, 1, 0]]"
68,"[2, 3, 2, 3, 1, 1, 2, 3]","[[0, 1, 0, 0, 0, 1, 1, 1], [1, 0, 1, 1, 0, 1, 0, 0], [0, 1, 0, 1, 1, 0, 0, 0], [0, 1, 1, 0, 1, 0, 0, 0], [0, 0, 1, 1, 0, 1, 0, 1], [1, 1, 0, 0, 1, 0, 1, 1], [1, 0, 0, 0, 0, 0, 0, 1], [1, 0, 0, 0, 1, 1, 1, 0]]"
69,"[1, 3, 3, 2, 2, 1, 2, 3]","[[0, 1, 0, 0, 0, 1, 1, 0], [1, 0, 0, 0, 0, 1, 1, 0], [0, 0, 0, 0, 1, 0, 0, 0], [0, 0, 0, 0, 1, 1, 0, 1], [0, 0, 1, 1, 0, 1, 0, 0], [1, 1, 0, 1, 1, 0, 1, 1], [1, 1, 0, 0, 0, 1, 0, 1], [0, 0, 0, 1, 0, 1, 1, 0]]"
70,"[2, 3, 1, 3, 2, 1, 2, 3]","[[0, 0, 0, 0, 0, 1, 1, 0], [0, 0, 0, 0, 0, 0, 1, 0], [0, 0, 0, 0, 1, 0, 0, 0], [0, 0, 0, 0, 1, 0, 0, 1], [0, 0, 1, 1, 0, 1, 0, 0], [1, 0, 0, 0, 1, 0, 1, 1], [1, 1, 0, 0, 0, 0, 0, 1], [0, 0, 0, 1, 0, 1, 1, 0]]"
71,"[2, 3, 2, 3, 1, 1, 1, 3]","[[0, 1, 0, 0, 0, 1, 1, 1], [1, 0, 1, 0, 0, 1, 1, 0], [0, 1, 0, 1, 1, 0, 0, 0], [0, 0, 1, 0, 1, 0, 0, 0], [0, 0, 1, 1, 0, 1, 0, 1], [1, 1, 0, 0, 0, 0, 1, 1], [1, 1, 0, 0, 0, 0, 0, 1], [1, 0, 0, 0, 1, 1, 1, 0]]"
72,"[2, 3, 2, 3, 1, 1, 1, 2]","[[0, 1, 0, 0, 0, 1, 1, 1], [1, 0, 1, 1, 0, 1, 0, 0], [0, 1, 0, 1, 1, 0, 0, 0], [0, 1, 1, 0, 1, 0, 0, 0], [0, 0, 1, 1, 0, 1, 0, 0], [1, 1, 0, 0, 1, 0, 1, 1], [1, 0, 0, 0, 0, 0, 0, 1], [1, 0, 0, 0, 0, 1, 1, 0]]"
73,"[1, 3, 3, 2, 2, 1, 2, 3]","[[0, 1, 0, 0, 0, 1, 1, 1], [1, 0, 0, 0, 0, 1, 1, 0], [0, 0, 0, 1, 1, 0, 0, 0], [0, 0, 0, 0, 1, 0, 0, 1], [0, 0, 1, 1, 0, 0, 0, 0], [1, 1, 0, 0, 0, 0, 1, 1], [1, 1, 0, 0, 0, 0, 0, 1], [1, 0, 0, 1, 0, 1, 1, 0]]"
74,"[1, 3, 2, 3, 2, 1, 2, 3]","[[0, 1, 0, 0, 0, 1, 1, 1], [1, 0, 1, 1, 0, 1, 1, 0], [0, 1, 0, 1, 1, 0, 0, 0], [0, 1, 1, 0, 1, 0, 0, 1], [0, 0, 1, 1, 0, 1, 0, 0], [1, 1, 0, 0, 1, 0, 1, 1], [1, 1, 0, 0, 0, 0, 0, 1], [1, 0, 0, 1, 0, 1, 1, 0]]"
75,"[2, 3, 2, 3, 2, 1, 1, 2]","[[0, 1, 0, 0, 0, 1, 1, 1], [1, 0, 1, 0, 0, 1, 1, 0], [0, 1, 0, 0, 1, 0, 0, 0], [0, 0, 0, 0, 1, 0, 0, 1], [0, 0, 1, 1, 0, 1, 0, 1], [1, 1, 0, 0, 1, 0, 1, 1], [1, 1, 0, 0, 0, 1, 0, 1], [1, 0, 0, 1, 1, 1, 1, 0]]"
76,"[2, 3, 2, 3, 1, 1, 2, 3]","[[0, 1, 0, 0, 0, 1, 1, 1], [1, 0, 1, 1, 0, 1, 1, 0], [0, 1, 0, 1, 1, 0, 0, 0], [0, 1, 1, 0, 1, 0, 0, 0], [0, 0, 1, 1, 0, 1, 0, 1], [1, 1, 0, 0, 1, 0, 1, 1], [1, 1, 0, 0, 0, 0, 0, 1], [1, 0, 0, 0, 1, 1, 1, 0]]"
77,"[2, 3, 1, 2, 3, 1, 2, 2]","[[0, 1, 0, 0, 0, 1, 0, 1], [1, 0, 0, 0, 0, 1, 1, 0], [0, 0, 0, 1, 1, 0, 0, 0], [0, 0, 0, 0, 1, 1, 0, 0], [0, 0, 1, 1, 0, 0, 0, 0], [1, 1, 0, 1, 0, 0, 1, 1], [0, 1, 0, 0, 0, 0, 0, 1], [1, 0, 0, 0, 0, 1, 1, 0]]"
78,"[2, 3, 1, 3, 2, 1, 2, 3]","[[0, 0, 0, 0, 0, 1, 1, 0], [0, 0, 0, 0, 0, 0, 1, 0], [0, 0, 0, 0, 1, 0, 0, 0], [0, 0, 0, 0, 1, 0, 0, 1], [0, 0, 1, 1, 0, 1, 0, 0], [1, 0, 0, 0, 1, 0, 1, 1], [1, 1, 0, 0, 0, 0, 0, 1], [0, 0, 0, 1, 0, 1, 1, 0]]"
79,"[2, 1, 2, 3, 3, 1, 1, 2]","[[0, 1, 0, 0, 0, 1, 1, 1], [1, 0, 1, 0, 0, 1, 1, 0], [0, 1, 0, 1, 1, 0, 0, 0], [0, 0, 1, 0, 1, 1, 0, 0], [0, 0, 1, 1, 0, 1, 0, 1], [1, 1, 0, 1, 1, 0, 1, 1], [1, 1, 0, 0, 1, 1, 0, 1], [1, 0, 0, 0, 1, 1, 1, 0]]"
80,"[2, 3, 1, 3, 2, 1, 2, 3]","[[0, 1, 0, 0, 0, 1, 0, 1], [1, 0, 0, 0, 0, 1, 1, 0], [0, 0, 0, 1, 1, 0, 0, 0], [0, 0, 0, 0, 1, 0, 0, 0], [0, 0, 1, 1, 0, 0, 0, 0], [1, 1, 0, 0, 0, 0, 1, 1], [0, 1, 0, 0, 0, 1, 0, 1], [1, 0, 0, 0, 0, 1, 1, 0]]"
81,"[1, 3, 2, 3, 2, 1, 1, 2]","[[0, 1, 0, 0, 0, 1, 1, 1], [1, 0, 1, 1, 0, 1, 1, 0], [0, 1, 0, 1, 1, 0, 0, 0], [0, 1, 1, 0, 1, 0, 0, 1], [0, 0, 1, 1, 0, 1, 0, 1], [1, 1, 0, 0, 1, 0, 1, 1], [1, 1, 0, 0, 0, 1, 0, 1], [1, 0, 0, 1, 1, 1, 1, 0]]"
82,"[1, 3, 2, 3, 2, 1, 2, 3]","[[0, 1, 0, 0, 0, 1, 1, 1], [1, 0, 1, 1, 0, 1, 1, 0], [0, 1, 0, 1, 1, 0, 0, 0], [0, 1, 1, 0, 1, 0, 0, 1], [0, 0, 1, 1, 0, 1, 0, 0], [1, 1, 0, 0, 1, 0, 1, 1], [1, 1, 0, 0, 1, 0, 0, 1], [1, 0, 0, 1, 0, 1, 1, 0]]"
83,"[2, 3, 1, 3, 2, 1, 2, 1]","[[0, 1, 0, 0, 0, 1, 1, 1], [1, 0, 0, 0, 0, 1, 1, 0], [0, 0, 0, 0, 1, 1, 0, 0], [0, 0, 0, 0, 1, 0, 0, 1], [0, 0, 1, 1, 0, 1, 0, 0], [1, 1, 1, 0, 1, 0, 1, 1], [1, 1, 0, 0, 0, 1, 0, 1], [1, 0, 0, 1, 0, 1, 1, 0]]"
84,"[2, 3, 2, 3, 1, 1, 2, 3]","[[0, 1, 0, 0, 0, 1, 1, 0], [1, 0, 1, 0, 0, 1, 1, 0], [0, 1, 0, 1, 1, 0, 0, 0], [0, 0, 1, 0, 1, 0, 0, 0], [0, 0, 1, 1, 0, 1, 0, 1], [1, 1, 0, 0, 1, 0, 1, 1], [1, 1, 0, 0, 0, 0, 0, 1], [0, 0, 0, 0, 1, 1, 1, 0]]"
85,"[1, 3, 2, 3, 2, 1, 1, 2]","[[0, 1, 0, 0, 0, 1, 1, 1], [1, 0, 1, 1, 0, 1, 1, 0], [0, 1, 0, 1, 1, 0, 0, 0], [0, 1, 1, 0, 1, 0, 0, 1], [0, 0, 1, 1, 0, 1, 0, 0], [1, 1, 0, 0, 1, 0, 1, 1], [1, 1, 0, 0, 0, 0, 0, 1], [1, 0, 0, 1, 0, 1, 1, 0]]"
86,"[1, 3, 2, 3, 2, 1, 2, 3]","[[0, 1, 0, 0, 0, 1, 1, 1], [1, 0, 1, 1, 0, 1, 1, 0], [0, 1, 0, 1, 1, 0, 0, 0], [0, 1, 1, 0, 1, 0, 0, 0], [0, 0, 1, 1, 0, 1, 0, 0], [1, 1, 0, 0, 1, 0, 1, 1], [1, 1, 0, 0, 1, 1, 0, 1], [1, 0, 0, 0, 0, 1, 1, 0]]"
87,"[2, 3, 1, 3, 2, 1, 2, 3]","[[0, 1, 0, 0, 0, 1, 1, 0], [1, 0, 1, 0, 0, 1, 1, 0], [0, 1, 0, 1, 1, 0, 0, 0], [0, 0, 1, 0, 1, 0, 0, 1], [0, 0, 1, 1, 0, 0, 0, 0], [1, 1, 0, 0, 0, 0, 1, 1], [1, 1, 0, 0, 0, 0, 0, 1], [0, 0, 0, 1, 0, 1, 1, 0]]"
88,"[2, 3, 1, 3, 2, 1, 2, 3]","[[0, 1, 0, 0, 0, 1, 0, 1], [1, 0, 0, 0, 0, 1, 1, 0], [0, 0, 0, 0, 1, 0, 0, 0], [0, 0, 0, 0, 1, 0, 0, 0], [0, 0, 1, 1, 0, 0, 0, 0], [1, 1, 0, 0, 0, 0, 1, 1], [0, 1, 0, 0, 0, 0, 0, 1], [1, 0, 0, 0, 0, 1, 1, 0]]"
89,"[1, 3, 2, 3, 2, 1, 1, 2]","[[0, 1, 0, 0, 0, 1, 1, 1], [1, 0, 1, 1, 0, 1, 1, 0], [0, 1, 0, 1, 1, 0, 0, 0], [0, 1, 1, 0, 1, 0, 0, 1], [0, 0, 1, 1, 0, 1, 0, 0], [1, 1, 0, 0, 1, 0, 1, 1], [1, 1, 0, 0, 0, 0, 0, 1], [1, 0, 0, 1, 0, 1, 1, 0]]"
90,"[2, 3, 1, 3, 2, 1, 2, 3]","[[0, 1, 0, 0, 0, 1, 1, 1], [1, 0, 0, 0, 0, 1, 1, 0], [0, 0, 0, 1, 1, 0, 0, 0], [0, 0, 1, 0, 1, 0, 0, 1], [0, 0, 1, 1, 0, 1, 0, 0], [1, 1, 0, 0, 1, 0, 1, 1], [1, 1, 0, 0, 0, 0, 0, 1], [1, 0, 0, 1, 0, 1, 1, 0]]"
91,"[2, 3, 1, 3, 2, 1, 2, 1]","[[0, 1, 0, 0, 0, 1, 0, 1], [1, 0, 0, 0, 0, 1, 1, 0], [0, 0, 0, 0, 1, 0, 0, 0], [0, 0, 0, 0, 1, 0, 0, 0], [0, 0, 1, 1, 0, 0, 0, 0], [1, 1, 0, 0, 0, 0, 1, 1], [0, 1, 0, 0, 0, 0, 0, 1], [1, 0, 0, 0, 0, 1, 1, 0]]"
92,"[2, 3, 3, 2, 1, 1, 2, 3]","[[0, 1, 0, 0, 0, 1, 0, 1], [1, 0, 0, 1, 0, 1, 1, 0], [0, 0, 0, 1, 1, 0, 0, 0], [0, 1, 0, 0, 1, 0, 0, 1], [0, 0, 1, 1, 0, 1, 0, 0], [1, 1, 0, 0, 1, 0, 1, 1], [0, 1, 0, 0, 0, 0, 0, 1], [1, 0, 0, 1, 0, 1, 1, 0]]"
93,"[1, 3, 2, 3, 2, 1, 1, 2]","[[0, 1, 0, 0, 0, 1, 1, 1], [1, 0, 1, 1, 0, 1, 1, 0], [0, 1, 0, 1, 1, 0, 0, 0], [0, 1, 1, 0, 1, 0, 0, 0], [0, 0, 1, 1, 0, 1, 0, 1], [1, 1, 0, 0, 1, 0, 1, 1], [1, 1, 0, 0, 0, 0, 0, 1], [1, 0, 0, 0, 1, 1, 1, 0]]"
94,"[2, 3, 2, 3, 1, 1, 1, 2]","[[0, 1, 0, 0, 0, 1, 1, 0], [1, 0, 1, 0, 0, 1, 0, 0], [0, 1, 0, 1, 1, 0, 0, 0], [0, 0, 1, 0, 1, 1, 0, 0], [0, 0, 1, 1, 0, 1, 0, 1], [1, 1, 0, 1, 0, 0, 1, 1], [1, 0, 0, 0, 1, 1, 0, 1], [0, 0, 0, 0, 1, 1, 1, 0]]"
95,"[2, 1, 2, 3, 3, 1, 2, 3]","[[0, 1, 0, 0, 0, 1, 1, 1], [1, 0, 1, 0, 0, 1, 1, 0], [0, 1, 0, 1, 1, 0, 0, 0], [0, 0, 1, 0, 1, 0, 0, 1], [0, 0, 1, 1, 0, 1, 0, 0], [1, 1, 0, 0, 1, 0, 1, 1], [1, 1, 0, 0, 0, 0, 0, 1], [1, 0, 0, 1, 0, 1, 1, 0]]"
96,"[2, 3, 3, 2, 1, 1, 2, 3]","[[0, 1, 0, 0, 0, 1, 1, 0], [1, 0, 0, 0, 0, 1, 0, 0], [0, 0, 0, 1, 1, 0, 0, 0], [0, 0, 0, 0, 1, 0, 0, 1], [0, 0, 1, 1, 0, 1, 0, 0], [1, 1, 0, 0, 1, 0, 1, 1], [1, 0, 0, 0, 0, 0, 0, 1], [0, 0, 0, 1, 0, 1, 1, 0]]"
97,"[1, 3, 2, 3, 2, 1, 1, 2]","[[0, 1, 0, 0, 0, 1, 1, 1], [1, 0, 1, 1, 0, 1, 1, 0], [0, 1, 0, 1, 1, 0, 0, 0], [0, 1, 1, 0, 1, 0, 0, 1], [0, 0, 1, 1, 0, 1, 0, 0], [1, 1, 0, 0, 1, 0, 1, 1], [1, 1, 0, 0, 0, 0, 0, 1], [1, 0, 0, 1, 0, 1, 1, 0]]"
98,"[1, 3, 2, 3, 2, 1, 2, 3]","[[0, 1, 0, 0, 0, 1, 1, 1], [1, 0, 1, 1, 0, 1, 1, 0], [0, 1, 0, 1, 1, 0, 0, 0], [0, 1, 1, 0, 1, 0, 0, 1], [0, 0, 1, 1, 0, 1, 0, 0], [1, 1, 0, 0, 0, 0, 1, 1], [1, 0, 0, 0, 1, 0, 0, 1], [1, 0, 0, 1, 0, 1, 1, 0]]"
99,"[2, 3, 1, 3, 2, 1, 2, 3]","[[0, 1, 0, 0, 0, 1, 1, 1], [1, 0, 1, 0, 0, 1, 1, 0], [0, 1, 0, 1, 1, 0, 0, 0], [0, 0, 1, 0, 1, 0, 0, 1], [0, 0, 1, 1, 0, 1, 0, 0], [1, 1, 0, 0, 1, 0, 1, 1], [1, 1, 0, 0, 0, 1, 0, 1], [1, 0, 0, 1, 0, 1, 1, 0]]"
100,"[2, 3, 3, 2, 1, 1, 2, 3]","[[0, 1, 0, 0, 0, 1, 1, 1], [1, 0, 0, 0, 0, 1, 1, 0], [0, 0, 0, 1, 1, 0, 0, 0], [0, 0, 0, 0, 1, 0, 0, 0], [0, 0, 1, 1, 0, 1, 0, 0], [1, 1, 0, 0, 1, 0, 1, 1], [1, 1, 0, 0, 1, 0, 0, 1], [1, 0, 0, 0, 0, 1, 1, 0]]"
101,"[2, 3, 1, 3, 2, 1, 2, 3]","[[0, 1, 0, 0, 0, 1, 1, 0], [1, 0, 1, 0, 0, 1, 1, 0], [0, 1, 0, 1, 1, 0, 0, 0], [0, 0, 1, 0, 1, 0, 0, 1], [0, 0, 1, 1, 0, 1, 0, 0], [1, 1, 0, 0, 1, 0, 1, 1], [1, 1, 0, 0, 0, 0, 0, 1], [0, 0, 0, 1, 0, 1, 1, 0]]"
102,"[1, 3, 3, 2, 2, 1, 2, 3]","[[0, 1, 0, 0, 0, 1, 1, 1], [1, 0, 0, 0, 0, 1, 1, 0], [0, 0, 0, 0, 1, 0, 0, 0], [0, 0, 0, 0, 1, 0, 0, 0], [0, 0, 1, 1, 0, 0, 0, 0], [1, 1, 0, 0, 0, 0, 1, 1], [1, 1, 0, 0, 0, 0, 0, 1], [1, 0, 0, 0, 0, 1, 1, 0]]"
103,"[2, 3, 1, 3, 2, 1, 2, 3]","[[0, 0, 0, 0, 0, 1, 1, 0], [0, 0, 0, 0, 0, 1, 1, 0], [0, 0, 0, 0, 1, 0, 0, 0], [0, 0, 0, 0, 0, 0, 0, 1], [0, 0, 1, 0, 0, 1, 0, 0], [1, 1, 0, 0, 1, 0, 1, 1], [1, 1, 0, 0, 0, 0, 0, 1], [0, 0, 0, 1, 0, 1, 1, 0]]"
104,"[2, 1, 3, 3, 2, 1, 2, 3]","[[0, 1, 0, 0, 0, 1, 1, 0], [1, 0, 0, 0, 0, 1, 1, 0], [0, 0, 0, 1, 1, 0, 0, 1], [0, 0, 0, 0, 1, 0, 0, 1], [0, 0, 1, 1, 0, 1, 0, 0], [1, 1, 0, 0, 1, 0, 1, 1], [1, 1, 0, 0, 0, 0, 0, 1], [0, 0, 1, 1, 0, 1, 1, 0]]"
105,"[2, 3, 1, 3, 2, 1, 2, 3]","[[0, 0, 1, 0, 1, 1, 1, 0], [0, 0, 0, 0, 0, 0, 0, 0], [1, 0, 0, 1, 1, 0, 0, 0], [0, 0, 1, 0, 1, 0, 0, 0], [1, 0, 1, 1, 0, 1, 1, 0], [1, 0, 0, 0, 1, 0, 1, 1], [1, 0, 0, 0, 1, 0, 0, 1], [0, 0, 0, 0, 0, 1, 1, 0]]"
106,"[1, 3, 2, 3, 2, 1, 2, 3]","[[0, 1, 0, 0, 0, 1, 1, 1], [1, 0, 1, 1, 0, 1, 1, 0], [0, 1, 0, 1, 1, 0, 0, 0], [0, 1, 1, 0, 1, 0, 0, 1], [0, 0, 1, 1, 0, 1, 0, 0], [1, 1, 0, 0, 1, 0, 1, 1], [1, 1, 0, 0, 1, 0, 0, 1], [1, 0, 0, 1, 0, 1, 1, 0]]"
107,"[1, 3, 2, 3, 2, 1, 2, 3]","[[0, 1, 0, 0, 0, 1, 1, 0], [1, 0, 1, 0, 0, 1, 1, 0], [0, 1, 0, 1, 1, 0, 0, 0], [0, 0, 1, 0, 1, 0, 0, 1], [0, 0, 1, 1, 0, 1, 0, 0], [1, 1, 0, 0, 1, 0, 1, 1], [1, 1, 0, 0, 1, 0, 0, 1], [0, 0, 0, 1, 0, 1, 1, 0]]"
108,"[1, 3, 3, 3, 2, 1, 2, 3]","[[0, 1, 0, 0, 0, 1, 1, 0], [1, 0, 0, 0, 0, 1, 1, 0], [0, 0, 0, 0, 0, 0, 0, 0], [0, 0, 0, 0, 0, 0, 0, 0], [0, 0, 0, 0, 0, 1, 0, 0], [1, 1, 0, 0, 1, 0, 1, 1], [1, 1, 0, 0, 0, 0, 0, 1], [0, 0, 0, 0, 0, 1, 1, 0]]"
109,"[2, 3, 3, 2, 1, 1, 2, 3]","[[0, 1, 0, 0, 0, 1, 1, 0], [1, 0, 0, 0, 0, 1, 1, 0], [0, 0, 0, 0, 1, 0, 0, 0], [0, 0, 0, 0, 1, 1, 0, 0], [0, 0, 1, 1, 0, 1, 0, 0], [1, 1, 0, 1, 1, 0, 1, 1], [1, 1, 0, 0, 0, 0, 0, 1], [0, 0, 0, 0, 0, 1, 1, 0]]"
110,"[1, 3, 2, 3, 2, 1, 2, 3]","[[0, 1, 0, 0, 0, 1, 1, 0], [1, 0, 1, 0, 0, 1, 1, 0], [0, 1, 0, 1, 1, 0, 0, 0], [0, 0, 1, 0, 1, 0, 0, 0], [0, 0, 1, 1, 0, 1, 0, 0], [1, 1, 0, 0, 1, 0, 1, 1], [1, 1, 0, 0, 1, 0, 0, 1], [0, 0, 0, 0, 0, 1, 1, 0]]"
111,"[2, 3, 1, 3, 2, 1, 2, 3]","[[0, 0, 1, 0, 0, 1, 1, 0], [0, 0, 0, 0, 0, 0, 0, 0], [1, 0, 0, 0, 1, 1, 0, 0], [0, 0, 0, 0, 1, 0, 0, 0], [0, 0, 1, 1, 0, 0, 0, 0], [1, 0, 1, 0, 0, 0, 1, 1], [1, 0, 0, 0, 0, 0, 0, 1], [0, 0, 0, 0, 0, 1, 1, 0]]"
112,"[2, 3, 1, 3, 2, 1, 2, 3]","[[0, 1, 0, 0, 0, 1, 1, 1], [1, 0, 0, 0, 0, 1, 1, 0], [0, 0, 0, 1, 1, 0, 0, 0], [0, 0, 1, 0, 1, 0, 0, 1], [0, 0, 1, 1, 0, 1, 0, 0], [1, 1, 0, 0, 1, 0, 1, 1], [1, 1, 0, 0, 0, 0, 0, 1], [1, 0, 0, 1, 0, 1, 1, 0]]"
113,"[1, 3, 2, 3, 2, 1, 1, 3]","[[0, 1, 0, 0, 0, 1, 1, 0], [1, 0, 0, 0, 0, 1, 1, 0], [0, 0, 0, 0, 1, 0, 0, 0], [0, 0, 0, 0, 1, 0, 0, 1], [0, 0, 1, 1, 0, 1, 0, 0], [1, 1, 0, 0, 1, 0, 1, 1], [1, 1, 0, 0, 0, 0, 0, 1], [0, 0, 0, 1, 0, 1, 1, 0]]"
114,"[2, 1, 3, 3, 2, 1, 2, 3]","[[0, 1, 0, 0, 0, 1, 1, 1], [1, 0, 0, 0, 0, 1, 1, 0], [0, 0, 0, 1, 1, 0, 0, 0], [0, 0, 0, 0, 1, 0, 0, 1], [0, 0, 1, 1, 0, 0, 0, 0], [1, 1, 0, 0, 0, 0, 1, 1], [1, 1, 0, 0, 0, 0, 0, 1], [1, 0, 0, 1, 0, 1, 1, 0]]"
115,"[2, 3, 1, 3, 2, 1, 2, 3]","[[0, 1, 0, 0, 0, 1, 1, 0], [1, 0, 1, 0, 0, 1, 1, 0], [0, 1, 0, 1, 1, 0, 0, 0], [0, 0, 1, 0, 1, 0, 0, 0], [0, 0, 1, 1, 0, 1, 0, 0], [1, 1, 0, 0, 1, 0, 1, 1], [1, 1, 0, 0, 0, 0, 0, 1], [0, 0, 0, 0, 0, 1, 1, 0]]"
116,"[1, 3, 2, 3, 2, 1, 2, 3]","[[0, 1, 0, 0, 0, 1, 1, 1], [1, 0, 1, 1, 0, 1, 1, 0], [0, 1, 0, 1, 1, 0, 0, 0], [0, 1, 1, 0, 1, 0, 0, 0], [0, 0, 1, 1, 0, 1, 0, 0], [1, 1, 0, 0, 1, 0, 1, 1], [1, 1, 0, 0, 0, 0, 0, 1], [1, 0, 0, 0, 0, 1, 1, 0]]"
117,"[1, 3, 2, 3, 2, 1, 2, 3]","[[0, 1, 0, 0, 0, 1, 1, 0], [1, 0, 0, 1, 0, 1, 0, 0], [0, 0, 0, 1, 1, 0, 0, 0], [0, 1, 1, 0, 1, 0, 0, 1], [0, 0, 1, 1, 0, 0, 0, 0], [1, 1, 0, 0, 0, 0, 1, 1], [1, 0, 0, 0, 1, 0, 0, 1], [0, 0, 0, 1, 0, 1, 1, 0]]"
118,"[1, 2, 3, 2, 3, 1, 2, 3]","[[0, 1, 0, 0, 0, 1, 1, 0], [1, 0, 0, 0, 0, 1, 1, 0], [0, 0, 0, 0, 0, 0, 0, 0], [0, 0, 0, 0, 1, 0, 0, 1], [0, 0, 0, 1, 0, 1, 0, 0], [1, 1, 0, 0, 1, 0, 1, 1], [1, 1, 0, 0, 0, 0, 0, 1], [0, 0, 0, 1, 0, 1, 1, 0]]"
119,"[2, 3, 1, 3, 2, 1, 2, 1]","[[0, 0, 0, 0, 0, 1, 1, 1], [0, 0, 0, 0, 0, 1, 1, 0], [0, 0, 0, 0, 1, 1, 0, 1], [0, 0, 0, 0, 0, 1, 0, 0], [0, 0, 1, 0, 0, 1, 0, 0], [1, 1, 1, 1, 1, 0, 1, 1], [1, 1, 0, 0, 0, 1, 0, 1], [1, 0, 1, 0, 0, 1, 1, 0]]"
120,"[2, 3, 1, 3, 2, 1, 2, 3]","[[0, 1, 0, 0, 0, 1, 1, 1], [1, 0, 1, 0, 0, 1, 1, 0], [0, 1, 0, 1, 1, 0, 0, 0], [0, 0, 1, 0, 1, 0, 0, 1], [0, 0, 1, 1, 0, 1, 0, 0], [1, 1, 0, 0, 1, 0, 1, 1], [1, 1, 0, 0, 0, 0, 0, 1], [1, 0, 0, 1, 0, 1, 1, 0]]"
121,"[2, 3, 2, 3, 1, 1, 2, 3]","[[0, 0, 0, 0, 0, 1, 0, 0], [0, 0, 0, 0, 0, 1, 0, 0], [0, 0, 0, 0, 1, 0, 0, 0], [0, 0, 0, 0, 1, 0, 0, 0], [0, 0, 1, 1, 0, 1, 0, 0], [1, 1, 0, 0, 1, 0, 1, 1], [0, 0, 0, 0, 0, 1, 0, 1], [0, 0, 0, 0, 0, 1, 1, 0]]"
122,"[2, 3, 1, 3, 2, 1, 2, 3]","[[0, 1, 0, 0, 0, 1, 1, 1], [1, 0, 1, 1, 0, 1, 1, 0], [0, 1, 0, 1, 1, 1, 0, 0], [0, 1, 1, 0, 1, 0, 0, 1], [0, 0, 1, 1, 0, 1, 0, 1], [1, 1, 1, 0, 1, 0, 1, 1], [1, 1, 0, 0, 0, 1, 0, 1], [1, 0, 0, 1, 1, 1, 1, 0]]"
123,"[1, 3, 2, 3, 2, 1, 1, 2]","[[0, 1, 0, 0, 0, 1, 1, 1], [1, 0, 0, 0, 0, 1, 1, 0], [0, 0, 0, 0, 1, 0, 0, 0], [0, 0, 0, 0, 1, 0, 0, 0], [0, 0, 1, 1, 0, 1, 0, 0], [1, 1, 0, 0, 1, 0, 1, 1], [1, 1, 0, 0, 0, 1, 0, 1], [1, 0, 0, 0, 0, 1, 1, 0]]"
124,"[2, 3, 3, 3, 2, 1, 2, 3]","[[0, 1, 0, 0, 0, 1, 1, 1], [1, 0, 0, 0, 0, 1, 1, 0], [0, 0, 0, 0, 1, 0, 0, 0], [0, 0, 0, 0, 1, 0, 0, 0], [0, 0, 1, 1, 0, 1, 0, 0], [1, 1, 0, 0, 1, 0, 1, 1], [1, 1, 0, 0, 1, 0, 0, 1], [1, 0, 0, 0, 0, 1, 1, 0]]"
125,"[2, 3, 1, 3, 2, 1, 2, 3]","[[0, 1, 0, 0, 0, 1, 1, 0], [1, 0, 1, 0, 0, 1, 1, 0], [0, 1, 0, 1, 1, 0, 0, 0], [0, 0, 0, 0, 1, 0, 0, 1], [0, 0, 1, 1, 0, 1, 0, 0], [1, 1, 0, 0, 1, 0, 1, 1], [1, 1, 0, 0, 0, 0, 0, 1], [0, 0, 0, 1, 0, 1, 1, 0]]"
126,"[2, 3, 1, 3, 2, 1, 2, 3]","[[0, 1, 0, 0, 0, 1, 0, 1], [1, 0, 1, 0, 0, 0, 1, 0], [0, 1, 0, 1, 1, 0, 0, 0], [0, 0, 1, 0, 1, 0, 0, 0], [0, 0, 1, 1, 0, 0, 0, 1], [1, 0, 0, 0, 0, 0, 1, 1], [0, 1, 0, 0, 0, 1, 0, 1], [1, 0, 0, 0, 1, 1, 1, 0]]"
127,"[1, 3, 2, 3, 2, 1, 2, 3]","[[0, 1, 0, 0, 0, 1, 1, 1], [1, 0, 1, 1, 0, 1, 1, 0], [0, 1, 0, 1, 1, 0, 0, 0], [0, 1, 1, 0, 1, 0, 0, 0], [0, 0, 1, 1, 0, 1, 0, 0], [1, 1, 0, 0, 1, 0, 1, 1], [1, 1, 0, 0, 0, 0, 0, 1], [1, 0, 0, 0, 0, 1, 1, 0]]"
128,"[3, 3, 1, 2, 2, 1, 2, 1]","[[0, 1, 0, 1, 0, 1, 0, 1], [1, 0, 1, 0, 0, 1, 1, 0], [0, 1, 0, 1, 1, 0, 0, 0], [1, 0, 1, 0, 1, 1, 0, 0], [0, 0, 1, 1, 0, 0, 0, 1], [1, 1, 0, 1, 0, 0, 1, 1], [0, 1, 0, 0, 0, 0, 0, 1], [1, 0, 0, 0, 1, 1, 1, 0]]"
129,"[2, 3, 1, 3, 2, 1, 2, 3]","[[0, 1, 0, 0, 0, 1, 1, 1], [1, 0, 0, 0, 0, 1, 1, 0], [0, 0, 0, 0, 1, 0, 0, 0], [0, 0, 0, 0, 1, 1, 0, 1], [0, 0, 1, 1, 0, 1, 0, 0], [1, 1, 0, 1, 1, 0, 1, 1], [1, 1, 0, 0, 0, 0, 0, 1], [1, 0, 0, 1, 0, 1, 1, 0]]"
130,"[2, 3, 1, 3, 2, 1, 2, 1]","[[0, 0, 0, 0, 0, 1, 1, 0], [0, 0, 0, 0, 0, 1, 1, 0], [0, 0, 0, 0, 1, 0, 0, 0], [0, 0, 0, 0, 0, 0, 0, 0], [0, 0, 1, 0, 0, 1, 0, 0], [1, 1, 0, 0, 1, 0, 1, 1], [1, 1, 0, 0, 0, 0, 0, 1], [0, 0, 0, 0, 0, 1, 1, 0]]"
131,"[1, 3, 2, 3, 2, 1, 2, 3]","[[0, 1, 0, 0, 0, 1, 1, 1], [1, 0, 0, 0, 0, 1, 1, 0], [0, 0, 0, 1, 1, 0, 0, 0], [0, 0, 1, 0, 1, 0, 0, 1], [0, 0, 1, 1, 0, 1, 0, 0], [1, 1, 0, 0, 1, 0, 1, 1], [1, 1, 0, 0, 0, 0, 0, 1], [1, 0, 0, 1, 0, 1, 1, 0]]"
132,"[2, 3, 1, 3, 2, 1, 2, 1]","[[0, 1, 0, 0, 0, 1, 1, 1], [1, 0, 0, 0, 0, 1, 1, 0], [0, 0, 0, 1, 1, 1, 0, 0], [0, 0, 1, 0, 1, 1, 0, 1], [0, 0, 1, 1, 0, 1, 0, 0], [1, 1, 1, 1, 1, 0, 1, 1], [1, 1, 0, 0, 0, 1, 0, 1], [1, 0, 0, 1, 0, 1, 1, 0]]"
133,"[2, 1, 3, 3, 2, 1, 2, 3]","[[0, 1, 0, 0, 0, 1, 1, 0], [1, 0, 0, 0, 0, 1, 1, 0], [0, 0, 0, 0, 1, 0, 0, 0], [0, 0, 0, 0, 1, 0, 0, 0], [0, 0, 1, 1, 0, 0, 0, 0], [1, 1, 0, 0, 0, 0, 1, 1], [1, 1, 0, 0, 1, 0, 0, 1], [0, 0, 0, 0, 0, 1, 1, 0]]"
134,"[2, 3, 1, 3, 2, 1, 2, 3]","[[0, 1, 0, 0, 0, 1, 1, 1], [1, 0, 0, 0, 0, 1, 1, 0], [0, 0, 0, 1, 1, 1, 0, 0], [0, 0, 1, 0, 1, 1, 0, 1], [0, 0, 1, 1, 0, 1, 0, 0], [1, 1, 1, 1, 1, 0, 1, 1], [1, 1, 0, 0, 0, 1, 0, 1], [1, 0, 0, 1, 0, 1, 1, 0]]"
135,"[2, 3, 1, 3, 2, 1, 2, 3]","[[0, 1, 0, 0, 0, 1, 1, 0], [1, 0, 1, 0, 0, 1, 1, 0], [0, 1, 0, 1, 1, 0, 0, 0], [0, 0, 1, 0, 1, 0, 0, 1], [0, 0, 1, 1, 0, 1, 0, 0], [1, 1, 0, 0, 1, 0, 1, 1], [1, 1, 0, 0, 1, 0, 0, 1], [0, 0, 0, 1, 0, 1, 1, 0]]"
136,"[2, 3, 2, 3, 1, 1, 2, 3]","[[0, 1, 0, 0, 1, 1, 1, 1], [1, 0, 1, 1, 0, 1, 0, 0], [0, 1, 0, 1, 1, 0, 0, 0], [0, 1, 1, 0, 1, 0, 0, 0], [1, 0, 1, 1, 0, 1, 1, 0], [1, 1, 0, 0, 0, 0, 1, 1], [1, 0, 0, 0, 1, 0, 0, 1], [1, 0, 0, 0, 0, 1, 0, 0]]"
137,"[1, 3, 2, 3, 2, 1, 2, 3]","[[0, 1, 0, 0, 0, 1, 1, 1], [1, 0, 1, 1, 0, 1, 1, 0], [0, 1, 0, 1, 1, 0, 0, 0], [0, 1, 1, 0, 1, 0, 0, 1], [0, 0, 1, 1, 0, 1, 0, 0], [1, 1, 0, 0, 1, 0, 1, 1], [1, 1, 0, 0, 0, 0, 0, 1], [1, 0, 0, 1, 0, 1, 1, 0]]"
138,"[2, 1, 3, 3, 2, 1, 2, 3]","[[0, 1, 0, 0, 0, 1, 1, 1], [1, 0, 0, 0, 0, 1, 1, 0], [0, 0, 0, 1, 1, 0, 0, 0], [0, 0, 0, 0, 1, 0, 0, 1], [0, 0, 1, 1, 0, 1, 0, 0], [1, 1, 0, 0, 1, 0, 1, 1], [1, 1, 0, 0, 1, 0, 0, 1], [1, 0, 0, 1, 0, 1, 1, 0]]"
139,"[2, 3, 1, 3, 2, 1, 2, 3]","[[0, 1, 0, 0, 0, 1, 1, 1], [1, 0, 1, 1, 0, 1, 1, 0], [0, 1, 0, 1, 1, 0, 0, 0], [0, 1, 1, 0, 1, 0, 0, 0], [0, 0, 1, 1, 0, 1, 0, 0], [1, 1, 0, 0, 1, 0, 1, 1], [1, 1, 0, 0, 0, 0, 0, 1], [1, 0, 0, 0, 0, 1, 1, 0]]"
140,"[2, 3, 1, 3, 2, 1, 2, 1]","[[0, 1, 0, 0, 0, 1, 1, 1], [1, 0, 1, 1, 0, 1, 1, 0], [0, 1, 0, 1, 1, 0, 0, 0], [0, 1, 1, 0, 1, 0, 0, 0], [0, 0, 1, 1, 0, 1, 0, 1], [1, 1, 0, 0, 1, 0, 1, 1], [1, 1, 0, 0, 0, 1, 0, 1], [1, 0, 0, 0, 1, 1, 1, 0]]"
141,"[2, 3, 2, 3, 1, 1, 2, 3]","[[0, 1, 0, 0, 1, 1, 1, 1], [1, 0, 1, 1, 0, 1, 0, 0], [0, 1, 0, 1, 1, 0, 0, 0], [0, 1, 1, 0, 1, 1, 0, 0], [1, 0, 1, 1, 0, 1, 1, 0], [1, 1, 0, 1, 1, 0, 1, 1], [1, 0, 0, 0, 1, 1, 0, 1], [1, 0, 0, 0, 0, 1, 1, 0]]"
142,"[2, 3, 2, 3, 2, 1, 2, 1]","[[0, 1, 0, 0, 0, 1, 1, 1], [1, 0, 0, 0, 0, 1, 1, 0], [0, 0, 0, 1, 1, 0, 0, 0], [0, 0, 1, 0, 1, 0, 0, 0], [0, 0, 1, 1, 0, 1, 0, 1], [1, 1, 0, 0, 0, 0, 1, 1], [1, 1, 0, 0, 0, 0, 0, 1], [1, 0, 0, 0, 1, 1, 1, 0]]"
143,"[2, 1, 3, 3, 2, 1, 2, 3]","[[0, 1, 0, 0, 0, 1, 1, 1], [1, 0, 0, 0, 0, 1, 1, 0], [0, 0, 0, 1, 1, 0, 0, 0], [0, 0, 1, 0, 1, 0, 0, 1], [0, 0, 1, 1, 0, 0, 0, 0], [1, 1, 0, 0, 0, 0, 1, 1], [1, 1, 0, 0, 0, 0, 0, 1], [1, 0, 0, 1, 0, 1, 1, 0]]"
144,"[2, 3, 3, 3, 2, 1, 1, 2]","[[0, 1, 0, 0, 0, 1, 1, 1], [1, 0, 0, 0, 0, 1, 1, 0], [0, 0, 0, 1, 1, 0, 0, 0], [0, 0, 0, 0, 1, 0, 0, 0], [0, 0, 1, 1, 0, 1, 0, 1], [1, 1, 0, 0, 1, 0, 1, 1], [1, 1, 0, 0, 1, 0, 0, 1], [1, 0, 0, 0, 1, 1, 1, 0]]"
145,"[2, 3, 1, 2, 1, 1, 2, 1]","[[0, 0, 0, 0, 0, 1, 0, 0], [0, 0, 0, 0, 0, 1, 0, 0], [0, 0, 0, 0, 1, 0, 0, 0], [0, 0, 0, 0, 0, 1, 0, 0], [0, 0, 1, 0, 0, 1, 0, 0], [1, 1, 0, 1, 1, 0, 1, 1], [0, 0, 0, 0, 0, 0, 0, 1], [0, 0, 0, 0, 0, 1, 1, 0]]"
146,"[2, 3, 1, 3, 2, 1, 2, 3]","[[0, 1, 0, 0, 0, 1, 1, 1], [1, 0, 1, 1, 0, 1, 1, 0], [0, 1, 0, 1, 1, 1, 0, 0], [0, 1, 1, 0, 1, 0, 0, 1], [0, 0, 1, 1, 0, 1, 0, 1], [1, 1, 1, 0, 1, 0, 1, 1], [1, 1, 0, 0, 0, 1, 0, 1], [1, 0, 0, 1, 1, 1, 1, 0]]"
147,"[2, 3, 2, 3, 1, 1, 2, 3]","[[0, 1, 0, 0, 0, 1, 1, 1], [1, 0, 1, 1, 0, 1, 0, 0], [0, 1, 0, 1, 1, 1, 0, 0], [0, 1, 1, 0, 1, 0, 0, 0], [0, 0, 1, 1, 0, 1, 0, 0], [1, 1, 1, 0, 1, 0, 1, 1], [1, 0, 0, 0, 0, 1, 0, 1], [1, 0, 0, 0, 0, 1, 1, 0]]"
148,"[2, 1, 3, 3, 2, 1, 2, 3]","[[0, 1, 0, 0, 0, 1, 1, 1], [1, 0, 0, 0, 0, 1, 1, 0], [0, 0, 0, 1, 1, 0, 0, 0], [0, 0, 0, 0, 1, 0, 0, 1], [0, 0, 1, 1, 0, 0, 0, 0], [1, 1, 0, 0, 0, 0, 1, 0], [1, 1, 0, 0, 0, 0, 0, 1], [1, 0, 0, 1, 0, 0, 1, 0]]"
149,"[2, 3, 1, 3, 2, 1, 2, 3]","[[0, 1, 0, 0, 0, 1, 1, 1], [1, 0, 0, 0, 0, 1, 0, 0], [0, 0, 0, 0, 1, 1, 0, 0], [0, 0, 0, 0, 1, 1, 0, 0], [0, 0, 1, 1, 0, 1, 0, 0], [1, 1, 1, 1, 1, 0, 1, 1], [1, 0, 0, 0, 0, 1, 0, 1], [1, 0, 0, 0, 0, 1, 1, 0]]"
150,"[2, 3, 1, 3, 2, 1, 2, 3]","[[0, 1, 0, 0, 0, 1, 1, 1], [1, 0, 1, 1, 0, 1, 1, 0], [0, 1, 0, 1, 1, 1, 0, 0], [0, 1, 0, 0, 1, 0, 0, 1], [0, 0, 1, 1, 0, 1, 0, 1], [1, 1, 1, 0, 1, 0, 1, 1], [1, 1, 0, 0, 0, 1, 0, 1], [1, 0, 0, 1, 1, 1, 1, 0]]"
151,"[2, 3, 1, 3, 2, 1, 2, 3]","[[0, 0, 0, 0, 0, 1, 1, 1], [0, 0, 0, 0, 0, 1, 1, 0], [0, 0, 0, 1, 1, 0, 0, 0], [0, 0, 1, 0, 0, 0, 0, 1], [0, 0, 1, 0, 0, 1, 0, 0], [1, 1, 0, 0, 1, 0, 1, 1], [1, 1, 0, 0, 1, 0, 0, 1], [1, 0, 0, 1, 0, 1, 1, 0]]"
152,"[1, 3, 3, 3, 2, 1, 2, 3]","[[0, 1, 0, 0, 0, 1, 1, 0], [1, 0, 0, 0, 0, 1, 1, 0], [0, 0, 0, 0, 1, 0, 0, 0], [0, 0, 0, 0, 1, 0, 0, 0], [0, 0, 1, 1, 0, 0, 0, 0], [1, 1, 0, 0, 0, 0, 1, 1], [1, 1, 0, 0, 0, 0, 0, 1], [0, 0, 0, 0, 0, 1, 1, 0]]"
153,"[2, 1, 3, 3, 2, 1, 2, 3]","[[0, 1, 0, 0, 0, 1, 1, 0], [1, 0, 0, 0, 0, 1, 1, 0], [0, 0, 0, 1, 1, 0, 0, 0], [0, 0, 0, 0, 1, 0, 0, 1], [0, 0, 1, 1, 0, 1, 0, 0], [1, 1, 0, 0, 1, 0, 1, 1], [1, 1, 0, 0, 1, 0, 0, 1], [0, 0, 0, 1, 0, 1, 1, 0]]"
154,"[2, 3, 3, 3, 2, 1, 1, 2]","[[0, 1, 0, 0, 0, 1, 1, 1], [1, 0, 0, 0, 0, 1, 1, 0], [0, 0, 0, 1, 1, 0, 0, 0], [0, 0, 1, 0, 1, 0, 0, 1], [0, 0, 1, 1, 0, 1, 0, 1], [1, 1, 0, 0, 1, 0, 1, 1], [1, 1, 0, 0, 1, 0, 0, 1], [1, 0, 0, 1, 1, 1, 1, 0]]"
155,"[2, 3, 1, 3, 2, 1, 2, 3]","[[0, 1, 0, 0, 0, 1, 1, 0], [1, 0, 1, 1, 0, 1, 1, 0], [0, 1, 0, 1, 1, 0, 0, 0], [0, 1, 1, 0, 1, 0, 0, 1], [0, 0, 1, 1, 0, 1, 0, 0], [1, 1, 0, 0, 1, 0, 1, 1], [1, 1, 0, 0, 1, 0, 0, 1], [0, 0, 0, 1, 0, 1, 1, 0]]"
156,"[2, 3, 1, 3, 2, 1, 2, 3]","[[0, 1, 0, 0, 0, 1, 1, 0], [1, 0, 1, 0, 0, 1, 1, 0], [0, 1, 0, 1, 1, 0, 0, 0], [0, 0, 1, 0, 1, 0, 0, 1], [0, 0, 1, 1, 0, 1, 0, 0], [1, 1, 0, 0, 1, 0, 1, 1], [1, 1, 0, 0, 0, 1, 0, 1], [0, 0, 0, 1, 0, 1, 1, 0]]"
157,"[2, 3, 2, 3, 1, 1, 1, 2]","[[0, 0, 0, 0, 0, 1, 1, 1], [0, 0, 0, 0, 0, 1, 1, 0], [0, 0, 0, 0, 1, 0, 0, 0], [0, 0, 0, 0, 1, 0, 0, 0], [0, 0, 1, 1, 0, 1, 0, 0], [1, 1, 0, 0, 1, 0, 1, 1], [1, 1, 0, 0, 0, 1, 0, 1], [1, 0, 0, 0, 0, 1, 1, 0]]"
158,"[1, 3, 2, 3, 2, 1, 2, 3]","[[0, 1, 0, 0, 0, 1, 1, 1], [1, 0, 0, 1, 0, 1, 1, 0], [0, 0, 0, 1, 1, 0, 0, 0], [0, 1, 1, 0, 1, 0, 0, 1], [0, 0, 1, 1, 0, 1, 0, 1], [1, 1, 0, 0, 1, 0, 1, 1], [1, 1, 0, 0, 0, 0, 0, 1], [1, 0, 0, 1, 1, 1, 1, 0]]"
159,"[1, 2, 3, 2, 3, 1, 2, 3]","[[0, 1, 0, 0, 0, 1, 1, 0], [1, 0, 0, 0, 0, 1, 1, 0], [0, 0, 0, 0, 0, 0, 0, 0], [0, 0, 0, 0, 0, 0, 0, 0], [0, 0, 0, 0, 0, 0, 0, 0], [1, 1, 0, 0, 0, 0, 1, 0], [1, 1, 0, 0, 0, 1, 0, 1], [0, 0, 0, 0, 0, 0, 1, 0]]"
160,"[2, 1, 3, 3, 2, 1, 2, 3]","[[0, 1, 0, 0, 0, 1, 1, 1], [1, 0, 0, 0, 0, 1, 1, 0], [0, 0, 0, 1, 1, 0, 0, 0], [0, 0, 0, 0, 1, 0, 0, 1], [0, 0, 1, 1, 0, 1, 0, 0], [1, 1, 0, 0, 1, 0, 1, 1], [1, 1, 0, 0, 1, 0, 0, 1], [1, 0, 0, 1, 0, 1, 1, 0]]"
161,"[2, 3, 1, 3, 2, 1, 2, 3]","[[0, 1, 0, 0, 0, 1, 1, 0], [1, 0, 1, 0, 0, 1, 1, 0], [0, 1, 0, 1, 1, 0, 0, 0], [0, 0, 1, 0, 1, 0, 0, 1], [0, 0, 1, 1, 0, 1, 0, 0], [1, 1, 0, 0, 1, 0, 1, 1], [1, 1, 0, 0, 0, 1, 0, 1], [0, 0, 0, 1, 0, 1, 1, 0]]"
162,"[2, 3, 1, 3, 2, 1, 2, 1]","[[0, 1, 0, 0, 0, 1, 1, 1], [1, 0, 1, 0, 0, 1, 1, 0], [0, 1, 0, 1, 1, 0, 0, 0], [0, 0, 0, 0, 1, 0, 0, 1], [0, 0, 1, 1, 0, 0, 0, 0], [1, 1, 0, 0, 0, 0, 1, 1], [1, 1, 0, 0, 0, 1, 0, 1], [1, 0, 0, 1, 0, 1, 1, 0]]"
163,"[2, 3, 1, 3, 2, 1, 2, 3]","[[0, 0, 1, 0, 0, 1, 1, 0], [0, 0, 0, 0, 0, 0, 0, 0], [1, 0, 0, 1, 1, 1, 1, 1], [0, 0, 1, 0, 1, 0, 0, 1], [0, 0, 1, 1, 0, 1, 0, 0], [1, 0, 1, 0, 1, 0, 1, 1], [1, 0, 1, 1, 0, 0, 0, 1], [0, 0, 1, 1, 0, 1, 1, 0]]"
164,"[1, 3, 2, 3, 2, 1, 2, 3]","[[0, 1, 0, 0, 0, 1, 1, 0], [1, 0, 0, 0, 0, 1, 0, 0], [0, 0, 0, 1, 1, 0, 0, 0], [0, 0, 1, 0, 1, 0, 0, 0], [0, 0, 1, 1, 0, 1, 0, 0], [1, 1, 0, 0, 1, 0, 1, 1], [1, 0, 0, 0, 0, 0, 0, 1], [0, 0, 0, 0, 0, 1, 1, 0]]"
165,"[2, 1, 3, 3, 2, 1, 2, 3]","[[0, 1, 0, 0, 0, 1, 1, 1], [1, 0, 0, 0, 0, 1, 1, 0], [0, 0, 0, 1, 1, 0, 0, 0], [0, 0, 0, 0, 1, 0, 0, 1], [0, 0, 1, 1, 0, 1, 0, 0], [1, 1, 0, 0, 1, 0, 1, 1], [1, 1, 0, 0, 1, 0, 0, 1], [1, 0, 0, 1, 0, 1, 1, 0]]"
166,"[1, 3, 2, 3, 2, 1, 2, 3]","[[0, 1, 0, 0, 0, 1, 1, 1], [1, 0, 0, 0, 0, 1, 1, 0], [0, 0, 0, 0, 1, 0, 0, 0], [0, 0, 0, 0, 1, 0, 0, 0], [0, 0, 1, 1, 0, 1, 0, 0], [1, 1, 0, 0, 1, 0, 1, 1], [1, 1, 0, 0, 0, 1, 0, 1], [1, 0, 0, 0, 0, 1, 1, 0]]"
167,"[2, 3, 1, 3, 2, 1, 2, 3]","[[0, 1, 0, 0, 0, 1, 1, 0], [1, 0, 1, 0, 0, 1, 1, 0], [0, 1, 0, 1, 1, 0, 0, 0], [0, 0, 0, 0, 1, 0, 0, 1], [0, 0, 1, 1, 0, 1, 0, 0], [1, 1, 0, 0, 1, 0, 1, 1], [1, 1, 0, 0, 0, 0, 0, 1], [0, 0, 0, 1, 0, 1, 1, 0]]"
168,"[2, 1, 2, 3, 3, 1, 2, 3]","[[0, 1, 0, 0, 0, 1, 1, 1], [1, 0, 1, 1, 0, 1, 1, 0], [0, 1, 0, 1, 1, 0, 0, 0], [0, 1, 1, 0, 1, 0, 0, 1], [0, 0, 1, 1, 0, 1, 0, 1], [1, 1, 0, 0, 1, 0, 1, 1], [1, 1, 0, 0, 0, 0, 0, 1], [1, 0, 0, 1, 1, 1, 1, 0]]"
169,"[1, 3, 2, 3, 2, 1, 2, 3]","[[0, 1, 0, 0, 0, 1, 1, 1], [1, 0, 1, 0, 0, 1, 1, 0], [0, 1, 0, 1, 1, 0, 0, 0], [0, 0, 0, 0, 1, 0, 0, 0], [0, 0, 1, 1, 0, 0, 0, 0], [1, 1, 0, 0, 0, 0, 1, 1], [1, 1, 0, 0, 0, 0, 0, 1], [1, 0, 0, 0, 0, 1, 1, 0]]"
170,"[1, 3, 2, 3, 2, 1, 2, 3]","[[0, 1, 0, 0, 0, 1, 1, 1], [1, 0, 1, 1, 0, 1, 1, 0], [0, 1, 0, 1, 1, 0, 0, 0], [0, 1, 1, 0, 1, 0, 0, 0], [0, 0, 1, 1, 0, 1, 0, 0], [1, 1, 0, 0, 1, 0, 1, 1], [1, 1, 0, 0, 0, 0, 0, 1], [1, 0, 0, 0, 0, 1, 1, 0]]"
171,"[2, 1, 3, 3, 2, 1, 2, 3]","[[0, 1, 0, 0, 0, 1, 1, 0], [1, 0, 0, 0, 0, 1, 1, 0], [0, 0, 0, 1, 1, 0, 0, 0], [0, 0, 0, 0, 1, 0, 0, 1], [0, 0, 1, 1, 0, 0, 0, 0], [1, 1, 0, 0, 0, 0, 1, 0], [1, 1, 0, 0, 0, 0, 0, 1], [0, 0, 0, 1, 0, 0, 1, 0]]"
172,"[1, 3, 2, 3, 2, 1, 2, 3]","[[0, 1, 0, 0, 0, 1, 1, 1], [1, 0, 0, 0, 0, 1, 1, 0], [0, 0, 0, 0, 1, 0, 0, 0], [0, 0, 0, 0, 1, 0, 0, 0], [0, 0, 1, 1, 0, 1, 0, 0], [1, 1, 0, 0, 1, 0, 1, 1], [1, 1, 0, 0, 0, 0, 0, 1], [1, 0, 0, 0, 0, 1, 1, 0]]"
173,"[2, 3, 1, 3, 2, 1, 2, 3]","[[0, 1, 0, 0, 0, 1, 1, 0], [1, 0, 1, 0, 0, 1, 1, 0], [0, 1, 0, 1, 1, 0, 0, 0], [0, 0, 1, 0, 1, 0, 0, 1], [0, 0, 1, 0, 0, 1, 0, 0], [1, 1, 0, 0, 0, 0, 1, 1], [1, 1, 0, 0, 0, 0, 0, 1], [0, 0, 0, 1, 0, 1, 1, 0]]"
174,"[2, 3, 1, 3, 2, 1, 2, 3]","[[0, 1, 0, 0, 0, 1, 1, 1], [1, 0, 1, 1, 0, 1, 1, 0], [0, 1, 0, 1, 1, 0, 0, 0], [0, 1, 1, 0, 1, 0, 0, 1], [0, 0, 1, 1, 0, 1, 0, 0], [1, 1, 0, 0, 1, 0, 1, 1], [1, 1, 0, 0, 0, 0, 0, 1], [1, 0, 0, 1, 0, 1, 1, 0]]"
175,"[2, 3, 1, 3, 2, 1, 2, 3]","[[0, 0, 0, 0, 0, 1, 1, 0], [0, 0, 0, 0, 0, 0, 0, 0], [0, 0, 0, 1, 1, 1, 0, 0], [0, 0, 1, 0, 1, 0, 0, 0], [0, 0, 1, 1, 0, 1, 0, 0], [1, 0, 1, 0, 1, 0, 1, 1], [1, 0, 0, 0, 0, 1, 0, 1], [0, 0, 0, 0, 0, 1, 1, 0]]"
176,"[1, 3, 2, 3, 2, 1, 2, 3]","[[0, 1, 0, 0, 0, 1, 1, 0], [1, 0, 1, 0, 0, 1, 1, 0], [0, 1, 0, 1, 1, 0, 0, 0], [0, 0, 1, 0, 1, 0, 0, 1], [0, 0, 1, 1, 0, 1, 0, 0], [1, 1, 0, 0, 1, 0, 1, 1], [1, 1, 0, 0, 1, 0, 0, 1], [0, 0, 0, 1, 0, 1, 1, 0]]"
177,"[1, 3, 3, 2, 2, 1, 1, 2]","[[0, 1, 0, 0, 0, 1, 1, 1], [1, 0, 0, 0, 0, 1, 1, 0], [0, 0, 0, 1, 1, 0, 0, 0], [0, 0, 0, 0, 1, 0, 0, 1], [0, 0, 1, 1, 0, 0, 0, 0], [1, 1, 0, 0, 0, 0, 1, 1], [1, 1, 0, 0, 0, 1, 0, 1], [1, 0, 0, 1, 0, 1, 1, 0]]"
178,"[1, 3, 2, 3, 2, 1, 1, 2]","[[0, 1, 0, 0, 0, 1, 1, 1], [1, 0, 1, 0, 0, 1, 1, 0], [0, 1, 0, 1, 1, 0, 0, 0], [0, 0, 1, 0, 1, 0, 0, 0], [0, 0, 1, 1, 0, 1, 0, 0], [1, 1, 0, 0, 1, 0, 1, 1], [1, 1, 0, 0, 1, 1, 0, 1], [1, 0, 0, 0, 0, 1, 1, 0]]"
179,"[2, 3, 1, 3, 2, 1, 2, 3]","[[0, 1, 0, 0, 0, 1, 1, 0], [1, 0, 1, 0, 0, 1, 1, 0], [0, 1, 0, 1, 1, 0, 0, 0], [0, 0, 1, 0, 1, 0, 0, 1], [0, 0, 1, 1, 0, 1, 0, 0], [1, 1, 0, 0, 1, 0, 1, 1], [1, 1, 0, 0, 0, 0, 0, 1], [0, 0, 0, 1, 0, 1, 1, 0]]"
180,"[2, 1, 2, 3, 3, 1, 2, 3]","[[0, 1, 0, 0, 0, 1, 1, 1], [1, 0, 1, 0, 0, 1, 1, 0], [0, 1, 0, 1, 1, 0, 0, 0], [0, 0, 1, 0, 1, 0, 0, 1], [0, 0, 1, 1, 0, 0, 0, 1], [1, 1, 0, 0, 0, 0, 1, 1], [1, 1, 0, 0, 0, 1, 0, 1], [1, 0, 0, 1, 1, 1, 1, 0]]"
181,"[2, 3, 1, 3, 2, 1, 2, 1]","[[0, 1, 0, 0, 0, 1, 1, 1], [1, 0, 1, 1, 0, 1, 1, 0], [0, 1, 0, 1, 1, 1, 0, 0], [0, 1, 1, 0, 1, 0, 0, 1], [0, 0, 1, 1, 0, 1, 0, 1], [1, 1, 1, 0, 1, 0, 1, 1], [1, 1, 0, 0, 0, 1, 0, 1], [1, 0, 0, 1, 1, 1, 1, 0]]"
182,"[1, 3, 2, 3, 2, 1, 2, 3]","[[0, 1, 1, 0, 0, 1, 1, 0], [1, 0, 0, 1, 0, 1, 0, 0], [1, 0, 0, 1, 1, 0, 0, 0], [0, 1, 1, 0, 1, 0, 0, 1], [0, 0, 1, 1, 0, 0, 0, 0], [1, 1, 0, 0, 0, 0, 1, 1], [1, 0, 0, 0, 0, 1, 0, 1], [0, 0, 0, 1, 0, 1, 1, 0]]"
183,"[1, 2, 3, 2, 3, 1, 2, 1]","[[0, 1, 0, 0, 0, 1, 1, 0], [1, 0, 0, 0, 0, 1, 1, 0], [0, 0, 0, 0, 1, 0, 0, 0], [0, 0, 0, 0, 1, 1, 0, 0], [0, 0, 1, 1, 0, 1, 0, 0], [1, 1, 0, 1, 1, 0, 1, 1], [1, 1, 0, 0, 0, 1, 0, 1], [0, 0, 0, 0, 0, 1, 1, 0]]"
184,"[2, 3, 1, 3, 2, 1, 2, 1]","[[0, 0, 0, 0, 0, 1, 1, 1], [0, 0, 0, 0, 0, 1, 1, 0], [0, 0, 0, 0, 1, 1, 0, 0], [0, 0, 0, 0, 0, 0, 0, 1], [0, 0, 1, 0, 0, 1, 0, 0], [1, 1, 1, 0, 1, 0, 1, 1], [1, 1, 0, 0, 0, 1, 0, 1], [1, 0, 0, 1, 0, 1, 1, 0]]"
185,"[2, 3, 2, 3, 1, 1, 1, 2]","[[0, 1, 0, 0, 0, 1, 1, 0], [1, 0, 1, 0, 0, 1, 1, 0], [0, 1, 0, 1, 1, 0, 0, 0], [0, 0, 1, 0, 1, 0, 0, 0], [0, 0, 1, 1, 0, 1, 0, 1], [1, 1, 0, 0, 1, 0, 1, 1], [1, 1, 0, 0, 1, 0, 0, 1], [0, 0, 0, 0, 1, 1, 1, 0]]"
186,"[2, 3, 1, 3, 2, 1, 2, 1]","[[0, 1, 0, 0, 0, 1, 1, 1], [1, 0, 1, 1, 0, 1, 1, 0], [0, 1, 0, 1, 1, 1, 0, 0], [0, 1, 1, 0, 1, 1, 0, 1], [0, 0, 1, 1, 0, 1, 0, 1], [1, 1, 1, 1, 1, 0, 1, 1], [1, 1, 0, 0, 0, 1, 0, 1], [1, 0, 0, 1, 1, 1, 1, 0]]"
187,"[2, 3, 1, 3, 2, 1, 2, 1]","[[0, 1, 0, 0, 0, 1, 1, 1], [1, 0, 1, 1, 0, 1, 1, 0], [0, 1, 0, 1, 1, 1, 0, 0], [0, 1, 1, 0, 1, 0, 0, 0], [0, 0, 1, 1, 0, 1, 0, 1], [1, 1, 1, 0, 1, 0, 1, 1], [1, 1, 0, 0, 0, 0, 0, 1], [1, 0, 0, 0, 1, 1, 1, 0]]"
188,"[1, 3, 2, 3, 2, 1, 2, 3]","[[0, 1, 0, 0, 0, 1, 1, 0], [1, 0, 0, 0, 0, 1, 1, 0], [0, 0, 0, 1, 1, 0, 0, 0], [0, 0, 1, 0, 1, 0, 0, 0], [0, 0, 1, 1, 0, 1, 0, 1], [1, 1, 0, 0, 1, 0, 1, 1], [1, 1, 0, 0, 0, 1, 0, 1], [0, 0, 0, 0, 1, 1, 1, 0]]"
189,"[2, 3, 1, 3, 1, 1, 2, 2]","[[0, 1, 0, 0, 1, 1, 1, 1], [1, 0, 0, 0, 0, 1, 1, 1], [0, 0, 0, 1, 1, 1, 0, 1], [0, 0, 1, 0, 1, 1, 1, 0], [1, 0, 1, 1, 0, 1, 1, 0], [1, 1, 1, 1, 1, 0, 1, 1], [1, 1, 0, 1, 1, 1, 0, 1], [1, 1, 1, 0, 0, 1, 1, 0]]"
190,"[1, 2, 3, 2, 3, 1, 1, 2]","[[0, 1, 0, 0, 0, 1, 1, 1], [1, 0, 0, 0, 0, 1, 1, 0], [0, 0, 0, 0, 0, 0, 0, 0], [0, 0, 0, 0, 0, 1, 0, 0], [0, 0, 0, 0, 0, 0, 0, 0], [1, 1, 0, 1, 0, 0, 1, 1], [1, 1, 0, 0, 0, 0, 0, 1], [1, 0, 0, 0, 0, 1, 1, 0]]"
191,"[2, 3, 2, 3, 1, 1, 1, 2]","[[0, 1, 0, 0, 0, 1, 1, 0], [1, 0, 1, 0, 0, 1, 0, 0], [0, 1, 0, 1, 1, 0, 0, 0], [0, 0, 1, 0, 1, 0, 0, 0], [0, 0, 1, 1, 0, 1, 0, 0], [1, 1, 0, 0, 1, 0, 1, 1], [1, 0, 0, 0, 1, 0, 0, 1], [0, 0, 0, 0, 0, 1, 1, 0]]"
192,"[2, 1, 2, 3, 3, 1, 2, 3]","[[0, 1, 0, 0, 0, 1, 1, 1], [1, 0, 1, 1, 0, 1, 1, 0], [0, 1, 0, 1, 1, 0, 0, 0], [0, 1, 1, 0, 1, 0, 0, 1], [0, 0, 1, 1, 0, 0, 0, 0], [1, 1, 0, 0, 0, 0, 1, 1], [1, 1, 0, 0, 0, 0, 0, 1], [1, 0, 0, 1, 0, 1, 1, 0]]"
193,"[2, 3, 2, 3, 1, 1, 2, 3]","[[0, 1, 0, 0, 1, 1, 1, 1], [1, 0, 1, 1, 0, 1, 0, 0], [0, 1, 0, 1, 1, 1, 0, 0], [0, 1, 1, 0, 1, 1, 0, 0], [1, 0, 1, 1, 0, 1, 1, 0], [1, 1, 1, 1, 1, 0, 1, 1], [1, 0, 0, 0, 1, 1, 0, 1], [1, 0, 0, 0, 0, 1, 1, 0]]"
194,"[2, 3, 1, 2, 1, 3, 2, 1]","[[0, 1, 0, 1, 0, 1, 0, 1], [1, 0, 1, 0, 0, 1, 1, 0], [0, 1, 0, 1, 1, 0, 0, 0], [1, 0, 0, 0, 1, 1, 0, 0], [0, 0, 1, 1, 0, 0, 0, 0], [1, 1, 0, 1, 0, 0, 1, 1], [0, 0, 0, 0, 0, 0, 0, 1], [1, 0, 0, 0, 0, 1, 1, 0]]"
195,"[2, 1, 3, 3, 2, 1, 2, 3]","[[0, 1, 0, 0, 0, 1, 1, 1], [1, 0, 0, 0, 0, 1, 1, 0], [0, 0, 0, 1, 1, 0, 0, 0], [0, 0, 0, 0, 1, 0, 0, 1], [0, 0, 1, 1, 0, 0, 0, 0], [1, 1, 0, 0, 0, 0, 1, 1], [1, 1, 0, 0, 0, 0, 0, 1], [1, 0, 0, 1, 0, 1, 1, 0]]"
196,"[1, 2, 3, 2, 3, 1, 2, 3]","[[0, 1, 0, 0, 0, 1, 1, 0], [1, 0, 0, 1, 0, 1, 1, 0], [0, 0, 0, 0, 0, 0, 0, 0], [0, 1, 0, 0, 0, 1, 0, 0], [0, 0, 0, 0, 0, 0, 0, 0], [1, 1, 0, 1, 0, 0, 1, 1], [1, 1, 0, 0, 0, 0, 0, 1], [0, 0, 0, 0, 0, 1, 1, 0]]"
197,"[2, 3, 1, 3, 2, 1, 2, 3]","[[0, 1, 0, 0, 0, 1, 1, 0], [1, 0, 1, 0, 0, 0, 1, 0], [0, 1, 0, 1, 1, 0, 0, 0], [0, 0, 1, 0, 1, 0, 0, 1], [0, 0, 1, 1, 0, 1, 0, 0], [1, 0, 0, 0, 1, 0, 1, 1], [1, 1, 0, 0, 0, 0, 0, 1], [0, 0, 0, 1, 0, 1, 1, 0]]"
198,"[2, 3, 1, 3, 2, 1, 2, 3]","[[0, 1, 0, 0, 0, 1, 1, 1], [1, 0, 1, 1, 0, 1, 1, 0], [0, 1, 0, 1, 1, 1, 0, 0], [0, 1, 1, 0, 1, 0, 0, 1], [0, 0, 1, 1, 0, 1, 0, 1], [1, 1, 1, 0, 1, 0, 1, 1], [1, 1, 0, 0, 0, 1, 0, 1], [1, 0, 0, 1, 1, 1, 1, 0]]"
199,"[2, 3, 1, 3, 2, 1, 2, 3]","[[0, 1, 0, 0, 0, 1, 1, 1], [1, 0, 1, 1, 0, 1, 1, 0], [0, 1, 0, 1, 1, 1, 0, 0], [0, 1, 1, 0, 1, 0, 0, 1], [0, 0, 1, 1, 0, 1, 0, 1], [1, 1, 1, 0, 1, 0, 1, 1], [1, 1, 0, 0, 0, 1, 0, 1], [1, 0, 0, 1, 1, 1, 1, 0]]"
200,"[1, 2, 3, 2, 3, 1, 2, 2]","[[0, 1, 0, 0, 0, 1, 1, 0], [1, 0, 0, 0, 0, 1, 1, 0], [0, 0, 0, 0, 0, 0, 0, 0], [0, 0, 0, 0, 1, 0, 0, 0], [0, 0, 1, 1, 0, 0, 0, 0], [1, 1, 0, 0, 0, 0, 1, 0], [1, 1, 0, 0, 0, 0, 0, 1], [0, 0, 0, 0, 0, 0, 1, 0]]"
201,"[2, 1, 3, 3, 2, 1, 2, 3]","[[0, 1, 0, 0, 0, 1, 1, 1], [1, 0, 0, 0, 0, 1, 1, 0], [0, 0, 0, 1, 1, 0, 0, 0], [0, 0, 0, 0, 1, 0, 0, 1], [0, 0, 1, 1, 0, 1, 0, 0], [1, 1, 0, 0, 1, 0, 1, 1], [1, 1, 0, 0, 1, 0, 0, 1], [1, 0, 0, 1, 0, 1, 1, 0]]"
202,"[2, 3, 1, 3, 2, 1, 2, 1]","[[0, 0, 0, 0, 0, 1, 1, 1], [0, 0, 0, 0, 0, 1, 1, 0], [0, 0, 0, 0, 1, 1, 0, 1], [0, 0, 0, 0, 0, 1, 0, 0], [0, 0, 1, 0, 0, 1, 0, 0], [1, 1, 1, 1, 1, 0, 1, 1], [1, 1, 0, 0, 0, 1, 0, 1], [1, 0, 1, 0, 0, 1, 1, 0]]"
203,"[2, 3, 1, 2, 1, 1, 3, 2]","[[0, 0, 0, 0, 0, 1, 1, 0], [0, 0, 0, 0, 0, 1, 0, 0], [0, 0, 0, 0, 1, 1, 0, 0], [0, 0, 0, 0, 0, 1, 0, 0], [0, 0, 1, 0, 0, 1, 0, 0], [1, 1, 1, 1, 1, 0, 1, 1], [1, 0, 0, 0, 0, 1, 0, 1], [0, 0, 0, 0, 0, 1, 1, 0]]"
204,"[1, 3, 3, 2, 2, 1, 2, 3]","[[0, 1, 0, 0, 0, 1, 1, 1], [1, 0, 0, 0, 0, 1, 1, 0], [0, 0, 0, 0, 1, 0, 0, 0], [0, 0, 0, 0, 1, 0, 0, 1], [0, 0, 1, 1, 0, 1, 0, 0], [1, 1, 0, 0, 1, 0, 1, 1], [1, 1, 0, 0, 0, 1, 0, 1], [1, 0, 0, 1, 0, 1, 1, 0]]"
205,"[2, 3, 1, 3, 2, 1, 2, 3]","[[0, 1, 0, 0, 0, 1, 1, 1], [1, 0, 1, 1, 0, 1, 1, 0], [0, 1, 0, 1, 1, 1, 0, 0], [0, 1, 0, 0, 1, 0, 0, 1], [0, 0, 1, 1, 0, 1, 0, 1], [1, 1, 1, 0, 1, 0, 1, 1], [1, 1, 0, 0, 0, 1, 0, 1], [1, 0, 0, 1, 1, 1, 1, 0]]"
206,"[1, 3, 3, 2, 2, 1, 2, 3]","[[0, 1, 0, 0, 0, 1, 1, 0], [1, 0, 0, 0, 0, 1, 1, 0], [0, 0, 0, 0, 0, 0, 0, 0], [0, 0, 0, 0, 1, 0, 0, 0], [0, 0, 1, 1, 0, 0, 0, 0], [1, 1, 0, 0, 0, 0, 1, 0], [1, 1, 0, 0, 0, 0, 0, 1], [0, 0, 0, 0, 0, 0, 1, 0]]"
207,"[2, 3, 1, 3, 2, 1, 2, 3]","[[0, 1, 0, 0, 0, 1, 1, 1], [1, 0, 0, 0, 0, 1, 1, 0], [0, 0, 0, 0, 1, 0, 0, 0], [0, 0, 0, 0, 1, 1, 0, 0], [0, 0, 1, 1, 0, 1, 0, 0], [1, 1, 0, 1, 1, 0, 1, 1], [1, 1, 0, 0, 0, 0, 0, 1], [1, 0, 0, 0, 0, 1, 1, 0]]"
208,"[2, 3, 1, 3, 2, 1, 2, 3]","[[0, 0, 0, 0, 0, 1, 1, 1], [0, 0, 0, 0, 0, 1, 1, 0], [0, 0, 0, 0, 1, 1, 0, 0], [0, 0, 0, 0, 0, 0, 0, 0], [0, 0, 1, 0, 0, 1, 0, 0], [1, 1, 1, 0, 1, 0, 1, 1], [1, 1, 0, 0, 0, 1, 0, 1], [1, 0, 0, 0, 0, 1, 1, 0]]"
209,"[2, 3, 1, 3, 2, 1, 2, 3]","[[0, 0, 1, 0, 0, 1, 1, 0], [0, 0, 0, 0, 0, 0, 0, 0], [1, 0, 0, 1, 1, 1, 0, 0], [0, 0, 1, 0, 1, 0, 0, 1], [0, 0, 1, 1, 0, 1, 0, 0], [1, 0, 1, 0, 1, 0, 1, 1], [1, 0, 0, 0, 0, 1, 0, 1], [0, 0, 0, 1, 0, 1, 1, 0]]"
210,"[2, 3, 1, 3, 2, 1, 2, 1]","[[0, 1, 0, 0, 0, 1, 1, 1], [1, 0, 1, 1, 0, 1, 1, 0], [0, 1, 0, 1, 1, 1, 0, 0], [0, 1, 0, 0, 1, 1, 0, 1], [0, 0, 1, 1, 0, 1, 0, 1], [1, 1, 1, 1, 1, 0, 1, 1], [1, 1, 0, 0, 0, 1, 0, 1], [1, 0, 0, 1, 1, 1, 1, 0]]"
211,"[2, 3, 1, 3, 2, 1, 2, 3]","[[0, 1, 0, 0, 0, 1, 1, 0], [1, 0, 1, 0, 0, 0, 1, 0], [0, 1, 0, 1, 1, 0, 0, 0], [0, 0, 1, 0, 1, 0, 0, 0], [0, 0, 1, 1, 0, 1, 0, 0], [1, 0, 0, 0, 1, 0, 1, 1], [1, 1, 0, 0, 0, 0, 0, 1], [0, 0, 0, 0, 0, 1, 1, 0]]"
212,"[1, 3, 2, 3, 2, 1, 2, 3]","[[0, 1, 0, 0, 0, 1, 1, 1], [1, 0, 0, 1, 0, 1, 1, 0], [0, 0, 0, 1, 1, 0, 0, 0], [0, 1, 1, 0, 1, 0, 0, 1], [0, 0, 1, 1, 0, 0, 0, 0], [1, 1, 0, 0, 0, 0, 1, 1], [1, 1, 0, 0, 1, 0, 0, 1], [1, 0, 0, 1, 0, 1, 1, 0]]"
213,"[2, 1, 2, 3, 3, 1, 2, 3]","[[0, 1, 0, 0, 0, 1, 1, 0], [1, 0, 1, 0, 0, 1, 1, 0], [0, 1, 0, 1, 1, 0, 0, 0], [0, 0, 1, 0, 1, 0, 0, 1], [0, 0, 1, 1, 0, 1, 0, 0], [1, 1, 0, 0, 1, 0, 1, 1], [1, 1, 0, 0, 0, 0, 0, 1], [0, 0, 0, 1, 0, 1, 1, 0]]"
214,"[2, 3, 3, 3, 2, 1, 1, 2]","[[0, 1, 0, 0, 0, 1, 1, 1], [1, 0, 0, 0, 0, 1, 1, 0], [0, 0, 0, 0, 1, 0, 0, 0], [0, 0, 0, 0, 1, 0, 0, 0], [0, 0, 1, 1, 0, 1, 0, 1], [1, 1, 0, 0, 1, 0, 1, 1], [1, 1, 0, 0, 1, 0, 0, 1], [1, 0, 0, 0, 1, 1, 1, 0]]"
215,"[1, 1, 3, 3, 2, 1, 2, 3]","[[0, 1, 0, 0, 0, 1, 1, 0], [1, 0, 0, 0, 0, 1, 1, 0], [0, 0, 0, 0, 1, 0, 0, 0], [0, 0, 0, 0, 1, 0, 0, 0], [0, 0, 1, 1, 0, 0, 0, 0], [1, 1, 0, 0, 0, 0, 1, 1], [1, 1, 0, 0, 0, 0, 0, 1], [0, 0, 0, 0, 0, 1, 1, 0]]"
216,"[2, 3, 2, 3, 1, 1, 2, 3]","[[0, 1, 0, 0, 0, 1, 1, 1], [1, 0, 1, 1, 0, 1, 1, 0], [0, 1, 0, 1, 1, 0, 0, 0], [0, 1, 1, 0, 1, 0, 0, 0], [0, 0, 1, 1, 0, 1, 0, 0], [1, 1, 0, 0, 0, 0, 1, 1], [1, 1, 0, 0, 0, 0, 0, 1], [1, 0, 0, 0, 0, 1, 1, 0]]"
217,"[2, 3, 1, 3, 2, 1, 2, 3]","[[0, 1, 0, 0, 0, 1, 1, 0], [1, 0, 1, 1, 0, 1, 1, 0], [0, 1, 0, 1, 1, 0, 0, 0], [0, 1, 0, 0, 1, 0, 0, 0], [0, 0, 1, 1, 0, 1, 0, 0], [1, 1, 0, 0, 1, 0, 1, 1], [1, 1, 0, 0, 0, 0, 0, 1], [0, 0, 0, 0, 0, 1, 1, 0]]"
218,"[2, 3, 1, 3, 2, 1, 2, 3]","[[0, 1, 0, 0, 0, 1, 1, 0], [1, 0, 1, 1, 0, 1, 0, 0], [0, 1, 0, 1, 1, 0, 0, 0], [0, 1, 1, 0, 1, 0, 0, 0], [0, 0, 1, 1, 0, 1, 0, 0], [1, 1, 0, 0, 1, 0, 1, 1], [1, 0, 0, 0, 0, 1, 0, 1], [0, 0, 0, 0, 0, 1, 1, 0]]"
219,"[1, 3, 2, 3, 2, 1, 2, 3]","[[0, 1, 0, 0, 0, 1, 1, 0], [1, 0, 0, 0, 0, 1, 0, 0], [0, 0, 0, 1, 1, 0, 0, 0], [0, 0, 1, 0, 1, 0, 0, 1], [0, 0, 1, 1, 0, 1, 0, 0], [1, 1, 0, 0, 1, 0, 1, 1], [1, 0, 0, 0, 0, 0, 0, 1], [0, 0, 0, 1, 0, 1, 1, 0]]"
220,"[1, 1, 2, 3, 3, 2, 2, 3]","[[0, 1, 1, 0, 0, 1, 1, 0], [1, 0, 1, 1, 0, 1, 1, 0], [1, 1, 0, 1, 1, 0, 0, 0], [0, 1, 1, 0, 1, 0, 0, 1], [0, 0, 1, 1, 0, 0, 0, 1], [1, 1, 0, 0, 0, 0, 1, 1], [1, 1, 0, 0, 0, 0, 0, 1], [0, 0, 0, 1, 1, 1, 1, 0]]"
221,"[2, 3, 3, 2, 1, 1, 2, 3]","[[0, 1, 0, 0, 0, 1, 1, 1], [1, 0, 0, 0, 0, 1, 1, 0], [0, 0, 0, 1, 1, 0, 0, 0], [0, 0, 0, 0, 1, 0, 0, 0], [0, 0, 1, 1, 0, 1, 0, 0], [1, 1, 0, 0, 1, 0, 1, 1], [1, 1, 0, 0, 1, 0, 0, 1], [1, 0, 0, 0, 0, 1, 1, 0]]"
222,"[2, 3, 1, 3, 2, 1, 2, 3]","[[0, 1, 0, 0, 0, 1, 1, 0], [1, 0, 1, 0, 0, 0, 1, 0], [0, 1, 0, 1, 1, 0, 0, 0], [0, 0, 1, 0, 1, 0, 0, 1], [0, 0, 1, 1, 0, 0, 0, 0], [1, 0, 0, 0, 0, 0, 1, 1], [1, 1, 0, 0, 0, 0, 0, 1], [0, 0, 0, 1, 0, 1, 1, 0]]"
223,"[2, 3, 2, 3, 1, 1, 2, 3]","[[0, 1, 0, 0, 0, 1, 0, 0], [1, 0, 1, 1, 0, 1, 0, 0], [0, 1, 0, 1, 1, 0, 0, 0], [0, 1, 1, 0, 1, 1, 0, 0], [0, 0, 1, 1, 0, 0, 0, 0], [1, 1, 0, 1, 0, 0, 1, 1], [0, 0, 0, 0, 0, 0, 0, 1], [0, 0, 0, 0, 0, 1, 1, 0]]"
224,"[2, 3, 2, 3, 1, 1, 1, 2]","[[0, 1, 0, 0, 0, 1, 1, 1], [1, 0, 1, 1, 0, 1, 1, 0], [0, 1, 0, 1, 1, 0, 0, 0], [0, 1, 1, 0, 1, 0, 0, 0], [0, 0, 1, 1, 0, 1, 0, 1], [1, 1, 0, 0, 1, 0, 1, 1], [1, 1, 0, 0, 1, 0, 0, 1], [1, 0, 0, 0, 1, 1, 1, 0]]"
225,"[2, 3, 1, 3, 2, 1, 2, 3]","[[0, 1, 0, 0, 0, 1, 1, 0], [1, 0, 1, 0, 0, 1, 1, 0], [0, 1, 0, 1, 1, 0, 0, 0], [0, 0, 1, 0, 1, 0, 0, 1], [0, 0, 1, 1, 0, 1, 0, 0], [1, 1, 0, 0, 1, 0, 1, 1], [1, 1, 0, 0, 0, 0, 0, 1], [0, 0, 0, 1, 0, 1, 1, 0]]"
226,"[2, 3, 1, 3, 1, 1, 2, 1]","[[0, 1, 0, 0, 0, 1, 1, 1], [1, 0, 0, 0, 0, 1, 1, 0], [0, 0, 0, 1, 1, 0, 0, 0], [0, 0, 0, 0, 1, 0, 0, 0], [0, 0, 1, 1, 0, 1, 0, 0], [1, 1, 0, 0, 1, 0, 1, 1], [1, 0, 0, 0, 0, 0, 0, 1], [1, 0, 0, 0, 0, 1, 1, 0]]"
227,"[1, 1, 2, 3, 3, 2, 1, 2]","[[0, 1, 0, 0, 0, 1, 1, 0], [1, 0, 1, 0, 0, 1, 1, 0], [0, 1, 0, 1, 1, 0, 0, 0], [0, 0, 1, 0, 1, 0, 0, 1], [0, 0, 1, 0, 0, 0, 0, 1], [1, 1, 0, 0, 0, 0, 1, 0], [1, 1, 0, 0, 0, 0, 0, 1], [0, 0, 0, 1, 1, 0, 1, 0]]"
228,"[1, 3, 2, 3, 2, 1, 1, 2]","[[0, 1, 0, 0, 0, 1, 1, 1], [1, 0, 0, 0, 0, 1, 1, 0], [0, 0, 0, 0, 1, 0, 0, 0], [0, 0, 0, 0, 1, 0, 0, 0], [0, 0, 1, 1, 0, 1, 0, 0], [1, 1, 0, 0, 1, 0, 1, 1], [1, 1, 0, 0, 1, 1, 0, 1], [1, 0, 0, 0, 0, 1, 1, 0]]"
229,"[2, 3, 1, 3, 2, 1, 2, 3]","[[0, 1, 0, 0, 0, 1, 1, 0], [1, 0, 1, 0, 0, 0, 1, 0], [0, 1, 0, 1, 1, 0, 0, 0], [0, 0, 1, 0, 1, 0, 0, 1], [0, 0, 1, 1, 0, 1, 0, 0], [1, 0, 0, 0, 1, 0, 1, 1], [1, 1, 0, 0, 0, 0, 0, 1], [0, 0, 0, 1, 0, 1, 1, 0]]"
230,"[2, 1, 2, 3, 3, 1, 2, 3]","[[0, 1, 0, 0, 0, 1, 1, 0], [1, 0, 1, 1, 0, 1, 1, 0], [0, 1, 0, 1, 1, 0, 0, 0], [0, 1, 1, 0, 1, 0, 0, 1], [0, 0, 1, 1, 0, 0, 0, 0], [1, 1, 0, 0, 0, 0, 1, 1], [1, 1, 0, 0, 0, 0, 0, 1], [0, 0, 0, 1, 0, 1, 1, 0]]"
231,"[2, 1, 3, 3, 2, 1, 2, 3]","[[0, 1, 0, 0, 0, 1, 1, 0], [1, 0, 1, 1, 0, 1, 1, 0], [0, 1, 0, 1, 1, 0, 0, 0], [0, 1, 1, 0, 1, 0, 0, 1], [0, 0, 1, 1, 0, 1, 0, 0], [1, 1, 0, 0, 1, 0, 1, 1], [1, 1, 0, 0, 1, 0, 0, 1], [0, 0, 0, 1, 0, 1, 1, 0]]"
232,"[2, 3, 1, 3, 2, 1, 2, 3]","[[0, 1, 0, 0, 0, 1, 1, 0], [1, 0, 1, 0, 0, 1, 1, 0], [0, 1, 0, 1, 1, 0, 0, 0], [0, 0, 1, 0, 1, 0, 0, 1], [0, 0, 1, 1, 0, 1, 0, 1], [1, 1, 0, 0, 1, 0, 1, 1], [1, 1, 0, 0, 0, 0, 0, 1], [0, 0, 0, 1, 1, 1, 1, 0]]"
233,"[2, 3, 1, 3, 2, 1, 2, 3]","[[0, 0, 1, 0, 0, 1, 1, 0], [0, 0, 0, 0, 0, 0, 0, 0], [1, 0, 0, 1, 1, 1, 0, 1], [0, 0, 1, 0, 1, 0, 0, 0], [0, 0, 1, 1, 0, 1, 0, 0], [1, 0, 1, 0, 1, 0, 1, 0], [1, 0, 0, 0, 0, 1, 0, 1], [0, 0, 1, 0, 0, 0, 1, 0]]"
234,"[1, 1, 2, 3, 3, 2, 2, 3]","[[0, 1, 0, 0, 0, 1, 1, 0], [1, 0, 1, 0, 0, 1, 1, 0], [0, 1, 0, 1, 1, 0, 0, 0], [0, 0, 1, 0, 1, 0, 0, 1], [0, 0, 1, 1, 0, 1, 0, 1], [1, 1, 0, 0, 1, 0, 1, 1], [1, 1, 0, 0, 1, 1, 0, 1], [0, 0, 0, 1, 1, 1, 1, 0]]"
235,"[1, 3, 2, 3, 2, 1, 2, 3]","[[0, 1, 0, 0, 0, 1, 1, 1], [1, 0, 0, 0, 0, 1, 1, 0], [0, 0, 0, 1, 1, 0, 0, 0], [0, 0, 1, 0, 1, 0, 0, 0], [0, 0, 1, 1, 0, 0, 0, 0], [1, 1, 0, 0, 0, 0, 1, 1], [1, 1, 0, 0, 0, 0, 0, 1], [1, 0, 0, 0, 0, 1, 1, 0]]"
236,"[2, 3, 2, 3, 1, 1, 2, 3]","[[0, 1, 0, 0, 1, 1, 1, 1], [1, 0, 1, 1, 0, 1, 0, 0], [0, 1, 0, 1, 1, 0, 0, 0], [0, 1, 1, 0, 1, 0, 0, 0], [1, 0, 1, 1, 0, 1, 1, 0], [1, 1, 0, 0, 1, 0, 1, 1], [1, 0, 0, 0, 1, 1, 0, 1], [1, 0, 0, 0, 0, 1, 1, 0]]"
237,"[1, 2, 2, 3, 3, 1, 2, 3]","[[0, 1, 0, 0, 0, 1, 1, 0], [1, 0, 1, 1, 0, 1, 1, 0], [0, 1, 0, 1, 1, 0, 0, 0], [0, 1, 1, 0, 1, 0, 0, 1], [0, 0, 1, 1, 0, 0, 0, 0], [1, 1, 0, 0, 0, 0, 1, 1], [1, 1, 0, 0, 0, 0, 0, 1], [0, 0, 0, 1, 0, 1, 1, 0]]"
238,"[2, 1, 3, 3, 2, 1, 2, 3]","[[0, 1, 0, 0, 0, 1, 1, 1], [1, 0, 1, 1, 0, 1, 1, 0], [0, 1, 0, 1, 1, 0, 0, 0], [0, 1, 1, 0, 1, 0, 0, 1], [0, 0, 1, 1, 0, 1, 0, 0], [1, 1, 0, 0, 1, 0, 1, 1], [1, 1, 0, 0, 1, 0, 0, 1], [1, 0, 0, 1, 0, 1, 1, 0]]"
239,"[2, 3, 1, 3, 2, 1, 2, 3]","[[0, 1, 0, 0, 0, 1, 1, 0], [1, 0, 1, 1, 0, 1, 1, 0], [0, 1, 0, 1, 1, 0, 0, 0], [0, 1, 1, 0, 1, 0, 0, 1], [0, 0, 1, 1, 0, 1, 0, 0], [1, 1, 0, 0, 1, 0, 1, 1], [1, 1, 0, 0, 0, 0, 0, 1], [0, 0, 0, 1, 0, 1, 1, 0]]"
240,"[1, 3, 2, 3, 2, 1, 2, 3]","[[0, 1, 0, 0, 0, 1, 1, 0], [1, 0, 0, 1, 0, 1, 0, 0], [0, 0, 0, 1, 1, 0, 0, 0], [0, 1, 1, 0, 1, 0, 0, 1], [0, 0, 1, 1, 0, 1, 0, 0], [1, 1, 0, 0, 1, 0, 1, 1], [1, 0, 0, 0, 0, 1, 0, 1], [0, 0, 0, 1, 0, 1, 1, 0]]"
241,"[1, 1, 2, 3, 3, 2, 1, 2]","[[0, 1, 0, 0, 0, 1, 1, 0], [1, 0, 1, 0, 0, 1, 1, 0], [0, 1, 0, 1, 1, 0, 0, 0], [0, 0, 1, 0, 1, 0, 0, 0], [0, 0, 1, 0, 0, 0, 0, 0], [1, 1, 0, 0, 0, 0, 1, 1], [1, 1, 0, 0, 0, 0, 0, 1], [0, 0, 0, 0, 0, 1, 1, 0]]"
242,"[1, 3, 2, 3, 2, 1, 2, 3]","[[0, 1, 0, 0, 0, 1, 1, 1], [1, 0, 0, 0, 0, 1, 1, 0], [0, 0, 0, 0, 1, 0, 0, 0], [0, 0, 0, 0, 1, 0, 0, 0], [0, 0, 1, 1, 0, 0, 0, 0], [1, 1, 0, 0, 0, 0, 1, 1], [1, 1, 0, 0, 0, 0, 0, 1], [1, 0, 0, 0, 0, 1, 1, 0]]"
243,"[2, 3, 1, 2, 1, 3, 2, 1]","[[0, 0, 0, 0, 0, 1, 0, 0], [0, 0, 0, 0, 0, 0, 0, 0], [0, 0, 0, 1, 1, 0, 0, 0], [0, 0, 0, 0, 0, 1, 0, 0], [0, 0, 1, 0, 0, 0, 0, 0], [1, 0, 0, 1, 0, 0, 1, 1], [0, 0, 0, 0, 0, 0, 0, 1], [0, 0, 0, 0, 0, 1, 1, 0]]"
244,"[2, 3, 1, 1, 2, 3, 1, 2]","[[0, 1, 0, 0, 0, 1, 0, 1], [1, 0, 0, 0, 0, 0, 1, 0], [0, 0, 0, 1, 1, 0, 0, 0], [0, 0, 0, 0, 1, 0, 0, 0], [0, 0, 1, 1, 0, 0, 0, 0], [1, 0, 0, 0, 0, 0, 1, 1], [0, 1, 0, 0, 0, 0, 0, 1], [1, 0, 0, 0, 0, 1, 1, 0]]"
245,"[1, 2, 2, 3, 3, 1, 2, 3]","[[0, 1, 0, 0, 0, 1, 1, 0], [1, 0, 0, 1, 0, 1, 1, 0], [0, 0, 0, 1, 1, 0, 0, 0], [0, 1, 0, 0, 1, 0, 0, 1], [0, 0, 1, 1, 0, 0, 0, 0], [1, 1, 0, 0, 0, 0, 1, 0], [1, 1, 0, 0, 0, 0, 0, 1], [0, 0, 0, 1, 0, 0, 1, 0]]"
246,"[2, 3, 1, 3, 2, 1, 2, 3]","[[0, 1, 0, 0, 0, 1, 1, 1], [1, 0, 1, 1, 0, 1, 1, 0], [0, 1, 0, 1, 1, 1, 0, 0], [0, 1, 1, 0, 1, 0, 0, 1], [0, 0, 1, 1, 0, 1, 0, 1], [1, 1, 1, 0, 1, 0, 1, 1], [1, 1, 0, 0, 0, 1, 0, 1], [1, 0, 0, 1, 1, 1, 1, 0]]"
247,"[1, 3, 2, 3, 2, 1, 2, 3]","[[0, 1, 0, 0, 0, 1, 1, 0], [1, 0, 1, 1, 0, 1, 1, 0], [0, 1, 0, 1, 1, 0, 0, 0], [0, 1, 1, 0, 1, 0, 0, 1], [0, 0, 1, 1, 0, 1, 0, 0], [1, 1, 0, 0, 1, 0, 1, 1], [1, 1, 0, 0, 0, 1, 0, 1], [0, 0, 0, 1, 0, 1, 1, 0]]"
248,"[1, 1, 2, 3, 3, 2, 2, 3]","[[0, 1, 0, 0, 0, 1, 1, 0], [1, 0, 1, 0, 0, 1, 1, 0], [0, 1, 0, 1, 1, 0, 0, 0], [0, 0, 1, 0, 1, 0, 0, 1], [0, 0, 1, 0, 0, 0, 0, 1], [1, 1, 0, 0, 0, 0, 1, 1], [1, 1, 0, 0, 1, 0, 0, 1], [0, 0, 0, 1, 1, 1, 1, 0]]"
249,"[1, 3, 2, 3, 2, 1, 2, 3]","[[0, 1, 0, 0, 0, 1, 1, 1], [1, 0, 0, 0, 0, 1, 1, 0], [0, 0, 0, 1, 1, 0, 0, 0], [0, 0, 1, 0, 1, 0, 0, 1], [0, 0, 1, 1, 0, 1, 0, 1], [1, 1, 0, 0, 1, 0, 1, 1], [1, 1, 0, 0, 0, 1, 0, 1], [1, 0, 0, 1, 1, 1, 1, 0]]"
250,"[2, 3, 3, 2, 3, 1, 1, 2]","[[0, 1, 0, 0, 0, 1, 1, 1], [1, 0, 0, 0, 0, 1, 1, 0], [0, 0, 0, 1, 1, 0, 0, 0], [0, 0, 0, 0, 1, 1, 0, 1], [0, 0, 1, 1, 0, 1, 0, 1], [1, 1, 0, 1, 1, 0, 1, 1], [1, 1, 0, 0, 1, 1, 0, 1], [1, 0, 0, 1, 1, 1, 1, 0]]"
251,"[2, 3, 2, 3, 1, 1, 1, 2]","[[0, 1, 0, 0, 0, 1, 1, 1], [1, 0, 1, 1, 0, 1, 1, 0], [0, 1, 0, 1, 1, 0, 0, 0], [0, 1, 1, 0, 1, 0, 0, 0], [0, 0, 1, 1, 0, 1, 0, 1], [1, 1, 0, 0, 1, 0, 1, 1], [1, 0, 0, 0, 0, 1, 0, 1], [1, 0, 0, 0, 1, 1, 1, 0]]"
252,"[2, 3, 1, 2, 3, 1, 2, 3]","[[0, 1, 0, 1, 0, 1, 0, 1], [1, 0, 1, 0, 0, 1, 0, 0], [0, 1, 0, 1, 1, 0, 0, 0], [1, 0, 0, 0, 1, 1, 0, 0], [0, 0, 1, 1, 0, 0, 0, 1], [1, 1, 0, 1, 0, 0, 1, 1], [0, 0, 0, 0, 0, 1, 0, 1], [1, 0, 0, 0, 1, 1, 1, 0]]"
253,"[2, 3, 1, 3, 2, 1, 2, 3]","[[0, 1, 0, 0, 0, 1, 1, 0], [1, 0, 1, 0, 0, 1, 1, 0], [0, 1, 0, 1, 1, 0, 0, 0], [0, 0, 1, 0, 1, 0, 0, 1], [0, 0, 1, 1, 0, 1, 0, 0], [1, 1, 0, 0, 1, 0, 1, 1], [1, 1, 0, 0, 0, 0, 0, 1], [0, 0, 0, 1, 0, 1, 1, 0]]"
254,"[1, 2, 2, 3, 3, 1, 2, 3]","[[0, 1, 0, 0, 0, 1, 1, 0], [1, 0, 0, 1, 0, 1, 0, 0], [0, 0, 0, 1, 1, 0, 0, 0], [0, 1, 1, 0, 1, 0, 0, 1], [0, 0, 1, 1, 0, 0, 0, 0], [1, 1, 0, 0, 0, 0, 1, 1], [1, 0, 0, 0, 0, 0, 0, 1], [0, 0, 0, 1, 0, 1, 1, 0]]"
255,"[2, 3, 1, 1, 2, 2, 3, 1]","[[0, 1, 0, 1, 0, 1, 0, 1], [1, 0, 1, 0, 0, 1, 0, 0], [0, 1, 0, 1, 1, 0, 0, 0], [1, 0, 0, 0, 1, 1, 0, 0], [0, 0, 1, 1, 0, 0, 0, 0], [1, 1, 0, 1, 0, 0, 1, 1], [0, 0, 0, 0, 0, 0, 0, 1], [1, 0, 0, 0, 0, 1, 1, 0]]"
256,"[1, 3, 2, 3, 2, 1, 2, 3]","[[0, 1, 0, 0, 0, 1, 1, 1], [1, 0, 0, 0, 0, 1, 1, 0], [0, 0, 0, 1, 1, 0, 0, 0], [0, 0, 0, 0, 1, 1, 0, 1], [0, 0, 1, 1, 0, 1, 0, 0], [1, 1, 0, 1, 1, 0, 1, 1], [1, 1, 0, 0, 0, 1, 0, 1], [1, 0, 0, 1, 0, 1, 1, 0]]"
257,"[2, 3, 1, 3, 1, 2, 2, 1]","[[0, 0, 0, 0, 1, 1, 1, 0], [0, 0, 0, 0, 0, 1, 0, 0], [0, 0, 0, 0, 1, 1, 0, 0], [0, 0, 0, 0, 0, 0, 0, 0], [1, 0, 1, 0, 0, 1, 0, 0], [1, 1, 1, 0, 1, 0, 1, 1], [1, 0, 0, 0, 0, 1, 0, 1], [0, 0, 0, 0, 0, 1, 1, 0]]"
258,"[2, 3, 1, 3, 2, 1, 2, 1]","[[0, 1, 0, 0, 0, 1, 0, 1], [1, 0, 1, 0, 0, 1, 1, 0], [0, 1, 0, 1, 1, 0, 0, 0], [0, 0, 1, 0, 1, 1, 0, 0], [0, 0, 1, 1, 0, 0, 0, 1], [1, 1, 0, 1, 0, 0, 1, 1], [0, 1, 0, 0, 0, 1, 0, 1], [1, 0, 0, 0, 1, 1, 1, 0]]"
259,"[2, 3, 3, 2, 1, 1, 2, 3]","[[0, 1, 0, 0, 0, 1, 1, 1], [1, 0, 0, 1, 0, 1, 1, 0], [0, 0, 0, 1, 1, 0, 0, 0], [0, 1, 0, 0, 1, 0, 0, 1], [0, 0, 1, 1, 0, 0, 0, 0], [1, 1, 0, 0, 0, 0, 1, 1], [1, 1, 0, 0, 0, 0, 0, 1], [1, 0, 0, 1, 0, 1, 1, 0]]"
260,"[2, 3, 1, 3, 2, 1, 2, 3]","[[0, 1, 0, 0, 0, 1, 1, 1], [1, 0, 1, 1, 0, 1, 1, 0], [0, 1, 0, 1, 1, 1, 0, 0], [0, 1, 1, 0, 1, 0, 0, 1], [0, 0, 1, 1, 0, 1, 0, 0], [1, 1, 1, 0, 1, 0, 1, 1], [1, 1, 0, 0, 0, 1, 0, 1], [1, 0, 0, 1, 0, 1, 1, 0]]"
261,"[2, 3, 1, 3, 1, 2, 2, 1]","[[0, 1, 0, 0, 0, 1, 0, 0], [1, 0, 0, 0, 0, 1, 0, 0], [0, 0, 0, 1, 1, 0, 0, 0], [0, 0, 1, 0, 1, 0, 0, 0], [0, 0, 1, 1, 0, 0, 0, 0], [1, 1, 0, 0, 0, 0, 1, 1], [0, 0, 0, 0, 0, 1, 0, 1], [0, 0, 0, 0, 0, 1, 1, 0]]"
262,"[1, 1, 2, 3, 3, 2, 1, 2]","[[0, 1, 0, 0, 0, 1, 1, 0], [1, 0, 1, 0, 0, 1, 1, 0], [0, 1, 0, 1, 1, 0, 0, 0], [0, 0, 1, 0, 1, 0, 0, 1], [0, 0, 1, 0, 0, 1, 0, 0], [1, 1, 0, 0, 0, 0, 1, 1], [1, 1, 0, 0, 1, 0, 0, 1], [0, 0, 0, 1, 0, 1, 1, 0]]"
263,"[2, 3, 1, 1, 2, 1, 3, 2]","[[0, 0, 0, 0, 0, 1, 1, 0], [0, 0, 0, 0, 0, 1, 0, 0], [0, 0, 0, 0, 1, 0, 0, 0], [0, 0, 0, 0, 0, 1, 0, 0], [0, 0, 1, 0, 0, 0, 0, 0], [1, 1, 0, 1, 0, 0, 1, 1], [1, 0, 0, 0, 0, 0, 0, 1], [0, 0, 0, 0, 0, 1, 1, 0]]"
264,"[2, 3, 1, 2, 1, 2, 3, 1]","[[0, 0, 0, 0, 0, 1, 0, 0], [0, 0, 0, 0, 0, 1, 0, 0], [0, 0, 0, 0, 1, 0, 0, 0], [0, 0, 0, 0, 0, 1, 0, 1], [0, 0, 1, 0, 0, 1, 0, 0], [1, 1, 0, 1, 1, 0, 1, 1], [0, 0, 0, 0, 0, 1, 0, 1], [0, 0, 0, 1, 0, 1, 1, 0]]"
265,"[2, 3, 1, 3, 2, 1, 2, 3]","[[0, 1, 0, 0, 0, 1, 1, 1], [1, 0, 1, 1, 0, 1, 1, 0], [0, 1, 0, 1, 1, 1, 0, 0], [0, 1, 1, 0, 1, 0, 0, 1], [0, 0, 1, 1, 0, 1, 0, 1], [1, 1, 1, 0, 1, 0, 1, 1], [1, 1, 0, 0, 0, 1, 0, 1], [1, 0, 0, 1, 1, 1, 1, 0]]"
266,"[2, 3, 3, 2, 1, 1, 2, 3]","[[0, 1, 0, 0, 0, 1, 1, 1], [1, 0, 0, 1, 0, 1, 1, 0], [0, 0, 0, 1, 1, 0, 0, 0], [0, 1, 0, 0, 1, 0, 0, 0], [0, 0, 1, 1, 0, 1, 0, 1], [1, 1, 0, 0, 1, 0, 1, 1], [1, 1, 0, 0, 1, 0, 0, 1], [1, 0, 0, 0, 1, 1, 1, 0]]"
267,"[2, 3, 1, 3, 2, 1, 2, 3]","[[0, 1, 0, 0, 0, 1, 0, 1], [1, 0, 1, 0, 0, 1, 1, 0], [0, 1, 0, 1, 1, 0, 0, 0], [0, 0, 1, 0, 1, 1, 0, 0], [0, 0, 1, 1, 0, 0, 0, 1], [1, 1, 0, 1, 0, 0, 1, 1], [0, 1, 0, 0, 0, 1, 0, 1], [1, 0, 0, 0, 1, 1, 1, 0]]"
268,"[1, 2, 2, 3, 3, 1, 2, 3]","[[0, 1, 0, 0, 0, 1, 1, 0], [1, 0, 1, 0, 0, 1, 1, 0], [0, 1, 0, 1, 1, 0, 0, 0], [0, 0, 1, 0, 1, 0, 0, 1], [0, 0, 1, 1, 0, 1, 0, 0], [1, 1, 0, 0, 1, 0, 1, 1], [1, 1, 0, 0, 1, 0, 0, 0], [0, 0, 0, 1, 0, 1, 0, 0]]"
269,"[2, 3, 1, 1, 2, 1, 3, 2]","[[0, 1, 0, 0, 0, 1, 0, 1], [1, 0, 0, 1, 0, 1, 0, 0], [0, 0, 0, 1, 1, 0, 0, 0], [0, 1, 0, 0, 1, 0, 0, 0], [0, 0, 1, 1, 0, 0, 0, 0], [1, 1, 0, 0, 0, 0, 1, 1], [0, 0, 0, 0, 0, 0, 0, 1], [1, 0, 0, 0, 0, 1, 1, 0]]"
270,"[1, 3, 2, 3, 2, 1, 2, 3]","[[0, 1, 0, 0, 0, 1, 1, 1], [1, 0, 0, 0, 0, 1, 1, 0], [0, 0, 0, 0, 1, 0, 0, 0], [0, 0, 0, 0, 1, 0, 0, 0], [0, 0, 1, 1, 0, 1, 0, 0], [1, 1, 0, 0, 1, 0, 1, 1], [1, 1, 0, 0, 0, 1, 0, 1], [1, 0, 0, 0, 0, 1, 1, 0]]"
271,"[2, 3, 1, 3, 2, 1, 2, 3]","[[0, 1, 0, 0, 0, 1, 1, 0], [1, 0, 1, 0, 0, 1, 1, 0], [0, 1, 0, 1, 1, 0, 0, 0], [0, 0, 1, 0, 1, 0, 0, 1], [0, 0, 1, 1, 0, 1, 0, 0], [1, 1, 0, 0, 1, 0, 1, 1], [1, 1, 0, 0, 0, 1, 0, 1], [0, 0, 0, 1, 0, 1, 1, 0]]"
272,"[2, 3, 2, 3, 1, 1, 2, 3]","[[0, 1, 0, 0, 0, 1, 1, 0], [1, 0, 1, 0, 0, 1, 1, 0], [0, 1, 0, 1, 1, 1, 0, 0], [0, 0, 1, 0, 1, 0, 0, 1], [0, 0, 1, 1, 0, 1, 0, 0], [1, 1, 1, 0, 1, 0, 1, 1], [1, 1, 0, 0, 0, 1, 0, 1], [0, 0, 0, 1, 0, 1, 1, 0]]"
273,"[2, 3, 3, 2, 1, 1, 2, 3]","[[0, 1, 0, 0, 0, 1, 1, 1], [1, 0, 0, 1, 0, 1, 1, 0], [0, 0, 0, 1, 1, 0, 0, 0], [0, 1, 0, 0, 1, 1, 0, 0], [0, 0, 1, 1, 0, 1, 0, 1], [1, 1, 0, 1, 1, 0, 1, 1], [1, 1, 0, 0, 1, 0, 0, 1], [1, 0, 0, 0, 1, 1, 1, 0]]"
274,"[2, 3, 1, 3, 2, 1, 2, 1]","[[0, 0, 0, 0, 0, 1, 1, 1], [0, 0, 0, 0, 0, 1, 1, 0], [0, 0, 0, 0, 1, 1, 0, 0], [0, 0, 0, 0, 1, 0, 0, 1], [0, 0, 1, 1, 0, 1, 0, 0], [1, 1, 1, 0, 1, 0, 1, 1], [1, 1, 0, 0, 0, 1, 0, 1], [1, 0, 0, 1, 0, 1, 1, 0]]"
275,"[1, 3, 2, 3, 2, 1, 2, 3]","[[0, 1, 0, 0, 0, 1, 1, 0], [1, 0, 1, 1, 0, 1, 1, 1], [0, 1, 0, 1, 1, 0, 0, 0], [0, 1, 1, 0, 1, 1, 0, 1], [0, 0, 1, 1, 0, 1, 0, 1], [1, 1, 0, 1, 1, 0, 1, 1], [1, 1, 0, 0, 0, 1, 0, 1], [0, 1, 0, 1, 1, 1, 1, 0]]"
276,"[2, 3, 3, 2, 1, 1, 2, 3]","[[0, 1, 0, 0, 0, 1, 1, 1], [1, 0, 0, 0, 0, 1, 1, 0], [0, 0, 0, 1, 1, 0, 0, 0], [0, 0, 0, 0, 1, 0, 0, 0], [0, 0, 1, 1, 0, 1, 0, 0], [1, 1, 0, 0, 1, 0, 1, 1], [1, 1, 0, 0, 1, 0, 0, 1], [1, 0, 0, 0, 0, 1, 1, 0]]"
277,"[1, 3, 3, 2, 2, 1, 2, 3]","[[0, 1, 0, 0, 0, 1, 1, 1], [1, 0, 0, 0, 0, 1, 1, 0], [0, 0, 0, 1, 1, 0, 0, 0], [0, 0, 0, 0, 1, 1, 0, 1], [0, 0, 1, 1, 0, 1, 0, 0], [1, 1, 0, 1, 1, 0, 1, 1], [1, 1, 0, 0, 0, 1, 0, 1], [1, 0, 0, 1, 0, 1, 1, 0]]"
278,"[2, 3, 1, 3, 2, 1, 2, 3]","[[0, 1, 0, 0, 0, 1, 1, 0], [1, 0, 1, 0, 0, 1, 1, 0], [0, 1, 0, 1, 1, 0, 0, 0], [0, 0, 1, 0, 1, 0, 0, 0], [0, 0, 1, 1, 0, 1, 0, 0], [1, 1, 0, 0, 1, 0, 1, 1], [1, 1, 0, 0, 0, 1, 0, 1], [0, 0, 0, 0, 0, 1, 1, 0]]"
279,"[2, 3, 1, 3, 2, 1, 2, 3]","[[0, 1, 0, 0, 0, 1, 0, 1], [1, 0, 1, 1, 0, 1, 0, 0], [0, 1, 0, 1, 1, 1, 0, 0], [0, 1, 1, 0, 1, 0, 0, 1], [0, 0, 1, 1, 0, 1, 0, 0], [1, 1, 1, 0, 1, 0, 1, 1], [0, 0, 0, 0, 0, 1, 0, 1], [1, 0, 0, 1, 0, 1, 1, 0]]"
280,"[2, 3, 3, 2, 1, 1, 2, 3]","[[0, 1, 0, 0, 0, 1, 1, 1], [1, 0, 0, 1, 0, 1, 1, 0], [0, 0, 0, 1, 1, 0, 0, 0], [0, 1, 0, 0, 1, 0, 0, 0], [0, 0, 1, 1, 0, 1, 0, 0], [1, 1, 0, 0, 1, 0, 1, 1], [1, 1, 0, 0, 1, 0, 0, 1], [1, 0, 0, 0, 0, 1, 1, 0]]"
281,"[1, 3, 3, 3, 3, 2, 1, 2]","[[0, 1, 0, 0, 0, 1, 1, 1], [1, 0, 0, 0, 0, 1, 1, 0], [0, 0, 0, 0, 1, 0, 0, 0], [0, 0, 0, 0, 1, 0, 0, 0], [0, 0, 1, 1, 0, 0, 0, 0], [1, 1, 0, 0, 0, 0, 1, 1], [1, 1, 0, 0, 0, 0, 0, 1], [1, 0, 0, 0, 0, 1, 1, 0]]"
282,"[2, 3, 1, 3, 2, 1, 2, 3]","[[0, 1, 0, 0, 0, 1, 1, 0], [1, 0, 0, 1, 0, 1, 0, 0], [0, 0, 0, 1, 1, 0, 0, 0], [0, 1, 1, 0, 1, 0, 0, 0], [0, 0, 1, 1, 0, 1, 0, 0], [1, 1, 0, 0, 1, 0, 1, 1], [1, 0, 0, 0, 0, 0, 0, 1], [0, 0, 0, 0, 0, 1, 1, 0]]"
283,"[2, 1, 2, 3, 3, 1, 2, 3]","[[0, 1, 0, 0, 0, 1, 1, 1], [1, 0, 1, 0, 0, 1, 1, 0], [0, 1, 0, 1, 1, 0, 0, 0], [0, 0, 1, 0, 1, 0, 0, 0], [0, 0, 1, 1, 0, 1, 0, 0], [1, 1, 0, 0, 1, 0, 1, 1], [1, 1, 0, 0, 0, 0, 0, 1], [1, 0, 0, 0, 0, 1, 1, 0]]"
284,"[2, 3, 1, 3, 2, 1, 2, 3]","[[0, 0, 1, 0, 0, 1, 1, 1], [0, 0, 0, 0, 0, 1, 1, 0], [1, 0, 0, 1, 1, 1, 0, 0], [0, 0, 1, 0, 1, 0, 0, 1], [0, 0, 1, 1, 0, 1, 0, 0], [1, 1, 1, 0, 1, 0, 1, 1], [1, 1, 0, 0, 0, 1, 0, 1], [1, 0, 0, 1, 0, 1, 1, 0]]"
285,"[2, 3, 1, 3, 2, 1, 2, 3]","[[0, 1, 0, 0, 0, 1, 1, 0], [1, 0, 1, 0, 0, 1, 0, 0], [0, 1, 0, 1, 1, 0, 0, 0], [0, 0, 0, 0, 1, 0, 0, 0], [0, 0, 1, 1, 0, 1, 0, 0], [1, 1, 0, 0, 0, 0, 1, 1], [1, 0, 0, 0, 0, 0, 0, 1], [0, 0, 0, 0, 0, 1, 1, 0]]"
286,"[2, 3, 1, 3, 2, 1, 2, 3]","[[0, 1, 0, 0, 0, 1, 1, 1], [1, 0, 1, 0, 0, 1, 1, 0], [0, 1, 0, 1, 1, 0, 0, 0], [0, 0, 1, 0, 1, 0, 0, 1], [0, 0, 1, 0, 0, 1, 0, 1], [1, 1, 0, 0, 1, 0, 1, 1], [1, 1, 0, 0, 0, 0, 0, 1], [1, 0, 0, 1, 1, 1, 1, 0]]"
287,"[2, 3, 1, 3, 2, 1, 2, 3]","[[0, 1, 0, 0, 0, 1, 0, 1], [1, 0, 1, 0, 0, 1, 1, 0], [0, 1, 0, 1, 1, 0, 0, 0], [0, 0, 1, 0, 1, 0, 0, 0], [0, 0, 1, 1, 0, 0, 0, 0], [1, 1, 0, 0, 0, 0, 1, 1], [0, 1, 0, 0, 0, 0, 0, 1], [1, 0, 0, 0, 0, 1, 1, 0]]"
288,"[2, 3, 3, 2, 1, 1, 2, 3]","[[0, 1, 0, 0, 0, 1, 1, 1], [1, 0, 0, 0, 0, 1, 1, 0], [0, 0, 0, 1, 1, 0, 0, 0], [0, 0, 0, 0, 1, 0, 0, 0], [0, 0, 1, 1, 0, 0, 0, 0], [1, 1, 0, 0, 0, 0, 1, 1], [1, 1, 0, 0, 0, 0, 0, 1], [1, 0, 0, 0, 0, 1, 1, 0]]"
289,"[1, 3, 2, 3, 2, 1, 2, 3]","[[0, 1, 0, 0, 0, 1, 1, 1], [1, 0, 1, 0, 0, 1, 1, 0], [0, 1, 0, 1, 1, 0, 0, 0], [0, 0, 1, 0, 1, 0, 0, 0], [0, 0, 1, 1, 0, 1, 0, 0], [1, 1, 0, 0, 1, 0, 1, 1], [1, 1, 0, 0, 0, 0, 0, 1], [1, 0, 0, 0, 0, 1, 1, 0]]"
290,"[1, 3, 2, 3, 2, 1, 2, 3]","[[0, 1, 0, 0, 0, 1, 1, 1], [1, 0, 1, 1, 0, 1, 1, 0], [0, 1, 0, 1, 1, 0, 0, 0], [0, 1, 1, 0, 1, 0, 0, 0], [0, 0, 1, 1, 0, 1, 0, 0], [1, 1, 0, 0, 1, 0, 1, 1], [1, 1, 0, 0, 1, 0, 0, 1], [1, 0, 0, 0, 0, 1, 1, 0]]"
291,"[1, 2, 2, 3, 3, 1, 2, 3]","[[0, 1, 0, 0, 0, 1, 1, 0], [1, 0, 1, 0, 0, 1, 1, 0], [0, 1, 0, 1, 1, 0, 0, 0], [0, 0, 1, 0, 1, 0, 0, 1], [0, 0, 1, 1, 0, 1, 0, 0], [1, 1, 0, 0, 1, 0, 1, 1], [1, 1, 0, 0, 1, 1, 0, 1], [0, 0, 0, 1, 0, 1, 1, 0]]"
292,"[2, 3, 3, 2, 1, 1, 2, 3]","[[0, 1, 0, 0, 0, 1, 1, 1], [1, 0, 0, 0, 0, 1, 1, 0], [0, 0, 0, 1, 1, 0, 0, 0], [0, 0, 0, 0, 1, 0, 0, 0], [0, 0, 1, 1, 0, 0, 0, 0], [1, 1, 0, 0, 0, 0, 1, 1], [1, 1, 0, 0, 0, 0, 0, 1], [1, 0, 0, 0, 0, 1, 1, 0]]"
293,"[2, 3, 1, 3, 2, 1, 2, 3]","[[0, 1, 0, 0, 0, 1, 1, 0], [1, 0, 1, 0, 0, 1, 1, 0], [0, 1, 0, 1, 1, 0, 0, 0], [0, 0, 1, 0, 1, 0, 0, 1], [0, 0, 1, 1, 0, 1, 0, 0], [1, 1, 0, 0, 1, 0, 1, 1], [1, 1, 0, 0, 0, 1, 0, 1], [0, 0, 0, 1, 0, 1, 1, 0]]"
294,"[2, 3, 1, 3, 2, 1, 2, 3]","[[0, 1, 0, 0, 0, 1, 1, 0], [1, 0, 1, 0, 0, 1, 1, 0], [0, 1, 0, 1, 1, 0, 0, 0], [0, 0, 1, 0, 1, 0, 0, 1], [0, 0, 1, 1, 0, 1, 0, 0], [1, 1, 0, 0, 1, 0, 1, 1], [1, 1, 0, 0, 0, 0, 0, 1], [0, 0, 0, 1, 0, 1, 1, 0]]"
295,"[2, 3, 2, 3, 1, 1, 1, 2]","[[0, 1, 0, 0, 0, 1, 1, 1], [1, 0, 1, 1, 0, 1, 1, 0], [0, 1, 0, 1, 1, 0, 0, 0], [0, 1, 1, 0, 1, 0, 0, 0], [0, 0, 1, 1, 0, 1, 0, 1], [1, 1, 0, 0, 0, 0, 1, 1], [1, 1, 0, 0, 0, 0, 0, 1], [1, 0, 0, 0, 1, 1, 1, 0]]"
296,"[2, 1, 3, 3, 2, 1, 2, 3]","[[0, 1, 0, 0, 0, 1, 1, 1], [1, 0, 0, 0, 0, 1, 1, 0], [0, 0, 0, 1, 1, 0, 0, 0], [0, 0, 0, 0, 1, 0, 0, 1], [0, 0, 1, 1, 0, 1, 0, 0], [1, 1, 0, 0, 1, 0, 1, 1], [1, 1, 0, 0, 1, 0, 0, 1], [1, 0, 0, 1, 0, 1, 1, 0]]"
297,"[1, 3, 2, 3, 2, 1, 2, 3]","[[0, 1, 0, 0, 0, 1, 1, 1], [1, 0, 1, 1, 0, 1, 1, 0], [0, 1, 0, 1, 1, 0, 0, 0], [0, 1, 1, 0, 1, 0, 0, 0], [0, 0, 1, 1, 0, 1, 0, 1], [1, 1, 0, 0, 1, 0, 1, 1], [1, 1, 0, 0, 1, 1, 0, 1], [1, 0, 0, 0, 1, 1, 1, 0]]"
298,"[1, 3, 2, 3, 2, 1, 2, 3]","[[0, 0, 0, 0, 0, 1, 1, 0], [0, 0, 0, 0, 0, 0, 0, 0], [0, 0, 0, 0, 1, 0, 0, 0], [0, 0, 0, 0, 0, 0, 0, 0], [0, 0, 1, 0, 0, 0, 0, 0], [1, 0, 0, 0, 0, 0, 1, 0], [1, 0, 0, 0, 0, 0, 0, 1], [0, 0, 0, 0, 0, 1, 1, 0]]"
299,"[1, 2, 1, 3, 2, 1, 3, 2]","[[0, 1, 0, 0, 0, 1, 1, 0], [1, 0, 1, 0, 0, 1, 0, 0], [0, 1, 0, 1, 1, 0, 0, 0], [0, 0, 1, 0, 1, 0, 0, 1], [0, 0, 1, 1, 0, 0, 0, 0], [1, 1, 0, 0, 0, 0, 1, 1], [1, 0, 0, 0, 0, 0, 0, 1], [0, 0, 0, 1, 0, 1, 1, 0]]"
300,"[2, 3, 2, 3, 1, 1, 1, 2]","[[0, 1, 0, 0, 0, 1, 1, 0], [1, 0, 1, 0, 0, 1, 0, 0], [0, 1, 0, 1, 1, 0, 0, 0], [0, 0, 1, 0, 1, 1, 0, 0], [0, 0, 1, 0, 0, 1, 0, 1], [1, 1, 0, 1, 1, 0, 1, 1], [1, 0, 0, 0, 0, 1, 0, 1], [0, 0, 0, 0, 1, 1, 1, 0]]"
301,"[2, 3, 1, 3, 2, 1, 2, 3]","[[0, 1, 0, 0, 0, 1, 1, 1], [1, 0, 1, 1, 0, 1, 1, 0], [0, 1, 0, 1, 1, 0, 0, 0], [0, 1, 1, 0, 1, 0, 0, 1], [0, 0, 1, 1, 0, 1, 0, 0], [1, 1, 0, 0, 1, 0, 1, 1], [1, 1, 0, 0, 0, 0, 0, 1], [1, 0, 0, 1, 0, 1, 1, 0]]"
302,"[2, 3, 1, 3, 2, 1, 2, 3]","[[0, 1, 0, 0, 0, 1, 1, 1], [1, 0, 1, 0, 0, 1, 1, 0], [0, 1, 0, 1, 1, 0, 0, 0], [0, 0, 1, 0, 1, 0, 0, 0], [0, 0, 1, 0, 0, 1, 0, 0], [1, 1, 0, 0, 1, 0, 1, 1], [1, 1, 0, 0, 0, 1, 0, 1], [1, 0, 0, 0, 0, 1, 1, 0]]"
303,"[2, 1, 3, 3, 2, 1, 2, 3]","[[0, 1, 0, 0, 0, 1, 1, 0], [1, 0, 1, 1, 0, 1, 1, 0], [0, 1, 0, 1, 1, 0, 0, 0], [0, 1, 1, 0, 1, 0, 0, 1], [0, 0, 1, 1, 0, 1, 0, 0], [1, 1, 0, 0, 1, 0, 1, 1], [1, 1, 0, 0, 1, 0, 0, 1], [0, 0, 0, 1, 0, 1, 1, 0]]"
304,"[2, 3, 3, 2, 1, 1, 2, 3]","[[0, 1, 0, 0, 0, 1, 1, 0], [1, 0, 0, 0, 0, 1, 1, 0], [0, 0, 0, 1, 1, 0, 0, 0], [0, 0, 0, 0, 1, 0, 0, 0], [0, 0, 1, 1, 0, 1, 0, 0], [1, 1, 0, 0, 1, 0, 1, 1], [1, 1, 0, 0, 0, 0, 0, 1], [0, 0, 0, 0, 0, 1, 1, 0]]"
305,"[1, 3, 2, 3, 2, 1, 2, 3]","[[0, 1, 0, 0, 0, 1, 1, 1], [1, 0, 1, 1, 0, 1, 1, 0], [0, 1, 0, 1, 1, 0, 0, 0], [0, 1, 1, 0, 1, 0, 0, 0], [0, 0, 1, 1, 0, 1, 0, 0], [1, 1, 0, 0, 1, 0, 1, 1], [1, 1, 0, 0, 0, 0, 0, 1], [1, 0, 0, 0, 0, 1, 1, 0]]"
306,"[1, 3, 2, 3, 2, 1, 1, 2]","[[0, 1, 0, 0, 0, 1, 1, 1], [1, 0, 1, 1, 0, 1, 1, 0], [0, 1, 0, 1, 1, 0, 0, 0], [0, 1, 1, 0, 1, 0, 0, 1], [0, 0, 1, 1, 0, 1, 0, 0], [1, 1, 0, 0, 1, 0, 1, 1], [1, 1, 0, 0, 0, 0, 0, 1], [1, 0, 0, 1, 0, 1, 1, 0]]"
307,"[2, 3, 1, 3, 2, 1, 2, 1]","[[0, 1, 0, 0, 0, 1, 1, 1], [1, 0, 1, 1, 0, 1, 1, 0], [0, 1, 0, 1, 1, 1, 0, 0], [0, 1, 1, 0, 1, 0, 0, 1], [0, 0, 1, 1, 0, 1, 0, 1], [1, 1, 1, 0, 1, 0, 1, 1], [1, 1, 0, 0, 0, 1, 0, 1], [1, 0, 0, 1, 1, 1, 1, 0]]"
308,"[2, 3, 2, 3, 1, 1, 2, 3]","[[0, 1, 0, 0, 0, 1, 1, 1], [1, 0, 1, 0, 0, 1, 1, 0], [0, 1, 0, 1, 1, 0, 0, 0], [0, 0, 1, 0, 1, 0, 0, 0], [0, 0, 1, 0, 0, 1, 0, 0], [1, 1, 0, 0, 1, 0, 1, 1], [1, 1, 0, 0, 0, 0, 0, 1], [1, 0, 0, 0, 0, 1, 1, 0]]"
309,"[2, 3, 1, 3, 2, 1, 2, 3]","[[0, 1, 0, 0, 0, 1, 1, 0], [1, 0, 1, 0, 0, 0, 1, 0], [0, 1, 0, 1, 1, 0, 0, 0], [0, 0, 1, 0, 1, 0, 0, 0], [0, 0, 1, 0, 0, 1, 0, 0], [1, 0, 0, 0, 1, 0, 1, 1], [1, 1, 0, 0, 0, 1, 0, 1], [0, 0, 0, 0, 0, 1, 1, 0]]"
310,"[2, 3, 1, 3, 2, 1, 2, 3]","[[0, 1, 0, 0, 0, 1, 1, 1], [1, 0, 1, 0, 0, 1, 1, 0], [0, 1, 0, 1, 1, 0, 0, 0], [0, 0, 1, 0, 1, 0, 0, 0], [0, 0, 1, 1, 0, 1, 0, 0], [1, 1, 0, 0, 1, 0, 1, 1], [1, 1, 0, 0, 0, 1, 0, 1], [1, 0, 0, 0, 0, 1, 1, 0]]"
311,"[2, 3, 2, 3, 1, 1, 1, 2]","[[0, 1, 0, 0, 0, 1, 1, 1], [1, 0, 1, 1, 0, 1, 1, 0], [0, 1, 0, 1, 1, 0, 0, 0], [0, 1, 1, 0, 1, 0, 0, 0], [0, 0, 1, 1, 0, 1, 0, 1], [1, 1, 0, 0, 0, 0, 1, 1], [1, 0, 0, 0, 0, 1, 0, 1], [1, 0, 0, 0, 1, 1, 1, 0]]"
312,"[1, 2, 3, 1, 2, 2, 3, 1]","[[0, 1, 0, 0, 0, 1, 1, 0], [1, 0, 0, 0, 0, 1, 1, 0], [0, 0, 0, 0, 1, 0, 0, 0], [0, 0, 0, 0, 1, 0, 0, 0], [0, 0, 1, 1, 0, 0, 0, 0], [1, 1, 0, 0, 0, 0, 1, 1], [1, 1, 0, 0, 0, 0, 0, 1], [0, 0, 0, 0, 0, 1, 1, 0]]"
313,"[1, 3, 2, 3, 2, 1, 2, 3]","[[0, 1, 0, 0, 0, 1, 1, 1], [1, 0, 1, 0, 0, 1, 1, 0], [0, 1, 0, 1, 1, 0, 0, 0], [0, 0, 1, 0, 1, 0, 0, 0], [0, 0, 1, 1, 0, 1, 0, 0], [1, 1, 0, 0, 1, 0, 1, 1], [1, 1, 0, 0, 0, 1, 0, 1], [1, 0, 0, 0, 0, 1, 1, 0]]"
314,"[1, 3, 2, 3, 2, 1, 2, 3]","[[0, 1, 0, 0, 0, 1, 1, 1], [1, 0, 1, 0, 0, 1, 1, 0], [0, 1, 0, 1, 1, 0, 0, 0], [0, 0, 1, 0, 1, 0, 0, 0], [0, 0, 1, 1, 0, 1, 0, 0], [1, 1, 0, 0, 1, 0, 1, 1], [1, 1, 0, 0, 0, 1, 0, 1], [1, 0, 0, 0, 0, 1, 1, 0]]"
315,"[1, 2, 3, 2, 3, 1, 2, 1]","[[0, 1, 0, 0, 0, 1, 1, 1], [1, 0, 1, 1, 0, 1, 1, 1], [0, 1, 0, 1, 1, 1, 0, 0], [0, 1, 0, 0, 1, 1, 0, 0], [0, 0, 1, 1, 0, 1, 0, 0], [1, 1, 1, 1, 0, 0, 1, 1], [1, 1, 0, 0, 0, 0, 0, 1], [1, 1, 0, 0, 0, 1, 1, 0]]"
316,"[2, 3, 2, 3, 1, 1, 1, 2]","[[0, 1, 0, 0, 0, 1, 1, 1], [1, 0, 1, 0, 0, 1, 1, 0], [0, 1, 0, 1, 1, 0, 0, 0], [0, 0, 1, 0, 1, 0, 0, 0], [0, 0, 1, 1, 0, 1, 0, 0], [1, 1, 0, 0, 1, 0, 1, 1], [1, 1, 0, 0, 1, 0, 0, 1], [1, 0, 0, 0, 0, 1, 1, 0]]"
317,"[2, 3, 2, 3, 1, 1, 1, 2]","[[0, 1, 0, 0, 0, 1, 1, 1], [1, 0, 1, 1, 0, 1, 1, 0], [0, 1, 0, 1, 1, 0, 0, 0], [0, 1, 1, 0, 1, 0, 0, 0], [0, 0, 1, 1, 0, 1, 0, 1], [1, 1, 0, 0, 1, 0, 1, 1], [1, 1, 0, 0, 0, 0, 0, 1], [1, 0, 0, 0, 1, 1, 1, 0]]"
318,"[1, 3, 2, 3, 2, 1, 2, 3]","[[0, 1, 0, 0, 0, 1, 1, 1], [1, 0, 1, 0, 0, 1, 1, 0], [0, 1, 0, 1, 1, 0, 0, 0], [0, 0, 1, 0, 1, 0, 0, 0], [0, 0, 1, 1, 0, 1, 0, 0], [1, 1, 0, 0, 1, 0, 1, 1], [1, 1, 0, 0, 0, 0, 0, 1], [1, 0, 0, 0, 0, 1, 1, 0]]"
319,"[2, 3, 1, 2, 3, 1, 2, 3]","[[0, 1, 0, 1, 0, 1, 0, 1], [1, 0, 1, 0, 0, 1, 0, 0], [0, 1, 0, 1, 1, 0, 0, 0], [1, 0, 0, 0, 1, 1, 0, 0], [0, 0, 1, 1, 0, 0, 0, 1], [1, 1, 0, 1, 0, 0, 1, 1], [0, 1, 0, 0, 0, 1, 0, 1], [1, 0, 0, 0, 1, 1, 1, 0]]"
320,"[2, 3, 3, 3, 2, 1, 1, 2]","[[0, 1, 0, 0, 0, 1, 1, 1], [1, 0, 0, 0, 0, 1, 1, 0], [0, 0, 0, 0, 1, 0, 0, 0], [0, 0, 0, 0, 1, 0, 0, 0], [0, 0, 1, 1, 0, 1, 0, 0], [1, 1, 0, 0, 1, 0, 1, 1], [1, 1, 0, 0, 0, 0, 0, 1], [1, 0, 0, 0, 0, 1, 1, 0]]"
321,"[1, 3, 2, 3, 2, 1, 1, 2]","[[0, 0, 0, 0, 0, 1, 1, 1], [0, 0, 0, 0, 0, 1, 1, 0], [0, 0, 0, 0, 1, 0, 0, 0], [0, 0, 0, 0, 1, 0, 0, 0], [0, 0, 1, 1, 0, 1, 0, 0], [1, 1, 0, 0, 1, 0, 1, 1], [1, 1, 0, 0, 1, 1, 0, 1], [1, 0, 0, 0, 0, 1, 1, 0]]"
322,"[1, 3, 2, 3, 2, 1, 2, 3]","[[0, 1, 0, 0, 0, 1, 1, 1], [1, 0, 1, 1, 0, 1, 1, 0], [0, 1, 0, 1, 1, 0, 0, 0], [0, 1, 1, 0, 1, 0, 0, 1], [0, 0, 1, 1, 0, 1, 0, 0], [1, 1, 0, 0, 1, 0, 1, 1], [1, 1, 0, 0, 0, 1, 0, 1], [1, 0, 0, 1, 0, 1, 1, 0]]"
323,"[2, 3, 1, 3, 2, 1, 2, 3]","[[0, 1, 0, 0, 0, 1, 1, 0], [1, 0, 1, 0, 0, 1, 1, 0], [0, 1, 0, 1, 1, 0, 0, 0], [0, 0, 1, 0, 1, 0, 0, 1], [0, 0, 1, 1, 0, 0, 0, 1], [1, 1, 0, 0, 0, 0, 1, 1], [1, 1, 0, 0, 0, 1, 0, 1], [0, 0, 0, 1, 1, 1, 1, 0]]"
324,"[2, 3, 2, 3, 1, 1, 1, 2]","[[0, 1, 0, 0, 0, 1, 1, 1], [1, 0, 1, 0, 0, 1, 1, 0], [0, 1, 0, 1, 1, 0, 0, 0], [0, 0, 1, 0, 1, 0, 0, 0], [0, 0, 1, 1, 0, 1, 0, 1], [1, 1, 0, 0, 0, 0, 1, 1], [1, 1, 0, 0, 1, 1, 0, 1], [1, 0, 0, 0, 1, 1, 1, 0]]"
325,"[2, 3, 1, 3, 2, 1, 2, 3]","[[0, 1, 0, 0, 0, 1, 1, 1], [1, 0, 1, 1, 0, 1, 1, 0], [0, 1, 0, 1, 1, 0, 0, 0], [0, 1, 1, 0, 1, 0, 0, 1], [0, 0, 1, 1, 0, 1, 0, 0], [1, 1, 0, 0, 1, 0, 1, 1], [1, 1, 0, 0, 0, 0, 0, 1], [1, 0, 0, 1, 0, 1, 1, 0]]"
326,"[2, 3, 1, 3, 2, 1, 2, 2]","[[0, 1, 0, 0, 0, 1, 1, 1], [1, 0, 1, 0, 0, 1, 1, 0], [0, 1, 0, 1, 1, 0, 0, 0], [0, 0, 1, 0, 1, 0, 0, 0], [0, 0, 1, 1, 0, 1, 0, 0], [1, 1, 0, 0, 1, 0, 1, 1], [1, 1, 0, 0, 0, 1, 0, 1], [1, 0, 0, 0, 0, 1, 1, 0]]"
327,"[2, 3, 2, 3, 1, 1, 2, 3]","[[0, 1, 0, 0, 1, 1, 1, 1], [1, 0, 1, 1, 0, 1, 0, 0], [0, 1, 0, 1, 1, 0, 0, 0], [0, 1, 1, 0, 1, 0, 0, 0], [1, 0, 1, 1, 0, 1, 1, 1], [1, 1, 0, 0, 0, 0, 1, 1], [1, 0, 0, 0, 1, 1, 0, 1], [1, 0, 0, 0, 1, 1, 1, 0]]"
328,"[1, 2, 3, 2, 3, 1, 2, 1]","[[0, 1, 0, 0, 0, 1, 1, 0], [1, 0, 0, 0, 0, 1, 1, 0], [0, 0, 0, 0, 0, 0, 0, 0], [0, 0, 0, 0, 1, 0, 0, 0], [0, 0, 1, 1, 0, 0, 0, 0], [1, 1, 0, 0, 0, 0, 1, 1], [1, 1, 0, 0, 0, 0, 0, 1], [0, 0, 0, 0, 0, 1, 1, 0]]"
329,"[1, 3, 2, 3, 2, 1, 2, 3]","[[0, 1, 0, 0, 0, 1, 1, 1], [1, 0, 1, 1, 0, 1, 1, 0], [0, 1, 0, 1, 1, 0, 0, 0], [0, 1, 1, 0, 1, 0, 0, 0], [0, 0, 1, 1, 0, 1, 0, 0], [1, 1, 0, 0, 1, 0, 1, 1], [1, 1, 0, 0, 0, 1, 0, 1], [1, 0, 0, 0, 0, 1, 1, 0]]"
330,"[1, 3, 2, 3, 2, 1, 2, 3]","[[0, 1, 0, 0, 0, 1, 1, 1], [1, 0, 1, 1, 0, 1, 1, 0], [0, 1, 0, 1, 1, 0, 0, 0], [0, 1, 1, 0, 1, 0, 0, 1], [0, 0, 1, 1, 0, 1, 0, 0], [1, 1, 0, 0, 1, 0, 1, 1], [1, 1, 0, 0, 0, 0, 0, 1], [1, 0, 0, 1, 0, 1, 1, 0]]"
331,"[1, 2, 3, 2, 3, 1, 2, 3]","[[0, 1, 0, 0, 0, 1, 1, 0], [1, 0, 0, 1, 0, 1, 1, 0], [0, 0, 0, 1, 1, 0, 0, 0], [0, 1, 0, 0, 1, 0, 0, 0], [0, 0, 1, 1, 0, 0, 0, 0], [1, 1, 0, 0, 0, 0, 1, 1], [1, 1, 0, 0, 0, 0, 0, 1], [0, 0, 0, 0, 0, 1, 1, 0]]"
332,"[1, 3, 2, 3, 2, 1, 1, 2]","[[0, 1, 0, 0, 0, 1, 1, 1], [1, 0, 1, 0, 0, 1, 1, 0], [0, 1, 0, 1, 1, 0, 0, 0], [0, 0, 1, 0, 1, 1, 0, 0], [0, 0, 1, 0, 0, 1, 0, 1], [1, 1, 0, 1, 1, 0, 1, 1], [1, 1, 0, 0, 0, 1, 0, 1], [1, 0, 0, 0, 1, 1, 1, 0]]"
333,"[2, 3, 1, 3, 2, 1, 2, 3]","[[0, 1, 0, 0, 0, 1, 1, 0], [1, 0, 1, 0, 0, 1, 1, 0], [0, 1, 0, 1, 1, 0, 0, 0], [0, 0, 1, 0, 1, 0, 0, 0], [0, 0, 1, 1, 0, 1, 0, 0], [1, 1, 0, 0, 1, 0, 1, 1], [1, 1, 0, 0, 0, 0, 0, 1], [0, 0, 0, 0, 0, 1, 1, 0]]"
334,"[2, 3, 2, 3, 2, 1, 2, 3]","[[0, 1, 0, 0, 0, 1, 1, 1], [1, 0, 1, 1, 0, 1, 1, 0], [0, 1, 0, 1, 1, 0, 0, 0], [0, 1, 0, 0, 1, 0, 0, 0], [0, 0, 1, 1, 0, 1, 0, 0], [1, 1, 0, 0, 1, 0, 1, 1], [1, 1, 0, 0, 0, 1, 0, 1], [1, 0, 0, 0, 0, 1, 1, 0]]"
335,"[2, 3, 3, 2, 3, 1, 1, 2]","[[0, 1, 0, 0, 0, 1, 1, 1], [1, 0, 0, 0, 0, 1, 1, 0], [0, 0, 0, 1, 1, 0, 0, 0], [0, 0, 0, 0, 1, 1, 0, 0], [0, 0, 1, 1, 0, 1, 0, 0], [1, 1, 0, 1, 1, 0, 1, 1], [1, 1, 0, 0, 0, 0, 0, 1], [1, 0, 0, 0, 0, 1, 1, 0]]"
336,"[2, 3, 1, 3, 2, 1, 2, 3]","[[0, 1, 0, 0, 0, 1, 1, 1], [1, 0, 0, 0, 0, 1, 1, 0], [0, 0, 0, 0, 0, 1, 0, 0], [0, 0, 0, 0, 1, 1, 0, 0], [0, 0, 0, 1, 0, 1, 0, 0], [1, 1, 1, 1, 1, 0, 1, 1], [1, 1, 0, 0, 0, 1, 0, 1], [1, 0, 0, 0, 0, 1, 1, 0]]"
337,"[1, 3, 2, 3, 2, 1, 1, 2]","[[0, 1, 0, 0, 0, 1, 1, 1], [1, 0, 1, 0, 0, 1, 1, 0], [0, 1, 0, 1, 1, 0, 0, 0], [0, 0, 1, 0, 1, 0, 0, 0], [0, 0, 1, 1, 0, 1, 0, 0], [1, 1, 0, 0, 1, 0, 1, 1], [1, 1, 0, 0, 0, 0, 0, 1], [1, 0, 0, 0, 0, 1, 1, 0]]"
338,"[1, 3, 2, 3, 2, 1, 2, 3]","[[0, 1, 0, 0, 0, 1, 1, 1], [1, 0, 1, 1, 0, 1, 1, 0], [0, 1, 0, 1, 1, 0, 0, 0], [0, 1, 1, 0, 1, 0, 0, 0], [0, 0, 1, 1, 0, 1, 0, 0], [1, 1, 0, 0, 1, 0, 1, 1], [1, 1, 0, 0, 1, 0, 0, 1], [1, 0, 0, 0, 0, 1, 1, 0]]"
339,"[2, 3, 1, 3, 2, 1, 2, 1]","[[0, 1, 0, 0, 0, 1, 1, 1], [1, 0, 1, 0, 0, 1, 1, 0], [0, 1, 0, 1, 1, 1, 0, 0], [0, 0, 1, 0, 1, 1, 0, 1], [0, 0, 1, 1, 0, 1, 0, 0], [1, 1, 1, 1, 1, 0, 1, 1], [1, 1, 0, 0, 0, 1, 0, 1], [1, 0, 0, 1, 0, 1, 1, 0]]"
340,"[2, 3, 1, 2, 3, 1, 2, 3]","[[0, 1, 0, 0, 0, 1, 0, 1], [1, 0, 1, 0, 0, 1, 1, 0], [0, 1, 0, 1, 1, 0, 0, 0], [0, 0, 1, 0, 1, 1, 0, 0], [0, 0, 1, 1, 0, 0, 0, 1], [1, 1, 0, 1, 0, 0, 1, 1], [0, 1, 0, 0, 0, 0, 0, 1], [1, 0, 0, 0, 1, 1, 1, 0]]"
341,"[2, 1, 2, 3, 3, 1, 2, 3]","[[0, 1, 0, 0, 0, 1, 1, 1], [1, 0, 1, 1, 0, 1, 1, 0], [0, 1, 0, 1, 1, 0, 0, 0], [0, 1, 1, 0, 1, 0, 0, 1], [0, 0, 1, 1, 0, 1, 0, 0], [1, 1, 0, 0, 1, 0, 1, 1], [1, 1, 0, 0, 0, 0, 0, 1], [1, 0, 0, 1, 0, 1, 1, 0]]"
342,"[2, 3, 2, 3, 2, 1, 2, 3]","[[0, 0, 0, 0, 0, 1, 1, 0], [0, 0, 0, 0, 0, 1, 1, 0], [0, 0, 0, 0, 1, 0, 0, 0], [0, 0, 0, 0, 0, 0, 0, 0], [0, 0, 1, 0, 0, 1, 0, 0], [1, 1, 0, 0, 0, 0, 1, 1], [1, 1, 0, 0, 0, 1, 0, 1], [0, 0, 0, 0, 0, 1, 1, 0]]"
343,"[2, 3, 3, 3, 2, 1, 1, 2]","[[0, 1, 0, 0, 0, 1, 1, 1], [1, 0, 0, 0, 0, 1, 1, 0], [0, 0, 0, 1, 1, 0, 0, 0], [0, 0, 0, 0, 1, 0, 0, 0], [0, 0, 1, 1, 0, 1, 0, 0], [1, 1, 0, 0, 1, 0, 1, 1], [1, 1, 0, 0, 1, 0, 0, 1], [1, 0, 0, 0, 0, 1, 1, 0]]"
344,"[2, 3, 3, 2, 1, 1, 2, 3]","[[0, 1, 0, 0, 0, 1, 1, 1], [1, 0, 0, 0, 0, 1, 1, 0], [0, 0, 0, 1, 1, 0, 0, 0], [0, 0, 0, 0, 1, 0, 0, 0], [0, 0, 1, 1, 0, 1, 0, 0], [1, 1, 0, 0, 1, 0, 1, 1], [1, 1, 0, 0, 1, 0, 0, 1], [1, 0, 0, 0, 0, 1, 1, 0]]"
345,"[1, 3, 2, 3, 2, 1, 2, 3]","[[0, 1, 0, 0, 0, 1, 1, 1], [1, 0, 1, 1, 0, 1, 1, 0], [0, 1, 0, 1, 1, 0, 0, 0], [0, 1, 1, 0, 1, 0, 0, 0], [0, 0, 1, 1, 0, 1, 0, 0], [1, 1, 0, 0, 1, 0, 1, 1], [1, 1, 0, 0, 1, 0, 0, 1], [1, 0, 0, 0, 0, 1, 1, 0]]"
346,"[1, 3, 2, 3, 2, 1, 2, 3]","[[0, 1, 0, 0, 0, 1, 1, 1], [1, 0, 1, 1, 0, 1, 1, 0], [0, 1, 0, 1, 1, 0, 0, 0], [0, 1, 1, 0, 1, 0, 0, 0], [0, 0, 1, 1, 0, 1, 0, 0], [1, 1, 0, 0, 1, 0, 1, 1], [1, 1, 0, 0, 1, 0, 0, 1], [1, 0, 0, 0, 0, 1, 1, 0]]"
347,"[2, 3, 1, 3, 2, 1, 2, 3]","[[0, 1, 0, 0, 0, 1, 0, 1], [1, 0, 1, 0, 0, 1, 1, 0], [0, 1, 0, 1, 1, 0, 0, 0], [0, 0, 1, 0, 1, 0, 0, 0], [0, 0, 1, 1, 0, 0, 0, 0], [1, 1, 0, 0, 0, 0, 1, 1], [0, 1, 0, 0, 0, 1, 0, 1], [1, 0, 0, 0, 0, 1, 1, 0]]"
348,"[2, 3, 3, 2, 1, 1, 2, 3]","[[0, 1, 0, 0, 0, 1, 1, 1], [1, 0, 0, 0, 0, 1, 1, 0], [0, 0, 0, 1, 1, 0, 0, 0], [0, 0, 0, 0, 1, 0, 0, 0], [0, 0, 1, 1, 0, 0, 0, 0], [1, 1, 0, 0, 0, 0, 1, 0], [1, 1, 0, 0, 0, 0, 0, 1], [1, 0, 0, 0, 0, 0, 1, 0]]"
349,"[2, 3, 1, 3, 2, 1, 2, 3]","[[0, 1, 0, 0, 0, 1, 1, 1], [1, 0, 1, 1, 0, 1, 1, 0], [0, 1, 0, 1, 1, 0, 0, 0], [0, 1, 1, 0, 1, 0, 0, 0], [0, 0, 1, 1, 0, 1, 0, 0], [1, 1, 0, 0, 1, 0, 1, 1], [1, 1, 0, 0, 0, 0, 0, 1], [1, 0, 0, 0, 0, 1, 1, 0]]"
350,"[1, 3, 2, 3, 2, 1, 2, 3]","[[0, 1, 0, 0, 0, 1, 1, 1], [1, 0, 1, 0, 0, 1, 1, 0], [0, 1, 0, 1, 1, 0, 0, 0], [0, 0, 1, 0, 1, 0, 0, 0], [0, 0, 1, 1, 0, 1, 0, 0], [1, 1, 0, 0, 1, 0, 1, 1], [1, 1, 0, 0, 0, 0, 0, 1], [1, 0, 0, 0, 0, 1, 1, 0]]"
351,"[2, 3, 3, 2, 3, 1, 1, 2]","[[0, 1, 0, 0, 0, 1, 1, 0], [1, 0, 0, 0, 0, 1, 1, 0], [0, 0, 0, 1, 1, 0, 0, 0], [0, 0, 0, 0, 1, 0, 0, 0], [0, 0, 1, 1, 0, 0, 0, 0], [1, 1, 0, 0, 0, 0, 1, 1], [1, 1, 0, 0, 0, 0, 0, 1], [0, 0, 0, 0, 0, 1, 1, 0]]"
352,"[2, 3, 1, 3, 2, 1, 2, 3]","[[0, 0, 0, 0, 0, 1, 1, 1], [0, 0, 0, 0, 0, 0, 0, 0], [0, 0, 0, 0, 1, 1, 0, 0], [0, 0, 0, 0, 1, 0, 0, 0], [0, 0, 1, 1, 0, 1, 0, 0], [1, 0, 1, 0, 1, 0, 1, 1], [1, 0, 0, 0, 0, 1, 0, 1], [1, 0, 0, 0, 0, 1, 1, 0]]"
353,"[2, 3, 1, 1, 2, 1, 3, 2]","[[0, 1, 0, 1, 0, 1, 0, 1], [1, 0, 1, 0, 0, 1, 0, 0], [0, 1, 0, 1, 1, 0, 0, 0], [1, 0, 0, 0, 1, 1, 0, 0], [0, 0, 1, 1, 0, 0, 0, 0], [1, 1, 0, 1, 0, 0, 1, 0], [0, 0, 0, 0, 0, 1, 0, 0], [1, 0, 0, 0, 0, 0, 0, 0]]"
354,"[1, 3, 2, 3, 2, 1, 2, 3]","[[0, 1, 0, 0, 0, 1, 1, 1], [1, 0, 1, 1, 0, 1, 1, 0], [0, 1, 0, 1, 1, 0, 0, 0], [0, 1, 1, 0, 1, 0, 0, 0], [0, 0, 1, 1, 0, 1, 0, 0], [1, 1, 0, 0, 1, 0, 1, 1], [1, 1, 0, 0, 0, 1, 0, 1], [1, 0, 0, 0, 0, 1, 1, 0]]"
355,"[2, 3, 1, 3, 2, 1, 2, 3]","[[0, 1, 0, 0, 0, 1, 0, 1], [1, 0, 1, 0, 0, 1, 1, 0], [0, 1, 0, 1, 1, 0, 0, 0], [0, 0, 1, 0, 1, 1, 0, 0], [0, 0, 1, 1, 0, 0, 0, 0], [1, 1, 0, 1, 0, 0, 1, 1], [0, 1, 0, 0, 0, 0, 0, 1], [1, 0, 0, 0, 0, 1, 1, 0]]"
356,"[2, 3, 3, 3, 2, 1, 1, 2]","[[0, 1, 0, 0, 0, 1, 1, 1], [1, 0, 0, 0, 0, 1, 1, 0], [0, 0, 0, 0, 1, 0, 0, 0], [0, 0, 0, 0, 1, 0, 0, 0], [0, 0, 1, 1, 0, 0, 0, 0], [1, 1, 0, 0, 0, 0, 1, 1], [1, 1, 0, 0, 0, 0, 0, 1], [1, 0, 0, 0, 0, 1, 1, 0]]"
357,"[2, 3, 1, 3, 2, 1, 2, 3]","[[0, 1, 0, 0, 0, 1, 1, 1], [1, 0, 1, 0, 0, 1, 1, 0], [0, 1, 0, 1, 1, 0, 0, 0], [0, 0, 1, 0, 1, 0, 0, 1], [0, 0, 1, 1, 0, 1, 0, 0], [1, 1, 0, 0, 1, 0, 1, 1], [1, 1, 0, 0, 0, 0, 0, 1], [1, 0, 0, 1, 0, 1, 1, 0]]"
358,"[2, 3, 1, 1, 2, 1, 3, 2]","[[0, 1, 0, 0, 0, 1, 0, 1], [1, 0, 0, 0, 0, 1, 0, 0], [0, 0, 0, 0, 1, 0, 0, 0], [0, 0, 0, 0, 1, 1, 0, 0], [0, 0, 1, 1, 0, 0, 0, 0], [1, 1, 0, 1, 0, 0, 1, 1], [0, 0, 0, 0, 0, 0, 0, 1], [1, 0, 0, 0, 0, 1, 1, 0]]"
359,"[2, 3, 3, 2, 3, 1, 1, 2]","[[0, 1, 0, 0, 0, 1, 1, 1], [1, 0, 0, 1, 0, 1, 1, 0], [0, 0, 0, 1, 1, 0, 0, 0], [0, 1, 0, 0, 1, 1, 0, 0], [0, 0, 1, 1, 0, 1, 0, 1], [1, 1, 0, 1, 1, 0, 1, 1], [1, 1, 0, 0, 1, 1, 0, 1], [1, 0, 0, 0, 1, 1, 1, 0]]"
360,"[2, 3, 3, 2, 1, 1, 2, 3]","[[0, 1, 0, 0, 0, 1, 1, 1], [1, 0, 0, 1, 0, 1, 1, 0], [0, 0, 0, 1, 1, 0, 0, 0], [0, 1, 0, 0, 1, 0, 0, 0], [0, 0, 1, 1, 0, 1, 0, 0], [1, 1, 0, 0, 1, 0, 1, 1], [1, 1, 0, 0, 1, 0, 0, 1], [1, 0, 0, 0, 0, 1, 1, 0]]"
361,"[2, 3, 1, 3, 2, 1, 2, 3]","[[0, 0, 0, 0, 0, 1, 1, 0], [0, 0, 0, 0, 0, 0, 1, 0], [0, 0, 0, 0, 1, 0, 0, 0], [0, 0, 0, 0, 0, 0, 0, 0], [0, 0, 1, 0, 0, 1, 0, 0], [1, 0, 0, 0, 1, 0, 1, 1], [1, 1, 0, 0, 0, 0, 0, 1], [0, 0, 0, 0, 0, 1, 1, 0]]"
362,"[1, 3, 2, 3, 2, 1, 2, 3]","[[0, 1, 0, 0, 0, 1, 1, 0], [1, 0, 0, 0, 0, 1, 1, 0], [0, 0, 0, 1, 1, 0, 0, 0], [0, 0, 1, 0, 1, 0, 0, 1], [0, 0, 1, 1, 0, 1, 0, 0], [1, 1, 0, 0, 1, 0, 1, 1], [1, 1, 0, 0, 1, 0, 0, 1], [0, 0, 0, 1, 0, 1, 1, 0]]"
363,"[1, 2, 2, 3, 3, 1, 2, 3]","[[0, 1, 0, 0, 0, 1, 1, 0], [1, 0, 1, 0, 0, 1, 1, 0], [0, 1, 0, 1, 1, 0, 0, 1], [0, 0, 1, 0, 1, 0, 0, 1], [0, 0, 1, 1, 0, 0, 0, 1], [1, 1, 0, 0, 0, 0, 1, 0], [1, 1, 0, 0, 0, 1, 0, 1], [0, 0, 1, 1, 1, 0, 1, 0]]"
364,"[2, 1, 3, 3, 2, 1, 2, 3]","[[0, 1, 0, 0, 0, 1, 1, 0], [1, 0, 0, 0, 0, 1, 1, 0], [0, 0, 0, 1, 1, 0, 0, 0], [0, 0, 1, 0, 1, 0, 0, 1], [0, 0, 1, 1, 0, 0, 0, 0], [1, 1, 0, 0, 0, 0, 1, 1], [1, 1, 0, 0, 0, 0, 0, 1], [0, 0, 0, 1, 0, 1, 1, 0]]"
365,"[2, 3, 1, 3, 2, 1, 2, 3]","[[0, 0, 0, 0, 1, 1, 1, 1], [0, 0, 0, 0, 0, 1, 1, 0], [0, 0, 0, 1, 1, 0, 0, 0], [0, 0, 1, 0, 0, 0, 0, 0], [1, 0, 1, 0, 0, 1, 0, 0], [1, 1, 0, 0, 1, 0, 1, 1], [1, 1, 0, 0, 0, 0, 0, 1], [1, 0, 0, 0, 0, 1, 1, 0]]"
366,"[2, 1, 3, 3, 2, 1, 2, 3]","[[0, 1, 0, 0, 0, 1, 1, 1], [1, 0, 0, 0, 0, 1, 1, 0], [0, 0, 0, 1, 1, 0, 0, 0], [0, 0, 0, 0, 1, 0, 0, 1], [0, 0, 1, 1, 0, 1, 0, 0], [1, 1, 0, 0, 1, 0, 1, 1], [1, 1, 0, 0, 1, 0, 0, 1], [1, 0, 0, 1, 0, 1, 1, 0]]"
367,"[1, 3, 2, 3, 2, 1, 2, 3]","[[0, 1, 0, 0, 0, 1, 1, 1], [1, 0, 1, 1, 0, 1, 1, 0], [0, 1, 0, 1, 1, 0, 0, 0], [0, 1, 1, 0, 1, 0, 0, 0], [0, 0, 1, 1, 0, 1, 0, 0], [1, 1, 0, 0, 1, 0, 1, 1], [1, 1, 0, 0, 1, 0, 0, 1], [1, 0, 0, 0, 0, 1, 1, 0]]"
368,"[2, 3, 2, 3, 1, 1, 1, 2]","[[0, 1, 0, 0, 0, 1, 1, 0], [1, 0, 1, 1, 0, 1, 1, 0], [0, 1, 0, 1, 1, 0, 0, 0], [0, 1, 1, 0, 1, 0, 0, 0], [0, 0, 1, 1, 0, 1, 0, 1], [1, 1, 0, 0, 1, 0, 1, 1], [1, 1, 0, 0, 1, 0, 0, 1], [0, 0, 0, 0, 1, 1, 1, 0]]"
369,"[2, 3, 1, 3, 2, 1, 2, 3]","[[0, 0, 1, 0, 0, 1, 1, 0], [0, 0, 0, 0, 0, 0, 0, 0], [1, 0, 0, 1, 1, 1, 0, 0], [0, 0, 1, 0, 1, 0, 0, 0], [0, 0, 1, 1, 0, 1, 0, 0], [1, 0, 1, 0, 1, 0, 1, 1], [1, 0, 0, 0, 0, 0, 0, 1], [0, 0, 0, 0, 0, 1, 1, 0]]"
370,"[2, 3, 1, 3, 2, 1, 2, 3]","[[0, 0, 0, 0, 0, 1, 1, 0], [0, 0, 0, 0, 0, 1, 1, 0], [0, 0, 0, 0, 1, 0, 0, 0], [0, 0, 0, 0, 0, 0, 0, 0], [0, 0, 1, 0, 0, 1, 0, 0], [1, 1, 0, 0, 1, 0, 1, 1], [1, 1, 0, 0, 0, 0, 0, 1], [0, 0, 0, 0, 0, 1, 1, 0]]"
371,"[1, 3, 2, 3, 2, 1, 2, 3]","[[0, 1, 0, 0, 0, 1, 1, 1], [1, 0, 0, 0, 0, 1, 1, 0], [0, 0, 0, 1, 1, 0, 0, 0], [0, 0, 1, 0, 1, 0, 0, 0], [0, 0, 1, 1, 0, 1, 0, 0], [1, 1, 0, 0, 1, 0, 1, 1], [1, 1, 0, 0, 0, 0, 0, 1], [1, 0, 0, 0, 0, 1, 1, 0]]"
372,"[1, 2, 2, 3, 3, 1, 2, 3]","[[0, 1, 0, 0, 0, 1, 1, 0], [1, 0, 1, 0, 0, 1, 1, 0], [0, 1, 0, 1, 1, 0, 0, 0], [0, 0, 1, 0, 1, 0, 0, 0], [0, 0, 1, 1, 0, 0, 0, 1], [1, 1, 0, 0, 0, 0, 1, 1], [1, 1, 0, 0, 0, 0, 0, 1], [0, 0, 0, 0, 1, 1, 1, 0]]"
373,"[2, 3, 1, 3, 2, 1, 2, 3]","[[0, 0, 0, 0, 0, 1, 1, 0], [0, 0, 0, 0, 0, 0, 1, 0], [0, 0, 0, 0, 1, 1, 0, 0], [0, 0, 0, 0, 0, 1, 0, 0], [0, 0, 1, 0, 0, 1, 0, 0], [1, 0, 1, 1, 1, 0, 1, 1], [1, 1, 0, 0, 0, 0, 0, 1], [0, 0, 0, 0, 0, 1, 1, 0]]"
374,"[2, 3, 2, 3, 1, 1, 1, 2]","[[0, 0, 0, 0, 0, 1, 1, 1], [0, 0, 0, 0, 0, 1, 0, 0], [0, 0, 0, 0, 0, 1, 0, 0], [0, 0, 0, 0, 0, 1, 0, 0], [0, 0, 0, 0, 0, 1, 0, 0], [1, 1, 1, 1, 1, 0, 1, 1], [1, 0, 0, 0, 0, 1, 0, 1], [1, 0, 0, 0, 0, 1, 1, 0]]"
375,"[2, 1, 2, 3, 3, 1, 2, 3]","[[0, 1, 0, 0, 0, 1, 1, 0], [1, 0, 1, 0, 0, 1, 1, 0], [0, 1, 0, 1, 1, 0, 0, 0], [0, 0, 1, 0, 1, 0, 0, 1], [0, 0, 1, 1, 0, 1, 0, 1], [1, 1, 0, 0, 1, 0, 1, 1], [1, 1, 0, 0, 0, 0, 0, 1], [0, 0, 0, 1, 1, 1, 1, 0]]"
376,"[2, 3, 2, 3, 1, 1, 1, 2]","[[0, 1, 0, 0, 0, 1, 1, 1], [1, 0, 1, 1, 0, 1, 1, 0], [0, 1, 0, 1, 1, 0, 0, 0], [0, 1, 1, 0, 1, 0, 0, 0], [0, 0, 1, 1, 0, 0, 0, 1], [1, 1, 0, 0, 0, 0, 1, 1], [1, 1, 0, 0, 0, 0, 0, 1], [1, 0, 0, 0, 1, 1, 1, 0]]"
377,"[2, 3, 2, 3, 1, 1, 2, 3]","[[0, 1, 0, 0, 0, 1, 1, 0], [1, 0, 1, 0, 0, 1, 1, 0], [0, 1, 0, 1, 1, 0, 0, 0], [0, 0, 1, 0, 1, 0, 0, 0], [0, 0, 1, 1, 0, 1, 0, 1], [1, 1, 0, 0, 1, 0, 1, 1], [1, 1, 0, 0, 0, 0, 0, 1], [0, 0, 0, 0, 1, 1, 1, 0]]"
378,"[1, 3, 2, 3, 2, 1, 2, 3]","[[0, 0, 0, 0, 0, 1, 1, 0], [0, 0, 0, 0, 0, 0, 0, 0], [0, 0, 0, 0, 1, 0, 0, 0], [0, 0, 0, 0, 0, 0, 0, 0], [0, 0, 1, 0, 0, 0, 0, 0], [1, 0, 0, 0, 0, 0, 0, 1], [1, 0, 0, 0, 0, 0, 0, 1], [0, 0, 0, 0, 0, 1, 1, 0]]"
379,"[2, 3, 1, 3, 2, 1, 2, 3]","[[0, 0, 0, 0, 0, 1, 1, 1], [0, 0, 0, 0, 0, 1, 1, 0], [0, 0, 0, 0, 1, 0, 0, 0], [0, 0, 0, 0, 0, 0, 0, 0], [0, 0, 1, 0, 0, 1, 0, 0], [1, 1, 0, 0, 1, 0, 1, 1], [1, 1, 0, 0, 0, 0, 0, 1], [1, 0, 0, 0, 0, 1, 1, 0]]"
380,"[2, 3, 1, 3, 2, 1, 2, 3]","[[0, 1, 0, 0, 0, 1, 1, 1], [1, 0, 0, 0, 0, 1, 1, 0], [0, 0, 0, 1, 1, 0, 0, 0], [0, 0, 0, 0, 1, 0, 0, 1], [0, 0, 1, 1, 0, 1, 0, 0], [1, 1, 0, 0, 1, 0, 1, 1], [1, 1, 0, 0, 1, 0, 0, 1], [1, 0, 0, 1, 0, 1, 1, 0]]"
381,"[2, 3, 1, 3, 2, 1, 2, 3]","[[0, 1, 0, 0, 0, 1, 1, 1], [1, 0, 1, 1, 0, 1, 1, 0], [0, 1, 0, 1, 1, 0, 0, 0], [0, 1, 1, 0, 1, 0, 0, 1], [0, 0, 1, 1, 0, 1, 0, 1], [1, 1, 0, 0, 1, 0, 1, 1], [1, 1, 0, 0, 0, 0, 0, 1], [1, 0, 0, 1, 1, 1, 1, 0]]"
382,"[2, 3, 1, 3, 2, 1, 2, 3]","[[0, 0, 0, 0, 0, 1, 1, 0], [0, 0, 0, 0, 0, 1, 1, 0], [0, 0, 0, 0, 1, 1, 0, 0], [0, 0, 0, 0, 0, 1, 0, 0], [0, 0, 1, 0, 0, 1, 0, 0], [1, 1, 1, 1, 1, 0, 1, 1], [1, 1, 0, 0, 0, 1, 0, 1], [0, 0, 0, 0, 0, 1, 1, 0]]"
383,"[2, 3, 1, 3, 2, 1, 2, 3]","[[0, 1, 0, 0, 0, 1, 1, 0], [1, 0, 1, 0, 0, 0, 1, 0], [0, 1, 0, 1, 1, 0, 0, 0], [0, 0, 0, 0, 1, 0, 0, 1], [0, 0, 1, 0, 0, 1, 0, 0], [1, 0, 0, 0, 1, 0, 1, 1], [1, 1, 0, 0, 0, 1, 0, 1], [0, 0, 0, 1, 0, 1, 1, 0]]"
384,"[2, 3, 1, 3, 2, 1, 2, 1]","[[0, 1, 0, 0, 0, 1, 1, 1], [1, 0, 1, 0, 0, 1, 1, 0], [0, 1, 0, 1, 1, 0, 0, 0], [0, 0, 1, 0, 1, 1, 0, 1], [0, 0, 1, 1, 0, 1, 0, 0], [1, 1, 0, 1, 1, 0, 1, 1], [1, 1, 0, 0, 0, 1, 0, 1], [1, 0, 0, 1, 0, 1, 1, 0]]"
385,"[1, 2, 2, 3, 3, 1, 2, 3]","[[0, 1, 0, 0, 0, 1, 1, 0], [1, 0, 1, 1, 0, 1, 1, 0], [0, 1, 0, 1, 1, 0, 0, 0], [0, 1, 1, 0, 1, 0, 0, 1], [0, 0, 1, 1, 0, 0, 0, 0], [1, 1, 0, 0, 0, 0, 1, 1], [1, 1, 0, 0, 0, 0, 0, 1], [0, 0, 0, 1, 0, 1, 1, 0]]"
386,"[1, 2, 2, 3, 3, 1, 2, 3]","[[0, 1, 0, 0, 0, 1, 1, 0], [1, 0, 1, 1, 0, 1, 1, 0], [0, 1, 0, 1, 1, 0, 0, 0], [0, 1, 1, 0, 1, 0, 0, 1], [0, 0, 1, 1, 0, 0, 0, 0], [1, 1, 0, 0, 0, 0, 1, 1], [1, 1, 0, 0, 0, 0, 0, 1], [0, 0, 0, 1, 0, 1, 1, 0]]"
387,"[2, 3, 1, 3, 2, 1, 2, 3]","[[0, 1, 0, 0, 0, 1, 1, 1], [1, 0, 1, 1, 0, 1, 1, 0], [0, 1, 0, 1, 1, 0, 0, 0], [0, 1, 1, 0, 1, 0, 0, 1], [0, 0, 1, 1, 0, 1, 0, 0], [1, 1, 0, 0, 1, 0, 1, 1], [1, 1, 0, 0, 0, 0, 0, 1], [1, 0, 0, 1, 0, 1, 1, 0]]"
388,"[2, 3, 1, 3, 2, 1, 2, 3]","[[0, 1, 0, 0, 0, 1, 1, 1], [1, 0, 1, 1, 0, 1, 1, 0], [0, 1, 0, 1, 1, 0, 0, 0], [0, 1, 1, 0, 1, 0, 0, 1], [0, 0, 1, 1, 0, 1, 0, 0], [1, 1, 0, 0, 1, 0, 1, 1], [1, 1, 0, 0, 0, 0, 0, 1], [1, 0, 0, 1, 0, 1, 1, 0]]"
389,"[1, 3, 2, 3, 2, 1, 1, 2]","[[0, 1, 0, 0, 0, 1, 1, 1], [1, 0, 1, 0, 0, 1, 1, 0], [0, 1, 0, 1, 1, 0, 0, 0], [0, 0, 1, 0, 1, 0, 0, 0], [0, 0, 1, 0, 0, 1, 0, 1], [1, 1, 0, 0, 0, 0, 1, 1], [1, 1, 0, 0, 1, 0, 0, 1], [1, 0, 0, 0, 1, 1, 1, 0]]"
390,"[1, 1, 2, 3, 3, 2, 2, 3]","[[0, 1, 0, 0, 0, 1, 1, 1], [1, 0, 1, 1, 0, 1, 1, 0], [0, 1, 0, 1, 1, 0, 0, 0], [0, 1, 1, 0, 1, 0, 0, 0], [0, 0, 1, 1, 0, 0, 0, 1], [1, 1, 0, 0, 0, 0, 1, 1], [1, 1, 0, 0, 0, 0, 0, 1], [1, 0, 0, 0, 1, 1, 1, 0]]"
391,"[2, 3, 1, 3, 2, 1, 2, 3]","[[0, 0, 0, 0, 0, 1, 1, 0], [0, 0, 0, 0, 0, 0, 1, 0], [0, 0, 0, 0, 1, 0, 0, 0], [0, 0, 0, 0, 0, 0, 0, 0], [0, 0, 1, 0, 0, 1, 0, 0], [1, 0, 0, 0, 1, 0, 1, 1], [1, 1, 1, 0, 0, 1, 0, 1], [0, 0, 0, 0, 0, 1, 1, 0]]"
392,"[2, 3, 1, 3, 2, 1, 2, 3]","[[0, 0, 0, 0, 0, 1, 1, 0], [0, 0, 0, 0, 0, 1, 1, 0], [0, 0, 0, 0, 1, 0, 0, 0], [0, 0, 0, 0, 0, 1, 0, 0], [0, 0, 1, 0, 0, 0, 0, 0], [1, 1, 0, 1, 0, 0, 0, 1], [1, 1, 0, 0, 0, 0, 0, 1], [0, 0, 0, 0, 0, 1, 1, 0]]"
393,"[2, 3, 1, 3, 2, 1, 2, 1]","[[0, 1, 0, 0, 0, 1, 1, 1], [1, 0, 1, 0, 0, 1, 1, 0], [0, 1, 0, 1, 1, 0, 0, 0], [0, 0, 1, 0, 1, 0, 0, 0], [0, 0, 1, 0, 0, 1, 0, 0], [1, 1, 0, 0, 0, 0, 1, 1], [1, 1, 0, 0, 1, 0, 0, 1], [1, 0, 0, 0, 0, 1, 1, 0]]"
394,"[1, 2, 2, 3, 3, 1, 2, 3]","[[0, 1, 0, 0, 0, 1, 1, 0], [1, 0, 1, 1, 0, 1, 1, 0], [0, 1, 0, 1, 1, 0, 0, 0], [0, 1, 0, 0, 1, 0, 0, 1], [0, 0, 1, 1, 0, 0, 0, 0], [1, 1, 0, 0, 0, 0, 1, 1], [1, 1, 0, 0, 0, 0, 0, 1], [0, 0, 0, 1, 0, 1, 1, 0]]"
395,"[1, 3, 2, 3, 2, 1, 2, 3]","[[0, 1, 0, 0, 0, 1, 1, 1], [1, 0, 1, 1, 0, 1, 1, 0], [0, 1, 0, 1, 1, 0, 0, 0], [0, 1, 1, 0, 1, 0, 0, 0], [0, 0, 1, 1, 0, 1, 0, 0], [1, 1, 0, 0, 1, 0, 1, 1], [1, 1, 0, 0, 1, 0, 0, 1], [1, 0, 0, 0, 0, 1, 1, 0]]"
396,"[2, 3, 1, 3, 2, 1, 2, 3]","[[0, 1, 0, 0, 0, 1, 1, 0], [1, 0, 1, 0, 0, 1, 1, 0], [0, 1, 0, 1, 1, 0, 0, 0], [0, 0, 1, 0, 1, 0, 0, 1], [0, 0, 1, 1, 0, 1, 0, 0], [1, 1, 0, 0, 1, 0, 1, 1], [1, 1, 0, 0, 1, 0, 0, 1], [0, 0, 0, 1, 0, 1, 1, 0]]"
397,"[2, 3, 1, 3, 2, 1, 2, 3]","[[0, 1, 0, 0, 0, 1, 1, 0], [1, 0, 1, 1, 0, 1, 0, 0], [0, 1, 0, 1, 1, 0, 0, 0], [0, 1, 1, 0, 1, 0, 0, 1], [0, 0, 1, 1, 0, 1, 0, 0], [1, 1, 0, 0, 1, 0, 1, 1], [1, 0, 0, 0, 0, 0, 0, 1], [0, 0, 0, 1, 0, 1, 1, 0]]"
398,"[2, 3, 1, 3, 2, 1, 2, 1]","[[0, 0, 0, 0, 0, 1, 1, 1], [0, 0, 0, 0, 0, 0, 1, 0], [0, 0, 0, 0, 1, 1, 0, 0], [0, 0, 0, 0, 0, 0, 0, 0], [0, 0, 1, 0, 0, 1, 0, 0], [1, 0, 1, 0, 1, 0, 1, 1], [1, 1, 0, 0, 0, 0, 0, 1], [1, 0, 0, 0, 0, 1, 1, 0]]"
399,"[2, 1, 3, 3, 2, 1, 1, 2]","[[0, 1, 0, 0, 0, 1, 1, 1], [1, 0, 0, 0, 0, 1, 1, 0], [0, 0, 0, 1, 1, 0, 0, 0], [0, 0, 0, 0, 1, 0, 0, 1], [0, 0, 1, 1, 0, 0, 0, 0], [1, 1, 0, 0, 0, 0, 1, 1], [1, 1, 0, 0, 0, 0, 0, 1], [1, 0, 0, 1, 0, 1, 1, 0]]"
400,"[2, 3, 1, 3, 2, 1, 2, 3]","[[0, 0, 0, 0, 0, 1, 1, 0], [0, 0, 0, 0, 0, 0, 1, 0], [0, 0, 0, 0, 1, 1, 0, 0], [0, 0, 0, 0, 0, 0, 0, 0], [0, 0, 1, 0, 0, 1, 0, 0], [1, 0, 1, 0, 1, 0, 1, 1], [1, 1, 0, 0, 0, 1, 0, 1], [0, 0, 0, 0, 0, 1, 1, 0]]"
401,"[2, 3, 1, 3, 2, 1, 2, 3]","[[0, 0, 0, 0, 0, 1, 1, 0], [0, 0, 0, 0, 0, 1, 1, 0], [0, 0, 0, 0, 1, 0, 0, 0], [0, 0, 0, 0, 1, 0, 0, 1], [0, 0, 1, 1, 0, 1, 0, 0], [1, 1, 0, 0, 1, 0, 1, 1], [1, 1, 0, 0, 1, 0, 0, 1], [0, 0, 0, 1, 0, 1, 1, 0]]"
402,"[2, 3, 1, 3, 2, 1, 2, 3]","[[0, 1, 0, 0, 0, 1, 1, 1], [1, 0, 1, 0, 0, 1, 1, 0], [0, 1, 0, 1, 1, 0, 0, 0], [0, 0, 1, 0, 1, 0, 0, 1], [0, 0, 1, 1, 0, 1, 0, 0], [1, 1, 0, 0, 1, 0, 1, 1], [1, 1, 0, 0, 0, 0, 0, 1], [1, 0, 0, 1, 0, 1, 1, 0]]"
403,"[1, 3, 2, 3, 2, 1, 2, 3]","[[0, 1, 0, 0, 0, 1, 1, 1], [1, 0, 1, 1, 0, 1, 1, 0], [0, 1, 0, 1, 1, 0, 0, 0], [0, 1, 1, 0, 1, 0, 0, 0], [0, 0, 1, 1, 0, 1, 0, 0], [1, 1, 0, 0, 1, 0, 1, 1], [1, 1, 0, 0, 0, 0, 0, 1], [1, 0, 0, 0, 0, 1, 1, 0]]"
404,"[1, 2, 2, 3, 3, 1, 2, 3]","[[0, 1, 0, 0, 0, 1, 1, 0], [1, 0, 1, 1, 0, 1, 1, 0], [0, 1, 0, 1, 1, 0, 0, 0], [0, 1, 1, 0, 1, 0, 0, 1], [0, 0, 1, 1, 0, 0, 0, 0], [1, 1, 0, 0, 0, 0, 1, 1], [1, 1, 0, 0, 0, 0, 0, 1], [0, 0, 0, 1, 0, 1, 1, 0]]"
405,"[2, 3, 1, 1, 2, 1, 3, 1]","[[0, 0, 0, 0, 0, 1, 0, 0], [0, 0, 0, 0, 0, 1, 0, 0], [0, 0, 0, 0, 1, 0, 0, 0], [0, 0, 0, 0, 1, 1, 0, 0], [0, 0, 1, 1, 0, 0, 0, 0], [1, 1, 0, 1, 0, 0, 1, 1], [0, 0, 0, 0, 0, 0, 0, 1], [0, 0, 0, 0, 0, 1, 1, 0]]"
406,"[2, 3, 1, 3, 2, 1, 2, 3]","[[0, 1, 0, 0, 0, 1, 1, 1], [1, 0, 1, 1, 0, 1, 1, 0], [0, 1, 0, 1, 1, 0, 0, 0], [0, 1, 1, 0, 1, 0, 0, 1], [0, 0, 1, 1, 0, 1, 0, 0], [1, 1, 0, 0, 1, 0, 1, 1], [1, 1, 0, 0, 0, 0, 0, 1], [1, 0, 0, 1, 0, 1, 1, 0]]"
407,"[2, 3, 1, 2, 3, 1, 2, 3]","[[0, 1, 0, 0, 0, 1, 0, 1], [1, 0, 1, 0, 0, 1, 1, 0], [0, 1, 0, 1, 1, 0, 0, 0], [0, 0, 1, 0, 1, 0, 0, 0], [0, 0, 1, 1, 0, 0, 0, 0], [1, 1, 0, 0, 0, 0, 1, 1], [0, 1, 0, 0, 0, 0, 0, 1], [1, 0, 0, 0, 0, 1, 1, 0]]"
408,"[1, 2, 3, 2, 2, 1, 1, 3]","[[0, 1, 0, 0, 0, 1, 1, 0], [1, 0, 0, 0, 0, 1, 1, 0], [0, 0, 0, 0, 0, 0, 0, 0], [0, 0, 0, 0, 0, 0, 0, 0], [0, 0, 0, 0, 0, 1, 0, 0], [1, 1, 0, 0, 1, 0, 1, 1], [1, 1, 0, 0, 0, 0, 0, 1], [0, 0, 0, 0, 0, 1, 1, 0]]"
409,"[2, 3, 1, 3, 2, 1, 2, 3]","[[0, 0, 0, 0, 0, 1, 1, 0], [0, 0, 0, 0, 0, 0, 1, 0], [0, 0, 0, 0, 0, 1, 0, 0], [0, 0, 0, 0, 0, 0, 0, 0], [0, 0, 0, 0, 0, 1, 0, 0], [1, 0, 1, 0, 0, 0, 1, 1], [1, 1, 0, 0, 0, 1, 0, 1], [0, 0, 0, 0, 0, 1, 1, 0]]"
410,"[2, 3, 1, 3, 2, 1, 2, 1]","[[0, 0, 0, 0, 0, 1, 1, 1], [0, 0, 0, 0, 0, 1, 1, 0], [0, 0, 0, 0, 1, 0, 0, 0], [0, 0, 0, 0, 0, 0, 0, 0], [0, 0, 1, 0, 0, 1, 0, 0], [1, 1, 0, 0, 1, 0, 1, 1], [1, 1, 0, 0, 0, 0, 0, 1], [1, 0, 0, 0, 0, 1, 1, 0]]"
411,"[2, 3, 1, 3, 2, 1, 2, 1]","[[0, 1, 0, 0, 0, 1, 1, 1], [1, 0, 1, 0, 0, 1, 1, 0], [0, 1, 0, 1, 1, 0, 0, 0], [0, 0, 1, 0, 1, 0, 0, 0], [0, 0, 1, 0, 0, 0, 0, 0], [1, 1, 0, 0, 0, 0, 1, 1], [1, 1, 0, 0, 0, 0, 0, 1], [1, 0, 0, 0, 0, 1, 1, 0]]"
412,"[2, 3, 1, 2, 3, 1, 2, 2]","[[0, 1, 0, 1, 0, 1, 0, 1], [1, 0, 1, 0, 0, 1, 0, 0], [0, 1, 0, 1, 1, 0, 0, 0], [1, 0, 1, 0, 1, 0, 0, 0], [0, 0, 1, 1, 0, 0, 0, 0], [1, 1, 0, 0, 0, 0, 1, 1], [0, 0, 0, 0, 0, 0, 0, 1], [1, 0, 0, 0, 0, 1, 1, 0]]"
413,"[1, 2, 2, 3, 3, 1, 2, 3]","[[0, 1, 0, 0, 0, 1, 1, 0], [1, 0, 1, 1, 0, 1, 1, 0], [0, 1, 0, 1, 1, 0, 0, 1], [0, 1, 1, 0, 1, 1, 0, 1], [0, 0, 1, 1, 0, 1, 0, 1], [1, 1, 0, 1, 1, 0, 1, 1], [1, 1, 0, 0, 0, 0, 0, 1], [0, 0, 1, 1, 1, 1, 1, 0]]"
414,"[1, 3, 2, 3, 2, 1, 1, 2]","[[0, 1, 0, 0, 0, 1, 1, 1], [1, 0, 1, 0, 0, 1, 1, 0], [0, 1, 0, 1, 1, 0, 0, 0], [0, 0, 1, 0, 1, 1, 0, 1], [0, 0, 1, 1, 0, 1, 0, 1], [1, 1, 0, 1, 1, 0, 1, 1], [1, 1, 0, 0, 1, 1, 0, 1], [1, 0, 0, 1, 1, 1, 1, 0]]"
415,"[2, 3, 1, 3, 2, 1, 2, 3]","[[0, 1, 0, 0, 0, 1, 1, 0], [1, 0, 1, 0, 0, 1, 1, 0], [0, 1, 0, 1, 1, 0, 0, 0], [0, 0, 1, 0, 1, 0, 0, 1], [0, 0, 1, 1, 0, 1, 0, 0], [1, 1, 0, 0, 1, 0, 1, 1], [1, 1, 0, 0, 0, 0, 0, 1], [0, 0, 0, 1, 0, 1, 1, 0]]"
416,"[2, 3, 1, 3, 2, 1, 2, 3]","[[0, 1, 0, 0, 0, 1, 0, 1], [1, 0, 1, 0, 0, 1, 1, 0], [0, 1, 0, 1, 1, 0, 0, 0], [0, 0, 1, 0, 1, 0, 0, 0], [0, 0, 1, 1, 0, 0, 0, 0], [1, 1, 0, 0, 0, 0, 1, 1], [0, 1, 0, 0, 0, 0, 0, 1], [1, 0, 0, 0, 0, 1, 1, 0]]"
417,"[2, 1, 3, 3, 2, 1, 2, 3]","[[0, 1, 0, 0, 0, 1, 1, 1], [1, 0, 0, 1, 0, 1, 1, 0], [0, 0, 0, 1, 1, 0, 0, 0], [0, 1, 0, 0, 1, 0, 0, 1], [0, 0, 1, 1, 0, 1, 0, 0], [1, 1, 0, 0, 1, 0, 1, 1], [1, 1, 0, 0, 1, 0, 0, 1], [1, 0, 0, 1, 0, 1, 1, 0]]"
418,"[1, 3, 2, 3, 2, 1, 2, 3]","[[0, 0, 0, 0, 0, 1, 1, 0], [0, 0, 0, 0, 0, 0, 1, 0], [0, 0, 0, 0, 0, 0, 0, 0], [0, 0, 0, 0, 0, 0, 0, 0], [0, 0, 0, 0, 0, 1, 0, 0], [1, 0, 0, 0, 0, 0, 1, 1], [1, 1, 0, 0, 0, 1, 0, 1], [0, 0, 0, 0, 0, 1, 1, 0]]"
419,"[2, 3, 1, 3, 2, 1, 2, 3]","[[0, 0, 0, 0, 0, 1, 1, 0], [0, 0, 0, 0, 0, 0, 1, 0], [0, 0, 0, 0, 1, 0, 0, 0], [0, 0, 0, 0, 0, 0, 0, 0], [0, 0, 1, 0, 0, 1, 0, 0], [1, 0, 0, 0, 1, 0, 1, 1], [1, 1, 0, 0, 0, 1, 0, 1], [0, 0, 0, 0, 0, 1, 1, 0]]"
420,"[1, 3, 2, 3, 2, 1, 2, 3]","[[0, 1, 0, 0, 0, 1, 1, 1], [1, 0, 1, 0, 0, 1, 1, 0], [0, 1, 0, 1, 1, 0, 0, 0], [0, 0, 1, 0, 1, 1, 0, 0], [0, 0, 1, 0, 0, 1, 0, 0], [1, 1, 0, 1, 1, 0, 1, 1], [1, 1, 0, 0, 0, 1, 0, 1], [1, 0, 0, 0, 0, 1, 1, 0]]"
421,"[2, 3, 2, 3, 1, 1, 1, 2]","[[0, 1, 0, 0, 0, 1, 1, 1], [1, 0, 1, 0, 0, 1, 1, 0], [0, 1, 0, 1, 1, 0, 0, 0], [0, 0, 1, 0, 1, 0, 0, 0], [0, 0, 1, 1, 0, 0, 0, 1], [1, 1, 0, 0, 0, 0, 1, 1], [1, 1, 0, 0, 0, 0, 0, 1], [1, 0, 0, 0, 1, 1, 1, 0]]"
422,"[1, 2, 2, 3, 3, 1, 2, 3]","[[0, 1, 0, 0, 0, 1, 1, 0], [1, 0, 1, 1, 0, 1, 1, 0], [0, 1, 0, 1, 1, 0, 0, 0], [0, 1, 1, 0, 1, 0, 0, 1], [0, 0, 1, 1, 0, 0, 0, 1], [1, 1, 0, 0, 0, 0, 1, 1], [1, 1, 0, 0, 0, 1, 0, 1], [0, 0, 0, 1, 1, 1, 1, 0]]"
423,"[2, 3, 1, 1, 2, 1, 3, 2]","[[0, 1, 0, 1, 0, 1, 0, 1], [1, 0, 1, 0, 0, 1, 0, 0], [0, 1, 0, 1, 1, 0, 0, 0], [1, 0, 0, 0, 1, 1, 0, 0], [0, 0, 1, 1, 0, 0, 0, 0], [1, 1, 0, 1, 0, 0, 1, 1], [0, 0, 0, 0, 0, 0, 0, 1], [1, 0, 0, 0, 0, 1, 1, 0]]"
424,"[1, 3, 2, 3, 2, 1, 2, 3]","[[0, 1, 0, 0, 0, 1, 1, 1], [1, 0, 1, 1, 0, 1, 1, 0], [0, 1, 0, 1, 1, 0, 0, 0], [0, 1, 0, 0, 1, 0, 0, 0], [0, 0, 1, 1, 0, 1, 0, 0], [1, 1, 0, 0, 1, 0, 1, 1], [1, 1, 0, 0, 0, 0, 0, 1], [1, 0, 0, 0, 0, 1, 1, 0]]"
425,"[2, 3, 1, 3, 2, 1, 2, 3]","[[0, 1, 0, 0, 0, 1, 0, 1], [1, 0, 1, 0, 0, 1, 1, 0], [0, 1, 0, 1, 1, 0, 0, 0], [0, 0, 1, 0, 1, 0, 0, 0], [0, 0, 1, 1, 0, 0, 0, 1], [1, 1, 0, 0, 0, 0, 1, 1], [0, 1, 0, 0, 0, 1, 0, 1], [1, 0, 0, 0, 1, 1, 1, 0]]"
426,"[1, 3, 3, 3, 2, 1, 2, 3]","[[0, 1, 0, 0, 0, 1, 1, 1], [1, 0, 0, 0, 0, 1, 1, 0], [0, 0, 0, 0, 1, 0, 0, 0], [0, 0, 0, 0, 1, 0, 0, 0], [0, 0, 1, 0, 0, 1, 0, 0], [1, 1, 0, 0, 1, 0, 1, 1], [1, 1, 0, 0, 0, 0, 0, 1], [1, 0, 0, 0, 0, 1, 1, 0]]"
427,"[2, 3, 1, 3, 2, 1, 2, 3]","[[0, 0, 0, 0, 0, 1, 1, 0], [0, 0, 0, 0, 0, 0, 1, 0], [0, 0, 0, 0, 1, 1, 0, 0], [0, 0, 0, 0, 0, 0, 0, 0], [0, 0, 1, 0, 0, 1, 0, 0], [1, 0, 1, 0, 1, 0, 1, 1], [1, 1, 0, 0, 0, 0, 0, 1], [0, 0, 0, 0, 0, 1, 1, 0]]"
428,"[1, 3, 2, 3, 2, 1, 1, 2]","[[0, 1, 0, 0, 0, 1, 1, 1], [1, 0, 1, 0, 0, 1, 1, 0], [0, 1, 0, 1, 1, 0, 0, 0], [0, 0, 1, 0, 1, 0, 0, 0], [0, 0, 1, 1, 0, 1, 0, 0], [1, 1, 0, 0, 1, 0, 1, 1], [1, 1, 0, 0, 1, 1, 0, 1], [1, 0, 0, 0, 0, 1, 1, 0]]"
429,"[2, 3, 1, 3, 2, 1, 2, 1]","[[0, 1, 0, 0, 0, 1, 1, 1], [1, 0, 1, 0, 0, 1, 1, 0], [0, 1, 0, 1, 1, 0, 0, 0], [0, 0, 1, 0, 1, 0, 0, 0], [0, 0, 1, 1, 0, 1, 0, 0], [1, 1, 0, 0, 1, 0, 1, 1], [1, 1, 0, 0, 0, 0, 0, 1], [1, 0, 0, 0, 0, 1, 1, 0]]"
430,"[2, 3, 1, 1, 2, 2, 3, 1]","[[0, 1, 0, 1, 0, 1, 0, 1], [1, 0, 1, 1, 0, 1, 0, 1], [0, 1, 0, 1, 1, 0, 0, 0], [1, 1, 0, 0, 1, 1, 0, 1], [0, 0, 1, 1, 0, 1, 0, 0], [1, 1, 0, 1, 0, 0, 1, 1], [0, 0, 0, 0, 0, 1, 0, 1], [1, 1, 0, 1, 0, 1, 1, 0]]"
431,"[2, 1, 2, 3, 3, 1, 1, 2]","[[0, 1, 0, 0, 0, 1, 1, 1], [1, 0, 1, 1, 0, 1, 1, 0], [0, 1, 0, 1, 1, 0, 0, 0], [0, 1, 1, 0, 1, 0, 0, 0], [0, 0, 1, 1, 0, 1, 0, 1], [1, 1, 0, 0, 1, 0, 1, 1], [1, 1, 0, 0, 0, 0, 0, 1], [1, 0, 0, 0, 1, 1, 1, 0]]"
432,"[2, 3, 3, 3, 2, 1, 2, 3]","[[0, 1, 0, 0, 0, 1, 1, 1], [1, 0, 0, 0, 0, 1, 1, 0], [0, 0, 0, 1, 1, 0, 0, 0], [0, 0, 0, 0, 1, 0, 0, 1], [0, 0, 1, 1, 0, 1, 0, 0], [1, 1, 0, 0, 1, 0, 1, 1], [1, 1, 0, 0, 1, 0, 0, 1], [1, 0, 0, 1, 0, 1, 1, 0]]"
433,"[2, 3, 1, 3, 2, 1, 2, 3]","[[0, 1, 0, 0, 0, 1, 1, 1], [1, 0, 1, 1, 0, 1, 1, 0], [0, 1, 0, 1, 1, 0, 0, 0], [0, 1, 1, 0, 1, 0, 0, 1], [0, 0, 1, 1, 0, 1, 0, 0], [1, 1, 0, 0, 1, 0, 1, 1], [1, 1, 0, 0, 1, 0, 0, 1], [1, 0, 0, 1, 0, 1, 1, 0]]"
434,"[2, 3, 1, 3, 2, 1, 2, 3]","[[0, 1, 0, 0, 0, 1, 0, 1], [1, 0, 1, 0, 0, 1, 1, 0], [0, 1, 0, 1, 1, 0, 0, 0], [0, 0, 1, 0, 1, 0, 0, 0], [0, 0, 1, 1, 0, 0, 0, 1], [1, 1, 0, 0, 0, 0, 1, 1], [0, 1, 0, 0, 0, 1, 0, 1], [1, 0, 0, 0, 1, 1, 1, 0]]"
435,"[2, 1, 3, 3, 2, 1, 2, 3]","[[0, 1, 0, 0, 0, 1, 1, 1], [1, 0, 0, 1, 0, 1, 1, 0], [0, 0, 0, 1, 1, 0, 0, 0], [0, 1, 0, 0, 1, 0, 0, 1], [0, 0, 1, 1, 0, 1, 0, 0], [1, 1, 0, 0, 1, 0, 1, 1], [1, 1, 0, 0, 1, 0, 0, 1], [1, 0, 0, 1, 0, 1, 1, 0]]"
436,"[2, 3, 1, 3, 2, 1, 2, 2]","[[0, 0, 0, 0, 0, 1, 1, 0], [0, 0, 0, 0, 0, 1, 0, 0], [0, 0, 0, 0, 1, 0, 0, 0], [0, 0, 0, 0, 0, 1, 0, 0], [0, 0, 1, 0, 0, 0, 0, 0], [1, 1, 0, 1, 0, 0, 1, 1], [1, 0, 0, 0, 0, 1, 0, 1], [0, 0, 0, 0, 0, 1, 1, 0]]"
437,"[2, 3, 1, 2, 3, 1, 2, 3]","[[0, 1, 0, 1, 0, 1, 0, 1], [1, 0, 1, 0, 0, 1, 0, 0], [0, 1, 0, 1, 1, 0, 0, 0], [1, 0, 0, 0, 1, 1, 0, 0], [0, 0, 1, 1, 0, 0, 0, 1], [1, 1, 0, 1, 0, 0, 1, 1], [0, 1, 0, 0, 0, 0, 0, 1], [1, 0, 0, 0, 1, 1, 1, 0]]"
438,"[2, 3, 1, 1, 2, 2, 3, 1]","[[0, 1, 0, 1, 0, 1, 0, 1], [1, 0, 1, 1, 0, 1, 0, 1], [0, 1, 0, 1, 1, 0, 1, 0], [1, 1, 0, 0, 1, 1, 0, 1], [0, 0, 1, 1, 0, 1, 0, 1], [1, 1, 0, 1, 1, 0, 1, 0], [0, 0, 1, 0, 0, 1, 0, 1], [1, 1, 0, 1, 1, 0, 1, 0]]"
439,"[1, 1, 3, 3, 2, 1, 2, 3]","[[0, 1, 0, 0, 0, 1, 1, 0], [1, 0, 0, 0, 0, 1, 1, 0], [0, 0, 0, 1, 1, 0, 0, 0], [0, 0, 0, 0, 1, 0, 0, 1], [0, 0, 1, 1, 0, 0, 0, 0], [1, 1, 0, 0, 0, 0, 1, 1], [1, 1, 0, 0, 0, 0, 0, 1], [0, 0, 0, 1, 0, 1, 1, 0]]"
440,"[2, 3, 1, 1, 2, 2, 3, 1]","[[0, 1, 0, 1, 0, 1, 0, 1], [1, 0, 1, 0, 0, 1, 0, 0], [0, 1, 0, 1, 1, 0, 0, 0], [1, 0, 0, 0, 1, 1, 0, 0], [0, 0, 1, 1, 0, 0, 0, 1], [1, 1, 0, 1, 0, 0, 1, 1], [0, 0, 0, 0, 0, 0, 0, 1], [1, 0, 0, 0, 1, 1, 1, 0]]"
441,"[1, 3, 3, 2, 2, 1, 2, 3]","[[0, 1, 0, 0, 0, 1, 1, 1], [1, 0, 0, 1, 0, 1, 1, 0], [0, 0, 0, 1, 1, 0, 0, 0], [0, 1, 0, 0, 1, 0, 0, 1], [0, 0, 1, 1, 0, 1, 0, 0], [1, 1, 0, 0, 1, 0, 1, 1], [1, 1, 0, 0, 1, 0, 0, 1], [1, 0, 0, 1, 0, 1, 1, 0]]"
442,"[1, 3, 2, 3, 2, 1, 2, 3]","[[0, 1, 0, 0, 0, 1, 1, 1], [1, 0, 1, 0, 0, 1, 1, 0], [0, 1, 0, 1, 1, 0, 0, 0], [0, 0, 1, 0, 1, 0, 0, 0], [0, 0, 1, 1, 0, 1, 0, 0], [1, 1, 0, 0, 1, 0, 1, 1], [1, 1, 0, 0, 0, 0, 0, 1], [1, 0, 0, 0, 0, 1, 1, 0]]"
443,"[2, 3, 1, 2, 3, 1, 2, 3]","[[0, 1, 0, 0, 0, 1, 0, 1], [1, 0, 1, 0, 0, 1, 1, 0], [0, 1, 0, 1, 1, 0, 0, 0], [0, 0, 1, 0, 1, 0, 0, 0], [0, 0, 1, 1, 0, 0, 0, 0], [1, 1, 0, 0, 0, 0, 1, 1], [0, 1, 0, 0, 0, 0, 0, 1], [1, 0, 0, 0, 0, 1, 1, 0]]"
444,"[1, 1, 3, 3, 3, 2, 1, 2]","[[0, 1, 0, 0, 0, 1, 1, 1], [1, 0, 0, 0, 0, 1, 1, 1], [0, 0, 0, 0, 1, 0, 0, 0], [0, 0, 0, 0, 1, 1, 0, 1], [0, 0, 1, 1, 0, 1, 0, 1], [1, 1, 0, 1, 1, 0, 1, 1], [1, 1, 0, 0, 0, 1, 0, 1], [1, 1, 0, 1, 1, 1, 1, 0]]"
445,"[2, 3, 1, 3, 2, 1, 2, 3]","[[0, 0, 0, 0, 0, 1, 1, 0], [0, 0, 0, 0, 0, 0, 0, 0], [0, 0, 0, 0, 0, 1, 0, 0], [0, 0, 0, 0, 0, 0, 0, 0], [0, 0, 0, 0, 0, 1, 0, 0], [1, 0, 1, 0, 1, 0, 1, 1], [1, 0, 0, 0, 0, 1, 0, 1], [0, 0, 0, 0, 0, 1, 1, 0]]"
446,"[2, 3, 2, 3, 1, 1, 2, 3]","[[0, 1, 0, 0, 1, 1, 1, 1], [1, 0, 1, 1, 0, 1, 0, 0], [0, 1, 0, 1, 1, 0, 0, 0], [0, 1, 1, 0, 1, 0, 0, 0], [1, 0, 1, 1, 0, 1, 1, 0], [1, 1, 0, 0, 0, 0, 1, 1], [1, 0, 0, 0, 1, 0, 0, 1], [1, 0, 0, 0, 0, 1, 1, 0]]"
447,"[2, 3, 1, 3, 2, 1, 2, 3]","[[0, 1, 0, 0, 0, 1, 1, 1], [1, 0, 1, 1, 0, 1, 1, 0], [0, 1, 0, 1, 1, 1, 0, 0], [0, 1, 1, 0, 1, 0, 0, 0], [0, 0, 1, 1, 0, 1, 0, 1], [1, 1, 1, 0, 1, 0, 1, 1], [1, 1, 0, 0, 0, 1, 0, 1], [1, 0, 0, 0, 1, 1, 1, 0]]"
448,"[2, 1, 3, 3, 2, 1, 2, 3]","[[0, 1, 0, 0, 0, 1, 1, 1], [1, 0, 0, 0, 0, 1, 1, 0], [0, 0, 0, 1, 1, 0, 0, 0], [0, 0, 0, 0, 1, 0, 0, 1], [0, 0, 1, 1, 0, 1, 0, 0], [1, 1, 0, 0, 1, 0, 1, 1], [1, 1, 0, 0, 0, 0, 0, 1], [1, 0, 0, 1, 0, 1, 1, 0]]"
449,"[2, 1, 3, 3, 2, 1, 2, 3]","[[0, 1, 0, 0, 0, 1, 1, 1], [1, 0, 0, 1, 0, 1, 1, 0], [0, 0, 0, 1, 1, 0, 0, 0], [0, 1, 0, 0, 1, 0, 0, 1], [0, 0, 1, 1, 0, 0, 0, 0], [1, 1, 0, 0, 0, 0, 1, 1], [1, 1, 0, 0, 1, 0, 0, 1], [1, 0, 0, 1, 0, 1, 1, 0]]"
450,"[2, 1, 3, 3, 2, 1, 2, 3]","[[0, 1, 0, 0, 0, 1, 1, 1], [1, 0, 0, 0, 0, 1, 1, 0], [0, 0, 0, 1, 1, 0, 0, 0], [0, 0, 0, 0, 1, 0, 0, 0], [0, 0, 1, 1, 0, 0, 0, 0], [1, 1, 0, 0, 0, 0, 1, 1], [1, 1, 0, 0, 0, 0, 0, 1], [1, 0, 0, 0, 0, 1, 1, 0]]"
451,"[2, 3, 1, 3, 2, 1, 2, 3]","[[0, 1, 0, 0, 0, 1, 1, 0], [1, 0, 1, 0, 0, 1, 1, 0], [0, 1, 0, 1, 1, 0, 0, 0], [0, 0, 1, 0, 1, 0, 0, 1], [0, 0, 1, 1, 0, 1, 0, 0], [1, 1, 0, 0, 1, 0, 1, 1], [1, 1, 0, 0, 0, 0, 0, 1], [0, 0, 0, 1, 0, 1, 1, 0]]"
452,"[1, 3, 2, 3, 2, 1, 2, 3]","[[0, 1, 0, 0, 0, 1, 1, 1], [1, 0, 1, 1, 0, 1, 1, 0], [0, 1, 0, 1, 1, 0, 0, 0], [0, 1, 1, 0, 1, 0, 0, 0], [0, 0, 1, 1, 0, 1, 0, 0], [1, 1, 0, 0, 0, 0, 1, 1], [1, 1, 0, 0, 1, 0, 0, 1], [1, 0, 0, 0, 0, 1, 1, 0]]"
453,"[2, 1, 3, 3, 2, 1, 2, 3]","[[0, 1, 0, 0, 0, 1, 1, 1], [1, 0, 0, 0, 0, 1, 1, 0], [0, 0, 0, 1, 1, 0, 0, 0], [0, 0, 1, 0, 1, 0, 0, 0], [0, 0, 1, 1, 0, 1, 0, 0], [1, 1, 0, 0, 1, 0, 1, 1], [1, 1, 0, 0, 0, 0, 0, 1], [1, 0, 0, 0, 0, 1, 1, 0]]"
454,"[2, 3, 3, 3, 2, 1, 1, 2]","[[0, 1, 0, 0, 0, 1, 1, 1], [1, 0, 0, 0, 0, 1, 1, 0], [0, 0, 0, 0, 1, 0, 0, 0], [0, 0, 0, 0, 1, 0, 0, 0], [0, 0, 1, 1, 0, 1, 0, 1], [1, 1, 0, 0, 1, 0, 1, 1], [1, 1, 0, 0, 0, 0, 0, 1], [1, 0, 0, 0, 1, 1, 1, 0]]"
455,"[2, 3, 2, 3, 1, 1, 2, 3]","[[0, 1, 0, 0, 0, 1, 1, 1], [1, 0, 1, 1, 0, 1, 0, 0], [0, 1, 0, 1, 1, 0, 0, 0], [0, 1, 1, 0, 1, 0, 0, 0], [0, 0, 1, 1, 0, 1, 0, 0], [1, 1, 0, 0, 0, 0, 1, 1], [1, 0, 0, 0, 1, 0, 0, 1], [1, 0, 0, 0, 0, 1, 1, 0]]"
456,"[2, 1, 3, 3, 2, 1, 2, 3]","[[0, 1, 0, 0, 0, 1, 1, 0], [1, 0, 0, 0, 0, 1, 1, 0], [0, 0, 0, 1, 1, 0, 0, 0], [0, 0, 0, 0, 1, 0, 0, 1], [0, 0, 1, 1, 0, 0, 0, 0], [1, 1, 0, 0, 0, 0, 1, 1], [1, 1, 0, 0, 1, 0, 0, 1], [0, 0, 0, 1, 0, 1, 1, 0]]"
457,"[2, 3, 2, 3, 1, 1, 2, 3]","[[0, 1, 0, 0, 0, 1, 1, 1], [1, 0, 1, 1, 0, 1, 1, 0], [0, 1, 0, 1, 1, 0, 0, 0], [0, 1, 1, 0, 1, 0, 0, 0], [0, 0, 1, 1, 0, 1, 0, 1], [1, 1, 0, 0, 1, 0, 1, 1], [1, 1, 0, 0, 0, 0, 0, 1], [1, 0, 0, 0, 1, 1, 1, 0]]"
458,"[3, 3, 2, 2, 1, 1, 2, 1]","[[0, 1, 0, 0, 0, 1, 1, 1], [1, 0, 0, 0, 0, 1, 1, 0], [0, 0, 0, 1, 1, 0, 0, 0], [0, 0, 1, 0, 1, 0, 0, 0], [0, 0, 1, 1, 0, 1, 0, 0], [1, 1, 0, 0, 0, 0, 1, 1], [1, 1, 0, 0, 0, 0, 0, 1], [1, 0, 0, 0, 0, 1, 0, 0]]"
459,"[2, 1, 3, 3, 2, 1, 2, 3]","[[0, 1, 0, 0, 0, 1, 1, 0], [1, 0, 0, 0, 0, 1, 1, 0], [0, 0, 0, 1, 1, 0, 0, 0], [0, 0, 0, 0, 1, 0, 0, 1], [0, 0, 1, 1, 0, 1, 0, 0], [1, 1, 0, 0, 1, 0, 1, 1], [1, 1, 0, 0, 1, 0, 0, 1], [0, 0, 0, 1, 0, 1, 1, 0]]"
460,"[1, 3, 3, 2, 2, 1, 1, 2]","[[0, 1, 0, 0, 0, 1, 1, 1], [1, 0, 0, 0, 0, 1, 1, 0], [0, 0, 0, 1, 1, 0, 0, 0], [0, 0, 0, 0, 1, 1, 0, 1], [0, 0, 1, 1, 0, 1, 0, 0], [1, 1, 0, 1, 1, 0, 1, 1], [1, 1, 0, 0, 1, 0, 0, 1], [1, 0, 0, 1, 0, 1, 1, 0]]"
461,"[1, 3, 2, 3, 2, 1, 2, 3]","[[0, 1, 0, 0, 0, 1, 1, 1], [1, 0, 1, 0, 0, 1, 1, 0], [0, 1, 0, 1, 1, 0, 0, 0], [0, 0, 1, 0, 1, 0, 0, 0], [0, 0, 1, 0, 0, 1, 0, 1], [1, 1, 0, 0, 0, 0, 1, 1], [1, 1, 0, 0, 0, 0, 0, 1], [1, 0, 0, 0, 1, 1, 1, 0]]"
462,"[1, 3, 2, 3, 2, 1, 2, 3]","[[0, 1, 0, 0, 0, 1, 1, 1], [1, 0, 1, 0, 0, 1, 1, 0], [0, 1, 0, 1, 1, 0, 0, 0], [0, 0, 1, 0, 1, 0, 0, 0], [0, 0, 1, 1, 0, 1, 0, 0], [1, 1, 0, 0, 1, 0, 1, 1], [1, 1, 0, 0, 0, 0, 0, 1], [1, 0, 0, 0, 0, 1, 1, 0]]"
463,"[2, 1, 2, 3, 3, 1, 2, 3]","[[0, 1, 0, 0, 0, 1, 1, 0], [1, 0, 1, 0, 0, 1, 1, 0], [0, 1, 0, 1, 1, 0, 0, 0], [0, 0, 1, 0, 1, 0, 0, 1], [0, 0, 1, 1, 0, 0, 0, 0], [1, 1, 0, 0, 0, 0, 1, 1], [1, 1, 0, 0, 0, 0, 0, 1], [0, 0, 0, 1, 0, 1, 1, 0]]"
464,"[2, 1, 3, 3, 2, 1, 2, 3]","[[0, 1, 0, 0, 0, 1, 1, 1], [1, 0, 0, 0, 0, 1, 1, 0], [0, 0, 0, 0, 1, 0, 0, 0], [0, 0, 0, 0, 1, 0, 0, 0], [0, 0, 1, 1, 0, 1, 0, 0], [1, 1, 0, 0, 1, 0, 1, 1], [1, 1, 0, 0, 0, 0, 0, 1], [1, 0, 0, 0, 0, 1, 1, 0]]"
465,"[2, 3, 2, 3, 1, 1, 2, 3]","[[0, 1, 0, 0, 1, 1, 1, 1], [1, 0, 1, 1, 0, 1, 0, 0], [0, 1, 0, 1, 1, 0, 0, 0], [0, 1, 1, 0, 1, 0, 0, 0], [1, 0, 1, 1, 0, 1, 1, 0], [1, 1, 0, 0, 0, 0, 1, 1], [1, 0, 0, 0, 1, 1, 0, 1], [1, 0, 0, 0, 0, 1, 1, 0]]"
466,"[1, 3, 3, 2, 2, 1, 2, 3]","[[0, 1, 0, 0, 0, 1, 1, 0], [1, 0, 0, 0, 0, 1, 1, 0], [0, 0, 0, 0, 0, 0, 0, 0], [0, 0, 0, 0, 1, 0, 0, 0], [0, 0, 1, 1, 0, 0, 0, 0], [1, 1, 0, 0, 0, 0, 1, 0], [1, 1, 0, 0, 0, 1, 0, 1], [0, 0, 0, 0, 0, 0, 1, 0]]"
467,"[2, 3, 2, 3, 1, 1, 1, 2]","[[0, 1, 0, 0, 0, 1, 1, 1], [1, 0, 1, 0, 0, 1, 1, 0], [0, 1, 0, 1, 1, 0, 0, 0], [0, 0, 1, 0, 1, 1, 0, 0], [0, 0, 1, 1, 0, 1, 0, 1], [1, 1, 0, 1, 1, 0, 1, 1], [1, 1, 0, 0, 0, 1, 0, 1], [1, 0, 0, 0, 1, 1, 1, 0]]"
468,"[1, 3, 3, 3, 2, 1, 2, 3]","[[0, 1, 0, 0, 0, 1, 1, 1], [1, 0, 0, 0, 0, 1, 1, 0], [0, 0, 0, 1, 1, 0, 0, 0], [0, 0, 0, 0, 1, 0, 0, 0], [0, 0, 1, 1, 0, 1, 0, 0], [1, 1, 0, 0, 1, 0, 1, 1], [1, 1, 0, 0, 1, 1, 0, 1], [1, 0, 0, 0, 0, 1, 1, 0]]"
469,"[2, 1, 3, 3, 2, 1, 2, 3]","[[0, 1, 0, 0, 0, 1, 1, 1], [1, 0, 0, 0, 0, 1, 1, 0], [0, 0, 0, 0, 1, 0, 0, 0], [0, 0, 0, 0, 1, 0, 0, 0], [0, 0, 1, 1, 0, 0, 0, 0], [1, 1, 0, 0, 0, 0, 1, 1], [1, 1, 0, 0, 1, 0, 0, 1], [1, 0, 0, 0, 0, 1, 1, 0]]"
470,"[2, 3, 1, 3, 2, 1, 2, 3]","[[0, 0, 1, 0, 1, 1, 1, 0], [0, 0, 0, 0, 0, 0, 0, 0], [1, 0, 0, 1, 1, 1, 1, 1], [0, 0, 1, 0, 1, 1, 0, 0], [1, 0, 1, 1, 0, 1, 1, 0], [1, 0, 1, 1, 1, 0, 1, 1], [1, 0, 1, 0, 1, 1, 0, 1], [0, 0, 1, 0, 0, 1, 1, 0]]"
471,"[2, 3, 2, 3, 1, 1, 1, 2]","[[0, 1, 0, 0, 0, 1, 1, 1], [1, 0, 1, 1, 0, 1, 1, 0], [0, 1, 0, 1, 1, 0, 0, 0], [0, 1, 1, 0, 1, 0, 0, 0], [0, 0, 1, 1, 0, 1, 0, 0], [1, 1, 0, 0, 1, 0, 1, 1], [1, 1, 0, 0, 1, 0, 0, 1], [1, 0, 0, 0, 0, 1, 1, 0]]"
472,"[1, 3, 2, 3, 2, 1, 2, 3]","[[0, 0, 0, 0, 0, 1, 1, 0], [0, 0, 0, 0, 0, 1, 1, 0], [0, 0, 0, 0, 1, 0, 0, 0], [0, 0, 0, 0, 1, 0, 0, 0], [0, 0, 1, 0, 0, 1, 0, 0], [1, 1, 0, 0, 1, 0, 1, 1], [1, 1, 0, 0, 0, 0, 0, 1], [0, 0, 0, 0, 0, 1, 1, 0]]"
473,"[2, 1, 2, 3, 3, 1, 2, 3]","[[0, 1, 0, 0, 0, 1, 1, 0], [1, 0, 1, 0, 0, 1, 1, 0], [0, 1, 0, 1, 1, 0, 0, 0], [0, 0, 1, 0, 1, 0, 0, 1], [0, 0, 1, 1, 0, 1, 0, 1], [1, 1, 0, 0, 1, 0, 1, 1], [1, 1, 0, 0, 0, 0, 0, 1], [0, 0, 0, 1, 1, 1, 1, 0]]"
474,"[1, 3, 3, 2, 2, 1, 1, 2]","[[0, 1, 0, 0, 0, 1, 1, 1], [1, 0, 0, 0, 0, 1, 1, 0], [0, 0, 0, 0, 1, 0, 0, 0], [0, 0, 0, 0, 1, 0, 0, 0], [0, 0, 1, 1, 0, 0, 0, 0], [1, 1, 0, 0, 0, 0, 1, 1], [1, 1, 0, 0, 0, 1, 0, 1], [1, 0, 0, 0, 0, 1, 1, 0]]"
475,"[2, 1, 2, 3, 3, 1, 2, 3]","[[0, 1, 0, 0, 0, 1, 1, 0], [1, 0, 1, 1, 0, 1, 1, 0], [0, 1, 0, 1, 1, 0, 0, 0], [0, 1, 1, 0, 1, 0, 0, 1], [0, 0, 1, 1, 0, 0, 0, 0], [1, 1, 0, 0, 0, 0, 1, 1], [1, 1, 0, 0, 0, 0, 0, 1], [0, 0, 0, 1, 0, 1, 1, 0]]"
476,"[1, 2, 3, 2, 3, 1, 2, 3]","[[0, 1, 0, 0, 0, 1, 1, 0], [1, 0, 0, 0, 0, 1, 1, 0], [0, 0, 0, 0, 0, 0, 0, 1], [0, 0, 0, 0, 1, 1, 0, 1], [0, 0, 1, 1, 0, 0, 0, 0], [1, 1, 0, 1, 0, 0, 1, 1], [1, 1, 0, 0, 0, 0, 0, 1], [0, 0, 1, 1, 0, 1, 1, 0]]"
477,"[2, 3, 2, 3, 1, 1, 1, 2]","[[0, 1, 0, 0, 0, 1, 1, 1], [1, 0, 1, 1, 0, 1, 1, 0], [0, 1, 0, 1, 1, 0, 0, 0], [0, 1, 1, 0, 1, 0, 0, 0], [0, 0, 1, 1, 0, 0, 0, 0], [1, 1, 0, 0, 0, 0, 1, 1], [1, 1, 0, 0, 0, 0, 0, 1], [1, 0, 0, 0, 0, 1, 1, 0]]"
478,"[2, 1, 3, 3, 2, 1, 2, 3]","[[0, 1, 0, 0, 0, 1, 1, 1], [1, 0, 0, 0, 0, 1, 1, 0], [0, 0, 0, 0, 1, 0, 0, 0], [0, 0, 0, 0, 1, 0, 0, 1], [0, 0, 1, 1, 0, 1, 0, 0], [1, 1, 0, 0, 1, 0, 1, 1], [1, 1, 0, 0, 1, 0, 0, 1], [1, 0, 0, 1, 0, 1, 1, 0]]"
479,"[1, 3, 3, 2, 2, 1, 2, 3]","[[0, 1, 0, 0, 0, 1, 1, 0], [1, 0, 0, 0, 0, 1, 1, 0], [0, 0, 0, 0, 0, 0, 0, 0], [0, 0, 0, 0, 1, 0, 0, 0], [0, 0, 1, 1, 0, 0, 0, 0], [1, 1, 0, 0, 0, 0, 1, 0], [1, 1, 0, 0, 0, 0, 0, 1], [0, 0, 0, 0, 0, 0, 1, 0]]"
480,"[2, 3, 1, 3, 2, 1, 2, 3]","[[0, 0, 1, 0, 0, 1, 1, 0], [0, 0, 0, 0, 0, 0, 0, 0], [1, 0, 0, 1, 1, 1, 0, 1], [0, 0, 1, 0, 1, 0, 1, 0], [0, 0, 1, 1, 0, 0, 0, 0], [1, 0, 1, 0, 0, 0, 1, 1], [1, 0, 0, 1, 0, 0, 0, 1], [0, 0, 1, 0, 0, 1, 1, 0]]"
481,"[2, 1, 2, 3, 3, 1, 2, 3]","[[0, 1, 0, 0, 0, 1, 1, 1], [1, 0, 1, 1, 0, 1, 1, 0], [0, 1, 0, 1, 1, 0, 0, 0], [0, 1, 1, 0, 1, 0, 0, 0], [0, 0, 1, 1, 0, 1, 0, 1], [1, 1, 0, 0, 1, 0, 1, 1], [1, 1, 0, 0, 0, 0, 0, 1], [1, 0, 0, 0, 1, 1, 1, 0]]"
482,"[1, 3, 2, 3, 2, 1, 2, 3]","[[0, 1, 0, 0, 0, 1, 1, 1], [1, 0, 1, 0, 0, 1, 1, 0], [0, 1, 0, 1, 1, 0, 0, 0], [0, 0, 1, 0, 1, 0, 0, 0], [0, 0, 1, 1, 0, 1, 0, 0], [1, 1, 0, 0, 1, 0, 1, 1], [1, 1, 0, 0, 1, 0, 0, 1], [1, 0, 0, 0, 0, 1, 1, 0]]"
483,"[2, 1, 2, 3, 3, 1, 2, 3]","[[0, 1, 0, 0, 0, 1, 1, 0], [1, 0, 1, 0, 0, 1, 1, 0], [0, 1, 0, 1, 1, 0, 0, 0], [0, 0, 1, 0, 1, 0, 0, 1], [0, 0, 1, 1, 0, 1, 0, 0], [1, 1, 0, 0, 1, 0, 1, 1], [1, 1, 0, 0, 0, 0, 0, 1], [0, 0, 0, 1, 0, 1, 1, 0]]"
484,"[2, 3, 3, 3, 2, 1, 1, 2]","[[0, 1, 0, 0, 0, 1, 1, 1], [1, 0, 0, 0, 0, 1, 1, 0], [0, 0, 0, 0, 1, 0, 0, 0], [0, 0, 0, 0, 1, 0, 0, 0], [0, 0, 1, 1, 0, 1, 0, 0], [1, 1, 0, 0, 1, 0, 1, 1], [1, 1, 0, 0, 1, 0, 0, 1], [1, 0, 0, 0, 0, 1, 1, 0]]"
485,"[1, 2, 2, 3, 3, 1, 2, 3]","[[0, 1, 0, 0, 0, 1, 1, 0], [1, 0, 1, 1, 0, 1, 1, 0], [0, 1, 0, 1, 1, 0, 0, 0], [0, 1, 1, 0, 1, 0, 0, 1], [0, 0, 1, 1, 0, 0, 0, 0], [1, 1, 0, 0, 0, 0, 1, 0], [1, 1, 0, 0, 0, 0, 0, 1], [0, 0, 0, 1, 0, 0, 1, 0]]"
486,"[1, 3, 3, 2, 2, 1, 1, 2]","[[0, 1, 0, 0, 0, 1, 1, 0], [1, 0, 0, 0, 0, 1, 1, 0], [0, 0, 0, 1, 1, 0, 0, 0], [0, 0, 1, 0, 1, 1, 0, 1], [0, 0, 1, 1, 0, 1, 0, 1], [1, 1, 0, 1, 1, 0, 1, 1], [1, 1, 0, 0, 0, 1, 0, 1], [0, 0, 0, 1, 1, 1, 1, 0]]"
487,"[2, 1, 3, 3, 2, 1, 2, 3]","[[0, 1, 0, 0, 0, 1, 1, 0], [1, 0, 1, 1, 0, 1, 1, 0], [0, 1, 0, 1, 1, 0, 0, 0], [0, 1, 1, 0, 1, 0, 0, 1], [0, 0, 1, 1, 0, 1, 0, 0], [1, 1, 0, 0, 1, 0, 1, 1], [1, 1, 0, 0, 1, 0, 0, 1], [0, 0, 0, 1, 0, 1, 1, 0]]"
488,"[2, 1, 3, 3, 2, 1, 2, 3]","[[0, 1, 0, 0, 0, 1, 1, 0], [1, 0, 0, 0, 0, 1, 1, 0], [0, 0, 0, 1, 1, 0, 0, 0], [0, 0, 0, 0, 1, 0, 0, 1], [0, 0, 1, 1, 0, 0, 0, 0], [1, 1, 0, 0, 0, 0, 1, 1], [1, 1, 0, 0, 0, 0, 0, 1], [0, 0, 0, 1, 0, 1, 1, 0]]"
489,"[1, 3, 2, 2, 3, 1, 2, 3]","[[0, 1, 0, 0, 0, 1, 1, 1], [1, 0, 0, 1, 0, 1, 1, 0], [0, 0, 0, 1, 1, 0, 0, 0], [0, 1, 0, 0, 1, 1, 0, 1], [0, 0, 1, 1, 0, 0, 0, 0], [1, 1, 0, 1, 0, 0, 1, 1], [1, 1, 0, 0, 1, 0, 0, 1], [1, 0, 0, 1, 0, 1, 1, 0]]"
490,"[2, 3, 1, 2, 3, 1, 2, 3]","[[0, 1, 0, 1, 0, 1, 0, 1], [1, 0, 1, 0, 0, 1, 1, 0], [0, 1, 0, 1, 1, 0, 0, 0], [1, 0, 1, 0, 1, 1, 0, 0], [0, 0, 1, 1, 0, 0, 0, 1], [1, 1, 0, 1, 0, 0, 1, 1], [0, 1, 0, 0, 0, 0, 0, 1], [1, 0, 0, 0, 1, 1, 1, 0]]"
491,"[1, 3, 2, 3, 2, 1, 2, 3]","[[0, 1, 0, 0, 0, 1, 1, 1], [1, 0, 1, 1, 0, 1, 1, 0], [0, 1, 0, 1, 1, 0, 0, 0], [0, 1, 1, 0, 1, 0, 0, 0], [0, 0, 1, 1, 0, 1, 0, 0], [1, 1, 0, 0, 1, 0, 1, 1], [1, 1, 0, 0, 0, 0, 0, 1], [1, 0, 0, 0, 0, 1, 1, 0]]"
492,"[2, 3, 1, 3, 1, 2, 2, 1]","[[0, 1, 0, 0, 0, 1, 1, 0], [1, 0, 0, 0, 0, 1, 1, 0], [0, 0, 0, 0, 1, 0, 0, 0], [0, 0, 0, 0, 1, 0, 0, 0], [0, 0, 1, 1, 0, 1, 0, 0], [1, 1, 0, 0, 1, 0, 1, 1], [1, 1, 0, 0, 0, 0, 0, 1], [0, 0, 0, 0, 0, 1, 1, 0]]"
493,"[2, 1, 2, 3, 3, 1, 2, 3]","[[0, 1, 0, 0, 0, 1, 1, 0], [1, 0, 1, 0, 0, 1, 1, 0], [0, 1, 0, 1, 1, 0, 0, 0], [0, 0, 1, 0, 1, 0, 0, 1], [0, 0, 1, 1, 0, 0, 0, 1], [1, 1, 0, 0, 0, 0, 1, 0], [1, 1, 0, 0, 0, 0, 0, 1], [0, 0, 0, 1, 1, 0, 1, 0]]"
494,"[1, 3, 2, 3, 2, 1, 2, 3]","[[0, 1, 0, 0, 0, 1, 1, 1], [1, 0, 0, 0, 0, 1, 1, 0], [0, 0, 0, 1, 1, 0, 0, 0], [0, 0, 1, 0, 1, 0, 0, 0], [0, 0, 1, 1, 0, 1, 0, 0], [1, 1, 0, 0, 1, 0, 1, 1], [1, 1, 0, 0, 0, 1, 0, 1], [1, 0, 0, 0, 0, 1, 1, 0]]"
495,"[2, 1, 2, 3, 3, 1, 2, 3]","[[0, 1, 0, 0, 0, 1, 1, 0], [1, 0, 1, 1, 0, 1, 1, 0], [0, 1, 0, 1, 1, 0, 0, 0], [0, 1, 1, 0, 1, 0, 0, 1], [0, 0, 1, 1, 0, 0, 0, 0], [1, 1, 0, 0, 0, 0, 1, 1], [1, 1, 0, 0, 0, 0, 0, 1], [0, 0, 0, 1, 0, 1, 1, 0]]"
496,"[1, 2, 3, 2, 3, 1, 2, 3]","[[0, 1, 0, 0, 0, 1, 1, 0], [1, 0, 0, 0, 0, 1, 1, 0], [0, 0, 0, 0, 0, 0, 0, 0], [0, 0, 0, 0, 0, 1, 0, 1], [0, 0, 0, 0, 0, 1, 0, 0], [1, 1, 0, 1, 0, 0, 1, 1], [1, 1, 0, 0, 0, 0, 0, 1], [0, 0, 0, 1, 0, 1, 1, 0]]"
497,"[2, 1, 3, 3, 2, 1, 2, 3]","[[0, 1, 0, 0, 0, 1, 1, 1], [1, 0, 1, 1, 0, 1, 1, 0], [0, 1, 0, 1, 1, 0, 0, 0], [0, 1, 1, 0, 1, 0, 0, 1], [0, 0, 1, 1, 0, 0, 0, 0], [1, 1, 0, 0, 0, 0, 1, 1], [1, 1, 0, 0, 0, 0, 0, 1], [1, 0, 0, 1, 0, 1, 1, 0]]"
498,"[2, 1, 3, 3, 2, 1, 2, 3]","[[0, 1, 0, 0, 0, 1, 1, 1], [1, 0, 0, 0, 0, 1, 1, 0], [0, 0, 0, 0, 1, 0, 0, 0], [0, 0, 0, 0, 1, 0, 0, 1], [0, 0, 1, 1, 0, 1, 0, 0], [1, 1, 0, 0, 1, 0, 1, 1], [1, 1, 0, 0, 1, 0, 0, 1], [1, 0, 0, 1, 0, 1, 1, 0]]"
499,"[1, 3, 3, 3, 2, 1, 2, 2]","[[0, 1, 0, 0, 0, 1, 1, 1], [1, 0, 0, 0, 0, 1, 1, 0], [0, 0, 0, 0, 1, 0, 0, 0], [0, 0, 0, 0, 1, 0, 0, 0], [0, 0, 1, 1, 0, 1, 0, 0], [1, 1, 0, 0, 1, 0, 1, 1], [1, 1, 0, 0, 0, 0, 0, 1], [1, 0, 0, 0, 0, 1, 1, 0]]"
500,"[2, 3, 1, 3, 2, 1, 2, 1]","[[0, 0, 1, 0, 0, 1, 1, 0], [0, 0, 0, 0, 0, 0, 0, 0], [1, 0, 0, 1, 1, 1, 0, 0], [0, 0, 1, 0, 0, 0, 0, 0], [0, 0, 1, 0, 0, 0, 0, 0], [1, 0, 1, 0, 0, 0, 1, 1], [1, 0, 0, 0, 0, 0, 0, 1], [0, 0, 0, 0, 0, 1, 1, 0]]"
501,"[1, 3, 2, 3, 2, 1, 2, 3]","[[0, 1, 0, 0, 0, 1, 1, 1], [1, 0, 1, 1, 0, 1, 1, 0], [0, 1, 0, 1, 1, 0, 0, 0], [0, 1, 1, 0, 1, 0, 0, 1], [0, 0, 1, 1, 0, 1, 0, 0], [1, 1, 0, 0, 1, 0, 1, 1], [1, 1, 0, 0, 1, 0, 0, 1], [1, 0, 0, 1, 0, 1, 1, 0]]"
502,"[2, 3, 3, 3, 1, 1, 2, 2]","[[0, 1, 0, 0, 1, 1, 1, 1], [1, 0, 1, 1, 0, 1, 0, 1], [0, 1, 0, 1, 1, 0, 0, 0], [0, 1, 1, 0, 1, 0, 0, 1], [1, 0, 1, 1, 0, 1, 1, 0], [1, 1, 0, 0, 1, 0, 1, 1], [1, 0, 0, 0, 1, 1, 0, 1], [1, 1, 0, 1, 0, 1, 1, 0]]"
503,"[1, 2, 2, 3, 3, 1, 2, 3]","[[0, 1, 0, 0, 0, 1, 1, 0], [1, 0, 1, 0, 0, 1, 1, 0], [0, 1, 0, 1, 1, 0, 0, 0], [0, 0, 1, 0, 1, 0, 0, 1], [0, 0, 1, 1, 0, 0, 0, 1], [1, 1, 0, 0, 0, 0, 1, 0], [1, 1, 0, 0, 0, 0, 0, 1], [0, 0, 0, 1, 1, 0, 1, 0]]"
504,"[1, 3, 2, 3, 2, 1, 2, 3]","[[0, 1, 0, 0, 0, 1, 1, 1], [1, 0, 0, 0, 0, 1, 1, 0], [0, 0, 0, 0, 1, 0, 0, 0], [0, 0, 1, 0, 1, 0, 0, 0], [0, 0, 1, 1, 0, 1, 0, 1], [1, 1, 0, 0, 1, 0, 1, 1], [1, 1, 0, 0, 0, 1, 0, 1], [1, 0, 0, 0, 1, 1, 1, 0]]"
505,"[2, 1, 3, 3, 2, 1, 2, 3]","[[0, 1, 0, 0, 0, 1, 1, 0], [1, 0, 1, 1, 0, 1, 1, 0], [0, 1, 0, 1, 1, 0, 0, 0], [0, 1, 1, 0, 1, 0, 0, 1], [0, 0, 1, 1, 0, 0, 0, 0], [1, 1, 0, 0, 0, 0, 1, 1], [1, 1, 0, 0, 0, 0, 0, 1], [0, 0, 0, 1, 0, 1, 1, 0]]"
506,"[1, 3, 3, 3, 2, 1, 2, 3]","[[0, 1, 0, 0, 0, 1, 1, 1], [1, 0, 0, 0, 0, 1, 1, 0], [0, 0, 0, 0, 1, 0, 0, 0], [0, 0, 0, 0, 1, 0, 0, 0], [0, 0, 1, 1, 0, 1, 0, 0], [1, 1, 0, 0, 1, 0, 1, 1], [1, 1, 0, 0, 0, 0, 0, 1], [1, 0, 0, 0, 0, 1, 1, 0]]"
507,"[2, 1, 3, 3, 2, 1, 2, 3]","[[0, 1, 0, 0, 0, 1, 1, 0], [1, 0, 1, 1, 0, 1, 1, 0], [0, 1, 0, 1, 1, 0, 0, 0], [0, 1, 1, 0, 1, 0, 0, 1], [0, 0, 1, 1, 0, 1, 0, 0], [1, 1, 0, 0, 1, 0, 1, 1], [1, 1, 0, 0, 1, 0, 0, 1], [0, 0, 0, 1, 0, 1, 1, 0]]"
508,"[1, 2, 3, 2, 3, 1, 2, 3]","[[0, 1, 0, 0, 0, 1, 1, 0], [1, 0, 0, 0, 0, 1, 1, 0], [0, 0, 0, 0, 1, 0, 0, 0], [0, 0, 0, 0, 1, 0, 0, 1], [0, 0, 1, 1, 0, 0, 0, 0], [1, 1, 0, 0, 0, 0, 1, 1], [1, 1, 0, 0, 0, 0, 0, 1], [0, 0, 0, 1, 0, 1, 1, 0]]"
509,"[2, 3, 1, 2, 3, 1, 2, 3]","[[0, 1, 0, 1, 0, 1, 0, 1], [1, 0, 1, 0, 0, 1, 0, 0], [0, 1, 0, 1, 1, 0, 0, 0], [1, 0, 0, 0, 1, 1, 0, 0], [0, 0, 1, 1, 0, 0, 0, 1], [1, 1, 0, 1, 0, 0, 1, 1], [0, 1, 0, 0, 0, 0, 0, 1], [1, 0, 0, 0, 1, 1, 1, 0]]"
510,"[2, 3, 1, 3, 2, 1, 2, 3]","[[0, 1, 0, 0, 0, 1, 1, 0], [1, 0, 1, 0, 0, 1, 1, 0], [0, 1, 0, 1, 1, 0, 0, 0], [0, 0, 1, 0, 1, 0, 0, 1], [0, 0, 1, 1, 0, 1, 0, 1], [1, 1, 0, 0, 1, 0, 1, 1], [1, 1, 0, 0, 0, 1, 0, 1], [0, 0, 0, 1, 1, 1, 1, 0]]"
511,"[2, 1, 2, 3, 3, 1, 2, 3]","[[0, 1, 0, 0, 0, 1, 1, 1], [1, 0, 1, 1, 0, 1, 1, 0], [0, 1, 0, 1, 1, 0, 0, 0], [0, 1, 1, 0, 1, 0, 0, 0], [0, 0, 1, 1, 0, 0, 0, 1], [1, 1, 0, 0, 0, 0, 1, 1], [1, 1, 0, 0, 0, 0, 0, 1], [1, 0, 0, 0, 1, 1, 1, 0]]"
512,"[1, 3, 3, 2, 2, 1, 2, 3]","[[0, 1, 0, 0, 0, 1, 1, 1], [1, 0, 0, 1, 0, 1, 1, 0], [0, 0, 0, 1, 1, 0, 0, 0], [0, 1, 0, 0, 1, 1, 0, 0], [0, 0, 1, 1, 0, 1, 0, 0], [1, 1, 0, 1, 1, 0, 1, 1], [1, 1, 0, 0, 1, 1, 0, 1], [1, 0, 0, 0, 0, 1, 1, 0]]"
513,"[2, 1, 2, 3, 3, 1, 2, 3]","[[0, 1, 0, 0, 0, 1, 1, 0], [1, 0, 1, 0, 0, 1, 1, 0], [0, 1, 0, 1, 1, 0, 0, 0], [0, 0, 1, 0, 1, 0, 0, 0], [0, 0, 1, 1, 0, 1, 0, 1], [1, 1, 0, 0, 1, 0, 1, 1], [1, 1, 0, 0, 0, 1, 0, 1], [0, 0, 0, 0, 1, 1, 1, 0]]"
514,"[2, 3, 1, 1, 2, 3, 1, 2]","[[0, 0, 0, 0, 0, 1, 0, 1], [0, 0, 0, 0, 0, 0, 0, 0], [0, 0, 0, 0, 1, 0, 0, 0], [0, 0, 0, 0, 1, 0, 0, 1], [0, 0, 1, 1, 0, 0, 0, 0], [1, 0, 0, 0, 0, 0, 1, 1], [0, 0, 0, 0, 0, 0, 0, 1], [1, 0, 0, 1, 0, 1, 1, 0]]"
515,"[2, 1, 3, 3, 2, 1, 2, 3]","[[0, 1, 0, 0, 0, 1, 1, 1], [1, 0, 1, 1, 0, 1, 1, 0], [0, 1, 0, 1, 1, 0, 0, 0], [0, 1, 1, 0, 1, 0, 0, 1], [0, 0, 1, 1, 0, 1, 0, 0], [1, 1, 0, 0, 1, 0, 1, 1], [1, 1, 0, 0, 1, 0, 0, 1], [1, 0, 0, 1, 0, 1, 1, 0]]"
516,"[1, 3, 3, 2, 2, 1, 2, 3]","[[0, 1, 0, 0, 0, 1, 1, 1], [1, 0, 0, 0, 0, 1, 1, 0], [0, 0, 0, 0, 1, 0, 0, 0], [0, 0, 0, 0, 1, 0, 0, 0], [0, 0, 1, 1, 0, 1, 0, 0], [1, 1, 0, 0, 1, 0, 1, 0], [1, 1, 0, 0, 0, 0, 0, 1], [1, 0, 0, 0, 0, 1, 1, 0]]"
517,"[2, 1, 3, 3, 2, 1, 2, 3]","[[0, 1, 0, 0, 0, 1, 1, 1], [1, 0, 1, 1, 0, 1, 1, 0], [0, 1, 0, 1, 1, 0, 0, 0], [0, 1, 1, 0, 1, 0, 0, 1], [0, 0, 1, 1, 0, 1, 0, 0], [1, 1, 0, 0, 1, 0, 1, 1], [1, 1, 0, 0, 1, 0, 0, 1], [1, 0, 0, 1, 0, 1, 1, 0]]"
518,"[1, 3, 3, 2, 2, 1, 2, 3]","[[0, 1, 0, 0, 0, 1, 1, 0], [1, 0, 0, 0, 0, 1, 1, 0], [0, 0, 0, 0, 1, 0, 0, 0], [0, 0, 0, 0, 1, 0, 0, 1], [0, 0, 1, 1, 0, 0, 0, 0], [1, 1, 0, 0, 0, 0, 1, 1], [1, 1, 0, 0, 0, 0, 0, 1], [0, 0, 0, 1, 0, 1, 1, 0]]"
519,"[1, 2, 3, 2, 3, 1, 2, 3]","[[0, 1, 0, 0, 0, 1, 1, 0], [1, 0, 0, 1, 0, 1, 1, 0], [0, 0, 0, 0, 1, 0, 0, 0], [0, 1, 0, 0, 1, 0, 0, 0], [0, 0, 1, 1, 0, 0, 0, 0], [1, 1, 0, 0, 0, 0, 1, 1], [1, 1, 0, 0, 1, 0, 0, 1], [0, 0, 0, 0, 0, 1, 1, 0]]"
520,"[2, 3, 1, 3, 2, 1, 2, 3]","[[0, 0, 1, 0, 1, 1, 1, 0], [0, 0, 0, 0, 0, 0, 0, 0], [1, 0, 0, 1, 1, 1, 0, 0], [0, 0, 1, 0, 1, 0, 0, 0], [1, 0, 1, 1, 0, 1, 1, 0], [1, 0, 1, 0, 1, 0, 1, 0], [1, 0, 0, 0, 1, 1, 0, 1], [0, 0, 0, 0, 0, 0, 1, 0]]"
521,"[1, 3, 2, 3, 2, 1, 2, 3]","[[0, 1, 0, 0, 0, 1, 1, 1], [1, 0, 1, 1, 0, 1, 1, 0], [0, 1, 0, 1, 1, 0, 0, 0], [0, 1, 1, 0, 1, 0, 0, 1], [0, 0, 1, 1, 0, 1, 0, 0], [1, 1, 0, 0, 1, 0, 1, 1], [1, 1, 0, 0, 1, 0, 0, 1], [1, 0, 0, 1, 0, 1, 1, 0]]"
522,"[2, 3, 1, 3, 2, 1, 2, 1]","[[0, 1, 0, 0, 0, 1, 1, 1], [1, 0, 1, 0, 0, 1, 1, 0], [0, 1, 0, 1, 1, 0, 0, 0], [0, 0, 1, 0, 1, 0, 0, 1], [0, 0, 1, 1, 0, 1, 0, 0], [1, 1, 0, 0, 1, 0, 1, 1], [1, 1, 0, 0, 0, 0, 0, 1], [1, 0, 0, 1, 0, 1, 1, 0]]"
523,"[1, 1, 2, 3, 3, 1, 2, 3]","[[0, 1, 0, 0, 0, 1, 1, 0], [1, 0, 1, 0, 0, 1, 1, 0], [0, 1, 0, 1, 1, 0, 0, 0], [0, 0, 1, 0, 1, 0, 0, 1], [0, 0, 1, 0, 0, 0, 0, 0], [1, 1, 0, 0, 0, 0, 1, 0], [1, 1, 0, 0, 0, 0, 0, 1], [0, 0, 0, 1, 0, 0, 1, 0]]"
524,"[1, 3, 2, 3, 2, 1, 2, 3]","[[0, 1, 0, 0, 0, 1, 1, 1], [1, 0, 0, 0, 0, 1, 1, 0], [0, 0, 0, 1, 1, 0, 0, 0], [0, 0, 1, 0, 1, 0, 0, 1], [0, 0, 1, 1, 0, 1, 0, 1], [1, 1, 0, 0, 1, 0, 1, 1], [1, 1, 0, 0, 1, 0, 0, 1], [1, 0, 0, 1, 1, 1, 1, 0]]"
525,"[2, 3, 1, 2, 1, 3, 2, 1]","[[0, 1, 0, 1, 0, 1, 0, 1], [1, 0, 1, 0, 0, 1, 0, 0], [0, 1, 0, 1, 1, 0, 0, 0], [1, 0, 0, 0, 1, 1, 0, 0], [0, 0, 1, 1, 0, 0, 0, 0], [1, 1, 0, 1, 0, 0, 1, 1], [0, 0, 0, 0, 0, 0, 0, 1], [1, 0, 0, 0, 0, 1, 1, 0]]"
526,"[2, 3, 1, 1, 2, 2, 3, 1]","[[0, 1, 0, 0, 0, 1, 0, 0], [1, 0, 0, 1, 0, 1, 0, 0], [0, 0, 0, 1, 1, 0, 0, 0], [0, 1, 0, 0, 1, 1, 0, 1], [0, 0, 1, 1, 0, 0, 0, 0], [1, 1, 0, 1, 0, 0, 1, 1], [0, 0, 0, 0, 0, 0, 0, 1], [0, 0, 0, 1, 0, 1, 1, 0]]"
527,"[2, 1, 3, 3, 2, 1, 2, 3]","[[0, 1, 0, 0, 0, 1, 1, 1], [1, 0, 0, 0, 0, 1, 1, 0], [0, 0, 0, 1, 1, 0, 0, 0], [0, 0, 1, 0, 1, 0, 0, 1], [0, 0, 1, 1, 0, 0, 0, 0], [1, 1, 0, 0, 0, 0, 1, 1], [1, 1, 0, 0, 0, 0, 0, 1], [1, 0, 0, 1, 0, 1, 1, 0]]"
528,"[2, 3, 3, 2, 1, 1, 2, 3]","[[0, 1, 0, 0, 0, 1, 1, 1], [1, 0, 0, 0, 0, 1, 1, 0], [0, 0, 0, 1, 1, 0, 0, 0], [0, 0, 0, 0, 1, 0, 0, 0], [0, 0, 1, 1, 0, 1, 0, 1], [1, 1, 0, 0, 1, 0, 1, 1], [1, 1, 0, 0, 1, 0, 0, 1], [1, 0, 0, 0, 1, 1, 1, 0]]"
529,"[1, 2, 3, 2, 3, 1, 2, 3]","[[0, 1, 0, 0, 0, 1, 1, 0], [1, 0, 0, 0, 0, 1, 1, 0], [0, 0, 0, 0, 1, 0, 0, 0], [0, 0, 0, 0, 1, 0, 0, 1], [0, 0, 1, 1, 0, 0, 0, 0], [1, 1, 0, 0, 0, 0, 1, 1], [1, 1, 0, 0, 0, 0, 0, 1], [0, 0, 0, 1, 0, 1, 1, 0]]"
530,"[2, 3, 1, 3, 2, 1, 2, 3]","[[0, 1, 0, 0, 0, 1, 1, 0], [1, 0, 1, 0, 0, 1, 1, 0], [0, 1, 0, 1, 1, 0, 0, 0], [0, 0, 1, 0, 1, 0, 0, 1], [0, 0, 1, 1, 0, 1, 0, 0], [1, 1, 0, 0, 1, 0, 1, 1], [1, 1, 0, 0, 0, 0, 0, 1], [0, 0, 0, 1, 0, 1, 1, 0]]"
531,"[1, 3, 2, 3, 2, 1, 1, 2]","[[0, 1, 0, 0, 0, 1, 1, 1], [1, 0, 1, 0, 0, 1, 1, 0], [0, 1, 0, 1, 1, 0, 0, 0], [0, 0, 1, 0, 1, 0, 0, 0], [0, 0, 1, 0, 0, 1, 0, 1], [1, 1, 0, 0, 0, 0, 1, 1], [1, 1, 0, 0, 1, 0, 0, 1], [1, 0, 0, 0, 1, 1, 1, 0]]"
532,"[2, 3, 2, 3, 1, 1, 1, 2]","[[0, 1, 0, 0, 0, 1, 1, 1], [1, 0, 1, 1, 0, 1, 1, 0], [0, 1, 0, 1, 1, 0, 0, 0], [0, 1, 1, 0, 1, 0, 0, 0], [0, 0, 1, 1, 0, 1, 0, 0], [1, 1, 0, 0, 1, 0, 1, 1], [1, 1, 0, 0, 0, 0, 0, 1], [1, 0, 0, 0, 0, 1, 1, 0]]"
533,"[2, 3, 1, 3, 2, 1, 2, 3]","[[0, 1, 0, 0, 0, 1, 1, 1], [1, 0, 0, 0, 0, 1, 1, 0], [0, 0, 0, 0, 1, 1, 0, 0], [0, 0, 0, 0, 1, 1, 0, 0], [0, 0, 1, 1, 0, 1, 0, 0], [1, 1, 1, 1, 1, 0, 1, 1], [1, 1, 0, 0, 0, 1, 0, 1], [1, 0, 0, 0, 0, 1, 1, 0]]"
534,"[3, 3, 1, 2, 2, 1, 2, 1]","[[0, 0, 0, 0, 0, 1, 1, 1], [0, 0, 0, 0, 0, 0, 0, 0], [0, 0, 0, 0, 0, 0, 0, 0], [0, 0, 0, 0, 1, 0, 0, 1], [0, 0, 0, 1, 0, 1, 0, 0], [1, 0, 0, 0, 1, 0, 1, 1], [1, 0, 0, 0, 0, 0, 0, 1], [1, 0, 0, 1, 0, 1, 1, 0]]"
535,"[2, 3, 2, 3, 1, 1, 2, 3]","[[0, 1, 0, 0, 0, 1, 1, 0], [1, 0, 1, 0, 0, 1, 1, 0], [0, 1, 0, 1, 1, 0, 0, 0], [0, 0, 1, 0, 1, 0, 0, 0], [0, 0, 1, 1, 0, 1, 0, 1], [1, 1, 0, 0, 1, 0, 1, 1], [1, 1, 0, 0, 1, 0, 0, 1], [0, 0, 0, 0, 1, 1, 1, 0]]"
536,"[1, 3, 3, 2, 2, 1, 1, 2]","[[0, 1, 0, 0, 0, 1, 1, 1], [1, 0, 0, 0, 0, 1, 1, 0], [0, 0, 0, 0, 1, 0, 0, 0], [0, 0, 0, 0, 1, 1, 0, 1], [0, 0, 1, 1, 0, 1, 0, 0], [1, 1, 0, 1, 1, 0, 1, 1], [1, 1, 0, 0, 0, 1, 0, 1], [1, 0, 0, 1, 0, 1, 1, 0]]"
537,"[2, 1, 3, 3, 2, 1, 2, 3]","[[0, 1, 0, 0, 0, 1, 1, 0], [1, 0, 0, 0, 0, 1, 1, 0], [0, 0, 0, 0, 1, 0, 0, 0], [0, 0, 0, 0, 1, 0, 0, 1], [0, 0, 1, 1, 0, 1, 0, 0], [1, 1, 0, 0, 1, 0, 1, 1], [1, 1, 0, 0, 1, 0, 0, 1], [0, 0, 0, 1, 0, 1, 1, 0]]"
538,"[1, 2, 3, 2, 3, 1, 2, 3]","[[0, 1, 0, 0, 0, 1, 1, 1], [1, 0, 0, 1, 0, 1, 1, 0], [0, 0, 0, 1, 1, 0, 0, 0], [0, 1, 0, 0, 1, 0, 0, 1], [0, 0, 1, 1, 0, 0, 0, 0], [1, 1, 0, 0, 0, 0, 1, 1], [1, 1, 0, 0, 0, 0, 0, 1], [1, 0, 0, 1, 0, 1, 1, 0]]"
539,"[1, 2, 3, 2, 3, 1, 2, 3]","[[0, 1, 0, 0, 0, 1, 1, 0], [1, 0, 0, 0, 0, 1, 1, 0], [0, 0, 0, 0, 0, 0, 0, 0], [0, 0, 0, 0, 1, 0, 0, 1], [0, 0, 1, 1, 0, 0, 0, 0], [1, 1, 0, 0, 0, 0, 1, 0], [1, 1, 0, 0, 0, 0, 0, 1], [0, 0, 0, 1, 0, 0, 1, 0]]"
540,"[2, 3, 1, 3, 2, 1, 2, 1]","[[0, 0, 1, 0, 0, 1, 1, 0], [0, 0, 0, 0, 0, 0, 0, 0], [1, 0, 0, 1, 1, 1, 1, 1], [0, 0, 1, 0, 1, 1, 0, 1], [0, 0, 1, 1, 0, 1, 0, 0], [1, 0, 1, 1, 1, 0, 1, 1], [1, 0, 1, 0, 0, 1, 0, 1], [0, 0, 1, 1, 0, 1, 1, 0]]"
541,"[2, 3, 1, 1, 2, 1, 3, 2]","[[0, 1, 0, 1, 0, 1, 0, 1], [1, 0, 1, 0, 0, 0, 0, 0], [0, 1, 0, 1, 1, 0, 0, 0], [1, 0, 0, 0, 1, 1, 0, 0], [0, 0, 1, 1, 0, 0, 0, 1], [1, 0, 0, 1, 0, 0, 1, 1], [0, 0, 0, 0, 0, 1, 0, 1], [1, 0, 0, 0, 1, 1, 1, 0]]"
542,"[2, 3, 2, 3, 1, 1, 2, 3]","[[0, 1, 0, 0, 0, 1, 1, 1], [1, 0, 1, 1, 0, 1, 1, 0], [0, 1, 0, 1, 1, 0, 0, 0], [0, 1, 1, 0, 1, 0, 0, 0], [0, 0, 1, 1, 0, 1, 0, 0], [1, 1, 0, 0, 0, 0, 1, 1], [1, 1, 0, 0, 0, 1, 0, 1], [1, 0, 0, 0, 0, 1, 1, 0]]"
543,"[1, 2, 2, 3, 3, 1, 1, 2]","[[0, 1, 0, 0, 0, 1, 1, 1], [1, 0, 1, 0, 0, 1, 1, 0], [0, 1, 0, 1, 1, 0, 0, 0], [0, 0, 1, 0, 1, 0, 0, 0], [0, 0, 1, 1, 0, 0, 0, 0], [1, 1, 0, 0, 0, 0, 1, 1], [1, 1, 0, 0, 0, 1, 0, 1], [1, 0, 0, 0, 0, 1, 1, 0]]"
544,"[2, 3, 1, 3, 2, 1, 2, 3]","[[0, 1, 0, 0, 0, 1, 1, 1], [1, 0, 0, 0, 0, 1, 1, 0], [0, 0, 0, 0, 1, 0, 0, 0], [0, 0, 0, 0, 1, 0, 0, 0], [0, 0, 1, 1, 0, 1, 0, 0], [1, 1, 0, 0, 1, 0, 1, 1], [1, 1, 0, 0, 0, 0, 0, 1], [1, 0, 0, 0, 0, 1, 1, 0]]"
545,"[2, 3, 1, 1, 2, 3, 1, 2]","[[0, 1, 0, 0, 0, 1, 1, 1], [1, 0, 0, 1, 0, 1, 1, 0], [0, 0, 0, 1, 1, 0, 0, 0], [0, 1, 0, 0, 1, 0, 0, 1], [0, 0, 1, 1, 0, 0, 0, 0], [1, 1, 0, 0, 0, 0, 1, 1], [1, 1, 0, 0, 0, 0, 0, 1], [1, 0, 0, 1, 0, 1, 1, 0]]"
546,"[2, 3, 1, 1, 2, 2, 3, 1]","[[0, 1, 0, 0, 0, 1, 0, 1], [1, 0, 1, 1, 0, 1, 0, 0], [0, 1, 0, 1, 1, 0, 0, 0], [0, 1, 0, 0, 1, 1, 0, 1], [0, 0, 1, 1, 0, 1, 0, 0], [1, 1, 0, 1, 1, 0, 1, 1], [0, 0, 0, 0, 0, 1, 0, 0], [1, 0, 0, 1, 0, 1, 0, 0]]"
547,"[2, 1, 3, 3, 2, 1, 2, 3]","[[0, 1, 0, 0, 0, 1, 1, 1], [1, 0, 1, 1, 0, 1, 1, 0], [0, 1, 0, 1, 1, 0, 0, 0], [0, 1, 1, 0, 1, 0, 0, 1], [0, 0, 1, 1, 0, 1, 0, 0], [1, 1, 0, 0, 1, 0, 1, 1], [1, 1, 0, 0, 1, 0, 0, 1], [1, 0, 0, 1, 0, 1, 1, 0]]"
548,"[2, 3, 1, 1, 2, 2, 3, 1]","[[0, 1, 0, 0, 0, 1, 0, 1], [1, 0, 1, 0, 0, 0, 0, 0], [0, 1, 0, 1, 1, 0, 0, 0], [0, 0, 0, 0, 1, 0, 0, 1], [0, 0, 1, 1, 0, 1, 0, 1], [1, 0, 0, 0, 1, 0, 1, 0], [0, 0, 0, 0, 0, 1, 0, 1], [1, 0, 0, 1, 1, 0, 1, 0]]"
549,"[1, 2, 3, 2, 3, 1, 2, 3]","[[0, 1, 0, 0, 0, 1, 1, 0], [1, 0, 0, 0, 0, 1, 1, 0], [0, 0, 0, 0, 1, 0, 0, 0], [0, 0, 0, 0, 1, 0, 0, 0], [0, 0, 1, 1, 0, 0, 0, 0], [1, 1, 0, 0, 0, 0, 1, 1], [1, 1, 0, 0, 0, 0, 0, 1], [0, 0, 0, 0, 0, 1, 1, 0]]"
550,"[2, 3, 1, 3, 2, 1, 2, 1]","[[0, 1, 0, 0, 0, 1, 1, 0], [1, 0, 1, 0, 0, 0, 1, 0], [0, 1, 0, 1, 1, 0, 0, 0], [0, 0, 1, 0, 1, 0, 0, 1], [0, 0, 1, 1, 0, 1, 0, 0], [1, 0, 0, 0, 1, 0, 1, 1], [1, 1, 0, 0, 0, 0, 0, 1], [0, 0, 0, 1, 0, 1, 1, 0]]"
