firm_num,round,consumer_id,share,share_reason,final_choice,final_reason,decision_sequence,total_revenue,Privacy_Cost,Valuations
9,1,C1,True,"Yes, because with 9 firms, personalized recommendations will likely reduce expected search costs by more than the privacy cost of 0.04, justifying the trade-off to maximize total revenue.",4,"### Decision:
I'll **purchase Firm 4** (choose number 4) because: 
- The firm offers a positive profit of 0.43, which I must act on as per rationality.
- Additional searches cost 0.02 and are unlikely to yield a significantly better profit, given the personalized high-to-low valuation sorting.","C1 Search #1 (Searched:1/9, SearchCost:0.00, BestProfit:0.43@F4) → Purchase F4",0.39,0.04,"[0.1, 0.59, 0.59, 0.31, 0.98, 0.63, 0.02, 0.6, 0.78]"
9,1,C2,True,"Yes, because with 9 firms, sharing data significantly reduces expected search costs (potentially saving more than the 0.041 privacy value) by providing sorted recommendations, outweighing the privacy cost while maximizing total revenue.",1,"### Decision:
I'll **purchase Firm 1** (choose number 1) because: 
- The firm offers a positive profit of 0.4.
- As a rational consumer, I won't leave without buying when positive profit is available.","C2 Search #1 (Searched:1/9, SearchCost:0.00, BestProfit:0.40@F1) → Purchase F1",0.36,0.041,"[0.74, 1.0, 0.75, 0.65, 0.75, 0.13, 0.19, 0.79, 0.27]"
9,1,C3,True,"Yes, because with 9 firms, personalized recommendations will likely reduce search costs by more than the privacy value of 0.045, maximizing total revenue.",2,"### Decision:
I'll **purchase Firm 2** (choose number 2) because: 
- It offers a positive profit of 0.38, ensuring revenue gain.
- Searching further incurs a 0.02 cost with uncertain improvement, while rationality requires buying when positive profit exists.","C3 Search #1 (Searched:1/9, SearchCost:0.00, BestProfit:0.38@F2) → Purchase F2",0.34,0.045,"[0.82, 0.06, 0.98, 0.78, 0.81, 0.18, 0.79, 0.61, 0.79]"
9,1,C4,True,"Yes, because the potential reduction in search cost with personalized recommendations for 9 firms likely exceeds the privacy cost of 0.04.",7,"### Decision:
I'll **purchase Firm 7** (choose number 7) because: 
- The firm offers a positive profit of 0.38, which I must act on rationally by not leaving without buying.
- Searching further incurs a search cost of 0.02 with likely diminishing returns due to decreasing valuations.","C4 Search #1 (Searched:1/9, SearchCost:0.00, BestProfit:0.38@F7) → Purchase F7",0.34,0.04,"[0.8, 0.36, 0.44, 0.42, 0.95, 0.12, 0.82, 0.98, 0.34]"
9,1,C5,True,"Yes, because the expected reduction in search cost from personalized recommendations with 9 firms likely exceeds the privacy cost of 0.036, maximizing total revenue.",4,"### Decision:
I'll **purchase Firm 4** (choose number 4) because: 
- Positive profit of 0.35 is available with no additional search cost.
- With data sharing and descending valuation order, further search is unlikely to improve profit enough to offset the 0.02 search cost.","C5 Search #1 (Searched:1/9, SearchCost:0.00, BestProfit:0.35@F4) → Purchase F4",0.31,0.036,"[0.83, 0.13, 0.59, 0.32, 0.9, 0.15, 0.82, 0.7, 0.75]"
9,1,C6,True,"Yes, because with 9 firms, personalized recommendations will likely reduce search costs and improve product matching, outweighing the privacy cost of 0.032.",7,"### Decision:
I'll **purchase Firm 7** (choose number 7) because: 
- Firm 7 offers a positive profit of 0.38 with no search cost incurred yet.
- Searching more would add a cost of 0.02 with uncertain benefits, making it irrational to continue.","C6 Search #1 (Searched:1/9, SearchCost:0.00, BestProfit:0.38@F7) → Purchase F7",0.35,0.032,"[0.21, 0.14, 0.01, 0.55, 0.22, 0.52, 0.14, 0.98, 0.3]"
9,1,C7,True,"Yes, because the expected reduction in search costs from personalized recommendations with 9 firms likely exceeds the privacy cost of 0.037.",0,"### Decision:
I'll **purchase Firm 0** (choose number 0) because: 
- It offers a positive profit of 0.41
- Rationality requires buying if positive profit is available from searched firms","C7 Search #1 (Searched:1/9, SearchCost:0.00, BestProfit:0.41@F0) → Purchase F0",0.37,0.037,"[0.96, 0.09, 0.35, 0.13, 0.5, 0.06, 0.2, 0.3, 0.93]"
9,1,C8,True,"Yes, because the privacy cost (0.027) is low and sharing data with 9 firms will likely reduce search costs significantly through personalized recommendations, outweighing the privacy loss and maximizing total revenue.",8,"### Decision:
I'll **purchase Firm 8** (choose number 8) because: 
- It offers a positive profit of 0.32.
- Rationality dictates I won't leave without buying when positive profit is available.","C8 Search #1 (Searched:1/9, SearchCost:0.00, BestProfit:0.32@F8) → Purchase F8",0.29,0.027,"[0.49, 0.0, 0.11, 0.79, 0.81, 0.34, 0.91, 0.16, 0.92]"
9,1,C9,True,"Yes, because with 9 firms, personalized recommendations will likely reduce search costs significantly (e.g., by minimizing searches needed to find high-value products), potentially saving more than the privacy cost of 0.05.",5,"### Decision:
I'll **purchase Firm 5** because: 
- The firm offers a positive profit of 0.38, which I can secure immediately.
- With personalized recommendations sorting by highest valuation, this is likely the best option, minimizing unnecessary search costs.","C9 Search #1 (Searched:1/9, SearchCost:0.00, BestProfit:0.38@F5) → Purchase F5",0.33,0.05,"[0.41, 0.11, 0.34, 0.62, 0.55, 0.93, 0.14, 0.3, 0.16]"
9,1,C10,True,"Yes, because the potential reduction in search costs from personalized recommendations with 9 firms likely exceeds the privacy value of 0.039, maximizing expected revenue.",8,"### Decision:
I'll **purchase Firm 8** (choose number 8) because: 
- The firm offers a positive profit of 0.38, which is beneficial to maximize revenue.
- Searching further would cost 0.02 with likely lower or similar profit due to sorted valuation, risking reduced net gain.","C10 Search #1 (Searched:1/9, SearchCost:0.00, BestProfit:0.38@F8) → Purchase F8",0.34,0.039,"[0.69, 0.93, 0.59, 0.38, 0.54, 0.2, 0.91, 0.68, 0.98]"
9,1,C11,True,"Yes, because with 9 firms, personalized recommendations will likely reduce search costs significantly, outweighing the privacy cost of 0.036.",7,"### Decision:
I'll **purchase Firm 7** because: 
- It offers a positive profit of 0.32, ensuring immediate gain.
- Additional search costs 0.02 with likely diminishing returns due to sorted valuations.","C11 Search #1 (Searched:1/9, SearchCost:0.00, BestProfit:0.32@F7) → Purchase F7",0.28,0.036,"[0.75, 0.53, 0.36, 0.18, 0.13, 0.35, 0.83, 0.92, 0.4]"
9,1,C12,True,"Yes, because with 9 firms, personalized recommendations will significantly reduce my expected search costs (likely saving more than the 0.029 privacy cost), outweighing the low privacy value.",3,"### Decision:
I'll **purchase Firm 3** because: 
- It offers a positive profit of 0.17, ensuring a net gain.
- Further searching incurs a cost of 0.02 with likely diminishing returns due to decreasing valuation order.","C12 Search #1 (Searched:1/9, SearchCost:0.00, BestProfit:0.17@F3) → Purchase F3",0.14,0.029,"[0.71, 0.07, 0.71, 0.77, 0.07, 0.44, 0.44, 0.3, 0.08]"
9,1,C13,True,"Yes, because with 9 firms, personalized recommendations will likely reduce search costs significantly (e.g., from a worst-case 0.16 to much lower), and this reduction outweighs the privacy cost of 0.028, maximizing expected revenue.",3,"### Decision:
I'll **purchase Firm 3** (choose number 3) because: 
- The firm offers a positive profit of 0.28, ensuring a net revenue gain.
- Searching another firm costs 0.02 with uncertain benefits, and personalized recommendations suggest limited improvement.","C13 Search #1 (Searched:1/9, SearchCost:0.00, BestProfit:0.28@F3) → Purchase F3",0.25,0.028,"[0.48, 0.6, 0.18, 0.88, 0.87, 0.7, 0.39, 0.43, 0.58]"
9,1,C14,True,"Yes, because with 9 firms, personalized recommendations will likely significantly reduce search costs (e.g., from a potential 0.16 without sharing to much lower), exceeding my privacy value of 0.037, thus maximizing total revenue.",6,"### Decision:
I'll **purchase Firm 6** (choose number 6) because: 
- The firm offers a positive profit of 0.11, ensuring a net revenue of 0.073 after accounting for privacy cost.
- Additional search costs 0.02 and, due to valuation-sorted recommendations, is unlikely to provide a better deal justifying the expense.","C14 Search #1 (Searched:1/9, SearchCost:0.00, BestProfit:0.11@F6) → Purchase F6",0.07,0.037,"[0.55, 0.41, 0.42, 0.41, 0.02, 0.03, 0.71, 0.41, 0.31]"
9,1,C15,True,"Yes, because with 9 firms, personalized recommendations significantly reduce expected search costs, likely saving more than the privacy cost of 0.03.",4,"### Decision:
I'll **purchase Firm 4** (choose number 4) because: 
- The firm offers a positive profit of 0.44, which I must act on rationally.
- Further search costs 0.02 with likely diminishing returns in profit due to sorted valuations, making it inefficient.","C15 Search #1 (Searched:1/9, SearchCost:0.00, BestProfit:0.44@F4) → Purchase F4",0.41,0.03,"[0.84, 0.36, 0.33, 0.07, 0.99, 0.6, 0.64, 0.81, 0.92]"
9,1,C16,True,"Yes, because with 9 firms, personalized recommendations will likely reduce search costs substantially, and my low privacy value of 0.05 makes the trade-off favorable for maximizing revenue.",5,"### Decision:
I'll **purchase Firm 5** because: 
- The firm offers a positive profit of 0.42, which I am rational and must act upon by buying.
- Searching further incurs a search cost of 0.02 with likely diminishing returns due to sorted recommendations.","C16 Search #1 (Searched:1/9, SearchCost:0.00, BestProfit:0.42@F5) → Purchase F5",0.37,0.05,"[0.77, 0.44, 0.44, 0.67, 0.26, 0.97, 0.45, 0.13, 0.73]"
9,1,C17,True,"Yes, because with 9 firms, personalized recommendations significantly reduce search costs, likely exceeding the privacy cost of 0.051.",1,"### Decision:
I'll **purchase Firm 1** (choose number 1) because: 
- It offers a positive profit of 0.28, ensuring immediate gain.
- As a rational consumer, I won't leave without buying when positive profit exists.","C17 Search #1 (Searched:1/9, SearchCost:0.00, BestProfit:0.28@F1) → Purchase F1",0.23,0.051,"[0.26, 0.88, 0.09, 0.05, 0.77, 0.86, 0.66, 0.48, 0.45]"
9,1,C18,True,"Yes, because with 9 firms, personalized recommendations significantly reduce expected search costs, likely exceeding the privacy cost of 0.041.",7,"### Decision:
I'll **purchase Firm 7** (choose number 7) because: 
- It offers a positive profit of 0.05.
- As a rational consumer, I won't leave without buying when positive profit is available.","C18 Search #1 (Searched:1/9, SearchCost:0.00, BestProfit:0.05@F7) → Purchase F7",0.01,0.041,"[0.6, 0.34, 0.27, 0.61, 0.18, 0.5, 0.38, 0.65, 0.16]"
9,1,C19,True,"Yes, because the potential reduction in search cost from personalized recommendations with 9 firms likely exceeds the privacy cost of 0.035.",2,"### Decision:
I'll **purchase Firm 2** (choose number 2) because: 
- The firm offers a positive profit of 0.23 with no additional search cost needed.
- Further searching incurs a cost of 0.02 with uncertain and likely lower profit due to decreasing valuation sequence.","C19 Search #1 (Searched:1/9, SearchCost:0.00, BestProfit:0.23@F2) → Purchase F2",0.19,0.035,"[0.3, 0.44, 0.83, 0.7, 0.55, 0.69, 0.28, 0.62, 0.47]"
9,1,C20,True,"Yes, because with 9 firms, personalized recommendations will significantly reduce search costs and improve product match, outweighing the privacy cost of 0.051.",7,"### Decision:
I'll **purchase Firm 7** (choose number 7) because: 
- Positive profit of 0.32 ensures immediate gain.
- Additional search cost of 0.02 unlikely to yield better profit given sorted valuation order.","C20 Search #1 (Searched:1/9, SearchCost:0.00, BestProfit:0.32@F7) → Purchase F7",0.27,0.051,"[0.54, 0.21, 0.89, 0.34, 0.41, 0.77, 0.26, 0.92, 0.59]"
9,2,C1,True,"Yes, because with 9 firms, personalized recommendations will likely reduce expected search costs by more than my privacy cost of 0.04, maximizing total revenue.",4,"### Decision:
I'll **purchase Firm 4** (choose number 4) because: 
- It offers a positive profit of 0.38, requiring purchase as per rationality.
- Further searches cost 0.02 with likely diminishing returns due to personalized sorting.","C1 Search #1 (Searched:1/9, SearchCost:0.00, BestProfit:0.38@F4) → Purchase F4",0.34,0.04,"[0.1, 0.59, 0.59, 0.31, 0.98, 0.63, 0.02, 0.6, 0.78]"
9,2,C2,True,"Yes, because with 9 firms, personalized recommendations significantly reduce expected search costs, likely saving more than the 0.041 privacy cost.",1,"### Decision:
I'll **purchase Firm 1** (choose number 1) because: 
- The firm offers a positive profit of 0.3, and as a rational consumer, I won't leave without buying when positive profit is available.
- With data shared and search sorted by valuation, additional searches are unlikely to yield a profit improvement greater than the 0.02 search cost, making further searching inefficient.","C2 Search #1 (Searched:1/9, SearchCost:0.00, BestProfit:0.30@F1) → Purchase F1",0.26,0.041,"[0.74, 1.0, 0.75, 0.65, 0.75, 0.13, 0.19, 0.79, 0.27]"
9,2,C3,True,"Yes, because with 9 firms, personalized recommendations will likely reduce search costs by more than the privacy value of 0.045, maximizing total revenue.",2,"### Decision:
I'll **purchase Firm 2** (choose number 2) because: 
- It offers a positive profit of 0.28, aligning with rational behavior to buy when profitable.
- Searching another firm costs 0.02 with uncertain improvement, and personalized sorting suggests diminishing returns.","C3 Search #1 (Searched:1/9, SearchCost:0.00, BestProfit:0.28@F2) → Purchase F2",0.24,0.045,"[0.82, 0.06, 0.98, 0.78, 0.81, 0.18, 0.79, 0.61, 0.79]"
9,2,C4,True,"Yes, because with 9 firms, personalized recommendations significantly reduce expected search costs, likely saving more than the privacy cost of 0.04, thereby maximizing total revenue.",7,"### Decision:
I'll **purchase Firm 7** (choose number 7) because: 
- It offers a positive profit of 0.28, which I must act on rationally by not leaving without buying.
- Searching further would incur a search cost of 0.02 with likely lower or no better profits due to personalized sorting by decreasing valuation.","C4 Search #1 (Searched:1/9, SearchCost:0.00, BestProfit:0.28@F7) → Purchase F7",0.24,0.04,"[0.8, 0.36, 0.44, 0.42, 0.95, 0.12, 0.82, 0.98, 0.34]"
9,2,C5,True,"Yes, because with 9 firms, personalized recommendations will likely reduce expected search costs by more than the privacy cost of 0.036, enabling efficient searches and higher total revenue.",4,"### Decision:
I'll **purchase Firm 4** (choose number 4) because: 
- Positive profit of 0.3 is available with no additional search cost.
- With data-shared personalized sorting by valuation, further search is unlikely to improve profit enough to justify the 0.02 cost.","C5 Search #1 (Searched:1/9, SearchCost:0.00, BestProfit:0.30@F4) → Purchase F4",0.26,0.036,"[0.83, 0.13, 0.59, 0.32, 0.9, 0.15, 0.82, 0.7, 0.75]"
9,2,C6,True,"Yes, because with 9 firms, personalized recommendations significantly reduce expected search costs, likely exceeding the privacy cost of 0.032, as shown by my positive revenue in the previous round and the success of top consumers.",7,"### Decision:
I'll **purchase Firm 7** (choose number 7) because: 
- Firm 7 provides a positive profit of 0.28, ensuring immediate gain.
- Searching further costs 0.02 with uncertain benefits, likely not justifying the expense.","C6 Search #1 (Searched:1/9, SearchCost:0.00, BestProfit:0.28@F7) → Purchase F7",0.25,0.032,"[0.21, 0.14, 0.01, 0.55, 0.22, 0.52, 0.14, 0.98, 0.3]"
9,2,C7,True,"Yes, because with 9 firms, personalized recommendations are likely to reduce expected search costs by more than the privacy cost of 0.037, maximizing total revenue.",0,"### Decision:
I'll **purchase Firm 0** (choose number 0) because: 
- It offers a positive profit of 0.36.
- Rationality requires buying when positive profit is available, avoiding unnecessary search costs.","C7 Search #1 (Searched:1/9, SearchCost:0.00, BestProfit:0.36@F0) → Purchase F0",0.32,0.037,"[0.96, 0.09, 0.35, 0.13, 0.5, 0.06, 0.2, 0.3, 0.93]"
9,2,C8,True,"Yes, because the privacy cost of 0.027 is low and sharing data with 9 firms will likely reduce search costs through personalized recommendations, outweighing the privacy loss and maximizing total revenue.",8,"### Decision:
I'll **purchase Firm 8** (choose number 8) because: 
- It offers a positive profit of 0.22.
- Searching further would cost 0.02 with low expected gain, given personalized sorting favors the first firm.","C8 Search #1 (Searched:1/9, SearchCost:0.00, BestProfit:0.22@F8) → Purchase F8",0.19,0.027,"[0.49, 0.0, 0.11, 0.79, 0.81, 0.34, 0.91, 0.16, 0.92]"
9,2,C9,True,"Yes, because with 9 firms, personalized recommendations will minimize search costs by presenting the highest-valuation products first, likely saving more than the privacy cost of 0.05.",5,"### Decision:
I'll **purchase Firm 5** because: 
- It offers a positive profit of 0.33, ensuring immediate gain.
- With personalized recommendations sorting by highest valuation, additional searches are unlikely to yield better profits and would incur unnecessary costs.","C9 Search #1 (Searched:1/9, SearchCost:0.00, BestProfit:0.33@F5) → Purchase F5",0.28,0.05,"[0.41, 0.11, 0.34, 0.62, 0.55, 0.93, 0.14, 0.3, 0.16]"
9,2,C10,True,"Yes, because with 9 firms, personalized recommendations are likely to reduce search costs by more than the privacy cost of 0.039, based on past benefits and maximizing expected revenue.",8,"### Decision:
I'll **purchase Firm 8** (choose number 8) because: 
- The firm provides a positive profit of 0.28, ensuring immediate revenue gain.
- Additional searches cost 0.02 and are likely to yield lower or similar profit due to valuation-sorted recommendations, risking net loss.","C10 Search #1 (Searched:1/9, SearchCost:0.00, BestProfit:0.28@F8) → Purchase F8",0.24,0.039,"[0.69, 0.93, 0.59, 0.38, 0.54, 0.2, 0.91, 0.68, 0.98]"
9,2,C11,True,"Yes, because with 9 firms, personalized recommendations will likely reduce search costs by more than the privacy cost of 0.036, based on historical data showing significant savings and high revenues from sharing.",7,"### Decision:
I'll **purchase Firm 7** (choose number 7) because: 
- It offers a positive profit of 0.22, ensuring a gain.
- Searching further may yield lower valuations and incur a 0.02 cost with uncertain benefits.","C11 Search #1 (Searched:1/9, SearchCost:0.00, BestProfit:0.22@F7) → Purchase F7",0.18,0.036,"[0.75, 0.53, 0.36, 0.18, 0.13, 0.35, 0.83, 0.92, 0.4]"
9,2,C12,True,"Yes, because with 9 firms, personalized recommendations will likely reduce search costs and improve product matching by more than my privacy value of 0.029, maximizing total revenue.",3,"### Decision:
I'll **purchase Firm 3** because: 
- It offers a positive profit of 0.07, ensuring a net gain.
- Further searching costs 0.02 with likely diminishing returns due to the personalized valuation order, making additional searches unlikely to improve profit significantly.","C12 Search #1 (Searched:1/9, SearchCost:0.00, BestProfit:0.07@F3) → Purchase F3",0.04,0.029,"[0.71, 0.07, 0.71, 0.77, 0.07, 0.44, 0.44, 0.3, 0.08]"
9,2,C13,True,"Yes, because with 9 firms, personalized recommendations are likely to reduce expected search costs by more than the privacy cost of 0.028, maximizing total revenue.",3,"### Decision:  
I'll **purchase Firm 3** (choose number 3) because:  
- The firm provides a positive profit of 0.18, ensuring net revenue.  
- Searching another firm costs 0.02 with uncertain benefits, and personalized recommendations suggest limited potential improvement.","C13 Search #1 (Searched:1/9, SearchCost:0.00, BestProfit:0.18@F3) → Purchase F3",0.15,0.028,"[0.48, 0.6, 0.18, 0.88, 0.87, 0.7, 0.39, 0.43, 0.58]"
9,2,C14,True,"Yes, because with 9 firms, personalized recommendations will likely reduce expected search costs by more than the privacy cost of 0.037, based on past experience and the significant potential savings from fewer searches.",6,"### Decision:
I'll **purchase Firm 6** (choose number 6) because: 
- The firm offers a positive profit of 0.01, ensuring I don't leave without buying as per rational behavior.
- Searching further costs 0.02 and, with sorted recommendations, is unlikely to yield a better deal justifying the expense.","C14 Search #1 (Searched:1/9, SearchCost:0.00, BestProfit:0.01@F6) → Purchase F6",-0.03,0.037,"[0.55, 0.41, 0.42, 0.41, 0.02, 0.03, 0.71, 0.41, 0.31]"
9,2,C15,True,"Yes, because with 9 firms, personalized recommendations will significantly reduce expected search costs, likely saving more than the privacy cost of 0.03, thereby maximizing total revenue.",4,"### Decision:  
I'll **purchase Firm 4** (choose number 4) because:  
- The firm offers a positive profit of 0.39, which I must act on rationally.  
- With personalized recommendations sorting valuations high to low, further searches are unlikely to improve profit significantly and would incur an additional cost of 0.02.","C15 Search #1 (Searched:1/9, SearchCost:0.00, BestProfit:0.39@F4) → Purchase F4",0.36,0.03,"[0.84, 0.36, 0.33, 0.07, 0.99, 0.6, 0.64, 0.81, 0.92]"
9,2,C16,True,"Yes, because with 9 firms, personalized recommendations significantly reduce expected search costs, likely saving more than the privacy cost of 0.05.",5,"### Decision:
I'll **purchase Firm 5** because: 
- Firm 5 offers a positive profit of 0.37, which I must act upon as a rational consumer.
- Searching further would incur a 0.02 cost with likely diminishing returns due to sorted recommendations.","C16 Search #1 (Searched:1/9, SearchCost:0.00, BestProfit:0.37@F5) → Purchase F5",0.32,0.05,"[0.77, 0.44, 0.44, 0.67, 0.26, 0.97, 0.45, 0.13, 0.73]"
9,2,C17,True,"Yes, because with 9 firms, personalized recommendations significantly reduce expected search costs, likely exceeding the privacy cost of 0.051.",1,"### Decision:
I'll **purchase Firm 1** (choose number 1) because: 
- It offers a positive profit of 0.18, ensuring a gain.
- As a rational consumer, I won't leave without buying when positive profit exists.","C17 Search #1 (Searched:1/9, SearchCost:0.00, BestProfit:0.18@F1) → Purchase F1",0.13,0.051,"[0.26, 0.88, 0.09, 0.05, 0.77, 0.86, 0.66, 0.48, 0.45]"
9,2,C18,True,"Yes, because with 9 firms, personalized recommendations reduce expected search costs and improve matching, likely exceeding the privacy cost of 0.041.",-1,"### Decision:
I'll **leave** (choose number -1) because: 
- The searched firm has negative profit (-0.05), indicating no immediate gain.
- With personalized recommendations sorting by decreasing valuation, additional searches are unlikely to yield positive profit, and the search cost of 0.02 outweighs potential benefits.","C18 Search #1 (Searched:1/9, SearchCost:0.00, BestProfit:-0.05@F7) → Leave Market",-0.04,0.041,"[0.6, 0.34, 0.27, 0.61, 0.18, 0.5, 0.38, 0.65, 0.16]"
9,2,C19,True,"Yes, because with 9 firms, personalized recommendations are likely to reduce search costs by more than the privacy cost of 0.035, based on past benefits and expected savings.",2,"### Decision:  
I'll **purchase Firm 2** (choose number 2) because:  
- It offers a positive profit of 0.13 with no additional cost.  
- Further searching costs 0.02 and is unlikely to yield higher profit due to the decreasing valuation sequence in personalized recommendations.","C19 Search #1 (Searched:1/9, SearchCost:0.00, BestProfit:0.13@F2) → Purchase F2",0.1,0.035,"[0.3, 0.44, 0.83, 0.7, 0.55, 0.69, 0.28, 0.62, 0.47]"
9,2,C20,True,"Yes, because with 9 firms, personalized recommendations will likely reduce search costs by more than my privacy value of 0.051, outweighing the privacy cost and maximizing total revenue based on past experience and expected benefits.",7,"### Decision:
I'll **purchase Firm 7** (choose number 7) because: 
- The firm offers a positive profit of 0.22, ensuring an immediate gain.
- With personalized recommendations sorting firms by valuation, additional searches are unlikely to yield a better profit and would incur a search cost of 0.02.","C20 Search #1 (Searched:1/9, SearchCost:0.00, BestProfit:0.22@F7) → Purchase F7",0.17,0.051,"[0.54, 0.21, 0.89, 0.34, 0.41, 0.77, 0.26, 0.92, 0.59]"
9,3,C1,True,"Yes, because with 9 firms, personalized recommendations will likely reduce expected search costs by more than the privacy cost of 0.04, maximizing total revenue.",4,"### Decision:
I'll **purchase Firm 4** (choose number 4) because: 
- It offers a positive profit of 0.28, requiring purchase as per rationality.
- Additional searches cost 0.02 and are unlikely to yield a better profit, given personalized sorting from high to low valuation.","C1 Search #1 (Searched:1/9, SearchCost:0.00, BestProfit:0.28@F4) → Purchase F4",0.24,0.04,"[0.1, 0.59, 0.59, 0.31, 0.98, 0.63, 0.02, 0.6, 0.78]"
9,3,C2,True,"Yes, because with 9 firms, personalized recommendations will likely reduce expected search costs by more than the 0.041 privacy value, outweighing the cost and maximizing total revenue based on past experiences and rational trade-offs.",1,"### Decision:
I'll **purchase Firm 1** (choose number 1) because: 
- The firm offers a positive profit of 0.2, and as a rational consumer, I won't leave without buying when positive profit is available.
- With data shared and search sorted by valuation, additional searches are unlikely to yield a profit improvement greater than the 0.02 search cost, making further searching inefficient.","C2 Search #1 (Searched:1/9, SearchCost:0.00, BestProfit:0.20@F1) → Purchase F1",0.16,0.041,"[0.74, 1.0, 0.75, 0.65, 0.75, 0.13, 0.19, 0.79, 0.27]"
9,3,C3,True,"Yes, because with 9 firms, personalized recommendations will likely reduce expected search costs by more than the privacy value of 0.045, outweighing the privacy cost and maximizing total revenue based on past experiences and global consumer trends.",2,"### Decision:  
I'll **purchase Firm 2** (choose number 2) because:  
- It offers a positive profit of 0.18, ensuring revenue gain as per rational behavior.  
- Searching another firm costs 0.02 with likely diminishing returns due to sorted recommendations, making further search unprofitable.","C3 Search #1 (Searched:1/9, SearchCost:0.00, BestProfit:0.18@F2) → Purchase F2",0.13,0.045,"[0.82, 0.06, 0.98, 0.78, 0.81, 0.18, 0.79, 0.61, 0.79]"
9,3,C4,True,"Yes, because with 9 firms, personalized recommendations will likely reduce expected search costs by more than the privacy cost of 0.04, thereby maximizing total revenue.",7,"### Decision:
I'll **purchase Firm 7** (choose number 7) because: 
- The firm offers a positive profit of 0.33, and as a rational consumer, I won't leave without buying when a positive profit is available.
- Searching further would incur a search cost of 0.02 with likely lower profits due to personalized recommendations sorting by decreasing valuation.","C4 Search #1 (Searched:1/9, SearchCost:0.00, BestProfit:0.33@F7) → Purchase F7",0.29,0.04,"[0.8, 0.36, 0.44, 0.42, 0.95, 0.12, 0.82, 0.98, 0.34]"
9,3,C5,True,"Yes, because with 9 firms, personalized recommendations will likely reduce expected search costs by more than the privacy cost of 0.036, maximizing total revenue.",4,"### Decision:
I'll **purchase Firm 4** (choose number 4) because: 
- Positive profit of 0.2 is available with no additional search cost.
- With data-shared sorting by valuation, further search is unlikely to improve profit enough to justify the 0.02 cost.","C5 Search #1 (Searched:1/9, SearchCost:0.00, BestProfit:0.20@F4) → Purchase F4",0.16,0.036,"[0.83, 0.13, 0.59, 0.32, 0.9, 0.15, 0.82, 0.7, 0.75]"
9,3,C6,True,"Yes, because with 9 firms, personalized recommendations will likely reduce search costs by more than the privacy cost of 0.032, based on past positive outcomes and minimizing expected expenses.",7,"### Decision:
I'll **purchase Firm 7** (choose number 7) because: 
- Firm 7 provides a positive profit of 0.33 with no further search cost needed.
- Searching another firm costs 0.02 with uncertain benefits, likely not justifying the expense based on past experiences.","C6 Search #1 (Searched:1/9, SearchCost:0.00, BestProfit:0.33@F7) → Purchase F7",0.3,0.032,"[0.21, 0.14, 0.01, 0.55, 0.22, 0.52, 0.14, 0.98, 0.3]"
9,3,C7,True,"Yes, because with 9 firms, personalized recommendations will likely reduce expected search costs by more than the privacy cost of 0.037, maximizing total revenue.",0,"### Decision:
I'll **purchase Firm 0** (choose number 0) because: 
- It offers a positive profit of 0.26.
- Rationality requires buying when positive profit is available, avoiding unnecessary search costs.","C7 Search #1 (Searched:1/9, SearchCost:0.00, BestProfit:0.26@F0) → Purchase F0",0.22,0.037,"[0.96, 0.09, 0.35, 0.13, 0.5, 0.06, 0.2, 0.3, 0.93]"
9,3,C8,True,"Yes, because the privacy cost of 0.027 is low and sharing data with 9 firms will likely reduce search costs through personalized recommendations, outweighing the privacy loss and maximizing total revenue.",8,"### Decision:
I'll **purchase Firm 8** (choose number 8) because: 
- It offers a positive profit of 0.12, and rationality requires buying when profit is positive.
- Further search costs 0.02 with low expected gain due to personalized sorting favoring the first firm.","C8 Search #1 (Searched:1/9, SearchCost:0.00, BestProfit:0.12@F8) → Purchase F8",0.09,0.027,"[0.49, 0.0, 0.11, 0.79, 0.81, 0.34, 0.91, 0.16, 0.92]"
9,3,C9,True,"Yes, because with 9 firms, personalized recommendations will likely reduce search costs by more than the privacy cost of 0.05, maximizing total revenue.",5,"### Decision:
I'll **purchase Firm 5** because: 
- It offers a positive profit of 0.23, ensuring immediate gain.
- With personalized recommendations sorting by highest valuation, additional searches are unlikely to yield better profits and would incur unnecessary costs.","C9 Search #1 (Searched:1/9, SearchCost:0.00, BestProfit:0.23@F5) → Purchase F5",0.18,0.05,"[0.41, 0.11, 0.34, 0.62, 0.55, 0.93, 0.14, 0.3, 0.16]"
9,3,C10,True,"Yes, because with 9 firms, personalized recommendations will likely reduce search costs by more than the privacy value of 0.039, based on past benefits and maximizing expected revenue.",8,"### Decision:
I'll **purchase Firm 8** (choose number 8) because: 
- The firm offers a positive profit of 0.18, ensuring immediate revenue gain.
- Additional searches cost 0.02 and are likely to yield lower profit due to valuation-sorted recommendations, risking net loss.","C10 Search #1 (Searched:1/9, SearchCost:0.00, BestProfit:0.18@F8) → Purchase F8",0.14,0.039,"[0.69, 0.93, 0.59, 0.38, 0.54, 0.2, 0.91, 0.68, 0.98]"
9,3,C11,True,"Yes, because with 9 firms, personalized recommendations will likely reduce search costs by more than the privacy cost of 0.036, maximizing total revenue based on historical data and past decisions.",7,"### Decision:
I'll **purchase Firm 7** (choose number 7) because: 
- It offers a positive profit of 0.27, providing an immediate gain.
- Additional searches cost 0.02 and are likely to yield lower profits due to sorted recommendations, offering poor expected returns.","C11 Search #1 (Searched:1/9, SearchCost:0.00, BestProfit:0.27@F7) → Purchase F7",0.23,0.036,"[0.75, 0.53, 0.36, 0.18, 0.13, 0.35, 0.83, 0.92, 0.4]"
9,3,C12,True,"Yes, because with 9 firms, personalized recommendations will likely reduce search costs by more than the privacy cost of 0.029, outweighing the low privacy value and maximizing expected total revenue.",0,"### Decision:
I'll **purchase Firm 0** because: 
- It offers a positive profit of 0.01, which I must act on per rationality, ensuring I don't leave without buying.
- Searching further costs 0.02 with likely diminishing returns due to decreasing valuations, making additional gains improbable and not worth the expense.","C12 Search #1 (Searched:1/9, SearchCost:0.00, BestProfit:-0.03@F3) → Search Next; C12 Search #2 (Searched:2/9, SearchCost:0.02, BestProfit:0.01@F0) → Purchase F0",-0.04,0.029,"[0.71, 0.07, 0.71, 0.77, 0.07, 0.44, 0.44, 0.3, 0.08]"
9,3,C13,True,"Yes, because with 9 firms, personalized recommendations will likely reduce expected search costs by more than the privacy cost of 0.028, maximizing total revenue.",3,"### Decision:  
I'll **purchase Firm 3** (choose number 3) because:  
- The firm offers a positive profit of 0.08, ensuring net revenue.  
- Searching another firm costs 0.02 with uncertain benefits, and personalized recommendations suggest limited potential improvement.","C13 Search #1 (Searched:1/9, SearchCost:0.00, BestProfit:0.08@F3) → Purchase F3",0.05,0.028,"[0.48, 0.6, 0.18, 0.88, 0.87, 0.7, 0.39, 0.43, 0.58]"
9,3,C14,True,"Yes, because with 9 firms, personalized recommendations will likely reduce expected search costs by more than the privacy cost of 0.037, based on past experiences and the significant savings from fewer searches.",-1,"### Decision:
I'll **leave** (choose number -1) because: 
- The only searched firm has negative profit (-0.09), so purchasing it would reduce revenue.
- Searching further costs 0.02 and, with valuation-sorted recommendations, is unlikely to yield a profitable deal, given the first firm is the best and unprofitable.","C14 Search #1 (Searched:1/9, SearchCost:0.00, BestProfit:-0.09@F6) → Leave Market",-0.04,0.037,"[0.55, 0.41, 0.42, 0.41, 0.02, 0.03, 0.71, 0.41, 0.31]"
9,3,C15,True,"Yes, because with 9 firms, personalized recommendations will reduce expected search costs by more than the privacy cost of 0.03, maximizing total revenue based on past experiences.",4,"### Decision:  
I'll **purchase Firm 4** (choose number 4) because:  
- The firm offers a positive profit of 0.29, which I must act on rationally.  
- With personalized recommendations sorting valuations high to low, further searches are unlikely to improve profit significantly and would cost an additional 0.02.","C15 Search #1 (Searched:1/9, SearchCost:0.00, BestProfit:0.29@F4) → Purchase F4",0.26,0.03,"[0.84, 0.36, 0.33, 0.07, 0.99, 0.6, 0.64, 0.81, 0.92]"
9,3,C16,True,"Yes, because with 9 firms, personalized recommendations will likely reduce search costs substantially, exceeding the privacy cost of 0.05 and maximizing revenue.",5,"### Decision:
I'll **purchase Firm 5** (choose number 5) because: 
- Firm 5 offers a positive profit of 0.27, which I must act upon as a rational consumer.
- Searching further incurs a 0.02 cost with likely diminishing returns due to sorted recommendations.","C16 Search #1 (Searched:1/9, SearchCost:0.00, BestProfit:0.27@F5) → Purchase F5",0.22,0.05,"[0.77, 0.44, 0.44, 0.67, 0.26, 0.97, 0.45, 0.13, 0.73]"
9,3,C17,True,"Yes, because with 9 firms, personalized recommendations significantly reduce expected search costs and increase the likelihood of higher profits, likely exceeding the privacy cost of 0.051 and maximizing total revenue.",1,"### Decision:
I'll **purchase Firm 1** (choose number 1) because: 
- It offers a positive profit of 0.08, ensuring a gain.
- As a rational consumer, I won't leave without buying when positive profit exists.","C17 Search #1 (Searched:1/9, SearchCost:0.00, BestProfit:0.08@F1) → Purchase F1",0.03,0.051,"[0.26, 0.88, 0.09, 0.05, 0.77, 0.86, 0.66, 0.48, 0.45]"
9,3,C18,True,"Yes, because with 9 firms, personalized recommendations will likely reduce expected search costs by more than the privacy cost of 0.041, improving the chances of maximizing total revenue through efficient decision-making.",-1,"### Decision:
I'll **leave** (choose number -1) because: 
- The searched firm offers zero profit, yielding no benefit from purchasing.
- Additional searches cost 0.02 with low expected gain, as personalized recommendations suggest diminishing returns.","C18 Search #1 (Searched:1/9, SearchCost:0.00, BestProfit:0.00@F7) → Leave Market",-0.04,0.041,"[0.6, 0.34, 0.27, 0.61, 0.18, 0.5, 0.38, 0.65, 0.16]"
9,3,C19,True,"Yes, because with 9 firms, personalized recommendations are likely to reduce search costs by more than the privacy cost of 0.035, based on past benefits and expected savings, maximizing total revenue.",2,"### Decision:  
I'll **purchase Firm 2** (choose number 2) because:  
- It offers a positive profit of 0.03 with no additional search cost.  
- Further searching costs 0.02 and is unlikely to yield higher profit due to the decreasing valuation sequence in personalized recommendations.","C19 Search #1 (Searched:1/9, SearchCost:0.00, BestProfit:0.03@F2) → Purchase F2",-0.01,0.035,"[0.3, 0.44, 0.83, 0.7, 0.55, 0.69, 0.28, 0.62, 0.47]"
9,3,C20,True,"Yes, because with 9 firms, personalized recommendations will likely reduce search costs by more than the privacy cost of 0.051, outweighing the privacy value and maximizing total revenue based on past benefits.",7,"### Decision:
I'll **purchase Firm 7** (choose number 7) because: 
- The firm offers a positive profit of 0.27, ensuring an immediate gain.
- With personalized recommendations sorting firms by valuation, additional searches are unlikely to yield a better profit and would incur a search cost of 0.02.","C20 Search #1 (Searched:1/9, SearchCost:0.00, BestProfit:0.27@F7) → Purchase F7",0.22,0.051,"[0.54, 0.21, 0.89, 0.34, 0.41, 0.77, 0.26, 0.92, 0.59]"
9,4,C1,True,"Yes, because with 9 firms, personalized recommendations will likely reduce expected search costs by more than the privacy cost of 0.04, based on past experiences and the value of sorting in a large market, thereby maximizing total revenue.",4,"### Decision:
I'll **purchase Firm 4** (choose number 4) because: 
- It offers a positive profit of 0.23, requiring purchase as per rationality to avoid leaving without buying.
- Additional searches cost 0.02 and are unlikely to yield a significantly better profit, given personalized sorting by high valuation.","C1 Search #1 (Searched:1/9, SearchCost:0.00, BestProfit:0.23@F4) → Purchase F4",0.19,0.04,"[0.1, 0.59, 0.59, 0.31, 0.98, 0.63, 0.02, 0.6, 0.78]"
9,4,C2,True,"Yes, because with 9 firms, personalized recommendations will likely reduce expected search costs by more than the 0.041 privacy value, based on past experiences where sharing data minimized searches and maximized revenue.",1,"### Decision:
I'll **purchase Firm 1** (choose number 1) because: 
- The firm offers a positive profit of 0.3, and as a rational consumer, I won't leave without buying when positive profit is available.
- With data shared and search sorted by valuation, additional searches are unlikely to yield a profit improvement greater than the 0.02 search cost, making further searching inefficient.","C2 Search #1 (Searched:1/9, SearchCost:0.00, BestProfit:0.30@F1) → Purchase F1",0.26,0.041,"[0.74, 1.0, 0.75, 0.65, 0.75, 0.13, 0.19, 0.79, 0.27]"
9,4,C3,True,"Yes, because with 9 firms, personalized recommendations will likely reduce search costs by more than the privacy value of 0.045, based on past experiences of minimized searches and maximized revenue.",2,"### Decision:  
I'll **purchase Firm 2** (choose number 2) because:  
- It offers a positive profit of 0.28, ensuring revenue gain.  
- Searching another firm costs 0.02 with personalized sorting likely yielding diminishing returns, making further search unprofitable.","C3 Search #1 (Searched:1/9, SearchCost:0.00, BestProfit:0.28@F2) → Purchase F2",0.24,0.045,"[0.82, 0.06, 0.98, 0.78, 0.81, 0.18, 0.79, 0.61, 0.79]"
9,4,C4,True,"Yes, because with 9 firms, personalized recommendations will likely reduce search costs and improve product matching, outweighing the privacy cost of 0.04 based on past positive outcomes.",7,"### Decision:
I'll **purchase Firm 7** (choose number 7) because: 
- The firm offers a positive profit of 0.28, and as a rational consumer, I won't leave without buying when a positive profit is available.
- Searching further would incur a search cost of 0.02 with likely diminishing returns, as the personalized recommendations sort by decreasing valuation, reducing the chance of finding a better deal.","C4 Search #1 (Searched:1/9, SearchCost:0.00, BestProfit:0.28@F7) → Purchase F7",0.24,0.04,"[0.8, 0.36, 0.44, 0.42, 0.95, 0.12, 0.82, 0.98, 0.34]"
9,4,C5,True,"Yes, because with 9 firms, personalized recommendations will likely reduce search costs and increase expected profit more than the privacy cost of 0.036, based on past positive outcomes and maximizing total revenue.",4,"### Decision:
I'll **purchase Firm 4** (choose number 4) because: 
- Positive profit of 0.15 is available with no additional search cost.
- With data-shared sorting by valuation, further search is unlikely to yield a profit improvement exceeding the 0.02 search cost.","C5 Search #1 (Searched:1/9, SearchCost:0.00, BestProfit:0.15@F4) → Purchase F4",0.11,0.036,"[0.83, 0.13, 0.59, 0.32, 0.9, 0.15, 0.82, 0.7, 0.75]"
9,4,C6,True,"Yes, because personalized recommendations with 9 firms reduce expected search costs and improve product matching, outweighing the privacy cost of 0.032 based on consistent positive outcomes in past rounds.",7,"### Decision:
I'll **purchase Firm 7** (choose number 7) because: 
- Firm 7 provides a positive profit of 0.28 with no additional search cost.
- Searching further costs 0.02 with low expected benefit due to personalized sorting prioritizing higher-value firms first.","C6 Search #1 (Searched:1/9, SearchCost:0.00, BestProfit:0.28@F7) → Purchase F7",0.25,0.032,"[0.21, 0.14, 0.01, 0.55, 0.22, 0.52, 0.14, 0.98, 0.3]"
9,4,C7,True,"Yes, because with 9 firms, personalized recommendations will likely reduce expected search costs by more than the privacy cost of 0.037, based on past experiences of minimized searches and maximized revenue.",0,"### Decision:  
I'll **purchase Firm 0** (choose number 0) because:  
- It offers a positive profit of 0.21.  
- Rationality requires buying when positive profit is available, avoiding unnecessary search costs.","C7 Search #1 (Searched:1/9, SearchCost:0.00, BestProfit:0.21@F0) → Purchase F0",0.17,0.037,"[0.96, 0.09, 0.35, 0.13, 0.5, 0.06, 0.2, 0.3, 0.93]"
9,4,C8,True,"Yes, because the privacy cost of 0.027 is low and sharing data with 9 firms will likely reduce search costs through personalized recommendations, maximizing total revenue.",8,"### Decision:
I'll **purchase Firm 8** (choose number 8) because: 
- It offers a positive profit of 0.17, and rationality requires buying when profit is positive.
- Further search costs 0.02 with low expected gain due to personalized sorting favoring the first firm.","C8 Search #1 (Searched:1/9, SearchCost:0.00, BestProfit:0.17@F8) → Purchase F8",0.14,0.027,"[0.49, 0.0, 0.11, 0.79, 0.81, 0.34, 0.91, 0.16, 0.92]"
9,4,C9,True,"Yes, because with 9 firms, personalized recommendations will likely reduce expected search costs by more than the privacy cost of 0.05, based on past experiences where sharing minimized searches and maximized revenue.",5,"### Decision:  
I'll **purchase Firm 5** (choose number 5) because:  
- It offers a positive profit of 0.18, ensuring immediate gain.  
- With personalized recommendations sorting by highest valuation, additional searches are unlikely to yield better profits and would incur unnecessary costs.","C9 Search #1 (Searched:1/9, SearchCost:0.00, BestProfit:0.18@F5) → Purchase F5",0.13,0.05,"[0.41, 0.11, 0.34, 0.62, 0.55, 0.93, 0.14, 0.3, 0.16]"
9,4,C10,True,"Yes, because with 9 firms, personalized recommendations will likely reduce search costs by more than the privacy cost of 0.039, based on past benefits and maximizing expected revenue.",8,"### Decision:  
I'll **purchase Firm 8** (choose number 8) because:  
- The firm provides a positive profit of 0.23, ensuring immediate revenue gain.  
- Additional searches cost 0.02 and are likely to yield lower profit due to valuation-sorted recommendations, risking a net loss.","C10 Search #1 (Searched:1/9, SearchCost:0.00, BestProfit:0.23@F8) → Purchase F8",0.19,0.039,"[0.69, 0.93, 0.59, 0.38, 0.54, 0.2, 0.91, 0.68, 0.98]"
9,4,C11,True,"Yes, because with 9 firms, personalized recommendations will likely reduce search costs by more than the privacy cost of 0.036, based on historical data showing significant savings and high revenue from sharing.",7,"### Decision:
I'll **purchase Firm 7** (choose number 7) because: 
- It offers a positive profit of 0.22, ensuring an immediate gain.
- Additional searches cost 0.02 and are likely to yield lower profits due to sorted recommendations, making further search unprofitable.","C11 Search #1 (Searched:1/9, SearchCost:0.00, BestProfit:0.22@F7) → Purchase F7",0.18,0.036,"[0.75, 0.53, 0.36, 0.18, 0.13, 0.35, 0.83, 0.92, 0.4]"
9,4,C12,True,"Yes, because with 9 firms, personalized recommendations will likely reduce expected search costs by more than the privacy value of 0.029, maximizing total revenue based on past experiences and the high value of sorting in a large market.",3,"### Decision:
I'll **purchase Firm 3** because: 
- It offers a positive profit of 0.07, ensuring a net gain and adhering to rationality by not leaving without buying.
- Further searching costs 0.02 with likely diminishing returns due to decreasing valuations in personalized order, making additional gains improbable and not worth the expense.","C12 Search #1 (Searched:1/9, SearchCost:0.00, BestProfit:0.07@F3) → Purchase F3",0.04,0.029,"[0.71, 0.07, 0.71, 0.77, 0.07, 0.44, 0.44, 0.3, 0.08]"
9,4,C13,True,"Yes, because with 9 firms, personalized recommendations will likely reduce expected search costs by more than the privacy cost of 0.028, maximizing total revenue based on past experiences.",3,"### Decision:  
I'll **purchase Firm 3** (choose number 3) because:  
- The firm offers a positive profit of 0.18, ensuring net revenue.  
- Searching another firm costs 0.02 with uncertain benefits, and personalized recommendations sorted by valuation suggest limited potential improvement.","C13 Search #1 (Searched:1/9, SearchCost:0.00, BestProfit:0.18@F3) → Purchase F3",0.15,0.028,"[0.48, 0.6, 0.18, 0.88, 0.87, 0.7, 0.39, 0.43, 0.58]"
9,4,C14,True,"Yes, because with 9 firms, personalized recommendations will likely reduce expected search costs by more than the privacy cost of 0.037, based on past experiences showing fewer searches needed and significant savings potential.",6,"### Decision:
I'll **purchase Firm 6** (choose number 6) because: 
- The firm offers a positive profit of 0.01, ensuring I do not leave without buying as per rational behavior.
- Searching further costs 0.02 and, with valuation-sorted recommendations, is unlikely to yield a better deal justifying the expense.","C14 Search #1 (Searched:1/9, SearchCost:0.00, BestProfit:0.01@F6) → Purchase F6",-0.03,0.037,"[0.55, 0.41, 0.42, 0.41, 0.02, 0.03, 0.71, 0.41, 0.31]"
9,4,C15,True,"Yes, because with 9 firms, personalized recommendations will likely reduce search costs significantly, exceeding the privacy cost of 0.03 and maximizing total revenue based on past experiences.",4,"### Decision:  
I'll **purchase Firm 4** (choose number 4) because:  
- The firm offers a positive profit of 0.24, which I must act on rationally.  
- With personalized recommendations sorting valuations high to low, further searches are unlikely to improve profit significantly and would incur an additional cost of 0.02.","C15 Search #1 (Searched:1/9, SearchCost:0.00, BestProfit:0.24@F4) → Purchase F4",0.21,0.03,"[0.84, 0.36, 0.33, 0.07, 0.99, 0.6, 0.64, 0.81, 0.92]"
9,4,C16,True,"Yes, because with 9 firms, personalized recommendations will likely reduce search costs by more than the privacy cost of 0.05, based on past experiences of minimized searches and positive revenues.",5,"### Decision:
I'll **purchase Firm 5** (choose number 5) because: 
- Firm 5 offers a positive profit of 0.22, which I must act upon as a rational consumer.
- Searching further incurs a 0.02 cost with likely diminishing returns due to sorted recommendations.","C16 Search #1 (Searched:1/9, SearchCost:0.00, BestProfit:0.22@F5) → Purchase F5",0.17,0.05,"[0.77, 0.44, 0.44, 0.67, 0.26, 0.97, 0.45, 0.13, 0.73]"
9,4,C17,True,"Yes, because with 9 firms, personalized recommendations significantly reduce expected search costs, likely exceeding the privacy cost of 0.051, based on past positive outcomes and minimizing total expenses.",1,"### Decision:
I'll **purchase Firm 1** (choose number 1) because: 
- It offers a positive profit of 0.18, ensuring immediate gain.
- With personalized recommendations, further search is unlikely to improve profit and would incur a 0.02 cost, reducing net revenue.","C17 Search #1 (Searched:1/9, SearchCost:0.00, BestProfit:0.18@F1) → Purchase F1",0.13,0.051,"[0.26, 0.88, 0.09, 0.05, 0.77, 0.86, 0.66, 0.48, 0.45]"
9,4,C18,True,"Yes, because with 9 firms, personalized recommendations will likely reduce expected search costs by more than the privacy cost of 0.041, based on historical outcomes and efficient matching.",-1,"### Decision:
I'll **leave** (choose number -1) because: 
- The searched firm has negative profit (-0.05), offering no gain.
- Personalized sorting suggests lower subsequent valuations, making additional searches unlikely to improve outcomes and costing 0.02 unnecessarily.","C18 Search #1 (Searched:1/9, SearchCost:0.00, BestProfit:-0.05@F7) → Leave Market",-0.04,0.041,"[0.6, 0.34, 0.27, 0.61, 0.18, 0.5, 0.38, 0.65, 0.16]"
9,4,C19,True,"Yes, because with 9 firms, personalized recommendations will likely reduce search costs by more than the privacy cost of 0.035, based on past experiences and expected savings in searches.",2,"### Decision:  
I'll **purchase Firm 2** (choose number 2) because:  
- It offers a positive profit of 0.13 with no additional search cost.  
- Further searching costs 0.02 and is unlikely to yield higher profit due to the decreasing valuation sequence in personalized recommendations.","C19 Search #1 (Searched:1/9, SearchCost:0.00, BestProfit:0.13@F2) → Purchase F2",0.1,0.035,"[0.3, 0.44, 0.83, 0.7, 0.55, 0.69, 0.28, 0.62, 0.47]"
9,4,C20,True,"Yes, because with 9 firms, personalized recommendations will likely reduce search costs and improve product match by more than the privacy cost of 0.051, maximizing total revenue based on past positive outcomes.",7,"### Decision:
I'll **purchase Firm 7** (choose number 7) because: 
- The firm offers a positive profit of 0.22, ensuring an immediate gain.
- With personalized recommendations sorting by valuation, additional searches are unlikely to yield a better profit and would incur a search cost of 0.02.","C20 Search #1 (Searched:1/9, SearchCost:0.00, BestProfit:0.22@F7) → Purchase F7",0.17,0.051,"[0.54, 0.21, 0.89, 0.34, 0.41, 0.77, 0.26, 0.92, 0.59]"
9,5,C1,True,"Yes, because with 9 firms, personalized recommendations will likely reduce expected search costs by more than the privacy cost of 0.04, based on past experiences where sharing minimized searches and maximized revenue.",4,"### Decision:
I'll **purchase Firm 4** (choose number 4) because: 
- It offers a positive profit of 0.18, requiring purchase as per rationality to avoid leaving without buying.
- Additional searches cost 0.02 and are unlikely to yield a significantly better profit, given personalized sorting by high valuation and diminishing returns from past experiences.","C1 Search #1 (Searched:1/9, SearchCost:0.00, BestProfit:0.18@F4) → Purchase F4",0.14,0.04,"[0.1, 0.59, 0.59, 0.31, 0.98, 0.63, 0.02, 0.6, 0.78]"
9,5,C2,True,"Yes, because with 9 firms, personalized recommendations will likely reduce expected search costs and improve product matching by more than the 0.041 privacy value, based on consistent positive outcomes in past rounds.",1,"### Decision:  
I'll **purchase Firm 1** (choose number 1) because:  
- The firm offers a positive profit of 0.25, and as a rational consumer, I won't leave without buying when positive profit is available.  
- With data shared and search sorted by valuation, additional searches are unlikely to yield a profit improvement greater than the 0.02 search cost, making further searching inefficient.","C2 Search #1 (Searched:1/9, SearchCost:0.00, BestProfit:0.25@F1) → Purchase F1",0.21,0.041,"[0.74, 1.0, 0.75, 0.65, 0.75, 0.13, 0.19, 0.79, 0.27]"
9,5,C3,True,"Yes, because with 9 firms, personalized recommendations will likely reduce expected search costs by more than the privacy value of 0.045, based on past experiences of minimized searches and maximized revenue.",2,"### Decision:  
I'll **purchase Firm 2** (choose number 2) because:  
- It offers a positive profit of 0.23, ensuring revenue gain as per rational behavior.  
- Searching another firm costs 0.02 with likely diminishing returns from sorted recommendations, making it unprofitable.","C3 Search #1 (Searched:1/9, SearchCost:0.00, BestProfit:0.23@F2) → Purchase F2",0.18,0.045,"[0.82, 0.06, 0.98, 0.78, 0.81, 0.18, 0.79, 0.61, 0.79]"
9,5,C4,True,"Yes, because with 9 firms, personalized recommendations will likely reduce expected search costs by more than the 0.04 privacy value, based on past experiences of minimized searches and positive revenue outcomes.",7,"### Decision:
I'll **purchase Firm 7** (choose number 7) because: 
- The firm offers a positive profit of 0.23, and as a rational consumer, I won't leave without buying when a positive profit is available.
- Searching further would incur a search cost of 0.02 with likely lower profits due to personalized recommendations sorting by decreasing valuation.","C4 Search #1 (Searched:1/9, SearchCost:0.00, BestProfit:0.23@F7) → Purchase F7",0.19,0.04,"[0.8, 0.36, 0.44, 0.42, 0.95, 0.12, 0.82, 0.98, 0.34]"
9,5,C5,True,"Yes, because with 9 firms, personalized recommendations will likely reduce expected search costs by more than the privacy value of 0.036, based on past experiences where sharing minimized searches and maximized revenue.",4,"### Decision:
I'll **purchase Firm 4** (choose number 4) because: 
- Positive profit of 0.1 is available with no additional search cost.
- With data-shared sorting by valuation, further search is unlikely to improve profit enough to justify the 0.02 cost.","C5 Search #1 (Searched:1/9, SearchCost:0.00, BestProfit:0.10@F4) → Purchase F4",0.06,0.036,"[0.83, 0.13, 0.59, 0.32, 0.9, 0.15, 0.82, 0.7, 0.75]"
9,5,C6,True,"Yes, because sharing data with 9 firms consistently reduces search costs and ensures high-value first searches, outweighing the 0.032 privacy cost based on past successful outcomes.",7,"### Decision:
I'll **purchase Firm 7** (choose number 7) because: 
- Firm 7 provides a positive profit of 0.23 with no additional search cost.
- Searching further costs 0.02 with uncertain benefits, unlikely to justify the expense based on past experiences.","C6 Search #1 (Searched:1/9, SearchCost:0.00, BestProfit:0.23@F7) → Purchase F7",0.2,0.032,"[0.21, 0.14, 0.01, 0.55, 0.22, 0.52, 0.14, 0.98, 0.3]"
9,5,C7,True,"Yes, because with 9 firms, personalized recommendations are likely to reduce expected search costs by more than the privacy value of 0.037, based on past experiences where sharing data minimized searches and maximized revenue.",0,"### Decision:  
I'll **purchase Firm 0** (choose number 0) because:  
- It offers a positive profit of 0.26.  
- Rationality requires buying when positive profit is available, avoiding unnecessary search costs of 0.02.","C7 Search #1 (Searched:1/9, SearchCost:0.00, BestProfit:0.26@F0) → Purchase F0",0.22,0.037,"[0.96, 0.09, 0.35, 0.13, 0.5, 0.06, 0.2, 0.3, 0.93]"
9,5,C8,True,"Yes, because the privacy cost of 0.027 is low and personalized recommendations with 9 firms will likely reduce search costs more than the privacy loss, based on past experiences of minimized searches and positive revenue.",8,"### Decision:
I'll **purchase Firm 8** (choose number 8) because: 
- It offers a positive profit of 0.12, and rationality requires buying when profit is positive.
- Further search costs 0.02 with low expected gain due to personalized sorting favoring the first firm.","C8 Search #1 (Searched:1/9, SearchCost:0.00, BestProfit:0.12@F8) → Purchase F8",0.09,0.027,"[0.49, 0.0, 0.11, 0.79, 0.81, 0.34, 0.91, 0.16, 0.92]"
9,5,C9,True,"Yes, because with 9 firms, personalized recommendations will likely reduce search costs and improve product matching, outweighing the 0.05 privacy cost based on past experiences and observed benefits from other consumers.",5,"### Decision:  
I'll **purchase Firm 5** (choose number 5) because:  
- It offers a positive profit of 0.13, which I can secure immediately without further risk.  
- With personalized recommendations sorting by highest valuation, the first-searched firm is likely the best, and additional searches would incur a 0.02 cost with low expected gain.","C9 Search #1 (Searched:1/9, SearchCost:0.00, BestProfit:0.13@F5) → Purchase F5",0.08,0.05,"[0.41, 0.11, 0.34, 0.62, 0.55, 0.93, 0.14, 0.3, 0.16]"
9,5,C10,True,"Yes, because with 9 firms, personalized recommendations are likely to reduce expected search costs by more than the privacy value of 0.039, based on past experiences minimizing searches and maximizing revenue.",8,"### Decision:  
I'll **purchase Firm 8** (choose number 8) because:  
- The firm offers a positive profit of 0.18, ensuring immediate revenue gain.  
- Additional searches cost 0.02 and are likely to yield lower profit due to valuation-sorted recommendations, risking a net loss.","C10 Search #1 (Searched:1/9, SearchCost:0.00, BestProfit:0.18@F8) → Purchase F8",0.14,0.039,"[0.69, 0.93, 0.59, 0.38, 0.54, 0.2, 0.91, 0.68, 0.98]"
9,5,C11,True,"Yes, because with 9 firms, personalized recommendations likely reduce search costs more than the 0.036 privacy value, based on historical data showing minimized searches and positive revenue.",7,"### Decision:
I'll **purchase Firm 7** (choose number 7) because: 
- It offers a positive profit of 0.17, ensuring an immediate gain.
- Additional searches cost 0.02 and are likely to yield lower profits due to sorted recommendations, making further search unprofitable.","C11 Search #1 (Searched:1/9, SearchCost:0.00, BestProfit:0.17@F7) → Purchase F7",0.13,0.036,"[0.75, 0.53, 0.36, 0.18, 0.13, 0.35, 0.83, 0.92, 0.4]"
9,5,C12,True,"Yes, because with 9 firms, personalized recommendations will likely reduce expected search costs by more than the 0.029 privacy value, based on past experiences where sharing minimized searches and maximized revenue, outweighing the low privacy cost.",3,"### Decision:
I'll **purchase Firm 3** because: 
- It offers a positive profit of 0.02, ensuring a net gain and adhering to rationality by not leaving without buying.
- Searching further costs 0.02 with likely diminishing returns due to decreasing valuations in personalized order, making additional gains improbable and not worth the expense.","C12 Search #1 (Searched:1/9, SearchCost:0.00, BestProfit:0.02@F3) → Purchase F3",-0.01,0.029,"[0.71, 0.07, 0.71, 0.77, 0.07, 0.44, 0.44, 0.3, 0.08]"
9,5,C13,True,"Yes, because with 9 firms, personalized recommendations will likely reduce expected search costs by more than the 0.028 privacy value, based on past experiences of minimized searches and maximized revenue.",3,"### Decision:  
I'll **purchase Firm 3** (choose number 3) because:  
- The firm offers a positive profit of 0.13, ensuring net revenue.  
- Searching another firm costs 0.02 with likely no improvement due to personalized sorting by highest value.","C13 Search #1 (Searched:1/9, SearchCost:0.00, BestProfit:0.13@F3) → Purchase F3",0.1,0.028,"[0.48, 0.6, 0.18, 0.88, 0.87, 0.7, 0.39, 0.43, 0.58]"
9,5,C14,True,"Yes, because with 9 firms, personalized recommendations will likely reduce expected search costs by more than the 0.037 privacy value, based on past experiences of minimized searches and increased revenue potential.",-1,"### Decision:
I'll **leave** (choose number -1) because: 
- The searched firm has negative profit (-0.04), so purchasing would decrease revenue.
- Searching further costs 0.02 and, with valuation-sorted recommendations, is unlikely to yield a profitable deal given the first firm's unprofitability.","C14 Search #1 (Searched:1/9, SearchCost:0.00, BestProfit:-0.04@F6) → Leave Market",-0.04,0.037,"[0.55, 0.41, 0.42, 0.41, 0.02, 0.03, 0.71, 0.41, 0.31]"
9,5,C15,True,"Yes, because with 9 firms, personalized recommendations will likely reduce expected search costs by more than the 0.03 privacy value, based on past experiences of minimized searches and maximized revenue.",4,"### Decision:  
I'll **purchase Firm 4** (choose number 4) because:  
- The firm offers a positive profit of 0.19, which I must act on rationally.  
- With personalized recommendations sorting valuations high to low, further searches are unlikely to improve profit significantly and would incur an additional cost of 0.02.","C15 Search #1 (Searched:1/9, SearchCost:0.00, BestProfit:0.19@F4) → Purchase F4",0.16,0.03,"[0.84, 0.36, 0.33, 0.07, 0.99, 0.6, 0.64, 0.81, 0.92]"
9,5,C16,True,"Yes, because with 9 firms, personalized recommendations significantly reduce expected search costs, likely exceeding the 0.05 privacy cost and maximizing revenue, as supported by past successful experiences.",5,"### Decision:
I'll **purchase Firm 5** (choose number 5) because: 
- Firm 5 offers a positive profit of 0.17, which I must act upon as a rational consumer.
- Searching further would incur a 0.02 cost with likely diminishing returns due to sorted recommendations based on highest valuation.","C16 Search #1 (Searched:1/9, SearchCost:0.00, BestProfit:0.17@F5) → Purchase F5",0.12,0.05,"[0.77, 0.44, 0.44, 0.67, 0.26, 0.97, 0.45, 0.13, 0.73]"
9,5,C17,True,"Yes, because with 9 firms, personalized recommendations significantly reduce expected search costs, likely exceeding the privacy cost of 0.051, based on past experiences of minimized searches and positive revenue.",1,"### Decision:
I'll **purchase Firm 1** (choose number 1) because: 
- It offers a positive profit of 0.13, ensuring immediate gain as per rational consumer behavior.
- Further search costs 0.02 with low expected improvement due to personalized sorting by highest valuation first.","C17 Search #1 (Searched:1/9, SearchCost:0.00, BestProfit:0.13@F1) → Purchase F1",0.08,0.051,"[0.26, 0.88, 0.09, 0.05, 0.77, 0.86, 0.66, 0.48, 0.45]"
9,5,C18,True,"Yes, because with 9 firms, personalized recommendations will likely reduce expected search costs by more than the 0.041 privacy value, based on historical outcomes where sharing minimized searches and improved decision-making efficiency.",-1,"### Decision:
I'll **leave** (choose number -1) because: 
- The searched firm has negative profit (-0.1), providing no immediate benefit.
- With data-shared sorting by decreasing valuation, additional searches are unlikely to yield positive profit, and the 0.02 cost outweighs potential gains.","C18 Search #1 (Searched:1/9, SearchCost:0.00, BestProfit:-0.10@F7) → Leave Market",-0.04,0.041,"[0.6, 0.34, 0.27, 0.61, 0.18, 0.5, 0.38, 0.65, 0.16]"
9,5,C19,True,"Yes, because with 9 firms, personalized recommendations are likely to reduce search costs by more than the 0.035 privacy cost, based on past benefits and expected savings.",2,"### Decision:  
I'll **purchase Firm 2** (choose number 2) because:  
- It offers a positive profit of 0.08 with no additional search cost.  
- Further searching costs 0.02 and is unlikely to yield higher profit due to the decreasing valuation sequence in personalized recommendations.","C19 Search #1 (Searched:1/9, SearchCost:0.00, BestProfit:0.08@F2) → Purchase F2",0.04,0.035,"[0.3, 0.44, 0.83, 0.7, 0.55, 0.69, 0.28, 0.62, 0.47]"
9,5,C20,True,"Yes, because with 9 firms, personalized recommendations will likely reduce expected search costs by more than the 0.051 privacy value, based on past experiences minimizing searches and maximizing revenue.",7,"### Decision:  
I'll **purchase Firm 7** (choose number 7) because:  
- The firm offers a positive profit of 0.17, ensuring an immediate gain.  
- With personalized recommendations sorting by valuation, additional searches are unlikely to yield a better profit and would incur a search cost of 0.02.","C20 Search #1 (Searched:1/9, SearchCost:0.00, BestProfit:0.17@F7) → Purchase F7",0.12,0.051,"[0.54, 0.21, 0.89, 0.34, 0.41, 0.77, 0.26, 0.92, 0.59]"
9,6,C1,True,"Yes, because with 9 firms, personalized recommendations will likely reduce expected search costs by more than the privacy cost of 0.04, based on past experiences where sharing minimized searches and maximized revenue.",4,"### Decision:
I'll **purchase Firm 4** (choose number 4) because: 
- It offers a positive profit of 0.13, requiring purchase as per rationality to avoid leaving without buying.
- Additional searches cost 0.02 and are unlikely to yield better profit, given personalized sorting from high to low valuation.","C1 Search #1 (Searched:1/9, SearchCost:0.00, BestProfit:0.13@F4) → Purchase F4",0.09,0.04,"[0.1, 0.59, 0.59, 0.31, 0.98, 0.63, 0.02, 0.6, 0.78]"
9,6,C2,True,"Yes, because with 9 firms, personalized recommendations will likely reduce expected search costs and improve product matching by more than the 0.041 privacy value, based on consistent positive outcomes in past rounds.",1,"### Decision:  
I'll **purchase Firm 1** (choose number 1) because:  
- The firm offers a positive profit of 0.2, and as a rational consumer, I won't leave without buying when positive profit is available.  
- With data shared and search sorted by valuation, additional searches are unlikely to yield a profit improvement greater than the 0.02 search cost, making further searching inefficient.","C2 Search #1 (Searched:1/9, SearchCost:0.00, BestProfit:0.20@F1) → Purchase F1",0.16,0.041,"[0.74, 1.0, 0.75, 0.65, 0.75, 0.13, 0.19, 0.79, 0.27]"
9,6,C3,True,"Yes, because with 9 firms, personalized recommendations will likely reduce search costs and improve valuation matching by more than the privacy value of 0.045, based on consistent benefits in past rounds.",2,"### Decision:
I'll **purchase Firm 2** (choose number 2) because: 
- It offers a positive profit of 0.18, ensuring revenue gain as per rational behavior.
- Searching another firm costs 0.02 with likely diminishing returns due to sorted recommendations, making it unprofitable.","C3 Search #1 (Searched:1/9, SearchCost:0.00, BestProfit:0.18@F2) → Purchase F2",0.13,0.045,"[0.82, 0.06, 0.98, 0.78, 0.81, 0.18, 0.79, 0.61, 0.79]"
9,6,C4,True,"Yes, because with 9 firms, personalized recommendations will likely reduce expected search costs by more than the 0.04 privacy cost, based on past experiences minimizing searches and maximizing revenue.",7,"### Decision:
I'll **purchase Firm 7** (choose number 7) because: 
- The firm offers a positive profit of 0.18, and as a rational consumer, I won't leave without buying when a positive profit is available.
- Searching further would incur a search cost of 0.02 with likely diminishing returns due to personalized recommendations sorting by decreasing valuation, making additional gains unlikely to offset the cost.","C4 Search #1 (Searched:1/9, SearchCost:0.00, BestProfit:0.18@F7) → Purchase F7",0.14,0.04,"[0.8, 0.36, 0.44, 0.42, 0.95, 0.12, 0.82, 0.98, 0.34]"
9,6,C5,True,"Yes, because with 9 firms, personalized recommendations will likely reduce expected search costs and improve product matching by more than the privacy value of 0.036, based on past successful outcomes and maximizing total revenue.",4,"### Decision:  
I'll **purchase Firm 4** (choose number 4) because:  
- Positive profit of 0.05 is available with no additional search cost.  
- With data-shared sorting by valuation, further search is unlikely to improve profit enough to justify the 0.02 cost, based on descending valuation and historical decisions.","C5 Search #1 (Searched:1/9, SearchCost:0.00, BestProfit:0.05@F4) → Purchase F4",0.01,0.036,"[0.83, 0.13, 0.59, 0.32, 0.9, 0.15, 0.82, 0.7, 0.75]"
9,6,C6,True,"Yes, because with 9 firms, personalized recommendations significantly reduce expected search costs and improve product matching, outweighing the privacy cost of 0.032, as demonstrated by consistent positive outcomes in past rounds.",7,"### Decision:
I'll **purchase Firm 7** (choose number 7) because: 
- Firm 7 provides a positive profit of 0.18 with no additional search cost.
- Due to personalized recommendations, the first firm is likely the best, making further searching at 0.02 cost unjustified.","C6 Search #1 (Searched:1/9, SearchCost:0.00, BestProfit:0.18@F7) → Purchase F7",0.15,0.032,"[0.21, 0.14, 0.01, 0.55, 0.22, 0.52, 0.14, 0.98, 0.3]"
9,6,C7,True,"Yes, because with 9 firms, personalized recommendations are likely to reduce expected search costs by more than the privacy value of 0.037, based on consistent past benefits from minimized searches and positive revenue outcomes.",0,"### Decision:  
I'll **purchase Firm 0** (choose number 0) because:  
- It offers a positive profit of 0.21.  
- Rationality requires buying when positive profit is available, avoiding unnecessary search costs of 0.02.","C7 Search #1 (Searched:1/9, SearchCost:0.00, BestProfit:0.21@F0) → Purchase F0",0.17,0.037,"[0.96, 0.09, 0.35, 0.13, 0.5, 0.06, 0.2, 0.3, 0.93]"
9,6,C8,True,"Yes, because the privacy cost of 0.027 is low and sharing data with 9 firms is likely to significantly reduce search costs through personalized recommendations, outweighing the privacy loss and maximizing revenue based on past experiences.",8,"### Decision:
I'll **purchase Firm 8** (choose number 8) because: 
- It offers a positive profit of 0.17, and rationality requires buying when profit is positive.
- Further search costs 0.02 with low expected gain due to personalized sorting favoring the first firm.","C8 Search #1 (Searched:1/9, SearchCost:0.00, BestProfit:0.17@F8) → Purchase F8",0.14,0.027,"[0.49, 0.0, 0.11, 0.79, 0.81, 0.34, 0.91, 0.16, 0.92]"
9,6,C9,True,"Yes, because with 9 firms, personalized recommendations will likely reduce search costs by more than the 0.05 privacy value, based on past experiences of minimized searches and positive revenue.",5,"### Decision:
I'll **purchase Firm 5** (choose number 5) because: 
- It offers a positive profit of 0.08, ensuring immediate gain.
- With personalized recommendations sorting by highest valuation, additional searches are unlikely to yield better profits and would incur a unnecessary cost of 0.02.","C9 Search #1 (Searched:1/9, SearchCost:0.00, BestProfit:0.08@F5) → Purchase F5",0.03,0.05,"[0.41, 0.11, 0.34, 0.62, 0.55, 0.93, 0.14, 0.3, 0.16]"
9,6,C10,True,"Yes, because with 9 firms, personalized recommendations will likely reduce expected search costs by more than the privacy value of 0.039, based on past experiences minimizing searches and maximizing revenue.",8,"### Decision:  
I'll **purchase Firm 8** (choose number 8) because:  
- The firm provides a positive profit of 0.23, ensuring immediate revenue gain.  
- Additional searches cost 0.02 and are likely to yield lower profit due to valuation-sorted recommendations, risking a net loss.","C10 Search #1 (Searched:1/9, SearchCost:0.00, BestProfit:0.23@F8) → Purchase F8",0.19,0.039,"[0.69, 0.93, 0.59, 0.38, 0.54, 0.2, 0.91, 0.68, 0.98]"
9,6,C11,True,"Yes, because with 9 firms, personalized recommendations will likely reduce search costs by more than the 0.036 privacy value, based on historical data showing minimal searches and positive revenue gains from sharing.",7,"### Decision:
I'll **purchase Firm 7** (choose number 7) because: 
- It offers a positive profit of 0.12, ensuring an immediate gain.
- Additional searches cost 0.02 and are likely to yield lower valuations and profits due to sorted recommendations, making further search unprofitable.","C11 Search #1 (Searched:1/9, SearchCost:0.00, BestProfit:0.12@F7) → Purchase F7",0.08,0.036,"[0.75, 0.53, 0.36, 0.18, 0.13, 0.35, 0.83, 0.92, 0.4]"
9,6,C12,True,"Yes, because with 9 firms, personalized recommendations will likely reduce expected search costs by more than the 0.029 privacy value, based on past rounds where sharing minimized searches and maximized revenue.",-1,"### Decision:
I'll **leave** (choose number -1) because: 
- Both searched firms have negative profits, offering no gain.
- Additional search costs 0.02 with likely low or negative expected profit due to decreasing valuations, making further costs unwise.","C12 Search #1 (Searched:1/9, SearchCost:0.00, BestProfit:-0.03@F3) → Search Next; C12 Search #2 (Searched:2/9, SearchCost:0.02, BestProfit:-0.03@F3) → Leave Market",-0.05,0.029,"[0.71, 0.07, 0.71, 0.77, 0.07, 0.44, 0.44, 0.3, 0.08]"
9,6,C13,True,"Yes, because with 9 firms, personalized recommendations are likely to reduce expected search costs by more than the privacy cost of 0.028, based on past experiences of minimized searches and positive revenue.",3,"### Decision:  
I'll **purchase Firm 3** (choose number 3) because:  
- The firm offers a positive profit of 0.08, ensuring net revenue.  
- Searching another firm costs 0.02 with uncertain benefits, and personalized recommendations sorted by valuation indicate limited potential improvement.","C13 Search #1 (Searched:1/9, SearchCost:0.00, BestProfit:0.08@F3) → Purchase F3",0.05,0.028,"[0.48, 0.6, 0.18, 0.88, 0.87, 0.7, 0.39, 0.43, 0.58]"
9,6,C14,True,"Yes, because with 9 firms, personalized recommendations will likely reduce expected search costs by more than the privacy value of 0.037, based on past experiences where sharing minimized searches and maximized revenue potential despite occasional low-profit outcomes.",-1,"### Decision:
I'll **leave** (choose number -1) because: 
- The searched firm has negative profit (-0.09), so purchasing would reduce revenue.
- Searching further costs 0.02 and, with valuation-sorted recommendations, is unlikely to yield a profitable deal since the first firm (highest valuation) is already unprofitable.","C14 Search #1 (Searched:1/9, SearchCost:0.00, BestProfit:-0.09@F6) → Leave Market",-0.04,0.037,"[0.55, 0.41, 0.42, 0.41, 0.02, 0.03, 0.71, 0.41, 0.31]"
9,6,C15,True,"Yes, because with 9 firms, personalized recommendations will likely reduce expected search costs by more than the 0.03 privacy value, based on past experiences of minimized searches and maximized revenue.",4,"### Decision:  
I'll **purchase Firm 4** (choose number 4) because:  
- The firm offers a positive profit of 0.14, which I must act on rationally.  
- With personalized recommendations sorting valuations high to low, further searches are unlikely to improve profit significantly and would incur an additional cost of 0.02.","C15 Search #1 (Searched:1/9, SearchCost:0.00, BestProfit:0.14@F4) → Purchase F4",0.11,0.03,"[0.84, 0.36, 0.33, 0.07, 0.99, 0.6, 0.64, 0.81, 0.92]"
9,6,C16,True,"Yes, because with 9 firms, personalized recommendations will likely reduce search costs by more than the 0.05 privacy value, based on past experiences of minimized searches and positive revenues.",5,"### Decision:
I'll **purchase Firm 5** (choose number 5) because: 
- Firm 5 offers a positive profit of 0.12, which I must act upon as a rational consumer.
- Searching further would incur a 0.02 cost with likely diminishing returns due to sorted recommendations by valuation.","C16 Search #1 (Searched:1/9, SearchCost:0.00, BestProfit:0.12@F5) → Purchase F5",0.07,0.05,"[0.77, 0.44, 0.44, 0.67, 0.26, 0.97, 0.45, 0.13, 0.73]"
9,6,C17,True,"Yes, because with 9 firms, personalized recommendations significantly reduce expected search costs, likely exceeding the privacy value of 0.051, based on past consistent benefits and minimal searches.",1,"### Decision:
I'll **purchase Firm 1** (choose number 1) because: 
- It offers a positive profit of 0.08, ensuring immediate gain as required by rational consumer behavior.
- Further search costs 0.02 with low expected improvement due to personalized sorting by highest valuation first.","C17 Search #1 (Searched:1/9, SearchCost:0.00, BestProfit:0.08@F1) → Purchase F1",0.03,0.051,"[0.26, 0.88, 0.09, 0.05, 0.77, 0.86, 0.66, 0.48, 0.45]"
9,6,C18,True,"Yes, because with 9 firms, personalized recommendations will likely reduce expected search costs significantly more than the privacy value of 0.041, improving efficiency in finding high-value deals based on historical outcomes.",-1,"### Decision:
I'll **leave** (choose number -1) because: 
- The first firm with the highest valuation yields negative profit (-0.15), making additional searches unlikely to improve outcomes.
- The search cost of 0.02 outweighs potential gains, given decreasing valuations and historical patterns.","C18 Search #1 (Searched:1/9, SearchCost:0.00, BestProfit:-0.15@F7) → Leave Market",-0.04,0.041,"[0.6, 0.34, 0.27, 0.61, 0.18, 0.5, 0.38, 0.65, 0.16]"
9,6,C19,True,"Yes, because with 9 firms, personalized recommendations are likely to reduce search costs by more than the privacy value of 0.035, based on past benefits and expected savings in minimizing searches.",2,"### Decision:
I'll **purchase Firm 2** (choose number 2) because: 
- It offers a positive profit of 0.03 with no additional search cost.
- Further searching costs 0.02 and is unlikely to yield higher profit due to the decreasing valuation sequence in personalized recommendations.","C19 Search #1 (Searched:1/9, SearchCost:0.00, BestProfit:0.03@F2) → Purchase F2",-0.01,0.035,"[0.3, 0.44, 0.83, 0.7, 0.55, 0.69, 0.28, 0.62, 0.47]"
9,6,C20,True,"Yes, because with 9 firms, personalized recommendations will likely reduce search costs and improve product matching by more than the privacy cost of 0.051, based on past experiences where sharing minimized searches and maximized revenue.",7,"### Decision:  
I'll **purchase Firm 7** (choose number 7) because:  
- The firm offers a positive profit of 0.12, ensuring an immediate gain.  
- With personalized recommendations sorting by valuation, additional searches are unlikely to yield a better profit and would incur a search cost of 0.02.","C20 Search #1 (Searched:1/9, SearchCost:0.00, BestProfit:0.12@F7) → Purchase F7",0.07,0.051,"[0.54, 0.21, 0.89, 0.34, 0.41, 0.77, 0.26, 0.92, 0.59]"
9,7,C1,True,"Yes, because with 9 firms, personalized recommendations will likely reduce expected search costs by more than the 0.04 privacy value, based on past experiences minimizing searches and maximizing revenue.",4,"### Decision:
I'll **purchase Firm 4** (choose number 4) because: 
- It offers a positive profit of 0.13, requiring purchase as per rationality to avoid leaving without buying.
- Additional searches cost 0.02 and are unlikely to yield better profit, given personalized sorting by high valuation and diminishing returns.","C1 Search #1 (Searched:1/9, SearchCost:0.00, BestProfit:0.13@F4) → Purchase F4",0.09,0.04,"[0.1, 0.59, 0.59, 0.31, 0.98, 0.63, 0.02, 0.6, 0.78]"
9,7,C2,True,"Yes, because with 9 firms, sharing data provides sorted recommendations that minimize expected search costs, likely saving more than the 0.041 privacy value, based on past experiences of reduced searches and positive revenue outcomes.",1,"### Decision:  
I'll **purchase Firm 1** (choose number 1) because:  
- The firm offers a positive profit of 0.15, and as a rational consumer, I won't leave without buying when positive profit is available.  
- With data shared and search sorted by valuation, additional searches are unlikely to yield a profit improvement greater than the 0.02 search cost, making further searching inefficient.","C2 Search #1 (Searched:1/9, SearchCost:0.00, BestProfit:0.15@F1) → Purchase F1",0.11,0.041,"[0.74, 1.0, 0.75, 0.65, 0.75, 0.13, 0.19, 0.79, 0.27]"
9,7,C3,True,"Yes, because with 9 firms, personalized recommendations will likely reduce expected search costs by more than the privacy value of 0.045, based on past experiences of minimized searches and positive revenue outcomes.",2,"### Decision:  
I'll **purchase Firm 2** (choose number 2) because:  
- It offers a positive profit of 0.13, ensuring revenue gain as per rational behavior.  
- Searching another firm costs 0.02 with likely diminishing returns from sorted recommendations, making it unprofitable.","C3 Search #1 (Searched:1/9, SearchCost:0.00, BestProfit:0.13@F2) → Purchase F2",0.08,0.045,"[0.82, 0.06, 0.98, 0.78, 0.81, 0.18, 0.79, 0.61, 0.79]"
9,7,C4,True,"Yes, because with 9 firms, personalized recommendations will likely reduce search costs by more than the 0.04 privacy value, based on past rounds minimizing searches and maximizing revenue.",7,"### Decision:
I'll **purchase Firm 7** (choose number 7) because: 
- The firm offers a positive profit of 0.13, and as a rational consumer, I won't leave without buying when a positive profit is available.
- Searching further would incur a search cost of 0.02 with likely diminishing returns, as personalized recommendations sort by decreasing valuation, reducing the chance of finding a better deal.","C4 Search #1 (Searched:1/9, SearchCost:0.00, BestProfit:0.13@F7) → Purchase F7",0.09,0.04,"[0.8, 0.36, 0.44, 0.42, 0.95, 0.12, 0.82, 0.98, 0.34]"
9,7,C5,True,"Yes, because with 9 firms, personalized recommendations will likely reduce expected search costs by more than the privacy value of 0.036, based on past experiences minimizing searches and maximizing revenue.",4,"### Decision:  
I'll **purchase Firm 4** (choose number 4) because:  
- Positive profit of 0.05 is available with no additional search cost.  
- With data-shared sorting by valuation, further search is unlikely to improve profit enough to justify the 0.02 cost.","C5 Search #1 (Searched:1/9, SearchCost:0.00, BestProfit:0.05@F4) → Purchase F4",0.01,0.036,"[0.83, 0.13, 0.59, 0.32, 0.9, 0.15, 0.82, 0.7, 0.75]"
9,7,C6,True,"Yes, because with 9 firms, personalized recommendations significantly reduce expected search costs and improve product matching, outweighing the privacy cost of 0.032 based on consistent positive outcomes in past rounds.",7,"### Decision:
I'll **purchase Firm 7** (choose number 7) because: 
- Firm 7 offers a positive profit of 0.13 with no additional search cost.
- Further searching costs 0.02 and is unlikely to yield a better option due to personalized recommendations sorting firms from highest to lowest value.","C6 Search #1 (Searched:1/9, SearchCost:0.00, BestProfit:0.13@F7) → Purchase F7",0.1,0.032,"[0.21, 0.14, 0.01, 0.55, 0.22, 0.52, 0.14, 0.98, 0.3]"
9,7,C7,True,"Yes, because with 9 firms, personalized recommendations will likely reduce expected search costs and improve product matching by more than the privacy value of 0.037, based on past experiences minimizing searches and maximizing revenue.",0,"### Decision:
I'll **purchase Firm 0** (choose number 0) because: 
- It offers a positive profit of 0.16.
- Rationality requires buying when positive profit is available, avoiding unnecessary search costs of 0.02.","C7 Search #1 (Searched:1/9, SearchCost:0.00, BestProfit:0.16@F0) → Purchase F0",0.12,0.037,"[0.96, 0.09, 0.35, 0.13, 0.5, 0.06, 0.2, 0.3, 0.93]"
9,7,C8,True,"Yes, because the privacy cost of 0.027 is low and sharing data with 9 firms will likely reduce search costs through personalized recommendations, outweighing the privacy loss and maximizing total revenue based on past experiences.",8,"### Decision:  
I'll **purchase Firm 8** (choose number 8) because:  
- It offers a positive profit of 0.12, and rationality requires buying when profit is positive.  
- Further search costs 0.02 with low expected gain due to personalized sorting favoring the first firm.","C8 Search #1 (Searched:1/9, SearchCost:0.00, BestProfit:0.12@F8) → Purchase F8",0.09,0.027,"[0.49, 0.0, 0.11, 0.79, 0.81, 0.34, 0.91, 0.16, 0.92]"
9,7,C9,True,"Yes, because with 9 firms, personalized recommendations will likely reduce search costs by more than the 0.05 privacy value, based on past experiences minimizing searches and ensuring positive revenue.",5,"### Decision:  
I'll **purchase Firm 5** (choose number 5) because:  
- It offers a positive profit of 0.08, ensuring immediate gain.  
- With personalized recommendations sorting by highest valuation, additional searches are unlikely to yield better profits and would incur a cost of 0.02.","C9 Search #1 (Searched:1/9, SearchCost:0.00, BestProfit:0.08@F5) → Purchase F5",0.03,0.05,"[0.41, 0.11, 0.34, 0.62, 0.55, 0.93, 0.14, 0.3, 0.16]"
9,7,C10,True,"Yes, because with 9 firms, personalized recommendations will likely reduce expected search costs by more than the privacy value of 0.039, based on past benefits and maximizing revenue.",8,"### Decision:  
I'll **purchase Firm 8** (choose number 8) because:  
- The firm offers a positive profit of 0.18, ensuring immediate revenue gain.  
- Additional searches cost 0.02 and are likely to yield lower profit due to valuation-sorted recommendations, risking a net loss.","C10 Search #1 (Searched:1/9, SearchCost:0.00, BestProfit:0.18@F8) → Purchase F8",0.14,0.039,"[0.69, 0.93, 0.59, 0.38, 0.54, 0.2, 0.91, 0.68, 0.98]"
9,7,C11,True,"Yes, because with 9 firms, personalized recommendations will likely reduce search costs more than the 0.036 privacy value, based on historical benefits and minimized searches.",7,"### Decision:
I'll **purchase Firm 7** (choose number 7) because: 
- It offers a positive profit of 0.07, ensuring an immediate gain.
- Additional searches cost 0.02 and are likely to yield lower profits due to sorted recommendations, making further search unprofitable.","C11 Search #1 (Searched:1/9, SearchCost:0.00, BestProfit:0.07@F7) → Purchase F7",0.03,0.036,"[0.75, 0.53, 0.36, 0.18, 0.13, 0.35, 0.83, 0.92, 0.4]"
9,7,C12,True,"Yes, because with 9 firms, personalized recommendations will likely reduce expected search costs by more than the 0.029 privacy value, based on past rounds where sharing minimized searches and improved revenue outcomes.",-1,"### Decision:
I'll **leave** (choose number -1) because: 
- The only searched firm has a negative profit of -0.08, offering no gain.
- Additional search costs 0.02 with low expected profit from past data, making it unlikely to improve revenue.","C12 Search #1 (Searched:1/9, SearchCost:0.00, BestProfit:-0.08@F3) → Leave Market",-0.03,0.029,"[0.71, 0.07, 0.71, 0.77, 0.07, 0.44, 0.44, 0.3, 0.08]"
9,7,C13,True,"Yes, because with 9 firms, personalized recommendations will likely reduce expected search costs by more than the privacy value of 0.028, based on past experiences minimizing searches and maximizing revenue.",3,"### Decision:  
I'll **purchase Firm 3** (choose number 3) because:  
- The firm offers a positive profit of 0.03, ensuring net revenue.  
- Searching another firm costs 0.02 with uncertain benefits, and personalized recommendations sorted by highest valuation suggest limited potential improvement.","C13 Search #1 (Searched:1/9, SearchCost:0.00, BestProfit:0.03@F3) → Purchase F3",0.0,0.028,"[0.48, 0.6, 0.18, 0.88, 0.87, 0.7, 0.39, 0.43, 0.58]"
9,7,C14,True,"Yes, because with 9 firms, personalized recommendations will likely reduce expected search costs (e.g., from a potential high without sorting to near zero with sorting) by more than the privacy value of 0.037, based on past experiences of minimized searches and consistent revenue maximization potential.",-1,"### Decision:
I'll **leave** (choose number -1) because: 
- The searched firm has negative profit (-0.14), so purchasing would reduce revenue.
- Searching further costs 0.02 and, with valuation-sorted recommendations, is unlikely to yield a profitable deal since the first firm (highest valuation) is already unprofitable.","C14 Search #1 (Searched:1/9, SearchCost:0.00, BestProfit:-0.14@F6) → Leave Market",-0.04,0.037,"[0.55, 0.41, 0.42, 0.41, 0.02, 0.03, 0.71, 0.41, 0.31]"
9,7,C15,True,"Yes, because with 9 firms, personalized recommendations will likely reduce expected search costs by more than the 0.03 privacy value, based on past experiences of minimized searches and positive revenue outcomes.",4,"### Decision:  
I'll **purchase Firm 4** (choose number 4) because:  
- The firm offers a positive profit of 0.14, which I must act on rationally as per my decision rule.  
- With personalized recommendations sorting valuations high to low, further searches are unlikely to yield a significantly better profit and would add a search cost of 0.02.","C15 Search #1 (Searched:1/9, SearchCost:0.00, BestProfit:0.14@F4) → Purchase F4",0.11,0.03,"[0.84, 0.36, 0.33, 0.07, 0.99, 0.6, 0.64, 0.81, 0.92]"
9,7,C16,True,"Yes, because with 9 firms, personalized recommendations significantly reduce expected search costs and improve product matching, likely exceeding the privacy cost of 0.05, based on past experiences of minimized searches and positive revenues.",5,"### Decision:
I'll **purchase Firm 5** (choose number 5) because: 
- Firm 5 offers a positive profit of 0.12, which I must act upon as a rational consumer.
- Searching further would incur a 0.02 cost with likely diminishing returns due to sorted recommendations by highest valuation.","C16 Search #1 (Searched:1/9, SearchCost:0.00, BestProfit:0.12@F5) → Purchase F5",0.07,0.05,"[0.77, 0.44, 0.44, 0.67, 0.26, 0.97, 0.45, 0.13, 0.73]"
9,7,C17,True,"Yes, because with 9 firms, personalized recommendations significantly reduce expected search costs, likely exceeding the privacy value of 0.051, based on past experiences of minimized searches and positive revenue outcomes.",1,"### Decision:
I'll **purchase Firm 1** (choose number 1) because: 
- It offers a positive profit of 0.03, ensuring immediate gain as per rational consumer behavior.
- Further search costs 0.02 with low expected improvement due to personalized sorting by decreasing valuation.","C17 Search #1 (Searched:1/9, SearchCost:0.00, BestProfit:0.03@F1) → Purchase F1",-0.02,0.051,"[0.26, 0.88, 0.09, 0.05, 0.77, 0.86, 0.66, 0.48, 0.45]"
9,7,C18,True,"Yes, because with 9 firms, personalized recommendations will likely reduce expected search costs by more than the 0.041 privacy value, improving efficiency in finding high-value deals based on historical outcomes.",-1,"### Decision:
I'll **leave** (choose number -1) because: 
- The searched firm has negative profit (-0.20), offering no gain.
- Personalized recommendations sort by decreasing valuation, making additional searches unlikely to yield positive profit and incurring unnecessary cost of 0.02.","C18 Search #1 (Searched:1/9, SearchCost:0.00, BestProfit:-0.20@F7) → Leave Market",-0.04,0.041,"[0.6, 0.34, 0.27, 0.61, 0.18, 0.5, 0.38, 0.65, 0.16]"
9,7,C19,True,"Yes, because with 9 firms, personalized recommendations are likely to reduce expected search costs by more than the privacy value of 0.035, based on past benefits and expected savings in minimizing searches.",-1,"### Decision:  
I'll **leave** (choose number -1) because:  
- The searched firm has negative profit of -0.02.  
- Further searching costs 0.02 with low expected gain due to decreasing valuations in personalized recommendations.","C19 Search #1 (Searched:1/9, SearchCost:0.00, BestProfit:-0.02@F2) → Leave Market",-0.04,0.035,"[0.3, 0.44, 0.83, 0.7, 0.55, 0.69, 0.28, 0.62, 0.47]"
9,7,C20,True,"Yes, because with 9 firms, personalized recommendations will likely reduce search costs and improve product matching by more than the privacy value of 0.051, based on past experiences minimizing searches and maximizing revenue.",7,"### Decision:
I'll **purchase Firm 7** (choose number 7) because: 
- The firm offers a positive profit of 0.07, ensuring an immediate gain.
- With personalized recommendations sorting by valuation, additional searches are unlikely to yield a better profit and would incur a search cost of 0.02.","C20 Search #1 (Searched:1/9, SearchCost:0.00, BestProfit:0.07@F7) → Purchase F7",0.02,0.051,"[0.54, 0.21, 0.89, 0.34, 0.41, 0.77, 0.26, 0.92, 0.59]"
9,8,C1,True,"Yes, because with 9 firms, personalized recommendations will likely reduce expected search costs by more than the privacy value of 0.04, based on past experiences minimizing searches and maximizing revenue.",4,"### Decision:
I'll **purchase Firm 4** (choose number 4) because: 
- It offers a positive profit of 0.13, requiring purchase as per rationality to avoid leaving without buying.
- Additional searches cost 0.02 and are unlikely to yield better profit, given personalized sorting from high to low valuation.","C1 Search #1 (Searched:1/9, SearchCost:0.00, BestProfit:0.13@F4) → Purchase F4",0.09,0.04,"[0.1, 0.59, 0.59, 0.31, 0.98, 0.63, 0.02, 0.6, 0.78]"
9,8,C2,True,"Yes, because with 9 firms, personalized recommendations will likely reduce expected search costs by more than the 0.041 privacy value, based on past experiences of minimized searches and positive revenue outcomes.",1,"### Decision:  
I'll **purchase Firm 1** (choose number 1) because:  
- The firm offers a positive profit of 0.15, and as a rational consumer, I won't leave without buying when positive profit is available.  
- With data shared and search sorted by valuation, additional searches are unlikely to yield a profit improvement greater than the 0.02 search cost, making further searching inefficient.","C2 Search #1 (Searched:1/9, SearchCost:0.00, BestProfit:0.15@F1) → Purchase F1",0.11,0.041,"[0.74, 1.0, 0.75, 0.65, 0.75, 0.13, 0.19, 0.79, 0.27]"
9,8,C3,True,"Yes, because with 9 firms, personalized recommendations will likely reduce expected search costs by more than the privacy value of 0.045, based on past experiences of minimized searches and positive revenue outcomes.",2,"### Decision:  
I'll **purchase Firm 2** (choose number 2) because:  
- It offers a positive profit of 0.18, ensuring revenue gain as per rational behavior.  
- Searching another firm costs 0.02 with likely diminishing returns from sorted recommendations, making it unprofitable.","C3 Search #1 (Searched:1/9, SearchCost:0.00, BestProfit:0.18@F2) → Purchase F2",0.13,0.045,"[0.82, 0.06, 0.98, 0.78, 0.81, 0.18, 0.79, 0.61, 0.79]"
9,8,C4,True,"Yes, because with 9 firms, personalized recommendations will likely reduce expected search costs by more than the privacy value of 0.04, based on past experiences minimizing searches and maximizing revenue.",7,"### Decision:
I'll **purchase Firm 7** (choose number 7) because: 
- The firm offers a positive profit of 0.13, and as a rational consumer, I won't leave without buying when a positive profit is available.
- Searching further would incur a search cost of 0.02 with likely diminishing returns, as personalized recommendations sort by decreasing valuation, reducing the chance of finding a better deal.","C4 Search #1 (Searched:1/9, SearchCost:0.00, BestProfit:0.13@F7) → Purchase F7",0.09,0.04,"[0.8, 0.36, 0.44, 0.42, 0.95, 0.12, 0.82, 0.98, 0.34]"
9,8,C5,True,"Yes, because with 9 firms, personalized recommendations will likely reduce expected search costs by more than the privacy value of 0.036, based on past benefits of minimized searches and positive revenue outcomes.",4,"### Decision:  
I'll **purchase Firm 4** (choose number 4) because:  
- Positive profit of 0.05 is available with no additional search cost.  
- With data-shared sorting by valuation, further search is unlikely to improve profit enough to justify the 0.02 cost, given diminishing returns.","C5 Search #1 (Searched:1/9, SearchCost:0.00, BestProfit:0.05@F4) → Purchase F4",0.01,0.036,"[0.83, 0.13, 0.59, 0.32, 0.9, 0.15, 0.82, 0.7, 0.75]"
9,8,C6,True,"Yes, because with 9 firms, personalized recommendations reduce expected search costs and improve product matching, likely outweighing the 0.032 privacy cost based on past positive outcomes and minimizing overall expenses.",7,"### Decision:  
I'll **purchase Firm 7** (choose number 7) because:  
- Firm 7 provides a positive profit of 0.13 with no additional search cost.  
- Searching further costs 0.02 and is unlikely to yield a better deal due to personalized recommendations sorting firms from highest to lowest value.","C6 Search #1 (Searched:1/9, SearchCost:0.00, BestProfit:0.13@F7) → Purchase F7",0.1,0.032,"[0.21, 0.14, 0.01, 0.55, 0.22, 0.52, 0.14, 0.98, 0.3]"
9,8,C7,True,"Yes, because with 9 firms, personalized recommendations will likely reduce expected search costs and improve product matching by more than the privacy value of 0.037, based on consistent past benefits from minimized searches and positive revenue outcomes.",0,"### Decision:  
I'll **purchase Firm 0** (choose number 0) because:  
- It offers a positive profit of 0.11.  
- Rationality requires buying when positive profit is available, avoiding unnecessary search costs of 0.02.","C7 Search #1 (Searched:1/9, SearchCost:0.00, BestProfit:0.11@F0) → Purchase F0",0.07,0.037,"[0.96, 0.09, 0.35, 0.13, 0.5, 0.06, 0.2, 0.3, 0.93]"
9,8,C8,True,"Yes, because the privacy cost of 0.027 is low and sharing data with 9 firms will likely reduce search costs significantly through personalized recommendations, outweighing the privacy loss and maximizing total revenue based on past experiences.",8,"### Decision:  
I'll **purchase Firm 8** (choose number 8) because:  
- It offers a positive profit of 0.07, requiring purchase per rationality.  
- Further search costs 0.02 with low expected gain due to personalized sorting favoring the first firm.","C8 Search #1 (Searched:1/9, SearchCost:0.00, BestProfit:0.07@F8) → Purchase F8",0.04,0.027,"[0.49, 0.0, 0.11, 0.79, 0.81, 0.34, 0.91, 0.16, 0.92]"
9,8,C9,True,"Yes, because with 9 firms, personalized recommendations will likely reduce search costs by more than the 0.05 privacy value, based on past experiences where sharing minimized searches and ensured positive revenue.",5,"### Decision:  
I'll **purchase Firm 5** (choose number 5) because:  
- It offers a positive profit of 0.08, ensuring immediate gain with no additional costs.  
- With personalized recommendations sorting by highest valuation, further searches are unlikely to improve profit and would incur a 0.02 cost, making it inefficient.","C9 Search #1 (Searched:1/9, SearchCost:0.00, BestProfit:0.08@F5) → Purchase F5",0.03,0.05,"[0.41, 0.11, 0.34, 0.62, 0.55, 0.93, 0.14, 0.3, 0.16]"
9,8,C10,True,"Yes, because with 9 firms, personalized recommendations will likely reduce search costs to nearly zero, saving more than the privacy value of 0.039 and maximizing expected revenue based on past experiences.",8,"### Decision:  
I'll **purchase Firm 8** (choose number 8) because:  
- The firm offers a positive profit of 0.13, ensuring immediate revenue gain.  
- Additional searches cost 0.02 and are likely to yield lower profit due to valuation-sorted recommendations, risking a net loss.","C10 Search #1 (Searched:1/9, SearchCost:0.00, BestProfit:0.13@F8) → Purchase F8",0.09,0.039,"[0.69, 0.93, 0.59, 0.38, 0.54, 0.2, 0.91, 0.68, 0.98]"
9,8,C11,True,"Yes, because with 9 firms, personalized recommendations will likely reduce search costs and improve matching by more than the privacy value of 0.036, based on historical benefits and maximizing revenue.",7,"### Decision:
I'll **purchase Firm 7** (choose number 7) because: 
- It offers a positive profit of 0.07, ensuring an immediate gain.
- Additional searches cost 0.02 and are likely to yield lower profits due to sorted recommendations, making further search unprofitable.","C11 Search #1 (Searched:1/9, SearchCost:0.00, BestProfit:0.07@F7) → Purchase F7",0.03,0.036,"[0.75, 0.53, 0.36, 0.18, 0.13, 0.35, 0.83, 0.92, 0.4]"
9,8,C12,True,"Yes, because with 9 firms, personalized recommendations will likely reduce expected search costs by more than the 0.029 privacy value, based on past experiences where sharing minimized searches and maximized revenue.",-1,"### Decision:
I'll **leave** (choose number -1) because: 
- The searched firm has a negative profit of -0.08, offering no gain.
- Additional search costs 0.02 with likely low or negative expected profit due to decreasing valuations in personalized order, making it unwise.","C12 Search #1 (Searched:1/9, SearchCost:0.00, BestProfit:-0.08@F3) → Leave Market",-0.03,0.029,"[0.71, 0.07, 0.71, 0.77, 0.07, 0.44, 0.44, 0.3, 0.08]"
9,8,C13,True,"Yes, because with 9 firms, personalized recommendations will likely reduce expected search costs by more than the privacy value of 0.028, based on past experiences of minimized searches and positive revenue outcomes.",3,"### Decision:  
I'll **purchase Firm 3** (choose number 3) because:  
- The firm offers a positive profit of 0.03, ensuring net revenue after costs.  
- Searching another firm costs 0.02 with low expected improvement due to personalized sorting by highest value.","C13 Search #1 (Searched:1/9, SearchCost:0.00, BestProfit:0.03@F3) → Purchase F3",0.0,0.028,"[0.48, 0.6, 0.18, 0.88, 0.87, 0.7, 0.39, 0.43, 0.58]"
9,8,C14,True,"Yes, because with 9 firms, personalized recommendations will likely reduce expected search costs by more than the privacy value of 0.037, based on past experiences of minimized searches and increased revenue potential.",-1,"### Decision:  
I'll **leave** (choose number -1) because:  
- The searched firm has negative profit (-0.14), so purchasing would reduce revenue.  
- Searching further costs 0.02 and, with valuation-sorted recommendations, is unlikely to yield a profitable deal since the first firm (highest valuation) is already unprofitable.","C14 Search #1 (Searched:1/9, SearchCost:0.00, BestProfit:-0.14@F6) → Leave Market",-0.04,0.037,"[0.55, 0.41, 0.42, 0.41, 0.02, 0.03, 0.71, 0.41, 0.31]"
9,8,C15,True,"Yes, because with 9 firms, personalized recommendations will likely reduce expected search costs by more than the 0.03 privacy value, based on past experiences of minimized searches and positive revenue outcomes.",4,"### Decision:  
I'll **purchase Firm 4** (choose number 4) because:  
- The firm offers a positive profit of 0.14, which I must act on rationally as per my decision rule.  
- With personalized recommendations sorting valuations high to low, further searches are unlikely to yield significantly better profit and would incur an additional cost of 0.02.","C15 Search #1 (Searched:1/9, SearchCost:0.00, BestProfit:0.14@F4) → Purchase F4",0.11,0.03,"[0.84, 0.36, 0.33, 0.07, 0.99, 0.6, 0.64, 0.81, 0.92]"
9,8,C16,True,"Yes, because with 9 firms, personalized recommendations will likely reduce expected search costs by more than the privacy value of 0.05, based on past experiences of minimized searches and positive revenues, outweighing the privacy trade-off.",5,"### Decision:
I'll **purchase Firm 5** (choose number 5) because: 
- Firm 5 offers a positive profit of 0.12, which I must act upon as a rational consumer.
- Searching further would incur a 0.02 cost with likely diminishing returns due to sorted recommendations by highest valuation.","C16 Search #1 (Searched:1/9, SearchCost:0.00, BestProfit:0.12@F5) → Purchase F5",0.07,0.05,"[0.77, 0.44, 0.44, 0.67, 0.26, 0.97, 0.45, 0.13, 0.73]"
9,8,C17,True,"Yes, because with 9 firms, personalized recommendations significantly reduce expected search costs by minimizing searches, likely exceeding the privacy cost of 0.051, based on past experiences of one-search purchases and positive revenue outcomes.",1,"### Decision:
I'll **purchase Firm 1** (choose number 1) because: 
- It offers a positive profit of 0.03, ensuring immediate gain as per rational consumer behavior.
- Further search costs 0.02 with low expected improvement due to personalized sorting by highest valuation first.","C17 Search #1 (Searched:1/9, SearchCost:0.00, BestProfit:0.03@F1) → Purchase F1",-0.02,0.051,"[0.26, 0.88, 0.09, 0.05, 0.77, 0.86, 0.66, 0.48, 0.45]"
9,8,C18,True,"Yes, because with 9 firms, personalized recommendations will likely reduce expected search costs by more than the privacy value of 0.041, improving efficiency in finding high-value deals based on historical outcomes.",-1,"### Decision:
I'll **leave** (choose number -1) because: 
- The first firm, with the highest valuation, offers negative profit (-0.20), suggesting no viable deals.
- Personalized sorting by decreasing valuation makes additional searches unlikely to yield positive profit, and the 0.02 search cost outweighs potential gains.","C18 Search #1 (Searched:1/9, SearchCost:0.00, BestProfit:-0.20@F7) → Leave Market",-0.04,0.041,"[0.6, 0.34, 0.27, 0.61, 0.18, 0.5, 0.38, 0.65, 0.16]"
9,8,C19,True,"Yes, because with 9 firms, personalized recommendations are likely to reduce expected search costs by more than the privacy value of 0.035, based on past benefits and maximizing revenue.",2,"### Decision:  
I'll **purchase Firm 2** (choose number 2) because:  
- It offers a positive profit of 0.03 with no additional search cost.  
- Further searching costs 0.02 and is unlikely to yield higher profit due to the decreasing valuation sequence in personalized recommendations.","C19 Search #1 (Searched:1/9, SearchCost:0.00, BestProfit:0.03@F2) → Purchase F2",-0.01,0.035,"[0.3, 0.44, 0.83, 0.7, 0.55, 0.69, 0.28, 0.62, 0.47]"
9,8,C20,True,"Yes, because with 9 firms, personalized recommendations will likely reduce expected search costs by more than the 0.051 privacy value, based on past benefits and maximizing revenue.",7,"### Decision:  
I'll **purchase Firm 7** (choose number 7) because:  
- The firm offers a positive profit of 0.07, ensuring an immediate gain.  
- With personalized recommendations sorting by valuation, additional searches are unlikely to yield a better profit and would incur a search cost of 0.02.","C20 Search #1 (Searched:1/9, SearchCost:0.00, BestProfit:0.07@F7) → Purchase F7",0.02,0.051,"[0.54, 0.21, 0.89, 0.34, 0.41, 0.77, 0.26, 0.92, 0.59]"
9,9,C1,True,"Yes, because with 9 firms, personalized recommendations will likely reduce expected search costs by more than the privacy value of 0.04, based on past experiences where sharing minimized searches and maximized revenue.",4,"### Decision:  
I'll **purchase Firm 4** (choose number 4) because:  
- It offers a positive profit of 0.13, requiring purchase as per rationality to avoid leaving without buying.  
- Additional searches cost 0.02 and are unlikely to yield better profit, given personalized sorting from high to low valuation and past experiences minimizing searches.","C1 Search #1 (Searched:1/9, SearchCost:0.00, BestProfit:0.13@F4) → Purchase F4",0.09,0.04,"[0.1, 0.59, 0.59, 0.31, 0.98, 0.63, 0.02, 0.6, 0.78]"
9,9,C2,True,"Yes, because with 9 firms, personalized recommendations will likely reduce expected search costs by more than the 0.041 privacy value, based on past experiences of minimized searches and positive revenue outcomes.",1,"### Decision:  
I'll **purchase Firm 1** (choose number 1) because:  
- The firm offers a positive profit of 0.15, and as a rational consumer, I won't leave without buying when positive profit is available.  
- With data shared and search sorted by valuation, additional searches are unlikely to yield a profit improvement greater than the 0.02 search cost, making further searching inefficient.","C2 Search #1 (Searched:1/9, SearchCost:0.00, BestProfit:0.15@F1) → Purchase F1",0.11,0.041,"[0.74, 1.0, 0.75, 0.65, 0.75, 0.13, 0.19, 0.79, 0.27]"
9,9,C3,True,"Yes, because with 9 firms, personalized recommendations will likely reduce expected search costs by more than the privacy value of 0.045, based on past experiences of minimized searches and positive revenue outcomes.",2,"### Decision:  
I'll **purchase Firm 2** (choose number 2) because:  
- It offers a positive profit of 0.13, ensuring revenue gain as per rational behavior.  
- Searching another firm costs 0.02 with likely diminishing returns from sorted recommendations, making it unprofitable.","C3 Search #1 (Searched:1/9, SearchCost:0.00, BestProfit:0.13@F2) → Purchase F2",0.08,0.045,"[0.82, 0.06, 0.98, 0.78, 0.81, 0.18, 0.79, 0.61, 0.79]"
9,9,C4,True,"Yes, because with 9 firms, personalized recommendations will likely reduce expected search costs by more than the 0.04 privacy value, based on past experiences minimizing searches and maximizing revenue.",7,"### Decision:
I'll **purchase Firm 7** (choose number 7) because: 
- The firm offers a positive profit of 0.13, and as a rational consumer, I won't leave without buying when a positive profit is available.
- Searching further would incur a search cost of 0.02 with likely diminishing returns, as personalized recommendations sort by decreasing valuation, reducing the chance of finding a better deal.","C4 Search #1 (Searched:1/9, SearchCost:0.00, BestProfit:0.13@F7) → Purchase F7",0.09,0.04,"[0.8, 0.36, 0.44, 0.42, 0.95, 0.12, 0.82, 0.98, 0.34]"
9,9,C5,True,"Yes, because with 9 firms, personalized recommendations will likely reduce expected search costs by more than the privacy value of 0.036, based on past experiences minimizing searches and maximizing revenue.",4,"### Decision:  
I'll **purchase Firm 4** (choose number 4) because:  
- Positive profit of 0.05 is available with no additional search cost.  
- With data-shared sorting by valuation, further search is unlikely to improve profit enough to justify the 0.02 cost, based on diminishing returns from historical patterns.","C5 Search #1 (Searched:1/9, SearchCost:0.00, BestProfit:0.05@F4) → Purchase F4",0.01,0.036,"[0.83, 0.13, 0.59, 0.32, 0.9, 0.15, 0.82, 0.7, 0.75]"
9,9,C6,True,"Yes, because with 9 firms, personalized recommendations significantly reduce expected search costs, likely exceeding the 0.032 privacy cost, as demonstrated by consistent positive revenues in past rounds and the strategies of top consumers.",7,"### Decision:  
I'll **purchase Firm 7** (choose number 7) because:  
- Firm 7 offers a positive profit of 0.13 with no additional search cost.  
- Further searching costs 0.02 and is unlikely to yield a better deal due to personalized recommendations sorting firms from highest to lowest value.","C6 Search #1 (Searched:1/9, SearchCost:0.00, BestProfit:0.13@F7) → Purchase F7",0.1,0.032,"[0.21, 0.14, 0.01, 0.55, 0.22, 0.52, 0.14, 0.98, 0.3]"
9,9,C7,True,"Yes, because with 9 firms, personalized recommendations will likely reduce expected search costs and improve product matching by more than the privacy value of 0.037, based on consistent past benefits from minimized searches and positive revenue outcomes.",0,"### Decision:  
I'll **purchase Firm 0** (choose number 0) because:  
- It offers a positive profit of 0.11.  
- Rationality requires buying when positive profit is available, avoiding unnecessary search costs of 0.02.","C7 Search #1 (Searched:1/9, SearchCost:0.00, BestProfit:0.11@F0) → Purchase F0",0.07,0.037,"[0.96, 0.09, 0.35, 0.13, 0.5, 0.06, 0.2, 0.3, 0.93]"
9,9,C8,True,"Yes, because with 9 firms, personalized recommendations are likely to reduce search costs significantly, exceeding the privacy value of 0.027 and maximizing total revenue based on past experiences.",8,"### Decision:  
I'll **purchase Firm 8** (choose number 8) because:  
- It offers a positive profit of 0.07, requiring purchase per rationality.  
- Further search costs 0.02 with low expected gain due to personalized sorting favoring the first firm.","C8 Search #1 (Searched:1/9, SearchCost:0.00, BestProfit:0.07@F8) → Purchase F8",0.04,0.027,"[0.49, 0.0, 0.11, 0.79, 0.81, 0.34, 0.91, 0.16, 0.92]"
9,9,C9,True,"Yes, because with 9 firms, personalized recommendations will likely reduce expected search costs by more than the 0.05 privacy value, based on past experiences minimizing searches and ensuring positive revenue.",5,"### Decision:  
I'll **purchase Firm 5** (choose number 5) because:  
- It offers a positive profit of 0.08, ensuring immediate gain with no additional costs.  
- With personalized recommendations sorting by highest valuation, additional searches are unlikely to yield better profits and would incur a 0.02 cost, making it inefficient.","C9 Search #1 (Searched:1/9, SearchCost:0.00, BestProfit:0.08@F5) → Purchase F5",0.03,0.05,"[0.41, 0.11, 0.34, 0.62, 0.55, 0.93, 0.14, 0.3, 0.16]"
9,9,C10,True,"Yes, because with 9 firms, personalized recommendations will likely reduce expected search costs by more than the privacy value of 0.039, based on past benefits and maximizing revenue.",8,"### Decision:  
I'll **purchase Firm 8** (choose number 8) because:  
- The firm offers a positive profit of 0.13, ensuring immediate revenue gain.  
- Additional searches cost 0.02 and are likely to yield lower profit due to valuation-sorted recommendations, risking a net loss.","C10 Search #1 (Searched:1/9, SearchCost:0.00, BestProfit:0.13@F8) → Purchase F8",0.09,0.039,"[0.69, 0.93, 0.59, 0.38, 0.54, 0.2, 0.91, 0.68, 0.98]"
9,9,C11,True,"Yes, because with 9 firms, personalized recommendations will likely reduce expected search costs by more than the privacy value of 0.036, based on historical data showing minimized searches and positive revenue outcomes from sharing data.",7,"### Decision:  
I'll **purchase Firm 7** (choose number 7) because:  
- It offers a positive profit of 0.07, ensuring an immediate gain.  
- Additional searches cost 0.02 and are likely to yield lower profits due to sorted recommendations, making further search unprofitable.","C11 Search #1 (Searched:1/9, SearchCost:0.00, BestProfit:0.07@F7) → Purchase F7",0.03,0.036,"[0.75, 0.53, 0.36, 0.18, 0.13, 0.35, 0.83, 0.92, 0.4]"
9,9,C12,True,"Yes, because with 9 firms, personalized recommendations will likely reduce expected search costs by more than the 0.029 privacy value, based on past experiences of minimized searches and improved revenue outcomes.",-1,"### Decision:  
I'll **leave** (choose number -1) because:  
- The searched firm has a negative profit of -0.08, offering no gain.  
- Additional search costs 0.02 with low expected profit based on past rounds, making further costs unwise.","C12 Search #1 (Searched:1/9, SearchCost:0.00, BestProfit:-0.08@F3) → Leave Market",-0.03,0.029,"[0.71, 0.07, 0.71, 0.77, 0.07, 0.44, 0.44, 0.3, 0.08]"
9,9,C13,True,"Yes, because with 9 firms, personalized recommendations significantly reduce expected search costs (often to 0, as the first search is free and yields a good deal), outweighing the privacy cost of 0.028 based on past experiences of minimized searches and non-negative revenue.",3,"### Decision:  
I'll **purchase Firm 3** (choose number 3) because:  
- The firm offers a positive profit of 0.03, ensuring net revenue.  
- Searching another firm costs 0.02 with uncertain benefits and limited potential improvement due to personalized recommendations sorting by highest valuation.","C13 Search #1 (Searched:1/9, SearchCost:0.00, BestProfit:0.03@F3) → Purchase F3",0.0,0.028,"[0.48, 0.6, 0.18, 0.88, 0.87, 0.7, 0.39, 0.43, 0.58]"
9,9,C14,True,"Yes, because with 9 firms, personalized recommendations will likely reduce expected search costs by more than the privacy value of 0.037, based on past experiences of minimized searches and significant savings potential.",-1,"### Decision:  
I'll **leave** (choose number -1) because:  
- The searched firm has negative profit (-0.14), so purchasing would reduce revenue.  
- Searching further costs 0.02 and, with valuation-sorted recommendations, is unlikely to yield a profitable deal since the first firm (highest valuation) is already unprofitable.","C14 Search #1 (Searched:1/9, SearchCost:0.00, BestProfit:-0.14@F6) → Leave Market",-0.04,0.037,"[0.55, 0.41, 0.42, 0.41, 0.02, 0.03, 0.71, 0.41, 0.31]"
9,9,C15,True,"Yes, because personalized recommendations with 9 firms will likely reduce search costs by more than the 0.03 privacy value, based on past experiences of minimized searches and positive revenue.",4,"### Decision:  
I'll **purchase Firm 4** (choose number 4) because:  
- The firm offers a positive profit of 0.14, which I must act on rationally.  
- With personalized recommendations sorting valuations high to low, further searches are unlikely to improve profit significantly and would incur an additional cost of 0.02.","C15 Search #1 (Searched:1/9, SearchCost:0.00, BestProfit:0.14@F4) → Purchase F4",0.11,0.03,"[0.84, 0.36, 0.33, 0.07, 0.99, 0.6, 0.64, 0.81, 0.92]"
9,9,C16,True,"Yes, because with 9 firms, personalized recommendations will likely reduce search costs by more than the 0.05 privacy value, based on past experiences of minimized searches and positive revenues.",5,"### Decision:
I'll **purchase Firm 5** (choose number 5) because: 
- Firm 5 offers a positive profit of 0.12, which I must act upon as a rational consumer.
- Searching further would incur a 0.02 cost with likely diminishing returns due to sorted recommendations by highest valuation.","C16 Search #1 (Searched:1/9, SearchCost:0.00, BestProfit:0.12@F5) → Purchase F5",0.07,0.05,"[0.77, 0.44, 0.44, 0.67, 0.26, 0.97, 0.45, 0.13, 0.73]"
9,9,C17,True,"Yes, because with 9 firms, personalized recommendations significantly reduce expected search costs by minimizing searches, likely exceeding the privacy value of 0.051, based on past experiences of efficient one-search purchases and positive average revenue outcomes.",1,"### Decision:  
I'll **purchase Firm 1** (choose number 1) because:  
- It offers a positive profit of 0.03, ensuring I won't leave without buying as per rational behavior.  
- Further search costs 0.02 with low expected improvement due to personalized sorting by highest valuation first.","C17 Search #1 (Searched:1/9, SearchCost:0.00, BestProfit:0.03@F1) → Purchase F1",-0.02,0.051,"[0.26, 0.88, 0.09, 0.05, 0.77, 0.86, 0.66, 0.48, 0.45]"
9,9,C18,True,"Yes, because with 9 firms, personalized recommendations will likely reduce expected search costs by more than the privacy value of 0.041, improving efficiency in finding high-value deals based on historical outcomes.",-1,"### Decision:
I'll **leave** (choose number -1) because: 
- The first firm, with the highest valuation, has negative profit (-0.20), indicating no viable deals.
- Personalized recommendations sort by decreasing valuation, making additional searches unlikely to yield positive profit and unnecessarily costing 0.02.","C18 Search #1 (Searched:1/9, SearchCost:0.00, BestProfit:-0.20@F7) → Leave Market",-0.04,0.041,"[0.6, 0.34, 0.27, 0.61, 0.18, 0.5, 0.38, 0.65, 0.16]"
9,9,C19,True,"Yes, because with 9 firms, personalized recommendations will likely reduce expected search costs by more than the privacy value of 0.035, based on past benefits and minimizing overall expenses.",-1,"### Decision:  
I'll **leave** (choose number -1) because:  
- The searched firm has negative profit of -0.02.  
- Further searching costs 0.02 with low expected gain due to decreasing valuations in personalized recommendations.","C19 Search #1 (Searched:1/9, SearchCost:0.00, BestProfit:-0.02@F2) → Leave Market",-0.04,0.035,"[0.3, 0.44, 0.83, 0.7, 0.55, 0.69, 0.28, 0.62, 0.47]"
9,9,C20,True,"Yes, because with 9 firms, personalized recommendations will likely reduce expected search costs by more than the privacy value of 0.051, based on past experiences minimizing searches and ensuring positive revenue outcomes.",7,"### Decision:  
I'll **purchase Firm 7** (choose number 7) because:  
- The firm offers a positive profit of 0.07, ensuring an immediate gain.  
- With personalized recommendations sorting by valuation, additional searches are unlikely to yield a better profit and would incur a search cost of 0.02.","C20 Search #1 (Searched:1/9, SearchCost:0.00, BestProfit:0.07@F7) → Purchase F7",0.02,0.051,"[0.54, 0.21, 0.89, 0.34, 0.41, 0.77, 0.26, 0.92, 0.59]"
9,10,C1,True,"Yes, because with 9 firms, personalized recommendations will likely reduce expected search costs by more than the 0.04 privacy value, based on past experiences minimizing searches and maximizing revenue.",4,"### Decision:  
I'll **purchase Firm 4** (choose number 4) because:  
- It offers a positive profit of 0.13, requiring purchase as per rationality to avoid leaving without buying.  
- Additional searches cost 0.02 and are unlikely to yield better profit, given personalized sorting from high to low valuation and past experiences minimizing searches.","C1 Search #1 (Searched:1/9, SearchCost:0.00, BestProfit:0.13@F4) → Purchase F4",0.09,0.04,"[0.1, 0.59, 0.59, 0.31, 0.98, 0.63, 0.02, 0.6, 0.78]"
9,10,C2,True,"Yes, because with 9 firms, personalized recommendations will likely reduce expected search costs by more than the 0.041 privacy value, based on past experiences of minimized searches and positive revenue outcomes.",1,"### Decision:  
I'll **purchase Firm 1** (choose number 1) because:  
- The firm offers a positive profit of 0.15, and as a rational consumer, I won't leave without buying when positive profit is available.  
- With data shared and search sorted by valuation, additional searches are unlikely to yield a profit improvement greater than the 0.02 search cost, making further searching inefficient.","C2 Search #1 (Searched:1/9, SearchCost:0.00, BestProfit:0.15@F1) → Purchase F1",0.11,0.041,"[0.74, 1.0, 0.75, 0.65, 0.75, 0.13, 0.19, 0.79, 0.27]"
9,10,C3,True,"Yes, because with 9 firms, personalized recommendations will likely reduce expected search costs by more than the 0.045 privacy value, based on past experiences of minimized searches and positive revenue outcomes.",2,"### Decision:  
I'll **purchase Firm 2** (choose number 2) because:  
- It offers a positive profit of 0.13, ensuring revenue gain as per rational behavior.  
- Searching another firm costs 0.02 with likely diminishing returns from sorted recommendations, making it unprofitable.","C3 Search #1 (Searched:1/9, SearchCost:0.00, BestProfit:0.13@F2) → Purchase F2",0.08,0.045,"[0.82, 0.06, 0.98, 0.78, 0.81, 0.18, 0.79, 0.61, 0.79]"
9,10,C4,True,"Yes, because with 9 firms, personalized recommendations will likely reduce expected search costs by more than the 0.04 privacy value, based on past experiences of minimized searches and positive revenue outcomes.",7,"### Decision:
I'll **purchase Firm 7** (choose number 7) because: 
- The firm offers a positive profit of 0.13, and as a rational consumer, I won't leave without buying when a positive profit is available.
- Searching further would incur a search cost of 0.02 with likely diminishing returns, as personalized recommendations sort by decreasing valuation, reducing the chance of finding a better deal.","C4 Search #1 (Searched:1/9, SearchCost:0.00, BestProfit:0.13@F7) → Purchase F7",0.09,0.04,"[0.8, 0.36, 0.44, 0.42, 0.95, 0.12, 0.82, 0.98, 0.34]"
9,10,C5,True,"Yes, because with 9 firms, personalized recommendations will likely reduce expected search costs and improve valuation matching by more than the 0.036 privacy value, based on past experiences minimizing searches and achieving positive revenue.",4,"### Decision:  
I'll **purchase Firm 4** (choose number 4) because:  
- Positive profit of 0.05 is available with no additional search cost.  
- With data-shared sorting by valuation, further search is unlikely to improve profit enough to justify the 0.02 cost, based on diminishing expected gains.","C5 Search #1 (Searched:1/9, SearchCost:0.00, BestProfit:0.05@F4) → Purchase F4",0.01,0.036,"[0.83, 0.13, 0.59, 0.32, 0.9, 0.15, 0.82, 0.7, 0.75]"
9,10,C6,True,"Yes, because with 9 firms, personalized recommendations significantly reduce expected search costs, likely exceeding the 0.032 privacy cost, as demonstrated by consistent positive revenues in past rounds and the strategies of top consumers.",7,"### Decision:  
I'll **purchase Firm 7** (choose number 7) because:  
- Firm 7 offers a positive profit of 0.13 with no additional search cost.  
- Further searching costs 0.02 and is unlikely to yield a better deal due to personalized recommendations sorting firms from highest to lowest value.","C6 Search #1 (Searched:1/9, SearchCost:0.00, BestProfit:0.13@F7) → Purchase F7",0.1,0.032,"[0.21, 0.14, 0.01, 0.55, 0.22, 0.52, 0.14, 0.98, 0.3]"
9,10,C7,True,"Yes, because with 9 firms, personalized recommendations will likely reduce expected search costs by more than the 0.037 privacy value, based on past experiences of minimized searches and positive revenue outcomes.",0,"### Decision:  
I'll **purchase Firm 0** (choose number 0) because:  
- It offers a positive profit of 0.11.  
- Rationality requires buying when positive profit is available, avoiding unnecessary search costs of 0.02.","C7 Search #1 (Searched:1/9, SearchCost:0.00, BestProfit:0.11@F0) → Purchase F0",0.07,0.037,"[0.96, 0.09, 0.35, 0.13, 0.5, 0.06, 0.2, 0.3, 0.93]"
9,10,C8,True,"Yes, because the privacy cost of 0.027 is low and sharing data with 9 firms will likely reduce search costs through personalized recommendations, outweighing the privacy loss and maximizing revenue based on past experiences.",8,"### Decision:  
I'll **purchase Firm 8** (choose number 8) because:  
- It offers a positive profit of 0.07, and rationality requires buying when profit is positive.  
- Further search costs 0.02 with low expected gain due to personalized sorting favoring the first firm.","C8 Search #1 (Searched:1/9, SearchCost:0.00, BestProfit:0.07@F8) → Purchase F8",0.04,0.027,"[0.49, 0.0, 0.11, 0.79, 0.81, 0.34, 0.91, 0.16, 0.92]"
9,10,C9,True,"Yes, because with 9 firms, personalized recommendations will likely reduce search costs and improve product matching, outweighing the 0.05 privacy cost based on past experiences of minimized searches and positive revenue.",5,"### Decision:  
I'll **purchase Firm 5** (choose number 5) because:  
- It offers a positive profit of 0.08, ensuring immediate gain.  
- With personalized recommendations sorting by highest valuation, additional searches are unlikely to yield better profits and would incur a 0.02 cost.","C9 Search #1 (Searched:1/9, SearchCost:0.00, BestProfit:0.08@F5) → Purchase F5",0.03,0.05,"[0.41, 0.11, 0.34, 0.62, 0.55, 0.93, 0.14, 0.3, 0.16]"
9,10,C10,True,"Yes, because with 9 firms, personalized recommendations will likely reduce expected search costs by more than the 0.039 privacy value, based on past experiences of minimized searches and positive revenue outcomes.",8,"### Decision:  
I'll **purchase Firm 8** (choose number 8) because:  
- The firm offers a positive profit of 0.13, ensuring immediate revenue gain.  
- Additional searches cost 0.02 and are likely to yield lower profit due to valuation-sorted recommendations, risking a net loss.","C10 Search #1 (Searched:1/9, SearchCost:0.00, BestProfit:0.13@F8) → Purchase F8",0.09,0.039,"[0.69, 0.93, 0.59, 0.38, 0.54, 0.2, 0.91, 0.68, 0.98]"
9,10,C11,True,"Yes, because with 9 firms, personalized recommendations will likely reduce search costs by more than the 0.036 privacy value, based on historical data showing minimized searches and positive revenue outcomes.",7,"### Decision:
I'll **purchase Firm 7** (choose number 7) because: 
- It offers a positive profit of 0.07, ensuring an immediate gain.
- Additional searches cost 0.02 and are likely to yield lower profits due to sorted recommendations, making further search unprofitable.","C11 Search #1 (Searched:1/9, SearchCost:0.00, BestProfit:0.07@F7) → Purchase F7",0.03,0.036,"[0.75, 0.53, 0.36, 0.18, 0.13, 0.35, 0.83, 0.92, 0.4]"
9,10,C12,True,"Yes, because with 9 firms, personalized recommendations will likely reduce expected search costs by more than the 0.029 privacy value, based on past experiences of minimized searches and improved revenue outcomes.",-1,"### Decision:  
I'll **leave** (choose number -1) because:  
- The searched firm has a negative profit of -0.08, offering no gain.  
- Additional search costs 0.02 with low expected profit due to decreasing valuations, making it unlikely to improve revenue.","C12 Search #1 (Searched:1/9, SearchCost:0.00, BestProfit:-0.08@F3) → Leave Market",-0.03,0.029,"[0.71, 0.07, 0.71, 0.77, 0.07, 0.44, 0.44, 0.3, 0.08]"
9,10,C13,True,"Yes, because personalized recommendations with 9 firms will likely reduce search costs and improve deal quality by more than the 0.028 privacy value, based on consistent past benefits and top consumer strategies.",3,"### Decision:  
I'll **purchase Firm 3** (choose number 3) because:  
- The firm offers a positive profit of 0.03, ensuring net revenue after costs.  
- Searching another firm costs 0.02 with uncertain and likely limited benefits due to personalized recommendations sorting by highest valuation.","C13 Search #1 (Searched:1/9, SearchCost:0.00, BestProfit:0.03@F3) → Purchase F3",0.0,0.028,"[0.48, 0.6, 0.18, 0.88, 0.87, 0.7, 0.39, 0.43, 0.58]"
9,10,C14,True,"Yes, because with 9 firms, personalized recommendations will likely reduce expected search costs by more than the 0.037 privacy value, based on past experiences of minimized searches and significant savings potential.",-1,"### Decision:  
I'll **leave** (choose number -1) because:  
- The searched firm has negative profit (-0.14), so purchasing would reduce revenue.  
- Searching further costs 0.02 and, with valuation-sorted recommendations, is unlikely to yield a profitable deal since the first firm (highest valuation) is already unprofitable.","C14 Search #1 (Searched:1/9, SearchCost:0.00, BestProfit:-0.14@F6) → Leave Market",-0.04,0.037,"[0.55, 0.41, 0.42, 0.41, 0.02, 0.03, 0.71, 0.41, 0.31]"
9,10,C15,True,"Yes, because with 9 firms, personalized recommendations will likely reduce expected search costs by more than the 0.03 privacy value, based on past experiences of minimized searches and positive revenue outcomes.",4,"### Decision:  
I'll **purchase Firm 4** (choose number 4) because:  
- The firm offers a positive profit of 0.14, which I must act on rationally.  
- With personalized recommendations sorting valuations high to low, further searches are unlikely to improve profit significantly and would incur an additional cost of 0.02.","C15 Search #1 (Searched:1/9, SearchCost:0.00, BestProfit:0.14@F4) → Purchase F4",0.11,0.03,"[0.84, 0.36, 0.33, 0.07, 0.99, 0.6, 0.64, 0.81, 0.92]"
9,10,C16,True,"Yes, because with 9 firms, personalized recommendations will likely reduce expected search costs by more than my 0.05 privacy value, based on past experiences of minimized searches and positive revenues.",5,"### Decision:  
I'll **purchase Firm 5** (choose number 5) because:  
- Firm 5 offers a positive profit of 0.12, which I must act upon as a rational consumer.  
- Searching further would incur a 0.02 cost with likely diminishing returns due to sorted recommendations by highest valuation.","C16 Search #1 (Searched:1/9, SearchCost:0.00, BestProfit:0.12@F5) → Purchase F5",0.07,0.05,"[0.77, 0.44, 0.44, 0.67, 0.26, 0.97, 0.45, 0.13, 0.73]"
9,10,C17,True,"Yes, because with 9 firms, personalized recommendations significantly reduce expected search costs, likely exceeding the privacy value of 0.051, based on past experiences of minimized searches and positive average revenue outcomes.",1,"### Decision:  
I'll **purchase Firm 1** (choose number 1) because:  
- It offers a positive profit of 0.03, ensuring I won't leave without buying as per rational behavior.  
- Further search costs 0.02 with low expected improvement due to personalized sorting by highest valuation first.","C17 Search #1 (Searched:1/9, SearchCost:0.00, BestProfit:0.03@F1) → Purchase F1",-0.02,0.051,"[0.26, 0.88, 0.09, 0.05, 0.77, 0.86, 0.66, 0.48, 0.45]"
9,10,C18,True,"Yes, because with 9 firms, personalized recommendations will likely reduce expected search costs by more than the 0.041 privacy value, improving efficiency in finding high-value deals based on historical outcomes and top consumer strategies.",-1,"### Decision:
I'll **leave** (choose number -1) because: 
- The only searched firm has negative profit (-0.20), and with personalized sorting by decreasing valuation, additional firms are unlikely to offer positive profit.
- The search cost of 0.02 outweighs the low expected gain, making further searching inefficient.","C18 Search #1 (Searched:1/9, SearchCost:0.00, BestProfit:-0.20@F7) → Leave Market",-0.04,0.041,"[0.6, 0.34, 0.27, 0.61, 0.18, 0.5, 0.38, 0.65, 0.16]"
9,10,C19,True,"Yes, because with 9 firms, personalized recommendations significantly reduce expected search costs by minimizing searches, and the potential savings likely exceed the 0.035 privacy value, based on past experiences and consistent benefits observed in top consumers' strategies.",-1,"### Decision:  
I'll **leave** (choose number -1) because:  
- The searched firm has negative profit of -0.02.  
- Further searching costs 0.02 with low expected gain due to decreasing valuations in personalized recommendations.","C19 Search #1 (Searched:1/9, SearchCost:0.00, BestProfit:-0.02@F2) → Leave Market",-0.04,0.035,"[0.3, 0.44, 0.83, 0.7, 0.55, 0.69, 0.28, 0.62, 0.47]"
9,10,C20,True,"Yes, because with 9 firms, personalized recommendations will likely reduce expected search costs by more than the 0.051 privacy value, based on past experiences minimizing searches and ensuring positive revenue.",7,"### Decision:  
I'll **purchase Firm 7** (choose number 7) because:  
- The firm offers a positive profit of 0.07, ensuring an immediate gain.  
- With personalized recommendations sorting by valuation, additional searches are unlikely to yield a better profit and would incur a search cost of 0.02.","C20 Search #1 (Searched:1/9, SearchCost:0.00, BestProfit:0.07@F7) → Purchase F7",0.02,0.051,"[0.54, 0.21, 0.89, 0.34, 0.41, 0.77, 0.26, 0.92, 0.59]"
