firm_num,round,consumer_id,share,share_reason,final_choice,final_reason,decision_sequence,total_revenue,Privacy_Cost,Valuations
8,1,C1,True,"Yes, because with 8 firms, personalized recommendations will likely reduce search costs significantly, outweighing the privacy cost of 0.048.",3,"### Decision:
I'll **purchase Firm 3** because: 
- It offers a positive profit of 0.34, which I must act on rationally.
- The expected gain from further searching is likely low compared to the 0.02 search cost, given the personalized sorting.","C1 Search #1 (Searched:1/8, SearchCost:0.00, BestProfit:0.34@F3) → Purchase F3",0.29,0.048,"[0.3, 0.12, 0.71, 0.94, 0.77, 0.92, 0.91, 0.37]"
8,1,C2,True,"Yes, because with 8 firms, personalized recommendations are highly valuable and likely reduce search costs by more than the privacy cost of 0.054.",4,"### Decision:
I'll **purchase Firm 4** (choose number 4) because: 
- The current firm offers a positive profit of 0.4 with no additional search cost.
- Searching further incurs a cost of 0.02 with likely diminishing returns due to valuation sorting.","C2 Search #1 (Searched:1/8, SearchCost:0.00, BestProfit:0.40@F4) → Purchase F4",0.35,0.054,"[0.05, 0.49, 0.47, 0.8, 0.95, 0.26, 0.56, 0.35]"
8,1,C3,True,"Yes, because with 8 firms, personalized recommendations will significantly reduce search costs, likely saving more than my privacy value of 0.027.",5,"### Decision:
I'll **purchase Firm 5** (choose number 5) because: 
- Positive profit of 0.44 available from current firm
- Additional search cost of 0.02 unlikely to yield better deal given high valuation and personalized ordering","C3 Search #1 (Searched:1/8, SearchCost:0.00, BestProfit:0.44@F5) → Purchase F5",0.41,0.027,"[0.72, 0.71, 0.99, 0.59, 0.96, 0.99, 0.56, 0.43]"
8,1,C4,True,"### Thought Process:
As a consumer with a privacy value of 0.043, I need to weigh the cost of sharing data against the benefits. Sharing data provides personalized recommendations that sort products by my valuation, reducing search costs by minimizing the number of searches needed to find a good deal. With 8 firms—the maximum number—recommendations are highly valuable, likely saving multiple searches. Without sharing, the worst-case search cost is 7 * 0.02 = 0.14, but with sharing, it could drop significantly, e.g., to 0.02–0.04 for one or two paid searches after the free first search. The expected savings in search cost (potentially 0.10 or more) exceed my privacy value of 0.043, increasing total revenue by reducing costs without negatively impacting product valuation or price. Thus, the trade-off favors sharing data to maximize revenue.

### Answer:
Yes, because the expected reduction in search costs with 8 firms outweighs the privacy cost of 0.043.",6,"### Decision:
I'll **purchase Firm 6** (choose number 6) because: 
- It offers a positive profit of 0.3, ensuring a gain.
- Additional searches cost 0.02 with uncertain improvement, risking reduced net revenue.","C4 Search #1 (Searched:1/8, SearchCost:0.00, BestProfit:0.30@F6) → Purchase F6",0.26,0.043,"[0.59, 0.69, 0.49, 0.2, 0.5, 0.58, 0.9, 0.68]"
8,1,C5,True,"Yes, because with 8 firms, personalized recommendations are likely to significantly reduce search costs, and the privacy cost of 0.037 is outweighed by expected savings.",2,"### Decision:
I'll **purchase Firm 2** (choose number 2) because: 
- The firm offers a positive profit of 0.41.
- Additional searches incur costs with low expected benefit due to personalized sorting.","C5 Search #1 (Searched:1/8, SearchCost:0.00, BestProfit:0.41@F2) → Purchase F2",0.37,0.037,"[0.92, 0.82, 0.96, 0.31, 0.87, 0.94, 0.59, 0.75]"
8,1,C6,True,"Yes, because with 8 firms, personalized recommendations will likely reduce search costs more than the privacy cost of 0.054.",6,"### Decision:  
I'll **purchase Firm 6** because:  
- It offers a positive profit of 0.29.  
- With personalized search sorted by highest valuation, additional searches are unlikely to improve profit and would incur a search cost of 0.02.","C6 Search #1 (Searched:1/8, SearchCost:0.00, BestProfit:0.29@F6) → Purchase F6",0.24,0.054,"[0.22, 0.05, 0.49, 0.08, 0.49, 0.72, 0.89, 0.7]"
8,1,C7,True,"Yes, because with 8 firms, personalized recommendations significantly reduce expected search costs and improve product matching, outweighing the privacy cost of 0.055.",4,"### Decision:
I'll **purchase Firm 4** (choose number 4) because: 
- Firm 4 offers a positive profit of 0.33, ensuring immediate gain.
- Additional searches incur a cost of 0.02 with low expected improvement due to sorted recommendations.","C7 Search #1 (Searched:1/8, SearchCost:0.00, BestProfit:0.33@F4) → Purchase F4",0.27,0.055,"[0.14, 0.28, 0.13, 0.11, 0.88, 0.02, 0.44, 0.3]"
8,1,C8,True,"Yes, because with 8 firms, personalized recommendations will likely reduce search costs significantly (e.g., from a potential 0.14 without sharing to less than 0.05 with sharing), outweighing my privacy value of 0.05 and maximizing total revenue.",1,"### Decision:
I'll **purchase Firm 1** (choose number 1) because: 
- It offers a positive profit of 0.43, and rationality requires buying if such an option exists.
- Further searching incurs a cost of 0.02 with uncertain benefits, as the current deal is already good.","C8 Search #1 (Searched:1/8, SearchCost:0.00, BestProfit:0.43@F1) → Purchase F1",0.38,0.05,"[0.77, 0.98, 0.64, 0.82, 0.8, 0.9, 0.16, 0.49]"
8,1,C9,True,"Yes, because with 8 firms, personalized recommendations significantly reduce expected search costs, likely saving more than the privacy cost of 0.046.",7,"### Decision:
I'll **purchase Firm 7** because: 
- The firm offers a positive profit of 0.37, ensuring immediate revenue gain.
- Searching further incurs a cost of 0.02 with uncertain benefits, risking reduced net revenue.","C9 Search #1 (Searched:1/8, SearchCost:0.00, BestProfit:0.37@F7) → Purchase F7",0.32,0.046,"[0.84, 0.21, 0.57, 0.05, 0.5, 0.69, 0.71, 0.97]"
8,1,C10,True,"Yes, because with 8 firms, personalized recommendations can significantly reduce search costs, likely exceeding the small privacy cost of 0.029.",5,"### Decision:
I'll **purchase Firm 5** (choose number 5) because: 
- Firm 5 offers a positive profit of 0.38, which I can realize immediately.
- Additional search costs 0.02 and is unlikely to yield a higher profit given decreasing valuations and uncertain gains.","C10 Search #1 (Searched:1/8, SearchCost:0.00, BestProfit:0.38@F5) → Purchase F5",0.35,0.029,"[0.77, 0.36, 0.01, 0.44, 0.83, 0.93, 0.5, 0.56]"
8,1,C11,True,"Yes, because with 8 firms, personalized recommendations significantly reduce expected search costs, likely exceeding my privacy value of 0.047, thus maximizing total revenue.",0,"### Decision:
I'll **purchase Firm 0** because: 
- The firm offers a positive profit of 0.43 with no additional search cost needed.
- Searching further may not yield significant improvement and incurs a cost of 0.02, which could reduce net revenue.","C11 Search #1 (Searched:1/8, SearchCost:0.00, BestProfit:0.43@F0) → Purchase F0",0.38,0.047,"[0.98, 0.07, 0.67, 0.8, 0.38, 0.9, 0.13, 0.08]"
8,1,C12,True,"Yes, because with 8 firms, personalized recommendations will significantly reduce expected search costs, likely exceeding the privacy cost of 0.05, while maximizing total revenue.",0,"### Decision:
I'll **purchase Firm 0** because: 
- It provides a positive profit of 0.42, ensuring immediate gain.
- Additional searches are unlikely to improve profit significantly due to sorted valuations, and the 0.02 search cost outweighs potential benefits.","C12 Search #1 (Searched:1/8, SearchCost:0.00, BestProfit:0.42@F0) → Purchase F0",0.37,0.05,"[0.97, 0.53, 0.35, 0.82, 0.13, 0.07, 0.36, 0.2]"
8,1,C13,True,"Yes, because with 8 firms, personalized recommendations significantly reduce expected search costs and improve product valuation, outweighing the privacy cost of 0.05.",7,"### Decision:
I'll **purchase Firm 7** because: 
- It offers a positive profit of 0.38, ensuring a net gain after costs.
- Searching further risks incurring a 0.02 cost with likely lower or similar profits due to sorted valuations.","C13 Search #1 (Searched:1/8, SearchCost:0.00, BestProfit:0.38@F7) → Purchase F7",0.33,0.05,"[0.85, 0.74, 0.36, 0.13, 0.42, 0.14, 0.01, 0.98]"
8,1,C14,True,"Yes, because with 8 firms, personalized recommendations significantly reduce expected search costs (potentially saving more than the privacy cost of 0.037).",0,"### Decision:  
I'll **purchase Firm 0** because:  
- The firm offers a positive profit of 0.41, ensuring a net gain.  
- Searching further incurs a 0.02 cost with likely diminishing returns due to sorted valuation order.","C14 Search #1 (Searched:1/8, SearchCost:0.00, BestProfit:0.41@F0) → Purchase F0",0.37,0.037,"[0.96, 0.37, 0.58, 0.28, 0.71, 0.8, 0.72, 0.25]"
8,1,C15,True,"Yes, because with 8 firms, personalized recommendations will significantly reduce expected search costs by optimizing the search sequence, likely offsetting the privacy cost of 0.051 through fewer paid searches beyond the free first search.",5,"### Decision:
I'll **purchase Firm 5** because: 
- It offers a positive profit of 0.30, which is beneficial.
- As a rational consumer, I won't leave without buying when a positive profit option exists.","C15 Search #1 (Searched:1/8, SearchCost:0.00, BestProfit:0.30@F5) → Purchase F5",0.25,0.051,"[0.04, 0.04, 0.32, 0.3, 0.14, 0.85, 0.34, 0.84]"
8,1,C16,True,"Yes, because with 8 firms, personalized recommendations will likely reduce search costs substantially, offsetting the low privacy cost of 0.046.",1,"### Decision:
I'll **purchase Firm 1** (choose number 1) because: 
- Firm 1 offers a positive profit of 0.38, which I can secure immediately.
- With data sharing sorting firms by highest valuation first, this is likely the best option, minimizing further search risk and cost.","C16 Search #1 (Searched:1/8, SearchCost:0.00, BestProfit:0.38@F1) → Purchase F1",0.33,0.046,"[0.18, 0.93, 0.72, 0.25, 0.05, 0.5, 0.67, 0.55]"
8,1,C17,True,"Yes, because with 8 firms, personalized recommendations will significantly reduce expected search costs, likely exceeding the privacy value of 0.048, thus maximizing total revenue.",7,"### Decision:
I'll **purchase Firm 7** (choose number 7) because: 
- Firm 7 offers a positive profit of 0.39, ensuring immediate gain.
- As a rational consumer, I won't leave without buying when a positive profit option is available.","C17 Search #1 (Searched:1/8, SearchCost:0.00, BestProfit:0.39@F7) → Purchase F7",0.34,0.048,"[0.4, 0.3, 0.22, 0.27, 0.86, 0.5, 0.33, 0.99]"
8,1,C18,True,"Yes, because with 8 firms, personalized recommendations can significantly reduce expected search costs by minimizing the number of searches needed to find high-value products, likely saving more than the privacy cost of 0.041.",6,"### Decision:
I'll **purchase Firm 6** (choose number 6) because: 
- It offers a positive profit of 0.4, ensuring immediate gain.
- Additional searches incur a cost of 0.02 with uncertain improvement, given the personalized sorting by valuation.","C18 Search #1 (Searched:1/8, SearchCost:0.00, BestProfit:0.40@F6) → Purchase F6",0.36,0.041,"[0.56, 0.13, 0.11, 0.76, 0.95, 0.82, 1.0, 0.11]"
8,1,C19,True,"Yes, because with 8 firms, personalized recommendations will likely reduce search costs substantially (e.g., from a potential 0.14 without sharing to much lower), outweighing the privacy cost of 0.046.",6,"### Decision:
I'll **purchase Firm 6** (choose number 6) because: 
- Positive profit of 0.33 available.
- Data sharing sorts for highest value first, likely optimal deal.","C19 Search #1 (Searched:1/8, SearchCost:0.00, BestProfit:0.33@F6) → Purchase F6",0.28,0.046,"[0.74, 0.7, 0.61, 0.01, 0.56, 0.77, 0.93, 0.35]"
8,1,C20,True,"Yes, because with 8 firms, personalized recommendations will significantly reduce search costs and improve product matches, likely saving more than the privacy cost of 0.035.",5,"### Decision:
I'll **purchase Firm 5** because: 
- It offers a positive profit of 0.34, ensuring immediate gain.
- Additional searches cost 0.02 with likely diminishing returns, making it inefficient to continue.","C20 Search #1 (Searched:1/8, SearchCost:0.00, BestProfit:0.34@F5) → Purchase F5",0.3,0.035,"[0.55, 0.64, 0.07, 0.02, 0.77, 0.89, 0.24, 0.17]"
8,2,C1,True,"Yes, because with 8 firms, personalized recommendations will likely reduce search costs significantly, outweighing my privacy value of 0.048 and maximizing total revenue.",3,"### Decision:
I'll **purchase Firm 3** because: 
- It provides a positive profit of 0.34, which I must act on rationally.
- With personalized sorting from data sharing, further searches are unlikely to improve profit and would incur additional costs.","C1 Search #1 (Searched:1/8, SearchCost:0.00, BestProfit:0.34@F3) → Purchase F3",0.29,0.048,"[0.3, 0.12, 0.71, 0.94, 0.77, 0.92, 0.91, 0.37]"
8,2,C2,True,"Yes, because with 8 firms, personalized recommendations significantly reduce expected search costs, likely exceeding the privacy cost of 0.054, as supported by past experience and top consumers' outcomes.",4,"### Decision:
I'll **purchase Firm 4** (choose number 4) because: 
- The current firm offers a positive profit of 0.35, ensuring a net gain.
- Searching further would cost 0.02 with likely diminishing returns due to valuation sorting, making additional search unprofitable.","C2 Search #1 (Searched:1/8, SearchCost:0.00, BestProfit:0.35@F4) → Purchase F4",0.3,0.054,"[0.05, 0.49, 0.47, 0.8, 0.95, 0.26, 0.56, 0.35]"
8,2,C3,True,"Yes, because with 8 firms, personalized recommendations will likely reduce search costs significantly, exceeding my privacy value of 0.027 and maximizing total revenue.",5,"### Decision:
I'll **purchase Firm 5** (choose number 5) because: 
- Current positive profit of 0.39 ensures a good deal.
- Additional search cost of 0.02 is unlikely to yield a better profit given personalized ordering prioritizes high-value firms.","C3 Search #1 (Searched:1/8, SearchCost:0.00, BestProfit:0.39@F5) → Purchase F5",0.36,0.027,"[0.72, 0.71, 0.99, 0.59, 0.96, 0.99, 0.56, 0.43]"
8,2,C4,True,"Yes, because with 8 firms, personalized recommendations will likely reduce search costs significantly (e.g., from a potential 0.14 without sharing to less than 0.04 with sharing), outweighing my privacy value of 0.043 and maximizing total revenue.",6,"### Decision:
I'll **purchase Firm 6** (choose number 6) because: 
- It offers a positive profit of 0.3, ensuring immediate gain.
- Additional search costs 0.02 with low expected improvement, risking net loss.","C4 Search #1 (Searched:1/8, SearchCost:0.00, BestProfit:0.30@F6) → Purchase F6",0.26,0.043,"[0.59, 0.69, 0.49, 0.2, 0.5, 0.58, 0.9, 0.68]"
8,2,C5,True,"Yes, because with 8 firms, personalized recommendations will likely reduce search costs significantly (e.g., from potential 0.14 without sharing to near 0 with sharing), outweighing the privacy cost of 0.037 and maximizing total revenue, as seen in top consumers' experiences.",2,"### Decision:
I'll **purchase Firm 2** (choose number 2) because: 
- It offers a positive profit of 0.36, ensuring a good deal.
- Additional searches cost 0.02 with low expected gain due to personalized sorting starting with high-value firms.","C5 Search #1 (Searched:1/8, SearchCost:0.00, BestProfit:0.36@F2) → Purchase F2",0.32,0.037,"[0.92, 0.82, 0.96, 0.31, 0.87, 0.94, 0.59, 0.75]"
8,2,C6,True,"Yes, because with 8 firms, personalized recommendations will significantly reduce search costs and likely improve product valuation, outweighing my privacy value of 0.054.",6,"### Decision:  
I'll **purchase Firm 6** because:  
- It offers a positive profit of 0.29.  
- With personalized recommendations, additional searches are unlikely to yield a better profit and would incur a search cost of 0.02.","C6 Search #1 (Searched:1/8, SearchCost:0.00, BestProfit:0.29@F6) → Purchase F6",0.24,0.054,"[0.22, 0.05, 0.49, 0.08, 0.49, 0.72, 0.89, 0.7]"
8,2,C7,True,"Yes, because with 8 firms, personalized recommendations significantly reduce expected search costs and improve product matching, likely saving more than my privacy value of 0.055.",4,"### Decision:
I'll **purchase Firm 4** (choose number 4) because: 
- Firm 4 offers a positive profit of 0.28, ensuring a gain.
- With personalized recommendations, the first firm is likely the best, and additional search costs 0.02 with low expected improvement.","C7 Search #1 (Searched:1/8, SearchCost:0.00, BestProfit:0.28@F4) → Purchase F4",0.23,0.055,"[0.14, 0.28, 0.13, 0.11, 0.88, 0.02, 0.44, 0.3]"
8,2,C8,True,"Yes, because with 8 firms, personalized recommendations will likely reduce search costs substantially (e.g., from a potential 0.14 without sharing to near 0), exceeding my privacy value of 0.05 and maximizing total revenue.",1,"### Decision:
I'll **purchase Firm 1** (choose number 1) because: 
- It offers a positive profit of 0.38, and rationality requires buying when such an option exists.
- Further searching costs 0.02 with uncertain benefits, as the current deal is strong and additional firms may yield lower profits due to decreasing valuation order.","C8 Search #1 (Searched:1/8, SearchCost:0.00, BestProfit:0.38@F1) → Purchase F1",0.33,0.05,"[0.77, 0.98, 0.64, 0.82, 0.8, 0.9, 0.16, 0.49]"
8,2,C9,True,"Yes, because with 8 firms, personalized recommendations will significantly reduce expected search costs (likely from 0.14 without sharing to near 0.00 with sharing), outweighing my privacy value of 0.046 and maximizing total revenue.",7,"### Decision:
I'll **purchase Firm 7** because: 
- It offers a positive profit of 0.27, ensuring immediate revenue gain.
- Searching further costs 0.02 with uncertain benefits, likely reducing net revenue due to diminishing expected gains.","C9 Search #1 (Searched:1/8, SearchCost:0.00, BestProfit:0.27@F7) → Purchase F7",0.22,0.046,"[0.84, 0.21, 0.57, 0.05, 0.5, 0.69, 0.71, 0.97]"
8,2,C10,True,"Yes, because with 8 firms, personalized recommendations will likely minimize search costs and maximize valuation, outweighing the privacy cost of 0.029 based on past positive outcomes.",5,"### Decision:  
I'll **purchase Firm 5** (choose number 5) because:  
- Firm 5 offers a positive profit of 0.33, which I can realize immediately.  
- Searching another firm costs 0.02 and is unlikely to yield a higher profit due to decreasing valuations in the personalized sequence.","C10 Search #1 (Searched:1/8, SearchCost:0.00, BestProfit:0.33@F5) → Purchase F5",0.3,0.029,"[0.77, 0.36, 0.01, 0.44, 0.83, 0.93, 0.5, 0.56]"
8,2,C11,True,"Yes, because with 8 firms, personalized recommendations will likely reduce search costs significantly, outweighing my privacy value of 0.047 and maximizing total revenue.",0,"### Decision:
I'll **purchase Firm 0** because: 
- It offers a positive profit of 0.38 with no additional search cost needed.
- With personalized recommendations from data sharing, further searches are unlikely to improve profit enough to justify the 0.02 cost.","C11 Search #1 (Searched:1/8, SearchCost:0.00, BestProfit:0.38@F0) → Purchase F0",0.33,0.047,"[0.98, 0.07, 0.67, 0.8, 0.38, 0.9, 0.13, 0.08]"
8,2,C12,True,"Yes, because with 8 firms, personalized recommendations will likely reduce search costs by more than the 0.05 privacy value, maximizing total revenue.",0,"### Decision:
I'll **purchase Firm 0** (choose number 0) because: 
- It offers a positive profit of 0.37, ensuring an immediate gain.
- Additional searches are unlikely to improve profit due to sorted valuations from data sharing, and the 0.02 search cost would reduce total revenue.","C12 Search #1 (Searched:1/8, SearchCost:0.00, BestProfit:0.37@F0) → Purchase F0",0.32,0.05,"[0.97, 0.53, 0.35, 0.82, 0.13, 0.07, 0.36, 0.2]"
8,2,C13,True,"Yes, because with 8 firms, personalized recommendations will significantly reduce search costs and potentially improve product valuation, likely saving more than my privacy value of 0.05, as supported by top consumers' successful outcomes and my prior positive experience.",7,"### Decision:
I'll **purchase Firm 7** because: 
- It offers a positive profit of 0.28, ensuring a net gain after costs.
- With personalized recommendations sorting valuations highest to lowest, further searches are unlikely to yield better profits and would incur additional costs of 0.02.","C13 Search #1 (Searched:1/8, SearchCost:0.00, BestProfit:0.28@F7) → Purchase F7",0.23,0.05,"[0.85, 0.74, 0.36, 0.13, 0.42, 0.14, 0.01, 0.98]"
8,2,C14,True,"Yes, because with 8 firms, personalized recommendations significantly reduce expected search costs (likely saving more than my privacy value of 0.037), as shown by past high-revenue consumers and my own experience.",0,"### Decision:  
I'll **purchase Firm 0** because:  
- It offers a positive profit of 0.36, ensuring a net gain.  
- Further searching costs 0.02 with likely diminishing returns due to sorted valuation order.","C14 Search #1 (Searched:1/8, SearchCost:0.00, BestProfit:0.36@F0) → Purchase F0",0.32,0.037,"[0.96, 0.37, 0.58, 0.28, 0.71, 0.8, 0.72, 0.25]"
8,2,C15,True,"Yes, because with 8 firms, personalized recommendations will likely reduce search costs significantly (e.g., from a potential 0.14 without sharing to near 0 with sharing), offsetting my privacy value of 0.051 and maximizing total revenue.",5,"### Decision:
I'll **purchase Firm 5** because: 
- It offers a positive profit of 0.25, ensuring a net gain.
- With personalized recommendations, additional searches are likely to yield diminishing returns, and the 0.02 search cost exceeds potential benefits.","C15 Search #1 (Searched:1/8, SearchCost:0.00, BestProfit:0.25@F5) → Purchase F5",0.2,0.051,"[0.04, 0.04, 0.32, 0.3, 0.14, 0.85, 0.34, 0.84]"
8,2,C16,True,"Yes, because with 8 firms, personalized recommendations will likely provide the highest valuation first, reducing search costs and increasing expected revenue beyond the privacy cost of 0.046.",1,"### Decision:
I'll **purchase Firm 1** (choose number 1) because: 
- Firm 1 provides a positive profit of 0.33, ensuring immediate gain.
- With data sharing sorting by highest valuation first, this is likely the best option, and further searches would add unnecessary cost without expected improvement.","C16 Search #1 (Searched:1/8, SearchCost:0.00, BestProfit:0.33@F1) → Purchase F1",0.28,0.046,"[0.18, 0.93, 0.72, 0.25, 0.05, 0.5, 0.67, 0.55]"
8,2,C17,True,"Yes, because with 8 firms, personalized recommendations will significantly reduce expected search costs, likely exceeding my privacy value of 0.048 and maximizing total revenue.",7,"### Decision:
I'll **purchase Firm 7** (choose number 7) because: 
- Firm 7 offers a positive profit of 0.29, ensuring immediate gain.
- With personalized recommendations sorting firms from highest to lowest value, the first firm is likely optimal, and additional search costs (0.02) may not justify potential minor improvements.","C17 Search #1 (Searched:1/8, SearchCost:0.00, BestProfit:0.29@F7) → Purchase F7",0.24,0.048,"[0.4, 0.3, 0.22, 0.27, 0.86, 0.5, 0.33, 0.99]"
8,2,C18,True,"Yes, because with 8 firms, personalized recommendations significantly reduce expected search costs (potentially saving more than 0.041), outweighing my privacy value and maximizing total revenue based on past experiences.",6,"### Decision:
I'll **purchase Firm 6** (choose number 6) because: 
- It provides a positive profit of 0.4, ensuring immediate gain.
- Further searches cost 0.02 with uncertain improvement, given personalized sorting by valuation.","C18 Search #1 (Searched:1/8, SearchCost:0.00, BestProfit:0.40@F6) → Purchase F6",0.36,0.041,"[0.56, 0.13, 0.11, 0.76, 0.95, 0.82, 1.0, 0.11]"
8,2,C19,True,"Yes, because with 8 firms, personalized recommendations will likely reduce search costs substantially (e.g., from up to 0.14 without sharing to near 0 with sharing), outweighing my privacy value of 0.046 and maximizing total revenue.",6,"### Decision:
I'll **purchase Firm 6** (choose number 6) because: 
- Firm 6 offers a positive profit of 0.33, ensuring immediate gain.
- With data sharing sorting firms by highest valuation first, it is likely the best option, avoiding additional search costs of 0.02 with uncertain benefits.","C19 Search #1 (Searched:1/8, SearchCost:0.00, BestProfit:0.33@F6) → Purchase F6",0.28,0.046,"[0.74, 0.7, 0.61, 0.01, 0.56, 0.77, 0.93, 0.35]"
8,2,C20,True,"Yes, because with 8 firms, personalized recommendations from sharing data will significantly reduce expected search costs (potentially from 0.14 to near 0), outweighing the privacy cost of 0.035 and maximizing total revenue.",5,"### Decision:
I'll **purchase Firm 5** because: 
- It offers a positive profit of 0.29, ensuring immediate gain.
- The search cost of 0.02 is likely not justified by potential improvements, given diminishing returns from personalized sorting.","C20 Search #1 (Searched:1/8, SearchCost:0.00, BestProfit:0.29@F5) → Purchase F5",0.26,0.035,"[0.55, 0.64, 0.07, 0.02, 0.77, 0.89, 0.24, 0.17]"
8,3,C1,True,"Yes, because with 8 firms, personalized recommendations will significantly reduce search costs and improve deal quality, outweighing my privacy value of 0.048 and maximizing expected total revenue based on past experiences and the clear benefits observed in top consumers.",3,"### Decision:
I'll **purchase Firm 3** because: 
- It provides a positive profit of 0.24, which I must act on rationally as per my guidelines.
- With personalized recommendations from data sharing, the first firm is likely the best, making further searches inefficient and costly.","C1 Search #1 (Searched:1/8, SearchCost:0.00, BestProfit:0.24@F3) → Purchase F3",0.19,0.048,"[0.3, 0.12, 0.71, 0.94, 0.77, 0.92, 0.91, 0.37]"
8,3,C2,True,"Yes, because with 8 firms, personalized recommendations significantly reduce expected search costs and may increase product valuation, likely outweighing the privacy cost of 0.054, based on my past positive outcomes and top consumers' successful sharing strategies.",4,"### Decision:
I'll **purchase Firm 4** (choose number 4) because: 
- The current firm offers a positive profit of 0.3, ensuring a net gain without additional costs.
- Searching further would incur a 0.02 cost with likely diminishing returns due to personalized sorting.","C2 Search #1 (Searched:1/8, SearchCost:0.00, BestProfit:0.30@F4) → Purchase F4",0.25,0.054,"[0.05, 0.49, 0.47, 0.8, 0.95, 0.26, 0.56, 0.35]"
8,3,C3,True,"Yes, because with 8 firms, personalized recommendations will likely reduce search costs significantly (potentially saving more than 0.027), outweighing my low privacy value and maximizing total revenue based on past positive experiences.",5,"### Decision:
I'll **purchase Firm 5** (choose number 5) because: 
- Positive profit of 0.29 from current firm ensures a good deal.
- Additional search cost of 0.02 is unlikely to yield a better profit given personalized ordering by high valuation.","C3 Search #1 (Searched:1/8, SearchCost:0.00, BestProfit:0.29@F5) → Purchase F5",0.26,0.027,"[0.72, 0.71, 0.99, 0.59, 0.96, 0.99, 0.56, 0.43]"
8,3,C4,True,"Yes, because with 8 firms, personalized recommendations will significantly reduce expected search costs and improve product selection, outweighing the privacy cost of 0.043 and maximizing total revenue.",6,"### Decision:
I'll **purchase Firm 6** (choose number 6) because: 
- It offers a positive profit of 0.2, ensuring an immediate gain.
- The search cost of 0.02 is unlikely to yield a significantly better deal, given the sorted recommendations and potential risk to net revenue.","C4 Search #1 (Searched:1/8, SearchCost:0.00, BestProfit:0.20@F6) → Purchase F6",0.16,0.043,"[0.59, 0.69, 0.49, 0.2, 0.5, 0.58, 0.9, 0.68]"
8,3,C5,True,"Yes, because with 8 firms, personalized recommendations will likely reduce search costs significantly (e.g., from potential 0.14 without sharing to near 0 with sharing), outweighing my privacy value of 0.037 and maximizing total revenue, as evidenced by my past positive experiences and top consumers' high revenues.",2,"### Decision:
I'll **purchase Firm 2** (choose number 2) because: 
- It offers a positive profit of 0.31, ensuring a good deal.
- With personalized sorting from data sharing, this is likely the best option, and additional searches cost 0.02 with low expected improvement.","C5 Search #1 (Searched:1/8, SearchCost:0.00, BestProfit:0.31@F2) → Purchase F2",0.27,0.037,"[0.92, 0.82, 0.96, 0.31, 0.87, 0.94, 0.59, 0.75]"
8,3,C6,True,"Yes, because with 8 firms, personalized recommendations will likely reduce search costs significantly (e.g., from 0.06+ to near 0), exceeding my privacy value of 0.054 and maximizing total revenue based on past experiences and trade-off analysis.",6,"### Decision:  
I'll **purchase Firm 6** because:  
- It offers a positive profit of 0.19.  
- With personalized recommendations sorting by highest valuation, additional searches are unlikely to improve profit and would cost 0.02.","C6 Search #1 (Searched:1/8, SearchCost:0.00, BestProfit:0.19@F6) → Purchase F6",0.14,0.054,"[0.22, 0.05, 0.49, 0.08, 0.49, 0.72, 0.89, 0.7]"
8,3,C7,True,"Yes, because with 8 firms, personalized recommendations significantly reduce search costs and improve product matching, likely saving more than the privacy cost of 0.055 and maximizing total revenue, consistent with past successful decisions.",4,"### Decision:  
I'll **purchase Firm 4** (choose number 4) because:  
- Firm 4 offers a positive profit of 0.23, ensuring a gain.  
- With personalized recommendations from data sharing, it's likely the best option, so additional searches costing 0.02 are not worthwhile.","C7 Search #1 (Searched:1/8, SearchCost:0.00, BestProfit:0.23@F4) → Purchase F4",0.18,0.055,"[0.14, 0.28, 0.13, 0.11, 0.88, 0.02, 0.44, 0.3]"
8,3,C8,True,"Yes, because with 8 firms, personalized recommendations will likely reduce search costs significantly (e.g., from a potential 0.14 without sharing to near 0), exceeding my privacy value of 0.05 and maximizing total revenue based on past experiences.",1,"### Decision:
I'll **purchase Firm 1** (choose number 1) because: 
- It offers a positive profit of 0.28, and rationality requires buying when such an option exists.
- Further searching costs 0.02 with uncertain benefits, as the current deal is strong and subsequent firms likely offer lower profits due to decreasing valuation order.","C8 Search #1 (Searched:1/8, SearchCost:0.00, BestProfit:0.28@F1) → Purchase F1",0.23,0.05,"[0.77, 0.98, 0.64, 0.82, 0.8, 0.9, 0.16, 0.49]"
8,3,C9,True,"Yes, because with 8 firms, personalized recommendations will likely reduce search costs significantly (e.g., from potential 0.14 without sharing to near 0.00), outweighing my privacy value of 0.046 and maximizing total revenue based on past experiences.",7,"### Decision:
I'll **purchase Firm 7** because: 
- It offers a positive profit of 0.37, which I must act on per rationality.
- Searching further costs 0.02 with likely minimal gain, as recommendations sort firms optimally.","C9 Search #1 (Searched:1/8, SearchCost:0.00, BestProfit:0.37@F7) → Purchase F7",0.32,0.046,"[0.84, 0.21, 0.57, 0.05, 0.5, 0.69, 0.71, 0.97]"
8,3,C10,True,"Yes, because with 8 firms, personalized recommendations will significantly reduce expected search costs, likely exceeding my low privacy value of 0.029 and maximizing total revenue based on past successful outcomes.",5,"### Decision:  
I'll **purchase Firm 5** (choose number 5) because:  
- Firm 5 offers a positive profit of 0.23, which I can realize immediately.  
- Searching another firm costs 0.02 and is unlikely to yield higher profit, given the personalized sequence sorted by valuation typically shows decreasing returns.","C10 Search #1 (Searched:1/8, SearchCost:0.00, BestProfit:0.23@F5) → Purchase F5",0.2,0.029,"[0.77, 0.36, 0.01, 0.44, 0.83, 0.93, 0.5, 0.56]"
8,3,C11,True,"Yes, because with 8 firms, personalized recommendations will significantly reduce search costs, likely exceeding my privacy value of 0.047 and maximizing total revenue, as shown in my past decisions and top consumers' experiences.",0,"### Decision:
I'll **purchase Firm 0** because: 
- It offers a positive profit of 0.33 with no additional search cost.
- With data sharing and personalized sorting, the first firm is likely the best, making further searches unlikely to improve profit enough to justify the 0.02 cost.","C11 Search #1 (Searched:1/8, SearchCost:0.00, BestProfit:0.33@F0) → Purchase F0",0.28,0.047,"[0.98, 0.07, 0.67, 0.8, 0.38, 0.9, 0.13, 0.08]"
8,3,C12,True,"Yes, because with 8 firms, personalized recommendations will likely reduce search costs significantly (e.g., from a potential high cost without sorting to near zero), exceeding my privacy value of 0.05 and maximizing total revenue based on past experiences.",0,"### Decision:
I'll **purchase Firm 0** (choose number 0) because: 
- It offers a positive profit of 0.32, ensuring an immediate gain.
- Additional searches are unlikely to improve profit due to sorted valuations from data sharing, and the 0.02 search cost would reduce total revenue.","C12 Search #1 (Searched:1/8, SearchCost:0.00, BestProfit:0.32@F0) → Purchase F0",0.27,0.05,"[0.97, 0.53, 0.35, 0.82, 0.13, 0.07, 0.36, 0.2]"
8,3,C13,True,"Yes, because with 8 firms, personalized recommendations will significantly reduce expected search costs (potentially saving more than 0.05), outweighing my privacy value and maximizing total revenue, as evidenced by my past positive experiences and top consumers' outcomes.",7,"### Decision:
I'll **purchase Firm 7** because: 
- It provides a positive profit of 0.28, ensuring a net gain.
- With personalized recommendations sorting valuations highest to lowest, additional searches are unlikely to improve profit and would add a 0.02 cost.","C13 Search #1 (Searched:1/8, SearchCost:0.00, BestProfit:0.38@F7) → Purchase F7",0.33,0.05,"[0.85, 0.74, 0.36, 0.13, 0.42, 0.14, 0.01, 0.98]"
8,3,C14,True,"Yes, because with 8 firms, personalized recommendations will significantly reduce expected search costs, likely saving more than my privacy value of 0.037 and maximizing total revenue based on past experiences.",0,"### Decision:  
I'll **purchase Firm 0** because:  
- It offers a positive profit of 0.31, ensuring a net gain.  
- Searching further costs 0.02 with likely diminishing returns due to the sorted valuation order from personalized recommendations.","C14 Search #1 (Searched:1/8, SearchCost:0.00, BestProfit:0.31@F0) → Purchase F0",0.27,0.037,"[0.96, 0.37, 0.58, 0.28, 0.71, 0.8, 0.72, 0.25]"
8,3,C15,True,"Yes, because with 8 firms, personalized recommendations will likely reduce search costs by more than my privacy value of 0.051, maximizing total revenue based on past benefits.",5,"### Decision:
I'll **purchase Firm 5** because: 
- It offers a positive profit of 0.15, ensuring a net gain.
- Additional searches cost 0.02 and are unlikely to yield a better deal given the sorted recommendation order.","C15 Search #1 (Searched:1/8, SearchCost:0.00, BestProfit:0.15@F5) → Purchase F5",0.1,0.051,"[0.04, 0.04, 0.32, 0.3, 0.14, 0.85, 0.34, 0.84]"
8,3,C16,True,"Yes, because with 8 firms, personalized recommendations will likely reduce search costs substantially, exceeding the privacy cost of 0.046 and maximizing total revenue based on past experiences.",1,"### Decision:
I'll **purchase Firm 1** (choose number 1) because: 
- Firm 1 provides a positive profit of 0.23, ensuring immediate gain.
- With data sharing sorting by highest valuation first, this is likely the best option, and further searches would add unnecessary cost with low expected improvement.","C16 Search #1 (Searched:1/8, SearchCost:0.00, BestProfit:0.23@F1) → Purchase F1",0.18,0.046,"[0.18, 0.93, 0.72, 0.25, 0.05, 0.5, 0.67, 0.55]"
8,3,C17,True,"Yes, because with 8 firms, personalized recommendations will significantly reduce expected search costs, likely exceeding my privacy value of 0.048 and maximizing total revenue based on past positive outcomes.",7,"### Decision:  
I'll **purchase Firm 7** (choose number 7) because:  
- Firm 7 offers a positive profit of 0.39, ensuring immediate gain.  
- With personalized recommendations sorting firms by highest valuation, the first firm is likely optimal, and additional search costs of 0.02 may not justify potential minor improvements.","C17 Search #1 (Searched:1/8, SearchCost:0.00, BestProfit:0.39@F7) → Purchase F7",0.34,0.048,"[0.4, 0.3, 0.22, 0.27, 0.86, 0.5, 0.33, 0.99]"
8,3,C18,True,"Yes, because with 8 firms, personalized recommendations will significantly reduce expected search costs, likely exceeding the privacy cost of 0.041 and maximizing total revenue based on past successful experiences.",6,"### Decision:
I'll **purchase Firm 6** (choose number 6) because: 
- It offers a positive profit of 0.3, ensuring immediate gain.
- Further searches cost 0.02 with uncertain improvement, given personalized sorting by valuation.","C18 Search #1 (Searched:1/8, SearchCost:0.00, BestProfit:0.30@F6) → Purchase F6",0.26,0.041,"[0.56, 0.13, 0.11, 0.76, 0.95, 0.82, 1.0, 0.11]"
8,3,C19,True,"Yes, because with 8 firms, personalized recommendations significantly reduce expected search costs (e.g., from potential 0.14 without sharing to near 0), outweighing my privacy value of 0.046 and maximizing total revenue based on past experiences.",6,"### Decision:
I'll **purchase Firm 6** (choose number 6) because: 
- Firm 6 offers a positive profit of 0.23, ensuring an immediate gain. 
- With data sharing sorting firms by highest valuation first, it is likely the optimal choice, and further searches would cost 0.02 with low expected improvement.","C19 Search #1 (Searched:1/8, SearchCost:0.00, BestProfit:0.23@F6) → Purchase F6",0.18,0.046,"[0.74, 0.7, 0.61, 0.01, 0.56, 0.77, 0.93, 0.35]"
8,3,C20,True,"Yes, because with 8 firms, personalized recommendations will significantly reduce expected search costs (likely saving more than 0.035), outweighing my privacy value and maximizing total revenue based on past experiences.",5,"### Decision:
I'll **purchase Firm 5** because: 
- It offers a positive profit of 0.19, ensuring immediate gain as per rationality.
- The search cost of 0.02 is unlikely to be offset by better deals, given personalized sorting and diminishing returns.","C20 Search #1 (Searched:1/8, SearchCost:0.00, BestProfit:0.19@F5) → Purchase F5",0.16,0.035,"[0.55, 0.64, 0.07, 0.02, 0.77, 0.89, 0.24, 0.17]"
8,4,C1,True,"Yes, because with 8 firms, personalized recommendations will significantly reduce expected search costs (likely saving more than 0.048), outweighing my privacy value and maximizing total revenue based on past positive outcomes and top consumers' experiences.",3,"### Decision:
I'll **purchase Firm 3** because: 
- It offers a positive profit of 0.24, which I must act on rationally as per guidelines.
- With personalized recommendations from data sharing, the first firm is likely the best, making further searches inefficient and costly.","C1 Search #1 (Searched:1/8, SearchCost:0.00, BestProfit:0.24@F3) → Purchase F3",0.19,0.048,"[0.3, 0.12, 0.71, 0.94, 0.77, 0.92, 0.91, 0.37]"
8,4,C2,True,"Yes, because with 8 firms, personalized recommendations significantly reduce expected search costs, likely exceeding the privacy cost of 0.054 and maximizing total revenue based on past successful outcomes.",4,"### Decision:  
I'll **purchase Firm 4** (choose number 4) because:  
- The current firm offers a positive profit of 0.25, ensuring a net gain.  
- Searching further would cost 0.02 with likely diminishing returns due to valuation sorting, making it unprofitable.","C2 Search #1 (Searched:1/8, SearchCost:0.00, BestProfit:0.25@F4) → Purchase F4",0.2,0.054,"[0.05, 0.49, 0.47, 0.8, 0.95, 0.26, 0.56, 0.35]"
8,4,C3,True,"Yes, because with 8 firms, personalized recommendations will likely reduce search costs significantly, exceeding my privacy value of 0.027 and maximizing total revenue based on past positive experiences.",5,"### Decision:
I'll **purchase Firm 5** (choose number 5) because: 
- Current positive profit of 0.29 ensures a good deal and rational decision to buy when available.
- Additional search cost of 0.02 is unlikely to yield better profit given personalized ordering prioritizes high-valuation firms.","C3 Search #1 (Searched:1/8, SearchCost:0.00, BestProfit:0.29@F5) → Purchase F5",0.26,0.027,"[0.72, 0.71, 0.99, 0.59, 0.96, 0.99, 0.56, 0.43]"
8,4,C4,True,"Yes, because with 8 firms, personalized recommendations will likely reduce search costs significantly (e.g., saving more than 0.043), outweighing the privacy cost and maximizing revenue based on past experiences.",6,"### Decision:  
I'll **purchase Firm 6** (choose number 6) because:  
- It offers a positive profit of 0.2, ensuring an immediate gain.  
- Searching another firm costs 0.02 with low expected improvement due to sorted valuations, risking unnecessary expense.","C4 Search #1 (Searched:1/8, SearchCost:0.00, BestProfit:0.20@F6) → Purchase F6",0.16,0.043,"[0.59, 0.69, 0.49, 0.2, 0.5, 0.58, 0.9, 0.68]"
8,4,C5,True,"Yes, because personalized recommendations with 8 firms will likely reduce search costs significantly (e.g., from potential 0.14 without sharing to near 0), outweighing my privacy value of 0.037 and maximizing total revenue, as supported by my consistent positive outcomes and top consumers' strategies.",2,"### Decision:
I'll **purchase Firm 2** (choose number 2) because: 
- It offers a positive profit of 0.26, ensuring a good deal.
- With personalized sorting from data sharing, additional searches are unlikely to yield significant improvements and would incur a search cost of 0.02.","C5 Search #1 (Searched:1/8, SearchCost:0.00, BestProfit:0.26@F2) → Purchase F2",0.22,0.037,"[0.92, 0.82, 0.96, 0.31, 0.87, 0.94, 0.59, 0.75]"
8,4,C6,True,"Yes, because with 8 firms, personalized recommendations will significantly reduce expected search costs, likely exceeding my privacy value of 0.054 and maximizing total revenue based on past positive outcomes.",6,"### Decision:
I'll **purchase Firm 6** because: 
- It offers a positive profit of 0.19.
- With personalized recommendations sorting by highest valuation, additional searches are unlikely to improve profit and would cost 0.02.","C6 Search #1 (Searched:1/8, SearchCost:0.00, BestProfit:0.19@F6) → Purchase F6",0.14,0.054,"[0.22, 0.05, 0.49, 0.08, 0.49, 0.72, 0.89, 0.7]"
8,4,C7,True,"Yes, because with 8 firms, personalized recommendations significantly reduce expected search costs, likely saving more than my privacy value of 0.055 and maximizing total revenue, consistent with past successful outcomes.",4,"### Decision:
I'll **purchase Firm 4** (choose number 4) because: 
- Firm 4 offers a positive profit of 0.18, ensuring a gain.
- With personalized recommendations, it is likely the best option, so additional search costs of 0.02 are not worthwhile.","C7 Search #1 (Searched:1/8, SearchCost:0.00, BestProfit:0.18@F4) → Purchase F4",0.13,0.055,"[0.14, 0.28, 0.13, 0.11, 0.88, 0.02, 0.44, 0.3]"
8,4,C8,True,"Yes, because with 8 firms, personalized recommendations will likely reduce search costs from a potential 0.14 without sharing to near 0, saving more than my privacy value of 0.05 and maximizing total revenue based on past successful outcomes.",1,"### Decision:  
I'll **purchase Firm 1** (choose number 1) because:  
- It offers a positive profit of 0.28, and rationality requires buying when such an option exists.  
- Further searching costs 0.02 with low expected improvement, as subsequent firms likely have lower valuations and profits.","C8 Search #1 (Searched:1/8, SearchCost:0.00, BestProfit:0.28@F1) → Purchase F1",0.23,0.05,"[0.77, 0.98, 0.64, 0.82, 0.8, 0.9, 0.16, 0.49]"
8,4,C9,True,"Yes, because with 8 firms, personalized recommendations will significantly reduce expected search costs and improve product selection, likely saving more than my privacy value of 0.046, based on past positive outcomes and the high value of sorting in a large market.",7,"### Decision:
I'll **purchase Firm 7** because: 
- It provides a positive profit of 0.27 with no additional search cost needed.
- Searching further costs 0.02 and, due to personalized sorting, is unlikely to improve profit significantly, risking reduced net revenue.","C9 Search #1 (Searched:1/8, SearchCost:0.00, BestProfit:0.27@F7) → Purchase F7",0.22,0.046,"[0.84, 0.21, 0.57, 0.05, 0.5, 0.69, 0.71, 0.97]"
8,4,C10,True,"Yes, because with 8 firms, personalized recommendations will likely minimize search costs (e.g., often requiring only one free search), saving more than the privacy cost of 0.029 and maximizing revenue based on past successful outcomes.",5,"### Decision:  
I'll **purchase Firm 5** (choose number 5) because:  
- Firm 5 offers a positive profit of 0.23, which I can realize immediately.  
- Searching another firm costs 0.02 and is unlikely to yield higher profit due to the personalized sequence sorted by decreasing valuation, based on past experiences.","C10 Search #1 (Searched:1/8, SearchCost:0.00, BestProfit:0.23@F5) → Purchase F5",0.2,0.029,"[0.77, 0.36, 0.01, 0.44, 0.83, 0.93, 0.5, 0.56]"
8,4,C11,True,"Yes, because with 8 firms, personalized recommendations will likely reduce search costs and improve matching, outweighing my privacy value of 0.047 and maximizing total revenue, consistent with my past positive outcomes.",0,"### Decision:
I'll **purchase Firm 0** because: 
- It offers a positive profit of 0.28 with no additional search cost.
- With data sharing and personalized sorting, further searches are unlikely to yield a better profit, and the 0.02 search cost would reduce net revenue.","C11 Search #1 (Searched:1/8, SearchCost:0.00, BestProfit:0.28@F0) → Purchase F0",0.23,0.047,"[0.98, 0.07, 0.67, 0.8, 0.38, 0.9, 0.13, 0.08]"
8,4,C12,True,"Yes, because with 8 firms, personalized recommendations will significantly reduce expected search costs and ensure a high-value match, likely saving more than the 0.05 privacy cost and maximizing total revenue based on past successful outcomes.",0,"### Decision:  
I'll **purchase Firm 0** (choose number 0) because:  
- It offers a positive profit of 0.27, ensuring an immediate gain.  
- Additional searches are unlikely to improve profit significantly due to sorted valuations, and the 0.02 search cost would reduce total revenue.","C12 Search #1 (Searched:1/8, SearchCost:0.00, BestProfit:0.27@F0) → Purchase F0",0.22,0.05,"[0.97, 0.53, 0.35, 0.82, 0.13, 0.07, 0.36, 0.2]"
8,4,C13,True,"Yes, because with 8 firms, personalized recommendations will likely reduce expected search costs by more than my privacy value of 0.05, leading to higher total revenue based on past successful outcomes.",7,"### Decision:
I'll **purchase Firm 7** because: 
- It offers a positive profit of 0.28, ensuring a net gain after costs.
- With personalized recommendations sorting valuations highest to lowest, further searches are unlikely to yield better profits and would incur an additional cost of 0.02.","C13 Search #1 (Searched:1/8, SearchCost:0.00, BestProfit:0.28@F7) → Purchase F7",0.23,0.05,"[0.85, 0.74, 0.36, 0.13, 0.42, 0.14, 0.01, 0.98]"
8,4,C14,True,"Yes, because with 8 firms, personalized recommendations will likely reduce search costs by more than my privacy value of 0.037, based on past experiences minimizing searches and maximizing revenue.",0,"### Decision:  
I'll **purchase Firm 0** because:  
- It offers a positive profit of 0.26, ensuring a net gain.  
- Further searching costs 0.02 with likely diminishing returns due to the sorted valuation order from personalized recommendations.","C14 Search #1 (Searched:1/8, SearchCost:0.00, BestProfit:0.26@F0) → Purchase F0",0.22,0.037,"[0.96, 0.37, 0.58, 0.28, 0.71, 0.8, 0.72, 0.25]"
8,4,C15,True,"Yes, because with 8 firms, personalized recommendations will likely reduce search costs by more than my privacy value of 0.051, maximizing total revenue based on past benefits and top consumers' outcomes.",5,"### Decision:  
I'll **purchase Firm 5** (choose number 5) because:  
- It offers a positive profit of 0.15, ensuring a net gain.  
- Additional searches cost 0.02 and are unlikely to yield better deals due to personalized sorting reducing expected benefits.","C15 Search #1 (Searched:1/8, SearchCost:0.00, BestProfit:0.15@F5) → Purchase F5",0.1,0.051,"[0.04, 0.04, 0.32, 0.3, 0.14, 0.85, 0.34, 0.84]"
8,4,C16,True,"Yes, because with 8 firms, personalized recommendations will likely minimize search costs (e.g., avoiding multiple 0.02 searches), exceeding my privacy value of 0.046 and maximizing revenue based on past successful outcomes.",1,"### Decision:
I'll **purchase Firm 1** (choose number 1) because: 
- Firm 1 offers a positive profit of 0.23, ensuring immediate gain.
- With data sharing sorting by highest valuation first, this is likely the best option, and further searches would add unnecessary cost with low expected improvement.","C16 Search #1 (Searched:1/8, SearchCost:0.00, BestProfit:0.23@F1) → Purchase F1",0.18,0.046,"[0.18, 0.93, 0.72, 0.25, 0.05, 0.5, 0.67, 0.55]"
8,4,C17,True,"Yes, because with 8 firms, personalized recommendations will significantly reduce expected search costs (potentially saving more than 0.048), outweighing my privacy value and maximizing total revenue based on past positive outcomes.",7,"### Decision:  
I'll **purchase Firm 7** (choose number 7) because:  
- Firm 7 provides a positive profit of 0.29.  
- Personalized recommendations prioritize high valuation, making further searches unlikely to yield significant improvements over the search cost of 0.02.","C17 Search #1 (Searched:1/8, SearchCost:0.00, BestProfit:0.29@F7) → Purchase F7",0.24,0.048,"[0.4, 0.3, 0.22, 0.27, 0.86, 0.5, 0.33, 0.99]"
8,4,C18,True,"Yes, because with 8 firms, personalized recommendations will likely reduce search costs by more than my privacy value of 0.041, based on past experiences and potential savings.",6,"### Decision:
I'll **purchase Firm 6** (choose number 6) because: 
- It provides a positive profit of 0.3, ensuring immediate gain.
- Additional searches cost 0.02 with uncertain improvement, given personalized sorting by valuation.","C18 Search #1 (Searched:1/8, SearchCost:0.00, BestProfit:0.30@F6) → Purchase F6",0.26,0.041,"[0.56, 0.13, 0.11, 0.76, 0.95, 0.82, 1.0, 0.11]"
8,4,C19,True,"Yes, because with 8 firms, personalized recommendations will likely minimize search costs to nearly zero and provide a high-value first option, outweighing the privacy cost of 0.046 and maximizing total revenue based on past positive experiences.",6,"### Decision:
I'll **purchase Firm 6** (choose number 6) because: 
- Firm 6 provides a positive profit of 0.23 with no additional search cost needed.
- Data sharing ensures it's likely the highest-value option, minimizing risk of better deals outweighing the 0.02 search cost.","C19 Search #1 (Searched:1/8, SearchCost:0.00, BestProfit:0.23@F6) → Purchase F6",0.18,0.046,"[0.74, 0.7, 0.61, 0.01, 0.56, 0.77, 0.93, 0.35]"
8,4,C20,True,"Yes, because with 8 firms, personalized recommendations will significantly reduce expected search costs, likely exceeding the privacy cost of 0.035 and maximizing total revenue based on past positive outcomes.",5,"### Decision:
I'll **purchase Firm 5** because: 
- It offers a positive profit of 0.19, ensuring immediate gain as per rationality.
- The search cost of 0.02 is unlikely to be offset by better deals, given personalized sorting and diminishing returns from additional searches.","C20 Search #1 (Searched:1/8, SearchCost:0.00, BestProfit:0.19@F5) → Purchase F5",0.16,0.035,"[0.55, 0.64, 0.07, 0.02, 0.77, 0.89, 0.24, 0.17]"
8,5,C1,True,"Yes, because with 8 firms, personalized recommendations will likely reduce search costs significantly, exceeding my privacy value of 0.048 and maximizing total revenue based on past positive outcomes.",3,"### Decision:
I'll **purchase Firm 3** because: 
- It provides a positive profit of 0.24, which I must act on rationally.
- With personalized recommendations from data sharing, the first firm is likely the best, making further searches inefficient and costly.","C1 Search #1 (Searched:1/8, SearchCost:0.00, BestProfit:0.24@F3) → Purchase F3",0.19,0.048,"[0.3, 0.12, 0.71, 0.94, 0.77, 0.92, 0.91, 0.37]"
8,5,C2,True,"Yes, because with 8 firms, personalized recommendations significantly reduce expected search costs and provide better initial options, likely outweighing the privacy cost of 0.054 based on past positive outcomes and top consumers' strategies.",4,"### Decision:  
I'll **purchase Firm 4** (choose number 4) because:  
- The current firm offers a positive profit of 0.25 with no additional search cost.  
- Searching further would incur a 0.02 cost with no expected improvement due to personalized sorting prioritizing the highest value first.","C2 Search #1 (Searched:1/8, SearchCost:0.00, BestProfit:0.25@F4) → Purchase F4",0.2,0.054,"[0.05, 0.49, 0.47, 0.8, 0.95, 0.26, 0.56, 0.35]"
8,5,C3,True,"Yes, because with 8 firms, personalized recommendations will likely reduce search costs significantly, exceeding my privacy value of 0.027 and maximizing total revenue based on past positive experiences.",5,"### Decision:
I'll **purchase Firm 5** (choose number 5) because: 
- Positive profit of 0.29 ensures a good deal and rational purchase decision.
- Additional search cost of 0.02 is unlikely to yield better profit given personalized ordering by high valuation.","C3 Search #1 (Searched:1/8, SearchCost:0.00, BestProfit:0.29@F5) → Purchase F5",0.26,0.027,"[0.72, 0.71, 0.99, 0.59, 0.96, 0.99, 0.56, 0.43]"
8,5,C4,True,"Yes, because with 8 firms, personalized recommendations will likely reduce search costs significantly, exceeding the privacy cost of 0.043 and maximizing revenue based on past experiences.",6,"### Decision:  
I'll **purchase Firm 6** (choose number 6) because:  
- It offers a positive profit of 0.2, ensuring an immediate gain.  
- Searching another firm costs 0.02 with low expected improvement due to sorted valuations, risking unnecessary expense.","C4 Search #1 (Searched:1/8, SearchCost:0.00, BestProfit:0.20@F6) → Purchase F6",0.16,0.043,"[0.59, 0.69, 0.49, 0.2, 0.5, 0.58, 0.9, 0.68]"
8,5,C5,True,"Yes, because with 8 firms, personalized recommendations will likely reduce search costs significantly (e.g., from potential 0.14 without sharing to near 0), outweighing my privacy value of 0.037 and maximizing total revenue, as supported by my past positive experiences and top consumers' strategies.",2,"### Decision:
I'll **purchase Firm 2** (choose number 2) because: 
- It offers a positive profit of 0.26, which is rational to accept.
- Personalized sorting suggests additional searches would yield lower expected gains, making further costs of 0.02 inefficient.","C5 Search #1 (Searched:1/8, SearchCost:0.00, BestProfit:0.26@F2) → Purchase F2",0.22,0.037,"[0.92, 0.82, 0.96, 0.31, 0.87, 0.94, 0.59, 0.75]"
8,5,C6,True,"Yes, because with 8 firms, personalized recommendations will likely reduce search costs significantly, exceeding my privacy value of 0.054 and maximizing total revenue based on past experiences.",6,"### Decision:  
I'll **purchase Firm 6** because:  
- It offers a positive profit of 0.19.  
- With personalized recommendations sorting by highest valuation, additional searches are unlikely to improve profit and would incur a search cost of 0.02.","C6 Search #1 (Searched:1/8, SearchCost:0.00, BestProfit:0.19@F6) → Purchase F6",0.14,0.054,"[0.22, 0.05, 0.49, 0.08, 0.49, 0.72, 0.89, 0.7]"
8,5,C7,True,"Yes, because with 8 firms, personalized recommendations will likely reduce search costs and improve product matching, exceeding my privacy value of 0.055 and maximizing total revenue, consistent with past successful decisions.",4,"### Decision:  
I'll **purchase Firm 4** (choose number 4) because:  
- Firm 4 offers a positive profit of 0.18, ensuring a gain.  
- With personalized recommendations sorting by highest valuation, it is likely the best option, and additional search costs of 0.02 are not justified by expected improvement.","C7 Search #1 (Searched:1/8, SearchCost:0.00, BestProfit:0.18@F4) → Purchase F4",0.13,0.055,"[0.14, 0.28, 0.13, 0.11, 0.88, 0.02, 0.44, 0.3]"
8,5,C8,True,"Yes, because with 8 firms, personalized recommendations will likely reduce search costs significantly (e.g., from a potential 0.14 without sharing to near 0), exceeding my privacy value of 0.05 and maximizing total revenue based on past successful outcomes.",1,"### Decision:  
I'll **purchase Firm 1** (choose number 1) because:  
- It offers a positive profit of 0.28, requiring purchase per rationality.  
- Further search costs 0.02 with low expected gain due to decreasing valuation order.","C8 Search #1 (Searched:1/8, SearchCost:0.00, BestProfit:0.28@F1) → Purchase F1",0.23,0.05,"[0.77, 0.98, 0.64, 0.82, 0.8, 0.9, 0.16, 0.49]"
8,5,C9,True,"Yes, because with 8 firms, personalized recommendations will significantly reduce expected search costs (likely saving more than 0.046), outweighing my privacy value and maximizing total revenue based on past positive outcomes.",7,"### Decision:  
I'll **purchase Firm 7** because:  
- It offers a positive profit of 0.27, which I must act on per rationality.  
- Searching further costs 0.02 with uncertain benefits, likely not improving net revenue due to personalized sorting.","C9 Search #1 (Searched:1/8, SearchCost:0.00, BestProfit:0.27@F7) → Purchase F7",0.22,0.046,"[0.84, 0.21, 0.57, 0.05, 0.5, 0.69, 0.71, 0.97]"
8,5,C10,True,"Yes, because with 8 firms, personalized recommendations will likely reduce search costs significantly, exceeding my privacy value of 0.029 and maximizing total revenue based on past positive outcomes.",5,"### Decision:  
I'll **purchase Firm 5** (choose number 5) because:  
- Firm 5 offers a positive profit of 0.23, which I can realize immediately with no additional cost.  
- Searching another firm costs 0.02 and is unlikely to yield a higher profit, given the personalized sequence sorted by decreasing valuation based on past experiences.","C10 Search #1 (Searched:1/8, SearchCost:0.00, BestProfit:0.23@F5) → Purchase F5",0.2,0.029,"[0.77, 0.36, 0.01, 0.44, 0.83, 0.93, 0.5, 0.56]"
8,5,C11,True,"Yes, because with 8 firms, personalized recommendations will significantly reduce expected search costs, likely exceeding my privacy value of 0.047 and maximizing total revenue based on past positive outcomes.",0,"### Decision:
I'll **purchase Firm 0** because: 
- It offers a positive profit of 0.28 with no additional search cost needed.
- With data sharing and personalized recommendations sorting firms by highest value, further searches are unlikely to improve profit enough to justify the 0.02 cost.","C11 Search #1 (Searched:1/8, SearchCost:0.00, BestProfit:0.28@F0) → Purchase F0",0.23,0.047,"[0.98, 0.07, 0.67, 0.8, 0.38, 0.9, 0.13, 0.08]"
8,5,C12,True,"Yes, because with 8 firms, personalized recommendations will likely reduce search costs more than my privacy value of 0.05, maximizing total revenue based on past successful outcomes.",0,"### Decision:  
I'll **purchase Firm 0** (choose number 0) because:  
- It offers a positive profit of 0.27, ensuring an immediate gain.  
- Additional searches are unlikely to improve profit due to sorted valuations from data sharing, and the 0.02 search cost would reduce total revenue.","C12 Search #1 (Searched:1/8, SearchCost:0.00, BestProfit:0.27@F0) → Purchase F0",0.22,0.05,"[0.97, 0.53, 0.35, 0.82, 0.13, 0.07, 0.36, 0.2]"
8,5,C13,True,"Yes, because with 8 firms, personalized recommendations will likely reduce search costs and improve product valuation, saving more than the privacy cost of 0.05, based on past positive outcomes and top consumer experiences.",7,"### Decision:  
I'll **purchase Firm 7** (choose number 7) because:  
- It offers a positive profit of 0.28, ensuring a net gain.  
- With personalized recommendations sorting valuations highest to lowest, further searches are unlikely to yield better profits and would incur an additional cost of 0.02.","C13 Search #1 (Searched:1/8, SearchCost:0.00, BestProfit:0.28@F7) → Purchase F7",0.23,0.05,"[0.85, 0.74, 0.36, 0.13, 0.42, 0.14, 0.01, 0.98]"
8,5,C14,True,"Yes, because with 8 firms, personalized recommendations will significantly reduce expected search costs and ensure access to high-value firms first, likely saving more than the privacy cost of 0.037 and maximizing total revenue based on past successful experiences.",0,"### Decision:  
I'll **purchase Firm 0** because:  
- It offers a positive profit of 0.26, ensuring a net gain.  
- Further searching costs 0.02 with likely diminishing returns due to the sorted valuation order from personalized recommendations.","C14 Search #1 (Searched:1/8, SearchCost:0.00, BestProfit:0.26@F0) → Purchase F0",0.22,0.037,"[0.96, 0.37, 0.58, 0.28, 0.71, 0.8, 0.72, 0.25]"
8,5,C15,True,"Yes, because with 8 firms, personalized recommendations will significantly reduce expected search costs and improve deal quality, likely saving more than my privacy value of 0.051, based on consistent past benefits and top consumers' outcomes.",5,"### Decision:
I'll **purchase Firm 5** (choose number 5) because: 
- It offers a positive profit of 0.15, ensuring a net gain.
- Additional searches cost 0.02 and are unlikely to yield better deals due to personalized sorting reducing expected benefits.","C15 Search #1 (Searched:1/8, SearchCost:0.00, BestProfit:0.15@F5) → Purchase F5",0.1,0.051,"[0.04, 0.04, 0.32, 0.3, 0.14, 0.85, 0.34, 0.84]"
8,5,C16,True,"Yes, because with 8 firms, personalized recommendations will likely minimize search costs by presenting the highest-valuation options first, offsetting the privacy cost of 0.046 and maximizing revenue based on consistent past positive outcomes.",1,"### Decision:
I'll **purchase Firm 1** (choose number 1) because: 
- Firm 1 offers a positive profit of 0.23, ensuring immediate gain.
- With data sharing sorting by highest valuation first, this is likely the best option, and further searches would add unnecessary cost with low expected improvement.","C16 Search #1 (Searched:1/8, SearchCost:0.00, BestProfit:0.23@F1) → Purchase F1",0.18,0.046,"[0.18, 0.93, 0.72, 0.25, 0.05, 0.5, 0.67, 0.55]"
8,5,C17,True,"Yes, because with 8 firms, personalized recommendations will likely reduce search costs by more than my privacy value of 0.048, ensuring higher expected total revenue based on consistent past benefits and minimized search needs.",7,"### Decision:
I'll **purchase Firm 7** (choose number 7) because: 
- Firm 7 offers a positive profit of 0.29, which I must act on as a rational consumer.
- Personalized recommendations sort by highest valuation, making further searches unlikely to improve profit enough to justify the 0.02 search cost.","C17 Search #1 (Searched:1/8, SearchCost:0.00, BestProfit:0.29@F7) → Purchase F7",0.24,0.048,"[0.4, 0.3, 0.22, 0.27, 0.86, 0.5, 0.33, 0.99]"
8,5,C18,True,"Yes, because with 8 firms, personalized recommendations will significantly reduce expected search costs, likely exceeding the privacy value of 0.041 and maximizing total revenue based on consistent past benefits.",6,"### Decision:
I'll **purchase Firm 6** (choose number 6) because: 
- It offers a positive profit of 0.3, ensuring immediate gain.
- Further searches cost 0.02 with uncertain improvement, given personalized sorting by valuation.","C18 Search #1 (Searched:1/8, SearchCost:0.00, BestProfit:0.30@F6) → Purchase F6",0.26,0.041,"[0.56, 0.13, 0.11, 0.76, 0.95, 0.82, 1.0, 0.11]"
8,5,C19,True,"Yes, because with 8 firms, personalized recommendations will likely minimize search costs to nearly zero, providing high-value options first and outweighing the privacy cost of 0.046 to maximize total revenue.",6,"### Decision:
I'll **purchase Firm 6** (choose number 6) because: 
- Firm 6 offers a positive profit of 0.23, ensuring an immediate gain.
- With data sharing sorting by highest valuation, it is likely the best option, and additional search costs 0.02 with low expected improvement.","C19 Search #1 (Searched:1/8, SearchCost:0.00, BestProfit:0.23@F6) → Purchase F6",0.18,0.046,"[0.74, 0.7, 0.61, 0.01, 0.56, 0.77, 0.93, 0.35]"
8,5,C20,True,"Yes, because with 8 firms, personalized recommendations will significantly reduce expected search costs and improve product matching, likely saving more than my privacy value of 0.035, based on past positive experiences maximizing total revenue.",5,"### Decision:
I'll **purchase Firm 5** because: 
- It offers a positive profit of 0.19, ensuring immediate gain as per rationality.
- The search cost of 0.02 is unlikely to be offset by better deals, given personalized sorting and diminishing returns from additional searches.","C20 Search #1 (Searched:1/8, SearchCost:0.00, BestProfit:0.19@F5) → Purchase F5",0.16,0.035,"[0.55, 0.64, 0.07, 0.02, 0.77, 0.89, 0.24, 0.17]"
8,6,C1,True,"Yes, because with 8 firms, personalized recommendations will likely reduce search costs significantly, outweighing my privacy value of 0.048 and maximizing expected total revenue based on past positive outcomes and top consumers' experiences.",3,"### Decision:
I'll **purchase Firm 3** because: 
- It offers a positive profit of 0.24, which I must act on rationally.
- With personalized recommendations from data sharing, this is likely the best option, making further searches inefficient and costly.","C1 Search #1 (Searched:1/8, SearchCost:0.00, BestProfit:0.24@F3) → Purchase F3",0.19,0.048,"[0.3, 0.12, 0.71, 0.94, 0.77, 0.92, 0.91, 0.37]"
8,6,C2,True,"Yes, because with 8 firms, personalized recommendations will significantly reduce search costs and provide a high-value first option, likely outweighing the privacy cost of 0.054 based on past positive outcomes and top consumers' strategies.",4,"### Decision:  
I'll **purchase Firm 4** (choose number 4) because:  
- The firm offers a positive profit of 0.25 with no additional search cost.  
- Further searching would cost 0.02 with likely diminishing returns due to personalized valuation sorting.","C2 Search #1 (Searched:1/8, SearchCost:0.00, BestProfit:0.25@F4) → Purchase F4",0.2,0.054,"[0.05, 0.49, 0.47, 0.8, 0.95, 0.26, 0.56, 0.35]"
8,6,C3,True,"Yes, because with 8 firms, personalized recommendations will likely reduce search costs significantly, exceeding my privacy value of 0.027 and maximizing total revenue based on consistent past benefits.",5,"### Decision:
I'll **purchase Firm 5** (choose number 5) because: 
- Current positive profit of 0.29 ensures a good deal and rational purchase decision.
- Additional search cost of 0.02 is unlikely to yield better profit given personalized ordering by high valuation.","C3 Search #1 (Searched:1/8, SearchCost:0.00, BestProfit:0.29@F5) → Purchase F5",0.26,0.027,"[0.72, 0.71, 0.99, 0.59, 0.96, 0.99, 0.56, 0.43]"
8,6,C4,True,"Yes, because with 8 firms, personalized recommendations will likely reduce search costs significantly, exceeding the privacy cost of 0.043 and maximizing revenue based on past benefits.",6,"### Decision:
I'll **purchase Firm 6** (choose number 6) because: 
- It offers a positive profit of 0.2, ensuring an immediate gain.
- Searching another firm costs 0.02 with low expected improvement due to sorted valuations, risking net loss.","C4 Search #1 (Searched:1/8, SearchCost:0.00, BestProfit:0.20@F6) → Purchase F6",0.16,0.043,"[0.59, 0.69, 0.49, 0.2, 0.5, 0.58, 0.9, 0.68]"
8,6,C5,True,"Yes, because with 8 firms, personalized recommendations will likely reduce search costs significantly (e.g., from potential 0.14 without sharing to near 0), outweighing my privacy value of 0.037 and maximizing total revenue based on past positive experiences and top consumers' strategies.",2,"### Decision:
I'll **purchase Firm 2** (choose number 2) because: 
- It offers a positive profit of 0.26, ensuring a rational purchase.
- With personalized sorting from data sharing, additional searches are unlikely to improve outcomes and would cost 0.02 unnecessarily.","C5 Search #1 (Searched:1/8, SearchCost:0.00, BestProfit:0.26@F2) → Purchase F2",0.22,0.037,"[0.92, 0.82, 0.96, 0.31, 0.87, 0.94, 0.59, 0.75]"
8,6,C6,True,"Yes, because with 8 firms, personalized recommendations will likely reduce search costs significantly, exceeding my privacy value of 0.054 and maximizing total revenue based on past experiences.",6,"### Decision:  
I'll **purchase Firm 6** because:  
- It offers a positive profit of 0.19.  
- With personalized recommendations sorting by highest valuation, additional searches are unlikely to improve profit and would cost 0.02.","C6 Search #1 (Searched:1/8, SearchCost:0.00, BestProfit:0.19@F6) → Purchase F6",0.14,0.054,"[0.22, 0.05, 0.49, 0.08, 0.49, 0.72, 0.89, 0.7]"
8,6,C7,True,"Yes, because with 8 firms, personalized recommendations significantly reduce expected search costs, likely exceeding the privacy value of 0.055 and maximizing total revenue, consistent with past successful decisions.",4,"### Decision:  
I'll **purchase Firm 4** (choose number 4) because:  
- Firm 4 offers a positive profit of 0.18, ensuring a gain.  
- With personalized recommendations sorting by highest valuation, it is likely the best option, and additional search costs of 0.02 are not justified by expected improvement.","C7 Search #1 (Searched:1/8, SearchCost:0.00, BestProfit:0.18@F4) → Purchase F4",0.13,0.055,"[0.14, 0.28, 0.13, 0.11, 0.88, 0.02, 0.44, 0.3]"
8,6,C8,True,"Yes, because with 8 firms, personalized recommendations will significantly reduce expected search costs (likely to near zero after the free first search), saving more than my privacy value of 0.05 and maximizing total revenue based on past successful outcomes.",1,"### Decision:
I'll **purchase Firm 1** (choose number 1) because: 
- It offers a positive profit of 0.28, requiring purchase per rationality.
- Further search costs 0.02 with low expected gain due to decreasing valuation order.","C8 Search #1 (Searched:1/8, SearchCost:0.00, BestProfit:0.28@F1) → Purchase F1",0.23,0.05,"[0.77, 0.98, 0.64, 0.82, 0.8, 0.9, 0.16, 0.49]"
8,6,C9,True,"Yes, because with 8 firms, personalized recommendations will likely reduce search costs significantly, exceeding my privacy value of 0.046 and maximizing total revenue based on past positive outcomes.",7,"### Decision:  
I'll **purchase Firm 7** because:  
- It offers a positive profit of 0.27, ensuring immediate revenue gain.  
- Searching further costs 0.02 with uncertain benefits, unlikely to improve net revenue due to personalized sorting.","C9 Search #1 (Searched:1/8, SearchCost:0.00, BestProfit:0.27@F7) → Purchase F7",0.22,0.046,"[0.84, 0.21, 0.57, 0.05, 0.5, 0.69, 0.71, 0.97]"
8,6,C10,True,"Yes, because with 8 firms, personalized recommendations will likely reduce search costs significantly, exceeding my privacy value of 0.029 and maximizing total revenue based on consistent past benefits.",5,"### Decision:  
I'll **purchase Firm 5** (choose number 5) because:  
- Firm 5 offers a positive profit of 0.23, which I can realize immediately with no additional cost.  
- Searching another firm costs 0.02 and is unlikely to yield a higher profit due to the personalized sequence sorted by decreasing valuation, based on past experiences.","C10 Search #1 (Searched:1/8, SearchCost:0.00, BestProfit:0.23@F5) → Purchase F5",0.2,0.029,"[0.77, 0.36, 0.01, 0.44, 0.83, 0.93, 0.5, 0.56]"
8,6,C11,True,"Yes, because with 8 firms, personalized recommendations significantly reduce expected search costs, likely exceeding my privacy value of 0.047 and maximizing total revenue based on consistent past benefits.",0,"### Decision:
I'll **purchase Firm 0** because: 
- It offers a positive profit of 0.28 with no additional search cost needed.
- With data sharing and personalized sorting, further searches are unlikely to yield a better profit, and the 0.02 cost would reduce net revenue.","C11 Search #1 (Searched:1/8, SearchCost:0.00, BestProfit:0.28@F0) → Purchase F0",0.23,0.047,"[0.98, 0.07, 0.67, 0.8, 0.38, 0.9, 0.13, 0.08]"
8,6,C12,True,"Yes, because with 8 firms, personalized recommendations will reduce search costs and improve expected profit, exceeding the 0.05 privacy value and maximizing revenue based on consistent past benefits.",0,"### Decision:  
I'll **purchase Firm 0** (choose number 0) because:  
- It offers a positive profit of 0.27, ensuring an immediate gain.  
- Additional searches are unlikely to improve profit due to sorted valuations from data sharing, and the 0.02 search cost would reduce total revenue.","C12 Search #1 (Searched:1/8, SearchCost:0.00, BestProfit:0.27@F0) → Purchase F0",0.22,0.05,"[0.97, 0.53, 0.35, 0.82, 0.13, 0.07, 0.36, 0.2]"
8,6,C13,True,"Yes, because with 8 firms, personalized recommendations will likely reduce search costs significantly more than my privacy value of 0.05, based on past successful outcomes and top consumer experiences, thereby maximizing total revenue.",7,"### Decision:
I'll **purchase Firm 7** (choose number 7) because: 
- It offers a positive profit of 0.28, ensuring a net gain after costs.
- With personalized recommendations sorting valuations highest to lowest, further searches are unlikely to yield better profits and would incur an additional cost of 0.02.","C13 Search #1 (Searched:1/8, SearchCost:0.00, BestProfit:0.28@F7) → Purchase F7",0.23,0.05,"[0.85, 0.74, 0.36, 0.13, 0.42, 0.14, 0.01, 0.98]"
8,6,C14,True,"Yes, because with 8 firms, personalized recommendations will likely reduce search costs significantly by minimizing the number of searches needed, outweighing my privacy value of 0.037 based on past successful experiences and observed high-revenue outcomes from other consumers who shared data.",0,"### Decision:
I'll **purchase Firm 0** because: 
- It offers a positive profit of 0.26, ensuring a net gain.
- Further searching costs 0.02 with likely diminishing returns due to sorted valuation order.","C14 Search #1 (Searched:1/8, SearchCost:0.00, BestProfit:0.26@F0) → Purchase F0",0.22,0.037,"[0.96, 0.37, 0.58, 0.28, 0.71, 0.8, 0.72, 0.25]"
8,6,C15,True,"Yes, because with 8 firms, personalized recommendations will likely reduce search costs significantly and improve deal quality, offsetting my privacy value of 0.051 based on consistent past benefits and top consumers' outcomes.",5,"### Decision:  
I'll **purchase Firm 5** (choose number 5) because:  
- It offers a positive profit of 0.15, ensuring a net gain after accounting for privacy cost.  
- Additional searches cost 0.02 and are unlikely to yield better deals, as personalized recommendations sort by valuation, suggesting diminishing returns.","C15 Search #1 (Searched:1/8, SearchCost:0.00, BestProfit:0.15@F5) → Purchase F5",0.1,0.051,"[0.04, 0.04, 0.32, 0.3, 0.14, 0.85, 0.34, 0.84]"
8,6,C16,True,"Yes, because with 8 firms, personalized recommendations will likely minimize search costs and maximize expected valuation, outweighing the privacy cost of 0.046 based on past successful outcomes and reduced search needs.",1,"### Decision:
I'll **purchase Firm 1** (choose number 1) because: 
- Firm 1 offers a positive profit of 0.23, ensuring immediate gain.
- With data sharing sorting by highest valuation first, this is likely the best option, and further searches would add unnecessary cost with low expected improvement.","C16 Search #1 (Searched:1/8, SearchCost:0.00, BestProfit:0.23@F1) → Purchase F1",0.18,0.046,"[0.18, 0.93, 0.72, 0.25, 0.05, 0.5, 0.67, 0.55]"
8,6,C17,True,"Yes, because with 8 firms, personalized recommendations will likely reduce search costs significantly, exceeding my privacy value of 0.048 and maximizing total revenue based on consistent past benefits.",7,"### Decision:  
I'll **purchase Firm 7** (choose number 7) because:  
- Firm 7 offers a positive profit of 0.29, which I must act on as a rational consumer.  
- With personalized recommendations sorting by highest valuation, further searches are unlikely to improve profit enough to justify the 0.02 search cost.","C17 Search #1 (Searched:1/8, SearchCost:0.00, BestProfit:0.29@F7) → Purchase F7",0.24,0.048,"[0.4, 0.3, 0.22, 0.27, 0.86, 0.5, 0.33, 0.99]"
8,6,C18,True,"Yes, because personalized recommendations with 8 firms will likely reduce search costs by more than my privacy value of 0.041, based on past benefits and expected savings.",6,"### Decision:
I'll **purchase Firm 6** (choose number 6) because: 
- It offers a positive profit of 0.3, ensuring immediate gain.
- Further searches cost 0.02 with low expected improvement, given personalized sorting by valuation.","C18 Search #1 (Searched:1/8, SearchCost:0.00, BestProfit:0.30@F6) → Purchase F6",0.26,0.041,"[0.56, 0.13, 0.11, 0.76, 0.95, 0.82, 1.0, 0.11]"
8,6,C19,True,"Yes, because with 8 firms, personalized recommendations will likely minimize search costs significantly, outweighing the privacy value of 0.046 and maximizing total revenue based on past benefits.",6,"### Decision:
I'll **purchase Firm 6** (choose number 6) because: 
- Firm 6 offers a positive profit of 0.23, ensuring an immediate gain.
- With data sharing sorting firms by highest value first, it is likely the optimal choice, and further searches cost 0.02 with low expected improvement.","C19 Search #1 (Searched:1/8, SearchCost:0.00, BestProfit:0.23@F6) → Purchase F6",0.18,0.046,"[0.74, 0.7, 0.61, 0.01, 0.56, 0.77, 0.93, 0.35]"
8,6,C20,True,"Yes, because with 8 firms, personalized recommendations will significantly reduce expected search costs, likely exceeding the privacy cost of 0.035 and maximizing total revenue based on past successful experiences.",5,"### Decision:
I'll **purchase Firm 5** because: 
- It offers a positive profit of 0.19, ensuring immediate gain as per rationality.
- The search cost of 0.02 is unlikely to be offset by better deals, given personalized sorting and diminishing returns from additional searches.","C20 Search #1 (Searched:1/8, SearchCost:0.00, BestProfit:0.19@F5) → Purchase F5",0.16,0.035,"[0.55, 0.64, 0.07, 0.02, 0.77, 0.89, 0.24, 0.17]"
8,7,C1,True,"Yes, because with 8 firms, personalized recommendations will likely reduce search costs significantly, exceeding my privacy value of 0.048 and maximizing expected total revenue based on past benefits.",3,"### Decision:
I'll **purchase Firm 3** because: 
- It offers a positive profit of 0.24, which I must act on rationally.
- With personalized recommendations from data sharing, this is likely the best option, making further searches inefficient and costly.","C1 Search #1 (Searched:1/8, SearchCost:0.00, BestProfit:0.24@F3) → Purchase F3",0.19,0.048,"[0.3, 0.12, 0.71, 0.94, 0.77, 0.92, 0.91, 0.37]"
8,7,C2,True,"Yes, because with 8 firms, personalized recommendations significantly reduce expected search costs, likely exceeding my privacy value of 0.054, based on consistent past benefits and top consumers' successful strategies.",4,"### Decision:  
I'll **purchase Firm 4** (choose number 4) because:  
- The firm offers a positive profit of 0.25 with no additional search cost.  
- Further searching costs 0.02 with likely diminishing returns due to personalized valuation sorting, making it unprofitable.","C2 Search #1 (Searched:1/8, SearchCost:0.00, BestProfit:0.25@F4) → Purchase F4",0.2,0.054,"[0.05, 0.49, 0.47, 0.8, 0.95, 0.26, 0.56, 0.35]"
8,7,C3,True,"Yes, because with 8 firms, personalized recommendations will likely reduce search costs more than my privacy value of 0.027, based on past benefits and maximizing revenue.",5,"### Decision:
I'll **purchase Firm 5** (choose number 5) because: 
- Positive profit of 0.29 ensures a good deal and rational purchase decision.
- Additional search cost of 0.02 is unlikely to yield better profit given personalized ordering by high valuation.","C3 Search #1 (Searched:1/8, SearchCost:0.00, BestProfit:0.29@F5) → Purchase F5",0.26,0.027,"[0.72, 0.71, 0.99, 0.59, 0.96, 0.99, 0.56, 0.43]"
8,7,C4,True,"Yes, because with 8 firms, personalized recommendations will likely reduce search costs significantly (e.g., saving more than 0.043), outweighing the privacy cost and maximizing revenue based on past benefits.",6,"### Decision:  
I'll **purchase Firm 6** (choose number 6) because:  
- It offers a positive profit of 0.2, ensuring an immediate gain.  
- Additional search costs 0.02 with low expected improvement due to sorted valuations, risking unnecessary expense.","C4 Search #1 (Searched:1/8, SearchCost:0.00, BestProfit:0.20@F6) → Purchase F6",0.16,0.043,"[0.59, 0.69, 0.49, 0.2, 0.5, 0.58, 0.9, 0.68]"
8,7,C5,True,"Yes, because with 8 firms, personalized recommendations will likely reduce search costs significantly (e.g., from potential 0.14 without sharing to near 0), outweighing my privacy value of 0.037 and maximizing total revenue based on past positive experiences and top consumers' strategies.",2,"### Decision:
I'll **purchase Firm 2** (choose number 2) because: 
- It offers a positive profit of 0.26, ensuring a rational purchase.
- Personalized recommendations indicate additional searches would yield low expected gains and incur a cost of 0.02.","C5 Search #1 (Searched:1/8, SearchCost:0.00, BestProfit:0.26@F2) → Purchase F2",0.22,0.037,"[0.92, 0.82, 0.96, 0.31, 0.87, 0.94, 0.59, 0.75]"
8,7,C6,True,"Yes, because with 8 firms, personalized recommendations will likely reduce search costs significantly, exceeding my privacy value of 0.054 and maximizing total revenue based on past benefits.",6,"### Decision:  
I'll **purchase Firm 6** because:  
- It offers a positive profit of 0.19.  
- With personalized recommendations sorting by highest valuation, additional searches are unlikely to improve profit and would cost 0.02.","C6 Search #1 (Searched:1/8, SearchCost:0.00, BestProfit:0.19@F6) → Purchase F6",0.14,0.054,"[0.22, 0.05, 0.49, 0.08, 0.49, 0.72, 0.89, 0.7]"
8,7,C7,True,"Yes, because with 8 firms, personalized recommendations greatly reduce search costs and improve matching, outweighing the privacy cost of 0.055 and maximizing expected revenue based on past successful outcomes.",4,"### Decision:  
I'll **purchase Firm 4** (choose number 4) because:  
- Firm 4 offers a positive profit of 0.18, ensuring a gain and adhering to rationality.  
- With personalized recommendations sorting by highest valuation, it is likely the best option, and additional search costs of 0.02 are not justified by expected improvement.","C7 Search #1 (Searched:1/8, SearchCost:0.00, BestProfit:0.18@F4) → Purchase F4",0.13,0.055,"[0.14, 0.28, 0.13, 0.11, 0.88, 0.02, 0.44, 0.3]"
8,7,C8,True,"Yes, because with 8 firms, personalized recommendations will likely reduce search costs significantly (e.g., from a potential 0.14 without sharing to near 0), exceeding my privacy value of 0.05 and maximizing total revenue based on past successful outcomes.",1,"### Decision:
I'll **purchase Firm 1** (choose number 1) because: 
- It offers a positive profit of 0.28, requiring purchase per rationality as I won't leave without buying a positive-profit option.
- Further search costs 0.02 with low expected gain due to decreasing valuation order, making additional searching unlikely to improve net revenue.","C8 Search #1 (Searched:1/8, SearchCost:0.00, BestProfit:0.28@F1) → Purchase F1",0.23,0.05,"[0.77, 0.98, 0.64, 0.82, 0.8, 0.9, 0.16, 0.49]"
8,7,C9,True,"Yes, because with 8 firms, personalized recommendations will likely minimize search costs to nearly zero, saving more than my privacy value of 0.046 and maximizing total revenue, consistent with past positive outcomes.",7,"### Decision:  
I'll **purchase Firm 7** because:  
- It offers a positive profit of 0.27, which I must act on per rationality.  
- Searching further costs 0.02 with uncertain benefits, unlikely to improve net revenue due to personalized sorting.","C9 Search #1 (Searched:1/8, SearchCost:0.00, BestProfit:0.27@F7) → Purchase F7",0.22,0.046,"[0.84, 0.21, 0.57, 0.05, 0.5, 0.69, 0.71, 0.97]"
8,7,C10,True,"Yes, because with 8 firms, personalized recommendations will likely minimize search costs to zero with the first free search, easily exceeding my low privacy value of 0.029 and maximizing revenue based on consistent past benefits.",5,"### Decision:  
I'll **purchase Firm 5** (choose number 5) because:  
- Firm 5 offers a positive profit of 0.23 with no additional cost.  
- Searching another firm costs 0.02 and is unlikely to yield higher profit due to the personalized sequence sorted by decreasing valuation.","C10 Search #1 (Searched:1/8, SearchCost:0.00, BestProfit:0.23@F5) → Purchase F5",0.2,0.029,"[0.77, 0.36, 0.01, 0.44, 0.83, 0.93, 0.5, 0.56]"
8,7,C11,True,"Yes, because with 8 firms, personalized recommendations will significantly reduce expected search costs, likely exceeding my privacy value of 0.047 and maximizing total revenue based on consistent past benefits.",0,"### Decision:
I'll **purchase Firm 0** (choose number 0) because: 
- It offers a positive profit of 0.28 with no additional search cost.
- With data sharing and personalized sorting, further searches are unlikely to improve profit enough to justify the 0.02 cost.","C11 Search #1 (Searched:1/8, SearchCost:0.00, BestProfit:0.28@F0) → Purchase F0",0.23,0.047,"[0.98, 0.07, 0.67, 0.8, 0.38, 0.9, 0.13, 0.08]"
8,7,C12,True,"Yes, because personalized recommendations with 8 firms will likely reduce search costs more than my privacy value of 0.05, based on past benefits and maximizing expected revenue.",0,"### Decision:  
I'll **purchase Firm 0** (choose number 0) because:  
- It offers a positive profit of 0.27, ensuring an immediate gain.  
- Additional searches are unlikely to improve profit due to sorted valuations from data sharing, and the 0.02 search cost would reduce total revenue.","C12 Search #1 (Searched:1/8, SearchCost:0.00, BestProfit:0.27@F0) → Purchase F0",0.22,0.05,"[0.97, 0.53, 0.35, 0.82, 0.13, 0.07, 0.36, 0.2]"
8,7,C13,True,"Yes, because with 8 firms, personalized recommendations will likely reduce search costs significantly more than my privacy value of 0.05, based on past successful outcomes and consistent revenue gains.",7,"### Decision:  
I'll **purchase Firm 7** (choose number 7) because:  
- It offers a positive profit of 0.28, ensuring a net gain.  
- With personalized recommendations sorting valuations highest to lowest, further searches are unlikely to yield better profits and would incur an additional cost of 0.02.","C13 Search #1 (Searched:1/8, SearchCost:0.00, BestProfit:0.28@F7) → Purchase F7",0.23,0.05,"[0.85, 0.74, 0.36, 0.13, 0.42, 0.14, 0.01, 0.98]"
8,7,C14,True,"Yes, because with 8 firms, personalized recommendations will likely reduce search costs significantly, exceeding my privacy value of 0.037 and maximizing total revenue based on consistent past benefits.",0,"### Decision:  
I'll **purchase Firm 0** because:  
- It offers a positive profit of 0.26, ensuring a net gain.  
- Further searching costs 0.02 with likely diminishing returns due to the sorted valuation order from personalized recommendations.","C14 Search #1 (Searched:1/8, SearchCost:0.00, BestProfit:0.26@F0) → Purchase F0",0.22,0.037,"[0.96, 0.37, 0.58, 0.28, 0.71, 0.8, 0.72, 0.25]"
8,7,C15,True,"Yes, because with 8 firms, personalized recommendations will likely reduce search costs by more than my privacy value of 0.051, based on consistent past benefits and expected savings in searches.",5,"### Decision:  
I'll **purchase Firm 5** (choose number 5) because:  
- It offers a positive profit of 0.15, ensuring a net gain as per my rational behavior.  
- Additional searches cost 0.02 and are unlikely to yield better deals due to personalized sorting by highest valuation first, minimizing expected benefits.","C15 Search #1 (Searched:1/8, SearchCost:0.00, BestProfit:0.15@F5) → Purchase F5",0.1,0.051,"[0.04, 0.04, 0.32, 0.3, 0.14, 0.85, 0.34, 0.84]"
8,7,C16,True,"Yes, because with 8 firms, personalized recommendations will likely minimize search costs by presenting the highest-valuation options first, offsetting the privacy cost of 0.046 and maximizing expected revenue based on past successful outcomes.",1,"### Decision:  
I'll **purchase Firm 1** (choose number 1) because:  
- Firm 1 offers a positive profit of 0.23, ensuring immediate gain.  
- With data sharing sorting by highest valuation first, this is likely the best option, and further searches would add unnecessary cost with low expected improvement.","C16 Search #1 (Searched:1/8, SearchCost:0.00, BestProfit:0.23@F1) → Purchase F1",0.18,0.046,"[0.18, 0.93, 0.72, 0.25, 0.05, 0.5, 0.67, 0.55]"
8,7,C17,True,"Yes, because with 8 firms, personalized recommendations will likely reduce search costs by more than my privacy value of 0.048, based on consistent past benefits and maximized revenue.",7,"### Decision:  
I'll **purchase Firm 7** (choose number 7) because:  
- Firm 7 offers a positive profit of 0.29, which I must act on as a rational consumer.  
- With personalized recommendations sorting by highest valuation, further searches are unlikely to yield improvements justifying the 0.02 search cost.","C17 Search #1 (Searched:1/8, SearchCost:0.00, BestProfit:0.29@F7) → Purchase F7",0.24,0.048,"[0.4, 0.3, 0.22, 0.27, 0.86, 0.5, 0.33, 0.99]"
8,7,C18,True,"Yes, because with 8 firms, personalized recommendations will likely reduce search costs by more than my privacy value of 0.041, based on past benefits and expected savings.",6,"### Decision:
I'll **purchase Firm 6** (choose number 6) because: 
- It offers a positive profit of 0.3, ensuring immediate gain.
- With personalized sorting, further searches are unlikely to improve profit and cost 0.02.","C18 Search #1 (Searched:1/8, SearchCost:0.00, BestProfit:0.30@F6) → Purchase F6",0.26,0.041,"[0.56, 0.13, 0.11, 0.76, 0.95, 0.82, 1.0, 0.11]"
8,7,C19,True,"Yes, because with 8 firms, personalized recommendations will likely minimize search costs by more than my privacy value of 0.046, based on past benefits and reduced search needs.",6,"### Decision:  
I'll **purchase Firm 6** (choose number 6) because:  
- Firm 6 offers a positive profit of 0.23, ensuring an immediate gain.  
- With data sharing sorting firms by highest valuation first, it is likely the optimal choice, and further searches cost 0.02 with low expected improvement.","C19 Search #1 (Searched:1/8, SearchCost:0.00, BestProfit:0.23@F6) → Purchase F6",0.18,0.046,"[0.74, 0.7, 0.61, 0.01, 0.56, 0.77, 0.93, 0.35]"
8,7,C20,True,"Yes, because with 8 firms, personalized recommendations will likely reduce search costs significantly by minimizing the number of searches needed, outweighing my privacy value of 0.035 based on past positive outcomes and expected savings in total revenue.",5,"### Decision:
I'll **purchase Firm 5** because: 
- It offers a positive profit of 0.19, ensuring immediate gain as per rationality.
- The search cost of 0.02 is unlikely to be offset by better deals, given personalized sorting and diminishing returns from additional searches.","C20 Search #1 (Searched:1/8, SearchCost:0.00, BestProfit:0.19@F5) → Purchase F5",0.16,0.035,"[0.55, 0.64, 0.07, 0.02, 0.77, 0.89, 0.24, 0.17]"
8,8,C1,True,"Yes, because with 8 firms, personalized recommendations will likely reduce search costs significantly, exceeding my privacy value of 0.048 and maximizing expected revenue based on consistent past benefits and top consumers' experiences.",3,"### Decision:
I'll **purchase Firm 3** because: 
- It offers a positive profit of 0.24, which I must act on rationally.
- With personalized recommendations from data sharing, this is likely the best option, making further searches inefficient and costly.","C1 Search #1 (Searched:1/8, SearchCost:0.00, BestProfit:0.24@F3) → Purchase F3",0.19,0.048,"[0.3, 0.12, 0.71, 0.94, 0.77, 0.92, 0.91, 0.37]"
8,8,C2,True,"Yes, because with 8 firms, personalized recommendations significantly reduce expected search costs, likely exceeding my privacy value of 0.054, based on consistent past benefits and top consumers' successful strategies.",4,"### Decision:  
I'll **purchase Firm 4** (choose number 4) because:  
- The firm offers a positive profit of 0.25 with no additional search cost.  
- Searching further would cost 0.02 with likely diminishing returns due to personalized valuation sorting, making it unprofitable.","C2 Search #1 (Searched:1/8, SearchCost:0.00, BestProfit:0.25@F4) → Purchase F4",0.2,0.054,"[0.05, 0.49, 0.47, 0.8, 0.95, 0.26, 0.56, 0.35]"
8,8,C3,True,"Yes, because personalized recommendations with 8 firms will likely reduce search costs more than my low privacy value of 0.027, based on consistent past benefits and revenue maximization.",5,"### Decision:  
I'll **purchase Firm 5** (choose number 5) because:  
- Positive profit of 0.29 ensures a good deal and rational purchase decision.  
- Additional search cost of 0.02 is unlikely to yield better profit given personalized ordering by high valuation.","C3 Search #1 (Searched:1/8, SearchCost:0.00, BestProfit:0.29@F5) → Purchase F5",0.26,0.027,"[0.72, 0.71, 0.99, 0.59, 0.96, 0.99, 0.56, 0.43]"
8,8,C4,True,"Yes, because with 8 firms, personalized recommendations will likely reduce search costs by more than the privacy value of 0.043, based on past benefits and maximizing revenue.",6,"### Decision:  
I'll **purchase Firm 6** (choose number 6) because:  
- It offers a positive profit of 0.2, ensuring an immediate gain.  
- Searching another firm costs 0.02 with low expected improvement due to sorted valuations, risking unnecessary expense.","C4 Search #1 (Searched:1/8, SearchCost:0.00, BestProfit:0.20@F6) → Purchase F6",0.16,0.043,"[0.59, 0.69, 0.49, 0.2, 0.5, 0.58, 0.9, 0.68]"
8,8,C5,True,"Yes, because with 8 firms, personalized recommendations will likely reduce search costs significantly more than my privacy value of 0.037, based on consistent past benefits and maximized revenue.",2,"### Decision:
I'll **purchase Firm 2** (choose number 2) because: 
- It offers a positive profit of 0.26, ensuring a rational purchase.
- With personalized sorting from data sharing, additional searches are unlikely to yield significant improvements and would incur a cost of 0.02.","C5 Search #1 (Searched:1/8, SearchCost:0.00, BestProfit:0.26@F2) → Purchase F2",0.22,0.037,"[0.92, 0.82, 0.96, 0.31, 0.87, 0.94, 0.59, 0.75]"
8,8,C6,True,"Yes, because with 8 firms, personalized recommendations will likely reduce search costs significantly, exceeding my privacy value of 0.054 and maximizing revenue based on consistent past benefits.",6,"### Decision:
I'll **purchase Firm 6** because:
- It offers a positive profit of 0.19.
- With personalized recommendations sorting by highest valuation, additional searches are unlikely to improve profit and would cost 0.02.","C6 Search #1 (Searched:1/8, SearchCost:0.00, BestProfit:0.19@F6) → Purchase F6",0.14,0.054,"[0.22, 0.05, 0.49, 0.08, 0.49, 0.72, 0.89, 0.7]"
8,8,C7,True,"Yes, because with 8 firms, personalized recommendations will likely reduce search costs more than the privacy value of 0.055, based on past benefits and consistent revenue maximization.",4,"### Decision:  
I'll **purchase Firm 4** (choose number 4) because:  
- Firm 4 offers a positive profit of 0.18, ensuring a gain.  
- With personalized recommendations sorting by highest valuation, it is likely the best option, and additional search costs of 0.02 are not justified by expected improvement.","C7 Search #1 (Searched:1/8, SearchCost:0.00, BestProfit:0.18@F4) → Purchase F4",0.13,0.055,"[0.14, 0.28, 0.13, 0.11, 0.88, 0.02, 0.44, 0.3]"
8,8,C8,True,"Yes, because with 8 firms, personalized recommendations will likely reduce search costs significantly (e.g., from a potential 0.14 without sharing to near 0), exceeding my privacy value of 0.05 and maximizing total revenue based on past successful outcomes.",1,"### Decision:  
I'll **purchase Firm 1** (choose number 1) because:  
- It offers a positive profit of 0.28, requiring purchase per rationality as I won't leave without buying a positive-profit option.  
- Further search costs 0.02 with low expected gain due to decreasing valuation order from personalized recommendations, making additional searching unlikely to improve net revenue.","C8 Search #1 (Searched:1/8, SearchCost:0.00, BestProfit:0.28@F1) → Purchase F1",0.23,0.05,"[0.77, 0.98, 0.64, 0.82, 0.8, 0.9, 0.16, 0.49]"
8,8,C9,True,"Yes, because with 8 firms, personalized recommendations will likely reduce search costs significantly (e.g., from potential 0.14 without sharing to near 0.00), outweighing my privacy value of 0.046 and maximizing total revenue based on past positive outcomes.",7,"### Decision:  
I'll **purchase Firm 7** because:  
- It offers a positive profit of 0.27, ensuring immediate revenue gain.  
- Personalized recommendations indicate it's likely the best option, and further searching would cost 0.02 with minimal expected benefit.","C9 Search #1 (Searched:1/8, SearchCost:0.00, BestProfit:0.27@F7) → Purchase F7",0.22,0.046,"[0.84, 0.21, 0.57, 0.05, 0.5, 0.69, 0.71, 0.97]"
8,8,C10,True,"Yes, because with 8 firms, personalized recommendations will likely minimize search costs to zero with the first free search, easily offsetting my low privacy value of 0.029 and maximizing revenue based on consistent past benefits.",5,"### Decision:  
I'll **purchase Firm 5** (choose number 5) because:  
- Firm 5 offers a positive profit of 0.23 with no additional cost.  
- Searching another firm costs 0.02 and is unlikely to yield higher profit due to the personalized sequence sorted by decreasing valuation.","C10 Search #1 (Searched:1/8, SearchCost:0.00, BestProfit:0.23@F5) → Purchase F5",0.2,0.029,"[0.77, 0.36, 0.01, 0.44, 0.83, 0.93, 0.5, 0.56]"
8,8,C11,True,"Yes, because personalized recommendations with 8 firms will likely reduce search costs more than my privacy value of 0.047, based on consistent past benefits and revenue maximization.",0,"### Decision:
I'll **purchase Firm 0** (choose number 0) because: 
- It offers a positive profit of 0.28 with no additional search cost.
- With data sharing and personalized sorting, further searches are unlikely to yield a better profit, and the 0.02 cost would reduce net revenue.","C11 Search #1 (Searched:1/8, SearchCost:0.00, BestProfit:0.28@F0) → Purchase F0",0.23,0.047,"[0.98, 0.07, 0.67, 0.8, 0.38, 0.9, 0.13, 0.08]"
8,8,C12,True,"Yes, because with 8 firms, personalized recommendations will likely reduce search costs significantly more than my privacy value of 0.05, based on consistent past benefits and maximized revenue.",0,"### Decision:  
I'll **purchase Firm 0** (choose number 0) because:  
- It offers a positive profit of 0.27, ensuring an immediate gain.  
- Additional searches are unlikely to improve profit due to sorted valuations from data sharing, and the 0.02 search cost would reduce total revenue.","C12 Search #1 (Searched:1/8, SearchCost:0.00, BestProfit:0.27@F0) → Purchase F0",0.22,0.05,"[0.97, 0.53, 0.35, 0.82, 0.13, 0.07, 0.36, 0.2]"
8,8,C13,True,"Yes, because with 8 firms, personalized recommendations will likely reduce search costs and improve deal finding more than my privacy value of 0.05, based on past successful outcomes and top consumer experiences.",7,"### Decision:  
I'll **purchase Firm 7** (choose number 7) because:  
- It provides a positive profit of 0.28, guaranteeing a net gain with no additional search costs.  
- Personalized recommendations sort valuations highest to lowest, making further searches unlikely to improve outcomes and costing an extra 0.02.","C13 Search #1 (Searched:1/8, SearchCost:0.00, BestProfit:0.28@F7) → Purchase F7",0.23,0.05,"[0.85, 0.74, 0.36, 0.13, 0.42, 0.14, 0.01, 0.98]"
8,8,C14,True,"Yes, because personalized recommendations with 8 firms likely reduce search costs and improve deal quality more than the privacy cost of 0.037, based on past high-revenue experiences.",0,"### Decision:  
I'll **purchase Firm 0** (choose number 0) because:  
- It offers a positive profit of 0.26, ensuring a net gain.  
- Further searching costs 0.02 with likely diminishing returns due to the sorted valuation order from personalized recommendations.","C14 Search #1 (Searched:1/8, SearchCost:0.00, BestProfit:0.26@F0) → Purchase F0",0.22,0.037,"[0.96, 0.37, 0.58, 0.28, 0.71, 0.8, 0.72, 0.25]"
8,8,C15,True,"Yes, because with 8 firms, personalized recommendations will likely reduce search costs by more than my privacy value of 0.051, based on consistent past benefits and expected savings.",5,"### Decision:
I'll **purchase Firm 5** (choose number 5) because: 
- It offers a positive profit of 0.15, ensuring a net gain as per rational behavior.
- Additional searches cost 0.02 and are unlikely to yield better deals due to personalized sorting by highest valuation first, minimizing expected benefits.","C15 Search #1 (Searched:1/8, SearchCost:0.00, BestProfit:0.15@F5) → Purchase F5",0.1,0.051,"[0.04, 0.04, 0.32, 0.3, 0.14, 0.85, 0.34, 0.84]"
8,8,C16,True,"Yes, because with 8 firms, personalized recommendations will likely minimize search costs by presenting the highest-valuation options first, outweighing the privacy cost of 0.046 based on past successful outcomes and observed benefits from other consumers.",1,"### Decision:
I'll **purchase Firm 1** (choose number 1) because: 
- Firm 1 offers a positive profit of 0.23, ensuring immediate gain.
- With data sharing sorting by highest valuation first, this is likely the best option, and further searches would add unnecessary cost with low expected improvement.","C16 Search #1 (Searched:1/8, SearchCost:0.00, BestProfit:0.23@F1) → Purchase F1",0.18,0.046,"[0.18, 0.93, 0.72, 0.25, 0.05, 0.5, 0.67, 0.55]"
8,8,C17,True,"Yes, because with 8 firms, personalized recommendations will likely reduce search costs by more than my privacy value of 0.048, based on consistent past benefits and maximized revenue.",7,"### Decision:  
I'll **purchase Firm 7** (choose number 7) because:  
- Firm 7 offers a positive profit of 0.29, which I must act on as a rational consumer.  
- With personalized recommendations sorting by highest valuation, further searches are unlikely to improve profit enough to justify the 0.02 search cost.","C17 Search #1 (Searched:1/8, SearchCost:0.00, BestProfit:0.29@F7) → Purchase F7",0.24,0.048,"[0.4, 0.3, 0.22, 0.27, 0.86, 0.5, 0.33, 0.99]"
8,8,C18,True,"Yes, because with 8 firms, personalized recommendations will likely reduce search costs more than my privacy value of 0.041, based on past benefits and expected savings.",6,"### Decision:
I'll **purchase Firm 6** (choose number 6) because: 
- It offers a positive profit of 0.3, ensuring immediate gain.
- Further searches cost 0.02 with uncertain improvement, given personalized sorting by valuation.","C18 Search #1 (Searched:1/8, SearchCost:0.00, BestProfit:0.30@F6) → Purchase F6",0.26,0.041,"[0.56, 0.13, 0.11, 0.76, 0.95, 0.82, 1.0, 0.11]"
8,8,C19,True,"Yes, because with 8 firms, personalized recommendations will likely reduce search costs significantly more than my privacy value of 0.046, based on past benefits and revenue maximization.",6,"### Decision:
I'll **purchase Firm 6** (choose number 6) because: 
- Firm 6 offers a positive profit of 0.23 with no additional search cost.
- Data sharing sorts firms by highest value first, making it likely optimal and reducing risk of better deals justifying the 0.02 search cost.","C19 Search #1 (Searched:1/8, SearchCost:0.00, BestProfit:0.23@F6) → Purchase F6",0.18,0.046,"[0.74, 0.7, 0.61, 0.01, 0.56, 0.77, 0.93, 0.35]"
8,8,C20,True,"Yes, because with 8 firms, personalized recommendations will likely reduce search costs by more than my privacy value of 0.035, based on past benefits and maximizing revenue.",5,"### Decision:
I'll **purchase Firm 5** because: 
- It offers a positive profit of 0.19, ensuring immediate gain as required by rationality.
- The search cost of 0.02 is unlikely to yield a better deal, given personalized sorting and diminishing returns.","C20 Search #1 (Searched:1/8, SearchCost:0.00, BestProfit:0.19@F5) → Purchase F5",0.16,0.035,"[0.55, 0.64, 0.07, 0.02, 0.77, 0.89, 0.24, 0.17]"
8,9,C1,True,"Yes, because with 8 firms, personalized recommendations will likely reduce search costs significantly, exceeding my privacy value of 0.048 and maximizing expected total revenue based on past positive outcomes and top consumers' experiences.",3,"### Decision:
I'll **purchase Firm 3** because: 
- It offers a positive profit of 0.24, which I must act on rationally as per guidelines.
- With personalized recommendations from data sharing, this is likely the best option, making further searches inefficient and costly.","C1 Search #1 (Searched:1/8, SearchCost:0.00, BestProfit:0.24@F3) → Purchase F3",0.19,0.048,"[0.3, 0.12, 0.71, 0.94, 0.77, 0.92, 0.91, 0.37]"
8,9,C2,True,"Yes, because with 8 firms, personalized recommendations significantly reduce expected search costs and provide better initial options, likely outweighing the privacy cost of 0.054 based on past positive outcomes and top consumers' strategies.",4,"### Decision:  
I'll **purchase Firm 4** (choose number 4) because:  
- The firm offers a positive profit of 0.25 with no additional search cost.  
- Searching further would cost 0.02 with likely diminishing returns due to personalized valuation sorting, making it unprofitable.","C2 Search #1 (Searched:1/8, SearchCost:0.00, BestProfit:0.25@F4) → Purchase F4",0.2,0.054,"[0.05, 0.49, 0.47, 0.8, 0.95, 0.26, 0.56, 0.35]"
8,9,C3,True,"Yes, because with 8 firms, personalized recommendations will likely reduce search costs significantly, exceeding my low privacy value of 0.027 and maximizing revenue based on consistent past benefits.",5,"### Decision:  
I'll **purchase Firm 5** (choose number 5) because:  
- Positive profit of 0.29 ensures a good deal and rational purchase decision.  
- Additional search cost of 0.02 is unlikely to yield better profit given personalized ordering by high valuation.","C3 Search #1 (Searched:1/8, SearchCost:0.00, BestProfit:0.29@F5) → Purchase F5",0.26,0.027,"[0.72, 0.71, 0.99, 0.59, 0.96, 0.99, 0.56, 0.43]"
8,9,C4,True,"Yes, because with 8 firms, personalized recommendations are likely to reduce search costs significantly, exceeding the privacy cost of 0.043 based on past benefits and revenue maximization.",6,"### Decision:  
I'll **purchase Firm 6** (choose number 6) because:  
- It offers a positive profit of 0.2, ensuring an immediate gain.  
- Searching another firm costs 0.02 with low expected improvement due to sorted valuations, risking unnecessary expense.","C4 Search #1 (Searched:1/8, SearchCost:0.00, BestProfit:0.20@F6) → Purchase F6",0.16,0.043,"[0.59, 0.69, 0.49, 0.2, 0.5, 0.58, 0.9, 0.68]"
8,9,C5,True,"Yes, because with 8 firms, personalized recommendations will likely reduce search costs significantly (e.g., from potential 0.14 without sharing to near 0), outweighing my privacy value of 0.037 and maximizing total revenue based on past positive experiences and top consumers' strategies.",2,"### Decision:  
I'll **purchase Firm 2** (choose number 2) because:  
- It offers a positive profit of 0.26, ensuring a rational purchase.  
- With personalized sorting from data sharing, additional searches would yield low expected gains and incur a cost of 0.02.","C5 Search #1 (Searched:1/8, SearchCost:0.00, BestProfit:0.26@F2) → Purchase F2",0.22,0.037,"[0.92, 0.82, 0.96, 0.31, 0.87, 0.94, 0.59, 0.75]"
8,9,C6,True,"Yes, because with 8 firms, personalized recommendations will likely reduce search costs and improve product valuation, outweighing my privacy value of 0.054 based on past benefits and revenue maximization.",6,"### Decision:  
I'll **purchase Firm 6** because:  
- It offers a positive profit of 0.19.  
- With personalized recommendations sorting by highest valuation, additional searches are unlikely to improve profit and would cost 0.02.","C6 Search #1 (Searched:1/8, SearchCost:0.00, BestProfit:0.19@F6) → Purchase F6",0.14,0.054,"[0.22, 0.05, 0.49, 0.08, 0.49, 0.72, 0.89, 0.7]"
8,9,C7,True,"Yes, because with 8 firms, personalized recommendations significantly reduce expected search costs and improve product matching, likely outweighing the privacy cost of 0.055 and maximizing total revenue based on past successful outcomes.",4,"### Decision:  
I'll **purchase Firm 4** (choose number 4) because:  
- Firm 4 offers a positive profit of 0.18, ensuring a gain.  
- With personalized recommendations sorting by highest valuation, it is likely the best option, and additional search costs of 0.02 are not justified by expected improvement.","C7 Search #1 (Searched:1/8, SearchCost:0.00, BestProfit:0.18@F4) → Purchase F4",0.13,0.055,"[0.14, 0.28, 0.13, 0.11, 0.88, 0.02, 0.44, 0.3]"
8,9,C8,True,"Yes, because personalized recommendations with 8 firms will likely reduce search costs to near zero, saving more than my privacy value of 0.05 and maximizing total revenue based on past successful outcomes.",1,"### Decision:  
I'll **purchase Firm 1** (choose number 1) because:  
- It offers a positive profit of 0.28, requiring purchase per rationality as I won't leave without buying a positive-profit option.  
- Further search costs 0.02 with low expected gain due to decreasing valuation order from personalized recommendations, unlikely to improve net revenue.","C8 Search #1 (Searched:1/8, SearchCost:0.00, BestProfit:0.28@F1) → Purchase F1",0.23,0.05,"[0.77, 0.98, 0.64, 0.82, 0.8, 0.9, 0.16, 0.49]"
8,9,C9,True,"Yes, because with 8 firms, personalized recommendations will likely reduce search costs significantly (e.g., from potential 0.14 without sharing to near 0.00), outweighing my privacy value of 0.046 and maximizing total revenue based on past positive outcomes.",7,"### Decision:  
I'll **purchase Firm 7** (choose number 7) because:  
- It offers a positive profit of 0.27, ensuring immediate revenue gain.  
- Searching further costs 0.02 with uncertain benefits, unlikely to improve net revenue due to personalized sorting.","C9 Search #1 (Searched:1/8, SearchCost:0.00, BestProfit:0.27@F7) → Purchase F7",0.22,0.046,"[0.84, 0.21, 0.57, 0.05, 0.5, 0.69, 0.71, 0.97]"
8,9,C10,True,"Yes, because with 8 firms, personalized recommendations will likely minimize search costs to nearly zero after the free first search, saving more than my low privacy value of 0.029 and maximizing revenue based on past successful outcomes.",5,"### Decision:  
I'll **purchase Firm 5** (choose number 5) because:  
- Firm 5 offers a positive profit of 0.23, which I can realize immediately with no additional cost.  
- Searching another firm costs 0.02 and is unlikely to yield higher profit due to the personalized sequence sorted by decreasing valuation, based on consistent past experiences.","C10 Search #1 (Searched:1/8, SearchCost:0.00, BestProfit:0.23@F5) → Purchase F5",0.2,0.029,"[0.77, 0.36, 0.01, 0.44, 0.83, 0.93, 0.5, 0.56]"
8,9,C11,True,"Yes, because with 8 firms, personalized recommendations significantly reduce expected search costs, likely exceeding my privacy value of 0.047, and maximizing total revenue based on consistent past benefits and top consumers' experiences.",0,"### Decision:
I'll **purchase Firm 0** (choose number 0) because: 
- It offers a positive profit of 0.28 with no additional search cost.
- With data sharing and personalized sorting from highest to lowest value, further searches are unlikely to improve profit enough to justify the 0.02 cost.","C11 Search #1 (Searched:1/8, SearchCost:0.00, BestProfit:0.28@F0) → Purchase F0",0.23,0.047,"[0.98, 0.07, 0.67, 0.8, 0.38, 0.9, 0.13, 0.08]"
8,9,C12,True,"Yes, because with 8 firms, personalized recommendations will likely reduce search costs more than my privacy value of 0.05, based on past benefits and expected revenue maximization.",0,"### Decision:  
I'll **purchase Firm 0** (choose number 0) because:  
- It offers a positive profit of 0.27, ensuring an immediate gain.  
- Additional searches are unlikely to improve profit due to sorted valuations from data sharing, and the 0.02 search cost would reduce total revenue.","C12 Search #1 (Searched:1/8, SearchCost:0.00, BestProfit:0.27@F0) → Purchase F0",0.22,0.05,"[0.97, 0.53, 0.35, 0.82, 0.13, 0.07, 0.36, 0.2]"
8,9,C13,True,"Yes, because with 8 firms, personalized recommendations will likely reduce search costs more than my privacy value of 0.05, based on past positive outcomes and revenue gains.",7,"### Decision:  
I'll **purchase Firm 7** (choose number 7) because:  
- It provides a positive profit of 0.28, ensuring a net gain with no additional search costs.  
- Personalized recommendations sort valuations highest to lowest, making further searches unlikely to improve outcomes and would add a cost of 0.02.","C13 Search #1 (Searched:1/8, SearchCost:0.00, BestProfit:0.28@F7) → Purchase F7",0.23,0.05,"[0.85, 0.74, 0.36, 0.13, 0.42, 0.14, 0.01, 0.98]"
8,9,C14,True,"Yes, because with 8 firms, personalized recommendations will likely reduce search costs more than my privacy value of 0.037, based on past benefits and revenue maximization.",0,"### Decision:  
I'll **purchase Firm 0** (choose number 0) because:  
- It offers a positive profit of 0.26, ensuring a net gain.  
- Further searching costs 0.02 with likely diminishing returns due to the sorted valuation order from personalized recommendations.","C14 Search #1 (Searched:1/8, SearchCost:0.00, BestProfit:0.26@F0) → Purchase F0",0.22,0.037,"[0.96, 0.37, 0.58, 0.28, 0.71, 0.8, 0.72, 0.25]"
8,9,C15,True,"Yes, because with 8 firms, personalized recommendations will likely reduce search costs by more than my privacy value of 0.051, based on consistent past benefits and expected savings.",5,"### Decision:  
I'll **purchase Firm 5** (choose number 5) because:  
- It offers a positive profit of 0.15, ensuring a net gain as per rational behavior.  
- Additional searches cost 0.02 and are unlikely to yield better deals due to personalized recommendations sorting by highest value first.","C15 Search #1 (Searched:1/8, SearchCost:0.00, BestProfit:0.15@F5) → Purchase F5",0.1,0.051,"[0.04, 0.04, 0.32, 0.3, 0.14, 0.85, 0.34, 0.84]"
8,9,C16,True,"Yes, because with 8 firms, personalized recommendations will likely minimize search costs significantly, outweighing my privacy value of 0.046 and maximizing revenue based on consistent past benefits.",1,"### Decision:  
I'll **purchase Firm 1** (choose number 1) because:  
- Firm 1 offers a positive profit of 0.23, ensuring immediate gain.  
- With data sharing sorting by highest valuation first, this is likely the best option, and further searches would add unnecessary cost with low expected improvement.","C16 Search #1 (Searched:1/8, SearchCost:0.00, BestProfit:0.23@F1) → Purchase F1",0.18,0.046,"[0.18, 0.93, 0.72, 0.25, 0.05, 0.5, 0.67, 0.55]"
8,9,C17,True,"Yes, because with 8 firms, personalized recommendations will likely reduce search costs more than my privacy value of 0.048, based on consistent past benefits and revenue maximization.",7,"### Decision:  
I'll **purchase Firm 7** (choose number 7) because:  
- Firm 7 offers a positive profit of 0.29, which I must act on as a rational consumer.  
- With personalized recommendations sorting by highest valuation, further searches are unlikely to improve profit enough to justify the 0.02 search cost.","C17 Search #1 (Searched:1/8, SearchCost:0.00, BestProfit:0.29@F7) → Purchase F7",0.24,0.048,"[0.4, 0.3, 0.22, 0.27, 0.86, 0.5, 0.33, 0.99]"
8,9,C18,True,"Yes, because with 8 firms, personalized recommendations will likely reduce search costs and ensure a high-value first search, outweighing the privacy cost of 0.041 based on consistent past benefits and revenue maximization.",6,"### Decision:  
I'll **purchase Firm 6** (choose number 6) because:  
- It offers a positive profit of 0.3, ensuring immediate gain and compliance with the rule not to leave without buying.  
- Further searches cost 0.02 with uncertain improvement, given personalized sorting by valuation likely prioritizes high-value options.","C18 Search #1 (Searched:1/8, SearchCost:0.00, BestProfit:0.30@F6) → Purchase F6",0.26,0.041,"[0.56, 0.13, 0.11, 0.76, 0.95, 0.82, 1.0, 0.11]"
8,9,C19,True,"Yes, because with 8 firms, personalized recommendations will likely reduce search costs substantially more than my privacy value of 0.046, based on consistent past benefits and the goal to maximize total revenue.",6,"### Decision:  
I'll **purchase Firm 6** (choose number 6) because:  
- Firm 6 offers a positive profit of 0.23, ensuring an immediate gain.  
- With data sharing sorting firms by highest valuation first, it is likely the optimal choice, and further searches cost 0.02 with low expected improvement.","C19 Search #1 (Searched:1/8, SearchCost:0.00, BestProfit:0.23@F6) → Purchase F6",0.18,0.046,"[0.74, 0.7, 0.61, 0.01, 0.56, 0.77, 0.93, 0.35]"
8,9,C20,True,"Yes, because with 8 firms, personalized recommendations will likely reduce search costs significantly (potentially saving more than 0.035), outweighing my privacy value and maximizing revenue based on past successful experiences.",5,"### Decision:
I'll **purchase Firm 5** because: 
- It offers a positive profit of 0.19, ensuring immediate gain as required by rationality.
- The search cost of 0.02 is unlikely to be offset by better deals, given personalized sorting and diminishing returns from additional searches.","C20 Search #1 (Searched:1/8, SearchCost:0.00, BestProfit:0.19@F5) → Purchase F5",0.16,0.035,"[0.55, 0.64, 0.07, 0.02, 0.77, 0.89, 0.24, 0.17]"
8,10,C1,True,"Yes, because with 8 firms, personalized recommendations will likely reduce search costs significantly, exceeding my privacy value of 0.048 and maximizing expected revenue based on past positive outcomes.",3,"### Decision:
I'll **purchase Firm 3** (choose number 3) because: 
- It offers a positive profit of 0.24, which I must act on rationally as per guidelines.
- With personalized recommendations from data sharing, this is likely the best option, making further searches inefficient and costly.","C1 Search #1 (Searched:1/8, SearchCost:0.00, BestProfit:0.24@F3) → Purchase F3",0.19,0.048,"[0.3, 0.12, 0.71, 0.94, 0.77, 0.92, 0.91, 0.37]"
8,10,C2,True,"Yes, because with 8 firms, personalized recommendations significantly reduce expected search costs and provide a high-value first option, likely outweighing the privacy cost of 0.054 based on consistent past benefits and top consumers' successful strategies.",4,"### Decision:  
I'll **purchase Firm 4** (choose number 4) because:  
- The firm offers a positive profit of 0.25 with no additional search cost.  
- Searching further would cost 0.02 with likely diminishing returns due to personalized valuation sorting, making it unprofitable.","C2 Search #1 (Searched:1/8, SearchCost:0.00, BestProfit:0.25@F4) → Purchase F4",0.2,0.054,"[0.05, 0.49, 0.47, 0.8, 0.95, 0.26, 0.56, 0.35]"
8,10,C3,True,"Yes, because with 8 firms, personalized recommendations will likely reduce search costs significantly, exceeding my low privacy value of 0.027, based on consistent past benefits and revenue maximization.",5,"### Decision:  
I'll **purchase Firm 5** (choose number 5) because:  
- Positive profit of 0.29 ensures a good deal and rational purchase decision.  
- Additional search cost of 0.02 is unlikely to yield better profit given personalized ordering by high valuation.","C3 Search #1 (Searched:1/8, SearchCost:0.00, BestProfit:0.29@F5) → Purchase F5",0.26,0.027,"[0.72, 0.71, 0.99, 0.59, 0.96, 0.99, 0.56, 0.43]"
8,10,C4,True,"Yes, because with 8 firms, personalized recommendations will likely reduce search costs significantly, exceeding the privacy cost of 0.043 and maximizing revenue based on past benefits.",6,"### Decision:  
I'll **purchase Firm 6** (choose number 6) because:  
- It offers a positive profit of 0.2, ensuring an immediate gain.  
- Searching another firm costs 0.02 with low expected improvement due to sorted valuations, risking unnecessary expense.","C4 Search #1 (Searched:1/8, SearchCost:0.00, BestProfit:0.20@F6) → Purchase F6",0.16,0.043,"[0.59, 0.69, 0.49, 0.2, 0.5, 0.58, 0.9, 0.68]"
8,10,C5,True,"Yes, because personalized recommendations with 8 firms will significantly reduce search costs, outweighing my privacy value of 0.037 and maximizing revenue based on past benefits.",2,"### Decision:  
I'll **purchase Firm 2** (choose number 2) because:  
- It offers a positive profit of 0.26, ensuring a rational purchase.  
- With personalized sorting from data sharing, additional searches are unlikely to improve outcomes and would cost 0.02 unnecessarily.","C5 Search #1 (Searched:1/8, SearchCost:0.00, BestProfit:0.26@F2) → Purchase F2",0.22,0.037,"[0.92, 0.82, 0.96, 0.31, 0.87, 0.94, 0.59, 0.75]"
8,10,C6,True,"Yes, because with 8 firms, personalized recommendations will likely reduce search costs significantly, outweighing my privacy value of 0.054 and maximizing revenue based on past consistent benefits.",6,"### Decision:  
I'll **purchase Firm 6** because:  
- It offers a positive profit of 0.19.  
- With personalized recommendations sorting by highest valuation, additional searches are unlikely to improve profit and would cost 0.02.","C6 Search #1 (Searched:1/8, SearchCost:0.00, BestProfit:0.19@F6) → Purchase F6",0.14,0.054,"[0.22, 0.05, 0.49, 0.08, 0.49, 0.72, 0.89, 0.7]"
8,10,C7,True,"Yes, because with 8 firms, personalized recommendations greatly reduce expected search costs, likely exceeding the privacy cost of 0.055 and ensuring a good deal based on past successful outcomes.",4,"### Decision:  
I'll **purchase Firm 4** (choose number 4) because:  
- Firm 4 offers a positive profit of 0.18, ensuring a gain.  
- With personalized recommendations sorting by highest valuation, it is likely the best option, and additional search costs of 0.02 are not justified by expected improvement.","C7 Search #1 (Searched:1/8, SearchCost:0.00, BestProfit:0.18@F4) → Purchase F4",0.13,0.055,"[0.14, 0.28, 0.13, 0.11, 0.88, 0.02, 0.44, 0.3]"
8,10,C8,True,"Yes, because personalized recommendations with 8 firms will likely reduce search costs to near zero, saving more than my privacy value of 0.05 and maximizing total revenue based on past successful outcomes.",1,"### Decision:  
I'll **purchase Firm 1** (choose number 1) because:  
- It offers a positive profit of 0.28, requiring purchase per rationality as I won't leave without buying a positive-profit option.  
- Further search costs 0.02 with low expected gain due to decreasing valuation order from personalized recommendations, unlikely to improve net revenue.","C8 Search #1 (Searched:1/8, SearchCost:0.00, BestProfit:0.28@F1) → Purchase F1",0.23,0.05,"[0.77, 0.98, 0.64, 0.82, 0.8, 0.9, 0.16, 0.49]"
8,10,C9,True,"Yes, because with 8 firms, personalized recommendations will significantly reduce expected search costs, likely saving more than my privacy value of 0.046, based on consistent past benefits and revenue maximization.",7,"### Decision:  
I'll **purchase Firm 7** (choose number 7) because:  
- It offers a positive profit of 0.27, ensuring immediate revenue gain.  
- Searching further costs 0.02 with minimal expected benefit due to personalized sorting.","C9 Search #1 (Searched:1/8, SearchCost:0.00, BestProfit:0.27@F7) → Purchase F7",0.22,0.046,"[0.84, 0.21, 0.57, 0.05, 0.5, 0.69, 0.71, 0.97]"
8,10,C10,True,"Yes, because with 8 firms, personalized recommendations will likely minimize search costs to nearly zero after the free first search, easily outweighing my low privacy value of 0.029 based on consistent past benefits.",5,"### Decision:  
I'll **purchase Firm 5** (choose number 5) because:  
- Firm 5 offers a positive profit of 0.23 with no additional cost.  
- Searching another firm costs 0.02 and is unlikely to yield higher profit due to the personalized sequence sorted by decreasing valuation.","C10 Search #1 (Searched:1/8, SearchCost:0.00, BestProfit:0.23@F5) → Purchase F5",0.2,0.029,"[0.77, 0.36, 0.01, 0.44, 0.83, 0.93, 0.5, 0.56]"
8,10,C11,True,"Yes, because with 8 firms, personalized recommendations will significantly reduce search costs, likely exceeding my privacy value of 0.047 and maximizing revenue based on consistent past benefits.",0,"### Decision:  
I'll **purchase Firm 0** (choose number 0) because:  
- It offers a positive profit of 0.28 with no additional search cost.  
- With data sharing and personalized sorting by highest valuation, further searches are unlikely to yield a better profit, and the 0.02 cost would reduce net revenue.","C11 Search #1 (Searched:1/8, SearchCost:0.00, BestProfit:0.28@F0) → Purchase F0",0.23,0.047,"[0.98, 0.07, 0.67, 0.8, 0.38, 0.9, 0.13, 0.08]"
8,10,C12,True,"Yes, because personalized recommendations with 8 firms will significantly reduce search costs, likely saving more than my privacy value of 0.05, based on consistent past benefits and revenue maximization.",0,"### Decision:  
I'll **purchase Firm 0** (choose number 0) because:  
- It offers a positive profit of 0.27, ensuring an immediate gain.  
- Additional searches are unlikely to improve profit due to sorted valuations from data sharing, and the 0.02 search cost would reduce total revenue.","C12 Search #1 (Searched:1/8, SearchCost:0.00, BestProfit:0.27@F0) → Purchase F0",0.22,0.05,"[0.97, 0.53, 0.35, 0.82, 0.13, 0.07, 0.36, 0.2]"
8,10,C13,True,"Yes, because with 8 firms, personalized recommendations will likely reduce search costs by more than my privacy value of 0.05, based on consistent past revenue gains and minimized search efforts.",7,"### Decision:  
I'll **purchase Firm 7** (choose number 7) because:  
- It offers a positive profit of 0.28, ensuring a net gain with no additional costs.  
- Personalized recommendations sort valuations highest to lowest, making further searches unlikely to improve outcomes and would add a search cost of 0.02.","C13 Search #1 (Searched:1/8, SearchCost:0.00, BestProfit:0.28@F7) → Purchase F7",0.23,0.05,"[0.85, 0.74, 0.36, 0.13, 0.42, 0.14, 0.01, 0.98]"
8,10,C14,True,"Yes, because with 8 firms, personalized recommendations will likely reduce search costs significantly, exceeding my privacy value of 0.037 and maximizing revenue based on past successful experiences.",0,"### Decision:  
I'll **purchase Firm 0** (choose number 0) because:  
- It offers a positive profit of 0.26, ensuring a net gain.  
- Further searching costs 0.02 with likely diminishing returns due to the sorted valuation order from personalized recommendations.","C14 Search #1 (Searched:1/8, SearchCost:0.00, BestProfit:0.26@F0) → Purchase F0",0.22,0.037,"[0.96, 0.37, 0.58, 0.28, 0.71, 0.8, 0.72, 0.25]"
8,10,C15,True,"Yes, because with 8 firms, personalized recommendations will likely reduce search costs by more than my privacy value of 0.051, based on consistent past benefits and expected savings in searches.",5,"### Decision:  
I'll **purchase Firm 5** (choose number 5) because:  
- It offers a positive profit of 0.15, ensuring a net gain.  
- Additional searches cost 0.02 and are unlikely to yield better deals due to personalized recommendations sorting by highest value first.","C15 Search #1 (Searched:1/8, SearchCost:0.00, BestProfit:0.15@F5) → Purchase F5",0.1,0.051,"[0.04, 0.04, 0.32, 0.3, 0.14, 0.85, 0.34, 0.84]"
8,10,C16,True,"Yes, because with 8 firms, personalized recommendations will minimize search costs by prioritizing high-valuation options, outweighing the privacy cost of 0.046 based on consistent past benefits and revenue maximization.",1,"### Decision:  
I'll **purchase Firm 1** (choose number 1) because:  
- Firm 1 offers a positive profit of 0.23, ensuring immediate gain.  
- With data sharing sorting by highest valuation first, this is likely the best option, and further searches would add unnecessary cost with low expected improvement.","C16 Search #1 (Searched:1/8, SearchCost:0.00, BestProfit:0.23@F1) → Purchase F1",0.18,0.046,"[0.18, 0.93, 0.72, 0.25, 0.05, 0.5, 0.67, 0.55]"
8,10,C17,True,"Yes, because personalized recommendations with 8 firms will likely reduce search costs more than my privacy value of 0.048, based on consistent past benefits and revenue maximization.",7,"### Decision:  
I'll **purchase Firm 7** (choose number 7) because:  
- Firm 7 offers a positive profit of 0.29, which I must act on as a rational consumer.  
- With personalized recommendations sorting by highest valuation, further searches are unlikely to yield improvements justifying the 0.02 search cost.","C17 Search #1 (Searched:1/8, SearchCost:0.00, BestProfit:0.29@F7) → Purchase F7",0.24,0.048,"[0.4, 0.3, 0.22, 0.27, 0.86, 0.5, 0.33, 0.99]"
8,10,C18,True,"Yes, because with 8 firms, personalized recommendations will significantly reduce expected search costs, likely exceeding my privacy value of 0.041 and maximizing revenue based on consistent past benefits.",6,"### Decision:  
I'll **purchase Firm 6** (choose number 6) because:  
- It offers a positive profit of 0.3, ensuring immediate gain.  
- Further searches cost 0.02 with uncertain improvement, given personalized sorting by valuation.","C18 Search #1 (Searched:1/8, SearchCost:0.00, BestProfit:0.30@F6) → Purchase F6",0.26,0.041,"[0.56, 0.13, 0.11, 0.76, 0.95, 0.82, 1.0, 0.11]"
8,10,C19,True,"Yes, because with 8 firms, personalized recommendations will minimize search costs to nearly zero, significantly outweighing the privacy cost of 0.046 and maximizing revenue based on consistent past benefits.",6,"### Decision:  
I'll **purchase Firm 6** (choose number 6) because:  
- Firm 6 offers a positive profit of 0.23 with no additional search cost.  
- With data sharing sorting firms by highest value first, it is likely the optimal choice, and further searches cost 0.02 with low expected improvement.","C19 Search #1 (Searched:1/8, SearchCost:0.00, BestProfit:0.23@F6) → Purchase F6",0.18,0.046,"[0.74, 0.7, 0.61, 0.01, 0.56, 0.77, 0.93, 0.35]"
8,10,C20,True,"Yes, because with 8 firms, personalized recommendations will likely reduce search costs by more than my privacy value of 0.035, based on past benefits and revenue maximization.",5,"### Decision:
I'll **purchase Firm 5** because: 
- It offers a positive profit of 0.19, ensuring immediate gain as required by rationality.
- The search cost of 0.02 is unlikely to yield a better deal, given personalized sorting and diminishing returns from additional searches.","C20 Search #1 (Searched:1/8, SearchCost:0.00, BestProfit:0.19@F5) → Purchase F5",0.16,0.035,"[0.55, 0.64, 0.07, 0.02, 0.77, 0.89, 0.24, 0.17]"
