firm_num,round,consumer_id,share,share_reason,final_choice,final_reason,decision_sequence,total_revenue,Privacy_Cost,Valuations
6,1,C1,True,"Yes, because with 6 firms, personalized recommendations will likely reduce search costs significantly, exceeding the privacy cost of 0.052.",2,"### Decision:
I'll **purchase Firm 2** (choose number 2) because: 
- Firm 2 offers a positive profit of 0.04, which I will not forgo per rationality.
- The search cost of 0.02 for another firm is unlikely to be offset by a better deal, given descending valuation sorting.","C1 Search #1 (Searched:1/6, SearchCost:0.00, BestProfit:0.04@F2) → Purchase F2",-0.01,0.052,"[0.13, 0.42, 0.64, 0.61, 0.0, 0.33]"
6,1,C2,True,"Yes, because with 6 firms, personalized recommendations will significantly reduce expected search costs, likely saving more than the privacy cost of 0.042.",4,"### Decision:
I'll **purchase Firm 4** (choose number 4) because: 
- Positive profit of 0.20 is available, ensuring a net gain.
- Additional search costs 0.02 with likely diminishing returns due to valuation sorting.","C2 Search #1 (Searched:1/6, SearchCost:0.00, BestProfit:0.20@F4) → Purchase F4",0.16,0.042,"[0.64, 0.1, 0.2, 0.02, 0.75, 0.05]"
6,1,C3,True,"Yes, because with 6 firms, personalized recommendations will likely reduce search costs significantly, exceeding the privacy cost of 0.031.",5,"### Decision:
I'll **purchase Firm 5** because: 
- It offers a positive profit of 0.25, ensuring a net gain.
- As a rational consumer, I won't leave without buying when a positive profit option is available.","C3 Search #1 (Searched:1/6, SearchCost:0.00, BestProfit:0.25@F5) → Purchase F5",0.22,0.031,"[0.01, 0.64, 0.07, 0.14, 0.16, 0.8]"
6,1,C4,True,"Yes, because the potential reduction in search costs with personalized recommendations for 6 firms likely exceeds the privacy value of 0.028, maximizing expected total revenue.",3,"### Decision:
I'll **purchase Firm 3** because: 
- It offers a positive profit of 0.42, ensuring immediate gain.
- Searching further costs 0.02 with minimal expected improvement due to decreasing valuation order.","C4 Search #1 (Searched:1/6, SearchCost:0.00, BestProfit:0.42@F3) → Purchase F3",0.39,0.028,"[0.52, 0.84, 0.7, 0.97, 0.76, 0.53]"
6,1,C5,True,"Yes, because with 6 firms, personalized recommendations can significantly reduce expected search costs, likely exceeding the privacy cost of 0.028.",4,"### Decision:
I'll **purchase Firm 4** (choose number 4) because: 
- Positive profit of 0.43 is already available.
- Further search costs 0.02 with likely diminishing returns due to sorted valuations.","C5 Search #1 (Searched:1/6, SearchCost:0.00, BestProfit:0.43@F4) → Purchase F4",0.4,0.028,"[0.26, 0.67, 0.07, 0.02, 0.98, 0.6]"
6,1,C6,True,"Yes, because with 6 firms, personalized recommendations will likely reduce search costs by more than the privacy value of 0.05, improving overall revenue.",1,"### Decision:
I'll **purchase Firm 1** because: 
- The firm offers a positive profit of 0.35, ensuring a net revenue of 0.30 after accounting for privacy cost.
- Searching another firm would incur a search cost of 0.02 with low expected gain, given the personalized sorting likely presents high-value options first.","C6 Search #1 (Searched:1/6, SearchCost:0.00, BestProfit:0.35@F1) → Purchase F1",0.3,0.05,"[0.08, 0.9, 0.56, 0.37, 0.73, 0.06]"
6,1,C7,True,"Yes, because with 6 firms, personalized recommendations are likely to significantly reduce search costs by minimizing the number of searches needed, potentially saving more than the privacy cost of 0.034.",3,"### Decision:
I'll **purchase Firm 3** because: 
- It offers a positive profit of 0.38, ensuring a net gain.
- Rationality requires buying when positive profit is available, avoiding unnecessary search costs.","C7 Search #1 (Searched:1/6, SearchCost:0.00, BestProfit:0.38@F3) → Purchase F3",0.35,0.034,"[0.43, 0.86, 0.11, 0.93, 0.71, 0.62]"
6,1,C8,True,"Yes, because with 6 firms, personalized recommendations significantly reduce expected search costs and improve product valuation, likely exceeding the privacy cost of 0.052.",1,"### Decision:
I'll **purchase Firm 1** (choose number 1) because: 
- The firm offers a positive profit of 0.22, which is beneficial to buy immediately.
- With data shared and recommendations sorted by valuation, additional searches are unlikely to improve profit significantly and would incur a cost of 0.02.","C8 Search #1 (Searched:1/6, SearchCost:0.00, BestProfit:0.22@F1) → Purchase F1",0.17,0.052,"[0.5, 0.77, 0.08, 0.05, 0.41, 0.3]"
6,1,C9,True,"Yes, because with 6 firms, personalized recommendations are likely to significantly reduce search costs, potentially saving more than my privacy value of 0.041.",1,"### Decision:
I'll **purchase Firm 1** (choose number 1) because: 
- The firm offers a positive profit of 0.4, which is substantial.
- Searching further would incur a search cost of 0.02 with uncertain benefits, given the personalized sorting likely presents the best option first.","C9 Search #1 (Searched:1/6, SearchCost:0.00, BestProfit:0.40@F1) → Purchase F1",0.36,0.041,"[0.23, 0.95, 0.54, 0.01, 0.27, 0.08]"
6,1,C10,True,"Yes, because with 6 firms, personalized recommendations significantly reduce expected search costs (potentially saving more than the 0.027 privacy cost) by sorting products by valuation, outweighing the privacy concern.",1,"### Decision:
I'll **purchase Firm 1** (choose number 1) because: 
- The firm offers a positive profit of 0.09.
- As a rational consumer, I must buy when positive profit is available from searched firms.","C10 Search #1 (Searched:1/6, SearchCost:0.00, BestProfit:0.09@F1) → Purchase F1",0.06,0.027,"[0.63, 0.64, 0.4, 0.43, 0.07, 0.43]"
6,1,C11,True,"Yes, because with 6 firms, personalized recommendations significantly reduce expected search costs, likely exceeding the privacy cost of 0.051.",1,"### Decision:
I'll **purchase Firm 1** because: 
- The firm offers a positive profit of 0.24, ensuring I won't leave without buying.
- Searching further likely yields diminishing returns due to sorted recommendations, and the search cost of 0.02 outweighs potential gains.","C11 Search #1 (Searched:1/6, SearchCost:0.00, BestProfit:0.24@F1) → Purchase F1",0.19,0.051,"[0.39, 0.79, 0.7, 0.18, 0.66, 0.2]"
6,1,C12,True,"Yes, because with 6 firms, personalized recommendations likely reduce search costs significantly, exceeding the privacy value of 0.038.",1,"### Decision:
I'll **purchase Firm 1** because: 
- Firm 1 offers a positive profit of 0.45, which I can secure immediately.
- Additional search costs 0.02 and is unlikely to yield a better deal given the personalized, valuation-sorted sequence.","C12 Search #1 (Searched:1/6, SearchCost:0.00, BestProfit:0.45@F1) → Purchase F1",0.41,0.038,"[0.55, 1.0, 0.1, 1.0, 0.82, 0.93]"
6,1,C13,True,"Yes  
Reason: Sharing data with 6 firms likely reduces expected search costs significantly (e.g., from 0.04–0.10 without sharing to near 0), exceeding my privacy value of 0.037, thus maximizing net revenue.",5,"### Decision:
I'll **purchase Firm 5** because: 
- The firm offers a positive profit of 0.42, ensuring immediate gain.
- Further searching costs 0.02 with likely diminishing returns due to valuation-sorted sequence.","C13 Search #1 (Searched:1/6, SearchCost:0.00, BestProfit:0.42@F5) → Purchase F5",0.38,0.037,"[0.94, 0.48, 0.75, 0.4, 0.64, 0.97]"
6,1,C14,True,"Yes, because with 6 firms, personalized recommendations are likely to reduce search costs significantly, potentially saving more than the privacy value of 0.051.",0,"### Decision:
I'll **purchase Firm 0** (choose number 0) because: 
- The searched firm offers a positive profit of 0.25, which I can realize immediately.
- According to rationality, I won't leave without buying if a positive profit option exists, avoiding unnecessary search costs.","C14 Search #1 (Searched:1/6, SearchCost:0.00, BestProfit:0.25@F0) → Purchase F0",0.2,0.051,"[0.8, 0.52, 0.1, 0.39, 0.07, 0.36]"
6,1,C15,True,"Yes, because with 6 firms—the maximum number—personalized recommendations will likely reduce search costs substantially by minimizing the number of searches needed, and the potential savings exceed the privacy cost of 0.029.",0,"### Decision:
I'll **purchase Firm 0** (choose number 0) because: 
- It offers a positive profit of 0.34, which I can secure immediately.
- Searching further would incur a cost of 0.02 with uncertain gains, given the sorted recommendation sequence.","C15 Search #1 (Searched:1/6, SearchCost:0.00, BestProfit:0.34@F0) → Purchase F0",0.31,0.029,"[0.89, 0.39, 0.67, 0.84, 0.68, 0.15]"
6,1,C16,True,"Yes, because with 6 firms, personalized recommendations can significantly reduce search costs, likely exceeding the privacy cost of 0.044.",3,"### Decision:
I'll **purchase Firm 3** (choose number 3) because: 
- The firm offers a positive profit of 0.44, ensuring a gain.
- As a rational consumer, I won't leave without buying when positive profit is available.","C16 Search #1 (Searched:1/6, SearchCost:0.00, BestProfit:0.44@F3) → Purchase F3",0.4,0.044,"[0.76, 0.32, 0.05, 0.99, 0.18, 0.42]"
6,1,C17,True,"Yes, because with 6 firms, personalized recommendations will significantly reduce search costs, likely outweighing the privacy cost of 0.048.",0,"### Decision:
I'll **purchase Firm 0** because: 
- It offers a positive profit of 0.43.
- Per rationality rules, I won't leave without buying when positive profit is available.","C17 Search #1 (Searched:1/6, SearchCost:0.00, BestProfit:0.43@F0) → Purchase F0",0.38,0.048,"[0.98, 0.02, 0.18, 0.92, 0.51, 0.5]"
6,1,C18,True,"Yes, because with 6 firms, personalized recommendations significantly reduce expected search costs, likely exceeding the privacy cost of 0.047.",2,"### Decision:
I'll **purchase Firm 2** (choose number 2) because: 
- It offers a positive profit of 0.33, ensuring immediate gain.
- Rationality requires buying when positive profit is available, avoiding unnecessary search costs.","C18 Search #1 (Searched:1/6, SearchCost:0.00, BestProfit:0.33@F2) → Purchase F2",0.28,0.047,"[0.76, 0.5, 0.93, 0.73, 0.81, 0.45]"
6,1,C19,True,"Yes, because with 6 firms, personalized recommendations will significantly reduce search costs, likely saving more than the privacy value of 0.04.",3,"### Decision:
I'll **purchase Firm 3** (choose number 3) because: 
- The firm offers a positive profit of 0.37, ensuring a net gain.
- As a rational consumer, I must buy when positive profit is available and avoid unnecessary search costs.","C19 Search #1 (Searched:1/6, SearchCost:0.00, BestProfit:0.37@F3) → Purchase F3",0.33,0.04,"[0.39, 0.37, 0.26, 0.92, 0.12, 0.09]"
6,1,C20,True,"Yes, because with 6 firms, personalized recommendations will significantly reduce search costs and potentially increase product surplus, outweighing the low privacy cost of 0.036.",2,"### Decision:
I'll **purchase Firm 2** because: 
- Positive profit of 0.32 is available, ensuring immediate gain.
- Additional search would cost 0.02 with uncertain benefits, likely not worth the risk.","C20 Search #1 (Searched:1/6, SearchCost:0.00, BestProfit:0.32@F2) → Purchase F2",0.28,0.036,"[0.34, 0.14, 0.92, 0.75, 0.41, 0.23]"
6,2,C1,False,"No, because my privacy value of 0.052 is high relative to the potential search cost savings from personalized recommendations, and my previous experience with sharing resulted in negative revenue, indicating limited benefit.",-1,"### Decision:
I'll **leave** (choose number -1) because: 
- Both searched firms have negative profits, offering no value.
- Further search costs 0.02 with uncertain benefit, risking increased loss.","C1 Search #1 (Searched:1/6, SearchCost:0.00, BestProfit:-0.27@F5) → Search Next; C1 Search #2 (Searched:2/6, SearchCost:0.02, BestProfit:-0.27@F5) → Leave Market",-0.02,0.052,"[0.13, 0.42, 0.64, 0.61, 0.0, 0.33]"
6,2,C2,True,"Yes, because with 6 firms, personalized recommendations will sort searches by highest valuation, likely minimizing search costs to nearly zero, which outweighs the privacy cost of 0.042 based on past successful outcomes.",4,"### Decision:
I'll **purchase Firm 4** (choose number 4) because: 
- Positive profit of 0.15 ensures a net gain, aligning with rational behavior to avoid leaving without buying.
- Additional search costs 0.02 with likely diminishing returns due to personalized sorting by descending valuation.","C2 Search #1 (Searched:1/6, SearchCost:0.00, BestProfit:0.15@F4) → Purchase F4",0.11,0.042,"[0.64, 0.1, 0.2, 0.02, 0.75, 0.05]"
6,2,C3,True,"Yes, because with 6 firms, personalized recommendations significantly reduce expected search costs, likely exceeding the privacy cost of 0.031, as demonstrated by high-revenue consumers in the history.",5,"### Decision:
I'll **purchase Firm 5** because: 
- It offers a positive profit of 0.2, ensuring a net gain.
- With data shared and search sorted by valuation, subsequent firms likely have lower valuations, making additional search (costing 0.02) unlikely to improve profit significantly.","C3 Search #1 (Searched:1/6, SearchCost:0.00, BestProfit:0.20@F5) → Purchase F5",0.17,0.031,"[0.01, 0.64, 0.07, 0.14, 0.16, 0.8]"
6,2,C4,True,"Yes, because with 6 firms, personalized recommendations minimize search costs and maximize expected profit through better matching, outweighing the privacy cost of 0.028.",3,"### Decision:
I'll **purchase Firm 3** because: 
- It offers a positive profit of 0.37, ensuring immediate gain.
- Further searches cost 0.02 with minimal expected improvement due to decreasing valuation order from personalized recommendations.","C4 Search #1 (Searched:1/6, SearchCost:0.00, BestProfit:0.37@F3) → Purchase F3",0.34,0.028,"[0.52, 0.84, 0.7, 0.97, 0.76, 0.53]"
6,2,C5,True,"Yes, because with 6 firms, personalized recommendations greatly reduce expected search costs, likely exceeding the privacy cost of 0.028, as shown in past high-revenue decisions.",4,"### Decision:
I'll **purchase Firm 4** (choose number 4) because: 
- Positive profit of 0.38 is already available.
- With sorted valuations from data sharing, further searches likely offer diminishing returns, not worth the 0.02 cost.","C5 Search #1 (Searched:1/6, SearchCost:0.00, BestProfit:0.38@F4) → Purchase F4",0.35,0.028,"[0.26, 0.67, 0.07, 0.02, 0.98, 0.6]"
6,2,C6,True,"Yes, because with 6 firms, personalized recommendations will sort products by highest valuation first, likely reducing search costs and increasing expected profit, outweighing the privacy cost of 0.05.",1,"### Decision:
I'll **purchase Firm 1** because: 
- Firm 1 offers a positive profit of 0.3, ensuring a net gain after accounting for costs.
- With personalized recommendations, the first searched firm is likely the best, making additional searches unnecessary and costly.","C6 Search #1 (Searched:1/6, SearchCost:0.00, BestProfit:0.30@F1) → Purchase F1",0.25,0.05,"[0.08, 0.9, 0.56, 0.37, 0.73, 0.06]"
6,2,C7,True,"Yes, because with 6 firms, personalized recommendations significantly reduce expected search costs, likely exceeding the privacy cost of 0.034, as shown in past decisions.",3,"### Decision:
I'll **purchase Firm 3** because: 
- It offers a positive profit of 0.33, ensuring a net gain.
- With personalized recommendations sorted by valuation, additional searches are unlikely to yield better profit and would incur a search cost of 0.02.","C7 Search #1 (Searched:1/6, SearchCost:0.00, BestProfit:0.33@F3) → Purchase F3",0.3,0.034,"[0.43, 0.86, 0.11, 0.93, 0.71, 0.62]"
6,2,C8,True,"Yes, because with 6 firms, personalized recommendations significantly reduce expected search costs and improve product valuation, likely outweighing the privacy cost of 0.052 based on historical consumer outcomes and my previous positive experience.",1,"### Decision:
I'll **purchase Firm 1** (choose number 1) because: 
- The firm offers a positive profit of 0.17, which is rational to accept immediately.
- With data shared and recommendations sorted by valuation, additional searches are unlikely to yield significantly higher profit and would incur a search cost of 0.02.","C8 Search #1 (Searched:1/6, SearchCost:0.00, BestProfit:0.17@F1) → Purchase F1",0.12,0.052,"[0.5, 0.77, 0.08, 0.05, 0.41, 0.3]"
6,2,C9,True,"Yes, because with 6 firms, personalized recommendations will significantly reduce expected search costs, likely exceeding the privacy cost of 0.041.",1,"### Decision:  
I'll **purchase Firm 1** (choose number 1) because:  
- Firm 1 offers a positive profit of 0.35, ensuring a gain.  
- With personalized sorting from data sharing, it's likely the best option, so further search would add unnecessary cost without expected improvement.","C9 Search #1 (Searched:1/6, SearchCost:0.00, BestProfit:0.35@F1) → Purchase F1",0.31,0.041,"[0.23, 0.95, 0.54, 0.01, 0.27, 0.08]"
6,2,C10,True,"Yes, because with 6 firms, personalized recommendations significantly reduce expected search costs by sorting products by valuation, likely exceeding the privacy cost of 0.027.",1,"### Decision:
I'll **purchase Firm 1** (choose number 1) because: 
- The searched firm offers a positive profit of 0.04, and as a rational consumer, I must buy when positive profit is available from searched firms.
- Searching another firm would incur a search cost of 0.02, which is significant relative to the current profit, and given the personalized sorting by valuation, the expected improvement in profit is unlikely to justify the cost.","C10 Search #1 (Searched:1/6, SearchCost:0.00, BestProfit:0.04@F1) → Purchase F1",0.01,0.027,"[0.63, 0.64, 0.4, 0.43, 0.07, 0.43]"
6,2,C11,True,"Yes, because with 6 firms, personalized recommendations significantly reduce expected search costs, likely exceeding the privacy cost of 0.051, as shown by past high-revenue outcomes from sharing data.",1,"### Decision:
I'll **purchase Firm 1** because: 
- Firm 1 offers a positive profit of 0.19, ensuring I won't leave without buying.
- With personalized recommendations sorting products from highest to lowest value, further searches are unlikely to yield a better deal, and the search cost of 0.02 outweighs potential gains.","C11 Search #1 (Searched:1/6, SearchCost:0.00, BestProfit:0.19@F1) → Purchase F1",0.14,0.051,"[0.39, 0.79, 0.7, 0.18, 0.66, 0.2]"
6,2,C12,True,"Yes, because with 6 firms, personalized recommendations will likely reduce search costs significantly, outweighing the privacy cost of 0.038.",1,"### Decision:
I'll **purchase Firm 1** (choose number 1) because: 
- Firm 1 offers a positive profit of 0.4, which I can secure immediately.
- Additional search costs 0.02 and is unlikely to yield a better deal given the personalized, valuation-sorted sequence.","C12 Search #1 (Searched:1/6, SearchCost:0.00, BestProfit:0.40@F1) → Purchase F1",0.36,0.038,"[0.55, 1.0, 0.1, 1.0, 0.82, 0.93]"
6,2,C13,True,"Yes, because with 6 firms, personalized recommendations will likely reduce search costs significantly, exceeding the privacy value of 0.037 and maximizing net revenue.",5,"### Decision:
I'll **purchase Firm 5** because: 
- It offers a positive profit of 0.37, ensuring immediate gain.
- With data sharing, the search is sorted from highest to lowest value, so further searches are unlikely to improve the outcome and would incur additional costs.","C13 Search #1 (Searched:1/6, SearchCost:0.00, BestProfit:0.37@F5) → Purchase F5",0.33,0.037,"[0.94, 0.48, 0.75, 0.4, 0.64, 0.97]"
6,2,C14,True,"Yes, because with 6 firms, personalized recommendations will likely reduce search costs significantly by minimizing the number of searches needed, potentially saving more than the privacy value of 0.051.",0,"### Decision:
I'll **purchase Firm 0** (choose number 0) because: 
- The searched firm offers a positive profit of 0.2, and rationality dictates I won't leave without buying when such an option exists.
- With data shared and search sorted by valuation, additional searches are unlikely to yield significantly better profit, and the 0.02 search cost could reduce net revenue.","C14 Search #1 (Searched:1/6, SearchCost:0.00, BestProfit:0.20@F0) → Purchase F0",0.15,0.051,"[0.8, 0.52, 0.1, 0.39, 0.07, 0.36]"
6,2,C15,True,"Yes, because with 6 firms, personalized recommendations will likely reduce search costs substantially, exceeding the privacy cost of 0.029.",0,"### Decision:
I'll **purchase Firm 0** (choose number 0) because: 
- It offers a positive profit of 0.29, which I can secure immediately.
- Searching further incurs a cost of 0.02 with likely diminishing returns, given the sorted recommendation sequence.","C15 Search #1 (Searched:1/6, SearchCost:0.00, BestProfit:0.29@F0) → Purchase F0",0.26,0.029,"[0.89, 0.39, 0.67, 0.84, 0.68, 0.15]"
6,2,C16,True,"Yes, because with 6 firms, personalized recommendations will likely reduce search costs significantly by minimizing the number of searches needed for a good deal, outweighing the privacy cost of 0.044.",3,"### Decision:
I'll **purchase Firm 3** (choose number 3) because: 
- It offers a positive profit of 0.39, ensuring a gain.
- With personalized recommendations from data sharing, this is likely the best option, and further searching would incur unnecessary cost of 0.02 with low expected improvement.","C16 Search #1 (Searched:1/6, SearchCost:0.00, BestProfit:0.39@F3) → Purchase F3",0.35,0.044,"[0.76, 0.32, 0.05, 0.99, 0.18, 0.42]"
6,2,C17,True,"Yes, because personalized recommendations with 6 firms will likely minimize search costs and maximize product valuation, outweighing the privacy cost of 0.048.",0,"### Decision:
I'll **purchase Firm 0** because: 
- It offers a positive profit of 0.38, requiring purchase per rationality rules.
- Searching more would add unnecessary cost with likely diminishing returns due to sorted recommendations.","C17 Search #1 (Searched:1/6, SearchCost:0.00, BestProfit:0.38@F0) → Purchase F0",0.33,0.048,"[0.98, 0.02, 0.18, 0.92, 0.51, 0.5]"
6,2,C18,True,"Yes, because with 6 firms, personalized recommendations significantly reduce expected search costs and improve deal quality, likely offsetting the privacy cost of 0.047, as supported by past high-revenue outcomes from sharing data.",2,"### Decision:
I'll **purchase Firm 2** (choose number 2) because: 
- It offers a positive profit of 0.38, ensuring immediate gain.
- Rationality requires buying when positive profit is available, avoiding unnecessary search costs.","C18 Search #1 (Searched:1/6, SearchCost:0.00, BestProfit:0.38@F2) → Purchase F2",0.33,0.047,"[0.76, 0.5, 0.93, 0.73, 0.81, 0.45]"
6,2,C19,True,"Yes, because with 6 firms, personalized recommendations will significantly reduce search costs by minimizing the number of searches needed, likely saving more than the privacy value of 0.04.",3,"### Decision:  
I'll **purchase Firm 3** (choose number 3) because:  
- The firm offers a positive profit of 0.32, ensuring a net gain.  
- With personalized recommendations sorting from highest to lowest value, additional searches are unlikely to improve profit enough to justify the 0.02 search cost.","C19 Search #1 (Searched:1/6, SearchCost:0.00, BestProfit:0.32@F3) → Purchase F3",0.28,0.04,"[0.39, 0.37, 0.26, 0.92, 0.12, 0.09]"
6,2,C20,True,"Yes, because with 6 firms, personalized recommendations will significantly reduce search costs and likely yield a better initial deal, outweighing the privacy cost of 0.036.",2,"### Decision:
I'll **purchase Firm 2** because: 
- Positive profit of 0.37 ensures immediate gain.
- Additional search costs 0.02 with low expected improvement due to personalized sorting.","C20 Search #1 (Searched:1/6, SearchCost:0.00, BestProfit:0.37@F2) → Purchase F2",0.33,0.036,"[0.34, 0.14, 0.92, 0.75, 0.41, 0.23]"
6,3,C1,True,"Yes, because with 6 firms, personalized recommendations will likely reduce search costs significantly by enabling quicker access to high-value options, potentially offsetting the privacy cost of 0.052 based on top consumers' positive outcomes and my Round 1 experience showing less loss with sharing.",2,"### Decision:
I'll **purchase Firm 2** (choose number 2) because: 
- Firm 2 offers a positive profit of 0.04, which I must act on per rationality.
- Searching further would incur a 0.02 cost with low likelihood of better profit due to descending valuation sorting.","C1 Search #1 (Searched:1/6, SearchCost:0.00, BestProfit:0.04@F2) → Purchase F2",-0.01,0.052,"[0.13, 0.42, 0.64, 0.61, 0.0, 0.33]"
6,3,C2,True,"Yes, because with 6 firms, personalized recommendations will minimize search costs, likely saving more than the privacy cost of 0.042, based on past successful outcomes and the high value of sorting.",4,"### Decision:
I'll **purchase Firm 4** (choose number 4) because: 
- Positive profit of 0.10 ensures a net gain, aligning with rational behavior to avoid unnecessary costs.
- Additional search costs 0.02 with likely diminishing returns due to valuation sorting, making further searches unprofitable.","C2 Search #1 (Searched:1/6, SearchCost:0.00, BestProfit:0.10@F4) → Purchase F4",0.06,0.042,"[0.64, 0.1, 0.2, 0.02, 0.75, 0.05]"
6,3,C3,True,"Yes, because with 6 firms, personalized recommendations will significantly reduce expected search costs, likely exceeding the privacy cost of 0.031, as supported by past high-revenue consumer decisions and my own history.",5,"### Decision:
I'll **purchase Firm 5** because: 
- It offers a positive profit of 0.15, ensuring a net gain.
- With data shared and search sorted by valuation, subsequent firms likely have lower valuations, making additional search costly and unlikely to yield better profit.","C3 Search #1 (Searched:1/6, SearchCost:0.00, BestProfit:0.15@F5) → Purchase F5",0.12,0.031,"[0.01, 0.64, 0.07, 0.14, 0.16, 0.8]"
6,3,C4,True,"Yes, because with 6 firms, personalized recommendations will likely reduce search costs significantly, exceeding the privacy cost of 0.028 based on past high-revenue outcomes and expected savings.",3,"### Decision:
I'll **purchase Firm 3** because: 
- It offers a positive profit of 0.32, ensuring immediate gain.
- Further searches cost 0.02 with minimal expected improvement due to decreasing valuation order from personalized recommendations.","C4 Search #1 (Searched:1/6, SearchCost:0.00, BestProfit:0.32@F3) → Purchase F3",0.29,0.028,"[0.52, 0.84, 0.7, 0.97, 0.76, 0.53]"
6,3,C5,True,"Yes, because with 6 firms, personalized recommendations will likely reduce search costs substantially, outweighing the privacy cost of 0.028.",4,"### Decision:  
I'll **purchase Firm 4** (choose number 4) because:  
- Positive profit of 0.33 is already available with no additional search cost.  
- Further searches cost 0.02 and likely offer diminishing returns due to sorted valuations.","C5 Search #1 (Searched:1/6, SearchCost:0.00, BestProfit:0.33@F4) → Purchase F4",0.3,0.028,"[0.26, 0.67, 0.07, 0.02, 0.98, 0.6]"
6,3,C6,True,"Yes, because with 6 firms, personalized recommendations will likely reduce search costs by more than the privacy value of 0.05, improving overall revenue based on past experiences.",1,"### Decision:
I'll **purchase Firm 1** because: 
- It offers a positive profit of 0.25, ensuring a net gain.
- Personalized recommendations sort by highest valuation first, making further searches unlikely to improve profit and incurring unnecessary cost.","C6 Search #1 (Searched:1/6, SearchCost:0.00, BestProfit:0.25@F1) → Purchase F1",0.2,0.05,"[0.08, 0.9, 0.56, 0.37, 0.73, 0.06]"
6,3,C7,True,"Yes, because with 6 firms, personalized recommendations significantly reduce expected search costs and improve deal quality, likely outweighing the privacy cost of 0.034, as supported by past successful decisions.",3,"### Decision:
I'll **purchase Firm 3** because: 
- It offers a positive profit of 0.28, ensuring a net gain.
- With personalized recommendations sorting firms by highest value, additional searches are unlikely to yield a better profit and would incur a search cost of 0.02.","C7 Search #1 (Searched:1/6, SearchCost:0.00, BestProfit:0.28@F3) → Purchase F3",0.25,0.034,"[0.43, 0.86, 0.11, 0.93, 0.71, 0.62]"
6,3,C8,True,"Yes, because with 6 firms, personalized recommendations significantly reduce expected search costs, likely exceeding the privacy cost of 0.052, as evidenced by my past positive revenues and the top consumers' successful outcomes.",1,"### Decision:  
I'll **purchase Firm 1** (choose number 1) because:  
- The firm offers a positive profit of 0.12, which is rational to accept immediately.  
- With data shared and recommendations sorted by valuation, additional searches are unlikely to yield significantly higher profit and would incur a search cost of 0.02.","C8 Search #1 (Searched:1/6, SearchCost:0.00, BestProfit:0.12@F1) → Purchase F1",0.07,0.052,"[0.5, 0.77, 0.08, 0.05, 0.41, 0.3]"
6,3,C9,True,"Yes, because with 6 firms, personalized recommendations will likely reduce search costs significantly, outweighing the privacy cost of 0.041.",1,"### Decision:  
I'll **purchase Firm 1** (choose number 1) because:  
- It offers a positive profit of 0.30, ensuring a gain.  
- With personalized sorting from data sharing, it's likely the best option, so further search would incur unnecessary cost without expected improvement.","C9 Search #1 (Searched:1/6, SearchCost:0.00, BestProfit:0.30@F1) → Purchase F1",0.26,0.041,"[0.23, 0.95, 0.54, 0.01, 0.27, 0.08]"
6,3,C10,True,"Yes, because with 6 firms, personalized recommendations will likely reduce search costs significantly, exceeding the 0.027 privacy cost, as supported by past high-revenue sharing decisions.",-1,"### Decision:
I'll **leave** (choose number -1) because: 
- The searched firm has a negative profit of -0.01, so purchasing would reduce revenue.
- With data shared and firms sorted by highest valuation first, additional searches costing 0.02 are unlikely to yield positive profit, outweighing potential gains.","C10 Search #1 (Searched:1/6, SearchCost:0.00, BestProfit:-0.01@F1) → Leave Market",-0.03,0.027,"[0.63, 0.64, 0.4, 0.43, 0.07, 0.43]"
6,3,C11,True,"Yes, because with 6 firms, personalized recommendations greatly reduce expected search costs and ensure a high-value first search, likely offsetting the privacy cost of 0.051, as supported by my past positive revenues and top consumers' strategies.",1,"### Decision:
I'll **purchase Firm 1** because: 
- Firm 1 offers a positive profit of 0.14, ensuring I won't leave without buying.
- With personalized recommendations sorting by highest valuation, further searches are unlikely to improve profit significantly, and the search cost of 0.02 outweighs potential gains.","C11 Search #1 (Searched:1/6, SearchCost:0.00, BestProfit:0.14@F1) → Purchase F1",0.09,0.051,"[0.39, 0.79, 0.7, 0.18, 0.66, 0.2]"
6,3,C12,True,"Yes, because with 6 firms, personalized recommendations will significantly reduce expected search costs, likely outweighing the privacy cost of 0.038, based on historical data showing efficient deals with minimal searches.",1,"### Decision:
I'll **purchase Firm 1** (choose number 1) because: 
- Firm 1 offers a positive profit of 0.35, which I can secure immediately.
- Additional search costs 0.02 and is unlikely to yield a better deal due to the personalized, valuation-sorted sequence reducing expected gains.","C12 Search #1 (Searched:1/6, SearchCost:0.00, BestProfit:0.35@F1) → Purchase F1",0.31,0.038,"[0.55, 1.0, 0.1, 1.0, 0.82, 0.93]"
6,3,C13,True,"Yes, because personalized recommendations with 6 firms will significantly reduce expected search costs, likely exceeding the privacy cost of 0.037 and maximizing net revenue.",5,"### Decision:
I'll **purchase Firm 5** because: 
- It offers a positive profit of 0.32, ensuring an immediate gain.
- With data sharing and sorted recommendations, this is likely the best option, so further searches would add unnecessary costs.","C13 Search #1 (Searched:1/6, SearchCost:0.00, BestProfit:0.32@F5) → Purchase F5",0.28,0.037,"[0.94, 0.48, 0.75, 0.4, 0.64, 0.97]"
6,3,C14,True,"Yes, because with 6 firms, personalized recommendations will significantly reduce search costs by minimizing searches needed for a high-value deal, likely outweighing the privacy cost of 0.051 based on past beneficial experiences and top consumer outcomes.",0,"### Decision:
I'll **purchase Firm 0** (choose number 0) because: 
- The searched firm offers a positive profit of 0.15, and rationality requires buying when such an option exists.
- With data shared and search sorted by highest valuation, additional searches are unlikely to yield better profit, and the 0.02 search cost would reduce net revenue.","C14 Search #1 (Searched:1/6, SearchCost:0.00, BestProfit:0.15@F0) → Purchase F0",0.1,0.051,"[0.8, 0.52, 0.1, 0.39, 0.07, 0.36]"
6,3,C15,True,"Yes, because with 6 firms, personalized recommendations will significantly reduce expected search costs, likely exceeding the privacy cost of 0.029, as supported by past high-revenue outcomes from data sharing.",0,"### Decision:  
I'll **purchase Firm 0** (choose number 0) because:  
- It offers a positive profit of 0.24, ensuring immediate gain.  
- Searching further costs 0.02 with likely diminishing returns, given the sorted recommendations by valuation.","C15 Search #1 (Searched:1/6, SearchCost:0.00, BestProfit:0.24@F0) → Purchase F0",0.21,0.029,"[0.89, 0.39, 0.67, 0.84, 0.68, 0.15]"
6,3,C16,True,"Yes, because with 6 firms, personalized recommendations significantly reduce search costs by minimizing searches needed for a good deal, outweighing the privacy cost of 0.044.",3,"### Decision:  
I'll **purchase Firm 3** (choose number 3) because:  
- It offers a positive profit of 0.34, ensuring a gain.  
- With personalized recommendations from data sharing, this is likely the best option, and further searching would incur a cost of 0.02 with low expected improvement.","C16 Search #1 (Searched:1/6, SearchCost:0.00, BestProfit:0.34@F3) → Purchase F3",0.3,0.044,"[0.76, 0.32, 0.05, 0.99, 0.18, 0.42]"
6,3,C17,True,"Yes, because with 6 firms, personalized recommendations will likely reduce search costs significantly, outweighing the privacy cost of 0.048.",0,"### Decision:
I'll **purchase Firm 0** (choose number 0) because: 
- Firm 0 offers a positive profit of 0.33, requiring purchase per rationality rules.
- With personalized recommendations sorted by valuation, searching more is unlikely to yield a better deal and would add a search cost of 0.02.","C17 Search #1 (Searched:1/6, SearchCost:0.00, BestProfit:0.33@F0) → Purchase F0",0.28,0.048,"[0.98, 0.02, 0.18, 0.92, 0.51, 0.5]"
6,3,C18,True,"Yes, because with 6 firms, personalized recommendations will significantly reduce expected search costs by sorting high-valuation options first, likely outweighing the privacy cost of 0.047 based on past high-revenue outcomes from sharing data.",2,"### Decision:
I'll **purchase Firm 2** (choose number 2) because: 
- It offers a positive profit of 0.33, ensuring immediate gain.
- Personalized recommendations suggest it's likely the best, making further search costly and unnecessary.","C18 Search #1 (Searched:1/6, SearchCost:0.00, BestProfit:0.33@F2) → Purchase F2",0.28,0.047,"[0.76, 0.5, 0.93, 0.73, 0.81, 0.45]"
6,3,C19,True,"Yes, because with 6 firms, personalized recommendations will likely reduce search costs significantly by minimizing searches needed for a good deal, outweighing the privacy cost of 0.04.",3,"### Decision:  
I'll **purchase Firm 3** (choose number 3) because:  
- The firm offers a positive profit of 0.27, ensuring a net gain.  
- With personalized recommendations sorting by valuation, additional searches are unlikely to yield a profit increase justifying the 0.02 search cost.","C19 Search #1 (Searched:1/6, SearchCost:0.00, BestProfit:0.27@F3) → Purchase F3",0.23,0.04,"[0.39, 0.37, 0.26, 0.92, 0.12, 0.09]"
6,3,C20,True,"Yes, because with 6 firms, personalized recommendations will likely provide a high-value first option, significantly reducing search costs and potentially increasing surplus, outweighing the privacy cost of 0.036 based on past successful experiences.",2,"### Decision:
I'll **purchase Firm 2** because: 
- Positive profit of 0.32 ensures immediate gain.
- Additional search costs 0.02 with low expected improvement due to personalized sorting.","C20 Search #1 (Searched:1/6, SearchCost:0.00, BestProfit:0.32@F2) → Purchase F2",0.28,0.036,"[0.34, 0.14, 0.92, 0.75, 0.41, 0.23]"
6,4,C1,True,"Yes, because with 6 firms, personalized recommendations will significantly reduce search costs by sorting high-valuation options first, potentially offsetting the privacy cost of 0.052, as evidenced by top consumers' positive revenues and my history showing less loss with sharing.",-1,"### Decision:
I'll **leave** (choose number -1) because: 
- The only searched firm has negative profit (-0.01), indicating no value in purchasing.
- With data sharing sorting by valuation, the first firm is likely the best, and further search at 0.02 cost offers low expected gain, risking additional loss.","C1 Search #1 (Searched:1/6, SearchCost:0.00, BestProfit:-0.01@F2) → Leave Market",-0.05,0.052,"[0.13, 0.42, 0.64, 0.61, 0.0, 0.33]"
6,4,C2,True,"Yes, because with 6 firms, personalized recommendations will minimize search costs by sorting products by highest valuation first, likely saving more than the privacy cost of 0.042 based on past successful outcomes with low search costs and positive revenue.",4,"### Decision:  
I'll **purchase Firm 4** (choose number 4) because:  
- Positive profit of 0.05 ensures a net gain, aligning with rational behavior to avoid unnecessary costs.  
- Additional search costs 0.02 with likely diminishing returns due to valuation sorting, making further searches unprofitable.","C2 Search #1 (Searched:1/6, SearchCost:0.00, BestProfit:0.05@F4) → Purchase F4",0.01,0.042,"[0.64, 0.1, 0.2, 0.02, 0.75, 0.05]"
6,4,C3,True,"Yes, because with 6 firms, personalized recommendations will likely reduce search costs significantly, exceeding the privacy cost of 0.031.",5,"### Decision:
I'll **purchase Firm 5** (choose number 5) because: 
- It offers a positive profit of 0.1, ensuring a net gain.
- With data shared and search sorted by valuation, subsequent firms likely have lower valuations, making further search costly and unlikely to improve profit.","C3 Search #1 (Searched:1/6, SearchCost:0.00, BestProfit:0.10@F5) → Purchase F5",0.07,0.031,"[0.01, 0.64, 0.07, 0.14, 0.16, 0.8]"
6,4,C4,True,"Yes, because with 6 firms, personalized recommendations will significantly reduce expected search costs and improve deal quality, likely outweighing the privacy cost of 0.028 based on historical high-revenue outcomes from minimal searches.",3,"### Decision:
I'll **purchase Firm 3** because: 
- It offers a positive profit of 0.27, ensuring immediate gain.
- Further searches cost 0.02 with minimal expected improvement due to decreasing valuation order from personalized recommendations.","C4 Search #1 (Searched:1/6, SearchCost:0.00, BestProfit:0.27@F3) → Purchase F3",0.24,0.028,"[0.52, 0.84, 0.7, 0.97, 0.76, 0.53]"
6,4,C5,True,"Yes, because with 6 firms, personalized recommendations will likely reduce search costs substantially, outweighing the privacy cost of 0.028, as supported by my past high-revenue decisions and top consumer strategies.",4,"### Decision:
I'll **purchase Firm 4** (choose number 4) because: 
- Positive profit of 0.28 is already available after the free first search.
- Further search costs 0.02 and likely yields diminishing returns due to sorted valuations from data sharing.","C5 Search #1 (Searched:1/6, SearchCost:0.00, BestProfit:0.28@F4) → Purchase F4",0.25,0.028,"[0.26, 0.67, 0.07, 0.02, 0.98, 0.6]"
6,4,C6,True,"Yes, because with 6 firms, personalized recommendations will likely reduce search costs significantly, outweighing the privacy cost of 0.05 and improving overall revenue based on past experiences.",1,"### Decision:
I'll **purchase Firm 1** (choose number 1) because: 
- It offers a positive profit of 0.3, ensuring a net gain after costs.
- Personalized recommendations likely present the best option first, so additional searches would incur unnecessary cost with low expected improvement.","C6 Search #1 (Searched:1/6, SearchCost:0.00, BestProfit:0.30@F1) → Purchase F1",0.25,0.05,"[0.08, 0.9, 0.56, 0.37, 0.73, 0.06]"
6,4,C7,True,"Yes, because with 6 firms, personalized recommendations significantly reduce expected search costs and improve valuation matches, likely outweighing the privacy cost of 0.034 based on past successful outcomes.",3,"### Decision:
I'll **purchase Firm 3** because: 
- It offers a positive profit of 0.23, ensuring a net gain.
- With personalized recommendations sorting firms by highest valuation, additional searches are unlikely to yield a better profit and would incur a search cost of 0.02.","C7 Search #1 (Searched:1/6, SearchCost:0.00, BestProfit:0.23@F3) → Purchase F3",0.2,0.034,"[0.43, 0.86, 0.11, 0.93, 0.71, 0.62]"
6,4,C8,True,"Yes, because personalized recommendations with 6 firms will significantly reduce expected search costs and improve deal quality, outweighing the privacy cost of 0.052 based on past positive outcomes.",1,"### Decision:
I'll **purchase Firm 1** (choose number 1) because: 
- The firm offers a positive profit of 0.17, which is rational to accept immediately.
- With data shared and recommendations sorted by valuation, additional searches are unlikely to yield significantly higher profit and would incur a search cost of 0.02.","C8 Search #1 (Searched:1/6, SearchCost:0.00, BestProfit:0.17@F1) → Purchase F1",0.12,0.052,"[0.5, 0.77, 0.08, 0.05, 0.41, 0.3]"
6,4,C9,True,"Yes, because with 6 firms, personalized recommendations will likely reduce search costs and provide a high-value option first, outweighing the privacy cost of 0.041 based on historical benefits.",1,"### Decision:  
I'll **purchase Firm 1** (choose number 1) because:  
- It offers a positive profit of 0.35, ensuring a gain.  
- With personalized sorting from data sharing, it's likely the best option, so further search would add unnecessary cost with minimal expected improvement.","C9 Search #1 (Searched:1/6, SearchCost:0.00, BestProfit:0.35@F1) → Purchase F1",0.31,0.041,"[0.23, 0.95, 0.54, 0.01, 0.27, 0.08]"
6,4,C10,True,"Yes, because with 6 firms, personalized recommendations will likely reduce search costs significantly, outweighing the low privacy cost of 0.027, as supported by past high-revenue sharing decisions.",1,"### Decision:
I'll **purchase Firm 1** (choose number 1) because: 
- The searched firm offers a positive profit of 0.04, and as a rational consumer, I must buy when positive profit is available from searched firms.
- Searching another firm would incur a search cost of 0.02, which is significant relative to the current profit, and given the personalized sorting by valuation, the expected improvement is unlikely to justify the cost.","C10 Search #1 (Searched:1/6, SearchCost:0.00, BestProfit:0.04@F1) → Purchase F1",0.01,0.027,"[0.63, 0.64, 0.4, 0.43, 0.07, 0.43]"
6,4,C11,True,"Yes, because with 6 firms, personalized recommendations significantly reduce expected search costs, likely exceeding the privacy cost of 0.051, as supported by past positive revenues and top consumers' successful strategies.",1,"### Decision:
I'll **purchase Firm 1** because: 
- The firm offers a positive profit of 0.19, ensuring a gain without risk of loss.
- With personalized recommendations sorting by highest valuation, further searches are unlikely to yield a better deal, and the search cost of 0.02 outweighs potential gains.","C11 Search #1 (Searched:1/6, SearchCost:0.00, BestProfit:0.19@F1) → Purchase F1",0.14,0.051,"[0.39, 0.79, 0.7, 0.18, 0.66, 0.2]"
6,4,C12,True,"Yes, because with 6 firms, personalized recommendations will significantly reduce search costs, likely outweighing the privacy cost of 0.038 based on historical data showing efficient deals with minimal searches.",1,"### Decision:
I'll **purchase Firm 1** (choose number 1) because: 
- Firm 1 offers a positive profit of 0.4, which I can secure immediately.
- Additional search costs 0.02 and is unlikely to yield a better deal due to the personalized, valuation-sorted sequence.","C12 Search #1 (Searched:1/6, SearchCost:0.00, BestProfit:0.40@F1) → Purchase F1",0.36,0.038,"[0.55, 1.0, 0.1, 1.0, 0.82, 0.93]"
6,4,C13,True,"Yes, because personalized recommendations with 6 firms will significantly reduce expected search costs, likely exceeding the privacy cost of 0.037 and maximizing net revenue, based on historical benefits and efficient deals with minimal searches.",5,"### Decision:
I'll **purchase Firm 5** because: 
- It offers a positive profit of 0.27, ensuring an immediate gain.
- With data sharing and sorted recommendations, this is likely the best option, so further searches would add unnecessary costs.","C13 Search #1 (Searched:1/6, SearchCost:0.00, BestProfit:0.27@F5) → Purchase F5",0.23,0.037,"[0.94, 0.48, 0.75, 0.4, 0.64, 0.97]"
6,4,C14,True,"Yes, because with 6 firms, personalized recommendations will likely reduce search costs and improve deal quality, outweighing the privacy cost of 0.051 based on past beneficial experiences and top consumer outcomes.",0,"### Decision:
I'll **purchase Firm 0** (choose number 0) because: 
- The searched firm offers a positive profit of 0.1, and rationality requires buying when such an option exists.
- With data shared and search sorted by highest valuation, additional searches are unlikely to yield better profit, and the 0.02 search cost would reduce net revenue.","C14 Search #1 (Searched:1/6, SearchCost:0.00, BestProfit:0.10@F0) → Purchase F0",0.05,0.051,"[0.8, 0.52, 0.1, 0.39, 0.07, 0.36]"
6,4,C15,True,"Yes, because with 6 firms, personalized recommendations will significantly reduce search costs by minimizing searches needed for a good deal, outweighing the low privacy cost of 0.029, as supported by my consistent high-revenue history and top consumers' success.",0,"### Decision:  
I'll **purchase Firm 0** (choose number 0) because:  
- It offers a positive profit of 0.19, ensuring immediate gain.  
- Searching further costs 0.02 with likely diminishing returns, given the personalized sorting by valuation.","C15 Search #1 (Searched:1/6, SearchCost:0.00, BestProfit:0.19@F0) → Purchase F0",0.16,0.029,"[0.89, 0.39, 0.67, 0.84, 0.68, 0.15]"
6,4,C16,True,"Yes, because with 6 firms, personalized recommendations will likely reduce search costs and improve deal quality, outweighing the privacy cost of 0.044 based on historical positive outcomes.",3,"### Decision:  
I'll **purchase Firm 3** (choose number 3) because:  
- It offers a positive profit of 0.29, ensuring a gain.  
- With personalized recommendations from data sharing, this is likely the best option, and further searching would incur a cost of 0.02 with low expected improvement.","C16 Search #1 (Searched:1/6, SearchCost:0.00, BestProfit:0.29@F3) → Purchase F3",0.25,0.044,"[0.76, 0.32, 0.05, 0.99, 0.18, 0.42]"
6,4,C17,True,"Yes, because with 6 firms, personalized recommendations will significantly reduce search costs by minimizing the number of searches needed, likely outweighing the privacy cost of 0.048 based on consistent positive outcomes in past rounds.",0,"### Decision:
I'll **purchase Firm 0** (choose number 0) because: 
- Firm 0 offers a positive profit of 0.28, requiring purchase per rationality rules.
- With personalized recommendations sorted by valuation, further searching is unlikely to yield a better deal and would add a search cost of 0.02.","C17 Search #1 (Searched:1/6, SearchCost:0.00, BestProfit:0.28@F0) → Purchase F0",0.23,0.048,"[0.98, 0.02, 0.18, 0.92, 0.51, 0.5]"
6,4,C18,True,"Yes, because with 6 firms, personalized recommendations will significantly reduce expected search costs and improve deal quality, likely outweighing the privacy cost of 0.047, based on consistent high-revenue outcomes from sharing data in past rounds and among top consumers.",2,"### Decision:
I'll **purchase Firm 2** (choose number 2) because: 
- It offers a positive profit of 0.28, ensuring an immediate gain.
- With personalized recommendations sorting by highest valuation first, further searches are likely unnecessary and would incur a 0.02 cost with diminishing returns.","C18 Search #1 (Searched:1/6, SearchCost:0.00, BestProfit:0.28@F2) → Purchase F2",0.23,0.047,"[0.76, 0.5, 0.93, 0.73, 0.81, 0.45]"
6,4,C19,True,"Yes, because with 6 firms, personalized recommendations will significantly reduce expected search costs, likely saving more than the 0.04 privacy cost, based on past benefits and efficient deal-finding.",3,"### Decision:  
I'll **purchase Firm 3** (choose number 3) because:  
- The firm offers a positive profit of 0.22, requiring a purchase as per rationality.  
- Additional searches are unlikely to yield a profit increase justifying the 0.02 cost, given personalized sorting.","C19 Search #1 (Searched:1/6, SearchCost:0.00, BestProfit:0.22@F3) → Purchase F3",0.18,0.04,"[0.39, 0.37, 0.26, 0.92, 0.12, 0.09]"
6,4,C20,True,"Yes, because with 6 firms, personalized recommendations will likely provide a high-value option first, significantly reducing search costs and increasing expected surplus, outweighing the privacy cost of 0.036 based on past successful experiences.",2,"### Decision:
I'll **purchase Firm 2** because: 
- Positive profit of 0.27 ensures immediate gain.
- Additional search costs 0.02 with low expected improvement due to personalized sorting.","C20 Search #1 (Searched:1/6, SearchCost:0.00, BestProfit:0.27@F2) → Purchase F2",0.23,0.036,"[0.34, 0.14, 0.92, 0.75, 0.41, 0.23]"
6,5,C1,False,"No, because my privacy value of 0.052 is high and likely exceeds the expected reduction in search costs from personalized recommendations, based on my history of negative revenues when sharing data despite having 6 firms.",-1,"### Decision:  
I'll **leave** (choose number -1) because:  
- Both searched firms have negative profits, offering no value.  
- Further search costs 0.02 with uncertain benefit and low likelihood of finding a positive profit firm, risking additional loss.","C1 Search #1 (Searched:1/6, SearchCost:0.00, BestProfit:-0.52@F0) → Search Next; C1 Search #2 (Searched:2/6, SearchCost:0.02, BestProfit:-0.52@F0) → Leave Market",-0.02,0.052,"[0.13, 0.42, 0.64, 0.61, 0.0, 0.33]"
6,5,C2,True,"Yes, because personalized recommendations with 6 firms will minimize search costs, likely saving more than the privacy cost of 0.042, based on past successful outcomes with low search costs and positive revenue.",4,"### Decision:  
I'll **purchase Firm 4** (choose number 4) because:  
- Positive profit of 0.05 ensures a net gain, aligning with rational behavior to avoid leaving without buying.  
- Additional search costs 0.02 with likely diminishing returns due to valuation sorting, making further searches unprofitable.","C2 Search #1 (Searched:1/6, SearchCost:0.00, BestProfit:0.05@F4) → Purchase F4",0.01,0.042,"[0.64, 0.1, 0.2, 0.02, 0.75, 0.05]"
6,5,C3,True,"Yes, because with 6 firms, personalized recommendations significantly reduce expected search costs and improve deal quality, likely outweighing the privacy cost of 0.031 based on historical benefits and top consumer strategies.",5,"### Decision:
I'll **purchase Firm 5** (choose number 5) because: 
- It offers a positive profit of 0.1, ensuring a net gain.
- With data shared and search sorted by valuation, subsequent firms likely have lower valuations, making additional search costly (0.02) and unlikely to yield better profit.","C3 Search #1 (Searched:1/6, SearchCost:0.00, BestProfit:0.10@F5) → Purchase F5",0.07,0.031,"[0.01, 0.64, 0.07, 0.14, 0.16, 0.8]"
6,5,C4,True,"Yes, because with 6 firms, personalized recommendations will likely minimize search costs and improve deal quality, outweighing the privacy cost of 0.028 based on historical benefits and reduced search needs.",3,"### Decision:
I'll **purchase Firm 3** because: 
- It offers a positive profit of 0.27, ensuring immediate gain.
- Further searches cost 0.02 with minimal expected improvement due to decreasing valuation order from personalized recommendations.","C4 Search #1 (Searched:1/6, SearchCost:0.00, BestProfit:0.27@F3) → Purchase F3",0.24,0.028,"[0.52, 0.84, 0.7, 0.97, 0.76, 0.53]"
6,5,C5,True,"Yes, because with 6 firms, personalized recommendations will likely reduce search costs significantly, outweighing the privacy cost of 0.028, as demonstrated by my consistent high-revenue outcomes from sharing data in previous rounds.",4,"### Decision:  
I'll **purchase Firm 4** (choose number 4) because:  
- Positive profit of 0.28 is already available after the free first search.  
- Further search costs 0.02 and likely offers diminishing returns due to sorted valuations from data sharing.","C5 Search #1 (Searched:1/6, SearchCost:0.00, BestProfit:0.28@F4) → Purchase F4",0.25,0.028,"[0.26, 0.67, 0.07, 0.02, 0.98, 0.6]"
6,5,C6,True,"Yes, because with 6 firms, personalized recommendations will likely reduce search costs by more than the privacy value of 0.05, based on historical benefits and efficient past decisions.",1,"### Decision:
I'll **purchase Firm 1** (choose number 1) because: 
- It offers a positive profit of 0.25, ensuring a net gain after costs.
- With personalized recommendations sorting from highest to lowest value, this is likely the best option, and additional searches would incur unnecessary cost with low expected improvement.","C6 Search #1 (Searched:1/6, SearchCost:0.00, BestProfit:0.25@F1) → Purchase F1",0.2,0.05,"[0.08, 0.9, 0.56, 0.37, 0.73, 0.06]"
6,5,C7,True,"Yes, because personalized recommendations with 6 firms significantly reduce search costs and likely improve profit, outweighing the privacy cost of 0.034 based on historical benefits.",3,"### Decision:
I'll **purchase Firm 3** because: 
- It offers a positive profit of 0.23, ensuring a net gain.
- With personalized recommendations sorting by highest valuation, additional searches are unlikely to yield better profit and would cost 0.02.","C7 Search #1 (Searched:1/6, SearchCost:0.00, BestProfit:0.23@F3) → Purchase F3",0.2,0.034,"[0.43, 0.86, 0.11, 0.93, 0.71, 0.62]"
6,5,C8,True,"Yes, because with 6 firms, personalized recommendations significantly reduce expected search costs and improve valuations, likely outweighing the privacy cost of 0.052 based on historical positive outcomes.",1,"### Decision:
I'll **purchase Firm 1** (choose number 1) because: 
- The firm offers a positive profit of 0.12, which is rational to accept immediately.
- With data shared and recommendations sorted by valuation, additional searches are unlikely to yield significantly higher profit and would incur a search cost of 0.02.","C8 Search #1 (Searched:1/6, SearchCost:0.00, BestProfit:0.12@F1) → Purchase F1",0.07,0.052,"[0.5, 0.77, 0.08, 0.05, 0.41, 0.3]"
6,5,C9,True,"Yes, because with 6 firms, personalized recommendations will likely minimize search costs and maximize surplus, outweighing the privacy cost of 0.041 based on historical benefits.",1,"### Decision:  
I'll **purchase Firm 1** (choose number 1) because:  
- It offers a positive profit of 0.30, ensuring a gain.  
- With personalized sorting from data sharing, it's likely the best option, so further search would add unnecessary cost without expected improvement.","C9 Search #1 (Searched:1/6, SearchCost:0.00, BestProfit:0.30@F1) → Purchase F1",0.26,0.041,"[0.23, 0.95, 0.54, 0.01, 0.27, 0.08]"
6,5,C10,True,"Yes, because personalized recommendations with 6 firms will likely reduce search costs significantly, outweighing the 0.027 privacy cost based on past beneficial experiences.",-1,Defaulted after 3 fails. Best Profit: -0.01 -> Choice: -1,"C10 Search #1 (Searched:1/6, SearchCost:0.00, BestProfit:-0.01@F1) → Leave Market",-0.03,0.027,"[0.63, 0.64, 0.4, 0.43, 0.07, 0.43]"
6,5,C11,True,"Yes, because with 6 firms, personalized recommendations significantly reduce expected search costs and ensure a high-value first search, likely outweighing the privacy cost of 0.051, as supported by my past positive revenues and top consumers' strategies.",1,"### Decision:
I'll **purchase Firm 1** (choose number 1) because: 
- The firm offers a positive profit of 0.14, ensuring a gain.
- With personalized recommendations sorting by highest value, further searches are unlikely to yield better deals and would incur a search cost of 0.02.","C11 Search #1 (Searched:1/6, SearchCost:0.00, BestProfit:0.14@F1) → Purchase F1",0.09,0.051,"[0.39, 0.79, 0.7, 0.18, 0.66, 0.2]"
6,5,C12,True,"Yes, because with 6 firms, sharing data provides personalized, valuation-sorted recommendations that significantly reduce expected search costs (potentially saving more than the privacy cost of 0.038), as evidenced by my consistent positive revenues and top consumer strategies in past rounds.",1,"### Decision:
I'll **purchase Firm 1** (choose number 1) because: 
- Firm 1 offers a positive profit of 0.35, which I can secure immediately.
- Additional search costs 0.02 and is unlikely to yield a better deal due to the personalized, valuation-sorted sequence.","C12 Search #1 (Searched:1/6, SearchCost:0.00, BestProfit:0.35@F1) → Purchase F1",0.31,0.038,"[0.55, 1.0, 0.1, 1.0, 0.82, 0.93]"
6,5,C13,True,"Yes  
Reason: Sharing data with 6 firms will likely reduce search costs to near zero by providing sorted recommendations, saving more than the privacy cost of 0.037 and ensuring a good deal with minimal effort, based on historical benefits and efficient past decisions.",5,"### Decision:
I'll **purchase Firm 5** (choose number 5) because: 
- It offers a positive profit of 0.27, ensuring an immediate gain with no additional search cost.
- With data sharing and sorted recommendations, this is likely the best option, so further searches would only incur unnecessary costs of 0.02 or more.","C13 Search #1 (Searched:1/6, SearchCost:0.00, BestProfit:0.27@F5) → Purchase F5",0.23,0.037,"[0.94, 0.48, 0.75, 0.4, 0.64, 0.97]"
6,5,C14,True,"Yes, because with 6 firms, personalized recommendations reduce search costs and ensure the best deal first, likely outweighing the privacy cost of 0.051 based on past benefits and top consumer strategies.",0,"### Decision:
I'll **purchase Firm 0** (choose number 0) because: 
- The searched firm offers a positive profit of 0.15, and rationality requires buying when such an option exists.
- With data shared and search sorted by highest valuation, additional searches are unlikely to yield better profit, and the 0.02 search cost would reduce net revenue.","C14 Search #1 (Searched:1/6, SearchCost:0.00, BestProfit:0.15@F0) → Purchase F0",0.1,0.051,"[0.8, 0.52, 0.1, 0.39, 0.07, 0.36]"
6,5,C15,True,"Yes, because with 6 firms, personalized recommendations will significantly reduce search costs by minimizing searches needed for a good deal, outweighing the privacy cost of 0.029 based on my consistent positive revenue history and top consumers' successful strategies.",0,"### Decision:  
I'll **purchase Firm 0** (choose number 0) because:  
- It offers a positive profit of 0.24, ensuring immediate gain.  
- Searching further costs 0.02 with likely diminishing returns, given the sorted recommendations by valuation.","C15 Search #1 (Searched:1/6, SearchCost:0.00, BestProfit:0.24@F0) → Purchase F0",0.21,0.029,"[0.89, 0.39, 0.67, 0.84, 0.68, 0.15]"
6,5,C16,True,"Yes, because with 6 firms, personalized recommendations will minimize search costs and likely provide the best deal first, outweighing the privacy cost of 0.044 based on historical benefits and reduced search needs.",3,"### Decision:
I'll **purchase Firm 3** (choose number 3) because: 
- It offers a positive profit of 0.29, ensuring a gain.
- With personalized recommendations from data sharing, this is likely the best option, and further searching would incur a cost of 0.02 with low expected improvement.","C16 Search #1 (Searched:1/6, SearchCost:0.00, BestProfit:0.29@F3) → Purchase F3",0.25,0.044,"[0.76, 0.32, 0.05, 0.99, 0.18, 0.42]"
6,5,C17,True,"Yes, because with 6 firms, personalized recommendations will minimize search costs by sorting products by valuation, likely outweighing the privacy cost of 0.048 based on past consistent benefits and reduced search needs.",0,"### Decision:  
I'll **purchase Firm 0** (choose number 0) because:  
- Firm 0 offers a positive profit of 0.33, requiring purchase per rationality rules.  
- With personalized recommendations sorted by valuation, further searching is unlikely to yield a better deal and would add a search cost of 0.02.","C17 Search #1 (Searched:1/6, SearchCost:0.00, BestProfit:0.33@F0) → Purchase F0",0.28,0.048,"[0.98, 0.02, 0.18, 0.92, 0.51, 0.5]"
6,5,C18,True,"Yes, because with 6 firms, personalized recommendations will significantly reduce search costs, likely outweighing the privacy cost of 0.047 based on past high-revenue outcomes from sharing data.",2,"### Decision:
I'll **purchase Firm 2** (choose number 2) because: 
- It offers a positive profit of 0.23, ensuring an immediate gain as per rationality.
- With personalized recommendations sorting by highest valuation first, further searches are likely unnecessary and would incur a 0.02 cost with diminishing returns.","C18 Search #1 (Searched:1/6, SearchCost:0.00, BestProfit:0.23@F2) → Purchase F2",0.18,0.047,"[0.76, 0.5, 0.93, 0.73, 0.81, 0.45]"
6,5,C19,True,"Yes, because with 6 firms, personalized recommendations will minimize search costs by sorting products optimally, likely saving more than the 0.04 privacy cost based on past experiences with efficient, single-search deals.",3,"### Decision:  
I'll **purchase Firm 3** (choose number 3) because:  
- The firm offers a positive profit of 0.22, requiring a purchase as per rationality to avoid leaving without buying.  
- With personalized recommendations sorting from highest to lowest value, additional searches are unlikely to yield a profit increase justifying the 0.02 search cost.","C19 Search #1 (Searched:1/6, SearchCost:0.00, BestProfit:0.22@F3) → Purchase F3",0.18,0.04,"[0.39, 0.37, 0.26, 0.92, 0.12, 0.09]"
6,5,C20,True,"Yes, because with 6 firms, personalized recommendations will likely provide a high-value option first, significantly reducing search costs and increasing expected surplus, outweighing the privacy cost of 0.036 based on past successful experiences and top consumer strategies.",2,"### Decision:
I'll **purchase Firm 2** because: 
- Positive profit of 0.22 ensures immediate gain.
- Additional search costs 0.02 with low expected improvement due to personalized sorting prioritizing highest value first.","C20 Search #1 (Searched:1/6, SearchCost:0.00, BestProfit:0.22@F2) → Purchase F2",0.18,0.036,"[0.34, 0.14, 0.92, 0.75, 0.41, 0.23]"
6,6,C1,True,"Yes, because with 6 firms, personalized recommendations will likely reduce search costs and improve deal-finding by sorting high-valuation options first, potentially offsetting the privacy cost of 0.052, as shown by top consumers' positive revenues.",-1,"### Decision:  
I'll **leave** (choose number -1) because:  
- The only searched firm has negative profit (-0.01), offering no value.  
- With data sharing sorting by highest valuation first, further searches at 0.02 cost are unlikely to yield positive profit, risking additional loss.","C1 Search #1 (Searched:1/6, SearchCost:0.00, BestProfit:-0.01@F2) → Leave Market",-0.05,0.052,"[0.13, 0.42, 0.64, 0.61, 0.0, 0.33]"
6,6,C2,True,"Yes, because with 6 firms, personalized recommendations will minimize search costs by sorting products by highest valuation first, likely saving more than the privacy cost of 0.042 based on past successful outcomes with low search costs and positive revenue.",4,"### Decision:  
I'll **purchase Firm 4** (choose number 4) because:  
- Positive profit of 0.05 ensures a net gain, aligning with rational behavior to avoid leaving without buying.  
- Additional search costs 0.02 with likely diminishing returns due to personalized valuation sorting, making further searches unprofitable.","C2 Search #1 (Searched:1/6, SearchCost:0.00, BestProfit:0.05@F4) → Purchase F4",0.01,0.042,"[0.64, 0.1, 0.2, 0.02, 0.75, 0.05]"
6,6,C3,True,"Yes, because with 6 firms, personalized recommendations significantly reduce expected search costs, likely exceeding the privacy cost of 0.031, as supported by my consistent positive revenues and top consumer strategies.",5,"### Decision:
I'll **purchase Firm 5** (choose number 5) because: 
- It offers a positive profit of 0.05, ensuring a net gain.
- With data shared and search sorted by valuation, subsequent firms are likely to have lower valuations, making additional search costly (0.02) and unlikely to improve profit.","C3 Search #1 (Searched:1/6, SearchCost:0.00, BestProfit:0.05@F5) → Purchase F5",0.02,0.031,"[0.01, 0.64, 0.07, 0.14, 0.16, 0.8]"
6,6,C4,True,"Yes, because personalized recommendations with 6 firms significantly reduce expected search costs and improve matching, outweighing the low privacy cost of 0.028 based on past consistent revenue gains and minimal search needs.",3,"### Decision:
I'll **purchase Firm 3** because: 
- It offers a positive profit of 0.27, ensuring immediate gain.
- Further searches cost 0.02 with minimal expected improvement due to decreasing valuation order from personalized recommendations.","C4 Search #1 (Searched:1/6, SearchCost:0.00, BestProfit:0.27@F3) → Purchase F3",0.24,0.028,"[0.52, 0.84, 0.7, 0.97, 0.76, 0.53]"
6,6,C5,True,"Yes, because with 6 firms, personalized recommendations significantly reduce expected search costs, likely exceeding the privacy cost of 0.028, based on my consistent positive revenues from sharing in past rounds.",4,"### Decision:  
I'll **purchase Firm 4** (choose number 4) because:  
- Positive profit of 0.28 is already available after the free first search.  
- Further search costs 0.02 and likely yields diminishing returns due to sorted valuations from data sharing.","C5 Search #1 (Searched:1/6, SearchCost:0.00, BestProfit:0.28@F4) → Purchase F4",0.25,0.028,"[0.26, 0.67, 0.07, 0.02, 0.98, 0.6]"
6,6,C6,True,"Yes, because with 6 firms, personalized recommendations reduce search costs significantly, likely exceeding the privacy cost of 0.05 based on consistent past benefits and high revenue from similar strategies.",1,"### Decision:
I'll **purchase Firm 1** (choose number 1) because: 
- It offers a positive profit of 0.25, ensuring a net gain after costs.
- Personalized recommendations sort from highest to lowest value, making this likely the best option, with additional searches incurring unnecessary cost and low expected improvement.","C6 Search #1 (Searched:1/6, SearchCost:0.00, BestProfit:0.25@F1) → Purchase F1",0.2,0.05,"[0.08, 0.9, 0.56, 0.37, 0.73, 0.06]"
6,6,C7,True,"Yes, because with 6 firms, personalized recommendations significantly reduce expected search costs and ensure a high-value first search, likely saving more than the privacy cost of 0.034, as supported by my consistent positive revenues in past rounds.",3,"### Decision:  
I'll **purchase Firm 3** because:  
- It offers a positive profit of 0.23, ensuring a net gain.  
- With personalized recommendations sorting by highest valuation, additional searches are unlikely to yield better profit and would incur a search cost of 0.02.","C7 Search #1 (Searched:1/6, SearchCost:0.00, BestProfit:0.23@F3) → Purchase F3",0.2,0.034,"[0.43, 0.86, 0.11, 0.93, 0.71, 0.62]"
6,6,C8,True,"Yes, because with 6 firms, personalized recommendations significantly reduce expected search costs and improve deal quality, outweighing the privacy cost of 0.052 based on consistent historical benefits and positive revenues from sharing data.",1,"### Decision:
I'll **purchase Firm 1** (choose number 1) because: 
- The firm offers a positive profit of 0.12, which is rational to accept immediately.
- With data shared and recommendations sorted by valuation, additional searches are unlikely to yield significantly higher profit and would incur a search cost of 0.02.","C8 Search #1 (Searched:1/6, SearchCost:0.00, BestProfit:0.12@F1) → Purchase F1",0.07,0.052,"[0.5, 0.77, 0.08, 0.05, 0.41, 0.3]"
6,6,C9,True,"Yes, because with 6 firms, personalized recommendations significantly reduce expected search costs, likely saving more than the privacy cost of 0.041, based on historical benefits and minimal search needs.",1,"### Decision:  
I'll **purchase Firm 1** (choose number 1) because:  
- It offers a positive profit of 0.30, ensuring a gain.  
- With personalized sorting from data sharing, it's likely the best option, so further search would add unnecessary cost.","C9 Search #1 (Searched:1/6, SearchCost:0.00, BestProfit:0.30@F1) → Purchase F1",0.26,0.041,"[0.23, 0.95, 0.54, 0.01, 0.27, 0.08]"
6,6,C10,True,"Yes, because with 6 firms, personalized recommendations significantly reduce expected search costs by sorting products by valuation, likely saving more than the 0.027 privacy cost based on historical benefits and top consumer strategies.",-1,"### Decision:  
I'll **leave** (choose number -1) because:  
- The searched firm has a negative profit of -0.01, so purchasing would reduce revenue.  
- With data shared and firms sorted by highest valuation first, additional searches costing 0.02 are unlikely to yield positive profit, outweighing potential gains.","C10 Search #1 (Searched:1/6, SearchCost:0.00, BestProfit:-0.01@F1) → Leave Market",-0.03,0.027,"[0.63, 0.64, 0.4, 0.43, 0.07, 0.43]"
6,6,C11,True,"Yes, because with 6 firms, personalized recommendations minimize search costs by ensuring the first free search is optimal, historically providing benefits that exceed the privacy cost of 0.051.",1,"### Decision:
I'll **purchase Firm 1** (choose number 1) because: 
- Firm 1 offers a positive profit of 0.14, ensuring a gain.
- With personalized recommendations sorting by highest valuation, further searches are unlikely to improve profit and would incur a search cost of 0.02.","C11 Search #1 (Searched:1/6, SearchCost:0.00, BestProfit:0.14@F1) → Purchase F1",0.09,0.051,"[0.39, 0.79, 0.7, 0.18, 0.66, 0.2]"
6,6,C12,True,"Yes, because with 6 firms, personalized recommendations significantly reduce search costs and improve deal quality, outweighing the privacy cost of 0.038 based on historical benefits.",1,"### Decision:
I'll **purchase Firm 1** (choose number 1) because: 
- Firm 1 offers a positive profit of 0.35, which I can secure immediately.
- Additional search costs 0.02 and is unlikely to yield a better deal due to the personalized, valuation-sorted sequence reducing expected gains.","C12 Search #1 (Searched:1/6, SearchCost:0.00, BestProfit:0.35@F1) → Purchase F1",0.31,0.038,"[0.55, 1.0, 0.1, 1.0, 0.82, 0.93]"
6,6,C13,True,"Yes  
Reason: Sharing data with 6 firms provides personalized, valuation-sorted recommendations that significantly reduce expected search costs (likely saving more than 0.037), outweighing the privacy cost and maximizing net revenue, consistent with my historical benefits.",5,"### Decision:
I'll **purchase Firm 5** (choose number 5) because: 
- It offers a positive profit of 0.22, ensuring an immediate gain as per my rational behavior.
- With data sharing and sorted recommendations, this is likely the best option, so further searches would incur unnecessary costs of 0.02 with diminishing returns.","C13 Search #1 (Searched:1/6, SearchCost:0.00, BestProfit:0.22@F5) → Purchase F5",0.18,0.037,"[0.94, 0.48, 0.75, 0.4, 0.64, 0.97]"
6,6,C14,True,"Yes, because with 6 firms, personalized recommendations minimize search costs by prioritizing the highest-value options, consistently yielding positive net revenue in past rounds despite the 0.051 privacy cost.",0,"### Decision:
I'll **purchase Firm 0** (choose number 0) because: 
- The searched firm offers a positive profit of 0.1, and rationality requires buying when such an option exists.
- With data shared and search sorted by highest valuation, additional searches are unlikely to yield better profit, and the 0.02 search cost would reduce net revenue.","C14 Search #1 (Searched:1/6, SearchCost:0.00, BestProfit:0.10@F0) → Purchase F0",0.05,0.051,"[0.8, 0.52, 0.1, 0.39, 0.07, 0.36]"
6,6,C15,True,"Yes, because with 6 firms, personalized recommendations significantly reduce search costs by minimizing searches needed for a good deal, outweighing the low privacy cost of 0.029 based on my consistent positive revenue history.",0,"### Decision:  
I'll **purchase Firm 0** (choose number 0) because:  
- It offers a positive profit of 0.19, ensuring immediate gain.  
- Searching further costs 0.02 with likely diminishing returns, given the sorted recommendations by valuation.","C15 Search #1 (Searched:1/6, SearchCost:0.00, BestProfit:0.19@F0) → Purchase F0",0.16,0.029,"[0.89, 0.39, 0.67, 0.84, 0.68, 0.15]"
6,6,C16,True,"Yes, because with 6 firms, personalized recommendations significantly reduce expected search costs by minimizing searches needed for a high-value deal, likely exceeding the privacy cost of 0.044 based on historical positive outcomes and consistent revenue gains.",3,"### Decision:  
I'll **purchase Firm 3** (choose number 3) because:  
- It offers a positive profit of 0.29, ensuring a gain as per rational consumer behavior.  
- With personalized recommendations from data sharing, this is likely the best option, and further searching would cost 0.02 with low expected improvement.","C16 Search #1 (Searched:1/6, SearchCost:0.00, BestProfit:0.29@F3) → Purchase F3",0.25,0.044,"[0.76, 0.32, 0.05, 0.99, 0.18, 0.42]"
6,6,C17,True,"Yes, because with 6 firms, personalized recommendations will minimize search costs and likely yield high-value deals, outweighing the privacy cost of 0.048 based on consistent past benefits.",0,"### Decision:  
I'll **purchase Firm 0** (choose number 0) because:  
- Firm 0 offers a positive profit of 0.28, requiring purchase per rationality rules.  
- With personalized recommendations sorted by valuation, further searching is unlikely to yield a better deal and would add a search cost of 0.02.","C17 Search #1 (Searched:1/6, SearchCost:0.00, BestProfit:0.28@F0) → Purchase F0",0.23,0.048,"[0.98, 0.02, 0.18, 0.92, 0.51, 0.5]"
6,6,C18,True,"Yes, because with 6 firms, personalized recommendations will likely reduce search costs more than the privacy cost of 0.047, based on consistent past benefits and high revenues from sharing data.",2,"### Decision:
I'll **purchase Firm 2** (choose number 2) because: 
- It offers a positive profit of 0.28, ensuring an immediate gain as per rationality.
- With personalized recommendations sorting by highest value first, further searches would incur a 0.02 cost with likely diminishing returns.","C18 Search #1 (Searched:1/6, SearchCost:0.00, BestProfit:0.28@F2) → Purchase F2",0.23,0.047,"[0.76, 0.5, 0.93, 0.73, 0.81, 0.45]"
6,6,C19,True,"Yes, because with 6 firms, personalized recommendations significantly reduce expected search costs by minimizing searches, likely saving more than the 0.04 privacy cost, based on consistent past benefits and top consumer strategies.",3,"### Decision:  
I'll **purchase Firm 3** (choose number 3) because:  
- The firm offers a positive profit of 0.22, requiring a purchase as per rationality.  
- With personalized recommendations sorting by highest value, additional searches are unlikely to yield a profit increase justifying the 0.02 search cost.","C19 Search #1 (Searched:1/6, SearchCost:0.00, BestProfit:0.22@F3) → Purchase F3",0.18,0.04,"[0.39, 0.37, 0.26, 0.92, 0.12, 0.09]"
6,6,C20,True,"Yes, because with 6 firms, personalized recommendations will minimize search costs by providing a high-value first option, likely saving more than the privacy cost of 0.036 based on past successful experiences and reduced search needs.",2,"### Decision:
I'll **purchase Firm 2** because: 
- Positive profit of 0.27 ensures immediate gain.
- Additional search costs 0.02 with low expected improvement due to personalized sorting prioritizing highest value first.","C20 Search #1 (Searched:1/6, SearchCost:0.00, BestProfit:0.27@F2) → Purchase F2",0.23,0.036,"[0.34, 0.14, 0.92, 0.75, 0.41, 0.23]"
6,7,C1,False,"No, because my privacy value of 0.052 is high, and historical data shows sharing often leads to negative revenue with minimal search cost savings, making the trade-off unfavorable.",-1,"### Decision:  
I'll **leave** (choose number -1) because:  
- The searched firm has a negative profit of -0.57, offering no value.  
- Further search costs 0.02 with uncertain benefit and low likelihood of positive profit based on past non-sharing experiences.","C1 Search #1 (Searched:1/6, SearchCost:0.00, BestProfit:-0.57@F0) → Leave Market",0.0,0.052,"[0.13, 0.42, 0.64, 0.61, 0.0, 0.33]"
6,7,C2,True,"Yes, because with 6 firms, personalized recommendations significantly reduce expected search costs, likely saving more than the privacy cost of 0.042, based on past positive outcomes with minimal searches and consistent revenue gains.",4,"### Decision:  
I'll **purchase Firm 4** (choose number 4) because:  
- Positive profit of 0.05 ensures a net gain, aligning with rational behavior to avoid leaving without buying.  
- Additional search costs 0.02 with likely diminishing returns due to personalized valuation sorting, making further searches unprofitable.","C2 Search #1 (Searched:1/6, SearchCost:0.00, BestProfit:0.05@F4) → Purchase F4",0.01,0.042,"[0.64, 0.1, 0.2, 0.02, 0.75, 0.05]"
6,7,C3,True,"Yes, because with 6 firms, personalized recommendations significantly reduce search costs, likely exceeding the privacy cost of 0.031 based on my consistent positive revenues from sharing in past rounds.",5,"### Decision:
I'll **purchase Firm 5** (choose number 5) because: 
- It offers a positive profit of 0.1, ensuring a net gain.
- With data shared and search sorted by valuation, subsequent firms likely have lower valuations, making additional search costly (0.02) and unlikely to improve profit.","C3 Search #1 (Searched:1/6, SearchCost:0.00, BestProfit:0.10@F5) → Purchase F5",0.07,0.031,"[0.01, 0.64, 0.07, 0.14, 0.16, 0.8]"
6,7,C4,True,"Yes, because with 6 firms, personalized recommendations significantly reduce expected search costs, likely outweighing the privacy cost of 0.028 based on historical revenue gains and minimal search needs.",3,"### Decision:
I'll **purchase Firm 3** because: 
- It offers a positive profit of 0.27, ensuring immediate gain.
- Further searches cost 0.02 with minimal expected improvement due to decreasing valuation order from personalized recommendations.","C4 Search #1 (Searched:1/6, SearchCost:0.00, BestProfit:0.27@F3) → Purchase F3",0.24,0.028,"[0.52, 0.84, 0.7, 0.97, 0.76, 0.53]"
6,7,C5,True,"Yes, because with 6 firms, personalized recommendations significantly reduce expected search costs, likely exceeding the privacy cost of 0.028, as shown by my consistent positive revenues from sharing in past rounds.",4,"### Decision:  
I'll **purchase Firm 4** (choose number 4) because:  
- Positive profit of 0.28 is already available after the free first search.  
- Further search costs 0.02 and likely yields diminishing returns due to sorted valuations from data sharing.","C5 Search #1 (Searched:1/6, SearchCost:0.00, BestProfit:0.28@F4) → Purchase F4",0.25,0.028,"[0.26, 0.67, 0.07, 0.02, 0.98, 0.6]"
6,7,C6,True,"Yes, because with 6 firms, personalized recommendations will likely reduce search costs by more than the privacy value of 0.05, based on consistent past benefits and high revenue from similar strategies.",1,"### Decision:
I'll **purchase Firm 1** (choose number 1) because: 
- It offers a positive profit of 0.2, ensuring a net gain after costs.
- Personalized recommendations sort from highest to lowest value, making further searches unnecessary and costly with low expected improvement.","C6 Search #1 (Searched:1/6, SearchCost:0.00, BestProfit:0.20@F1) → Purchase F1",0.15,0.05,"[0.08, 0.9, 0.56, 0.37, 0.73, 0.06]"
6,7,C7,True,"Yes, because with 6 firms, personalized recommendations significantly reduce expected search costs and ensure a high-value first search, likely saving more than the privacy cost of 0.034, as demonstrated by consistent positive revenues in past rounds.",3,"### Decision:
I'll **purchase Firm 3** because: 
- It offers a positive profit of 0.23, ensuring a net gain.
- With personalized recommendations sorting by highest valuation, additional searches are unlikely to yield better profit and would incur a search cost of 0.02.","C7 Search #1 (Searched:1/6, SearchCost:0.00, BestProfit:0.23@F3) → Purchase F3",0.2,0.034,"[0.43, 0.86, 0.11, 0.93, 0.71, 0.62]"
6,7,C8,True,"Yes, because with 6 firms, personalized recommendations significantly reduce expected search costs and improve deal quality, likely outweighing the privacy cost of 0.052 based on consistent historical benefits and positive revenues from sharing data.",1,"### Decision:  
I'll **purchase Firm 1** (choose number 1) because:  
- The firm offers a positive profit of 0.07, which is rational to accept immediately.  
- With data shared and recommendations sorted by valuation, additional searches are unlikely to yield significantly higher profit and would incur a search cost of 0.02.","C8 Search #1 (Searched:1/6, SearchCost:0.00, BestProfit:0.07@F1) → Purchase F1",0.02,0.052,"[0.5, 0.77, 0.08, 0.05, 0.41, 0.3]"
6,7,C9,True,"Yes, because personalized recommendations with 6 firms significantly reduce search costs and improve deal quality, likely saving more than the privacy cost of 0.041 based on historical benefits and consistent positive revenues.",1,"### Decision:  
I'll **purchase Firm 1** (choose number 1) because:  
- It offers a positive profit of 0.25, ensuring a gain.  
- With personalized sorting from data sharing, it's likely the best option, so further search would add unnecessary cost with minimal expected improvement.","C9 Search #1 (Searched:1/6, SearchCost:0.00, BestProfit:0.25@F1) → Purchase F1",0.21,0.041,"[0.23, 0.95, 0.54, 0.01, 0.27, 0.08]"
6,7,C10,True,"Yes, because with 6 firms, personalized recommendations significantly reduce expected search costs by sorting products by valuation, likely saving more than the 0.027 privacy cost based on historical benefits and top consumer strategies.",-1,"### Decision:  
I'll **leave** (choose number -1) because:  
- The searched firm with the highest valuation has a negative profit of -0.06, indicating no gain from purchasing.  
- With data shared and firms sorted by decreasing valuation, additional searches costing 0.02 are unlikely to yield positive profit, making further costs unjustifiable.","C10 Search #1 (Searched:1/6, SearchCost:0.00, BestProfit:-0.06@F1) → Leave Market",-0.03,0.027,"[0.63, 0.64, 0.4, 0.43, 0.07, 0.43]"
6,7,C11,True,"Yes, because with 6 firms, personalized recommendations minimize search costs by ensuring the first free search is optimal, historically providing benefits that exceed the privacy cost of 0.051.",1,"### Decision:
I'll **purchase Firm 1** (choose number 1) because: 
- Firm 1 offers a positive profit of 0.09, ensuring a gain without risk of loss.
- With personalized recommendations sorting by highest valuation, further searches are unlikely to improve profit and would incur a search cost of 0.02.","C11 Search #1 (Searched:1/6, SearchCost:0.00, BestProfit:0.09@F1) → Purchase F1",0.04,0.051,"[0.39, 0.79, 0.7, 0.18, 0.66, 0.2]"
6,7,C12,True,"Yes, because with 6 firms, personalized recommendations reduce search costs significantly, likely outweighing the privacy cost of 0.038 based on historical benefits and consistent positive revenues.",1,"### Decision:
I'll **purchase Firm 1** (choose number 1) because: 
- Firm 1 offers a positive profit of 0.3, which I can secure immediately.
- Additional search costs 0.02 and is unlikely to yield a better deal due to the personalized, valuation-sorted sequence.","C12 Search #1 (Searched:1/6, SearchCost:0.00, BestProfit:0.30@F1) → Purchase F1",0.26,0.038,"[0.55, 1.0, 0.1, 1.0, 0.82, 0.93]"
6,7,C13,True,"Yes  
Reason: Sharing data with 6 firms provides sorted recommendations that minimize search costs, likely saving more than the privacy cost of 0.037, based on historical benefits and consistent positive revenues.",5,"### Decision:
I'll **purchase Firm 5** (choose number 5) because: 
- It offers a positive profit of 0.27, ensuring an immediate gain with no additional search cost.
- With data sharing and sorted recommendations, this is likely the best option, so further searches would incur unnecessary costs of 0.02 with low expected improvement.","C13 Search #1 (Searched:1/6, SearchCost:0.00, BestProfit:0.27@F5) → Purchase F5",0.23,0.037,"[0.94, 0.48, 0.75, 0.4, 0.64, 0.97]"
6,7,C14,True,"Yes, because with 6 firms, personalized recommendations significantly reduce search costs by prioritizing high-value options, likely outweighing the privacy cost of 0.051 based on consistent positive outcomes in past rounds.",0,"### Decision:  
I'll **purchase Firm 0** (choose number 0) because:  
- The searched firm offers a positive profit of 0.1, and rationality requires buying when such an option exists.  
- With data shared and search sorted by highest valuation, additional searches are unlikely to yield better profit, and the 0.02 search cost would reduce net revenue.","C14 Search #1 (Searched:1/6, SearchCost:0.00, BestProfit:0.10@F0) → Purchase F0",0.05,0.051,"[0.8, 0.52, 0.1, 0.39, 0.07, 0.36]"
6,7,C15,True,"Yes, because with 6 firms, personalized recommendations significantly reduce search costs, likely exceeding the privacy cost of 0.029, as supported by my consistent positive revenue history and top consumers' strategies.",0,"### Decision:  
I'll **purchase Firm 0** (choose number 0) because:  
- It offers a positive profit of 0.19, ensuring immediate gain.  
- Searching further costs 0.02 with likely diminishing returns, given the sorted recommendations by valuation.","C15 Search #1 (Searched:1/6, SearchCost:0.00, BestProfit:0.19@F0) → Purchase F0",0.16,0.029,"[0.89, 0.39, 0.67, 0.84, 0.68, 0.15]"
6,7,C16,True,"Yes, because with 6 firms, personalized recommendations minimize search costs and improve deal quality, outweighing the privacy cost of 0.044 based on consistent historical benefits and reduced search needs.",3,"### Decision:  
I'll **purchase Firm 3** (choose number 3) because:  
- It offers a positive profit of 0.29, ensuring a gain as a rational consumer.  
- With personalized recommendations from data sharing, this is likely the best option, and further searching would cost 0.02 with low expected improvement.","C16 Search #1 (Searched:1/6, SearchCost:0.00, BestProfit:0.29@F3) → Purchase F3",0.25,0.044,"[0.76, 0.32, 0.05, 0.99, 0.18, 0.42]"
6,7,C17,True,"Yes, because with 6 firms, personalized recommendations significantly reduce search costs and improve deal quality, outweighing the privacy cost of 0.048 based on consistent past benefits.",0,"### Decision:  
I'll **purchase Firm 0** (choose number 0) because:  
- It offers a positive profit of 0.28, requiring purchase per rationality rules.  
- With personalized recommendations sorted by valuation, further searching is unlikely to yield a better deal and would add a search cost of 0.02.","C17 Search #1 (Searched:1/6, SearchCost:0.00, BestProfit:0.28@F0) → Purchase F0",0.23,0.048,"[0.98, 0.02, 0.18, 0.92, 0.51, 0.5]"
6,7,C18,True,"Yes, because with 6 firms, personalized recommendations reduce search costs significantly, likely exceeding the 0.047 privacy cost based on consistent past revenue gains.",2,"### Decision:
I'll **purchase Firm 2** (choose number 2) because: 
- It offers a positive profit of 0.23, ensuring an immediate gain as per rationality.
- With personalized recommendations sorting by highest valuation first, further searches would incur a 0.02 cost with likely diminishing returns.","C18 Search #1 (Searched:1/6, SearchCost:0.00, BestProfit:0.23@F2) → Purchase F2",0.18,0.047,"[0.76, 0.5, 0.93, 0.73, 0.81, 0.45]"
6,7,C19,True,"Yes, because with 6 firms, personalized recommendations significantly reduce search costs, likely saving more than the 0.04 privacy cost, based on consistent past benefits and top consumer strategies.",3,"### Decision:  
I'll **purchase Firm 3** (choose number 3) because:  
- The firm offers a positive profit of 0.22, requiring a purchase as per rationality to avoid leaving without buying.  
- With personalized recommendations sorting by highest value, additional searches are unlikely to yield a profit increase justifying the 0.02 search cost.","C19 Search #1 (Searched:1/6, SearchCost:0.00, BestProfit:0.22@F3) → Purchase F3",0.18,0.04,"[0.39, 0.37, 0.26, 0.92, 0.12, 0.09]"
6,7,C20,True,"Yes, because personalized recommendations with 6 firms significantly reduce search costs and improve deal quality, consistently yielding higher net revenue than the privacy cost of 0.036 based on past experiences.",2,"### Decision:
I'll **purchase Firm 2** (choose number 2) because: 
- Positive profit of 0.22 ensures immediate gain.
- Additional search costs 0.02 with low expected improvement due to personalized sorting prioritizing highest value first.","C20 Search #1 (Searched:1/6, SearchCost:0.00, BestProfit:0.22@F2) → Purchase F2",0.18,0.036,"[0.34, 0.14, 0.92, 0.75, 0.41, 0.23]"
6,8,C1,False,"No, because my privacy value of 0.052 is high relative to the limited expected reduction in search costs from personalized recommendations, based on my history of negative revenues when sharing data despite having 6 firms.",-1,"### Decision:  
I'll **leave** (choose number -1) because:  
- The searched firm has a negative profit of -0.7, offering no value.  
- Searching another firm costs 0.02 with low expected benefit and high risk of loss, based on historical negative outcomes without data sharing.","C1 Search #1 (Searched:1/6, SearchCost:0.00, BestProfit:-0.70@F4) → Leave Market",0.0,0.052,"[0.13, 0.42, 0.64, 0.61, 0.0, 0.33]"
6,8,C2,True,"Yes, because personalized recommendations with 6 firms minimize search costs and ensure better deals, outweighing the privacy cost of 0.042 based on consistent historical positive revenues and reduced search needs.",4,"### Decision:  
I'll **purchase Firm 4** (choose number 4) because:  
- Positive profit of 0.05 ensures a net gain, aligning with rational behavior to avoid unnecessary costs.  
- Additional search costs 0.02 with likely diminishing returns due to valuation sorting, making further searches unprofitable.","C2 Search #1 (Searched:1/6, SearchCost:0.00, BestProfit:0.05@F4) → Purchase F4",0.01,0.042,"[0.64, 0.1, 0.2, 0.02, 0.75, 0.05]"
6,8,C3,True,"Yes, because with 6 firms, personalized recommendations significantly reduce expected search costs, likely exceeding the privacy cost of 0.031, as supported by my consistent positive revenues and top consumer strategies.",5,"### Decision:
I'll **purchase Firm 5** (choose number 5) because: 
- It offers a positive profit of 0.05, ensuring a net gain.
- With data shared and search sorted by valuation, subsequent firms likely have lower valuations, making additional search costly (0.02) and unlikely to improve profit.","C3 Search #1 (Searched:1/6, SearchCost:0.00, BestProfit:0.05@F5) → Purchase F5",0.02,0.031,"[0.01, 0.64, 0.07, 0.14, 0.16, 0.8]"
6,8,C4,True,"Yes, because with 6 firms, personalized recommendations significantly reduce expected search costs, likely outweighing the privacy cost of 0.028 based on historical revenue gains and minimal search needs.",3,"### Decision:
I'll **purchase Firm 3** because: 
- It offers a positive profit of 0.27, ensuring immediate gain.
- Further searches cost 0.02 with minimal expected improvement due to decreasing valuation order from personalized recommendations.","C4 Search #1 (Searched:1/6, SearchCost:0.00, BestProfit:0.27@F3) → Purchase F3",0.24,0.028,"[0.52, 0.84, 0.7, 0.97, 0.76, 0.53]"
6,8,C5,True,"Yes, because with 6 firms, personalized recommendations significantly reduce expected search costs, likely exceeding the privacy cost of 0.028, as demonstrated by consistent positive revenues from sharing in past rounds and top consumer strategies.",4,"### Decision:  
I'll **purchase Firm 4** (choose number 4) because:  
- Positive profit of 0.28 is already available after the free first search.  
- Further search costs 0.02 and likely yields diminishing returns due to sorted valuations from data sharing.","C5 Search #1 (Searched:1/6, SearchCost:0.00, BestProfit:0.28@F4) → Purchase F4",0.25,0.028,"[0.26, 0.67, 0.07, 0.02, 0.98, 0.6]"
6,8,C6,True,"Yes, because with 6 firms, personalized recommendations significantly reduce expected search costs, likely exceeding the privacy cost of 0.05, as demonstrated by consistent positive revenues in past rounds.",1,"### Decision:
I'll **purchase Firm 1** (choose number 1) because: 
- It offers a positive profit of 0.2, ensuring a net gain after costs.
- Personalized recommendations sort from highest valuation to lowest, making this likely the best option with low expected improvement from further searches.","C6 Search #1 (Searched:1/6, SearchCost:0.00, BestProfit:0.20@F1) → Purchase F1",0.15,0.05,"[0.08, 0.9, 0.56, 0.37, 0.73, 0.06]"
6,8,C7,True,"Yes, because personalized recommendations with 6 firms significantly reduce search costs, likely outweighing the privacy cost of 0.034 based on consistent historical benefits and reduced search needs.",3,"### Decision:  
I'll **purchase Firm 3** because:  
- It offers a positive profit of 0.23, ensuring a net gain.  
- With personalized recommendations sorting by highest valuation, additional searches are unlikely to yield better profit and would incur a search cost of 0.02.","C7 Search #1 (Searched:1/6, SearchCost:0.00, BestProfit:0.23@F3) → Purchase F3",0.2,0.034,"[0.43, 0.86, 0.11, 0.93, 0.71, 0.62]"
6,8,C8,True,"Yes, because with 6 firms, personalized recommendations significantly reduce expected search costs, likely outweighing the privacy cost of 0.052 based on historical benefits and consistent positive revenues from sharing data.",1,"### Decision:  
I'll **purchase Firm 1** (choose number 1) because:  
- The firm offers a positive profit of 0.07, which is rational to accept immediately.  
- With data shared and recommendations sorted by valuation, additional searches are unlikely to yield significantly higher profit and would incur a search cost of 0.02.","C8 Search #1 (Searched:1/6, SearchCost:0.00, BestProfit:0.07@F1) → Purchase F1",0.02,0.052,"[0.5, 0.77, 0.08, 0.05, 0.41, 0.3]"
6,8,C9,True,"Yes, because with 6 firms, personalized recommendations significantly reduce search costs, likely saving more than the privacy cost of 0.041 based on historical benefits and consistent positive revenues from minimal searching.",1,"### Decision:  
I'll **purchase Firm 1** (choose number 1) because:  
- It offers a positive profit of 0.25, ensuring a gain.  
- With personalized sorting from data sharing, it's likely the best option, so further search would add unnecessary cost with minimal expected improvement.","C9 Search #1 (Searched:1/6, SearchCost:0.00, BestProfit:0.25@F1) → Purchase F1",0.21,0.041,"[0.23, 0.95, 0.54, 0.01, 0.27, 0.08]"
6,8,C10,True,"Yes, because with 6 firms, personalized recommendations significantly reduce expected search costs, likely saving more than the 0.027 privacy cost based on historical benefits and top consumer strategies.",-1,"### Decision:  
I'll **leave** (choose number -1) because:  
- The searched firm with the highest valuation has a negative profit of -0.06, indicating no gain from purchasing.  
- With data shared and firms sorted by decreasing valuation, additional searches costing 0.02 are unlikely to yield positive profit, outweighing potential gains based on historical patterns.","C10 Search #1 (Searched:1/6, SearchCost:0.00, BestProfit:-0.06@F1) → Leave Market",-0.03,0.027,"[0.63, 0.64, 0.4, 0.43, 0.07, 0.43]"
6,8,C11,True,"Yes, because with 6 firms, personalized recommendations significantly reduce expected search costs, likely outweighing the privacy cost of 0.051 based on historical benefits and consistent positive revenues from minimal searches.",1,"### Decision:
I'll **purchase Firm 1** (choose number 1) because: 
- Firm 1 offers a positive profit of 0.09, ensuring a gain.
- With personalized recommendations sorting by highest valuation, further searches are unlikely to yield better deals and would incur a search cost of 0.02.","C11 Search #1 (Searched:1/6, SearchCost:0.00, BestProfit:0.09@F1) → Purchase F1",0.04,0.051,"[0.39, 0.79, 0.7, 0.18, 0.66, 0.2]"
6,8,C12,True,"Yes, because with 6 firms, personalized recommendations significantly reduce search costs, likely saving more than the privacy cost of 0.038, based on my consistent positive revenues and top consumer strategies from history.",1,"### Decision:
I'll **purchase Firm 1** (choose number 1) because: 
- Firm 1 offers a positive profit of 0.3, which I can secure immediately.
- Additional search costs 0.02 and is unlikely to yield a better deal due to the personalized, valuation-sorted sequence reducing expected gains.","C12 Search #1 (Searched:1/6, SearchCost:0.00, BestProfit:0.30@F1) → Purchase F1",0.26,0.038,"[0.55, 1.0, 0.1, 1.0, 0.82, 0.93]"
6,8,C13,True,"Yes  
Reason: With 6 firms, personalized recommendations significantly reduce expected search costs, likely saving more than the privacy cost of 0.037, based on historical benefits and consistent positive revenues from minimal searches.",5,"### Decision:
I'll **purchase Firm 5** (choose number 5) because: 
- It offers a positive profit of 0.22, ensuring an immediate gain.
- With data sharing and sorted recommendations, this is likely the best option, so further searches would incur unnecessary costs of 0.02 with low expected improvement.","C13 Search #1 (Searched:1/6, SearchCost:0.00, BestProfit:0.22@F5) → Purchase F5",0.18,0.037,"[0.94, 0.48, 0.75, 0.4, 0.64, 0.97]"
6,8,C14,True,"Yes, because with 6 firms, personalized recommendations minimize search costs and ensure a high-value first option, outweighing the 0.051 privacy cost based on past positive revenues.",0,"### Decision:  
I'll **purchase Firm 0** (choose number 0) because:  
- The searched firm offers a positive profit of 0.1, and rationality requires buying when such an option exists.  
- With data shared and search sorted by highest valuation, additional searches are unlikely to yield better profit, and the 0.02 search cost would reduce net revenue.","C14 Search #1 (Searched:1/6, SearchCost:0.00, BestProfit:0.10@F0) → Purchase F0",0.05,0.051,"[0.8, 0.52, 0.1, 0.39, 0.07, 0.36]"
6,8,C15,True,"Yes, because with 6 firms, personalized recommendations significantly reduce expected search costs, likely exceeding the privacy cost of 0.029 based on my consistent positive revenue history.",0,"### Decision:  
I'll **purchase Firm 0** (choose number 0) because:  
- It offers a positive profit of 0.19, ensuring immediate gain.  
- Searching further costs 0.02 with likely diminishing returns, given the sorted recommendations by valuation.","C15 Search #1 (Searched:1/6, SearchCost:0.00, BestProfit:0.19@F0) → Purchase F0",0.16,0.029,"[0.89, 0.39, 0.67, 0.84, 0.68, 0.15]"
6,8,C16,True,"Yes, because with 6 firms, personalized recommendations significantly reduce search costs by minimizing searches needed for the best deal, outweighing the privacy cost of 0.044 based on historical benefits and consistent positive revenues.",3,"### Decision:  
I'll **purchase Firm 3** (choose number 3) because:  
- It offers a positive profit of 0.29, ensuring a gain.  
- With personalized recommendations from data sharing, this is likely the best option, and further searching would cost 0.02 with low expected improvement.","C16 Search #1 (Searched:1/6, SearchCost:0.00, BestProfit:0.29@F3) → Purchase F3",0.25,0.044,"[0.76, 0.32, 0.05, 0.99, 0.18, 0.42]"
6,8,C17,True,"Yes, because with 6 firms, personalized recommendations significantly reduce search costs by minimizing searches needed for a good deal, likely outweighing the privacy cost of 0.048 based on consistent positive outcomes from past rounds and peer strategies.",0,"### Decision:  
I'll **purchase Firm 0** (choose number 0) because:  
- It offers a positive profit of 0.28, requiring purchase per rationality rules.  
- With personalized recommendations sorted by valuation, further searching is unlikely to yield a better deal and would add a search cost of 0.02.","C17 Search #1 (Searched:1/6, SearchCost:0.00, BestProfit:0.28@F0) → Purchase F0",0.23,0.048,"[0.98, 0.02, 0.18, 0.92, 0.51, 0.5]"
6,8,C18,True,"Yes, because with 6 firms, personalized recommendations significantly reduce search costs, likely outweighing the 0.047 privacy cost based on consistent past revenue gains.",2,"### Decision:
I'll **purchase Firm 2** (choose number 2) because: 
- It offers a positive profit of 0.23, ensuring an immediate gain as per rationality.
- With personalized recommendations sorting by highest valuation first, further searches would incur a 0.02 cost with likely diminishing returns.","C18 Search #1 (Searched:1/6, SearchCost:0.00, BestProfit:0.23@F2) → Purchase F2",0.18,0.047,"[0.76, 0.5, 0.93, 0.73, 0.81, 0.45]"
6,8,C19,True,"Yes, because with 6 firms, personalized recommendations significantly reduce search costs by minimizing searches needed for a good deal, likely saving more than the 0.04 privacy cost based on consistent historical benefits and top consumer strategies.",3,"### Decision:  
I'll **purchase Firm 3** (choose number 3) because:  
- The firm offers a positive profit of 0.22, requiring a purchase as per rationality to avoid leaving without buying.  
- With personalized recommendations sorting from highest to lowest value, additional searches are unlikely to yield a profit increase justifying the 0.02 search cost.","C19 Search #1 (Searched:1/6, SearchCost:0.00, BestProfit:0.22@F3) → Purchase F3",0.18,0.04,"[0.39, 0.37, 0.26, 0.92, 0.12, 0.09]"
6,8,C20,True,"Yes, because with 6 firms, personalized recommendations will significantly reduce search costs and likely provide a high-value first option, outweighing the privacy cost of 0.036 based on consistent historical benefits and top consumer strategies.",2,"### Decision:
I'll **purchase Firm 2** (choose number 2) because: 
- Positive profit of 0.22 ensures immediate gain.
- Additional search costs 0.02 with low expected improvement due to personalized sorting prioritizing highest value first.","C20 Search #1 (Searched:1/6, SearchCost:0.00, BestProfit:0.22@F2) → Purchase F2",0.18,0.036,"[0.34, 0.14, 0.92, 0.75, 0.41, 0.23]"
6,9,C1,True,"Yes, because with 6 firms, personalized recommendations significantly reduce search costs and improve deal-finding chances, potentially offsetting the privacy cost of 0.052, as evidenced by top consumers' positive revenues.",-1,"### Decision:  
I'll **leave** (choose number -1) because:  
- The only searched firm has negative profit (-0.06), indicating no value in purchasing.  
- With data sharing sorting by highest valuation first, further searches at 0.02 cost are unlikely to yield positive profit, risking additional loss.","C1 Search #1 (Searched:1/6, SearchCost:0.00, BestProfit:-0.06@F2) → Leave Market",-0.05,0.052,"[0.13, 0.42, 0.64, 0.61, 0.0, 0.33]"
6,9,C2,True,"Yes, because with 6 firms, personalized recommendations significantly reduce expected search costs by sorting firms by highest valuation first, likely saving more than the privacy cost of 0.042, based on consistent positive revenues from past sharing decisions.",4,"### Decision:  
I'll **purchase Firm 4** (choose number 4) because:  
- Positive profit of 0.05 ensures a net gain, aligning with rational behavior to avoid leaving without buying.  
- Additional search costs 0.02 with likely diminishing returns due to personalized valuation sorting, making further searches unprofitable.","C2 Search #1 (Searched:1/6, SearchCost:0.00, BestProfit:0.05@F4) → Purchase F4",0.01,0.042,"[0.64, 0.1, 0.2, 0.02, 0.75, 0.05]"
6,9,C3,True,"Yes, because personalized recommendations with 6 firms significantly reduce search costs, likely exceeding the privacy cost of 0.031 based on consistent historical benefits.",5,"### Decision:
I'll **purchase Firm 5** (choose number 5) because: 
- It offers a positive profit of 0.1, ensuring a net gain.
- With data shared and search sorted by valuation, subsequent firms likely have lower valuations, making additional search costly (0.02) and unlikely to improve profit.","C3 Search #1 (Searched:1/6, SearchCost:0.00, BestProfit:0.10@F5) → Purchase F5",0.07,0.031,"[0.01, 0.64, 0.07, 0.14, 0.16, 0.8]"
6,9,C4,True,"Yes, because personalized recommendations with 6 firms significantly reduce expected search costs, likely outweighing the privacy cost of 0.028 based on historical revenue gains and minimal search needs.",3,"### Decision:
I'll **purchase Firm 3** (choose number 3) because: 
- It offers a positive profit of 0.27, ensuring immediate gain.
- Further searches cost 0.02 with minimal expected improvement due to decreasing valuation order from personalized recommendations.","C4 Search #1 (Searched:1/6, SearchCost:0.00, BestProfit:0.27@F3) → Purchase F3",0.24,0.028,"[0.52, 0.84, 0.7, 0.97, 0.76, 0.53]"
6,9,C5,True,"Yes, because with 6 firms, personalized recommendations reduce expected search costs and ensure a high-value first search, likely saving more than the privacy cost of 0.028, as demonstrated by my consistent positive revenues from sharing data in past rounds.",4,"### Decision:
I'll **purchase Firm 4** (choose number 4) because: 
- Positive profit of 0.28 is already available after the free first search.
- Further search costs 0.02 and likely yields diminishing returns due to sorted valuations from data sharing.","C5 Search #1 (Searched:1/6, SearchCost:0.00, BestProfit:0.28@F4) → Purchase F4",0.25,0.028,"[0.26, 0.67, 0.07, 0.02, 0.98, 0.6]"
6,9,C6,True,"Yes, because with 6 firms, personalized recommendations reduce search costs and improve product matching, likely exceeding the privacy cost of 0.05 based on consistent historical benefits and high revenues from similar strategies.",1,"### Decision:
I'll **purchase Firm 1** (choose number 1) because: 
- It offers a positive profit of 0.2, ensuring a net gain after costs.
- Personalized recommendations sort from highest to lowest value, making further searches unnecessary and costly with low expected improvement.","C6 Search #1 (Searched:1/6, SearchCost:0.00, BestProfit:0.20@F1) → Purchase F1",0.15,0.05,"[0.08, 0.9, 0.56, 0.37, 0.73, 0.06]"
6,9,C7,True,"Yes, because personalized recommendations with 6 firms significantly reduce expected search costs, likely saving more than the privacy cost of 0.034, based on consistent historical benefits and minimal search needs.",3,"### Decision:
I'll **purchase Firm 3** because: 
- It offers a positive profit of 0.23, ensuring a net gain and aligning with rational decision-making to avoid unnecessary costs.
- With personalized recommendations sorting by highest valuation, additional searches are unlikely to yield a better profit and would incur a search cost of 0.02.","C7 Search #1 (Searched:1/6, SearchCost:0.00, BestProfit:0.23@F3) → Purchase F3",0.2,0.034,"[0.43, 0.86, 0.11, 0.93, 0.71, 0.62]"
6,9,C8,True,"Yes, because with 6 firms, personalized recommendations significantly reduce expected search costs and improve deal quality, likely outweighing the privacy cost of 0.052 based on historical benefits and consistent positive revenues from sharing data.",1,"### Decision:
I'll **purchase Firm 1** (choose number 1) because: 
- The firm offers a positive profit of 0.07, which must be accepted as per rationality rules.
- With data shared and recommendations sorted by valuation, additional searches are unlikely to yield higher profit and would cost 0.02.","C8 Search #1 (Searched:1/6, SearchCost:0.00, BestProfit:0.07@F1) → Purchase F1",0.02,0.052,"[0.5, 0.77, 0.08, 0.05, 0.41, 0.3]"
6,9,C9,True,"Yes, because with 6 firms, sharing data provides personalized sorting that minimizes search costs and maximizes surplus, likely saving more than the privacy cost of 0.041, based on my consistent positive revenues from this strategy in all past rounds.",1,"### Decision:  
I'll **purchase Firm 1** (choose number 1) because:  
- It offers a positive profit of 0.25, ensuring a gain.  
- With personalized sorting from data sharing, it's likely the best option, so further search would add unnecessary cost with minimal expected improvement.","C9 Search #1 (Searched:1/6, SearchCost:0.00, BestProfit:0.25@F1) → Purchase F1",0.21,0.041,"[0.23, 0.95, 0.54, 0.01, 0.27, 0.08]"
6,9,C10,True,"Yes, because with 6 firms, personalized recommendations significantly reduce expected search costs, likely saving more than the 0.027 privacy cost based on historical benefits and top consumer strategies.",-1,Defaulted after 3 fails. Best Profit: -0.06 -> Choice: -1,"C10 Search #1 (Searched:1/6, SearchCost:0.00, BestProfit:-0.06@F1) → Leave Market",-0.03,0.027,"[0.63, 0.64, 0.4, 0.43, 0.07, 0.43]"
6,9,C11,True,"Yes, because with 6 firms, personalized recommendations significantly reduce expected search costs, likely exceeding the privacy cost of 0.051, based on historical benefits and consistent positive revenues from minimal searches.",1,"### Decision:
I'll **purchase Firm 1** (choose number 1) because: 
- Firm 1 offers a positive profit of 0.09, ensuring a gain without risk of loss.
- With personalized recommendations sorting by highest valuation, further searches are unlikely to improve profit and would incur a search cost of 0.02.","C11 Search #1 (Searched:1/6, SearchCost:0.00, BestProfit:0.09@F1) → Purchase F1",0.04,0.051,"[0.39, 0.79, 0.7, 0.18, 0.66, 0.2]"
6,9,C12,True,"Yes, because with 6 firms, personalized recommendations significantly reduce search costs, likely outweighing the privacy cost of 0.038 based on consistent historical benefits and positive revenues.",1,"### Decision:
I'll **purchase Firm 1** (choose number 1) because: 
- Firm 1 offers a positive profit of 0.3, which I can secure immediately.
- Additional search costs 0.02 and is unlikely to yield a better deal due to the personalized, valuation-sorted sequence reducing expected gains.","C12 Search #1 (Searched:1/6, SearchCost:0.00, BestProfit:0.30@F1) → Purchase F1",0.26,0.038,"[0.55, 1.0, 0.1, 1.0, 0.82, 0.93]"
6,9,C13,True,"Yes  
Reason: With 6 firms, personalized recommendations significantly reduce expected search costs, likely saving more than the privacy cost of 0.037, based on historical benefits and consistent positive revenues from minimal searches.",5,"### Decision:  
I'll **purchase Firm 5** (choose number 5) because:  
- It offers a positive profit of 0.27, ensuring an immediate gain.  
- With data sharing and sorted recommendations, this is likely the best option, so further searches would incur unnecessary costs of 0.02 with low expected improvement.","C13 Search #1 (Searched:1/6, SearchCost:0.00, BestProfit:0.27@F5) → Purchase F5",0.23,0.037,"[0.94, 0.48, 0.75, 0.4, 0.64, 0.97]"
6,9,C14,True,"Yes, because with 6 firms, personalized recommendations significantly reduce search costs by prioritizing high-value options, likely outweighing the privacy cost of 0.051 based on consistent positive revenues from past sharing.",0,"### Decision:  
I'll **purchase Firm 0** (choose number 0) because:  
- The searched firm offers a positive profit of 0.1, and rationality requires buying when such an option exists.  
- With data shared and search sorted by highest valuation, additional searches are unlikely to yield better profit, and the 0.02 search cost would reduce net revenue.","C14 Search #1 (Searched:1/6, SearchCost:0.00, BestProfit:0.10@F0) → Purchase F0",0.05,0.051,"[0.8, 0.52, 0.1, 0.39, 0.07, 0.36]"
6,9,C15,True,"Yes, because with 6 firms, personalized recommendations significantly reduce search costs by minimizing searches needed, likely exceeding the privacy cost of 0.029 based on my consistent positive revenue history.",0,"### Decision:  
I'll **purchase Firm 0** (choose number 0) because:  
- It offers a positive profit of 0.19, ensuring immediate gain.  
- Searching further costs 0.02 with likely diminishing returns, given the sorted recommendations by valuation.","C15 Search #1 (Searched:1/6, SearchCost:0.00, BestProfit:0.19@F0) → Purchase F0",0.16,0.029,"[0.89, 0.39, 0.67, 0.84, 0.68, 0.15]"
6,9,C16,True,"Yes, because with 6 firms, personalized recommendations minimize search costs by providing the best deals first, likely saving more than the privacy cost of 0.044 based on consistent historical positive revenues and reduced search needs.",3,"### Decision:  
I'll **purchase Firm 3** (choose number 3) because:  
- It offers a positive profit of 0.29, ensuring a gain as a rational consumer.  
- With personalized recommendations from data sharing, this is likely the best option, and further searching would cost 0.02 with low expected improvement.","C16 Search #1 (Searched:1/6, SearchCost:0.00, BestProfit:0.29@F3) → Purchase F3",0.25,0.044,"[0.76, 0.32, 0.05, 0.99, 0.18, 0.42]"
6,9,C17,True,"Yes, because with 6 firms, personalized recommendations significantly reduce search costs by minimizing searches needed for a high-value deal, likely outweighing the privacy cost of 0.048 based on consistent positive revenues from past rounds and top consumer strategies.",0,"### Decision:  
I'll **purchase Firm 0** (choose number 0) because:  
- It offers a positive profit of 0.28, requiring purchase per rationality rules.  
- With personalized recommendations sorted by valuation, further searching is unlikely to yield a better deal and would add a search cost of 0.02.","C17 Search #1 (Searched:1/6, SearchCost:0.00, BestProfit:0.28@F0) → Purchase F0",0.23,0.048,"[0.98, 0.02, 0.18, 0.92, 0.51, 0.5]"
6,9,C18,True,"Yes, because with 6 firms, personalized recommendations significantly reduce expected search costs and improve deal quality, likely outweighing the 0.047 privacy cost based on consistent past revenue gains and top consumer strategies.",2,"### Decision:
I'll **purchase Firm 2** (choose number 2) because: 
- It offers a positive profit of 0.23, ensuring an immediate gain as per rationality.
- With personalized recommendations sorting by highest valuation first, further searches would incur a 0.02 cost with likely diminishing returns, based on consistent past outcomes.","C18 Search #1 (Searched:1/6, SearchCost:0.00, BestProfit:0.23@F2) → Purchase F2",0.18,0.047,"[0.76, 0.5, 0.93, 0.73, 0.81, 0.45]"
6,9,C19,True,"Yes, because with 6 firms, personalized recommendations significantly reduce expected search costs, likely saving more than the 0.04 privacy cost based on consistent historical benefits and top consumer strategies.",3,"### Decision:  
I'll **purchase Firm 3** (choose number 3) because:  
- The firm offers a positive profit of 0.22, requiring a purchase as per rationality to avoid leaving without buying.  
- With personalized recommendations sorting from highest to lowest value, additional searches are unlikely to yield a profit increase justifying the 0.02 search cost.","C19 Search #1 (Searched:1/6, SearchCost:0.00, BestProfit:0.22@F3) → Purchase F3",0.18,0.04,"[0.39, 0.37, 0.26, 0.92, 0.12, 0.09]"
6,9,C20,True,"Yes, because with 6 firms, personalized recommendations significantly reduce expected search costs, often eliminating additional searches, and the savings likely exceed the privacy cost of 0.036, based on consistent historical benefits and top consumer strategies.",2,"### Decision:
I'll **purchase Firm 2** (choose number 2) because: 
- Positive profit of 0.22 ensures immediate gain.
- Additional search costs 0.02 with low expected improvement due to personalized sorting prioritizing highest value first.","C20 Search #1 (Searched:1/6, SearchCost:0.00, BestProfit:0.22@F2) → Purchase F2",0.18,0.036,"[0.34, 0.14, 0.92, 0.75, 0.41, 0.23]"
6,10,C1,False,"No, because my privacy value of 0.052 exceeds the expected search cost savings from personalized recommendations, and my history shows sharing data often leads to negative revenue without sufficient benefits.",-1,"### Decision:  
I'll **leave** (choose number -1) because:  
- The searched firm has a highly negative profit of -0.7, offering no value.  
- Searching another firm costs 0.02 with low likelihood of finding a positive profit, risking additional loss based on past non-sharing experiences.","C1 Search #1 (Searched:1/6, SearchCost:0.00, BestProfit:-0.70@F4) → Leave Market",0.0,0.052,"[0.13, 0.42, 0.64, 0.61, 0.0, 0.33]"
6,10,C2,False,"No, because the privacy cost of 0.042 outweighs the expected reduction in search cost, as my historical data shows diminishing returns from sharing, and not sharing allows for similar or better expected revenue with no privacy loss.",4,"### Decision:  
I'll **purchase Firm 4** (choose number 4) because:  
- Positive profit of 0.05 ensures a net gain after search costs, aligning with rational behavior to avoid leaving without buying.  
- Additional search costs 0.02 with uncertain benefits from unsearched firms, likely not justifying the expense and risking reduced revenue.","C2 Search #1 (Searched:1/6, SearchCost:0.00, BestProfit:-0.68@F3) → Search Next; C2 Search #2 (Searched:2/6, SearchCost:0.02, BestProfit:0.05@F4) → Purchase F4",0.03,0.042,"[0.64, 0.1, 0.2, 0.02, 0.75, 0.05]"
6,10,C3,True,"Yes, because with 6 firms, personalized recommendations significantly reduce search costs, likely exceeding the privacy cost of 0.031 based on consistent historical benefits and top consumer strategies.",5,"### Decision:
I'll **purchase Firm 5** (choose number 5) because: 
- It offers a positive profit of 0.05, ensuring a net gain as per my rational behavior.
- With data shared and search sorted by valuation, subsequent firms likely have lower valuations, making additional search costly (0.02) and unlikely to improve profit.","C3 Search #1 (Searched:1/6, SearchCost:0.00, BestProfit:0.05@F5) → Purchase F5",0.02,0.031,"[0.01, 0.64, 0.07, 0.14, 0.16, 0.8]"
6,10,C4,True,"Yes, because with 6 firms, personalized recommendations significantly reduce expected search costs, likely outweighing the low privacy cost of 0.028 based on historical revenue gains and minimal search needs from past decisions.",3,"### Decision:
I'll **purchase Firm 3** (choose number 3) because: 
- It offers a positive profit of 0.27, ensuring immediate gain.
- Further searches cost 0.02 with minimal expected improvement due to decreasing valuation order from personalized recommendations.","C4 Search #1 (Searched:1/6, SearchCost:0.00, BestProfit:0.27@F3) → Purchase F3",0.24,0.028,"[0.52, 0.84, 0.7, 0.97, 0.76, 0.53]"
6,10,C5,True,"Yes, because with 6 firms, personalized recommendations significantly reduce expected search costs and ensure a high-value first search, likely saving more than the privacy cost of 0.028, as supported by my consistent positive revenues from sharing data in past rounds.",4,"### Decision:  
I'll **purchase Firm 4** (choose number 4) because:  
- Positive profit of 0.28 is already available after the free first search.  
- Further search costs 0.02 and likely yields diminishing returns due to sorted valuations from data sharing.","C5 Search #1 (Searched:1/6, SearchCost:0.00, BestProfit:0.28@F4) → Purchase F4",0.25,0.028,"[0.26, 0.67, 0.07, 0.02, 0.98, 0.6]"
6,10,C6,True,"Yes, because personalized recommendations with 6 firms significantly reduce search costs, outweighing the 0.05 privacy cost based on consistent past benefits and positive revenues.",1,"### Decision:  
I'll **purchase Firm 1** (choose number 1) because:  
- It offers a positive profit of 0.2, ensuring a net gain after costs.  
- Personalized recommendations sort from highest to lowest value, making further searches unnecessary and costly with low expected improvement.","C6 Search #1 (Searched:1/6, SearchCost:0.00, BestProfit:0.20@F1) → Purchase F1",0.15,0.05,"[0.08, 0.9, 0.56, 0.37, 0.73, 0.06]"
6,10,C7,True,"Yes, because personalized recommendations with 6 firms significantly reduce search costs, likely outweighing the privacy cost of 0.034 based on historical benefits.",3,"### Decision:  
I'll **purchase Firm 3** because:  
- It offers a positive profit of 0.23, ensuring a net gain.  
- With personalized recommendations sorting by highest valuation, additional searches are unlikely to yield better profit and would incur a search cost of 0.02.","C7 Search #1 (Searched:1/6, SearchCost:0.00, BestProfit:0.23@F3) → Purchase F3",0.2,0.034,"[0.43, 0.86, 0.11, 0.93, 0.71, 0.62]"
6,10,C8,True,"Yes, because personalized recommendations with 6 firms significantly reduce expected search costs, historically leading to positive net revenue despite the privacy cost of 0.052, as seen in my past decisions and top consumers' outcomes.",1,"### Decision:  
I'll **purchase Firm 1** (choose number 1) because:  
- The firm offers a positive profit of 0.07, which must be accepted per rationality rules.  
- With data shared and recommendations sorted by valuation, additional searches are unlikely to improve profit and would incur a cost of 0.02.","C8 Search #1 (Searched:1/6, SearchCost:0.00, BestProfit:0.07@F1) → Purchase F1",0.02,0.052,"[0.5, 0.77, 0.08, 0.05, 0.41, 0.3]"
6,10,C9,True,"Yes, because with 6 firms, personalized recommendations significantly reduce search costs, likely saving more than the privacy cost of 0.041, based on consistent historical benefits and positive revenues from minimal searching.",1,"### Decision:  
I'll **purchase Firm 1** (choose number 1) because:  
- It offers a positive profit of 0.25, ensuring a gain.  
- With personalized sorting from data sharing, it's likely the best option, so further search would add unnecessary cost with minimal expected improvement.","C9 Search #1 (Searched:1/6, SearchCost:0.00, BestProfit:0.25@F1) → Purchase F1",0.21,0.041,"[0.23, 0.95, 0.54, 0.01, 0.27, 0.08]"
6,10,C10,True,"Yes, because with 6 firms, personalized recommendations significantly reduce expected search costs by sorting products by valuation, likely saving more than the privacy cost of 0.027 based on historical benefits and top consumer strategies.",-1,"### Decision:  
I'll **leave** (choose number -1) because:  
- The searched firm with the highest valuation has a negative profit of -0.06, indicating no gain from purchasing or further searching.  
- With data shared and firms sorted by decreasing valuation, additional searches costing 0.02 are unlikely to yield positive profit, making it unjustifiable based on historical patterns and cautionary search cost considerations.","C10 Search #1 (Searched:1/6, SearchCost:0.00, BestProfit:-0.06@F1) → Leave Market",-0.03,0.027,"[0.63, 0.64, 0.4, 0.43, 0.07, 0.43]"
6,10,C11,True,"Yes, because with 6 firms, personalized recommendations significantly reduce expected search costs, historically offsetting the privacy cost of 0.051 and ensuring positive revenue with minimal searches.",1,"### Decision:
I'll **purchase Firm 1** (choose number 1) because: 
- Firm 1 offers a positive profit of 0.09, ensuring a gain.
- With personalized recommendations sorting by highest valuation, further searches are unlikely to yield better deals and would incur a search cost of 0.02.","C11 Search #1 (Searched:1/6, SearchCost:0.00, BestProfit:0.09@F1) → Purchase F1",0.04,0.051,"[0.39, 0.79, 0.7, 0.18, 0.66, 0.2]"
6,10,C12,True,"Yes, because with 6 firms, personalized recommendations significantly reduce expected search costs by sorting the best options first, consistently outweighing the privacy cost of 0.038 based on my historical positive revenues and minimal search needs.",1,"### Decision:
I'll **purchase Firm 1** (choose number 1) because: 
- Firm 1 offers a positive profit of 0.3, which I can secure immediately.
- Additional search costs 0.02 and is unlikely to yield a better deal due to the personalized, valuation-sorted sequence reducing expected gains.","C12 Search #1 (Searched:1/6, SearchCost:0.00, BestProfit:0.30@F1) → Purchase F1",0.26,0.038,"[0.55, 1.0, 0.1, 1.0, 0.82, 0.93]"
6,10,C13,True,"Yes  
Reason: Sharing data with 6 firms provides sorted recommendations that minimize search costs, likely saving more than the privacy cost of 0.037, based on consistent historical benefits and positive revenues from reduced searches.",5,"### Decision:  
I'll **purchase Firm 5** (choose number 5) because:  
- It offers a positive profit of 0.22, ensuring an immediate gain.  
- With data sharing and sorted recommendations, this is likely the best option, so further searches would incur unnecessary costs of 0.02 with low expected improvement.","C13 Search #1 (Searched:1/6, SearchCost:0.00, BestProfit:0.22@F5) → Purchase F5",0.18,0.037,"[0.94, 0.48, 0.75, 0.4, 0.64, 0.97]"
6,10,C14,True,"Yes, because with 6 firms, personalized recommendations significantly reduce search costs by prioritizing high-value options, outweighing the 0.051 privacy cost based on consistent positive revenues from past sharing.",0,"### Decision:  
I'll **purchase Firm 0** (choose number 0) because:  
- The searched firm offers a positive profit of 0.1, and rationality requires buying when such an option exists.  
- With data shared and search sorted by highest valuation, additional searches are unlikely to yield better profit, and the 0.02 search cost would reduce net revenue.","C14 Search #1 (Searched:1/6, SearchCost:0.00, BestProfit:0.10@F0) → Purchase F0",0.05,0.051,"[0.8, 0.52, 0.1, 0.39, 0.07, 0.36]"
6,10,C15,True,"Yes, because with 6 firms, personalized recommendations consistently reduce search costs and ensure high-value first searches, as shown in my history and top consumers' strategies, outweighing the low privacy cost of 0.029.",0,"### Decision:  
I'll **purchase Firm 0** (choose number 0) because:  
- It offers a positive profit of 0.19, ensuring immediate gain.  
- Searching further costs 0.02 with likely diminishing returns, given the sorted recommendations by valuation.","C15 Search #1 (Searched:1/6, SearchCost:0.00, BestProfit:0.19@F0) → Purchase F0",0.16,0.029,"[0.89, 0.39, 0.67, 0.84, 0.68, 0.15]"
6,10,C16,True,"Yes, because with 6 firms, personalized recommendations minimize search costs and ensure high-value deals first, consistently outweighing the privacy cost of 0.044 based on historical positive outcomes.",3,"### Decision:
I'll **purchase Firm 3** (choose number 3) because: 
- It offers a positive profit of 0.29, ensuring a gain as a rational consumer.
- With personalized recommendations from data sharing, this is likely the best option, and further searching would cost 0.02 with low expected improvement.","C16 Search #1 (Searched:1/6, SearchCost:0.00, BestProfit:0.29@F3) → Purchase F3",0.25,0.044,"[0.76, 0.32, 0.05, 0.99, 0.18, 0.42]"
6,10,C17,True,"Yes, because with 6 firms, personalized recommendations significantly reduce search costs by minimizing searches needed for a high-value deal, likely outweighing the privacy cost of 0.048 based on consistent past benefits and top consumer strategies.",0,"### Decision:  
I'll **purchase Firm 0** (choose number 0) because:  
- It offers a positive profit of 0.28, requiring purchase per rationality rules.  
- With personalized recommendations sorted by valuation, further searching is unlikely to yield a better deal and would add a search cost of 0.02.","C17 Search #1 (Searched:1/6, SearchCost:0.00, BestProfit:0.28@F0) → Purchase F0",0.23,0.048,"[0.98, 0.02, 0.18, 0.92, 0.51, 0.5]"
6,10,C18,True,"Yes, because with 6 firms, personalized recommendations sort products by highest valuation first, minimizing search costs and ensuring a high-profit first search, which historically outweighs the 0.047 privacy cost and maximizes total revenue.",2,"### Decision:
I'll **purchase Firm 2** (choose number 2) because: 
- It offers a positive profit of 0.23, ensuring an immediate gain as per rationality.
- With personalized recommendations sorting by highest valuation first, further searches would incur a 0.02 cost with likely diminishing returns.","C18 Search #1 (Searched:1/6, SearchCost:0.00, BestProfit:0.23@F2) → Purchase F2",0.18,0.047,"[0.76, 0.5, 0.93, 0.73, 0.81, 0.45]"
6,10,C19,True,"Yes, because with 6 firms, personalized recommendations significantly reduce search costs, likely saving more than the 0.04 privacy cost based on consistent historical benefits and top consumer strategies.",3,"### Decision:  
I'll **purchase Firm 3** (choose number 3) because:  
- The firm offers a positive profit of 0.22, requiring a purchase as per rationality to avoid leaving without buying.  
- With personalized recommendations sorting from highest to lowest value, additional searches are unlikely to yield a profit increase justifying the 0.02 search cost.","C19 Search #1 (Searched:1/6, SearchCost:0.00, BestProfit:0.22@F3) → Purchase F3",0.18,0.04,"[0.39, 0.37, 0.26, 0.92, 0.12, 0.09]"
6,10,C20,True,"Yes, because with 6 firms, personalized recommendations significantly reduce search costs and likely provide a high-value first option, outweighing the privacy cost of 0.036 based on consistent historical benefits and positive revenues from past sharing.",2,"### Decision:
I'll **purchase Firm 2** (choose number 2) because: 
- Positive profit of 0.22 ensures immediate gain.
- Additional search costs 0.02 with low expected improvement due to personalized sorting prioritizing highest value first.","C20 Search #1 (Searched:1/6, SearchCost:0.00, BestProfit:0.22@F2) → Purchase F2",0.18,0.036,"[0.34, 0.14, 0.92, 0.75, 0.41, 0.23]"
