firm_num,round,firm_id,price,price_reason,profit,sale_num,revenue,share_rate,share_rate_predicted
1,1,F0,0.5,"Change price: 0.00, reason: Single firm with uniform valuations and no competition; basic price 0.50 maximizes profit given zero cost and moderate share rate.",5.0,10,5.0,0.0,"[0.2556089458160472, 'adaptive']"
1,2,F0,0.5,"Change price: 0.00, reason: Single firm with uniform valuations and no competition; price 0.50 maximizes profit given zero cost and zero share rate.",5.5,11,5.5,0.0,"[0.0, 'adaptive']"
1,3,F0,0.5,"Change price: 0.00, reason: Single firm with uniform valuations and zero cost; price 0.50 maximizes profit given zero share rate and stable sales.",5.5,11,5.5,0.0,"[0.0, 'adaptive']"
1,4,F0,0.5,"Change price: 0.00, reason: Single firm with uniform valuations and zero cost; price 0.50 maximizes profit given zero share rate and stable sales.",5.5,11,5.5,0.0,"[0.0, 'adaptive']"
1,5,F0,0.5,"Change price: 0.00, reason: Single firm, zero cost, zero share rate; price 0.50 consistently maximizes profit with stable sales and no competition.",5.5,11,5.5,0.0,"[0.0, 'adaptive']"
1,6,F0,0.5,"Change price: 0.00, reason: Single firm with zero cost and zero share rate; price 0.50 consistently maximizes profit with stable sales and no competition.",5.5,11,5.5,0.0,"[0.0, 'adaptive']"
1,7,F0,0.5,"Change price: 0.00, reason: Single firm with zero cost and zero share rate; price 0.50 consistently maximizes profit with stable sales and no competition.",5.5,11,5.5,0.0,"[0.0, 'adaptive']"
1,8,F0,0.5,"Change price: 0.00, reason: Single firm with zero cost and zero share rate; price 0.50 consistently maximizes profit with stable sales and no competition.",5.5,11,5.5,0.0,"[0.0, 'adaptive']"
1,9,F0,0.5,"Change price: 0.00, reason: Single firm with zero cost and zero share rate; price 0.50 consistently maximizes profit with stable sales and no competition.",5.5,11,5.5,0.0,"[0.0, 'adaptive']"
1,10,F0,0.5,"Change price: 0.00, reason: Single firm, zero cost, zero share rate; price 0.50 consistently maximizes profit with stable sales and no competition.",5.5,11,5.5,0.0,"[0.0, 'adaptive']"
2,1,F0,0.6,"Change price: 0.10, reason: Moderate share rate boosts personalized recommendations, reducing search and increasing purchase likelihood, allowing a higher price to maximize profit.",4.8,8,4.8,0.05,"[0.4028581237754436, 'adaptive']"
2,1,F1,0.6,"Change price: 0.10, reason: High share rate (0.957) means strong personalized recommendations, increasing purchase likelihood; can raise price above basic 0.50 to maximize profit without losing many consumers.",3.0,5,3.0,0.05,"[0.9574402773358309, 'adaptive']"
2,2,F0,0.6,"Change price: 0.00, reason: Current price 0.60 yields strong profit with moderate share rate; no need to change given stable market conditions and low share rate.",6.0,10,6.0,0.0,"[0.05, 'adaptive']"
2,2,F1,0.6,"Change price: 0.00, reason: Current share rate is low (0.05), limiting personalized recommendation benefits; maintaining price at 0.6 balances competitive positioning and profit maximization under stable demand.",3.0,5,3.0,0.0,"[0.05, 'adaptive']"
2,3,F0,0.6,"Change price: 0.00, reason: Current price 0.60 yields strong profit with stable demand and zero share rate; no incentive to change price under current market conditions.",6.0,10,6.0,0.0,"[0.0, 'adaptive']"
2,3,F1,0.6,"Change price: 0.00, reason: Share rate remains low at 0.0, limiting personalized recommendation benefits; maintaining price at 0.60 balances competitive positioning and profit maximization under stable demand and competition.",4.2,7,4.2,0.0,"[0.0, 'adaptive']"
2,4,F0,0.6,"Change price: 0.00, reason: Current price 0.60 yields stable profit of 6.0 with zero share rate and steady demand; no incentive to change price under current market conditions.",5.4,9,5.4,0.0,"[0.0, 'adaptive']"
2,4,F1,0.6,"Change price: 0.00, reason: Share rate remains zero, limiting personalized recommendation benefits; maintaining price at 0.60 balances competitive positioning and maximizes profit under stable demand and competition.",3.0,5,3.0,0.0,"[0.0, 'adaptive']"
2,5,F0,0.6,"Change price: 0.00, reason: Current price 0.60 maintains stable profit with zero share rate and steady demand; no incentive to change price under current market conditions.",7.2,12,7.2,0.0,"[0.0, 'adaptive']"
2,5,F1,0.5,"Change price: -0.10, reason: Share rate remains zero, limiting personalized recommendation benefits; lowering price to 0.50 may attract more consumers and increase sales volume, improving profit despite competition.",2.5,5,2.5,0.0,"[0.0, 'adaptive']"
2,6,F0,0.6,"Change price: 0.00, reason: Current price 0.60 yields stable profit with zero share rate and steady demand; no incentive to change price under current market conditions.",7.2,12,7.2,0.0,"[0.0, 'adaptive']"
2,6,F1,0.6,"Change price: 0.10, reason: With zero share rate limiting personalized recommendations, maintaining a slightly higher price (0.60) balances profit per unit and stable demand, as past rounds show stable sales and profit at this price despite competition.",4.2,7,4.2,0.0,"[0.0, 'adaptive']"
2,7,F0,0.6,"Change price: 0.00, reason: Current price 0.60 yields stable profit with zero share rate and steady demand; no incentive to change price under current market conditions.",6.0,10,6.0,0.0,"[0.0, 'adaptive']"
2,7,F1,0.6,"Change price: 0.00, reason: Share rate remains zero, limiting personalized recommendation benefits; maintaining price at 0.60 balances unit profit and stable demand under current competition.",3.0,5,3.0,0.0,"[0.0, 'adaptive']"
2,8,F0,0.6,"Change price: 0.00, reason: Current price 0.60 yields stable profit with zero share rate and steady demand; no incentive to change price under current market conditions.",6.0,10,6.0,0.0,"[0.0, 'adaptive']"
2,8,F1,0.6,"Change price: 0.00, reason: Share rate remains zero, limiting personalized recommendation benefits; maintaining price at 0.60 balances unit profit and stable demand under current competition.",3.0,5,3.0,0.0,"[0.0, 'adaptive']"
2,9,F0,0.6,"Change price: 0.00, reason: Current price 0.60 yields stable profit with zero share rate and steady demand; no incentive to change price under current market conditions.",6.0,10,6.0,0.0,"[0.0, 'adaptive']"
2,9,F1,0.6,"Change price: 0.00, reason: Share rate remains zero limiting personalized recommendation benefits; maintaining price at 0.60 balances unit profit and stable demand under current competition.",2.4,4,2.4,0.0,"[0.0, 'adaptive']"
2,10,F0,0.6,"Change price: 0.00, reason: Current price 0.60 maintains stable profit with zero share rate and steady demand; no incentive to change price under current market conditions.",6.0,10,6.0,0.0,"[0.0, 'adaptive']"
2,10,F1,0.6,"Change price: 0.00, reason: Share rate remains zero limiting personalized recommendation benefits; maintaining price at 0.60 balances unit profit and stable demand under current competition.",3.6,6,3.6,0.0,"[0.0, 'adaptive']"
3,1,F0,0.6,"Change price: 0.10, reason: High share rate (0.726) increases personalized recommendations, reducing search and boosting purchase likelihood, allowing a higher price to maximize profit.",4.2,7,4.2,0.45,"[0.7261078549555077, 'adaptive']"
3,1,F1,0.6,"Change price: 0.10, reason: High share rate (0.80) boosts personalized recommendations, increasing purchase likelihood despite competition; can raise price above basic 0.5 to maximize profit.",1.8,3,1.8,0.45,"[0.8010278090275645, 'adaptive']"
3,1,F2,0.6,"Change price: 0.10, reason: High data sharing rate (0.88) increases personalized recommendations, reducing search and boosting purchase likelihood, allowing a higher price to maximize profit.",2.4,4,2.4,0.45,"[0.8814677935264176, 'adaptive']"
3,2,F0,0.7,"Change price: 0.10, reason: Maintain high share rate (0.45) to leverage personalized recommendations, reduce search, increase purchase likelihood amid competition, enabling higher price to maximize profit.",4.9,7,4.9,0.3,"[0.45, 'adaptive']"
3,2,F1,0.7,"Change price: 0.10, reason: Maintain high share rate (0.45) and competition; personalized recommendations reduce search, boosting purchase likelihood—allowing a price increase to maximize profit.",0.7,1,0.7,0.3,"[0.45, 'adaptive']"
3,2,F2,0.7,"Change price: 0.10, reason: Maintain competitive pricing aligned with high share rate (0.45) to leverage personalized recommendations, boosting purchase likelihood and maximizing profit.",2.8,4,2.8,0.3,"[0.45, 'adaptive']"
3,3,F0,0.7,"Change price: 0.00, reason: Maintain price at 0.70 to leverage stable share rate (0.30) and personalized recommendations, maximizing profit amid competition as prior round showed highest profit at this price.",4.2,6,4.2,0.2,"[0.3, 'adaptive']"
3,3,F1,0.6,"Change price: -0.10, reason: Actual share rate dropped to 0.3 from predicted 0.45, reducing personalized recommendation effectiveness; lowering price to boost purchase likelihood and sales volume amid competition.",2.4,4,2.4,0.2,"[0.3, 'adaptive']"
3,3,F2,0.8,"Change price: 0.10, reason: Maintain price increase to leverage stable share rate (0.3) and personalized recommendations amid competition, boosting purchase likelihood and maximizing profit.",1.6,2,1.6,0.2,"[0.3, 'adaptive']"
3,4,F0,0.7,"Change price: 0.00, reason: Maintain price at 0.70 to leverage stable share rate (0.20) and personalized recommendations; prior rounds show this price maximizes profit amid competition.",3.5,5,3.5,0.6,"[0.2, 'adaptive']"
3,4,F1,0.7,"Change price: 0.10, reason: Maintain stable share rate (0.2) and personalized recommendations; with competition and moderate share rate, raising price to 0.70 balances purchase likelihood and profit maximization.",1.4,2,1.4,0.6,"[0.2, 'adaptive']"
3,4,F2,0.7,"Change price: -0.10, reason: Lower price to 0.70 to increase purchase likelihood amid lower share rate (0.2) and strong competition, aiming to boost sales volume and profit.",2.1,3,2.1,0.6,"[0.2, 'adaptive']"
3,5,F0,0.6,"Change price: -0.10, reason: Lower price to 0.60 to increase purchase likelihood amid competition and predicted stable share rate (0.6), aiming to boost sales volume and maximize profit.",5.4,9,5.4,0.55,"[0.6, 'adaptive']"
3,5,F1,0.65,"Change price: -0.05, reason: Slightly reduce price from 0.70 to 0.65 to increase purchase likelihood amid competition despite stable share rate (0.6), aiming to boost sales volume and overall profit.",1.3,2,1.3,0.55,"[0.6, 'adaptive']"
3,5,F2,0.8,"Change price: 0.10, reason: Increase price to 0.80 leveraging stable high share rate (0.6) and personalized recommendations to maximize profit amid competition.",1.6,2,1.6,0.55,"[0.6, 'adaptive']"
3,6,F0,0.7,"Change price: 0.10, reason: Increase price to 0.70 leveraging stable share rate (0.55) and personalized recommendations to maximize profit while maintaining purchase likelihood amid competition.",4.2,6,4.2,0.55,"[0.55, 'adaptive']"
3,6,F1,0.6,"Change price: -0.05, reason: Maintain competitive advantage by slightly lowering price from 0.65 to 0.60 to increase purchase likelihood amid stable share rate (0.55) and strong competition, aiming to boost sales volume and maximize profit.",1.8,3,1.8,0.55,"[0.55, 'adaptive']"
3,6,F2,0.6,"Change price: -0.20, reason: Lower price to 0.60 to increase purchase likelihood amid competition and stable share rate (0.55), aiming to boost sales volume and maximize profit.",1.2,2,1.2,0.55,"[0.55, 'adaptive']"
3,7,F0,0.6,"Change price: -0.10, reason: Lower price to 0.60 to increase purchase likelihood amid stable share rate (0.55) and strong competition, aiming to boost sales volume and maximize profit.",4.8,8,4.8,0.75,"[0.55, 'adaptive']"
3,7,F1,0.7,"Change price: 0.10, reason: Stable share rate (0.55) and strong competition allow raising price to 0.70 to maximize profit by leveraging personalized recommendations and maintaining purchase likelihood.",1.4,2,1.4,0.75,"[0.55, 'adaptive']"
3,7,F2,0.7,"Change price: 0.10, reason: Increase price to 0.70 leveraging stable share rate (0.55) and personalized recommendations to maximize profit while maintaining purchase likelihood amid competition.",1.4,2,1.4,0.75,"[0.55, 'adaptive']"
3,8,F0,0.7,"Change price: 0.10, reason: Increase price to 0.70 to leverage high share rate (0.75) and personalized recommendations, maximizing profit while maintaining purchase likelihood amid strong competition.",6.3,9,6.3,0.65,"[0.75, 'adaptive']"
3,8,F1,0.6,"Change price: -0.10, reason: Lower price to 0.60 to increase purchase likelihood amid stable high share rate (0.75) and strong competition, aiming to boost sales volume and maximize profit.",2.4,4,2.4,0.65,"[0.75, 'adaptive']"
3,8,F2,0.6,"Change price: -0.10, reason: Lower price to 0.60 to increase sales volume amid strong competition and stable high share rate (0.75), aiming to maximize profit through higher purchase likelihood.",1.2,2,1.2,0.65,"[0.75, 'adaptive']"
3,9,F0,0.7,"Change price: 0.00, reason: Maintain price at 0.70 to leverage stable share rate (0.65) and strong personalized recommendations, maximizing profit amid competition as prior round showed highest profit at this price.",2.8,4,2.8,0.75,"[0.65, 'adaptive']"
3,9,F1,0.7,"Change price: 0.10, reason: Increase price to 0.70 to leverage stable high share rate (0.65) and personalized recommendations, maximizing profit while maintaining purchase likelihood amid strong competition.",1.4,2,1.4,0.75,"[0.65, 'adaptive']"
3,9,F2,0.7,"Change price: 0.10, reason: Increase price to 0.70 to leverage stable high share rate (0.65) and personalized recommendations, maximizing profit while maintaining purchase likelihood amid strong competition.",2.1,3,2.1,0.75,"[0.65, 'adaptive']"
3,10,F0,0.6,"Change price: -0.10, reason: Lower price to 0.60 to increase purchase likelihood amid high share rate (0.75) and strong competition, aiming to boost sales volume and maximize profit.",4.8,8,4.8,0.6,"[0.75, 'adaptive']"
3,10,F1,0.7,"Change price: 0.00, reason: Maintain price at 0.70 to leverage stable high share rate (0.75) and strong personalized recommendations, maximizing profit amid competition as prior rounds showed highest profit at this price.",1.4,2,1.4,0.6,"[0.75, 'adaptive']"
3,10,F2,0.7,"Change price: 0.00, reason: Maintain price at 0.70 to leverage stable high share rate (0.75) and personalized recommendations, maximizing profit amid strong competition as prior rounds showed highest profit at this price.",1.4,2,1.4,0.6,"[0.75, 'adaptive']"
4,1,F0,0.55,"Change price: 0.05, reason: Low share rate limits personalized recommendations; slight price increase to capture higher valuation consumers without losing demand.",2.2,4,2.2,1.0,"[0.010342039293239291, 'adaptive']"
4,1,F1,0.6,"Change price: 0.10, reason: High share rate (0.95) increases personalized recommendations, boosting purchase likelihood despite competition; thus, a moderate price increase maximizes profit.",2.4,4,2.4,1.0,"[0.9502326359883688, 'adaptive']"
4,1,F2,0.6,"Change price: 0.10, reason: Moderate increase to leverage personalized recommendations boosting purchase likelihood amid competition.",4.2,7,4.2,1.0,"[0.38821024625283973, 'adaptive']"
4,1,F3,0.6,"Change price: 0.10, reason: High share rate (0.81) increases likelihood of personalized recommendations, reducing search and boosting purchase probability, allowing a price increase from the basic 0.50 to capture higher profit.",1.2,2,1.2,1.0,"[0.8134981385157641, 'adaptive']"
4,2,F0,0.6,"Change price: 0.05, reason: High share rate (1.0) boosts personalized recommendations and purchase likelihood; moderate price increase to capture higher valuation consumers amid competition.",2.4,4,2.4,1.0,"[1.0, 'adaptive']"
4,2,F1,0.7,"Change price: 0.10, reason: High share rate (1.0) ensures strong personalized recommendations, increasing purchase likelihood despite competition; moderate price increase leverages this to maximize profit.",2.1,3,2.1,1.0,"[1.0, 'adaptive']"
4,2,F2,0.65,"Change price: 0.05, reason: Slight increase to capitalize on high share rate and strong personalized recommendations, boosting purchase likelihood amid stable competition.",4.55,7,4.55,1.0,"[1.0, 'adaptive']"
4,2,F3,0.7,"Change price: 0.10, reason: High share rate (1.0) ensures strong personalized recommendations, reducing search and increasing purchase likelihood; moderate price increase to improve profit amid competition.",1.4,2,1.4,1.0,"[1.0, 'adaptive']"
4,3,F0,0.65,"Change price: 0.05, reason: High share rate (1.0) ensures strong personalized recommendations; increasing price moderately to capture higher valuation consumers and improve profit amid stable competition.",2.6,4,2.6,1.0,"[1.0, 'adaptive']"
4,3,F1,0.65,"Given the market conditions:

- Number of consumers: 20
- Number of firms: 4 (high competition)
- Share rate: 1.0 (maximum, meaning personalized recommendations are very effective)
- Cost: 0.0
- Consumers’ valuations are uniform [0,1]
- Historical prices and profits:
  - Price 0.6 → Profit 2.4 (sales 4)
  - Price 0.7 → Profit 2.1 (sales 3)

Competitors have set prices around 0.65 to 0.7, with the top profit (4.55) at price 0.65.

Since the share rate is 1.0, personalized recommendations are strong, reducing consumer search and increasing purchase likelihood. However, setting the price too high (0.7) decreased sales and profit compared to 0.6 or 0.65.

To maximize profit, a moderate price slightly below 0.7 but above 0.6 seems optimal, balancing unit margin and sales volume.

I will set price = 0.65 (basic 0.7 - 0.05) to capture more sales while maintaining a good margin.

Output:

Change price: -0.05, reason: Moderate price decrease to 0.65 to boost sales amid strong personalized recommendations and high competition, maximizing profit.",2.6,4,2.6,1.0,"[1.0, 'adaptive']"
4,3,F2,0.7,"Change price: 0.05, reason: Slight price increase to leverage continued high share rate and strong personalized recommendations, aiming to maximize profit amid stable competition.",4.2,6,4.2,1.0,"[1.0, 'adaptive']"
4,3,F3,0.75,"Change price: 0.05, reason: High share rate (1.0) and strong competition favor personalized recommendations; slight price increase to capture higher valuation consumers and improve profit.",1.5,2,1.5,1.0,"[1.0, 'adaptive']"
4,4,F0,0.7,"Change price: 0.05, reason: High share rate (1.0) ensures strong personalized recommendations; a slight price increase to 0.70 can leverage stable demand and maximize profit amid strong competition.",2.8,4,2.8,1.0,"[1.0, 'adaptive']"
4,4,F1,0.7,"Change price: 0.05, reason: Increase price to 0.70 to leverage high share rate and strong personalized recommendations, aiming to maximize profit despite slightly lower sales.",2.1,3,2.1,1.0,"[1.0, 'adaptive']"
4,4,F2,0.65,"Change price: -0.05, reason: Moderate price decrease to 0.65 to maximize profit by balancing unit margin and sales volume amid high share rate and stable competition.",4.55,7,4.55,1.0,"[1.0, 'adaptive']"
4,4,F3,0.65,"Change price: -0.10, reason: Moderate price decrease to 0.65 to boost sales amid strong personalized recommendations and high competition, maximizing profit.",1.3,2,1.3,1.0,"[1.0, 'adaptive']"
4,5,F0,0.65,"Change price: -0.05, reason: Moderate price decrease to 0.65 to balance unit margin and sales volume amid high share rate and strong competition, aiming to increase sales and profit.",2.6,4,2.6,1.0,"[1.0, 'adaptive']"
4,5,F1,0.65,"Change price: -0.05, reason: Moderate price decrease to 0.65 to balance unit margin and sales volume amid strong personalized recommendations and intense competition, maximizing profit.",2.6,4,2.6,1.0,"[1.0, 'adaptive']"
4,5,F2,0.7,"Change price: 0.05, reason: Slight increase to 0.70 to leverage stable high share rate and personalized recommendations, aiming to maximize profit amid strong competition.",4.2,6,4.2,1.0,"[1.0, 'adaptive']"
4,5,F3,0.7,"Change price: 0.05, reason: Slight price increase to 0.70 to leverage high share rate and personalized recommendations, aiming to improve profit by capturing higher valuation consumers amid stable competition.",1.4,2,1.4,1.0,"[1.0, 'adaptive']"
4,6,F0,0.7,"Change price: 0.05, reason: Slight price increase to 0.70 to leverage stable high share rate and personalized recommendations, aiming to maximize profit amid strong competition.",2.8,4,2.8,0.95,"[1.0, 'adaptive']"
4,6,F1,0.7,"Change price: 0.05, reason: Increase price to 0.70 to leverage stable high share rate and strong personalized recommendations, aiming to maximize profit despite slightly lower sales.",2.1,3,2.1,0.95,"[1.0, 'adaptive']"
4,6,F2,0.65,"Change price: -0.05, reason: Moderate decrease to 0.65 to balance unit margin and sales volume amid stable high share rate and strong competition, aiming to maximize profit.",4.55,7,4.55,0.95,"[1.0, 'adaptive']"
4,6,F3,0.75,"Change price: 0.05, reason: Slight price increase to 0.75 to capture higher valuation consumers under stable high share rate and strong personalized recommendations, aiming to maximize profit amid intense competition.",1.5,2,1.5,0.95,"[1.0, 'adaptive']"
4,7,F0,0.65,"Change price: -0.05, reason: Moderate decrease to 0.65 to balance unit margin and sales volume amid stable high share rate and strong competition, aiming to increase profit.",2.6,4,2.6,0.9,"[0.95, 'adaptive']"
4,7,F1,0.65,"Change price: -0.05, reason: Moderate price decrease to 0.65 to balance unit margin and sales volume amid stable high share rate and strong competition, maximizing profit.",2.6,4,2.6,0.9,"[0.95, 'adaptive']"
4,7,F2,0.7,"Change price: 0.05, reason: Slight increase to 0.70 to leverage stable high share rate and strong personalized recommendations, aiming to maximize profit amid strong competition.",4.2,6,4.2,0.9,"[0.95, 'adaptive']"
4,7,F3,0.7,"Change price: -0.05, reason: Moderate decrease to 0.70 to balance unit margin and sales volume amid stable high share rate (0.95) and strong competition, aiming to improve profit by attracting more buyers.",1.4,2,1.4,0.9,"[0.95, 'adaptive']"
4,8,F0,0.7,"Change price: 0.05, reason: Slight increase to 0.70 to leverage stable high share rate and strong personalized recommendations, aiming to maximize profit amid strong competition.",2.8,4,2.8,0.9,"[0.9, 'adaptive']"
4,8,F1,0.7,"Change price: 0.05, reason: Slight increase to 0.70 to leverage stable high share rate (0.9) and strong personalized recommendations, aiming to maximize profit amid strong competition.",2.1,3,2.1,0.9,"[0.9, 'adaptive']"
4,8,F2,0.65,"Change price: -0.05, reason: Moderate decrease to 0.65 to balance unit margin and sales volume amid slightly lower share rate and strong competition, aiming to maximize profit.",4.55,7,4.55,0.9,"[0.9, 'adaptive']"
4,8,F3,0.75,"Change price: 0.05, reason: Slight increase to 0.75 to capture higher valuation consumers amid stable high share rate (0.9) and strong personalized recommendations, aiming to maximize profit in competitive market.",1.5,2,1.5,0.9,"[0.9, 'adaptive']"
4,9,F0,0.65,"Change price: -0.05, reason: Moderate decrease to 0.65 to balance unit margin and sales volume amid stable 0.9 share rate and strong competition, aiming to increase profit.",2.6,4,2.6,0.9,"[0.9, 'adaptive']"
4,9,F1,0.65,"Change price: -0.05, reason: Moderate price decrease to 0.65 to balance unit margin and sales volume amid stable high share rate and strong competition, maximizing profit.",1.95,3,1.95,0.9,"[0.9, 'adaptive']"
4,9,F2,0.7,"Change price: 0.05, reason: Slight increase to 0.70 to leverage stable high share rate (0.9) and strong personalized recommendations, aiming to maximize profit amid strong competition.",4.2,6,4.2,0.9,"[0.9, 'adaptive']"
4,9,F3,0.7,"Change price: -0.05, reason: Moderate decrease to 0.70 to balance unit margin and sales volume amid stable share rate (0.9) and strong competition, aiming to maximize profit.",1.4,2,1.4,0.9,"[0.9, 'adaptive']"
4,10,F0,0.7,"Change price: 0.05, reason: Slight increase to 0.70 to leverage stable high share rate (0.9) and strong personalized recommendations, aiming to maximize profit amid strong competition.",2.8,4,2.8,0.9,"[0.9, 'adaptive']"
4,10,F1,0.7,"Change price: 0.05, reason: Slight increase to 0.70 to leverage stable high share rate (0.9) and strong personalized recommendations, aiming to maximize profit amid strong competition.",2.1,3,2.1,0.9,"[0.9, 'adaptive']"
4,10,F2,0.65,"Change price: -0.05, reason: Moderate decrease to 0.65 to balance unit margin and sales volume amid stable high share rate (0.9) and strong competition, aiming to maximize profit.",4.55,7,4.55,0.9,"[0.9, 'adaptive']"
4,10,F3,0.75,"Change price: 0.05, reason: Slight increase to 0.75 to capture higher valuation consumers amid stable high share rate (0.9) and strong personalized recommendations, aiming to maximize profit in competitive market.",1.5,2,1.5,0.9,"[0.9, 'adaptive']"
5,1,F0,0.6,"Change price: 0.10, reason: Moderate share rate increases purchase likelihood via personalized recommendations, allowing a higher price to maximize profit amidst competition.",0.6,1,0.6,1.0,"[0.33655023932705275, 'adaptive']"
5,1,F1,0.6,"Change price: 0.10, reason: Moderate share rate (0.14) and high competition (5 firms) increase personalized recommendation value, allowing a slightly higher price to maximize profit.",3.6,6,3.6,1.0,"[0.14032074747404288, 'adaptive']"
5,1,F2,0.6,"Change price: 0.10, reason: High share rate (0.796) increases personalized recommendations, boosting purchase likelihood; with 5 firms, competition is strong, so raising price slightly leverages increased willingness to pay without losing many customers.",3.6,6,3.6,1.0,"[0.7961180941827017, 'adaptive']"
5,1,F3,0.55,"Change price: 0.05, reason: With moderate data sharing (0.43) and high competition (5 firms), personalized recommendations increase purchase likelihood, allowing a slight price increase from 0.50 to 0.55 to maximize profit without deterring buyers.",1.65,3,1.65,1.0,"[0.4329359000398628, 'adaptive']"
5,1,F4,0.6,"Change price: 0.10, reason: High share rate (0.857) means strong personalized recommendations, increasing purchase likelihood; with 5 firms, competition is intense, so I can raise price above 0.5 to maximize profit without losing many customers.",2.4,4,2.4,1.0,"[0.8574254707077806, 'adaptive']"
5,2,F0,0.7,"Change price: 0.10, reason: High share rate (1.0) and intense competition (5 firms) increase personalized recommendation value, allowing a price increase to 0.70 to maximize profit without losing many customers.",0.7,1,0.7,1.0,"[1.0, 'adaptive']"
5,2,F1,0.7,"Change price: 0.10, reason: High share rate (1.0) and intense competition (5 firms) increase personalized recommendation effectiveness, allowing a higher price to maximize profit without losing many customers.",4.2,6,4.2,1.0,"[1.0, 'adaptive']"
5,2,F2,0.7,"Change price: 0.10, reason: With full share rate (1.0) and strong competition (5 firms), personalized recommendations maximize purchase likelihood; raising price from 0.6 to 0.7 leverages higher willingness to pay without losing many customers, increasing profit.",4.2,6,4.2,1.0,"[1.0, 'adaptive']"
5,2,F3,0.6,"Change price: 0.05, reason: High share rate (1.0) and intense competition (5 firms) increase personalized recommendation value, allowing a price increase from 0.55 to 0.60 to maximize profit without losing many customers.",1.8,3,1.8,1.0,"[1.0, 'adaptive']"
5,2,F4,0.7,"Change price: 0.10, reason: With full data sharing (share rate 1.0) and strong personalized recommendations, I can increase price moderately above 0.6 despite competition from 5 firms to maximize profit without losing many customers.",2.8,4,2.8,1.0,"[1.0, 'adaptive']"
5,3,F0,0.8,"Change price: 0.10, reason: With full data sharing (share rate 1.0) and strong competition (5 firms), personalized recommendations increase purchase likelihood; raising price to 0.80 leverages higher willingness to pay without significantly losing customers, maximizing profit.",0.8,1,0.8,1.0,"[1.0, 'adaptive']"
5,3,F1,0.75,"Change price: 0.05, reason: Maintain high share rate (1.0) and strong competition (5 firms) supports a moderate price increase from 0.7 to 0.75 to leverage personalized recommendations and increase profit without losing many customers.",4.5,6,4.5,1.0,"[1.0, 'adaptive']"
5,3,F2,0.7,"Change price: 0.00, reason: Maintaining price at 0.7 leverages full data sharing and strong personalized recommendations, maximizing profit without losing customers amid intense competition.",4.2,6,4.2,1.0,"[1.0, 'adaptive']"
5,3,F3,0.7,"Change price: 0.10, reason: With full share rate (1.0) and high competition (5 firms), personalized recommendations improve purchase likelihood, allowing a higher price from 0.60 to 0.70 to maximize profit without losing many customers.",2.1,3,2.1,1.0,"[1.0, 'adaptive']"
5,3,F4,0.8,"Change price: 0.10, reason: With full share rate (1.0) and intense competition (5 firms), personalized recommendations boost purchase likelihood; raising price from 0.7 to 0.8 leverages higher willingness to pay without losing many customers, maximizing profit.",3.2,4,3.2,1.0,"[1.0, 'adaptive']"
5,4,F0,0.75,"Change price: -0.05, reason: Slightly reduce price from 0.80 to 0.75 to better compete with top firms pricing at 0.75 and 0.70, leveraging full share rate (1.0) and personalized recommendations to increase sales and maximize profit.",0.75,1,0.75,1.0,"[1.0, 'adaptive']"
5,4,F1,0.8,"Change price: 0.05, reason: With full share rate (1.0) and stable competition, a moderate price increase to 0.80 leverages strong personalized recommendations to boost profit without significant loss in sales.",4.0,5,4.0,1.0,"[1.0, 'adaptive']"
5,4,F2,0.75,"Change price: 0.05, reason: With full share rate (1.0) and strong competition (5 firms), raising price from 0.7 to 0.75 leverages high personalized recommendation effect and increased willingness to pay without significantly losing customers, aiming to increase profit.",3.75,5,3.75,1.0,"[1.0, 'adaptive']"
5,4,F3,0.75,"Change price: 0.05, reason: With full share rate (1.0) and intense competition (5 firms), personalized recommendations boost purchase likelihood; raising price from 0.70 to 0.75 leverages higher willingness to pay without losing many customers, maximizing profit.",2.25,3,2.25,1.0,"[1.0, 'adaptive']"
5,4,F4,0.85,"Change price: 0.05, reason: With full share rate (1.0) and strong competition (5 firms), a moderate price increase to 0.85 leverages personalized recommendations and higher willingness to pay, aiming to increase profit without losing many customers.",2.55,3,2.55,1.0,"[1.0, 'adaptive']"
5,5,F0,0.8,"Change price: 0.05, reason: With full share rate (1.0) and strong competition, a moderate price increase to 0.80 leverages personalized recommendations to boost profit without significant loss in sales.",0.8,1,0.8,1.0,"[1.0, 'adaptive']"
5,5,F1,0.85,"Change price: 0.05, reason: With full share rate (1.0) and stable competition (5 firms), a moderate price increase to 0.85 leverages strong personalized recommendations and higher willingness to pay to maximize profit without losing many customers.",2.55,3,2.55,1.0,"[1.0, 'adaptive']"
5,5,F2,0.8,"Change price: 0.05, reason: With full share rate (1.0) and stable strong competition, increasing price from 0.75 to 0.80 leverages personalized recommendations and higher willingness to pay, aiming to boost profit without losing many customers.",4.0,5,4.0,1.0,"[1.0, 'adaptive']"
5,5,F3,0.8,"Change price: 0.05, reason: With full share rate (1.0) and strong competition (5 firms), personalized recommendations increase purchase likelihood, enabling a moderate price increase from 0.75 to 0.80 to maximize profit without significant loss in customers.",2.4,3,2.4,1.0,"[1.0, 'adaptive']"
5,5,F4,0.8,"Change price: -0.05, reason: With full share rate and strong competition, a slight price decrease to 0.80 can increase sales volume from 3 to 4 consumers, improving total profit beyond 2.55.",3.2,4,3.2,1.0,"[1.0, 'adaptive']"
5,6,F0,0.85,"Change price: 0.05, reason: With full share rate (1.0) and strong competition, increasing price to 0.85 leverages personalized recommendations and higher consumer willingness to pay, aiming to maximize profit without losing many customers.",0.85,1,0.85,1.0,"[1.0, 'adaptive']"
5,6,F1,0.8,"Change price: -0.05, reason: Current price 0.85 leads to lower sales (3 consumers), reducing profit; lowering price to 0.80 aligns with top firms' successful strategies to increase sales and overall profit under full share rate and strong competition.",4.0,5,4.0,1.0,"[1.0, 'adaptive']"
5,6,F2,0.85,"Change price: 0.05, reason: With full data sharing and strong competition, increasing price from 0.80 to 0.85 leverages high personalized recommendations and willingness to pay, aiming to maximize profit without losing many customers.",4.25,5,4.25,1.0,"[1.0, 'adaptive']"
5,6,F3,0.85,"Change price: 0.05, reason: With full share rate (1.0) and strong competition, increasing price from 0.80 to 0.85 leverages personalized recommendations and higher willingness to pay, aiming to maximize profit without losing many customers.",2.55,3,2.55,1.0,"[1.0, 'adaptive']"
5,6,F4,0.85,"Change price: 0.05, reason: With full share rate (1.0) and stable strong competition (5 firms), increasing price from 0.80 to 0.85 leverages personalized recommendations and higher willingness to pay, aiming to boost profit without losing many customers.",2.55,3,2.55,1.0,"[1.0, 'adaptive']"
5,7,F0,0.85,"Change price: 0.00, reason: Maintain price at 0.85 to leverage full data sharing and personalized recommendations amid strong competition, maximizing profit without losing customers.",0.85,1,0.85,1.0,"[1.0, 'adaptive']"
5,7,F1,0.85,"Change price: 0.05, reason: With full data sharing and strong competition, increasing price from 0.80 to 0.85 leverages high personalized recommendations and willingness to pay, aiming to maximize profit without losing many customers.",2.55,3,2.55,1.0,"[1.0, 'adaptive']"
5,7,F2,0.8,"Change price: -0.05, reason: Lowering price from 0.85 to 0.80 aligns with top competitors' successful strategies to increase sales volume and overall profit under full data sharing and strong competition.",4.0,5,4.0,1.0,"[1.0, 'adaptive']"
5,7,F3,0.8,"Change price: -0.05, reason: Lowering price from 0.85 to 0.80 aligns with top competitors' successful strategies to increase sales volume and overall profit under full data sharing and strong competition.",2.4,3,2.4,1.0,"[1.0, 'adaptive']"
5,7,F4,0.8,"Change price: -0.05, reason: Lowering price from 0.85 to 0.80 increases sales from 3 to 4 consumers under full data sharing and strong competition, improving total profit.",3.2,4,3.2,1.0,"[1.0, 'adaptive']"
5,8,F0,0.8,"Change price: -0.05, reason: Lower price to 0.80 to better compete with top firms who increased sales and profit at 0.80 under full data sharing and strong competition.",0.8,1,0.8,1.0,"[1.0, 'adaptive']"
5,8,F1,0.8,"Change price: -0.05, reason: Lowering price from 0.85 to 0.80 increases sales volume from 3 to 5 consumers under full data sharing and strong competition, improving overall profit.",4.0,5,4.0,1.0,"[1.0, 'adaptive']"
5,8,F2,0.85,"Change price: 0.05, reason: Competitors who raised price to 0.85 maintained similar sales with higher profit; increasing price from 0.80 to 0.85 leverages strong personalized recommendations and willingness to pay without significant loss in customers.",4.25,5,4.25,1.0,"[1.0, 'adaptive']"
5,8,F3,0.85,"Change price: 0.05, reason: With full data sharing and strong competition, increasing price from 0.80 to 0.85 leverages personalized recommendations and willingness to pay, aiming to maximize profit without losing many customers.",2.55,3,2.55,1.0,"[1.0, 'adaptive']"
5,8,F4,0.85,"Change price: 0.05, reason: With full data sharing and strong competition, raising price from 0.80 to 0.85 leverages personalized recommendations and higher willingness to pay to maximize profit without losing many customers.",2.55,3,2.55,1.0,"[1.0, 'adaptive']"
5,9,F0,0.85,"Change price: 0.05, reason: Competitors at 0.85 maintain strong sales and profit under full data sharing; raising price to 0.85 leverages personalized recommendations and willingness to pay without significant loss in customers.",0.85,1,0.85,1.0,"[1.0, 'adaptive']"
5,9,F1,0.85,"Change price: 0.05, reason: Increasing price from 0.80 to 0.85 leverages strong personalized recommendations and willingness to pay under full data sharing and stable competition, aiming to maximize profit without losing many customers.",2.55,3,2.55,1.0,"[1.0, 'adaptive']"
5,9,F2,0.85,"Change price: 0.00, reason: Maintaining price at 0.85 leverages full data sharing and strong personalized recommendations, maximizing profit without losing customers amid intense competition.",4.25,5,4.25,1.0,"[1.0, 'adaptive']"
5,9,F3,0.85,"Change price: 0.00, reason: Maintaining price at 0.85 leverages full data sharing and strong competition, maximizing profit without significant loss in customers, consistent with top competitors' successful strategies.",2.55,3,2.55,1.0,"[1.0, 'adaptive']"
5,9,F4,0.8,"Change price: -0.05, reason: Lowering price from 0.85 to 0.80 increases sales from 3 to 4 consumers under full data sharing and strong competition, improving total profit.",3.2,4,3.2,1.0,"[1.0, 'adaptive']"
5,10,F0,0.85,"Change price: 0.00, reason: Maintain price at 0.85 to leverage full data sharing and personalized recommendations amid strong competition, maximizing profit without losing customers.",0.85,1,0.85,0.95,"[1.0, 'adaptive']"
5,10,F1,0.8,"Change price: -0.05, reason: Lowering price from 0.85 to 0.80 increases sales volume from 3 to 5 consumers under full data sharing and strong competition, improving overall profit.",4.0,5,4.0,0.95,"[1.0, 'adaptive']"
5,10,F2,0.85,"Change price: 0.00, reason: Maintaining price at 0.85 leverages full data sharing and strong personalized recommendations, maximizing profit without losing customers amid intense competition.",4.25,5,4.25,0.95,"[1.0, 'adaptive']"
5,10,F3,0.85,"Change price: 0.00, reason: Maintaining price at 0.85 aligns with top competitors, leveraging full data sharing and personalized recommendations to maximize profit without losing customers amid strong competition.",1.7,2,1.7,0.95,"[1.0, 'adaptive']"
5,10,F4,0.85,"Change price: 0.05, reason: Maintaining price at 0.85 leverages full data sharing and personalized recommendations to maximize profit without losing many customers amid strong competition.",2.55,3,2.55,0.95,"[1.0, 'adaptive']"
6,1,F0,0.55,"Change price: 0.05, reason: Moderate share rate and high competition suggest leveraging personalized recommendations to justify a slightly higher price.",1.65,3,1.65,1.0,"[0.23658483732865687, 'adaptive']"
6,1,F1,0.55,"Change price: 0.05, reason: Moderate increase to leverage personalized recommendations boosting purchase likelihood despite competition.",3.3,6,3.3,1.0,"[0.17796814361816393, 'adaptive']"
6,1,F2,0.6,"Change price: 0.10, reason: Moderate share rate (0.20) and high competition (6 firms) increase personalized recommendations, boosting purchase likelihood and allowing a slightly higher price to maximize profit.",1.8,3,1.8,1.0,"[0.20356706851610262, 'adaptive']"
6,1,F3,0.55,"Change price: 0.05, reason: Moderate increase to leverage personalization effect and reduce search, boosting willingness to pay despite competition.",2.2,4,2.2,1.0,"[0.340592211061333, 'adaptive']"
6,1,F4,0.55,"Change price: 0.05, reason: Moderate increase to leverage personalized recommendations and reduce search, boosting willingness to pay despite competition.",1.1,2,1.1,1.0,"[0.2988460198213757, 'adaptive']"
6,1,F5,0.55,"Change price: 0.05, reason: Moderate share rate and high competition suggest leveraging personalized recommendations to justify a slightly higher price and increase profit.",1.1,2,1.1,1.0,"[0.27843389519312733, 'adaptive']"
6,2,F0,0.6,"Change price: 0.05, reason: Moderate increase to leverage full data sharing and personalized recommendations, boosting purchase likelihood despite competition.",1.8,3,1.8,0.95,"[1.0, 'adaptive']"
6,2,F1,0.6,"Change price: 0.05, reason: Moderate increase to leverage full data sharing and strong personalized recommendations, boosting purchase likelihood despite competition.",3.6,6,3.6,0.95,"[1.0, 'adaptive']"
6,2,F2,0.55,"Change price: -0.05, reason: Slightly reduce price to increase sales volume by leveraging full data sharing and strong personalized recommendations in a highly competitive market.",1.1,2,1.1,0.95,"[1.0, 'adaptive']"
6,2,F3,0.6,"Change price: 0.05, reason: Moderate increase to leverage full data sharing and personalized recommendations, boosting purchase likelihood despite strong competition.",2.4,4,2.4,0.95,"[1.0, 'adaptive']"
6,2,F4,0.6,"Change price: 0.05, reason: Moderate increase to leverage full data sharing (share rate 1.0) and personalized recommendations, reducing consumer search and increasing purchase likelihood despite high competition.",1.2,2,1.2,0.95,"[1.0, 'adaptive']"
6,2,F5,0.6,"Change price: 0.05, reason: Moderate increase to leverage full sharing rate and high competition, boosting personalized recommendations and purchase likelihood to improve profit.",1.2,2,1.2,0.95,"[1.0, 'adaptive']"
6,3,F0,0.65,"Change price: 0.05, reason: Moderate increase to leverage high share rate and personalized recommendations, aiming to boost purchase likelihood and profit despite strong competition.",1.95,3,1.95,1.0,"[0.95, 'adaptive']"
6,3,F1,0.65,"Change price: 0.05, reason: Moderate increase to capitalize on high share rate and strong personalized recommendations, maintaining competitive advantage and boosting profit.",3.25,5,3.25,1.0,"[0.95, 'adaptive']"
6,3,F2,0.6,"Change price: 0.05, reason: Moderate increase to leverage high share rate (0.95) and strong personalized recommendations in a competitive market, boosting purchase likelihood and maximizing profit.",1.8,3,1.8,1.0,"[0.95, 'adaptive']"
6,3,F3,0.65,"Change price: 0.05, reason: Moderate increase to leverage high data sharing (0.95) and strong personalized recommendations, boosting purchase likelihood despite competition.",2.6,4,2.6,1.0,"[0.95, 'adaptive']"
6,3,F4,0.65,"Change price: 0.05, reason: Moderate increase to leverage high share rate (0.95) and personalized recommendations, reducing consumer search and boosting purchase likelihood despite strong competition.",1.3,2,1.3,1.0,"[0.95, 'adaptive']"
6,3,F5,0.65,"Change price: 0.05, reason: Moderate increase to leverage high share rate and strong personalized recommendations, boosting purchase likelihood despite intense competition, aiming to improve profit.",1.3,2,1.3,1.0,"[0.95, 'adaptive']"
6,4,F0,0.7,"Change price: 0.05, reason: Moderate increase to leverage full data sharing and personalized recommendations, aligning with top competitors to boost purchase likelihood and profit despite strong competition.",2.1,3,2.1,1.0,"[1.0, 'adaptive']"
6,4,F1,0.6,"Change price: -0.05, reason: Slight decrease to boost sales volume amid strong competition and maximize profit by leveraging high share rate and personalized recommendations.",3.6,6,3.6,1.0,"[1.0, 'adaptive']"
6,4,F2,0.65,"Change price: 0.05, reason: Moderate increase to capitalize on full data sharing (1.0) and strong personalized recommendations, boosting purchase likelihood despite competition and maximizing profit.",1.3,2,1.3,1.0,"[1.0, 'adaptive']"
6,4,F3,0.7,"Change price: 0.05, reason: Moderate increase to capitalize on full data sharing and strong personalized recommendations, maintaining competitive advantage and boosting profit.",2.8,4,2.8,1.0,"[1.0, 'adaptive']"
6,4,F4,0.7,"Change price: 0.05, reason: Moderate increase to leverage full data sharing and strong personalized recommendations, maintaining competitiveness and aiming to boost profit by capturing higher willingness to pay despite intense competition.",1.4,2,1.4,1.0,"[1.0, 'adaptive']"
6,4,F5,0.7,"Change price: 0.05, reason: Moderate increase to leverage full data sharing and strong personalized recommendations, aiming to boost purchase likelihood and profit amid intense competition.",1.4,2,1.4,1.0,"[1.0, 'adaptive']"
6,5,F0,0.65,"Change price: -0.05, reason: Slight decrease to 0.65 to boost sales volume amid strong competition while maintaining leverage on full data sharing and personalized recommendations.",1.95,3,1.95,0.95,"[1.0, 'adaptive']"
6,5,F1,0.65,"Change price: 0.05, reason: Moderate increase to leverage full data sharing and strong personalized recommendations, aiming to boost profit while maintaining competitive pricing.",3.25,5,3.25,0.95,"[1.0, 'adaptive']"
6,5,F2,0.7,"Change price: 0.05, reason: Moderate increase to leverage full data sharing (1.0) and strong personalized recommendations, aligning with top competitors' pricing to boost purchase likelihood and maximize profit.",1.4,2,1.4,0.95,"[1.0, 'adaptive']"
6,5,F3,0.7,"Change price: 0.00, reason: Maintain current price to leverage full data sharing and strong personalized recommendations, ensuring stable sales volume and profit amid intense competition.",2.8,4,2.8,0.95,"[1.0, 'adaptive']"
6,5,F4,0.7,"Change price: 0.00, reason: Maintain price at 0.70 to leverage full data sharing and personalized recommendations, sustaining competitiveness and maximizing profit amid strong competition.",1.4,2,1.4,0.95,"[1.0, 'adaptive']"
6,5,F5,0.7,"Change price: 0.00, reason: Maintain price at 0.7 to leverage full data sharing and strong personalized recommendations, matching top competitors and maximizing profit amid intense competition.",1.4,2,1.4,0.95,"[1.0, 'adaptive']"
6,6,F0,0.7,"Change price: 0.05, reason: Moderate increase to 0.70 to align with top competitors, leveraging high share rate and personalized recommendations to boost profit despite strong competition.",2.1,3,2.1,1.0,"[0.95, 'adaptive']"
6,6,F1,0.65,"Change price: 0.00, reason: Maintain price at 0.65 to balance competitive positioning and leverage high share rate with personalized recommendations, ensuring stable sales and profit.",3.25,5,3.25,1.0,"[0.95, 'adaptive']"
6,6,F2,0.65,"Change price: -0.05, reason: Slight decrease to 0.65 to improve sales volume amid strong competition while maintaining leverage on high share rate and personalized recommendations.",1.3,2,1.3,1.0,"[0.95, 'adaptive']"
6,6,F3,0.7,"Change price: 0.00, reason: Maintain price at 0.70 to leverage stable high data sharing and strong personalized recommendations, ensuring consistent sales and profit amid intense competition.",2.8,4,2.8,1.0,"[0.95, 'adaptive']"
6,6,F4,0.7,"Change price: 0.00, reason: Maintain price at 0.70 to leverage high share rate and strong personalized recommendations, ensuring steady sales and maximizing profit amid intense competition.",1.4,2,1.4,1.0,"[0.95, 'adaptive']"
6,6,F5,0.75,"Change price: 0.05, reason: Moderate increase to 0.75 to leverage high share rate and strong personalized recommendations, differentiating from competitors and aiming to boost profit despite intense competition.",1.5,2,1.5,1.0,"[0.95, 'adaptive']"
6,7,F0,0.7,"Change price: 0.00, reason: Maintain price at 0.70 to align with top competitors and leverage full data sharing and personalized recommendations, ensuring stable sales and maximized profit amid strong competition.",2.1,3,2.1,0.95,"[1.0, 'adaptive']"
6,7,F1,0.7,"Change price: 0.05, reason: Moderate increase to 0.70 to align with top competitors' pricing, leveraging full data sharing and strong personalized recommendations to maximize profit amid intense competition.",3.5,5,3.5,0.95,"[1.0, 'adaptive']"
6,7,F2,0.7,"Change price: 0.05, reason: Increase price to 0.70 to align with top competitors, leveraging full data sharing and strong personalized recommendations to maximize profit despite intense competition.",1.4,2,1.4,0.95,"[1.0, 'adaptive']"
6,7,F3,0.7,"Change price: 0.00, reason: Maintain price at 0.70 to leverage full data sharing and strong personalized recommendations, ensuring stable sales and profit amid intense competition and consistent past performance.",2.8,4,2.8,0.95,"[1.0, 'adaptive']"
6,7,F4,0.7,"Change price: 0.00, reason: Maintain price at 0.70 to leverage full data sharing and strong personalized recommendations, ensuring steady sales and maximizing profit amid intense competition.",1.4,2,1.4,0.95,"[1.0, 'adaptive']"
6,7,F5,0.7,"Change price: -0.05, reason: Slightly reduce price to 0.70 to better align with top competitors, leveraging full share rate and strong personalized recommendations to increase sales volume and overall profit amid intense competition.",1.4,2,1.4,0.95,"[1.0, 'adaptive']"
6,8,F0,0.7,"Change price: 0.00, reason: Maintain price at 0.70 to align with top competitors and leverage high share rate and personalized recommendations, ensuring stable sales and maximizing profit amid strong competition.",2.1,3,2.1,0.95,"[0.95, 'adaptive']"
6,8,F1,0.7,"Change price: 0.00, reason: Maintain price at 0.70 to align with top competitors and leverage high share rate with strong personalized recommendations, ensuring stable sales and profit amid intense competition.",3.5,5,3.5,0.95,"[0.95, 'adaptive']"
6,8,F2,0.7,"Change price: 0.00, reason: Maintain price at 0.70 to align with top competitors and leverage high share rate and personalized recommendations, maximizing profit amid strong competition.",1.4,2,1.4,0.95,"[0.95, 'adaptive']"
6,8,F3,0.7,"Change price: 0.00, reason: Maintain price at 0.70 to leverage stable high data sharing and strong personalized recommendations, ensuring steady sales and maximizing profit amid intense competition.",2.8,4,2.8,0.95,"[0.95, 'adaptive']"
6,8,F4,0.7,"Change price: 0.00, reason: Maintain price at 0.70 to align with top competitors, leveraging high share rate and personalized recommendations to sustain steady sales and maximize profit amid intense competition.",1.4,2,1.4,0.95,"[0.95, 'adaptive']"
6,8,F5,0.75,"Change price: 0.05, reason: Moderate increase to 0.75 to differentiate from competitors and leverage high share rate and personalized recommendations, aiming to boost profit despite intense competition.",1.5,2,1.5,0.95,"[0.95, 'adaptive']"
6,9,F0,0.7,"Change price: 0.00, reason: Maintain price at 0.70 to align with top competitors and leverage stable high share rate and personalized recommendations, ensuring stable sales and maximized profit amid intense competition.",2.1,3,2.1,1.0,"[0.95, 'adaptive']"
6,9,F1,0.7,"Change price: 0.00, reason: Maintain price at 0.70 to align with top competitors, leveraging stable high share rate and personalized recommendations to ensure steady sales and maximize profit amid intense competition.",3.5,5,3.5,1.0,"[0.95, 'adaptive']"
6,9,F2,0.7,"Change price: 0.00, reason: Maintain price at 0.70 to align with top competitors and leverage stable high share rate (0.95) and personalized recommendations, ensuring steady sales and maximizing profit amid intense competition.",1.4,2,1.4,1.0,"[0.95, 'adaptive']"
6,9,F3,0.7,"Change price: 0.00, reason: Maintain price at 0.70 to leverage high share rate and strong personalized recommendations, ensuring stable sales and profit amid intense competition.",2.8,4,2.8,1.0,"[0.95, 'adaptive']"
6,9,F4,0.7,"Change price: 0.00, reason: Maintain price at 0.70 to align with top competitors and leverage stable high share rate and personalized recommendations, ensuring steady sales and maximizing profit amid intense competition.",1.4,2,1.4,1.0,"[0.95, 'adaptive']"
6,9,F5,0.7,"Change price: -0.05, reason: Slightly reduce price to 0.70 to better align with top competitors, leveraging high share rate and strong personalized recommendations to increase sales volume and overall profit amid intense competition.",1.4,2,1.4,1.0,"[0.95, 'adaptive']"
6,10,F0,0.7,"Change price: 0.00, reason: Maintain price at 0.70 to align with top competitors, leveraging stable high share rate and personalized recommendations to ensure steady sales and maximize profit amid intense competition.",2.1,3,2.1,0.9,"[1.0, 'adaptive']"
6,10,F1,0.7,"Change price: 0.00, reason: Maintain price at 0.70 to align with top competitors and leverage stable full data sharing and strong personalized recommendations, ensuring steady sales and maximizing profit amid intense competition.",3.5,5,3.5,0.9,"[1.0, 'adaptive']"
6,10,F2,0.7,"Change price: 0.00, reason: Maintain price at 0.70 to align with top competitors, leveraging stable high share rate and personalized recommendations to ensure steady sales and maximize profit amid intense competition.",1.4,2,1.4,0.9,"[1.0, 'adaptive']"
6,10,F3,0.7,"Change price: 0.00, reason: Maintain price at 0.70 to leverage stable high share rate and strong personalized recommendations, ensuring steady sales and maximizing profit amid intense competition.",2.8,4,2.8,0.9,"[1.0, 'adaptive']"
6,10,F4,0.7,"Change price: 0.00, reason: Maintain price at 0.70 to align with top competitors, leveraging stable full data sharing and strong personalized recommendations to sustain steady sales and maximize profit amid intense competition.",1.4,2,1.4,0.9,"[1.0, 'adaptive']"
6,10,F5,0.75,"Change price: 0.05, reason: Increase price to 0.75 to differentiate from competitors and leverage full data sharing and strong personalized recommendations, aiming to boost profit amid intense competition.",1.5,2,1.5,0.9,"[1.0, 'adaptive']"
7,1,F0,0.6,"Change price: 0.10, reason: High share rate (0.838) increases personalized recommendations, boosting purchase likelihood despite competition; raising price from 0.50 to 0.60 maximizes profit without losing many consumers.",1.2,2,1.2,1.0,"[0.8380955411791718, 'adaptive']"
7,1,F1,0.6,"Change price: 0.10, reason: Moderate share rate and high competition suggest personalized recommendations increase purchase likelihood, allowing a slightly higher price to maximize profit.",1.8,3,1.8,1.0,"[0.32123096015927033, 'adaptive']"
7,1,F2,0.6,"Change price: 0.10, reason: High share rate boosts personalized recommendations, increasing purchase likelihood despite competition, allowing a moderate price increase.",2.4,4,2.4,1.0,"[0.7349202277976387, 'adaptive']"
7,1,F3,0.55,"Change price: 0.05, reason: Low share rate limits personalized recommendations, so slightly increase price to capture higher valuation consumers without losing many buyers.",1.1,2,1.1,1.0,"[0.007601867090116232, 'adaptive']"
7,1,F4,0.55,"Change price: 0.05, reason: Moderate increase due to 7 competitors and 40% data sharing boosting personalized recommendations, allowing slightly higher price without losing many buyers.",2.2,4,2.2,1.0,"[0.40324872172004966, 'adaptive']"
7,1,F5,0.6,"Change price: 0.10, reason: High share rate increases personalized recommendations, boosting purchase likelihood despite competition, allowing a higher price.",1.8,3,1.8,1.0,"[0.5830791803656297, 'adaptive']"
7,1,F6,0.6,"Change price: 0.10, reason: With 7 firms, competition is high, but a 36.86% share rate means personalized recommendations increase purchase likelihood, allowing a moderate price increase to maximize profit.",1.2,2,1.2,1.0,"[0.36859486359918603, 'adaptive']"
7,2,F0,0.7,"Change price: 0.10, reason: High share rate (1.0) maximizes personalized recommendations and purchase likelihood despite competition; increasing price from 0.60 to 0.70 leverages this to boost profit.",1.4,2,1.4,1.0,"[1.0, 'adaptive']"
7,2,F1,0.7,"Change price: 0.10, reason: High share rate (1.0) and strong personalized recommendations in a competitive market (7 firms) justify a moderate price increase to maximize profit, consistent with top firms’ successful strategies.",1.4,2,1.4,1.0,"[1.0, 'adaptive']"
7,2,F2,0.6,"Change price: 0.00, reason: Maintain price at 0.60 as high share rate and strong personalized recommendations sustain purchase likelihood despite competition, maximizing profit.",2.4,4,2.4,1.0,"[1.0, 'adaptive']"
7,2,F3,0.6,"Change price: 0.05, reason: High share rate (1.0) boosts personalized recommendations, increasing purchase likelihood despite competition; a moderate price increase to 0.60 maximizes profit as seen in top firms.",1.2,2,1.2,1.0,"[1.0, 'adaptive']"
7,2,F4,0.6,"Change price: 0.05, reason: High share rate (1.0) and strong competition (7 firms) increase personalized recommendations and purchase likelihood, allowing a moderate price increase to improve profit without losing many buyers.",2.4,4,2.4,1.0,"[1.0, 'adaptive']"
7,2,F5,0.7,"Change price: 0.10, reason: High share rate (1.0) and strong personalized recommendations reduce search, allowing a moderate price increase to maximize profit despite competition.",2.1,3,2.1,1.0,"[1.0, 'adaptive']"
7,2,F6,0.7,"Change price: 0.10, reason: High share rate (1.0) and strong personalized recommendations amid 7 competitors justify raising price to maximize profit.",1.4,2,1.4,1.0,"[1.0, 'adaptive']"
7,3,F0,0.65,"Change price: -0.05, reason: Slightly reduce price to 0.65 to better compete with top firms pricing around 0.6-0.7, leveraging high share rate and personalized recommendations to increase sales and profit.",1.3,2,1.3,1.0,"[1.0, 'adaptive']"
7,3,F1,0.6,"Change price: -0.10, reason: Lower price to 0.60 to align with top competitors’ successful pricing, leveraging high share rate and personalized recommendations to increase sales volume and maximize profit.",1.2,2,1.2,1.0,"[1.0, 'adaptive']"
7,3,F2,0.65,"Change price: 0.05, reason: High share rate and strong personalized recommendations support a slight price increase to improve profit without significantly reducing sales.",2.6,4,2.6,1.0,"[1.0, 'adaptive']"
7,3,F3,0.65,"Change price: 0.05, reason: High share rate (1.0) and strong competition (7 firms) support personalized recommendations that reduce search and maintain purchase likelihood; a moderate price increase to 0.65 can improve profit without losing many buyers.",1.3,2,1.3,1.0,"[1.0, 'adaptive']"
7,3,F4,0.65,"Change price: 0.05, reason: Maintain high share rate and strong competition; moderate price increase to 0.65 leverages personalized recommendations to boost profit without losing many buyers.",2.6,4,2.6,1.0,"[1.0, 'adaptive']"
7,3,F5,0.6,"Change price: -0.10, reason: Moderate price decrease to 0.60 to match top competitors' pricing, leveraging high share rate and personalized recommendations to boost sales volume and maximize profit.",1.8,3,1.8,1.0,"[1.0, 'adaptive']"
7,3,F6,0.65,"Change price: -0.05, reason: With full data sharing (share rate 1.0) and strong competition (7 firms), a slight price reduction from 0.7 to 0.65 can increase sales volume by attracting more consumers, leveraging high personalized recommendations to boost purchase likelihood and maximize overall profit.",1.3,2,1.3,1.0,"[1.0, 'adaptive']"
7,4,F0,0.65,"Change price: 0.00, reason: Maintain price at 0.65 to align with top competitors, leveraging high share rate and strong personalized recommendations to maximize profit without losing sales.",1.3,2,1.3,1.0,"[1.0, 'adaptive']"
7,4,F1,0.65,"Change price: 0.05, reason: High share rate (1.0) and strong personalized recommendations support a slight price increase to 0.65, aligning with top competitors to improve profit without significantly reducing sales.",1.95,3,1.95,1.0,"[1.0, 'adaptive']"
7,4,F2,0.65,"Change price: 0.00, reason: Maintain price at 0.65 as high share rate and strong personalized recommendations sustain purchase likelihood and profit in a competitive market.",2.6,4,2.6,1.0,"[1.0, 'adaptive']"
7,4,F3,0.7,"Change price: 0.05, reason: High share rate (1.0) and strong personalized recommendations support a slight price increase to 0.70 to improve profit while maintaining buyer likelihood amid competition.",1.4,2,1.4,1.0,"[1.0, 'adaptive']"
7,4,F4,0.65,"Change price: 0.00, reason: Maintain price at 0.65 to leverage high share rate and strong personalized recommendations, maximizing profit without reducing sales amid stable competition.",2.6,4,2.6,1.0,"[1.0, 'adaptive']"
7,4,F5,0.65,"Change price: 0.05, reason: Maintain high share rate and strong personalized recommendations; slight price increase to 0.65 to boost profit aligning with top competitors without losing sales.",1.95,3,1.95,1.0,"[1.0, 'adaptive']"
7,4,F6,0.7,"Change price: 0.05, reason: High share rate (1.0) and strong personalized recommendations with 7 competitors support a slight price increase to 0.70 to improve profit without significantly reducing sales.",1.4,2,1.4,1.0,"[1.0, 'adaptive']"
7,5,F0,0.65,"Change price: 0.00, reason: Maintain price at 0.65 to stay competitive with top firms, leveraging full share rate and personalized recommendations to maximize profit without losing sales.",1.3,2,1.3,1.0,"[1.0, 'adaptive']"
7,5,F1,0.65,"Change price: 0.00, reason: Maintain price at 0.65 to align with top competitors leveraging high share rate and personalized recommendations, maximizing profit without reducing sales.",1.95,3,1.95,1.0,"[1.0, 'adaptive']"
7,5,F2,0.65,"Change price: 0.00, reason: Maintain price at 0.65 as high share rate and personalized recommendations sustain sales and profit amid stable competition.",2.6,4,2.6,1.0,"[1.0, 'adaptive']"
7,5,F3,0.65,"Change price: -0.05, reason: Competitors maintain price at 0.65 with higher sales; reducing price to 0.65 can increase sales volume and profit by leveraging high share rate and personalized recommendations.",1.3,2,1.3,1.0,"[1.0, 'adaptive']"
7,5,F4,0.65,"Change price: 0.00, reason: Maintain price at 0.65 as high share rate and stable competition sustain sales and maximize profit without risking loss of buyers.",2.6,4,2.6,1.0,"[1.0, 'adaptive']"
7,5,F5,0.65,"Change price: 0.00, reason: Maintain price at 0.65 to align with top competitors leveraging high share rate and personalized recommendations, maximizing profit without reducing sales.",1.95,3,1.95,1.0,"[1.0, 'adaptive']"
7,5,F6,0.65,"Change price: -0.05, reason: With full data sharing and strong competition, a slight price reduction to 0.65 can attract more consumers and increase sales volume, leveraging personalized recommendations to maximize overall profit.",1.3,2,1.3,1.0,"[1.0, 'adaptive']"
7,6,F0,0.65,"Change price: 0.00, reason: Maintain price at 0.65 to align with top competitors and leverage full share rate and personalized recommendations, maximizing profit without risking loss of sales.",1.3,2,1.3,1.0,"[1.0, 'adaptive']"
7,6,F1,0.65,"Change price: 0.00, reason: Maintain price at 0.65 to align with top competitors as high share rate and personalized recommendations sustain sales and maximize profit without risking loss of buyers.",1.95,3,1.95,1.0,"[1.0, 'adaptive']"
7,6,F2,0.65,"Change price: 0.00, reason: Maintain price at 0.65 as stable high share rate and personalized recommendations sustain sales and profit amid intense competition.",2.6,4,2.6,1.0,"[1.0, 'adaptive']"
7,6,F3,0.65,"Change price: 0.00, reason: Maintain price at 0.65 to align with top competitors; high share rate and personalized recommendations sustain sales and maximize profit amid stable competition.",1.3,2,1.3,1.0,"[1.0, 'adaptive']"
7,6,F4,0.65,"Change price: 0.00, reason: Maintain price at 0.65 to leverage stable high share rate and personalized recommendations, ensuring steady sales and maximizing profit amid consistent competition.",2.6,4,2.6,1.0,"[1.0, 'adaptive']"
7,6,F5,0.65,"Change price: 0.00, reason: Maintain price at 0.65 to align with top competitors, leveraging high share rate and personalized recommendations to sustain sales and maximize profit without losing buyers.",1.95,3,1.95,1.0,"[1.0, 'adaptive']"
7,6,F6,0.65,"Change price: 0.00, reason: Maintain price at 0.65 as high share rate (1.0) and strong personalized recommendations sustain sales and profit amid stable competition, consistent with top firms' successful pricing.",1.3,2,1.3,1.0,"[1.0, 'adaptive']"
7,7,F0,0.65,"Change price: 0.00, reason: Maintain price at 0.65 to stay aligned with top competitors, leveraging stable full share rate and personalized recommendations to maximize profit without losing sales.",1.3,2,1.3,1.0,"[1.0, 'adaptive']"
7,7,F1,0.65,"Change price: 0.00, reason: Maintain price at 0.65 to align with top competitors, leveraging stable high share rate and personalized recommendations to maximize profit without losing sales.",1.95,3,1.95,1.0,"[1.0, 'adaptive']"
7,7,F2,0.65,"Change price: 0.00, reason: Maintain price at 0.65 as stable high share rate and strong personalized recommendations continue to support steady sales and maximize profit amid consistent competition.",2.6,4,2.6,1.0,"[1.0, 'adaptive']"
7,7,F3,0.65,"Change price: 0.00, reason: Maintain price at 0.65 to stay competitive with top firms; stable high share rate and personalized recommendations sustain sales and maximize profit.",1.3,2,1.3,1.0,"[1.0, 'adaptive']"
7,7,F4,0.65,"Change price: 0.00, reason: Maintain price at 0.65 as stable high share rate and personalized recommendations sustain sales and maximize profit amid intense competition and consistent market conditions.",2.6,4,2.6,1.0,"[1.0, 'adaptive']"
7,7,F5,0.65,"Change price: 0.00, reason: Maintain price at 0.65 to align with top competitors; stable high share rate and personalized recommendations sustain sales and maximize profit amid strong competition.",1.95,3,1.95,1.0,"[1.0, 'adaptive']"
7,7,F6,0.65,"Change price: 0.00, reason: Maintain price at 0.65 to align with top competitors; stable full data sharing and strong personalized recommendations support steady sales and maximize profit amid intense competition.",1.3,2,1.3,1.0,"[1.0, 'adaptive']"
7,8,F0,0.65,"Change price: 0.00, reason: Maintain price at 0.65 to stay competitive with top firms, leveraging stable full share rate and personalized recommendations to maximize profit without losing sales.",1.3,2,1.3,1.0,"[1.0, 'adaptive']"
7,8,F1,0.65,"Change price: 0.00, reason: Maintain price at 0.65 to align with top competitors, leveraging stable high share rate and strong personalized recommendations to maximize profit without reducing sales.",1.95,3,1.95,1.0,"[1.0, 'adaptive']"
7,8,F2,0.65,"Change price: 0.00, reason: Maintain price at 0.65 as stable high share rate and strong personalized recommendations consistently support steady sales and maximize profit amid intense competition.",2.6,4,2.6,1.0,"[1.0, 'adaptive']"
7,8,F3,0.65,"Change price: 0.00, reason: Maintain price at 0.65 to align with top competitors; stable high share rate and personalized recommendations sustain sales and maximize profit amid consistent competition.",1.3,2,1.3,1.0,"[1.0, 'adaptive']"
7,8,F4,0.65,"Change price: 0.00, reason: Maintain price at 0.65 to leverage stable high share rate and personalized recommendations, ensuring steady sales and maximizing profit amid consistent competition.",2.6,4,2.6,1.0,"[1.0, 'adaptive']"
7,8,F5,0.65,"Change price: 0.00, reason: Maintain price at 0.65 to align with top competitors; stable high share rate and personalized recommendations sustain sales and maximize profit amid strong competition.",1.95,3,1.95,1.0,"[1.0, 'adaptive']"
7,8,F6,0.65,"Change price: 0.00, reason: Maintain price at 0.65 to align with top competitors; stable full data sharing and strong personalized recommendations continue to support steady sales and maximize profit amid intense competition.",1.3,2,1.3,1.0,"[1.0, 'adaptive']"
7,9,F0,0.65,"Change price: 0.00, reason: Maintain price at 0.65 to align with top competitors and leverage stable full share rate and personalized recommendations, maximizing profit without losing sales.",1.3,2,1.3,1.0,"[1.0, 'adaptive']"
7,9,F1,0.65,"Change price: 0.00, reason: Maintain price at 0.65 to align with top competitors, leveraging stable high share rate and strong personalized recommendations to maximize profit without reducing sales.",1.95,3,1.95,1.0,"[1.0, 'adaptive']"
7,9,F2,0.65,"Change price: 0.00, reason: Maintain price at 0.65 as stable high share rate and strong personalized recommendations continue to support steady sales and maximize profit amid consistent competition.",2.6,4,2.6,1.0,"[1.0, 'adaptive']"
7,9,F3,0.65,"Change price: 0.00, reason: Maintain price at 0.65 to stay competitive with top firms; stable high share rate and personalized recommendations sustain sales and maximize profit.",1.3,2,1.3,1.0,"[1.0, 'adaptive']"
7,9,F4,0.65,"Change price: 0.00, reason: Maintain price at 0.65 to leverage stable high share rate and personalized recommendations, ensuring steady sales and maximizing profit amid consistent competition.",2.6,4,2.6,1.0,"[1.0, 'adaptive']"
7,9,F5,0.65,"Change price: 0.00, reason: Maintain price at 0.65 to align with top competitors; stable high share rate and personalized recommendations ensure steady sales and maximize profit amid strong competition.",1.95,3,1.95,1.0,"[1.0, 'adaptive']"
7,9,F6,0.65,"Change price: 0.00, reason: Maintain price at 0.65 to align with top competitors; stable full data sharing and strong personalized recommendations continue to support steady sales and maximize profit amid intense competition.",1.3,2,1.3,1.0,"[1.0, 'adaptive']"
7,10,F0,0.65,"Change price: 0.00, reason: Maintain price at 0.65 to stay competitive with top firms, leveraging stable full share rate and personalized recommendations to maximize profit without losing sales.",1.3,2,1.3,1.0,"[1.0, 'adaptive']"
7,10,F1,0.65,"Change price: 0.00, reason: Maintain price at 0.65 to align with top competitors, leveraging stable high share rate and strong personalized recommendations to maximize profit without reducing sales.",1.95,3,1.95,1.0,"[1.0, 'adaptive']"
7,10,F2,0.65,"Change price: 0.00, reason: Maintain price at 0.65 as stable high share rate and strong personalized recommendations sustain sales and maximize profit amid consistent competition.",2.6,4,2.6,1.0,"[1.0, 'adaptive']"
7,10,F3,0.65,"Change price: 0.00, reason: Maintain price at 0.65 to align with top competitors; stable high share rate and personalized recommendations continue to support steady sales and maximize profit amid consistent competition.",1.3,2,1.3,1.0,"[1.0, 'adaptive']"
7,10,F4,0.65,"Change price: 0.00, reason: Maintain price at 0.65 to leverage stable high share rate and personalized recommendations, ensuring steady sales and maximizing profit amid consistent competition.",2.6,4,2.6,1.0,"[1.0, 'adaptive']"
7,10,F5,0.65,"Change price: 0.00, reason: Maintain price at 0.65 to align with top competitors; stable high share rate and personalized recommendations sustain sales and maximize profit amid strong competition.",1.95,3,1.95,1.0,"[1.0, 'adaptive']"
7,10,F6,0.65,"Change price: 0.00, reason: Maintain price at 0.65 to align with top competitors; stable full data sharing and strong personalized recommendations continue to support steady sales and maximize profit amid intense competition.",1.3,2,1.3,1.0,"[1.0, 'adaptive']"
8,1,F0,0.55,"Change price: 0.05, reason: Moderate share rate and high competition suggest leveraging personalized recommendations by slightly increasing price to maximize profit without deterring buyers.",1.65,3,1.65,1.0,"[0.09794538782476847, 'adaptive']"
8,1,F1,0.55,"Change price: 0.05, reason: With 8 firms and low share rate (~3.9%), competition is high but personalized recommendations slightly increase purchase likelihood; raising price moderately to capture higher profit without losing many buyers.",1.1,2,1.1,1.0,"[0.03894792870088182, 'adaptive']"
8,1,F2,0.55,"Change price: 0.05, reason: Moderate data sharing increases likelihood of personalized recommendations, reducing search and increasing purchase probability, allowing a slight price increase to maximize profit.",0.55,1,0.55,1.0,"[0.13333839342533993, 'adaptive']"
8,1,F3,0.6,"Change price: 0.10, reason: High share rate (0.51) increases personalized recommendations, boosting purchase likelihood despite competition; can raise price above basic 0.5 to maximize profit.",0.6,1,0.6,1.0,"[0.5133595994492212, 'adaptive']"
8,1,F4,0.55,"Change price: 0.05, reason: With 8 firms and low share rate (~5.9%), personalized recommendations slightly boost purchase likelihood, allowing a modest price increase to maximize profit without losing consumers.",1.1,2,1.1,1.0,"[0.05891858219574919, 'adaptive']"
8,1,F5,0.55,"Change price: 0.05, reason: Higher competition and moderate share rate increase likelihood of purchase via recommendations, allowing a slight price increase to maximize profit.",2.2,4,2.2,1.0,"[0.45290998940773775, 'adaptive']"
8,1,F6,0.6,"Change price: 0.10, reason: High share rate (0.656) increases likelihood of personalized recommendations, boosting purchase probability despite competition; thus, raising price from 0.50 to 0.60 maximizes profit.",2.4,4,2.4,1.0,"[0.6564406221915314, 'adaptive']"
8,1,F7,0.6,"Change price: 0.10, reason: High share rate (0.79) boosts personalized recommendations, increasing purchase likelihood; with 8 firms, competition is strong, so raising price from 0.50 to 0.60 balances profit and demand.",1.8,3,1.8,1.0,"[0.7909595168512107, 'adaptive']"
8,2,F0,0.6,"Change price: 0.05, reason: High share rate (1.0) and strong competition increase personalized recommendation effectiveness, allowing a price increase from 0.55 to 0.60 to maximize profit while maintaining buyer interest.",1.8,3,1.8,1.0,"[1.0, 'adaptive']"
8,2,F1,0.6,"Change price: 0.05, reason: High share rate (1.0) boosts personalized recommendations and purchase likelihood amid strong competition (8 firms); raising price from 0.55 to 0.60 maximizes profit by leveraging increased demand despite higher price.",1.2,2,1.2,1.0,"[1.0, 'adaptive']"
8,2,F2,0.6,"Change price: 0.05, reason: High share rate (1.0) enhances personalized recommendations, increasing purchase likelihood despite competition; raising price from 0.55 to 0.60 maximizes profit by balancing demand and higher margin.",0.6,1,0.6,1.0,"[1.0, 'adaptive']"
8,2,F3,0.6,"Change price: 0.00, reason: Maintain price at 0.60 as high share rate (1.0) supports personalized recommendations, increasing purchase likelihood despite competition; current price balances profit and demand effectively.",0.6,1,0.6,1.0,"[1.0, 'adaptive']"
8,2,F4,0.6,"Change price: 0.05, reason: With full data sharing (1.0) and strong competition (8 firms), personalized recommendations increase purchase likelihood, justifying a price increase from 0.55 to 0.60 to maximize profit.",1.2,2,1.2,1.0,"[1.0, 'adaptive']"
8,2,F5,0.6,"Change price: 0.05, reason: High share rate (1.0) and strong competition increase purchase likelihood via personalized recommendations, allowing a price increase from 0.55 to 0.60 to maximize profit.",2.4,4,2.4,1.0,"[1.0, 'adaptive']"
8,2,F6,0.6,"Change price: 0.00, reason: Maintain price at 0.60 as high share rate (1.0) supports strong personalized recommendations, sustaining purchase likelihood and profit maximization despite competition.",2.4,4,2.4,1.0,"[1.0, 'adaptive']"
8,2,F7,0.7,"Change price: 0.10, reason: High share rate (1.0) maximizes personalized recommendations, increasing purchase likelihood despite competition; raising price from 0.60 to 0.70 maximizes profit.",2.1,3,2.1,1.0,"[1.0, 'adaptive']"
8,3,F0,0.65,"Change price: 0.05, reason: High share rate (1.0) and strong competition support personalized recommendations, allowing a price increase from 0.60 to 0.65 to maximize profit while maintaining consumer purchase likelihood.",1.95,3,1.95,1.0,"[1.0, 'adaptive']"
8,3,F1,0.7,"Change price: 0.10, reason: High share rate (1.0) ensures strong personalized recommendations, reducing search and increasing purchase likelihood despite competition; raising price from 0.60 to 0.70 maximizes profit by capturing more value per sale.",1.4,2,1.4,1.0,"[1.0, 'adaptive']"
8,3,F2,0.65,"Change price: 0.05, reason: High share rate (1.0) ensures strong personalized recommendations, enabling a slight price increase from 0.60 to 0.65 to maximize profit despite competition.",0.65,1,0.65,1.0,"[1.0, 'adaptive']"
8,3,F3,0.7,"Change price: 0.10, reason: High share rate (1.0) maximizes personalized recommendations, increasing purchase likelihood despite competition; raising price from 0.60 to 0.70 can improve profit as demonstrated by top firms.",0.7,1,0.7,1.0,"[1.0, 'adaptive']"
8,3,F4,0.65,"Change price: 0.05, reason: With full data sharing (1.0) and strong competition (8 firms), increasing price to 0.65 leverages high personalized recommendation effect to maximize profit as competitors successfully raised prices to 0.60 and 0.70.",1.3,2,1.3,1.0,"[1.0, 'adaptive']"
8,3,F5,0.7,"Change price: 0.10, reason: High share rate (1.0) ensures strong personalized recommendations reducing search costs; despite competition, raising price to 0.70 maximizes profit as shown by similar firms' success at this price point.",2.8,4,2.8,1.0,"[1.0, 'adaptive']"
8,3,F6,0.7,"Change price: 0.10, reason: High share rate (1.0) maximizes personalized recommendations, allowing a price increase from 0.60 to 0.70 to boost profit despite competition.",2.8,4,2.8,1.0,"[1.0, 'adaptive']"
8,3,F7,0.6,"Change price: -0.10, reason: Competitors price at 0.6 with higher sales; lowering price to 0.60 can increase sales volume and profit under full share rate and strong competition.",1.8,3,1.8,1.0,"[1.0, 'adaptive']"
8,4,F0,0.7,"Change price: 0.05, reason: High share rate (1.0) and strong competition support personalized recommendations, allowing a price increase from 0.65 to 0.70 to maximize profit as demonstrated by top firms setting price at 0.70 with higher profits.",2.1,3,2.1,1.0,"[1.0, 'adaptive']"
8,4,F1,0.7,"Change price: 0.00, reason: Maintain price at 0.70 to capitalize on high share rate (1.0) and strong personalized recommendations, aligning with top firms' successful strategies to maximize profit amid intense competition.",1.4,2,1.4,1.0,"[1.0, 'adaptive']"
8,4,F2,0.7,"Change price: 0.05, reason: High share rate (1.0) and strong competition support personalized recommendations, allowing a price increase from 0.65 to 0.70 to maximize profit as demonstrated by top firms' success at this price point.",0.7,1,0.7,1.0,"[1.0, 'adaptive']"
8,4,F3,0.7,"Change price: 0.00, reason: Maintain price at 0.70 as high share rate (1.0) and strong personalized recommendations support maximizing profit; top firms succeed at this price despite competition.",0.7,1,0.7,1.0,"[1.0, 'adaptive']"
8,4,F4,0.7,"Change price: 0.05, reason: With full data sharing (1.0) and strong competition (8 firms), increasing price to 0.70 aligns with top firms' successful pricing, leveraging personalized recommendations to maximize profit.",1.4,2,1.4,1.0,"[1.0, 'adaptive']"
8,4,F5,0.7,"Change price: 0.00, reason: Maintain price at 0.70 as high share rate (1.0) and strong personalized recommendations sustain sales volume and maximize profit despite competition.",2.8,4,2.8,1.0,"[1.0, 'adaptive']"
8,4,F6,0.7,"Change price: 0.00, reason: Maintain price at 0.70 as high share rate (1.0) sustains strong personalized recommendations, ensuring stable sales and maximizing profit despite competition.",2.8,4,2.8,1.0,"[1.0, 'adaptive']"
8,4,F7,0.7,"Change price: 0.10, reason: High share rate (1.0) ensures strong personalized recommendations reducing search costs; competitors succeed at 0.70 price point, so raising price to 0.70 maximizes profit despite competition.",2.1,3,2.1,1.0,"[1.0, 'adaptive']"
8,5,F0,0.7,"Change price: 0.00, reason: Maintain price at 0.70 as high share rate (1.0) and strong competition support personalized recommendations, sustaining stable sales and maximizing profit.",2.1,3,2.1,1.0,"[1.0, 'adaptive']"
8,5,F1,0.7,"Change price: 0.00, reason: Maintain price at 0.70 to align with top firms' strategies leveraging high share rate (1.0) and strong personalized recommendations, maximizing profit amid intense competition.",1.4,2,1.4,1.0,"[1.0, 'adaptive']"
8,5,F2,0.7,"Change price: 0.00, reason: Maintain price at 0.70 as high share rate (1.0) and strong personalized recommendations sustain sales volume and maximize profit despite competition, consistent with top firms' successful pricing.",0.7,1,0.7,1.0,"[1.0, 'adaptive']"
8,5,F3,0.7,"Change price: 0.00, reason: Maintain price at 0.70 as high share rate (1.0) and strong personalized recommendations sustain sales despite competition; aligns with top firms maximizing profit.",0.7,1,0.7,1.0,"[1.0, 'adaptive']"
8,5,F4,0.7,"Change price: 0.00, reason: Maintain price at 0.70 to align with top competitors who maximize profit through high share rate and strong personalized recommendations, ensuring stable sales despite competition.",1.4,2,1.4,1.0,"[1.0, 'adaptive']"
8,5,F5,0.7,"Change price: 0.00, reason: Maintain price at 0.70 as high share rate (1.0) and strong personalized recommendations continue to sustain sales volume and maximize profit despite competition.",2.8,4,2.8,1.0,"[1.0, 'adaptive']"
8,5,F6,0.7,"Change price: 0.00, reason: Maintain price at 0.70 as high share rate (1.0) and strong personalized recommendations sustain stable sales and maximize profit despite competition.",2.8,4,2.8,1.0,"[1.0, 'adaptive']"
8,5,F7,0.7,"Change price: 0.00, reason: Maintain price at 0.70 as high share rate (1.0) and competitors' success at this price point indicate it maximizes profit under strong competition and full personalized recommendations.",2.1,3,2.1,1.0,"[1.0, 'adaptive']"
8,6,F0,0.7,"Change price: 0.00, reason: Maintain price at 0.70 as top competitors achieve highest profits at this price with full data sharing and strong personalized recommendations, ensuring stable sales and profit maximization.",2.1,3,2.1,1.0,"[1.0, 'adaptive']"
8,6,F1,0.7,"Change price: 0.00, reason: Maintain price at 0.70 to align with top competitors leveraging high share rate (1.0) and strong personalized recommendations, maximizing profit amid intense competition.",1.4,2,1.4,1.0,"[1.0, 'adaptive']"
8,6,F2,0.7,"Change price: 0.00, reason: Maintain price at 0.70 as high share rate (1.0) and strong personalized recommendations sustain sales volume and maximize profit, consistent with top competitors.",0.7,1,0.7,1.0,"[1.0, 'adaptive']"
8,6,F3,0.7,"Change price: 0.00, reason: Maintain price at 0.70 as high share rate (1.0) and strong personalized recommendations sustain stable sales and maximize profit despite competition; aligns with top firms' successful pricing strategy.",0.7,1,0.7,1.0,"[1.0, 'adaptive']"
8,6,F4,0.7,"Change price: 0.00, reason: Maintain price at 0.70 to align with top competitors who achieve maximum profit through high share rate and strong personalized recommendations, ensuring stable sales despite intense competition.",1.4,2,1.4,1.0,"[1.0, 'adaptive']"
8,6,F5,0.7,"Change price: 0.00, reason: Maintain price at 0.70 as high share rate (1.0) and strong personalized recommendations sustain stable sales and maximize profit despite competition.",2.8,4,2.8,1.0,"[1.0, 'adaptive']"
8,6,F6,0.7,"Change price: 0.00, reason: Maintain price at 0.70 as high share rate (1.0) and strong personalized recommendations sustain stable sales and maximize profit despite competition.",2.8,4,2.8,1.0,"[1.0, 'adaptive']"
8,6,F7,0.7,"Change price: 0.00, reason: Maintain price at 0.70 as full share rate and competitors’ stable pricing indicate this maximizes profit under strong competition and personalized recommendations.",2.1,3,2.1,1.0,"[1.0, 'adaptive']"
8,7,F0,0.7,"Change price: 0.00, reason: Maintain price at 0.70 as full data sharing and strong personalized recommendations sustain stable sales and maximize profit despite competition.",2.1,3,2.1,1.0,"[1.0, 'adaptive']"
8,7,F1,0.7,"Change price: 0.00, reason: Maintain price at 0.70 to align with top competitors' successful strategies leveraging full data sharing and strong personalized recommendations, maximizing profit amid intense competition.",1.4,2,1.4,1.0,"[1.0, 'adaptive']"
8,7,F2,0.7,"Change price: 0.00, reason: Maintain price at 0.70 as high share rate (1.0) and strong personalized recommendations sustain sales volume and maximize profit, consistent with top competitors.",0.7,1,0.7,1.0,"[1.0, 'adaptive']"
8,7,F3,0.7,"Change price: 0.00, reason: Maintain price at 0.70 as high share rate (1.0) and strong personalized recommendations sustain stable sales and maximize profit despite competition; aligns with top firms' successful pricing strategy.",0.7,1,0.7,1.0,"[1.0, 'adaptive']"
8,7,F4,0.7,"Change price: 0.00, reason: Maintain price at 0.70 to align with top competitors who maximize profit through full data sharing and strong personalized recommendations, ensuring stable sales despite competition.",1.4,2,1.4,1.0,"[1.0, 'adaptive']"
8,7,F5,0.7,"Change price: 0.00, reason: Maintain price at 0.70 as full data sharing and strong personalized recommendations sustain stable sales and maximize profit despite intense competition.",2.8,4,2.8,1.0,"[1.0, 'adaptive']"
8,7,F6,0.7,"Change price: 0.00, reason: Maintain price at 0.70 as high share rate (1.0) and strong personalized recommendations continue to sustain stable sales and maximize profit despite intense competition.",2.8,4,2.8,1.0,"[1.0, 'adaptive']"
8,7,F7,0.7,"Change price: 0.00, reason: Maintain price at 0.70 as competitors and I achieve stable sales and maximum profit with full data sharing and strong personalized recommendations under intense competition.",2.1,3,2.1,1.0,"[1.0, 'adaptive']"
8,8,F0,0.7,"Change price: 0.00, reason: Maintain price at 0.70 as full data sharing and strong personalized recommendations sustain stable sales and maximize profit despite intense competition.",2.1,3,2.1,1.0,"[1.0, 'adaptive']"
8,8,F1,0.7,"Change price: 0.00, reason: Maintain price at 0.70 to align with top competitors leveraging full data sharing and strong personalized recommendations, maximizing profit amid intense competition.",1.4,2,1.4,1.0,"[1.0, 'adaptive']"
8,8,F2,0.7,"Change price: 0.00, reason: Maintain price at 0.70 as full data sharing and strong personalized recommendations sustain stable sales and maximize profit despite intense competition, consistent with top firms.",0.7,1,0.7,1.0,"[1.0, 'adaptive']"
8,8,F3,0.7,"Change price: 0.00, reason: Maintain price at 0.70 as full data sharing and strong personalized recommendations sustain stable sales and maximize profit despite intense competition; aligns with top firms' successful pricing strategy.",0.7,1,0.7,1.0,"[1.0, 'adaptive']"
8,8,F4,0.7,"Change price: 0.00, reason: Maintain price at 0.70 to align with top competitors who maximize profit through full data sharing and strong personalized recommendations, ensuring stable sales despite intense competition.",1.4,2,1.4,1.0,"[1.0, 'adaptive']"
8,8,F5,0.7,"Change price: 0.00, reason: Maintain price at 0.70 as full data sharing and strong personalized recommendations sustain stable sales and maximize profit despite intense competition.",2.8,4,2.8,1.0,"[1.0, 'adaptive']"
8,8,F6,0.7,"Change price: 0.00, reason: Maintain price at 0.70 as full data sharing and strong personalized recommendations sustain stable sales and maximize profit despite intense competition.",2.8,4,2.8,1.0,"[1.0, 'adaptive']"
8,8,F7,0.7,"Change price: 0.00, reason: Maintain price at 0.70 as full data sharing and competitors’ stable pricing indicate this maximizes profit under strong competition and personalized recommendations.",2.1,3,2.1,1.0,"[1.0, 'adaptive']"
8,9,F0,0.7,"Change price: 0.00, reason: Maintain price at 0.70 as full data sharing and strong personalized recommendations sustain stable sales and maximize profit despite intense competition.",2.1,3,2.1,1.0,"[1.0, 'adaptive']"
8,9,F1,0.7,"Change price: 0.00, reason: Maintain price at 0.70 to align with top competitors leveraging full data sharing and strong personalized recommendations, maximizing profit amid intense competition.",1.4,2,1.4,1.0,"[1.0, 'adaptive']"
8,9,F2,0.7,"Change price: 0.00, reason: Maintain price at 0.70 as full data sharing and strong personalized recommendations sustain stable sales and maximize profit, consistent with top competitors.",0.7,1,0.7,1.0,"[1.0, 'adaptive']"
8,9,F3,0.7,"Change price: 0.00, reason: Maintain price at 0.70 as full data sharing and personalized recommendations sustain stable sales and align with top firms’ successful pricing strategy maximizing profit despite competition.",0.7,1,0.7,1.0,"[1.0, 'adaptive']"
8,9,F4,0.7,"Change price: 0.00, reason: Maintain price at 0.70 to align with top competitors leveraging full data sharing and strong personalized recommendations, ensuring stable sales and maximizing profit under intense competition.",1.4,2,1.4,1.0,"[1.0, 'adaptive']"
8,9,F5,0.7,"Change price: 0.00, reason: Maintain price at 0.70 as full data sharing and strong personalized recommendations continue to sustain stable sales and maximize profit despite intense competition.",2.8,4,2.8,1.0,"[1.0, 'adaptive']"
8,9,F6,0.7,"Change price: 0.00, reason: Maintain price at 0.70 as full data sharing and strong personalized recommendations sustain stable sales and maximize profit despite intense competition.",2.8,4,2.8,1.0,"[1.0, 'adaptive']"
8,9,F7,0.7,"Change price: 0.00, reason: Maintain price at 0.70 as full data sharing and strong personalized recommendations sustain stable sales and maximize profit amidst intense competition and consistent competitor pricing.",2.1,3,2.1,1.0,"[1.0, 'adaptive']"
8,10,F0,0.7,"Change price: 0.00, reason: Maintain price at 0.70 as full data sharing and strong personalized recommendations sustain stable sales and maximize profit despite intense competition.",2.1,3,2.1,1.0,"[1.0, 'adaptive']"
8,10,F1,0.7,"Change price: 0.00, reason: Maintain price at 0.70 to align with top competitors leveraging full data sharing and strong personalized recommendations, maximizing profit amid intense competition.",1.4,2,1.4,1.0,"[1.0, 'adaptive']"
8,10,F2,0.7,"Change price: 0.00, reason: Maintain price at 0.70 as full data sharing and strong personalized recommendations sustain stable sales and maximize profit, consistent with top competitors.",0.7,1,0.7,1.0,"[1.0, 'adaptive']"
8,10,F3,0.7,"Change price: 0.00, reason: Maintain price at 0.70 as full data sharing and strong personalized recommendations sustain stable sales and maximize profit despite intense competition; aligns with top firms' successful pricing strategy.",0.7,1,0.7,1.0,"[1.0, 'adaptive']"
8,10,F4,0.7,"Change price: 0.00, reason: Maintain price at 0.70 to align with top competitors leveraging full data sharing and strong personalized recommendations, ensuring stable sales and maximizing profit under intense competition.",1.4,2,1.4,1.0,"[1.0, 'adaptive']"
8,10,F5,0.7,"Change price: 0.00, reason: Maintain price at 0.70 as full data sharing and strong personalized recommendations continue to sustain stable sales and maximize profit despite intense competition.",2.8,4,2.8,1.0,"[1.0, 'adaptive']"
8,10,F6,0.7,"Change price: 0.00, reason: Maintain price at 0.70 as full data sharing and strong personalized recommendations continue to sustain stable sales and maximize profit despite intense competition.",2.8,4,2.8,1.0,"[1.0, 'adaptive']"
8,10,F7,0.7,"Change price: 0.00, reason: Maintain price at 0.70 as full data sharing and competitors’ stable pricing indicate this maximizes profit under strong competition and personalized recommendations.",2.1,3,2.1,1.0,"[1.0, 'adaptive']"
9,1,F0,0.55,"Change price: 0.05, reason: With 9 firms and a low share rate, personalized recommendations slightly increase purchase likelihood, allowing a moderate price increase to boost profit without losing customers.",0.55,1,0.55,1.0,"[0.006501704529630947, 'adaptive']"
9,1,F1,0.6,"Change price: 0.10, reason: Moderate data sharing (16%) and high competition (9 firms) increase reliance on personalized recommendations, allowing a slightly higher price to maximize profit without deterring buyers.",1.2,2,1.2,1.0,"[0.16047427842078443, 'adaptive']"
9,1,F2,0.6,"Change price: 0.10, reason: High share rate (0.72) increases personalized recommendations, boosting purchase likelihood despite competition; can raise price above basic 0.5 to maximize profit.",1.2,2,1.2,1.0,"[0.7247207900621518, 'adaptive']"
9,1,F3,0.6,"Change price: 0.10, reason: High share rate (0.97) implies strong personalized recommendations, reducing search and increasing purchase likelihood, allowing a price increase above the basic 0.50.",1.2,2,1.2,1.0,"[0.9738255765804307, 'adaptive']"
9,1,F4,0.55,"Change price: 0.05, reason: With 9 firms and low share rate, personalized recommendations slightly increase purchase likelihood, allowing a modest price increase to maximize profit.",1.65,3,1.65,1.0,"[0.027414072433462944, 'adaptive']"
9,1,F5,0.55,"Change price: 0.05, reason: With 9 firms and a moderate share rate (0.54), personalized recommendations boost purchase likelihood; increasing price slightly capitalizes on higher willingness to pay while maintaining competitiveness.",1.1,2,1.1,1.0,"[0.5394653883593491, 'adaptive']"
9,1,F6,0.6,"Change price: 0.10, reason: High competition (9 firms) and moderate share rate (0.535) increase reliance on personalized recommendations, boosting purchase likelihood and allowing a higher price to maximize profit.",0.6,1,0.6,1.0,"[0.5350555577582067, 'adaptive']"
9,1,F7,0.6,"Change price: 0.10, reason: High share rate (0.91) increases personalized recommendations, boosting purchase likelihood despite competition; can raise price above basic 0.5 to maximize profit.",3.0,5,3.0,1.0,"[0.9124316049204619, 'adaptive']"
9,1,F8,0.6,"Change price: 0.10, reason: High competition and moderate data sharing increase likelihood of personalized recommendations, allowing a higher price to maximize profit.",1.2,2,1.2,1.0,"[0.5535774260072056, 'adaptive']"
9,2,F0,0.6,"Change price: 0.05, reason: High share rate (1.0) boosts personalized recommendations and purchase likelihood despite competition; increasing price from 0.55 to 0.60 maximizes profit as seen in top firms.",0.6,1,0.6,1.0,"[1.0, 'adaptive']"
9,2,F1,0.7,"Change price: 0.10, reason: High share rate (1.0) boosts personalized recommendations and purchase likelihood despite competition; raising price above 0.6 can maximize profit.",1.4,2,1.4,1.0,"[1.0, 'adaptive']"
9,2,F2,0.7,"Change price: 0.10, reason: High share rate (1.0) maximizes personalized recommendations, increasing purchase likelihood despite 9 competitors; raising price above 0.6 can improve profit as seen in top performers.",1.4,2,1.4,1.0,"[1.0, 'adaptive']"
9,2,F3,0.7,"Change price: 0.10, reason: High share rate (1.0) ensures strong personalized recommendations, reducing consumer search and increasing purchase likelihood; with 9 firms, can raise price above 0.6 to maximize profit.",1.4,2,1.4,1.0,"[1.0, 'adaptive']"
9,2,F4,0.6,"Change price: 0.05, reason: High share rate (1.0) boosts personalized recommendations, increasing purchase likelihood despite strong competition; raising price slightly above basic 0.55 can maximize profit.",1.8,3,1.8,1.0,"[1.0, 'adaptive']"
9,2,F5,0.6,"Change price: 0.05, reason: High share rate (1.0) boosts personalized recommendations, increasing purchase likelihood despite competition; raising price slightly from 0.55 to 0.60 maximizes profit.",1.2,2,1.2,1.0,"[1.0, 'adaptive']"
9,2,F6,0.7,"Change price: 0.10, reason: High share rate (1.0) and intense competition (9 firms) boost personalized recommendations, increasing purchase likelihood and enabling a price increase above basic 0.6 to maximize profit.",0.7,1,0.7,1.0,"[1.0, 'adaptive']"
9,2,F7,0.7,"Change price: 0.10, reason: High share rate (1.0) ensures strong personalized recommendations, sustaining purchase likelihood despite competition; raising price above 0.6 can maximize profit given stable sales.",2.8,4,2.8,1.0,"[1.0, 'adaptive']"
9,2,F8,0.7,"Change price: 0.10, reason: High share rate (1.0) ensures strong personalized recommendations, boosting purchase likelihood despite 9 competitors; increasing price from 0.6 to 0.7 maximizes profit.",1.4,2,1.4,1.0,"[1.0, 'adaptive']"
9,3,F0,0.7,"Change price: 0.10, reason: High share rate (1.0) ensures strong personalized recommendations, reducing consumer search and increasing purchase likelihood; raising price above 0.6 can maximize profit given stable sales and intense competition.",1.4,2,1.4,1.0,"[1.0, 'adaptive']"
9,3,F1,0.8,"Change price: 0.10, reason: With full data sharing (1.0) and strong personalized recommendations, demand is stable despite competition; increasing price to 0.80 can maximize profit by leveraging high purchase likelihood.",1.6,2,1.6,1.0,"[1.0, 'adaptive']"
9,3,F2,0.8,"Change price: 0.10, reason: With full share rate (1.0) ensuring strong personalized recommendations and stable purchase likelihood despite 9 competitors, raising price above 0.7 can maximize profit as demonstrated by top firms.",1.6,2,1.6,1.0,"[1.0, 'adaptive']"
9,3,F3,0.8,"Change price: 0.10, reason: High share rate (1.0) ensures strong personalized recommendations, reducing consumer search and increasing purchase likelihood despite competition; raising price above 0.7 can further maximize profit given stable sales.",0.8,1,0.8,1.0,"[1.0, 'adaptive']"
9,3,F4,0.7,"Change price: 0.10, reason: High share rate (1.0) ensures strong personalized recommendations, allowing a higher price (0.70) to maximize profit despite competition, as shown by top firms' successful pricing strategies.",2.1,3,2.1,1.0,"[1.0, 'adaptive']"
9,3,F5,0.7,"Change price: 0.10, reason: High share rate (1.0) ensures strong personalized recommendations, reducing consumer search and increasing purchase likelihood despite competition; raising price above 0.6 can maximize profit given stable sales.",1.4,2,1.4,1.0,"[1.0, 'adaptive']"
9,3,F6,0.8,"Change price: 0.10, reason: High share rate (1.0) ensures strong personalized recommendations amid 9 firms, allowing a price increase above 0.7 to maximize profit given stable purchase likelihood.",0.0,0,0.0,1.0,"[1.0, 'adaptive']"
9,3,F7,0.65,"Change price: -0.05, reason: Slightly lowering price to 0.65 can attract more buyers amid strong competition, leveraging high share rate (1.0) for personalized recommendations to maintain purchase likelihood while increasing sales volume and profit.",2.6,4,2.6,1.0,"[1.0, 'adaptive']"
9,3,F8,0.8,"Change price: 0.10, reason: With full data sharing (share rate 1.0) and strong personalized recommendations, raising price to 0.8 can increase profit despite competition, as demonstrated by top firms successfully pricing above 0.7.",1.6,2,1.6,1.0,"[1.0, 'adaptive']"
9,4,F0,0.75,"Change price: 0.05, reason: High share rate (1.0) and strong personalized recommendations support raising price to 0.75 to improve profit, following top firms' success with prices above 0.7 amid intense competition.",0.75,1,0.75,1.0,"[1.0, 'adaptive']"
9,4,F1,0.7,"Change price: -0.10, reason: Slightly lowering price to 0.70 can attract more buyers amid strong competition and full data sharing (1.0), leveraging personalized recommendations to increase sales volume and overall profit.",1.4,2,1.4,1.0,"[1.0, 'adaptive']"
9,4,F2,0.7,"Change price: -0.10, reason: Lowering price to 0.70 to attract more buyers amid strong competition and high share rate (1.0), leveraging personalized recommendations to increase sales volume and profit.",1.4,2,1.4,1.0,"[1.0, 'adaptive']"
9,4,F3,0.7,"Change price: -0.10, reason: Lowering price to 0.70 to attract more buyers amid strong competition and full data sharing (1.0) which boosts personalized recommendations, increasing sales volume and overall profit.",1.4,2,1.4,1.0,"[1.0, 'adaptive']"
9,4,F4,0.75,"Change price: 0.05, reason: With full data sharing (1.0) and strong personalized recommendations, raising price to 0.75 leverages high purchase likelihood despite competition, aiming to increase profit by capturing more revenue per sale.",2.25,3,2.25,1.0,"[1.0, 'adaptive']"
9,4,F5,0.75,"Change price: 0.05, reason: With full data sharing (1.0) and strong personalized recommendations, increasing price to 0.75 can leverage high purchase likelihood and stable sales despite competition, maximizing profit.",1.5,2,1.5,1.0,"[1.0, 'adaptive']"
9,4,F6,0.7,"Change price: -0.10, reason: Lowering price to 0.70 to attract more buyers amid strong competition and high share rate (1.0), leveraging personalized recommendations to increase sales volume and overall profit.",0.7,1,0.7,1.0,"[1.0, 'adaptive']"
9,4,F7,0.7,"Change price: 0.05, reason: With full share rate (1.0) ensuring strong personalized recommendations and stable demand, a slight price increase to 0.70 can improve profit without significantly reducing sales amid high competition.",2.8,4,2.8,1.0,"[1.0, 'adaptive']"
9,4,F8,0.75,"Change price: -0.05, reason: Slightly lowering price to 0.75 can attract more buyers amid strong competition and full data sharing, leveraging personalized recommendations to increase sales volume and overall profit.",1.5,2,1.5,1.0,"[1.0, 'adaptive']"
9,5,F0,0.7,"Change price: -0.05, reason: Slight price decrease to 0.70 to boost sales volume amid intense competition and full data sharing, following top firm's successful strategy to improve profit by balancing price and sales.",0.7,1,0.7,1.0,"[1.0, 'adaptive']"
9,5,F1,0.75,"Change price: 0.05, reason: With full data sharing (1.0) and strong personalized recommendations, a slight price increase to 0.75 can improve profit by capturing more revenue per sale without significantly reducing demand amid high competition.",1.5,2,1.5,1.0,"[1.0, 'adaptive']"
9,5,F2,0.75,"Change price: 0.05, reason: With full share rate (1.0) and stable personalized recommendations, a slight price increase to 0.75 can improve profit by capturing more revenue per sale without significantly reducing sales amid strong competition.",1.5,2,1.5,1.0,"[1.0, 'adaptive']"
9,5,F3,0.75,"Change price: 0.05, reason: With full data sharing (1.0) ensuring strong personalized recommendations and stable demand, a slight price increase to 0.75 can improve profit by capturing more revenue per sale without significantly reducing sales amid high competition.",1.5,2,1.5,1.0,"[1.0, 'adaptive']"
9,5,F4,0.8,"Change price: 0.05, reason: With full data sharing and strong personalized recommendations, a slight price increase to 0.80 can capture more revenue per sale without significantly reducing sales amid intense competition.",2.4,3,2.4,1.0,"[1.0, 'adaptive']"
9,5,F5,0.8,"Change price: 0.05, reason: With full data sharing (1.0) and strong personalized recommendations, increasing price slightly to 0.80 leverages stable demand and high purchase likelihood despite competition, aiming to improve profit by capturing more revenue per sale.",1.6,2,1.6,1.0,"[1.0, 'adaptive']"
9,5,F6,0.75,"Change price: 0.05, reason: With full data sharing (1.0) ensuring strong personalized recommendations and stable demand, a slight price increase to 0.75 can improve profit by capturing more revenue per sale without significantly reducing sales amid intense competition.",0.0,0,0.0,1.0,"[1.0, 'adaptive']"
9,5,F7,0.75,"Change price: 0.05, reason: With full share rate (1.0) and stable demand, increasing price to 0.75 leverages strong personalized recommendations and high purchase likelihood to maximize profit despite competition.",3.0,4,3.0,1.0,"[1.0, 'adaptive']"
9,5,F8,0.8,"Change price: 0.05, reason: Top firms successfully price above 0.7 with full data sharing; increasing to 0.80 can improve profit by capturing higher revenue per sale while maintaining stable demand.",1.6,2,1.6,1.0,"[1.0, 'adaptive']"
9,6,F0,0.75,"Change price: 0.05, reason: With full data sharing and strong personalized recommendations, increasing price to 0.75 aligns with top firms' successful strategies to maximize profit despite competition.",0.75,1,0.75,1.0,"[1.0, 'adaptive']"
9,6,F1,0.8,"Change price: 0.05, reason: With full data sharing and strong personalized recommendations, increasing price slightly to 0.80 can capture more revenue per sale without significantly reducing demand amid intense competition.",1.6,2,1.6,1.0,"[1.0, 'adaptive']"
9,6,F2,0.8,"Change price: 0.05, reason: With full share rate (1.0) and stable personalized recommendations, increasing price slightly to 0.80 can capture more revenue per sale without significantly reducing sales amid strong competition, following top firms' successful strategies.",1.6,2,1.6,1.0,"[1.0, 'adaptive']"
9,6,F3,0.8,"Change price: 0.05, reason: With full data sharing and strong personalized recommendations, a slight price increase to 0.80 can capture more revenue per sale without significantly reducing sales amid intense competition.",0.8,1,0.8,1.0,"[1.0, 'adaptive']"
9,6,F4,0.85,"Change price: 0.05, reason: With full data sharing and strong personalized recommendations, increasing price to 0.85 leverages high purchase likelihood and top firms' pricing trends to maximize profit without significantly reducing sales.",2.55,3,2.55,1.0,"[1.0, 'adaptive']"
9,6,F5,0.85,"Change price: 0.05, reason: With full data sharing and strong personalized recommendations, increasing price to 0.85 can capture more revenue per sale as competitors price at 0.75-0.80, leveraging stable demand despite competition.",1.7,2,1.7,1.0,"[1.0, 'adaptive']"
9,6,F6,0.8,"Change price: 0.05, reason: With full share rate (1.0) and strong personalized recommendations amid 9 firms, a slight price increase to 0.80 can capture more revenue per sale without significantly reducing sales, aiming to maximize profit.",0.0,0,0.0,1.0,"[1.0, 'adaptive']"
9,6,F7,0.8,"Change price: 0.05, reason: With full data sharing and stable demand, increasing price to 0.80 leverages strong personalized recommendations and high purchase likelihood to capture more revenue per sale without significantly reducing sales amid intense competition.",3.2,4,3.2,1.0,"[1.0, 'adaptive']"
9,6,F8,0.75,"Change price: -0.05, reason: Slightly lowering price to 0.75 can increase sales volume amid intense competition and full data sharing, leveraging personalized recommendations to maximize overall profit.",1.5,2,1.5,1.0,"[1.0, 'adaptive']"
9,7,F0,0.8,"Change price: 0.05, reason: With full data sharing and strong personalized recommendations, increasing price to 0.80 leverages stable demand and aligns with top firms' successful pricing to maximize profit despite intense competition.",0.8,1,0.8,1.0,"[1.0, 'adaptive']"
9,7,F1,0.85,"Change price: 0.05, reason: Competitors at top are pricing 0.80-0.85 with higher sales; increasing price to 0.85 leverages full data sharing and strong personalized recommendations to maximize profit without losing demand.",1.7,2,1.7,1.0,"[1.0, 'adaptive']"
9,7,F2,0.85,"Change price: 0.05, reason: With full data sharing and strong personalized recommendations, increasing price slightly to 0.85 aligns with top firms' pricing, leveraging stable demand and competition to maximize profit.",0.85,1,0.85,1.0,"[1.0, 'adaptive']"
9,7,F3,0.85,"Change price: 0.05, reason: Competitors with similar share rates price between 0.80-0.85 achieving higher profits; increasing price to 0.85 can capture more revenue per sale without significantly reducing sales amid full data sharing and strong personalized recommendations.",0.85,1,0.85,1.0,"[1.0, 'adaptive']"
9,7,F4,0.85,"Change price: 0.00, reason: Maintaining price at 0.85 aligns with top firms' successful strategies, leveraging full data sharing and stable purchase likelihood to maximize profit without risking sales loss amid intense competition.",2.55,3,2.55,1.0,"[1.0, 'adaptive']"
9,7,F5,0.85,"Change price: 0.00, reason: Maintaining price at 0.85 leverages full data sharing and strong personalized recommendations, consistent with top competitors, maximizing profit without risking sales loss.",1.7,2,1.7,1.0,"[1.0, 'adaptive']"
9,7,F6,0.85,"Change price: 0.05, reason: With full data sharing (1.0) and strong personalized recommendations amid 9 firms, increasing price to 0.85 leverages stable demand and competitors' pricing trends to maximize profit without significantly reducing sales.",0.0,0,0.0,1.0,"[1.0, 'adaptive']"
9,7,F7,0.85,"Change price: 0.05, reason: With full data sharing and strong personalized recommendations, increasing price to 0.85 aligns with top competitors' pricing, leveraging stable demand and high purchase likelihood to maximize profit despite competition.",3.4,4,3.4,1.0,"[1.0, 'adaptive']"
9,7,F8,0.8,"Change price: 0.05, reason: With full data sharing and stable demand, increasing price to 0.80 leverages strong personalized recommendations and aligns with top firms' successful pricing to maximize profit without significantly reducing sales.",1.6,2,1.6,1.0,"[1.0, 'adaptive']"
9,8,F0,0.85,"Change price: 0.05, reason: With full data sharing and strong personalized recommendations, increasing price to 0.85 aligns with top competitors' pricing, leveraging stable demand and maximizing profit despite intense competition.",0.85,1,0.85,1.0,"[1.0, 'adaptive']"
9,8,F1,0.85,"Change price: 0.00, reason: Maintaining price at 0.85 aligns with top competitors' successful strategies amid full data sharing and strong personalized recommendations, maximizing profit without risking sales loss.",1.7,2,1.7,1.0,"[1.0, 'adaptive']"
9,8,F2,0.8,"Change price: -0.05, reason: Slightly lowering price to 0.80 can increase sales volume amid strong competition and full data sharing, leveraging personalized recommendations to improve overall profit.",1.6,2,1.6,1.0,"[1.0, 'adaptive']"
9,8,F3,0.85,"Change price: 0.00, reason: Maintaining price at 0.85 aligns with top competitors' strategies under full data sharing and strong personalized recommendations, maximizing profit without risking sales loss amid intense competition.",0.85,1,0.85,1.0,"[1.0, 'adaptive']"
9,8,F4,0.85,"Change price: 0.00, reason: Maintaining price at 0.85 aligns with top competitors' strategies amid full data sharing and intense competition, maximizing profit without risking sales loss.",2.55,3,2.55,1.0,"[1.0, 'adaptive']"
9,8,F5,0.85,"Change price: 0.00, reason: Maintaining price at 0.85 aligns with top competitors and leverages full data sharing and strong personalized recommendations, maximizing profit without risking sales loss.",1.7,2,1.7,1.0,"[1.0, 'adaptive']"
9,8,F6,0.85,"Change price: 0.00, reason: Maintaining price at 0.85 aligns with top competitors' successful strategies amid full data sharing and intense competition, maximizing profit without risking sales loss.",0.0,0,0.0,1.0,"[1.0, 'adaptive']"
9,8,F7,0.85,"Change price: 0.00, reason: Maintaining price at 0.85 aligns with top competitors, leveraging full data sharing and stable demand to maximize profit without risking sales loss amid intense competition.",3.4,4,3.4,1.0,"[1.0, 'adaptive']"
9,8,F8,0.85,"Change price: 0.05, reason: Top firms successfully price at 0.85 with full data sharing and strong personalized recommendations; increasing price to 0.85 maximizes profit by capturing higher revenue per sale without significantly reducing demand.",1.7,2,1.7,1.0,"[1.0, 'adaptive']"
9,9,F0,0.85,"Change price: 0.00, reason: Maintaining price at 0.85 aligns with top competitors, leveraging full data sharing and strong personalized recommendations to maximize profit without risking sales loss amid intense competition.",0.85,1,0.85,1.0,"[1.0, 'adaptive']"
9,9,F1,0.85,"Change price: 0.00, reason: Maintaining price at 0.85 aligns with top competitors and leverages full data sharing and personalized recommendations to maximize profit without risking sales loss amid intense competition.",1.7,2,1.7,1.0,"[1.0, 'adaptive']"
9,9,F2,0.85,"Change price: 0.05, reason: Aligning with top firms' stable price of 0.85 amid full data sharing and strong personalized recommendations to maximize profit without losing sales.",0.85,1,0.85,1.0,"[1.0, 'adaptive']"
9,9,F3,0.85,"Change price: 0.00, reason: Maintaining price at 0.85 aligns with top competitors amid full data sharing and strong personalized recommendations, maximizing profit without risking sales loss in intense competition.",0.85,1,0.85,1.0,"[1.0, 'adaptive']"
9,9,F4,0.85,"Change price: 0.00, reason: Maintaining price at 0.85 aligns with top competitors' stable strategies amid full data sharing and intense competition, maximizing profit without risking sales loss.",2.55,3,2.55,1.0,"[1.0, 'adaptive']"
9,9,F5,0.85,"Change price: 0.00, reason: Maintaining price at 0.85 aligns with top competitors amid full data sharing and strong personalized recommendations, maximizing profit without risking sales loss.",1.7,2,1.7,1.0,"[1.0, 'adaptive']"
9,9,F6,0.85,"Change price: 0.00, reason: Maintaining price at 0.85 aligns with top competitors and leverages full data sharing and personalized recommendations to maximize profit without risking sales loss amid intense competition.",0.0,0,0.0,1.0,"[1.0, 'adaptive']"
9,9,F7,0.85,"Change price: 0.00, reason: Maintaining price at 0.85 aligns with top competitors, leveraging full data sharing and stable demand to maximize profit without risking sales loss amid intense competition.",3.4,4,3.4,1.0,"[1.0, 'adaptive']"
9,9,F8,0.85,"Change price: 0.00, reason: Maintaining price at 0.85 aligns with top competitors, leveraging full data sharing and strong personalized recommendations to maximize profit without risking sales loss amid intense competition.",1.7,2,1.7,1.0,"[1.0, 'adaptive']"
9,10,F0,0.85,"Change price: 0.00, reason: Maintaining price at 0.85 aligns with top competitors, leveraging full data sharing and strong personalized recommendations to maximize profit without risking sales loss amid intense competition.",0.85,1,0.85,1.0,"[1.0, 'adaptive']"
9,10,F1,0.85,"Change price: 0.00, reason: Maintaining price at 0.85 aligns with top competitors, leveraging full data sharing and strong personalized recommendations to maximize profit without risking sales loss amid intense competition.",1.7,2,1.7,1.0,"[1.0, 'adaptive']"
9,10,F2,0.85,"Change price: 0.00, reason: Maintaining price at 0.85 aligns with top competitors, leveraging full data sharing and personalized recommendations to maximize profit without risking sales loss amid intense competition.",0.85,1,0.85,1.0,"[1.0, 'adaptive']"
9,10,F3,0.85,"Change price: 0.00, reason: Maintaining price at 0.85 aligns with top competitors under full data sharing and strong personalized recommendations, maximizing profit without risking sales loss amid intense competition.",0.85,1,0.85,1.0,"[1.0, 'adaptive']"
9,10,F4,0.85,"Change price: 0.00, reason: Maintaining price at 0.85 aligns with top competitors and leverages full data sharing and strong personalized recommendations to maximize profit without risking sales loss amid intense competition.",2.55,3,2.55,1.0,"[1.0, 'adaptive']"
9,10,F5,0.85,"Change price: 0.00, reason: Maintaining price at 0.85 aligns with top competitors and leverages full data sharing and strong personalized recommendations, maximizing profit without risking sales loss amid intense competition.",1.7,2,1.7,1.0,"[1.0, 'adaptive']"
9,10,F6,0.85,"Change price: 0.00, reason: Maintaining price at 0.85 aligns with top competitors amid full data sharing and intense competition, maximizing profit without risking sales loss.",0.0,0,0.0,1.0,"[1.0, 'adaptive']"
9,10,F7,0.85,"Change price: 0.00, reason: Maintaining price at 0.85 aligns with top competitors and leverages full data sharing and stable demand to maximize profit without risking sales loss amid intense competition.",3.4,4,3.4,1.0,"[1.0, 'adaptive']"
9,10,F8,0.85,"Change price: 0.00, reason: Maintaining price at 0.85 aligns with top competitors and leverages full data sharing and strong personalized recommendations to maximize profit without risking sales loss amid intense competition.",1.7,2,1.7,1.0,"[1.0, 'adaptive']"
10,1,F0,0.6,"Change price: 0.10, reason: High share rate (0.775) increases likelihood of personalized recommendations, reducing search and boosting purchase probability, allowing a higher price to maximize profit.",1.8,3,1.8,1.0,"[0.775252800248922, 'adaptive']"
10,1,F1,0.6,"Change price: 0.10, reason: High share rate (0.717) increases personalized recommendations, reducing search and boosting purchase likelihood, allowing a higher price to maximize profit.",1.2,2,1.2,1.0,"[0.7173718227456009, 'adaptive']"
10,1,F2,0.6,"Change price: 0.10, reason: High share rate (0.71) implies strong personalized recommendations, increasing purchase likelihood; with 10 firms, competition is intense, so raising price from 0.50 to 0.60 balances profit per sale and expected demand.",1.2,2,1.2,1.0,"[0.7107028332131665, 'adaptive']"
10,1,F3,0.6,"Change price: 0.10, reason: Moderate increase to leverage personalized recommendations boosting purchase likelihood despite competition.",0.6,1,0.6,1.0,"[0.4044960198608579, 'adaptive']"
10,1,F4,0.6,"Change price: 0.10, reason: High share rate (0.76) increases personalized recommendations, reducing search and boosting purchase likelihood; with 10 firms, I can raise price above 0.5 to maximize profit.",1.2,2,1.2,1.0,"[0.7631530257410786, 'adaptive']"
10,1,F5,0.55,"Change price: 0.05, reason: High share rate increases personalized recommendations, boosting purchase likelihood despite competition, allowing a slight price increase.",0.55,1,0.55,1.0,"[0.5660062313566822, 'adaptive']"
10,1,F6,0.6,"Change price: 0.10, reason: Moderate increase to leverage personalized recommendations and reduce consumer search, boosting willingness to pay despite competition.",1.2,2,1.2,1.0,"[0.5117923024623253, 'adaptive']"
10,1,F7,0.6,"Change price: 0.10, reason: With 10 firms and a moderate share rate (~0.45), personalized recommendations increase purchase likelihood, allowing a higher price to maximize profit without losing many consumers.",2.4,4,2.4,1.0,"[0.4488573196492158, 'adaptive']"
10,1,F8,0.6,"Change price: 0.10, reason: Moderate share rate and high competition increase personalized recommendation effectiveness, allowing a higher price to maximize profit.",1.2,2,1.2,1.0,"[0.21403951606028393, 'adaptive']"
10,1,F9,0.55,"Change price: 0.05, reason: Moderate data sharing (9.25%) suggests some personalized recommendations; with 10 firms, competition is high, so slightly increase price to capture higher willingness to pay from recommended consumers.",0.55,1,0.55,1.0,"[0.09255093700515038, 'adaptive']"
10,2,F0,0.7,"Change price: 0.10, reason: With full data sharing (share rate 1.0) and high competition (10 firms), personalized recommendations reduce consumer search, boosting purchase likelihood, allowing a higher price (0.70) to maximize profit without losing many consumers.",2.1,3,2.1,1.0,"[1.0, 'adaptive']"
10,2,F1,0.7,"Change price: 0.10, reason: With full data sharing (share rate 1.0) and strong personalized recommendations, consumers are more likely to buy despite increased price; raising price to 0.70 can increase profit without losing many buyers in a competitive 10-firm market.",1.4,2,1.4,1.0,"[1.0, 'adaptive']"
10,2,F2,0.7,"Change price: 0.10, reason: With a full share rate of 1.0 and strong personalized recommendations, consumers are more likely to buy despite competition; raising price from 0.60 to 0.70 balances higher margin with expected demand to maximize profit.",1.4,2,1.4,1.0,"[1.0, 'adaptive']"
10,2,F3,0.7,"Change price: 0.10, reason: High share rate (1.0) ensures strong personalized recommendations, reducing search and increasing purchase likelihood despite competition; raising price to 0.70 can maximize profit.",0.7,1,0.7,1.0,"[1.0, 'adaptive']"
10,2,F4,0.7,"Change price: 0.10, reason: With full data sharing (share rate=1.0) and strong personalized recommendations, consumers are less likely to search and more likely to buy despite higher prices; increasing price from 0.6 to 0.7 should maximize profit given 10 competitors and stable market conditions.",1.4,2,1.4,1.0,"[1.0, 'adaptive']"
10,2,F5,0.6,"Change price: 0.05, reason: With full data sharing (share rate 1.0) and strong personalized recommendations, purchase likelihood is high despite competition, allowing a moderate price increase to maximize profit.",0.6,1,0.6,1.0,"[1.0, 'adaptive']"
10,2,F6,0.7,"Change price: 0.10, reason: With full data sharing (share rate=1.0) and strong personalized recommendations, consumers are less likely to search and more likely to buy despite competition; increasing price to 0.70 maximizes profit by leveraging higher willingness to pay.",1.4,2,1.4,1.0,"[1.0, 'adaptive']"
10,2,F7,0.7,"Change price: 0.10, reason: With full data sharing (share rate=1.0) and high competition (10 firms), personalized recommendations boost purchase likelihood, enabling a higher price to maximize profit without losing many consumers.",2.8,4,2.8,1.0,"[1.0, 'adaptive']"
10,2,F8,0.7,"Change price: 0.10, reason: With full data sharing (share rate 1.0) and high competition (10 firms), personalized recommendations strongly boost purchase likelihood, supporting a higher price to maximize profit without significant loss of consumers.",1.4,2,1.4,1.0,"[1.0, 'adaptive']"
10,2,F9,0.6,"Change price: 0.05, reason: With full data sharing (1.0), personalized recommendations are maximized, increasing purchase likelihood despite competition; raising price to 0.60 aligns with top firms' successful strategy to maximize profit.",0.6,1,0.6,1.0,"[1.0, 'adaptive']"
10,3,F0,0.7,"Change price: 0.00, reason: With full data sharing and strong personalized recommendations in a highly competitive market, maintaining price at 0.70 maximizes profit without losing consumers.",2.1,3,2.1,1.0,"[1.0, 'adaptive']"
10,3,F1,0.7,"Change price: 0.00, reason: Maintaining price at 0.70 as full data sharing and high competition support strong personalized recommendations, sustaining purchase likelihood and profit without losing consumers.",1.4,2,1.4,1.0,"[1.0, 'adaptive']"
10,3,F2,0.7,"Change price: 0.00, reason: With full data sharing (share rate=1.0) and strong personalized recommendations in a competitive 10-firm market, maintaining price at 0.70 balances margin and demand to maximize profit.",1.4,2,1.4,1.0,"[1.0, 'adaptive']"
10,3,F3,0.7,"Change price: 0.00, reason: With full data sharing (share rate=1.0) and strong competition (10 firms), maintaining price at 0.70 leverages personalized recommendations to maximize profit without losing consumers.",0.7,1,0.7,1.0,"[1.0, 'adaptive']"
10,3,F4,0.8,"Change price: 0.10, reason: With full data sharing (share rate=1.0) and high competition (10 firms), personalized recommendations increase purchase likelihood, allowing a price increase from 0.7 to 0.8 to maximize profit without losing many consumers.",1.6,2,1.6,1.0,"[1.0, 'adaptive']"
10,3,F5,0.7,"Change price: 0.10, reason: With full data sharing (share rate=1.0) and intense competition (10 firms), personalized recommendations increase purchase likelihood, enabling a higher price (0.70) to maximize profit without losing many consumers.",0.7,1,0.7,1.0,"[1.0, 'adaptive']"
10,3,F6,0.7,"Change price: 0.00, reason: Maintaining price at 0.70 leverages full data sharing and personalized recommendations in a competitive 10-firm market, maximizing profit without losing consumers as evidenced by top firms' success at this price.",1.4,2,1.4,1.0,"[1.0, 'adaptive']"
10,3,F7,0.7,"Change price: 0.00, reason: With full data sharing (share rate=1.0) and strong competition (10 firms), maintaining price at 0.70 maximizes profit by leveraging personalized recommendations to sustain purchase likelihood without losing consumers.",2.8,4,2.8,1.0,"[1.0, 'adaptive']"
10,3,F8,0.7,"Change price: 0.00, reason: With full data sharing and strong personalized recommendations in a 10-firm market, maintaining price at 0.70 maximizes profit without losing consumers.",1.4,2,1.4,1.0,"[1.0, 'adaptive']"
10,3,F9,0.7,"Change price: 0.10, reason: With full data sharing (share rate=1.0) and high competition (10 firms), personalized recommendations boost purchase likelihood; raising price to 0.70 aligns with top firms' successful strategy to maximize profit without losing many consumers.",0.7,1,0.7,1.0,"[1.0, 'adaptive']"
10,4,F0,0.8,"Change price: 0.10, reason: With full data sharing (share rate=1.0) and strong competition (10 firms), increasing price to 0.80 leverages personalized recommendations to maintain purchase likelihood while boosting profit, as seen from competitor 4’s successful price increase.",2.4,3,2.4,1.0,"[1.0, 'adaptive']"
10,4,F1,0.8,"Change price: 0.10, reason: With full data sharing and strong competition, increasing price to 0.80 leverages personalized recommendations to maintain purchase likelihood while boosting profit, as shown by competitor success at this price point.",1.6,2,1.6,1.0,"[1.0, 'adaptive']"
10,4,F2,0.8,"Change price: 0.10, reason: With full data sharing and strong personalized recommendations, a slight price increase to 0.80 can improve profit without significantly reducing demand, as competitors have successfully raised prices to 0.80 in similar conditions.",1.6,2,1.6,1.0,"[1.0, 'adaptive']"
10,4,F3,0.8,"Change price: 0.10, reason: With full data sharing and strong competition, increasing price to 0.80 leverages personalized recommendations to maximize profit as competitors successfully raised prices without losing many consumers.",0.8,1,0.8,1.0,"[1.0, 'adaptive']"
10,4,F4,0.8,"Change price: 0.00, reason: Maintaining price at 0.8 leverages full data sharing and strong personalized recommendations in a highly competitive market, maximizing profit without losing consumers.",1.6,2,1.6,1.0,"[1.0, 'adaptive']"
10,4,F5,0.8,"Change price: 0.10, reason: With full data sharing and strong personalized recommendations in a highly competitive market, increasing price to 0.80 leverages purchase likelihood without losing many consumers, maximizing profit.",0.8,1,0.8,1.0,"[1.0, 'adaptive']"
10,4,F6,0.7,"Change price: 0.00, reason: Maintaining price at 0.70 leverages full data sharing and strong personalized recommendations in a highly competitive 10-firm market, maximizing profit without losing consumers as demonstrated by top firms' success at this price.",1.4,2,1.4,1.0,"[1.0, 'adaptive']"
10,4,F7,0.7,"Change price: 0.00, reason: With full data sharing (share rate=1.0) and strong competition (10 firms), maintaining price at 0.70 maximizes profit by leveraging personalized recommendations to sustain purchase likelihood without losing consumers.",2.8,4,2.8,1.0,"[1.0, 'adaptive']"
10,4,F8,0.8,"Change price: 0.10, reason: With full data sharing and strong personalized recommendations in a highly competitive market, increasing price to 0.80 leverages increased purchase likelihood without significant loss of consumers, maximizing profit.",1.6,2,1.6,1.0,"[1.0, 'adaptive']"
10,4,F9,0.8,"Change price: 0.10, reason: With full data sharing and strong competition, personalized recommendations increase purchase likelihood; raising price to 0.80 leverages willingness to pay while maintaining sufficient sales to maximize profit.",0.8,1,0.8,1.0,"[1.0, 'adaptive']"
10,5,F0,0.8,"Change price: 0.00, reason: Maintaining price at 0.80 leverages full data sharing and strong personalized recommendations in a highly competitive market, maximizing profit without losing consumers as shown by previous rounds and top competitors.",2.4,3,2.4,1.0,"[1.0, 'adaptive']"
10,5,F1,0.8,"Change price: 0.00, reason: Maintaining price at 0.80 leverages full data sharing and strong personalized recommendations in a competitive market, maximizing profit without losing consumers.",1.6,2,1.6,1.0,"[1.0, 'adaptive']"
10,5,F2,0.8,"Change price: 0.00, reason: Maintaining price at 0.80 leverages full data sharing and strong personalized recommendations in a highly competitive market, matching top competitors' successful pricing to maximize profit without losing demand.",1.6,2,1.6,1.0,"[1.0, 'adaptive']"
10,5,F3,0.8,"Change price: 0.00, reason: Maintaining price at 0.80 leverages full data sharing and strong competition to maximize profit, consistent with top firms’ successful pricing strategies.",0.8,1,0.8,1.0,"[1.0, 'adaptive']"
10,5,F4,0.7,"Change price: -0.10, reason: Competitors like 公司7 achieved higher profit at price 0.7 with more sales; lowering price from 0.8 to 0.7 can increase sales volume and total profit under full data sharing and strong competition.",1.4,2,1.4,1.0,"[1.0, 'adaptive']"
10,5,F5,0.8,"Change price: 0.00, reason: With full data sharing and strong personalized recommendations, maintaining price at 0.80 balances purchase likelihood and profit in a highly competitive market, consistent with top firms’ successful strategies.",0.8,1,0.8,1.0,"[1.0, 'adaptive']"
10,5,F6,0.8,"Change price: 0.10, reason: Increasing price to 0.80 leverages full data sharing and strong personalized recommendations in a competitive 10-firm market, aligning with top firms’ successful pricing to boost profit while maintaining purchase likelihood.",1.6,2,1.6,1.0,"[1.0, 'adaptive']"
10,5,F7,0.8,"Change price: 0.10, reason: With full data sharing and strong competition, increasing price to 0.80 leverages personalized recommendations to maintain purchase likelihood while boosting profit, as evidenced by competitors' success at this price point.",2.4,3,2.4,1.0,"[1.0, 'adaptive']"
10,5,F8,0.8,"Change price: 0.00, reason: With full data sharing and strong personalized recommendations in a 10-firm market, maintaining price at 0.80 maximizes profit by balancing higher price with stable consumer purchase likelihood.",1.6,2,1.6,1.0,"[1.0, 'adaptive']"
10,5,F9,0.8,"Change price: 0.00, reason: With full data sharing and strong competition (10 firms), maintaining price at 0.80 leverages personalized recommendations to sustain purchase likelihood while maximizing profit, consistent with top firms' successful strategies.",0.8,1,0.8,1.0,"[1.0, 'adaptive']"
10,6,F0,0.8,"Change price: 0.00, reason: Maintaining price at 0.80 leverages full data sharing and strong personalized recommendations in a highly competitive market, maximizing profit without losing consumers as evidenced by stable sales and competitor success.",2.4,3,2.4,1.0,"[1.0, 'adaptive']"
10,6,F1,0.8,"Change price: 0.00, reason: Maintaining price at 0.80 leverages full data sharing and strong personalized recommendations, sustaining purchase likelihood and maximizing profit in a highly competitive market.",1.6,2,1.6,1.0,"[1.0, 'adaptive']"
10,6,F2,0.8,"Change price: 0.00, reason: Maintaining price at 0.80 aligns with top competitors' successful strategies under full data sharing and intense competition, maximizing profit without losing consumers.",1.6,2,1.6,1.0,"[1.0, 'adaptive']"
10,6,F3,0.8,"Change price: 0.00, reason: Maintaining price at 0.80 leverages full data sharing and strong personalized recommendations in a highly competitive market, consistent with top competitors' strategies, maximizing profit without losing consumers.",0.8,1,0.8,1.0,"[1.0, 'adaptive']"
10,6,F4,0.8,"Change price: 0.10, reason: With full data sharing and strong personalized recommendations, increasing price to 0.80 aligns with top competitors' successful strategies, maximizing profit without losing consumers in a highly competitive market.",1.6,2,1.6,1.0,"[1.0, 'adaptive']"
10,6,F5,0.8,"Change price: 0.00, reason: Maintaining price at 0.80 leverages full data sharing and strong personalized recommendations in a highly competitive market, maximizing profit without losing consumers as shown by top competitors and past rounds.",0.8,1,0.8,1.0,"[1.0, 'adaptive']"
10,6,F6,0.8,"Change price: 0.00, reason: Maintaining price at 0.80 leverages full data sharing and strong personalized recommendations in a highly competitive 10-firm market, aligning with top firms' successful pricing to maximize profit without losing consumers.",1.6,2,1.6,1.0,"[1.0, 'adaptive']"
10,6,F7,0.7,"Change price: -0.10, reason: Reducing price to 0.70 improves purchase likelihood by attracting more consumers in a highly competitive market with full data sharing, maximizing profit despite a slightly lower unit price.",2.8,4,2.8,1.0,"[1.0, 'adaptive']"
10,6,F8,0.8,"Change price: 0.00, reason: Maintaining price at 0.80 leverages full data sharing and strong personalized recommendations in a highly competitive market, maximizing profit without losing consumers as shown by top competitors and own stable sales.",1.6,2,1.6,1.0,"[1.0, 'adaptive']"
10,6,F9,0.8,"Change price: 0.00, reason: Maintaining price at 0.80 leverages full data sharing and strong personalized recommendations in a highly competitive market, matching top firms' successful strategies to maximize profit without losing consumers.",0.8,1,0.8,1.0,"[1.0, 'adaptive']"
10,7,F0,0.8,"Change price: 0.00, reason: Maintaining price at 0.80 leverages full data sharing and strong personalized recommendations in a highly competitive market, maximizing profit without losing consumers as supported by stable sales and competitor success.",2.4,3,2.4,1.0,"[1.0, 'adaptive']"
10,7,F1,0.8,"Change price: 0.00, reason: Maintaining price at 0.80 leverages full data sharing and strong personalized recommendations in a competitive 10-firm market, maximizing profit without losing consumers as shown by both our and competitors' stable sales.",1.6,2,1.6,1.0,"[1.0, 'adaptive']"
10,7,F2,0.8,"Change price: 0.00, reason: Maintaining price at 0.80 aligns with top competitors' successful strategies under full data sharing and intense competition, maximizing profit without reducing demand.",1.6,2,1.6,1.0,"[1.0, 'adaptive']"
10,7,F3,0.8,"Change price: 0.00, reason: Maintaining price at 0.80 leverages full data sharing and strong personalized recommendations in a highly competitive market, consistent with top competitors’ strategies, maximizing profit without losing consumers.",0.8,1,0.8,1.0,"[1.0, 'adaptive']"
10,7,F4,0.7,"Change price: -0.10, reason: Lowering price to 0.70 to increase sales volume as competitors achieve higher profit at this price with full data sharing and strong competition, maximizing total profit despite slightly lower unit price.",1.4,2,1.4,1.0,"[1.0, 'adaptive']"
10,7,F5,0.8,"Change price: 0.00, reason: Maintaining price at 0.80 leverages full data sharing and strong personalized recommendations in a highly competitive market, consistent with top firms’ strategies and stable past profits.",0.8,1,0.8,1.0,"[1.0, 'adaptive']"
10,7,F6,0.8,"Change price: 0.00, reason: Maintaining price at 0.80 leverages full data sharing and personalized recommendations, aligning with top firms' pricing to maximize profit without losing consumers in a highly competitive market.",1.6,2,1.6,1.0,"[1.0, 'adaptive']"
10,7,F7,0.7,"Change price: 0.00, reason: Maintaining price at 0.70 balances attracting more consumers and maximizing profit in a highly competitive market with full data sharing, consistent with previous rounds' optimal outcomes.",2.8,4,2.8,1.0,"[1.0, 'adaptive']"
10,7,F8,0.7,"Change price: -0.10, reason: Lowering price to 0.70 to attract more consumers in a highly competitive market with full data sharing, increasing sales volume and total profit despite a lower unit price.",1.4,2,1.4,1.0,"[1.0, 'adaptive']"
10,7,F9,0.8,"Change price: 0.00, reason: Maintaining price at 0.80 leverages full data sharing and strong personalized recommendations, consistent with top firms' successful strategies, maximizing profit without losing consumers.",0.8,1,0.8,1.0,"[1.0, 'adaptive']"
10,8,F0,0.8,"Change price: 0.00, reason: Maintaining price at 0.80 leverages full data sharing and strong personalized recommendations in a highly competitive market, maximizing profit without losing consumers as supported by stable sales and competitor success.",2.4,3,2.4,1.0,"[1.0, 'adaptive']"
10,8,F1,0.8,"Change price: 0.00, reason: Maintaining price at 0.80 leverages full data sharing and strong personalized recommendations in a highly competitive market, maximizing profit without losing consumers as supported by stable sales and competitor success.",1.6,2,1.6,1.0,"[1.0, 'adaptive']"
10,8,F2,0.8,"Change price: 0.00, reason: Maintaining price at 0.80 aligns with top competitors’ successful strategies under full data sharing and intense competition, maximizing profit without reducing demand.",1.6,2,1.6,1.0,"[1.0, 'adaptive']"
10,8,F3,0.8,"Change price: 0.00, reason: Maintaining price at 0.80 leverages full data sharing and strong personalized recommendations, consistent with top competitors’ successful strategies, maximizing profit without losing consumers.",0.8,1,0.8,1.0,"[1.0, 'adaptive']"
10,8,F4,0.7,"Change price: 0.00, reason: Maintaining price at 0.70 balances attracting more consumers and maximizing profit under full data sharing and intense competition, consistent with top competitors' successful strategies.",1.4,2,1.4,1.0,"[1.0, 'adaptive']"
10,8,F5,0.8,"Change price: 0.00, reason: Maintaining price at 0.80 aligns with top competitors' strategies under full data sharing, maximizing profit without losing consumers in a highly competitive market.",0.8,1,0.8,1.0,"[1.0, 'adaptive']"
10,8,F6,0.8,"Change price: 0.00, reason: Maintaining price at 0.80 aligns with top firms' successful pricing strategy under full data sharing, maximizing profit without losing consumers in a competitive 10-firm market.",1.6,2,1.6,1.0,"[1.0, 'adaptive']"
10,8,F7,0.7,"Change price: 0.00, reason: Maintaining price at 0.70 balances attracting enough consumers and maximizing profit given full data sharing and strong competition, consistent with past rounds' optimal outcomes.",2.8,4,2.8,1.0,"[1.0, 'adaptive']"
10,8,F8,0.8,"Change price: 0.10, reason: With full data sharing and strong personalized recommendations, increasing price to 0.80 balances higher unit profit with stable consumer purchase likelihood in a highly competitive market.",1.6,2,1.6,1.0,"[1.0, 'adaptive']"
10,8,F9,0.8,"Change price: 0.00, reason: Maintaining price at 0.80 leverages full data sharing and personalized recommendations, aligning with top firms' strategies to maximize profit without losing consumers in a highly competitive market.",0.8,1,0.8,1.0,"[1.0, 'adaptive']"
10,9,F0,0.8,"Change price: 0.00, reason: Maintaining price at 0.80 leverages full data sharing and strong personalized recommendations in a highly competitive market, maximizing profit without losing consumers as supported by stable sales and competitor success.",2.4,3,2.4,1.0,"[1.0, 'adaptive']"
10,9,F1,0.8,"Change price: 0.00, reason: Maintaining price at 0.80 leverages full data sharing and strong personalized recommendations in a highly competitive market, maximizing profit without losing consumers as supported by stable sales and competitor success.",1.6,2,1.6,1.0,"[1.0, 'adaptive']"
10,9,F2,0.8,"Change price: 0.00, reason: Maintaining price at 0.80 aligns with top competitors' successful strategies under full data sharing and intense competition, maximizing profit without reducing demand.",1.6,2,1.6,1.0,"[1.0, 'adaptive']"
10,9,F3,0.8,"Change price: 0.00, reason: Maintaining price at 0.80 leverages full data sharing and strong personalized recommendations in a highly competitive market, consistent with top competitors’ successful strategies, maximizing profit without losing consumers.",0.8,1,0.8,1.0,"[1.0, 'adaptive']"
10,9,F4,0.8,"Change price: 0.10, reason: Increasing price to 0.80 aligns with top competitors' successful strategies under full data sharing and strong competition, maximizing profit without losing consumers.",1.6,2,1.6,1.0,"[1.0, 'adaptive']"
10,9,F5,0.8,"Change price: 0.00, reason: Maintaining price at 0.80 leverages full data sharing and strong personalized recommendations in a highly competitive market, consistent with top firms’ stable profits and market conditions.",0.8,1,0.8,1.0,"[1.0, 'adaptive']"
10,9,F6,0.8,"Change price: 0.00, reason: Maintaining price at 0.80 leverages full data sharing and personalized recommendations, aligning with top firms' successful pricing to maximize profit without losing consumers in a highly competitive market.",1.6,2,1.6,1.0,"[1.0, 'adaptive']"
10,9,F7,0.7,"Change price: 0.00, reason: Maintaining price at 0.70 balances attracting enough consumers and maximizing profit given full data sharing and strong competition, consistent with past rounds' optimal outcomes.",2.8,4,2.8,1.0,"[1.0, 'adaptive']"
10,9,F8,0.8,"Change price: 0.00, reason: Maintaining price at 0.80 leverages full data sharing and strong personalized recommendations, balancing higher unit profit with stable consumer purchase likelihood in a highly competitive market.",1.6,2,1.6,1.0,"[1.0, 'adaptive']"
10,9,F9,0.8,"Change price: 0.00, reason: Maintaining price at 0.80 leverages full data sharing and strong personalized recommendations, consistent with top firms' strategies to maximize profit without losing consumers in a highly competitive market.",0.8,1,0.8,1.0,"[1.0, 'adaptive']"
10,10,F0,0.8,"Change price: 0.00, reason: Maintaining price at 0.80 leverages full data sharing and strong personalized recommendations in a highly competitive market, maximizing profit without losing consumers as supported by stable sales and competitor success.",2.4,3,2.4,1.0,"[1.0, 'adaptive']"
10,10,F1,0.8,"Change price: 0.00, reason: Maintaining price at 0.80 leverages full data sharing and strong personalized recommendations in a highly competitive market, maximizing profit without losing consumers as supported by stable sales and competitor success.",1.6,2,1.6,1.0,"[1.0, 'adaptive']"
10,10,F2,0.8,"Change price: 0.00, reason: Maintaining price at 0.80 aligns with top competitors under full data sharing and intense competition, maximizing profit without reducing demand.",1.6,2,1.6,1.0,"[1.0, 'adaptive']"
10,10,F3,0.8,"Change price: 0.00, reason: Maintaining price at 0.80 leverages full data sharing and strong personalized recommendations in a highly competitive market, consistent with top competitors’ successful strategies, maximizing profit without losing consumers.",0.8,1,0.8,1.0,"[1.0, 'adaptive']"
10,10,F4,0.8,"Change price: 0.00, reason: Maintaining price at 0.80 aligns with top competitors' strategies under full data sharing and strong competition, maximizing profit without losing consumers.",1.6,2,1.6,1.0,"[1.0, 'adaptive']"
10,10,F5,0.8,"Change price: 0.00, reason: Maintaining price at 0.80 aligns with top competitors under full data sharing and strong personalized recommendations, maximizing profit without losing consumers in a competitive market.",0.8,1,0.8,1.0,"[1.0, 'adaptive']"
10,10,F6,0.8,"Change price: 0.00, reason: Maintaining price at 0.80 aligns with market leaders' successful strategy under full data sharing, maximizing profit without losing consumers in a competitive 10-firm market.",1.6,2,1.6,1.0,"[1.0, 'adaptive']"
10,10,F7,0.7,"Change price: 0.00, reason: Maintaining price at 0.70 balances attracting enough consumers and maximizing profit given full data sharing and strong competition, consistent with past rounds' optimal outcomes.",2.8,4,2.8,1.0,"[1.0, 'adaptive']"
10,10,F8,0.8,"Change price: 0.00, reason: Maintaining price at 0.80 balances higher unit profit with stable consumer purchase likelihood under full data sharing and intense competition, consistent with top firms' strategies and past successful rounds.",1.6,2,1.6,1.0,"[1.0, 'adaptive']"
10,10,F9,0.8,"Change price: 0.00, reason: Maintaining price at 0.80 leverages full data sharing and strong personalized recommendations in a highly competitive market, maximizing profit without losing consumers, consistent with top firms' successful strategies.",0.8,1,0.8,1.0,"[1.0, 'adaptive']"
