firm_num,round,firm_id,price,price_reason,profit,sale_num,revenue,share_rate,share_rate_predicted,vector_intersection,matrix_intersection,label1,label2,label3
1,1,F0,0.53,"Change price: 0.03, reason: Higher share rate of 0.53 suggests increased likelihood of purchases, allowing a slight price increase to maximize profit.",7.42,14,7.42,0.0,"[0.5326265868048913, 'adaptive']","[1, 3, 3, 3, 3, 2, 1, 2]","[[0, 1, 0, 0, 0, 1, 1, 1], [1, 0, 0, 0, 0, 1, 1, 0], [0, 0, 0, 0, 1, 0, 0, 0], [0, 0, 0, 0, 1, 0, 0, 0], [0, 0, 1, 1, 0, 0, 0, 0], [1, 1, 0, 0, 0, 0, 1, 0], [1, 1, 0, 0, 0, 0, 0, 1], [1, 0, 0, 0, 0, 1, 1, 0]]",,True,less
1,2,F0,0.5,"Change price: -0.03, reason: Lower predicted share rate of 0.0 indicates reduced likelihood of purchases, requiring a price decrease to boost sales and maximize profit.",7.5,15,7.5,0.0,"[0.0, 'adaptive']","[2, 3, 3, 2, 1, 1, 2, 3]","[[0, 1, 0, 0, 0, 1, 1, 1], [1, 0, 0, 0, 0, 1, 0, 0], [0, 0, 0, 1, 1, 0, 0, 0], [0, 0, 0, 0, 1, 0, 0, 0], [0, 0, 1, 1, 0, 1, 0, 0], [1, 1, 0, 0, 1, 0, 1, 1], [1, 0, 0, 0, 1, 1, 0, 1], [1, 0, 0, 0, 0, 1, 1, 0]]",,True,less
1,3,F0,0.5,"Change price: 0, reason: Predicted share rate of 0.0 indicates low engagement, so maintain basic price of 0.50 to optimize sales and profit in a monopoly market.",7.5,15,7.5,0.0,"[0.0, 'adaptive']","[2, 3, 3, 2, 1, 1, 2, 3]","[[0, 1, 0, 0, 0, 1, 1, 1], [1, 0, 0, 0, 0, 1, 1, 0], [0, 0, 0, 1, 1, 0, 0, 0], [0, 0, 0, 0, 1, 0, 0, 0], [0, 0, 1, 1, 0, 1, 0, 0], [1, 1, 0, 0, 1, 0, 1, 1], [1, 1, 0, 0, 1, 0, 0, 1], [1, 0, 0, 0, 0, 1, 1, 0]]",,True,less
1,4,F0,0.5,"Change price: 0, reason: Predicted share rate of 0.0 indicates low engagement, so maintain price of 0.50 to sustain sales and maximize profit in a monopoly market.",7.5,15,7.5,0.0,"[0.0, 'adaptive']","[1, 3, 3, 2, 2, 1, 2, 3]","[[0, 1, 0, 0, 0, 1, 1, 1], [1, 0, 0, 0, 0, 1, 1, 0], [0, 0, 0, 1, 1, 0, 0, 0], [0, 0, 0, 0, 1, 0, 0, 0], [0, 0, 1, 1, 0, 1, 0, 0], [1, 1, 0, 0, 1, 0, 1, 1], [1, 1, 0, 0, 1, 0, 0, 1], [1, 0, 0, 0, 0, 1, 0, 0]]",,True,less
1,5,F0,0.5,"Change price: 0, reason: Predicted share rate of 0.0 indicates low engagement, so maintain price of 0.50 to sustain sales and maximize profit in a monopoly market.",7.5,15,7.5,0.0,"[0.0, 'adaptive']","[2, 3, 3, 2, 1, 1, 2, 3]","[[0, 1, 0, 0, 0, 1, 1, 1], [1, 0, 0, 0, 0, 1, 1, 0], [0, 0, 0, 1, 1, 0, 0, 0], [0, 0, 0, 0, 1, 0, 0, 0], [0, 0, 1, 1, 0, 0, 0, 0], [1, 1, 0, 0, 0, 0, 1, 0], [1, 1, 0, 0, 0, 0, 0, 1], [1, 0, 0, 0, 0, 1, 1, 0]]",,True,less
1,6,F0,0.5,"Change price: 0, reason: Predicted share rate of 0.0 indicates low engagement, so maintain price of 0.50 to sustain sales and maximize profit in a monopoly market.",7.5,15,7.5,0.0,"[0.0, 'adaptive']","[1, 3, 3, 2, 2, 1, 2, 3]","[[0, 1, 0, 0, 0, 1, 1, 1], [1, 0, 0, 0, 0, 1, 1, 0], [0, 0, 0, 1, 1, 0, 0, 0], [0, 0, 0, 0, 1, 0, 0, 1], [0, 0, 1, 1, 0, 1, 0, 0], [1, 1, 0, 0, 1, 0, 1, 1], [1, 1, 0, 0, 0, 1, 0, 1], [1, 0, 0, 1, 0, 1, 1, 0]]",,True,less
1,7,F0,0.5,"Change price: 0, reason: Predicted share rate of 0.0 indicates low engagement, so maintain price of 0.50 to sustain sales and maximize profit in a monopoly market.",7.5,15,7.5,0.0,"[0.0, 'adaptive']","[2, 3, 3, 2, 1, 1, 2, 3]","[[0, 1, 0, 0, 0, 1, 1, 1], [1, 0, 0, 0, 0, 1, 1, 0], [0, 0, 0, 1, 1, 0, 0, 0], [0, 0, 0, 0, 1, 0, 0, 1], [0, 0, 1, 0, 0, 1, 0, 0], [1, 1, 0, 0, 1, 0, 1, 1], [1, 1, 0, 0, 0, 0, 0, 1], [1, 0, 0, 1, 0, 1, 1, 0]]",,True,less
1,8,F0,0.5,"Change price: 0, reason: Predicted share rate of 0.0 indicates low engagement, so maintain price of 0.50 to sustain sales and maximize profit in a monopoly market.",7.5,15,7.5,0.0,"[0.0, 'adaptive']","[1, 3, 3, 2, 2, 1, 2, 3]","[[0, 1, 0, 0, 0, 1, 1, 1], [1, 0, 0, 0, 0, 1, 1, 0], [0, 0, 0, 1, 1, 0, 0, 0], [0, 0, 0, 0, 1, 0, 0, 0], [0, 0, 1, 1, 0, 0, 0, 0], [1, 1, 0, 0, 0, 0, 1, 0], [1, 1, 0, 0, 0, 0, 0, 1], [1, 0, 0, 0, 0, 1, 1, 0]]",,True,less
1,9,F0,0.5,"Change price: 0, reason: Predicted share rate of 0.0 indicates low engagement, so maintain price of 0.50 to sustain sales and maximize profit in a monopoly market.",7.5,15,7.5,0.0,"[0.0, 'adaptive']","[1, 3, 3, 2, 2, 1, 2, 3]","[[0, 1, 0, 0, 0, 1, 1, 1], [1, 0, 0, 0, 0, 1, 1, 0], [0, 0, 0, 0, 1, 0, 0, 0], [0, 0, 0, 0, 1, 0, 0, 1], [0, 0, 1, 1, 0, 1, 0, 0], [1, 1, 0, 0, 1, 0, 1, 1], [1, 1, 0, 0, 1, 0, 0, 1], [1, 0, 0, 1, 0, 1, 1, 0]]",,True,less
1,10,F0,0.5,"Change price: 0, reason: Predicted share rate of 0.0 indicates low engagement, so maintain price of 0.50 to sustain sales and maximize profit in a monopoly market.",7.5,15,7.5,0.0,"[0.0, 'adaptive']","[1, 3, 2, 2, 3, 1, 2, 3]","[[0, 1, 0, 0, 0, 1, 1, 1], [1, 0, 0, 0, 0, 1, 1, 0], [0, 0, 0, 1, 1, 0, 0, 0], [0, 0, 1, 0, 1, 0, 0, 1], [0, 0, 1, 1, 0, 0, 0, 0], [1, 1, 0, 0, 0, 0, 1, 1], [1, 1, 0, 0, 0, 0, 0, 1], [1, 0, 0, 1, 0, 1, 1, 0]]",,True,less
2,1,F0,0.45,"Change price: -0.05, reason: Low share rate increases competition, reducing buyer likelihood.",3.15,7,3.15,0.0,"[0.19591036656360516, 'adaptive']","[3, 3, 1, 3, 2, 2, 1, 2]","[[0, 0, 1, 0, 1, 1, 1, 0], [0, 0, 0, 0, 0, 0, 0, 0], [1, 0, 0, 1, 1, 1, 1, 1], [0, 0, 1, 0, 1, 1, 0, 1], [1, 0, 1, 1, 0, 1, 1, 1], [1, 0, 1, 1, 1, 0, 1, 1], [1, 0, 1, 0, 1, 1, 0, 1], [0, 0, 1, 1, 1, 1, 1, 0]]",,True,less
2,1,F1,0.51,"Change price: 0.01, reason: Share rate of 0.49 increases likelihood of consumers buying from me, allowing a slight price increase to boost profit in this duopoly.",2.55,5,2.55,0.0,"[0.4878901119239901, 'adaptive']","[1, 3, 3, 3, 2, 1, 2, 3]","[[0, 1, 0, 0, 0, 1, 1, 1], [1, 0, 0, 0, 0, 1, 1, 0], [0, 0, 0, 0, 1, 0, 0, 0], [0, 0, 0, 0, 1, 0, 0, 0], [0, 0, 1, 1, 0, 0, 0, 0], [1, 1, 0, 0, 0, 0, 1, 0], [1, 1, 0, 0, 0, 0, 0, 1], [1, 0, 0, 0, 0, 0, 1, 0]]",,True,less
2,2,F0,0.4,"Change price: -0.05, reason: Low share rate increases competition, reducing buyer likelihood.",4.8,12,4.8,0.0,"[0.0, 'adaptive']","[3, 3, 1, 2, 2, 1, 2, 1]","[[0, 0, 0, 0, 0, 1, 1, 1], [0, 0, 0, 0, 0, 0, 0, 0], [0, 0, 0, 0, 1, 1, 0, 0], [0, 0, 0, 0, 0, 0, 0, 0], [0, 0, 1, 0, 0, 1, 1, 0], [1, 0, 1, 0, 1, 0, 1, 1], [1, 0, 0, 0, 1, 0, 0, 1], [1, 0, 0, 0, 0, 1, 1, 0]]",,True,greater
2,2,F1,0.5,"Change price: -0.01, reason: Low predicted share rate of 0.0 reduces purchase likelihood, so slight decrease to attract more consumers and boost sales.",2.5,5,2.5,0.0,"[0.0, 'adaptive']","[3, 3, 2, 2, 1, 2, 2, 1]","[[0, 0, 0, 0, 1, 1, 1, 1], [0, 0, 0, 0, 0, 1, 1, 0], [0, 0, 0, 1, 1, 0, 0, 0], [0, 0, 0, 0, 1, 1, 0, 0], [1, 0, 1, 1, 0, 1, 0, 0], [1, 1, 0, 1, 0, 0, 1, 0], [1, 1, 0, 0, 0, 0, 0, 1], [1, 0, 0, 0, 0, 0, 1, 0]]",,True,greater
2,3,F0,0.35,"Change price: -0.05, reason: Low share rate predicted, increasing competition and reducing buyer likelihood.",3.85,11,3.85,0.0,"[0.0, 'adaptive']","[2, 3, 1, 3, 2, 1, 2, 3]","[[0, 0, 0, 0, 0, 1, 1, 1], [0, 0, 0, 0, 0, 0, 0, 0], [0, 0, 0, 0, 1, 1, 0, 0], [0, 0, 0, 0, 0, 1, 0, 1], [0, 0, 1, 0, 0, 1, 1, 0], [1, 0, 1, 1, 1, 0, 1, 1], [1, 0, 0, 0, 1, 1, 0, 1], [1, 0, 0, 1, 0, 1, 1, 0]]",,True,less
2,3,F1,0.49,"Change price: -0.01, reason: Low predicted share rate of 0.0 increases competition and reduces purchase likelihood, so slight decrease to attract more consumers and boost sales.",1.96,4,1.96,0.0,"[0.0, 'adaptive']","[2, 3, 1, 3, 2, 1, 2, 1]","[[0, 0, 0, 0, 1, 1, 1, 0], [0, 0, 0, 0, 0, 0, 0, 0], [0, 0, 0, 0, 1, 1, 0, 0], [0, 0, 0, 0, 0, 0, 0, 0], [1, 0, 1, 0, 0, 1, 1, 0], [1, 0, 1, 0, 1, 0, 0, 1], [1, 0, 0, 0, 1, 0, 0, 1], [0, 0, 0, 0, 0, 1, 1, 0]]",,True,greater
2,4,F0,0.4,"Change price: 0.05, reason: Historical data shows higher profit at 0.40 with low share rate.",5.2,13,5.2,0.0,"[0.0, 'adaptive']","[1, 3, 2, 3, 2, 1, 2, 3]","[[0, 1, 0, 0, 0, 1, 1, 1], [1, 0, 0, 0, 0, 1, 1, 0], [0, 0, 0, 1, 1, 0, 0, 0], [0, 0, 1, 0, 1, 0, 0, 0], [0, 0, 1, 1, 0, 1, 0, 1], [1, 1, 0, 0, 1, 0, 1, 1], [1, 1, 0, 0, 0, 0, 0, 1], [1, 0, 0, 0, 1, 1, 1, 0]]",,True,less
2,4,F1,0.5,"Change price: 0.01, reason: Historical data shows higher sales and profit at 0.50 than at 0.49 with low share rate, so slight increase to boost revenue.",2.5,5,2.5,0.0,"[0.0, 'adaptive']","[2, 3, 3, 3, 2, 1, 1, 2]","[[0, 1, 0, 0, 0, 1, 1, 1], [1, 0, 0, 0, 0, 1, 0, 0], [0, 0, 0, 1, 1, 0, 0, 0], [0, 0, 0, 0, 1, 0, 0, 1], [0, 0, 1, 1, 0, 1, 0, 0], [1, 1, 0, 0, 0, 0, 1, 1], [1, 0, 0, 0, 1, 0, 0, 1], [1, 0, 0, 1, 0, 1, 1, 0]]",,True,less
2,5,F0,0.4,"Change price: 0, reason: Historical data indicates highest profit at 0.40 with low share rate, maintaining sales and revenue.",3.6,9,3.6,0.0,"[0.0, 'adaptive']","[2, 3, 3, 2, 2, 1, 2, 3]","[[0, 1, 0, 0, 0, 1, 1, 1], [1, 0, 0, 1, 0, 1, 0, 0], [0, 0, 0, 1, 1, 0, 0, 0], [0, 1, 0, 0, 1, 0, 0, 0], [0, 0, 1, 1, 0, 1, 0, 0], [1, 1, 0, 0, 0, 0, 1, 1], [1, 0, 0, 0, 1, 0, 0, 1], [1, 0, 0, 0, 0, 1, 1, 0]]",,True,less
2,5,F1,0.5,"Change price: 0, reason: Low predicted share rate of 0.0 mirrors historical rounds where price 0.50 maximized sales and profit.",4.5,9,4.5,0.0,"[0.0, 'adaptive']","[2, 3, 3, 2, 2, 1, 2, 1]","[[0, 1, 0, 0, 0, 1, 1, 1], [1, 0, 0, 0, 0, 1, 0, 0], [0, 0, 0, 1, 1, 0, 0, 0], [0, 0, 0, 0, 1, 0, 0, 0], [0, 0, 1, 1, 0, 1, 0, 0], [1, 1, 0, 0, 1, 0, 1, 1], [1, 0, 0, 0, 1, 0, 0, 1], [1, 0, 0, 0, 0, 1, 1, 0]]",,True,greater
2,6,F0,0.4,"Change price: 0, reason: Historical data shows highest profit at 0.40 with low share rate, maintaining optimal sales and revenue.",4.8,12,4.8,0.0,"[0.0, 'adaptive']","[1, 3, 2, 3, 2, 1, 2, 3]","[[0, 1, 0, 0, 0, 1, 1, 1], [1, 0, 0, 1, 0, 1, 1, 0], [0, 0, 0, 1, 1, 0, 0, 0], [0, 1, 0, 0, 1, 0, 0, 1], [0, 0, 1, 1, 0, 1, 0, 0], [1, 1, 0, 0, 1, 0, 1, 1], [1, 1, 0, 0, 1, 0, 0, 1], [1, 0, 0, 1, 0, 1, 1, 0]]",,True,less
2,6,F1,0.5,"Change price: 0, reason: Low predicted share rate of 0.0, but historical data from Round 5 shows price 0.50 achieves highest sales and profit, so maintain to balance competition.",2.5,5,2.5,0.0,"[0.0, 'adaptive']","[2, 3, 1, 3, 2, 1, 2, 3]","[[0, 1, 0, 0, 0, 1, 1, 1], [1, 0, 0, 0, 0, 1, 1, 0], [0, 0, 0, 0, 1, 0, 0, 0], [0, 0, 0, 0, 1, 0, 0, 1], [0, 0, 1, 1, 0, 1, 0, 1], [1, 1, 0, 0, 1, 0, 1, 1], [1, 1, 0, 0, 0, 0, 0, 1], [1, 0, 0, 1, 1, 1, 1, 0]]",,True,less
2,7,F0,0.4,"Change price: 0, reason: Historical data shows highest profit at 0.40 with low share rate, maintaining optimal sales and revenue.",5.2,13,5.2,0.0,"[0.0, 'adaptive']","[1, 3, 2, 3, 2, 1, 2, 3]","[[0, 1, 0, 0, 0, 1, 1, 1], [1, 0, 0, 0, 0, 1, 1, 0], [0, 0, 0, 1, 1, 0, 0, 0], [0, 0, 1, 0, 1, 0, 0, 1], [0, 0, 1, 1, 0, 1, 0, 0], [1, 1, 0, 0, 1, 0, 1, 1], [1, 1, 0, 0, 1, 0, 0, 1], [1, 0, 0, 1, 0, 1, 1, 0]]",,True,less
2,7,F1,0.5,"Change price: 0, reason: Low predicted share rate of 0.0, consistent with historical rounds where price 0.50 maximized sales and profit.",2.0,4,2.0,0.0,"[0.0, 'adaptive']","[2, 3, 3, 2, 1, 1, 2, 3]","[[0, 1, 0, 0, 0, 1, 1, 1], [1, 0, 0, 0, 0, 1, 1, 0], [0, 0, 0, 0, 1, 0, 0, 0], [0, 0, 0, 0, 1, 0, 0, 1], [0, 0, 1, 1, 0, 1, 0, 0], [1, 1, 0, 0, 1, 0, 1, 1], [1, 1, 0, 0, 1, 0, 0, 1], [1, 0, 0, 1, 0, 1, 1, 0]]",,True,less
2,8,F0,0.4,"Change price: 0, reason: Historical data shows highest profit at 0.40 with low share rate, maintaining optimal sales.",4.8,12,4.8,0.0,"[0.0, 'adaptive']","[1, 3, 2, 3, 2, 1, 2, 3]","[[0, 1, 0, 0, 0, 1, 1, 1], [1, 0, 0, 0, 0, 1, 1, 0], [0, 0, 0, 1, 1, 0, 0, 0], [0, 0, 0, 0, 1, 0, 0, 0], [0, 0, 1, 1, 0, 1, 0, 1], [1, 1, 0, 0, 1, 0, 1, 1], [1, 1, 0, 0, 0, 1, 0, 1], [1, 0, 0, 0, 1, 1, 1, 0]]",,True,less
2,8,F1,0.5,"Change price: 0, reason: Low predicted share rate of 0.0, consistent with historical rounds where price 0.50 maximized sales and profit.",2.5,5,2.5,0.0,"[0.0, 'adaptive']","[3, 3, 3, 2, 1, 1, 2, 2]","[[0, 1, 0, 0, 0, 1, 1, 1], [1, 0, 0, 0, 0, 1, 1, 0], [0, 0, 0, 0, 1, 0, 0, 0], [0, 0, 0, 0, 1, 0, 0, 1], [0, 0, 1, 1, 0, 1, 0, 1], [1, 1, 0, 0, 1, 0, 1, 1], [1, 1, 0, 0, 0, 0, 0, 1], [1, 0, 0, 1, 1, 1, 1, 0]]",,True,equal
2,9,F0,0.4,"Change price: 0, reason: Historical data shows highest profits at 0.40 with low share rate, maintaining optimal sales.",4.0,10,4.0,0.0,"[0.0, 'adaptive']","[1, 3, 2, 3, 2, 1, 2, 3]","[[0, 1, 0, 0, 0, 1, 1, 1], [1, 0, 0, 0, 0, 1, 1, 0], [0, 0, 0, 1, 1, 0, 0, 0], [0, 0, 0, 0, 1, 0, 0, 0], [0, 0, 1, 1, 0, 1, 0, 0], [1, 1, 0, 0, 1, 0, 1, 1], [1, 1, 0, 0, 0, 0, 0, 1], [1, 0, 0, 0, 0, 1, 1, 0]]",,True,less
2,9,F1,0.5,"Change price: 0, reason: Low predicted share rate of 0.0, consistent with historical rounds where price 0.50 maximized sales and profit.",2.5,5,2.5,0.0,"[0.0, 'adaptive']","[3, 3, 3, 2, 2, 1, 1, 2]","[[0, 1, 0, 0, 0, 1, 1, 1], [1, 0, 0, 0, 0, 1, 1, 0], [0, 0, 0, 1, 1, 0, 0, 0], [0, 0, 0, 0, 1, 1, 0, 1], [0, 0, 1, 1, 0, 1, 0, 0], [1, 1, 0, 1, 1, 0, 1, 1], [1, 1, 0, 0, 0, 0, 0, 1], [1, 0, 0, 1, 0, 1, 1, 0]]",,True,less
2,10,F0,0.4,"Change price: 0, reason: Historical data shows highest profits at 0.40 with low share rate, maintaining optimal sales.",4.4,11,4.4,0.0,"[0.0, 'adaptive']","[2, 3, 1, 2, 1, 1, 2, 3]","[[0, 1, 0, 0, 0, 1, 1, 1], [1, 0, 0, 0, 0, 1, 1, 0], [0, 0, 0, 0, 1, 0, 0, 1], [0, 0, 0, 0, 1, 0, 0, 1], [0, 0, 1, 1, 0, 1, 0, 0], [1, 1, 0, 0, 1, 0, 1, 1], [1, 1, 0, 0, 1, 0, 0, 1], [1, 0, 1, 1, 0, 1, 1, 0]]",,True,less
2,10,F1,0.5,"Change price: 0, reason: Low predicted share rate of 0.0, consistent with historical rounds where price 0.50 maximized sales and profit.",2.5,5,2.5,0.0,"[0.0, 'adaptive']","[3, 3, 1, 2, 2, 1, 1, 1]","[[0, 1, 0, 0, 0, 1, 1, 1], [1, 0, 0, 1, 0, 1, 1, 0], [0, 0, 0, 1, 1, 0, 0, 0], [0, 1, 0, 0, 1, 1, 0, 0], [0, 0, 1, 1, 0, 1, 0, 0], [1, 1, 0, 1, 1, 0, 1, 1], [1, 1, 0, 0, 0, 0, 0, 1], [1, 0, 0, 0, 0, 1, 1, 0]]",,True,equal
3,1,F0,0.6,"Change price: 0.10, reason: High share rate of 0.92 increases purchase likelihood due to personalized recommendations, justifying a moderate price increase in competitive market.",3.6,6,3.6,0.7,"[0.923787212097262, 'adaptive']","[2, 3, 1, 3, 2, 1, 2, 3]","[[0, 1, 0, 0, 0, 1, 1, 1], [1, 0, 1, 1, 0, 1, 1, 0], [0, 1, 0, 1, 1, 0, 0, 0], [0, 1, 1, 0, 1, 0, 0, 0], [0, 0, 1, 1, 0, 1, 0, 0], [1, 1, 0, 0, 1, 0, 1, 1], [1, 1, 0, 0, 0, 0, 0, 1], [1, 0, 0, 0, 0, 1, 1, 0]]",,True,less
3,1,F1,0.55,"Change price: 0.05, reason: Positive share rate and competition enhance purchase likelihood via recommendations, allowing a slight price increase.",3.3,6,3.3,0.7,"[0.17631063077111098, 'adaptive']","[1, 3, 2, 3, 2, 1, 2, 3]","[[0, 1, 0, 0, 0, 1, 1, 1], [1, 0, 1, 1, 0, 1, 1, 0], [0, 1, 0, 1, 1, 0, 0, 0], [0, 1, 1, 0, 1, 0, 0, 1], [0, 0, 1, 1, 0, 1, 0, 0], [1, 1, 0, 0, 1, 0, 1, 1], [1, 1, 0, 0, 1, 0, 0, 1], [1, 0, 0, 1, 0, 1, 1, 0]]",,True,less
3,1,F2,0.6,"Change price: 0.10, reason: High share rate of 0.65 increases purchase likelihood through recommendations, justifying a price increase from the basic 0.50 to 0.60.",3.0,5,3.0,0.7,"[0.6469518827498749, 'adaptive']","[1, 1, 3, 2, 2, 1, 2, 3]","[[0, 1, 0, 0, 0, 1, 1, 0], [1, 0, 0, 0, 0, 1, 1, 0], [0, 0, 0, 1, 1, 0, 0, 1], [0, 0, 0, 0, 1, 0, 0, 1], [0, 0, 1, 1, 0, 0, 0, 0], [1, 1, 0, 0, 0, 0, 1, 1], [1, 1, 0, 0, 0, 0, 0, 1], [0, 0, 1, 1, 0, 1, 1, 0]]",,True,less
3,2,F0,0.55,"Change price: -0.05, reason: Lower predicted share rate of 0.7 compared to previous decreases purchase likelihood, justifying a slight price decrease to boost sales in competitive market.",3.3,6,3.3,0.7,"[0.7, 'adaptive']","[2, 3, 1, 3, 2, 1, 2, 3]","[[0, 0, 0, 0, 0, 1, 1, 0], [0, 0, 0, 0, 0, 1, 0, 0], [0, 0, 0, 0, 1, 0, 0, 0], [0, 0, 0, 0, 1, 0, 0, 0], [0, 0, 1, 1, 0, 1, 0, 0], [1, 1, 0, 0, 1, 0, 1, 1], [1, 0, 0, 0, 0, 1, 0, 1], [0, 0, 0, 0, 0, 1, 1, 0]]",,True,less
3,2,F1,0.6,"Change price: 0.05, reason: Consistent share rate and competition enhance recommendation effects, allowing a slight price increase to boost profit.",4.8,8,4.8,0.7,"[0.7, 'adaptive']","[1, 3, 2, 3, 2, 1, 2, 3]","[[0, 1, 0, 0, 0, 1, 1, 0], [1, 0, 1, 0, 0, 1, 1, 0], [0, 1, 0, 1, 1, 0, 0, 0], [0, 0, 1, 0, 1, 0, 0, 1], [0, 0, 1, 1, 0, 1, 0, 0], [1, 1, 0, 0, 1, 0, 1, 1], [1, 1, 0, 0, 1, 0, 0, 1], [0, 0, 0, 1, 0, 1, 1, 0]]",,True,less
3,2,F2,0.7,"Change price: 0.10, reason: High share rate of 0.7 increases purchase likelihood via recommendations in a competitive market, justifying a slight price increase from the basic 0.60.",2.8,4,2.8,0.7,"[0.7, 'adaptive']","[2, 1, 2, 3, 3, 1, 2, 3]","[[0, 1, 0, 0, 0, 1, 1, 0], [1, 0, 1, 0, 0, 1, 1, 0], [0, 1, 0, 1, 1, 0, 0, 0], [0, 0, 1, 0, 1, 0, 0, 1], [0, 0, 1, 1, 0, 1, 0, 0], [1, 1, 0, 0, 1, 0, 1, 1], [1, 1, 0, 0, 0, 0, 0, 1], [0, 0, 0, 1, 0, 1, 1, 0]]",,True,less
3,3,F0,0.6,"Change price: 0.05, reason: Stable predicted share rate of 0.7 maintains purchase likelihood, justifying a slight price increase to boost profit as seen in Round 1's higher earnings with similar sales.",3.0,5,3.0,0.7,"[0.7, 'adaptive']","[1, 3, 3, 2, 2, 1, 2, 3]","[[0, 1, 0, 0, 0, 1, 1, 0], [1, 0, 0, 1, 0, 1, 1, 0], [0, 0, 0, 0, 1, 0, 0, 0], [0, 1, 0, 0, 1, 1, 0, 1], [0, 0, 1, 1, 0, 0, 0, 0], [1, 1, 0, 1, 0, 0, 1, 1], [1, 1, 0, 0, 0, 0, 0, 1], [0, 0, 0, 1, 0, 1, 1, 0]]",,True,less
3,3,F1,0.65,"Change price: 0.05, reason: High predicted share rate of 0.7 strengthens recommendation effects in competitive market, supporting a slight price increase to boost profit while maintaining sales.",3.9,6,3.9,0.7,"[0.7, 'adaptive']","[1, 3, 2, 3, 2, 1, 2, 3]","[[0, 1, 0, 0, 0, 1, 1, 0], [1, 0, 1, 0, 0, 1, 1, 0], [0, 1, 0, 1, 1, 0, 0, 0], [0, 0, 1, 0, 1, 0, 0, 0], [0, 0, 1, 1, 0, 1, 0, 0], [1, 1, 0, 0, 1, 0, 1, 1], [1, 1, 0, 0, 0, 0, 0, 1], [0, 0, 0, 0, 0, 1, 1, 0]]",,True,less
3,3,F2,0.6,"Change price: -0.10, reason: Historical data indicates price increase from 0.60 to 0.70 reduced sales from 5 to 4 and profit from 3.0 to 2.8, so decreasing to boost sales and maximize profit.",3.0,5,3.0,0.7,"[0.7, 'adaptive']","[2, 3, 1, 2, 1, 1, 2, 3]","[[0, 0, 0, 0, 0, 1, 0, 1], [0, 0, 0, 0, 0, 1, 1, 0], [0, 0, 0, 0, 1, 0, 0, 0], [0, 0, 0, 0, 0, 1, 0, 0], [0, 0, 1, 0, 0, 0, 0, 0], [1, 1, 0, 1, 0, 0, 1, 1], [0, 1, 0, 0, 1, 0, 0, 1], [1, 0, 0, 0, 0, 1, 1, 0]]",,True,less
3,4,F0,0.55,"Change price: -0.05, reason: Predicted share rate of 0.7 with declining sales in Round 3 justifies a slight price decrease to boost sales and profit in competitive market.",2.75,5,2.75,0.7,"[0.7, 'adaptive']","[2, 3, 1, 3, 1, 1, 2, 2]","[[0, 0, 0, 0, 1, 1, 1, 1], [0, 0, 0, 0, 0, 1, 1, 0], [0, 0, 0, 0, 1, 1, 0, 0], [0, 0, 0, 0, 1, 1, 0, 0], [1, 0, 1, 0, 0, 1, 1, 1], [1, 1, 1, 1, 1, 0, 1, 1], [1, 1, 0, 0, 1, 1, 0, 1], [1, 0, 0, 0, 1, 1, 1, 0]]",,True,equal
3,4,F1,0.6,"Change price: -0.05, reason: Sales dropped at 0.65, decreasing to boost volume and recapture higher profit from Round 2.",4.2,7,4.2,0.7,"[0.7, 'adaptive']","[2, 3, 1, 2, 3, 1, 2, 3]","[[0, 1, 0, 0, 0, 1, 0, 1], [1, 0, 0, 0, 0, 1, 1, 0], [0, 0, 0, 1, 1, 0, 0, 0], [0, 0, 0, 0, 1, 1, 0, 0], [0, 0, 1, 1, 0, 0, 0, 1], [1, 1, 0, 1, 0, 0, 1, 1], [0, 1, 0, 0, 0, 0, 0, 1], [1, 0, 0, 0, 1, 1, 1, 0]]",,True,less
3,4,F2,0.6,"Change price: 0.00, reason: Historical data shows price of 0.60 yields highest profit of 3.0 with share rate of 0.7, as increasing to 0.70 reduced sales and profit.",3.0,5,3.0,0.7,"[0.7, 'adaptive']","[1, 3, 2, 3, 2, 1, 2, 3]","[[0, 1, 0, 0, 0, 1, 1, 1], [1, 0, 0, 0, 0, 1, 1, 0], [0, 0, 0, 0, 1, 0, 0, 0], [0, 0, 0, 0, 1, 0, 0, 0], [0, 0, 1, 1, 0, 1, 0, 0], [1, 1, 0, 0, 1, 0, 1, 1], [1, 1, 0, 0, 0, 0, 0, 1], [1, 0, 0, 0, 0, 1, 1, 0]]",,True,less
3,5,F0,0.6,"Change price: 0.05, reason: Predicted share rate of 0.7 maintains purchase likelihood, justifying a slight price increase to boost profit as in Round 1's higher earnings.",3.0,5,3.0,0.65,"[0.7, 'adaptive']","[1, 3, 2, 3, 2, 1, 2, 3]","[[0, 1, 0, 0, 0, 1, 1, 1], [1, 0, 0, 0, 0, 1, 1, 0], [0, 0, 0, 1, 1, 0, 0, 0], [0, 0, 0, 0, 1, 0, 0, 0], [0, 0, 1, 1, 0, 1, 0, 0], [1, 1, 0, 0, 1, 0, 1, 1], [1, 1, 0, 0, 0, 1, 0, 1], [1, 0, 0, 0, 0, 1, 1, 0]]",,True,less
3,5,F1,0.6,"Change price: 0, reason: Consistent share rate and past profits at 0.60 support maintaining price to balance sales and revenue.",3.6,6,3.6,0.65,"[0.7, 'adaptive']","[2, 3, 3, 3, 2, 1, 1, 2]","[[0, 1, 0, 0, 0, 1, 1, 1], [1, 0, 0, 0, 0, 1, 1, 0], [0, 0, 0, 1, 1, 0, 0, 0], [0, 0, 0, 0, 1, 0, 0, 0], [0, 0, 1, 1, 0, 1, 0, 1], [1, 1, 0, 0, 1, 0, 1, 1], [1, 1, 0, 0, 1, 0, 0, 1], [1, 0, 0, 0, 1, 1, 0, 0]]",,True,less
3,5,F2,0.6,"Change price: 0.00, reason: Historical data consistently shows price of 0.60 yields maximum profit of 3.0 with share rate of 0.7, as increasing to 0.70 reduced sales and profit.",4.2,7,4.2,0.65,"[0.7, 'adaptive']","[1, 3, 2, 3, 2, 1, 2, 3]","[[0, 1, 0, 0, 0, 1, 1, 1], [1, 0, 0, 0, 0, 1, 1, 0], [0, 0, 0, 1, 1, 0, 0, 0], [0, 0, 0, 0, 1, 0, 0, 1], [0, 0, 1, 1, 0, 1, 0, 0], [1, 1, 0, 0, 1, 0, 1, 1], [1, 1, 0, 0, 0, 0, 0, 1], [1, 0, 0, 1, 0, 1, 1, 0]]",,True,less
3,6,F0,0.6,"Change price: 0, reason: Predicted share rate of 0.65 matches Round 5's actual rate with stable sales, justifying keeping the price to maintain profit without risking lower revenue.",3.0,5,3.0,0.7,"[0.65, 'adaptive']","[2, 3, 3, 2, 1, 1, 2, 3]","[[0, 1, 0, 0, 0, 1, 1, 1], [1, 0, 0, 1, 0, 1, 1, 0], [0, 0, 0, 1, 1, 0, 0, 0], [0, 1, 0, 0, 1, 0, 0, 1], [0, 0, 1, 1, 0, 1, 0, 0], [1, 1, 0, 0, 0, 0, 1, 1], [1, 1, 0, 0, 1, 0, 0, 1], [1, 0, 0, 1, 0, 1, 1, 0]]",,True,less
3,6,F1,0.6,"Change price: 0, reason: Consistent share rate of 0.65 maintains recommendation benefits, supporting price stability at 0.60 to preserve sales volume and profit based on historical performance.",3.0,5,3.0,0.7,"[0.65, 'adaptive']","[1, 3, 2, 3, 2, 1, 2, 3]","[[0, 1, 0, 0, 0, 1, 1, 1], [1, 0, 0, 0, 0, 1, 1, 0], [0, 0, 0, 1, 1, 0, 0, 0], [0, 0, 0, 0, 1, 0, 0, 1], [0, 0, 1, 1, 0, 1, 0, 0], [1, 1, 0, 0, 1, 0, 1, 1], [1, 1, 0, 0, 0, 1, 0, 1], [1, 0, 0, 1, 0, 1, 1, 0]]",,True,less
3,6,F2,0.6,"Change price: 0.00, reason: Historical data with share rate 0.65 shows price of 0.60 yields maximum profit of 4.2.",4.2,7,4.2,0.7,"[0.65, 'adaptive']","[1, 3, 3, 2, 2, 1, 2, 3]","[[0, 1, 0, 0, 0, 1, 1, 1], [1, 0, 0, 0, 0, 1, 1, 0], [0, 0, 0, 1, 1, 0, 0, 0], [0, 0, 0, 0, 1, 0, 0, 1], [0, 0, 1, 1, 0, 1, 0, 0], [1, 1, 0, 0, 1, 0, 1, 1], [1, 1, 0, 0, 0, 1, 0, 1], [1, 0, 0, 1, 0, 1, 1, 0]]",,True,less
3,7,F0,0.65,"Change price: 0.05, reason: Predicted share rate of 0.7, higher than recent rounds, increases purchase likelihood via recommendations, justifying a slight price increase to boost profit in competitive market.",5.2,8,5.2,0.65,"[0.7, 'adaptive']","[1, 3, 2, 3, 2, 1, 2, 3]","[[0, 1, 0, 0, 0, 1, 1, 1], [1, 0, 1, 1, 0, 1, 1, 0], [0, 1, 0, 1, 1, 0, 0, 0], [0, 1, 1, 0, 1, 0, 0, 1], [0, 0, 1, 1, 0, 1, 0, 0], [1, 1, 0, 0, 1, 0, 1, 1], [1, 1, 0, 0, 0, 0, 0, 1], [1, 0, 0, 1, 0, 1, 1, 0]]",,True,less
3,7,F1,0.55,"Change price: -0.05, reason: Sales dropped to 5 at 0.60 despite 0.7 share rate, decreasing to boost volume and recapture higher profit from Round 2.",2.75,5,2.75,0.65,"[0.7, 'adaptive']","[2, 3, 1, 3, 1, 1, 2, 3]","[[0, 1, 0, 0, 0, 1, 1, 0], [1, 0, 0, 0, 0, 1, 1, 0], [0, 0, 0, 0, 1, 0, 0, 0], [0, 0, 0, 0, 1, 0, 0, 0], [0, 0, 1, 1, 0, 1, 0, 0], [1, 1, 0, 0, 1, 0, 1, 1], [1, 1, 0, 0, 0, 0, 0, 1], [0, 0, 0, 0, 0, 1, 1, 0]]",,True,less
3,7,F2,0.6,"Change price: 0.00, reason: Historical data with share rate 0.7 shows price of 0.60 yields high profit of 4.2, as in Round 6, maintaining optimal sales.",3.6,6,3.6,0.65,"[0.7, 'adaptive']","[1, 3, 3, 2, 2, 1, 2, 3]","[[0, 1, 0, 0, 0, 1, 1, 1], [1, 0, 0, 0, 0, 1, 1, 0], [0, 0, 0, 1, 1, 0, 0, 0], [0, 0, 0, 0, 1, 1, 0, 0], [0, 0, 1, 1, 0, 1, 0, 0], [1, 1, 0, 1, 1, 0, 1, 1], [1, 1, 0, 0, 0, 1, 0, 1], [1, 0, 0, 0, 0, 1, 1, 0]]",,True,less
3,8,F0,0.65,"Change price: 0, reason: Predicted share rate of 0.65 matches Round7's actual rate with high sales, justifying keeping the price to maintain profit in competitive market.",3.9,6,3.9,0.65,"[0.65, 'adaptive']","[2, 3, 1, 3, 2, 1, 2, 3]","[[0, 1, 0, 0, 0, 1, 1, 0], [1, 0, 1, 0, 0, 0, 1, 0], [0, 1, 0, 1, 1, 1, 0, 0], [0, 0, 1, 0, 1, 0, 0, 1], [0, 0, 1, 1, 0, 1, 0, 0], [1, 0, 1, 0, 1, 0, 1, 1], [1, 1, 0, 0, 0, 0, 0, 1], [0, 0, 0, 1, 0, 1, 1, 0]]",,True,less
3,8,F1,0.6,"Change price: 0.05, reason: Predicted share rate of 0.65 supports increasing to 0.60 for higher profit based on Round2 performance.",4.2,7,4.2,0.65,"[0.65, 'adaptive']","[1, 3, 3, 2, 2, 1, 2, 3]","[[0, 1, 0, 0, 0, 1, 1, 1], [1, 0, 0, 0, 0, 1, 1, 0], [0, 0, 0, 1, 1, 0, 0, 0], [0, 0, 0, 0, 1, 1, 0, 1], [0, 0, 1, 1, 0, 1, 0, 1], [1, 1, 0, 1, 1, 0, 1, 1], [1, 1, 0, 0, 0, 1, 0, 1], [1, 0, 0, 1, 1, 1, 1, 0]]",,True,less
3,8,F2,0.6,"Change price: 0.00, reason: Historical data with share rate 0.65 shows price of 0.60 yields high profit, as in Round 5, avoiding risk from previous price increases.",3.0,5,3.0,0.65,"[0.65, 'adaptive']","[2, 3, 3, 2, 3, 1, 2, 3]","[[0, 1, 0, 0, 0, 1, 0, 1], [1, 0, 0, 0, 0, 1, 1, 0], [0, 0, 0, 0, 1, 0, 0, 0], [0, 0, 0, 0, 1, 0, 0, 0], [0, 0, 1, 1, 0, 0, 0, 0], [1, 1, 0, 0, 0, 0, 1, 1], [0, 1, 0, 0, 0, 0, 0, 1], [1, 0, 0, 0, 0, 1, 1, 0]]",,True,less
3,9,F0,0.65,"Change price: 0, reason: Predicted share rate of 0.65 matches Round8's, with stable sales and profit, justifying keeping the price in competitive market.",3.9,6,3.9,0.7,"[0.65, 'adaptive']","[2, 3, 1, 3, 2, 1, 2, 3]","[[0, 0, 0, 0, 0, 1, 1, 0], [0, 0, 0, 0, 0, 1, 1, 0], [0, 0, 0, 0, 1, 1, 0, 0], [0, 0, 0, 0, 1, 0, 0, 1], [0, 0, 1, 1, 0, 1, 0, 0], [1, 1, 1, 0, 1, 0, 1, 1], [1, 1, 0, 0, 0, 0, 0, 1], [0, 0, 0, 1, 0, 1, 1, 0]]",,True,less
3,9,F1,0.6,"Change price: 0, reason: Predicted share rate of 0.65 and recent profit of 4.2 at 0.60 support maintaining price for stability.",3.6,6,3.6,0.7,"[0.65, 'adaptive']","[2, 3, 3, 3, 2, 1, 1, 2]","[[0, 1, 0, 0, 0, 1, 1, 1], [1, 0, 0, 1, 0, 1, 0, 0], [0, 0, 0, 1, 1, 0, 0, 0], [0, 1, 0, 0, 1, 0, 0, 0], [0, 0, 1, 1, 0, 1, 0, 0], [1, 1, 0, 0, 0, 0, 1, 1], [1, 0, 0, 0, 1, 0, 0, 1], [1, 0, 0, 0, 0, 1, 1, 0]]",,True,less
3,9,F2,0.6,"Change price: 0.00, reason: Historical data with share rate 0.65 shows price of 0.60 yields high profits, as in Round 5, avoiding risks from price changes.",3.0,5,3.0,0.7,"[0.65, 'adaptive']","[2, 3, 3, 2, 3, 1, 2, 3]","[[0, 1, 0, 0, 0, 1, 1, 1], [1, 0, 0, 0, 0, 1, 1, 0], [0, 0, 0, 0, 1, 0, 0, 0], [0, 0, 0, 0, 1, 0, 0, 0], [0, 0, 1, 1, 0, 0, 0, 0], [1, 1, 0, 0, 0, 0, 1, 1], [1, 1, 0, 0, 1, 0, 0, 1], [1, 0, 0, 0, 0, 1, 1, 0]]",,True,less
3,10,F0,0.7,"Change price: 0.05, reason: Predicted share rate of 0.7, higher than Round9's, increases purchase likelihood through recommendations, justifying a slight price increase to boost profit in competitive market.",4.2,6,4.2,0.65,"[0.7, 'adaptive']","[2, 3, 1, 3, 2, 1, 2, 3]","[[0, 1, 0, 0, 0, 1, 1, 0], [1, 0, 0, 0, 0, 0, 1, 0], [0, 0, 0, 0, 1, 0, 0, 0], [0, 0, 0, 0, 1, 0, 0, 0], [0, 0, 1, 1, 0, 1, 0, 0], [1, 0, 0, 0, 1, 0, 1, 1], [1, 1, 0, 0, 0, 0, 0, 1], [0, 0, 0, 0, 0, 1, 1, 0]]",,True,less
3,10,F1,0.6,"Change price: 0, reason: Predicted share rate of 0.7 and historical profits at 0.60 support maintaining price for stability.",4.2,7,4.2,0.65,"[0.7, 'adaptive']","[2, 3, 3, 3, 2, 1, 1, 2]","[[0, 1, 0, 0, 0, 1, 1, 1], [1, 0, 0, 0, 0, 1, 1, 0], [0, 0, 0, 1, 1, 0, 0, 0], [0, 0, 0, 0, 1, 0, 0, 1], [0, 0, 1, 1, 0, 1, 0, 0], [1, 1, 0, 0, 1, 0, 1, 1], [1, 1, 0, 0, 1, 0, 0, 1], [1, 0, 0, 1, 0, 1, 1, 0]]",,True,less
3,10,F2,0.6,"Change price: 0.00, reason: Historical data with share rate 0.7 shows price of 0.60 yields high profits up to 4.2, as in Round 6, avoiding risks from previous price increases.",3.0,5,3.0,0.65,"[0.7, 'adaptive']","[2, 1, 3, 2, 2, 1, 2, 3]","[[0, 1, 0, 0, 0, 1, 0, 0], [1, 0, 0, 1, 0, 1, 1, 0], [0, 0, 0, 1, 1, 0, 0, 0], [0, 1, 0, 0, 1, 0, 0, 1], [0, 0, 1, 1, 0, 0, 0, 0], [1, 1, 0, 0, 0, 0, 1, 1], [0, 1, 0, 0, 0, 0, 0, 1], [0, 0, 0, 1, 0, 1, 1, 0]]",,True,less
4,1,F0,0.55,"Change price: 0.05, reason: Moderate share rate increases likelihood of purchases, allowing a slight price increase to boost profit in competitive market.",3.85,7,3.85,0.95,"[0.2908164801779558, 'adaptive']","[2, 3, 1, 3, 2, 1, 2, 3]","[[0, 1, 0, 0, 0, 1, 1, 1], [1, 0, 0, 0, 0, 1, 1, 0], [0, 0, 0, 0, 1, 0, 0, 0], [0, 0, 0, 0, 1, 0, 0, 0], [0, 0, 1, 1, 0, 1, 0, 0], [1, 1, 0, 0, 1, 0, 1, 1], [1, 1, 0, 0, 0, 0, 0, 1], [1, 0, 0, 0, 0, 1, 1, 0]]",,True,less
4,1,F1,0.6,"Change price: 0.10, reason: High share rate increases purchase likelihood due to personalized recommendations.",0.6,1,0.6,0.95,"[0.8082582734721775, 'adaptive']","[1, 3, 3, 2, 2, 1, 2, 3]","[[0, 1, 0, 0, 0, 1, 1, 1], [1, 0, 0, 0, 0, 1, 1, 0], [0, 0, 0, 0, 1, 0, 0, 0], [0, 0, 0, 0, 1, 0, 0, 0], [0, 0, 1, 1, 0, 1, 0, 0], [1, 1, 0, 0, 1, 0, 1, 1], [1, 1, 0, 0, 0, 0, 0, 1], [1, 0, 0, 0, 0, 1, 1, 0]]",,True,less
4,1,F2,0.6,"Change price: 0.10, reason: High share rate of 0.82 increases purchase likelihood, allowing a moderate price increase in competitive market.",4.2,7,4.2,0.95,"[0.8165410822747216, 'adaptive']","[2, 1, 2, 3, 3, 1, 2, 3]","[[0, 1, 0, 0, 0, 1, 1, 0], [1, 0, 1, 0, 0, 1, 1, 0], [0, 1, 0, 1, 1, 0, 0, 0], [0, 0, 1, 0, 1, 0, 0, 1], [0, 0, 1, 1, 0, 1, 0, 1], [1, 1, 0, 0, 1, 0, 1, 1], [1, 1, 0, 0, 0, 0, 0, 1], [0, 0, 0, 1, 1, 1, 1, 0]]",,True,less
4,1,F3,0.6,"Change price: 0.10, reason: High share rate boosts purchase likelihood, justifying price increase.",3.0,5,3.0,0.95,"[0.400735933087501, 'adaptive']","[2, 3, 1, 3, 2, 1, 2, 3]","[[0, 1, 0, 0, 0, 1, 1, 1], [1, 0, 0, 0, 0, 1, 1, 0], [0, 0, 0, 1, 1, 0, 0, 0], [0, 0, 1, 0, 1, 0, 0, 1], [0, 0, 1, 1, 0, 1, 0, 0], [1, 1, 0, 0, 1, 0, 1, 1], [1, 1, 0, 0, 0, 1, 0, 1], [1, 0, 0, 1, 0, 1, 1, 0]]",,True,less
4,2,F0,0.6,"Change price: 0.05, reason: High share rate of 0.95 boosts purchase likelihood through recommendations, allowing a slight price increase to maximize profit amid competition.",3.0,5,3.0,0.95,"[0.95, 'adaptive']","[1, 3, 2, 3, 2, 1, 2, 3]","[[0, 1, 0, 0, 0, 1, 1, 1], [1, 0, 1, 1, 0, 1, 1, 0], [0, 1, 0, 1, 1, 0, 0, 0], [0, 1, 1, 0, 1, 0, 0, 1], [0, 0, 1, 1, 0, 1, 0, 0], [1, 1, 0, 0, 1, 0, 1, 1], [1, 1, 0, 0, 0, 0, 0, 1], [1, 0, 0, 1, 0, 1, 1, 0]]",,True,less
4,2,F1,0.65,"Change price: 0.05, reason: High share rate of 0.95 increases purchase likelihood through personalized recommendations, justifying a slight price increase.",0.65,1,0.65,0.95,"[0.95, 'adaptive']","[1, 3, 3, 2, 2, 1, 2, 3]","[[0, 1, 0, 0, 0, 1, 1, 0], [1, 0, 0, 0, 0, 1, 1, 0], [0, 0, 0, 0, 1, 0, 0, 1], [0, 0, 0, 0, 1, 1, 0, 1], [0, 0, 1, 1, 0, 1, 0, 0], [1, 1, 0, 1, 1, 0, 1, 1], [1, 1, 0, 0, 1, 0, 0, 1], [0, 0, 1, 1, 0, 1, 1, 0]]",,True,less
4,2,F2,0.65,"Change price: 0.05, reason: High share rate of 0.95 enhances purchase likelihood in competitive market, allowing a slight price increase.",4.55,7,4.55,0.95,"[0.95, 'adaptive']","[2, 1, 2, 3, 3, 1, 2, 3]","[[0, 1, 0, 0, 0, 1, 1, 0], [1, 0, 1, 0, 0, 1, 1, 0], [0, 1, 0, 1, 1, 0, 0, 0], [0, 0, 1, 0, 1, 0, 0, 1], [0, 0, 1, 1, 0, 1, 0, 1], [1, 1, 0, 0, 1, 0, 1, 1], [1, 1, 0, 0, 0, 0, 0, 1], [0, 0, 0, 1, 1, 1, 1, 0]]",,True,less
4,2,F3,0.7,"Change price: 0.10, reason: High predicted share rate of 0.95 increases purchase likelihood due to personalized recommendations, justifying a price increase.",3.5,5,3.5,0.95,"[0.95, 'adaptive']","[2, 3, 3, 3, 2, 1, 1, 2]","[[0, 1, 0, 0, 0, 1, 1, 1], [1, 0, 0, 0, 0, 1, 1, 0], [0, 0, 0, 1, 1, 0, 0, 0], [0, 0, 1, 0, 1, 0, 0, 1], [0, 0, 1, 1, 0, 1, 0, 0], [1, 1, 0, 0, 1, 0, 1, 1], [1, 1, 0, 0, 1, 0, 0, 1], [1, 0, 0, 1, 0, 1, 1, 0]]",,True,less
4,3,F0,0.55,"Change price: -0.05, reason: Previous price increase reduced sales and revenue, so decrease to boost volume and maximize profit in competitive market.",3.3,6,3.3,0.95,"[0.95, 'adaptive']","[2, 3, 1, 3, 2, 1, 2, 1]","[[0, 0, 0, 0, 0, 1, 1, 1], [0, 0, 0, 0, 0, 1, 1, 0], [0, 0, 0, 0, 1, 1, 0, 0], [0, 0, 0, 0, 0, 0, 0, 0], [0, 0, 1, 0, 0, 1, 0, 0], [1, 1, 1, 0, 1, 0, 1, 1], [1, 1, 0, 0, 0, 1, 0, 1], [1, 0, 0, 0, 0, 1, 1, 0]]",,True,greater
4,3,F1,0.7,"Change price: 0.05, reason: High share rate of 0.95 enhances purchase likelihood through personalized recommendations, justifying a slight price increase despite competition.",0.7,1,0.7,0.95,"[0.95, 'adaptive']","[1, 3, 2, 3, 2, 1, 2, 3]","[[0, 1, 0, 0, 0, 1, 1, 1], [1, 0, 1, 1, 0, 1, 1, 0], [0, 1, 0, 1, 1, 0, 0, 0], [0, 1, 1, 0, 1, 0, 0, 1], [0, 0, 1, 1, 0, 1, 0, 1], [1, 1, 0, 0, 1, 0, 1, 1], [1, 1, 0, 0, 0, 0, 0, 1], [1, 0, 0, 1, 1, 1, 1, 0]]",,True,less
4,3,F2,0.7,"Change price: 0.05, reason: High share rate of 0.95 increases purchase likelihood in competitive market, allowing a slight price increase.",4.2,6,4.2,0.95,"[0.95, 'adaptive']","[2, 1, 2, 3, 3, 1, 2, 3]","[[0, 1, 0, 0, 0, 1, 1, 0], [1, 0, 1, 0, 0, 1, 1, 0], [0, 1, 0, 1, 1, 0, 0, 0], [0, 0, 1, 0, 1, 0, 0, 1], [0, 0, 1, 1, 0, 1, 0, 1], [1, 1, 0, 0, 1, 0, 1, 1], [1, 1, 0, 0, 0, 0, 0, 1], [0, 0, 0, 1, 1, 1, 1, 0]]",,True,less
4,3,F3,0.8,"Change price: 0.10, reason: High predicted share rate of 0.95 maintains strong purchase likelihood, justifying a price increase to boost profit.",1.6,2,1.6,0.95,"[0.95, 'adaptive']","[1, 3, 2, 3, 2, 1, 2, 3]","[[0, 1, 0, 0, 0, 1, 1, 1], [1, 0, 0, 0, 0, 1, 1, 0], [0, 0, 0, 0, 1, 0, 0, 0], [0, 0, 0, 0, 1, 0, 0, 1], [0, 0, 1, 1, 0, 1, 0, 0], [1, 1, 0, 0, 1, 0, 1, 1], [1, 1, 0, 0, 0, 0, 0, 1], [1, 0, 0, 1, 0, 1, 1, 0]]",,True,less
4,4,F0,0.55,"Change price: 0, reason: High share rate supports current price for sustained sales and profit, avoiding risk from past price increases.",3.3,6,3.3,0.95,"[0.95, 'adaptive']","[1, 3, 2, 2, 3, 1, 2, 3]","[[0, 1, 0, 0, 0, 1, 1, 1], [1, 0, 1, 1, 0, 1, 1, 0], [0, 1, 0, 1, 1, 0, 0, 0], [0, 1, 1, 0, 1, 1, 0, 1], [0, 0, 1, 1, 0, 0, 0, 0], [1, 1, 0, 1, 0, 0, 1, 1], [1, 1, 0, 0, 0, 0, 0, 1], [1, 0, 0, 1, 0, 1, 1, 0]]",,True,less
4,4,F1,0.75,"Change price: 0.05, reason: High share rate of 0.95 boosts purchase likelihood through personalized recommendations, justifying a slight increase despite competition.",0.75,1,0.75,0.95,"[0.95, 'adaptive']","[1, 3, 2, 3, 2, 1, 2, 3]","[[0, 1, 0, 0, 0, 1, 1, 0], [1, 0, 1, 1, 0, 1, 1, 0], [0, 1, 0, 1, 1, 0, 0, 0], [0, 1, 1, 0, 1, 0, 0, 1], [0, 0, 1, 1, 0, 1, 0, 0], [1, 1, 0, 0, 1, 0, 1, 1], [1, 1, 0, 0, 0, 0, 0, 1], [0, 0, 0, 1, 0, 1, 1, 0]]",,True,less
4,4,F2,0.65,"Change price: -0.05, reason: Historical data indicates that increasing to 0.70 reduced sales from 7 to 6, lowering profit from 4.55 to 4.20; slight decrease to boost sales with high share rate.",4.55,7,4.55,0.95,"[0.95, 'adaptive']","[2, 3, 1, 3, 2, 1, 2, 3]","[[0, 1, 0, 0, 0, 1, 1, 0], [1, 0, 0, 0, 0, 1, 1, 0], [0, 0, 0, 1, 1, 0, 0, 0], [0, 0, 1, 0, 1, 0, 0, 1], [0, 0, 1, 1, 0, 1, 0, 0], [1, 1, 0, 0, 1, 0, 1, 1], [1, 1, 0, 0, 0, 0, 0, 1], [0, 0, 0, 1, 0, 1, 1, 0]]",,True,less
4,4,F3,0.7,"Change price: -0.10, reason: Historical data shows sales dropped at 0.80, reducing profit, so decreasing to 0.70 to increase sales and maximize profit.",3.5,5,3.5,0.95,"[0.95, 'adaptive']","[2, 3, 1, 3, 2, 1, 2, 3]","[[0, 0, 0, 0, 0, 1, 1, 1], [0, 0, 0, 0, 0, 0, 1, 0], [0, 0, 0, 0, 1, 1, 0, 1], [0, 0, 0, 0, 0, 1, 0, 0], [0, 0, 1, 0, 0, 0, 0, 0], [1, 0, 1, 1, 0, 0, 1, 1], [1, 1, 0, 0, 0, 0, 0, 1], [1, 0, 1, 0, 0, 1, 1, 0]]",,True,less
4,5,F0,0.55,"Change price: 0, reason: High share rate of 0.95 sustains sales at current price, avoiding risk from past price increases in competitive market.",3.3,6,3.3,0.95,"[0.95, 'adaptive']","[2, 3, 1, 2, 3, 1, 2, 3]","[[0, 1, 0, 1, 0, 1, 0, 1], [1, 0, 1, 0, 0, 1, 1, 0], [0, 1, 0, 1, 1, 0, 0, 0], [1, 0, 1, 0, 1, 1, 0, 0], [0, 0, 1, 1, 0, 0, 0, 1], [1, 1, 0, 1, 0, 0, 1, 1], [0, 1, 0, 0, 0, 0, 0, 1], [1, 0, 0, 0, 1, 1, 1, 0]]",,True,less
4,5,F1,0.8,"Change price: 0.05, reason: High share rate of 0.95 enhances purchase likelihood through personalized recommendations, justifying a slight increase despite competition.",0.0,0,0.0,0.95,"[0.95, 'adaptive']","[1, 3, 2, 3, 2, 1, 2, 3]","[[0, 1, 0, 0, 0, 1, 1, 1], [1, 0, 1, 1, 0, 1, 1, 0], [0, 1, 0, 1, 1, 0, 0, 0], [0, 1, 1, 0, 1, 0, 0, 1], [0, 0, 1, 1, 0, 1, 0, 0], [1, 1, 0, 0, 1, 0, 1, 1], [1, 1, 0, 0, 1, 0, 0, 1], [1, 0, 0, 1, 0, 1, 1, 0]]",,True,less
4,5,F2,0.65,"Change price: 0, reason: Historical data shows 0.65 maximizes profit with high share rate of 0.95, as increasing to 0.70 reduced sales.",4.55,7,4.55,0.95,"[0.95, 'adaptive']","[1, 3, 2, 3, 2, 1, 2, 3]","[[0, 1, 0, 0, 0, 1, 1, 1], [1, 0, 0, 0, 0, 1, 1, 0], [0, 0, 0, 1, 1, 0, 0, 0], [0, 0, 0, 0, 1, 0, 0, 1], [0, 0, 1, 1, 0, 0, 0, 0], [1, 1, 0, 0, 0, 0, 1, 0], [1, 1, 0, 0, 0, 0, 0, 1], [1, 0, 0, 1, 0, 0, 1, 0]]",,True,less
4,5,F3,0.7,"Change price: 0.00, reason: Historical data shows 0.70 maximizes sales and profit with high share rate of 0.95.",3.5,5,3.5,0.95,"[0.95, 'adaptive']","[1, 3, 2, 3, 2, 1, 2, 3]","[[0, 1, 0, 0, 0, 1, 1, 1], [1, 0, 1, 1, 0, 1, 1, 0], [0, 1, 0, 1, 1, 0, 0, 0], [0, 1, 0, 0, 1, 0, 0, 1], [0, 0, 1, 1, 0, 1, 0, 1], [1, 1, 0, 0, 1, 0, 1, 1], [1, 1, 0, 0, 0, 0, 0, 1], [1, 0, 0, 1, 1, 1, 1, 0]]",,True,less
4,6,F0,0.55,"Change price: 0, reason: High share rate of 0.95 sustains stable sales at current price, maximizing profit without risking drops as seen in past increases.",3.3,6,3.3,0.95,"[0.95, 'adaptive']","[1, 3, 3, 2, 2, 1, 2, 3]","[[0, 1, 0, 0, 0, 1, 1, 1], [1, 0, 0, 0, 0, 1, 1, 0], [0, 0, 0, 0, 1, 0, 0, 0], [0, 0, 0, 0, 1, 1, 0, 1], [0, 0, 1, 1, 0, 1, 0, 0], [1, 1, 0, 1, 1, 0, 1, 1], [1, 1, 0, 0, 1, 0, 0, 1], [1, 0, 0, 1, 0, 1, 1, 0]]",,True,less
4,6,F1,0.75,"Change price: -0.05, reason: No sales at 0.80 despite high share rate, so decrease to encourage purchases and restore profit.",0.75,1,0.75,0.95,"[0.95, 'adaptive']","[2, 3, 1, 2, 3, 1, 2, 3]","[[0, 1, 0, 0, 0, 1, 0, 1], [1, 0, 0, 0, 0, 1, 1, 0], [0, 0, 0, 1, 1, 0, 0, 0], [0, 0, 1, 0, 1, 1, 0, 0], [0, 0, 1, 1, 0, 0, 0, 0], [1, 1, 0, 1, 0, 0, 1, 1], [0, 1, 0, 0, 0, 0, 0, 1], [1, 0, 0, 0, 0, 1, 1, 0]]",,True,less
4,6,F2,0.65,"Change price: 0, reason: Historical data shows 0.65 maximizes profit with consistent high share rate of 0.95, as price increases reduced sales.",4.55,7,4.55,0.95,"[0.95, 'adaptive']","[1, 3, 2, 3, 2, 1, 2, 3]","[[0, 1, 0, 0, 0, 1, 1, 1], [1, 0, 0, 0, 0, 1, 1, 0], [0, 0, 0, 1, 1, 0, 0, 0], [0, 0, 0, 0, 1, 0, 0, 1], [0, 0, 1, 1, 0, 0, 0, 0], [1, 1, 0, 0, 0, 0, 1, 0], [1, 1, 0, 0, 0, 0, 0, 1], [1, 0, 0, 1, 0, 0, 1, 0]]",,True,less
4,6,F3,0.7,"Change price: 0.00, reason: High share rate of 0.95 sustains sales at 0.70, maximizing profit based on historical data.",3.5,5,3.5,0.95,"[0.95, 'adaptive']","[2, 3, 3, 3, 2, 1, 1, 2]","[[0, 1, 0, 0, 0, 1, 1, 1], [1, 0, 0, 0, 0, 1, 1, 0], [0, 0, 0, 0, 1, 0, 0, 0], [0, 0, 0, 0, 1, 0, 0, 0], [0, 0, 1, 1, 0, 1, 0, 1], [1, 1, 0, 0, 1, 0, 1, 1], [1, 1, 0, 0, 0, 0, 0, 1], [1, 0, 0, 0, 1, 1, 1, 0]]",,True,less
4,7,F0,0.55,"Change price: 0, reason: High share rate of 0.95 sustains stable sales at current price, avoiding revenue drops from past increases in competitive market.",3.3,6,3.3,0.95,"[0.95, 'adaptive']","[2, 3, 1, 3, 2, 1, 2, 3]","[[0, 1, 0, 0, 0, 1, 1, 1], [1, 0, 0, 0, 0, 1, 1, 0], [0, 0, 0, 1, 1, 1, 0, 0], [0, 0, 1, 0, 1, 1, 0, 0], [0, 0, 1, 1, 0, 1, 0, 0], [1, 1, 1, 1, 1, 0, 1, 1], [1, 1, 0, 0, 0, 1, 0, 1], [1, 0, 0, 0, 0, 1, 1, 0]]",,True,less
4,7,F1,0.75,"Change price: 0, reason: High share rate of 0.95 sustains sales at current price, balancing profit optimization with competition risks.",0.75,1,0.75,0.95,"[0.95, 'adaptive']","[1, 3, 2, 3, 2, 1, 2, 3]","[[0, 1, 0, 0, 0, 1, 1, 1], [1, 0, 1, 1, 0, 1, 1, 0], [0, 1, 0, 1, 1, 0, 0, 0], [0, 1, 1, 0, 1, 0, 0, 1], [0, 0, 1, 1, 0, 0, 0, 0], [1, 1, 0, 0, 0, 0, 1, 1], [1, 1, 0, 0, 0, 0, 0, 1], [1, 0, 0, 1, 0, 1, 1, 0]]",,True,less
4,7,F2,0.65,"Change price: 0, reason: Historical data consistently shows 0.65 maximizes profit with high share rate of 0.95, as price increases reduced sales.",4.55,7,4.55,0.95,"[0.95, 'adaptive']","[1, 3, 2, 3, 2, 1, 2, 3]","[[0, 1, 0, 0, 0, 1, 1, 1], [1, 0, 0, 0, 0, 1, 1, 0], [0, 0, 0, 1, 1, 0, 0, 0], [0, 0, 0, 0, 1, 0, 0, 1], [0, 0, 1, 1, 0, 0, 0, 0], [1, 1, 0, 0, 0, 0, 1, 1], [1, 1, 0, 0, 0, 1, 0, 1], [1, 0, 0, 1, 0, 1, 1, 0]]",,True,less
4,7,F3,0.75,"Change price: 0.05, reason: High predicted share rate of 0.95 increases purchase likelihood, justifying a modest increase to test higher profit.",3.0,4,3.0,0.95,"[0.95, 'adaptive']","[1, 3, 2, 3, 2, 1, 2, 3]","[[0, 1, 0, 0, 0, 1, 1, 1], [1, 0, 0, 0, 0, 1, 1, 0], [0, 0, 0, 1, 1, 0, 0, 0], [0, 0, 1, 0, 1, 0, 0, 1], [0, 0, 1, 1, 0, 1, 0, 0], [1, 1, 0, 0, 1, 0, 1, 1], [1, 1, 0, 0, 0, 1, 0, 1], [1, 0, 0, 1, 0, 1, 1, 0]]",,True,less
4,8,F0,0.55,"Change price: 0, reason: High share rate of 0.95 sustains stable sales at current price, avoiding revenue drops from past increases in competitive market.",3.3,6,3.3,0.95,"[0.95, 'adaptive']","[2, 3, 1, 3, 2, 1, 2, 3]","[[0, 1, 0, 0, 0, 1, 1, 1], [1, 0, 0, 0, 0, 1, 1, 0], [0, 0, 0, 0, 1, 1, 0, 0], [0, 0, 0, 0, 1, 0, 0, 0], [0, 0, 1, 1, 0, 1, 0, 0], [1, 1, 1, 0, 1, 0, 1, 1], [1, 1, 0, 0, 0, 1, 0, 1], [1, 0, 0, 0, 0, 1, 1, 0]]",,True,less
4,8,F1,0.77,"Change price: 0.02, reason: High share rate of 0.95 increases purchase likelihood, justifying a slight increase to test higher profit while maintaining sales.",0.0,0,0.0,0.95,"[0.95, 'adaptive']","[1, 3, 2, 3, 2, 1, 2, 3]","[[0, 1, 0, 0, 0, 1, 1, 0], [1, 0, 0, 0, 0, 1, 1, 0], [0, 0, 0, 0, 1, 0, 0, 0], [0, 0, 0, 0, 1, 0, 0, 1], [0, 0, 1, 1, 0, 1, 0, 0], [1, 1, 0, 0, 1, 0, 1, 1], [1, 1, 0, 0, 1, 0, 0, 1], [0, 0, 0, 1, 0, 1, 1, 0]]",,True,less
4,8,F2,0.65,"Change price: 0, reason: Historical data shows 0.65 maximizes profit with high share rate of 0.95, as price changes reduced sales.",4.55,7,4.55,0.95,"[0.95, 'adaptive']","[1, 3, 3, 2, 2, 1, 2, 3]","[[0, 1, 0, 0, 0, 1, 1, 0], [1, 0, 0, 0, 0, 1, 1, 0], [0, 0, 0, 0, 0, 0, 0, 0], [0, 0, 0, 0, 1, 0, 0, 0], [0, 0, 0, 1, 0, 0, 0, 0], [1, 1, 0, 0, 0, 0, 1, 0], [1, 1, 0, 0, 0, 0, 0, 1], [0, 0, 0, 0, 0, 0, 1, 0]]",,True,less
4,8,F3,0.7,"Change price: -0.05, reason: Historical data indicates 0.70 yields higher sales and profit than 0.75, optimizing with high share rate.",3.5,5,3.5,0.95,"[0.95, 'adaptive']","[2, 3, 1, 3, 2, 1, 2, 3]","[[0, 1, 0, 0, 0, 1, 1, 1], [1, 0, 0, 0, 0, 1, 1, 0], [0, 0, 0, 1, 1, 1, 0, 0], [0, 0, 1, 0, 1, 0, 0, 1], [0, 0, 1, 1, 0, 1, 0, 0], [1, 1, 1, 0, 1, 0, 1, 1], [1, 1, 0, 0, 0, 1, 0, 1], [1, 0, 0, 1, 0, 1, 1, 0]]",,True,less
4,9,F0,0.55,"Change price: 0, reason: High share rate of 0.95 sustains stable sales at current price, avoiding revenue drops from past increases in competitive market.",3.3,6,3.3,0.95,"[0.95, 'adaptive']","[2, 3, 1, 3, 2, 1, 2, 3]","[[0, 1, 0, 0, 0, 1, 1, 1], [1, 0, 0, 0, 0, 1, 1, 0], [0, 0, 0, 1, 1, 1, 0, 0], [0, 0, 1, 0, 1, 0, 0, 1], [0, 0, 1, 1, 0, 1, 0, 0], [1, 1, 1, 0, 1, 0, 1, 1], [1, 1, 0, 0, 0, 1, 0, 1], [1, 0, 0, 1, 0, 1, 1, 0]]",,True,less
4,9,F1,0.75,"Change price: -0.02, reason: No sales at 0.77 despite high share rate, so decrease to encourage purchases and restore profit.",0.75,1,0.75,0.95,"[0.95, 'adaptive']","[2, 3, 3, 2, 1, 1, 2, 3]","[[0, 1, 0, 0, 0, 1, 1, 1], [1, 0, 0, 0, 0, 1, 1, 0], [0, 0, 0, 1, 1, 0, 0, 1], [0, 0, 0, 0, 1, 1, 0, 0], [0, 0, 1, 1, 0, 1, 0, 0], [1, 1, 0, 1, 1, 0, 1, 1], [1, 1, 0, 0, 1, 0, 0, 1], [1, 0, 1, 0, 0, 1, 1, 0]]",,True,less
4,9,F2,0.65,"Change price: 0, reason: Historical data consistently shows 0.65 maximizes profit with high share rate of 0.95, as price increases reduced sales.",4.55,7,4.55,0.95,"[0.95, 'adaptive']","[1, 3, 2, 3, 2, 1, 2, 3]","[[0, 1, 0, 0, 0, 1, 1, 1], [1, 0, 0, 0, 0, 1, 1, 0], [0, 0, 0, 1, 1, 0, 0, 0], [0, 0, 0, 0, 1, 0, 0, 1], [0, 0, 1, 1, 0, 1, 0, 0], [1, 1, 0, 0, 1, 0, 1, 1], [1, 1, 0, 0, 0, 1, 0, 1], [1, 0, 0, 1, 0, 1, 1, 0]]",,True,less
4,9,F3,0.7,"Change price: 0.00, reason: Historical data shows 0.70 maximizes sales and profit with high share rate of 0.95.",3.5,5,3.5,0.95,"[0.95, 'adaptive']","[1, 3, 2, 3, 2, 1, 2, 3]","[[0, 1, 0, 0, 0, 1, 1, 1], [1, 0, 0, 0, 0, 1, 1, 0], [0, 0, 0, 1, 1, 0, 0, 0], [0, 0, 1, 0, 1, 0, 0, 0], [0, 0, 1, 1, 0, 1, 0, 0], [1, 1, 0, 0, 1, 0, 1, 1], [1, 1, 0, 0, 0, 1, 0, 1], [1, 0, 0, 0, 0, 1, 1, 0]]",,True,less
4,10,F0,0.55,"Change price: 0, reason: High share rate of 0.95 maintains stable sales at current price, avoiding revenue drops from past increases in competitive market.",3.3,6,3.3,0.95,"[0.95, 'adaptive']","[2, 3, 1, 3, 2, 1, 2, 3]","[[0, 1, 0, 0, 0, 1, 1, 1], [1, 0, 0, 0, 0, 1, 1, 0], [0, 0, 0, 0, 1, 1, 0, 0], [0, 0, 0, 0, 1, 0, 0, 1], [0, 0, 1, 1, 0, 1, 0, 0], [1, 1, 1, 0, 1, 0, 1, 1], [1, 1, 0, 0, 0, 1, 0, 1], [1, 0, 0, 1, 0, 1, 1, 0]]",,True,less
4,10,F1,0.75,"Change price: 0, reason: High share rate of 0.95 sustains sales at current price, avoiding risk of no sales as seen in recent rounds.",0.75,1,0.75,0.95,"[0.95, 'adaptive']","[2, 3, 3, 2, 1, 1, 2, 3]","[[0, 1, 0, 0, 0, 1, 1, 1], [1, 0, 0, 1, 0, 1, 1, 0], [0, 0, 0, 1, 1, 0, 0, 0], [0, 1, 0, 0, 1, 0, 0, 0], [0, 0, 1, 1, 0, 1, 0, 1], [1, 1, 0, 0, 1, 0, 1, 1], [1, 1, 0, 0, 1, 0, 0, 1], [1, 0, 0, 0, 1, 1, 0, 0]]",,True,less
4,10,F2,0.65,"Change price: 0, reason: Historical data consistently shows 0.65 maximizes profit with high share rate of 0.95, as price increases reduced sales.",4.55,7,4.55,0.95,"[0.95, 'adaptive']","[1, 3, 2, 3, 2, 1, 2, 3]","[[0, 1, 0, 0, 0, 1, 1, 1], [1, 0, 0, 0, 0, 1, 1, 0], [0, 0, 0, 0, 1, 0, 0, 0], [0, 0, 0, 0, 1, 0, 0, 1], [0, 0, 1, 1, 0, 0, 0, 0], [1, 1, 0, 0, 0, 0, 1, 0], [1, 1, 0, 0, 0, 0, 0, 1], [1, 0, 0, 1, 0, 0, 1, 0]]",,True,less
4,10,F3,0.7,"Change price: 0.00, reason: Historical data shows 0.70 maximizes sales and profit with high share rate of 0.95.",3.5,5,3.5,0.95,"[0.95, 'adaptive']","[1, 3, 2, 3, 2, 1, 2, 3]","[[0, 1, 0, 0, 0, 1, 1, 1], [1, 0, 1, 1, 0, 1, 1, 0], [0, 1, 0, 1, 1, 0, 0, 0], [0, 1, 1, 0, 1, 0, 0, 0], [0, 0, 1, 1, 0, 1, 0, 1], [1, 1, 0, 0, 1, 0, 1, 1], [1, 1, 0, 0, 0, 0, 0, 1], [1, 0, 0, 0, 1, 1, 1, 0]]",,True,less
5,1,F0,0.55,"Change price: 0.05, reason: High share rate increases likelihood of purchases due to recommendations in competitive market.",2.2,4,2.2,1.0,"[0.5622314105693093, 'adaptive']","[2, 3, 1, 3, 2, 1, 2, 3]","[[0, 1, 0, 0, 0, 1, 1, 1], [1, 0, 1, 0, 0, 1, 1, 0], [0, 1, 0, 1, 1, 0, 0, 0], [0, 0, 1, 0, 1, 0, 0, 1], [0, 0, 1, 0, 0, 1, 0, 0], [1, 1, 0, 0, 0, 0, 1, 1], [1, 1, 0, 0, 0, 0, 0, 1], [1, 0, 0, 1, 0, 1, 1, 0]]",,True,less
5,1,F1,0.6,"Change price: 0.10, reason: High share rate increases purchase likelihood due to recommendations in competitive market.",3.0,5,3.0,1.0,"[0.9919578984323459, 'adaptive']","[1, 3, 2, 3, 2, 1, 2, 3]","[[0, 1, 0, 0, 0, 1, 1, 1], [1, 0, 1, 1, 0, 1, 1, 0], [0, 1, 0, 1, 1, 0, 0, 0], [0, 1, 1, 0, 1, 0, 0, 1], [0, 0, 1, 1, 0, 1, 0, 0], [1, 1, 0, 0, 1, 0, 1, 1], [1, 1, 0, 0, 1, 1, 0, 1], [1, 0, 0, 1, 0, 1, 1, 0]]",,True,less
5,1,F2,0.53,"Change price: 0.03, reason: Higher share rate increases purchase likelihood through recommendations in a competitive market.",2.12,4,2.12,1.0,"[0.3281620104749554, 'adaptive']","[2, 1, 2, 3, 3, 1, 2, 2]","[[0, 1, 0, 0, 0, 1, 1, 1], [1, 0, 1, 0, 0, 1, 1, 0], [0, 1, 0, 1, 1, 0, 0, 0], [0, 0, 1, 0, 1, 0, 0, 1], [0, 0, 1, 1, 0, 1, 0, 0], [1, 1, 0, 0, 1, 0, 1, 1], [1, 1, 0, 0, 0, 0, 0, 1], [1, 0, 0, 1, 0, 1, 1, 0]]",,True,equal
5,1,F3,0.55,"Change price: 0.05, reason: High share rate of 0.67 increases purchase likelihood in competitive market with 5 firms, allowing for a slight price increase.",0.55,1,0.55,1.0,"[0.6720760312534272, 'adaptive']","[2, 3, 1, 3, 2, 1, 2, 3]","[[0, 0, 0, 0, 0, 1, 1, 0], [0, 0, 0, 0, 0, 0, 0, 0], [0, 0, 0, 0, 1, 1, 0, 0], [0, 0, 0, 0, 0, 0, 0, 0], [0, 0, 1, 0, 0, 0, 0, 0], [1, 0, 1, 0, 0, 0, 0, 1], [1, 0, 0, 0, 0, 0, 0, 1], [0, 0, 0, 0, 0, 1, 1, 0]]",,True,less
5,1,F4,0.55,"Change price: 0.05, reason: Moderate share rate increases buy likelihood, allowing slight price hike in competitive market.",1.1,2,1.1,1.0,"[0.48477104347822997, 'adaptive']","[2, 3, 1, 3, 2, 1, 2, 3]","[[0, 1, 0, 0, 0, 1, 1, 1], [1, 0, 1, 1, 0, 1, 1, 0], [0, 1, 0, 1, 1, 0, 0, 0], [0, 1, 1, 0, 1, 0, 0, 1], [0, 0, 1, 1, 0, 1, 0, 0], [1, 1, 0, 0, 1, 0, 1, 1], [1, 1, 0, 0, 0, 0, 0, 1], [1, 0, 0, 1, 0, 1, 1, 0]]",,True,less
5,2,F0,0.6,"Change price: 0.05, reason: High share rate and competition make recommendations effective, allowing a slight price increase to boost profit.",2.4,4,2.4,1.0,"[1.0, 'adaptive']","[1, 3, 2, 3, 2, 1, 2, 3]","[[0, 1, 0, 0, 0, 1, 1, 1], [1, 0, 1, 0, 0, 1, 1, 0], [0, 1, 0, 1, 1, 0, 0, 0], [0, 0, 1, 0, 1, 0, 0, 1], [0, 0, 1, 1, 0, 1, 0, 0], [1, 1, 0, 0, 1, 0, 1, 1], [1, 1, 0, 0, 0, 0, 0, 1], [1, 0, 0, 1, 0, 1, 1, 0]]",,True,less
5,2,F1,0.7,"Change price: 0.10, reason: High share rate and competition increase purchase likelihood via recommendations, justifying a price increase.",3.5,5,3.5,1.0,"[1.0, 'adaptive']","[1, 3, 2, 3, 2, 1, 2, 3]","[[0, 1, 0, 0, 0, 1, 1, 0], [1, 0, 1, 0, 0, 1, 1, 0], [0, 1, 0, 1, 1, 0, 0, 0], [0, 0, 1, 0, 1, 0, 0, 1], [0, 0, 1, 1, 0, 1, 0, 1], [1, 1, 0, 0, 1, 0, 1, 1], [1, 1, 0, 0, 1, 0, 0, 1], [0, 0, 0, 1, 1, 1, 1, 0]]",,True,less
5,2,F2,0.56,"Change price: 0.03, reason: High share rate of 1.0 increases purchase likelihood through recommendations, justifying a slight increase in a competitive market with 5 firms.",2.24,4,2.24,1.0,"[1.0, 'adaptive']","[1, 2, 2, 3, 2, 1, 2, 3]","[[0, 1, 0, 0, 0, 1, 1, 0], [1, 0, 1, 0, 0, 1, 1, 0], [0, 1, 0, 1, 1, 0, 0, 0], [0, 0, 1, 0, 1, 0, 0, 1], [0, 0, 1, 1, 0, 0, 0, 0], [1, 1, 0, 0, 0, 0, 1, 1], [1, 1, 0, 0, 0, 0, 0, 1], [0, 0, 0, 1, 0, 1, 1, 0]]",,True,less
5,2,F3,0.6,"Change price: 0.05, reason: High share rate of 1.0 maximizes purchase likelihood in competitive market with 5 firms, allowing for a slight price increase.",0.6,1,0.6,1.0,"[1.0, 'adaptive']","[2, 3, 1, 3, 2, 1, 2, 3]","[[0, 0, 0, 0, 0, 1, 1, 0], [0, 0, 0, 0, 0, 0, 0, 0], [0, 0, 0, 0, 1, 0, 0, 0], [0, 0, 0, 0, 0, 0, 0, 0], [0, 0, 1, 0, 0, 0, 0, 0], [1, 0, 0, 0, 0, 0, 0, 1], [1, 0, 0, 0, 0, 0, 0, 1], [0, 0, 0, 0, 0, 1, 1, 0]]",,True,less
5,2,F4,0.6,"Change price: 0.05, reason: High share rate of 1.0 boosts buy likelihood through recommendations, allowing price increase despite competition.",1.2,2,1.2,1.0,"[1.0, 'adaptive']","[1, 3, 2, 3, 2, 1, 2, 3]","[[0, 1, 0, 0, 0, 1, 1, 0], [1, 0, 1, 1, 0, 1, 1, 0], [0, 1, 0, 1, 1, 0, 0, 0], [0, 1, 1, 0, 1, 0, 0, 0], [0, 0, 1, 1, 0, 0, 0, 0], [1, 1, 0, 0, 0, 0, 1, 0], [1, 1, 0, 0, 0, 0, 0, 1], [0, 0, 0, 0, 0, 0, 1, 0]]",,True,less
5,3,F0,0.65,"Change price: 0.05, reason: High share rate and competition enhance recommendations, enabling a slight price increase to boost profit while maintaining sales.",2.6,4,2.6,1.0,"[1.0, 'adaptive']","[1, 3, 2, 3, 2, 1, 2, 3]","[[0, 1, 0, 0, 0, 1, 1, 1], [1, 0, 1, 0, 0, 1, 1, 0], [0, 1, 0, 1, 1, 0, 0, 0], [0, 0, 1, 0, 1, 0, 0, 1], [0, 0, 1, 1, 0, 1, 0, 0], [1, 1, 0, 0, 1, 0, 1, 1], [1, 1, 0, 0, 0, 0, 0, 1], [1, 0, 0, 1, 0, 1, 1, 0]]",,True,less
5,3,F1,0.8,"Change price: 0.10, reason: High share rate and competition enhance purchase likelihood via recommendations, allowing price increase to boost profit.",4.0,5,4.0,1.0,"[1.0, 'adaptive']","[1, 3, 2, 3, 2, 1, 2, 3]","[[0, 1, 0, 0, 0, 1, 1, 1], [1, 0, 1, 0, 0, 1, 1, 0], [0, 1, 0, 1, 1, 0, 0, 0], [0, 0, 1, 0, 1, 0, 0, 1], [0, 0, 1, 1, 0, 1, 0, 1], [1, 1, 0, 0, 1, 0, 1, 1], [1, 1, 0, 0, 0, 1, 0, 1], [1, 0, 0, 1, 1, 1, 1, 0]]",,True,less
5,3,F2,0.59,"Change price: 0.03, reason: High share rate of 1.0 boosts purchase likelihood via recommendations in a competitive market with 5 firms, allowing a slight increase.",2.36,4,2.36,1.0,"[1.0, 'adaptive']","[1, 2, 2, 3, 2, 1, 2, 3]","[[0, 1, 0, 0, 0, 1, 1, 0], [1, 0, 1, 0, 0, 1, 1, 0], [0, 1, 0, 1, 1, 0, 0, 0], [0, 0, 1, 0, 1, 0, 0, 1], [0, 0, 1, 1, 0, 0, 0, 0], [1, 1, 0, 0, 0, 0, 1, 1], [1, 1, 0, 0, 0, 0, 0, 1], [0, 0, 0, 1, 0, 1, 1, 0]]",,True,less
5,3,F3,0.65,"Change price: 0.05, reason: High share rate of 1.0 maintains strong purchase likelihood in competitive 5-firm market, allowing a slight price increase from 0.60 to 0.65.",0.65,1,0.65,1.0,"[1.0, 'adaptive']","[2, 3, 1, 3, 2, 1, 2, 3]","[[0, 1, 0, 0, 0, 1, 1, 1], [1, 0, 1, 0, 0, 1, 1, 0], [0, 1, 0, 1, 1, 0, 0, 0], [0, 0, 1, 0, 1, 0, 0, 1], [0, 0, 1, 1, 0, 1, 0, 0], [1, 1, 0, 0, 1, 0, 1, 1], [1, 1, 0, 0, 0, 0, 0, 1], [1, 0, 0, 1, 0, 1, 1, 0]]",,True,less
5,3,F4,0.65,"Change price: 0.05, reason: High share rate of 1.0 increases buy likelihood through recommendations, justifying a slight price hike despite competition.",0.65,1,0.65,1.0,"[1.0, 'adaptive']","[1, 3, 2, 3, 2, 1, 2, 3]","[[0, 1, 0, 0, 0, 1, 1, 0], [1, 0, 1, 0, 0, 1, 1, 0], [0, 1, 0, 1, 1, 0, 0, 0], [0, 0, 1, 0, 1, 0, 0, 1], [0, 0, 1, 1, 0, 0, 0, 0], [1, 1, 0, 0, 0, 0, 1, 1], [1, 1, 0, 0, 0, 0, 0, 1], [0, 0, 0, 1, 0, 1, 1, 0]]",,True,less
5,4,F0,0.7,"Change price: 0.05, reason: High share rate and competition enhance recommendations, enabling a slight price increase to boost profit while maintaining sales.",2.8,4,2.8,1.0,"[1.0, 'adaptive']","[1, 3, 2, 3, 2, 1, 2, 3]","[[0, 1, 0, 0, 0, 1, 1, 1], [1, 0, 1, 0, 0, 1, 1, 0], [0, 1, 0, 1, 1, 0, 0, 0], [0, 0, 1, 0, 1, 0, 0, 1], [0, 0, 1, 1, 0, 1, 0, 0], [1, 1, 0, 0, 1, 0, 1, 1], [1, 1, 0, 0, 0, 0, 0, 1], [1, 0, 0, 1, 0, 1, 1, 0]]",,True,less
5,4,F1,0.9,"Change price: 0.10, reason: High share rate and competition enhance purchase likelihood via recommendations, justifying a price increase to maximize profit.",2.7,3,2.7,1.0,"[1.0, 'adaptive']","[1, 3, 2, 3, 2, 1, 2, 3]","[[0, 1, 0, 0, 0, 1, 1, 1], [1, 0, 1, 1, 0, 1, 1, 0], [0, 1, 0, 1, 1, 0, 0, 0], [0, 1, 1, 0, 1, 0, 0, 0], [0, 0, 1, 1, 0, 1, 0, 0], [1, 1, 0, 0, 1, 0, 1, 1], [1, 1, 0, 0, 1, 1, 0, 1], [1, 0, 0, 0, 0, 1, 1, 0]]",,True,less
5,4,F2,0.62,"Change price: 0.03, reason: High share rate of 1.0 sustains purchase likelihood through recommendations in competitive market, allowing slight increase.",2.48,4,2.48,1.0,"[1.0, 'adaptive']","[1, 1, 2, 3, 3, 2, 2, 3]","[[0, 1, 0, 0, 0, 1, 1, 0], [1, 0, 1, 0, 0, 1, 1, 0], [0, 1, 0, 1, 1, 0, 0, 0], [0, 0, 1, 0, 1, 0, 0, 1], [0, 0, 1, 1, 0, 0, 0, 0], [1, 1, 0, 0, 0, 0, 1, 1], [1, 1, 0, 0, 0, 0, 0, 1], [0, 0, 0, 1, 0, 1, 1, 0]]",,True,less
5,4,F3,0.7,"Change price: 0.05, reason: High share rate of 1.0 enhances purchase likelihood in competitive 5-firm market, justifying a slight price increase from 0.65 to 0.70.",0.7,1,0.7,1.0,"[1.0, 'adaptive']","[2, 3, 1, 3, 2, 1, 2, 3]","[[0, 1, 0, 0, 0, 1, 1, 0], [1, 0, 1, 1, 0, 1, 0, 0], [0, 1, 0, 1, 1, 0, 0, 0], [0, 1, 1, 0, 1, 0, 0, 0], [0, 0, 1, 1, 0, 1, 0, 0], [1, 1, 0, 0, 1, 0, 1, 1], [1, 0, 0, 0, 0, 0, 0, 1], [0, 0, 0, 0, 0, 1, 1, 0]]",,True,less
5,4,F4,0.6,"Change price: -0.05, reason: Sales dropped to 1 at 0.65, so slight decrease to boost volume despite high share rate.",1.2,2,1.2,1.0,"[1.0, 'adaptive']","[2, 3, 1, 2, 1, 1, 3, 2]","[[0, 1, 0, 1, 0, 1, 0, 1], [1, 0, 1, 0, 0, 1, 0, 0], [0, 1, 0, 1, 1, 0, 0, 0], [1, 0, 0, 0, 1, 1, 0, 0], [0, 0, 1, 1, 0, 0, 0, 0], [1, 1, 0, 1, 0, 0, 1, 1], [0, 0, 0, 0, 0, 0, 0, 1], [1, 0, 0, 0, 0, 1, 1, 0]]",,True,greater
5,5,F0,0.75,"Change price: 0.05, reason: High share rate and competition enhance recommendations, enabling a slight price increase to boost profit while maintaining sales.",3.0,4,3.0,1.0,"[1.0, 'adaptive']","[1, 3, 2, 3, 2, 1, 2, 3]","[[0, 1, 0, 0, 0, 1, 1, 1], [1, 0, 1, 1, 0, 1, 1, 0], [0, 1, 0, 1, 1, 0, 0, 0], [0, 1, 1, 0, 1, 0, 0, 1], [0, 0, 1, 1, 0, 1, 0, 0], [1, 1, 0, 0, 1, 0, 1, 1], [1, 1, 0, 0, 0, 1, 0, 1], [1, 0, 0, 1, 0, 1, 1, 0]]",,True,less
5,5,F1,0.8,"Change price: -0.10, reason: Decrease to increase sales and profit after drop in Round 4.",4.0,5,4.0,1.0,"[1.0, 'adaptive']","[2, 3, 1, 3, 2, 1, 2, 3]","[[0, 1, 0, 0, 0, 1, 1, 1], [1, 0, 0, 0, 0, 1, 1, 0], [0, 0, 0, 1, 1, 0, 0, 0], [0, 0, 0, 0, 1, 1, 0, 1], [0, 0, 1, 1, 0, 1, 0, 0], [1, 1, 0, 1, 1, 0, 1, 1], [1, 1, 0, 0, 0, 0, 0, 1], [1, 0, 0, 1, 0, 1, 1, 0]]",,True,less
5,5,F2,0.65,"Change price: 0.03, reason: High share rate of 1.0 sustains purchase likelihood through recommendations in competitive market, justifying slight increase.",2.6,4,2.6,1.0,"[1.0, 'adaptive']","[1, 1, 2, 3, 3, 2, 2, 3]","[[0, 1, 0, 0, 0, 1, 1, 0], [1, 0, 1, 0, 0, 1, 1, 0], [0, 1, 0, 1, 1, 0, 0, 0], [0, 0, 1, 0, 1, 0, 0, 1], [0, 0, 1, 1, 0, 0, 0, 1], [1, 1, 0, 0, 0, 0, 1, 1], [1, 1, 0, 0, 0, 1, 0, 1], [0, 0, 0, 1, 1, 1, 1, 0]]",,True,less
5,5,F3,0.75,"Change price: 0.05, reason: High share rate of 1.0 in competitive 5-firm market continues to boost purchase likelihood, justifying a slight price increase from 0.70 to 0.75.",0.75,1,0.75,1.0,"[1.0, 'adaptive']","[1, 3, 2, 3, 2, 1, 2, 3]","[[0, 1, 0, 0, 0, 1, 1, 0], [1, 0, 0, 0, 0, 1, 1, 0], [0, 0, 0, 1, 1, 0, 0, 0], [0, 0, 1, 0, 1, 0, 0, 1], [0, 0, 1, 1, 0, 1, 0, 0], [1, 1, 0, 0, 1, 0, 1, 1], [1, 1, 0, 0, 0, 0, 0, 1], [0, 0, 0, 1, 0, 1, 1, 0]]",,True,less
5,5,F4,0.6,"Change price: 0, reason: High share rate maintains buy likelihood, keeping price stable after recent successful sales.",1.2,2,1.2,1.0,"[1.0, 'adaptive']","[2, 3, 3, 2, 1, 1, 2, 3]","[[0, 1, 0, 0, 0, 1, 1, 1], [1, 0, 0, 1, 0, 1, 1, 0], [0, 0, 0, 1, 1, 0, 0, 0], [0, 1, 0, 0, 1, 0, 0, 0], [0, 0, 1, 1, 0, 1, 0, 0], [1, 1, 0, 0, 1, 0, 1, 1], [1, 1, 0, 0, 1, 0, 0, 1], [1, 0, 0, 0, 0, 1, 1, 0]]",,True,less
5,6,F0,0.8,"Change price: 0.05, reason: High share rate and competition enhance recommendations, enabling a slight price increase to boost profit while maintaining sales.",2.4,3,2.4,1.0,"[1.0, 'adaptive']","[1, 3, 2, 3, 2, 1, 2, 3]","[[0, 1, 0, 0, 0, 1, 1, 1], [1, 0, 1, 0, 0, 1, 1, 0], [0, 1, 0, 1, 1, 0, 0, 0], [0, 0, 1, 0, 1, 0, 0, 0], [0, 0, 1, 1, 0, 1, 0, 0], [1, 1, 0, 0, 1, 0, 1, 1], [1, 1, 0, 0, 0, 1, 0, 1], [1, 0, 0, 0, 0, 1, 1, 0]]",,True,less
5,6,F1,0.85,"Change price: 0.05, reason: High share rate and competition enhance purchase likelihood via recommendations, justifying a slight increase to test profit potential.",2.55,3,2.55,1.0,"[1.0, 'adaptive']","[1, 3, 2, 3, 2, 1, 2, 3]","[[0, 1, 0, 0, 0, 1, 1, 1], [1, 0, 0, 0, 0, 1, 1, 0], [0, 0, 0, 1, 1, 0, 0, 0], [0, 0, 1, 0, 1, 0, 0, 1], [0, 0, 1, 1, 0, 1, 0, 0], [1, 1, 0, 0, 1, 0, 1, 1], [1, 1, 0, 0, 0, 0, 0, 1], [1, 0, 0, 1, 0, 1, 1, 0]]",,True,less
5,6,F2,0.68,"Change price: 0.03, reason: High share rate of 1.0 increases purchase likelihood through recommendations in competitive market, justifying slight increase.",2.72,4,2.72,1.0,"[1.0, 'adaptive']","[1, 2, 2, 3, 3, 1, 2, 3]","[[0, 1, 0, 0, 0, 1, 1, 0], [1, 0, 1, 0, 0, 1, 1, 0], [0, 1, 0, 1, 1, 0, 0, 0], [0, 0, 1, 0, 1, 1, 0, 1], [0, 0, 1, 1, 0, 1, 0, 1], [1, 1, 0, 1, 1, 0, 1, 1], [1, 1, 0, 0, 0, 1, 0, 1], [0, 0, 0, 1, 1, 1, 1, 0]]",,True,less
5,6,F3,0.8,"Change price: 0.05, reason: High share rate of 1.0 in competitive 5-firm market boosts purchase likelihood, justifying a slight price increase from 0.75 to 0.80.",0.8,1,0.8,1.0,"[1.0, 'adaptive']","[1, 3, 2, 3, 2, 1, 2, 3]","[[0, 0, 0, 0, 0, 1, 1, 0], [0, 0, 0, 0, 0, 0, 0, 0], [0, 0, 0, 0, 1, 0, 0, 0], [0, 0, 0, 0, 0, 0, 0, 0], [0, 0, 1, 0, 0, 0, 0, 0], [1, 0, 0, 0, 0, 0, 1, 1], [1, 0, 0, 0, 0, 0, 0, 1], [0, 0, 0, 0, 0, 1, 1, 0]]",,True,less
5,6,F4,0.6,"Change price: 0, reason: High share rate of 1.0 sustains buy likelihood and consistent sales at current price, avoiding risk of drop as seen previously.",1.2,2,1.2,1.0,"[1.0, 'adaptive']","[2, 3, 3, 2, 1, 1, 2, 3]","[[0, 1, 0, 0, 0, 1, 1, 1], [1, 0, 0, 0, 0, 1, 1, 0], [0, 0, 0, 1, 1, 0, 0, 0], [0, 0, 0, 0, 1, 0, 0, 1], [0, 0, 1, 1, 0, 1, 0, 0], [1, 1, 0, 0, 1, 0, 1, 1], [1, 1, 0, 0, 0, 0, 0, 1], [1, 0, 0, 1, 0, 1, 1, 0]]",,True,less
5,7,F0,0.75,"Change price: -0.05, reason: Sales decreased at 0.80, so slight reduction to boost sales and maximize profit in competitive market.",3.0,4,3.0,1.0,"[1.0, 'adaptive']","[2, 3, 1, 3, 2, 1, 2, 1]","[[0, 0, 0, 0, 0, 1, 1, 1], [0, 0, 0, 0, 0, 1, 1, 0], [0, 0, 0, 0, 1, 1, 0, 0], [0, 0, 0, 0, 0, 0, 0, 1], [0, 0, 1, 0, 0, 1, 0, 0], [1, 1, 1, 0, 1, 0, 1, 1], [1, 1, 0, 0, 0, 1, 0, 1], [1, 0, 0, 1, 0, 1, 1, 0]]",,True,greater
5,7,F1,0.8,"Change price: -0.05, reason: Decrease to increase sales and profit based on Round 6 drop.",4.0,5,4.0,1.0,"[1.0, 'adaptive']","[2, 3, 1, 3, 2, 1, 2, 1]","[[0, 1, 0, 0, 0, 1, 1, 1], [1, 0, 0, 0, 0, 1, 1, 0], [0, 0, 0, 1, 1, 0, 0, 0], [0, 0, 1, 0, 1, 0, 0, 1], [0, 0, 1, 1, 0, 1, 0, 0], [1, 1, 0, 0, 1, 0, 1, 1], [1, 1, 0, 0, 0, 0, 0, 1], [1, 0, 0, 1, 0, 1, 1, 0]]",,True,greater
5,7,F2,0.71,"Change price: 0.03, reason: High share rate of 1.0 boosts purchase likelihood through recommendations in competitive market, justifying slight increase.",2.84,4,2.84,1.0,"[1.0, 'adaptive']","[1, 3, 2, 3, 2, 1, 2, 3]","[[0, 1, 0, 0, 0, 1, 1, 0], [1, 0, 1, 0, 0, 1, 1, 0], [0, 1, 0, 1, 1, 0, 0, 0], [0, 0, 1, 0, 1, 0, 0, 1], [0, 0, 1, 1, 0, 0, 0, 0], [1, 1, 0, 0, 0, 0, 1, 1], [1, 1, 0, 0, 0, 0, 0, 1], [0, 0, 0, 1, 0, 1, 1, 0]]",,True,less
5,7,F3,0.5,"Change price: -0.30, reason: Decrease to increase expected buyers and maximize profit in competitive market with high share rate.",1.5,3,1.5,1.0,"[1.0, 'adaptive']","[2, 3, 1, 3, 2, 1, 2, 1]","[[0, 0, 0, 0, 0, 1, 1, 0], [0, 0, 0, 0, 0, 0, 0, 0], [0, 0, 0, 0, 1, 1, 1, 1], [0, 0, 0, 0, 0, 1, 0, 1], [0, 0, 1, 0, 0, 1, 0, 0], [1, 0, 1, 1, 1, 0, 1, 1], [1, 0, 1, 0, 0, 1, 0, 1], [0, 0, 1, 1, 0, 1, 1, 0]]",,True,greater
5,7,F4,0.6,"Change price: 0, reason: High share rate of 1.0 maintains consistent sales and profit at current price, avoiding risk from past price increases.",1.2,2,1.2,1.0,"[1.0, 'adaptive']","[2, 3, 3, 2, 1, 1, 2, 3]","[[0, 1, 0, 0, 0, 1, 1, 1], [1, 0, 0, 0, 0, 1, 1, 0], [0, 0, 0, 1, 1, 0, 0, 0], [0, 0, 0, 0, 1, 1, 0, 1], [0, 0, 1, 1, 0, 1, 0, 0], [1, 1, 0, 1, 1, 0, 1, 1], [1, 1, 0, 0, 0, 0, 0, 1], [1, 0, 0, 1, 0, 1, 1, 0]]",,True,less
5,8,F0,0.78,"Change price: 0.03, reason: High share rate and competition enhance recommendations, allowing a slight increase to boost profit while monitoring sales.",3.12,4,3.12,1.0,"[1.0, 'adaptive']","[1, 3, 2, 3, 2, 1, 2, 3]","[[0, 1, 0, 0, 0, 1, 1, 1], [1, 0, 1, 1, 0, 1, 1, 0], [0, 1, 0, 1, 1, 0, 0, 0], [0, 1, 1, 0, 1, 0, 0, 1], [0, 0, 1, 1, 0, 1, 0, 0], [1, 1, 0, 0, 1, 0, 1, 1], [1, 1, 0, 0, 1, 0, 0, 1], [1, 0, 0, 1, 0, 1, 1, 0]]",,True,less
5,8,F1,0.8,"Change price: 0, reason: Maintain optimal price for consistent sales and profit.",4.0,5,4.0,1.0,"[1.0, 'adaptive']","[1, 3, 3, 2, 2, 1, 2, 3]","[[0, 1, 0, 0, 0, 1, 1, 1], [1, 0, 0, 1, 0, 1, 1, 0], [0, 0, 0, 1, 1, 0, 0, 0], [0, 1, 0, 0, 1, 0, 0, 1], [0, 0, 1, 1, 0, 1, 0, 0], [1, 1, 0, 0, 1, 0, 1, 1], [1, 1, 0, 0, 1, 0, 0, 1], [1, 0, 0, 1, 0, 1, 1, 0]]",,True,less
5,8,F2,0.74,"Change price: 0.03, reason: High share rate of 1.0 sustains purchase likelihood through recommendations in competitive market, justifying slight increase.",2.96,4,2.96,1.0,"[1.0, 'adaptive']","[1, 2, 1, 3, 2, 1, 3, 2]","[[0, 1, 0, 0, 0, 1, 1, 0], [1, 0, 1, 0, 0, 1, 1, 0], [0, 1, 0, 1, 1, 0, 0, 0], [0, 0, 1, 0, 1, 0, 0, 1], [0, 0, 1, 1, 0, 0, 0, 1], [1, 1, 0, 0, 0, 0, 1, 1], [1, 1, 0, 0, 0, 0, 0, 1], [0, 0, 0, 1, 1, 1, 1, 0]]",,True,greater
5,8,F3,0.5,"Change price: 0, reason: High share rate of 1.0 with 5 firms sustains strong sales, as in Round7, maximizing profit at basic price.",1.5,3,1.5,1.0,"[1.0, 'adaptive']","[2, 3, 3, 2, 1, 1, 2, 3]","[[0, 1, 0, 0, 0, 1, 1, 1], [1, 0, 0, 0, 0, 1, 1, 0], [0, 0, 0, 0, 1, 0, 0, 0], [0, 0, 0, 0, 1, 0, 0, 0], [0, 0, 1, 1, 0, 1, 0, 0], [1, 1, 0, 0, 1, 0, 1, 1], [1, 1, 0, 0, 1, 0, 0, 1], [1, 0, 0, 0, 0, 1, 1, 0]]",,True,less
5,8,F4,0.6,"Change price: 0, reason: High share rate of 1.0 ensures consistent sales and profit at current price, avoiding risk from past price adjustments.",1.2,2,1.2,1.0,"[1.0, 'adaptive']","[1, 3, 3, 2, 2, 1, 2, 3]","[[0, 1, 0, 0, 0, 1, 0, 0], [1, 0, 0, 1, 0, 1, 1, 0], [0, 0, 0, 1, 1, 0, 0, 0], [0, 1, 0, 0, 1, 1, 0, 0], [0, 0, 1, 1, 0, 0, 0, 0], [1, 1, 0, 1, 0, 0, 1, 1], [0, 1, 0, 0, 0, 0, 0, 1], [0, 0, 0, 0, 0, 1, 1, 0]]",,True,less
5,9,F0,0.79,"Change price: 0.01, reason: High share rate and competition enhance recommendations, allowing a slight increase to potentially boost profit while monitoring sales stability.",3.16,4,3.16,1.0,"[1.0, 'adaptive']","[2, 3, 1, 3, 2, 1, 2, 3]","[[0, 1, 0, 0, 0, 1, 1, 0], [1, 0, 1, 1, 0, 1, 0, 0], [0, 1, 0, 1, 1, 0, 0, 0], [0, 1, 1, 0, 1, 0, 0, 1], [0, 0, 1, 1, 0, 1, 0, 0], [1, 1, 0, 0, 1, 0, 1, 1], [1, 0, 0, 0, 0, 1, 0, 1], [0, 0, 0, 1, 0, 1, 1, 0]]",,True,less
5,9,F1,0.8,"Change price: 0, reason: Maintain price for consistent sales and profit based on Round 8 results.",4.0,5,4.0,1.0,"[1.0, 'adaptive']","[2, 3, 3, 3, 2, 1, 1, 2]","[[0, 1, 0, 0, 0, 1, 1, 1], [1, 0, 0, 0, 0, 1, 1, 0], [0, 0, 0, 0, 1, 0, 0, 0], [0, 0, 0, 0, 1, 0, 0, 0], [0, 0, 1, 1, 0, 1, 0, 0], [1, 1, 0, 0, 1, 0, 1, 1], [1, 1, 0, 0, 1, 0, 0, 1], [1, 0, 0, 0, 0, 1, 1, 0]]",,True,less
5,9,F2,0.77,"Change price: 0.03, reason: High share rate of 1.0 sustains purchase likelihood through recommendations in competitive market with 5 firms, justifying slight increase.",3.08,4,3.08,1.0,"[1.0, 'adaptive']","[1, 2, 1, 3, 2, 1, 3, 2]","[[0, 1, 0, 0, 0, 1, 1, 0], [1, 0, 1, 0, 0, 1, 1, 0], [0, 1, 0, 1, 1, 0, 0, 0], [0, 0, 1, 0, 1, 0, 0, 1], [0, 0, 1, 0, 0, 0, 0, 0], [1, 1, 0, 0, 0, 0, 1, 1], [1, 1, 0, 0, 0, 0, 0, 1], [0, 0, 0, 1, 0, 1, 1, 0]]",,True,greater
5,9,F3,0.5,"Change price: 0, reason: High share rate of 1.0 in competitive 5-firm market sustains sales and profit at basic price of 0.50, as seen in Round8.",1.5,3,1.5,1.0,"[1.0, 'adaptive']","[2, 3, 1, 3, 2, 1, 2, 3]","[[0, 0, 0, 0, 0, 1, 1, 0], [0, 0, 0, 0, 0, 1, 1, 0], [0, 0, 0, 0, 1, 1, 0, 0], [0, 0, 0, 0, 0, 0, 0, 1], [0, 0, 1, 0, 0, 1, 0, 0], [1, 1, 1, 0, 1, 0, 1, 1], [1, 1, 0, 0, 0, 0, 0, 1], [0, 0, 0, 1, 0, 1, 1, 0]]",,True,less
5,9,F4,0.6,"Change price: 0, reason: High share rate of 1.0 ensures consistent sales and profit at current price, avoiding risk from past price increases.",1.2,2,1.2,1.0,"[1.0, 'adaptive']","[2, 3, 3, 2, 1, 1, 2, 3]","[[0, 1, 0, 0, 0, 1, 1, 1], [1, 0, 0, 1, 0, 1, 1, 0], [0, 0, 0, 1, 1, 0, 0, 0], [0, 1, 0, 0, 1, 0, 0, 1], [0, 0, 1, 1, 0, 1, 0, 1], [1, 1, 0, 0, 1, 0, 1, 1], [1, 1, 0, 0, 1, 0, 0, 1], [1, 0, 0, 1, 1, 1, 1, 0]]",,True,less
5,10,F0,0.8,"Change price: 0.01, reason: High share rate and competition enhance recommendations, allowing a slight increase to potentially boost profit while maintaining sales stability based on recent history.",3.2,4,3.2,1.0,"[1.0, 'adaptive']","[1, 3, 2, 3, 2, 1, 2, 3]","[[0, 1, 0, 0, 0, 1, 1, 1], [1, 0, 1, 1, 0, 1, 1, 0], [0, 1, 0, 1, 1, 0, 0, 0], [0, 1, 1, 0, 1, 0, 0, 1], [0, 0, 1, 1, 0, 1, 0, 0], [1, 1, 0, 0, 1, 0, 1, 1], [1, 1, 0, 0, 0, 0, 0, 1], [1, 0, 0, 1, 0, 1, 1, 0]]",,True,less
5,10,F1,0.8,"Change price: 0, reason: Maintain price for consistent sales and profit based on stable results at 0.80.",4.0,5,4.0,1.0,"[1.0, 'adaptive']","[1, 3, 3, 2, 2, 1, 2, 3]","[[0, 1, 0, 0, 0, 1, 1, 1], [1, 0, 0, 0, 0, 1, 1, 0], [0, 0, 0, 1, 1, 0, 0, 0], [0, 0, 0, 0, 1, 0, 0, 1], [0, 0, 1, 1, 0, 1, 0, 0], [1, 1, 0, 0, 1, 0, 1, 1], [1, 1, 0, 0, 1, 0, 0, 1], [1, 0, 0, 1, 0, 1, 1, 0]]",,True,less
5,10,F2,0.8,"Change price: 0.03, reason: High share rate of 1.0 maintains purchase likelihood through recommendations in competitive market with 5 firms, justifying slight increase.",2.4,3,2.4,1.0,"[1.0, 'adaptive']","[2, 1, 2, 3, 3, 1, 2, 3]","[[0, 1, 0, 0, 0, 1, 1, 0], [1, 0, 1, 0, 0, 1, 1, 0], [0, 1, 0, 1, 1, 0, 0, 0], [0, 0, 1, 0, 1, 0, 0, 0], [0, 0, 1, 1, 0, 0, 0, 1], [1, 1, 0, 0, 0, 0, 1, 1], [1, 1, 0, 0, 0, 0, 0, 1], [0, 0, 0, 0, 1, 1, 1, 0]]",,True,less
5,10,F3,0.5,"Change price: 0, reason: High share rate of 1.0 in competitive 5-firm market sustains sales and profit at basic price of 0.50, as in recent rounds.",1.5,3,1.5,1.0,"[1.0, 'adaptive']","[2, 3, 1, 3, 2, 1, 2, 1]","[[0, 0, 0, 0, 0, 1, 1, 0], [0, 0, 0, 0, 0, 0, 0, 0], [0, 0, 0, 0, 0, 1, 0, 1], [0, 0, 0, 0, 0, 0, 0, 0], [0, 0, 0, 0, 0, 1, 0, 0], [1, 0, 1, 0, 1, 0, 1, 1], [1, 0, 0, 0, 0, 1, 0, 1], [0, 0, 1, 0, 0, 1, 1, 0]]",,True,greater
5,10,F4,0.6,"Change price: 0, reason: High share rate of 1.0 ensures consistent sales and profit at current price, avoiding risk from past price adjustments.",1.2,2,1.2,1.0,"[1.0, 'adaptive']","[2, 3, 3, 2, 1, 1, 2, 3]","[[0, 1, 0, 0, 0, 1, 1, 0], [1, 0, 0, 0, 0, 1, 1, 0], [0, 0, 0, 1, 1, 0, 0, 0], [0, 0, 0, 0, 1, 1, 0, 0], [0, 0, 1, 1, 0, 1, 0, 0], [1, 1, 0, 1, 1, 0, 1, 1], [1, 1, 0, 0, 1, 0, 0, 1], [0, 0, 0, 0, 0, 1, 1, 0]]",,True,less
6,1,F0,0.6,"Change price: 0.10, reason: High share rate increases purchase likelihood due to reduced searching in competitive market.",1.8,3,1.8,1.0,"[0.7823744562405714, 'adaptive']","[1, 3, 2, 3, 2, 1, 2, 3]","[[0, 1, 0, 0, 0, 1, 1, 1], [1, 0, 1, 1, 0, 1, 1, 0], [0, 1, 0, 1, 1, 0, 0, 0], [0, 1, 1, 0, 1, 0, 0, 1], [0, 0, 1, 1, 0, 1, 0, 1], [1, 1, 0, 0, 1, 0, 1, 1], [1, 1, 0, 0, 0, 1, 0, 1], [1, 0, 0, 1, 1, 1, 1, 0]]",,False,less
6,1,F1,0.55,"Change price: 0.05, reason: Moderate share rate and high competition increase purchase likelihood via recommendations, justifying a slight price increase.",1.1,2,1.1,1.0,"[0.328751314193777, 'adaptive']","[2, 3, 1, 3, 2, 1, 2, 3]","[[0, 1, 0, 0, 0, 1, 1, 1], [1, 0, 1, 1, 0, 1, 1, 0], [0, 1, 0, 1, 1, 0, 0, 0], [0, 1, 1, 0, 1, 0, 0, 1], [0, 0, 1, 1, 0, 1, 0, 0], [1, 1, 0, 0, 1, 0, 1, 1], [1, 1, 0, 0, 1, 0, 0, 1], [1, 0, 0, 1, 0, 1, 1, 0]]",,False,less
6,1,F2,0.55,"Change price: 0.05, reason: Moderate share rate and high competition increase purchase likelihood via recommendations, justifying a slight price hike.",1.65,3,1.65,1.0,"[0.15078511694966235, 'adaptive']","[2, 3, 1, 3, 2, 1, 2, 1]","[[0, 1, 0, 0, 0, 1, 1, 0], [1, 0, 1, 0, 0, 1, 1, 0], [0, 1, 0, 1, 1, 0, 0, 0], [0, 0, 1, 0, 1, 0, 0, 1], [0, 0, 1, 1, 0, 1, 0, 0], [1, 1, 0, 0, 1, 0, 1, 1], [1, 1, 0, 0, 0, 0, 0, 1], [0, 0, 0, 1, 0, 1, 1, 0]]",,False,greater
6,1,F3,0.4,"Change price: -0.10, reason: High competition with 6 firms and low share rate reduces buyer likelihood, so lower price to increase demand.",0.8,2,0.8,1.0,"[0.012124046690339396, 'adaptive']","[2, 3, 1, 3, 2, 1, 2, 3]","[[0, 0, 1, 0, 1, 1, 1, 1], [0, 0, 0, 0, 0, 0, 0, 0], [1, 0, 0, 1, 1, 1, 1, 1], [0, 0, 1, 0, 1, 1, 0, 0], [1, 0, 1, 1, 0, 1, 1, 0], [1, 0, 1, 1, 1, 0, 1, 1], [1, 0, 1, 0, 1, 1, 0, 1], [1, 0, 1, 0, 0, 1, 1, 0]]",,False,less
6,1,F4,0.6,"Change price: 0.10, reason: High share rate increases purchase likelihood, justifying a moderate price increase in competitive market.",4.2,7,4.2,1.0,"[0.9777985525924668, 'adaptive']","[2, 3, 1, 3, 2, 1, 2, 3]","[[0, 1, 0, 0, 0, 1, 1, 0], [1, 0, 1, 1, 0, 1, 0, 0], [0, 1, 0, 1, 1, 1, 0, 0], [0, 1, 1, 0, 1, 0, 0, 0], [0, 0, 1, 1, 0, 0, 0, 0], [1, 1, 1, 0, 0, 0, 1, 1], [1, 0, 0, 0, 0, 1, 0, 1], [0, 0, 0, 0, 0, 1, 0, 0]]",,False,less
6,1,F5,0.6,"Change price: 0.10, reason: High share rate increases purchase likelihood via recommendations in competitive market.",1.8,3,1.8,1.0,"[0.782224068011035, 'adaptive']","[2, 3, 1, 3, 2, 1, 2, 3]","[[0, 1, 0, 0, 0, 1, 1, 0], [1, 0, 1, 0, 0, 1, 1, 0], [0, 1, 0, 1, 1, 0, 0, 0], [0, 0, 1, 0, 1, 0, 0, 0], [0, 0, 1, 1, 0, 1, 0, 0], [1, 1, 0, 0, 1, 0, 1, 1], [1, 1, 0, 0, 0, 1, 0, 1], [0, 0, 0, 0, 0, 1, 1, 0]]",,False,less
6,2,F0,0.65,"Change price: 0.05, reason: High share rate and competition reduce consumer search, increasing purchase likelihood and allowing a slight price increase.",1.95,3,1.95,1.0,"[1.0, 'adaptive']","[2, 3, 1, 3, 2, 1, 2, 3]","[[0, 0, 0, 0, 0, 1, 1, 0], [0, 0, 0, 0, 0, 1, 1, 0], [0, 0, 0, 0, 1, 0, 0, 0], [0, 0, 0, 0, 0, 0, 0, 1], [0, 0, 1, 0, 0, 1, 0, 0], [1, 1, 0, 0, 1, 0, 1, 1], [1, 1, 0, 0, 0, 1, 0, 1], [0, 0, 0, 1, 0, 1, 1, 0]]",,False,less
6,2,F1,0.6,"Change price: 0.05, reason: High share rate of 1.0 boosts purchase likelihood through recommendations, allowing a slight price increase to maximize profit in competitive market.",1.2,2,1.2,1.0,"[1.0, 'adaptive']","[1, 3, 2, 3, 2, 1, 2, 3]","[[0, 1, 0, 0, 0, 1, 1, 1], [1, 0, 1, 0, 0, 1, 1, 0], [0, 1, 0, 1, 1, 0, 0, 0], [0, 0, 1, 0, 1, 0, 0, 1], [0, 0, 1, 1, 0, 1, 0, 0], [1, 1, 0, 0, 1, 0, 1, 1], [1, 1, 0, 0, 1, 0, 0, 1], [1, 0, 0, 1, 0, 1, 1, 0]]",,False,less
6,2,F2,0.6,"Change price: 0.05, reason: High share rate of 1.0 boosts purchase likelihood via recommendations in high competition, justifying a slight price increase.",1.8,3,1.8,1.0,"[1.0, 'adaptive']","[1, 3, 2, 3, 2, 1, 2, 3]","[[0, 1, 0, 0, 0, 1, 1, 0], [1, 0, 1, 0, 0, 1, 1, 0], [0, 1, 0, 1, 1, 0, 0, 0], [0, 0, 1, 0, 1, 0, 0, 0], [0, 0, 1, 1, 0, 1, 0, 0], [1, 1, 0, 0, 1, 0, 1, 1], [1, 1, 0, 0, 0, 0, 0, 1], [0, 0, 0, 0, 0, 1, 1, 0]]",,False,less
6,2,F3,0.45,"Change price: 0.05, reason: High predicted share rate of 1.0 increases purchase likelihood through recommendations, offsetting competition, so raise price slightly to maximize profit.",0.9,2,0.9,1.0,"[1.0, 'adaptive']","[1, 3, 2, 3, 2, 1, 2, 3]","[[0, 0, 0, 0, 0, 1, 1, 1], [0, 0, 1, 0, 0, 1, 1, 0], [0, 1, 0, 1, 1, 0, 0, 0], [0, 0, 1, 0, 1, 0, 0, 1], [0, 0, 1, 1, 0, 1, 0, 0], [1, 1, 0, 0, 1, 0, 1, 1], [1, 1, 0, 0, 1, 0, 0, 1], [1, 0, 0, 1, 0, 1, 1, 0]]",,False,less
6,2,F4,0.7,"Change price: 0.10, reason: High share rate and competition enhance recommendations, justifying a moderate price increase to maximize profit.",4.9,7,4.9,1.0,"[1.0, 'adaptive']","[2, 3, 2, 3, 1, 1, 1, 2]","[[0, 1, 0, 0, 0, 1, 1, 1], [1, 0, 1, 1, 0, 1, 1, 0], [0, 1, 0, 1, 1, 1, 0, 0], [0, 1, 1, 0, 1, 0, 0, 0], [0, 0, 1, 1, 0, 1, 0, 0], [1, 1, 1, 0, 1, 0, 1, 1], [1, 1, 0, 0, 0, 1, 0, 1], [1, 0, 0, 0, 0, 1, 1, 0]]",,False,less
6,2,F5,0.65,"Change price: 0.05, reason: High share rate boosts purchase likelihood through recommendations in competitive market.",1.95,3,1.95,1.0,"[1.0, 'adaptive']","[2, 3, 1, 3, 2, 1, 2, 3]","[[0, 1, 0, 0, 0, 1, 1, 0], [1, 0, 1, 0, 0, 1, 1, 0], [0, 1, 0, 1, 1, 0, 0, 0], [0, 0, 1, 0, 1, 0, 0, 1], [0, 0, 1, 1, 0, 1, 0, 0], [1, 1, 0, 0, 1, 0, 1, 1], [1, 1, 0, 0, 0, 0, 0, 1], [0, 0, 0, 1, 0, 1, 1, 0]]",,False,less
6,3,F0,0.7,"Change price: 0.05, reason: High share rate of 1.0 reduces consumer search in competitive market, sustaining purchase likelihood and enabling a slight price increase to boost profit.",2.1,3,2.1,1.0,"[1.0, 'adaptive']","[1, 3, 2, 3, 2, 1, 2, 3]","[[0, 1, 0, 0, 0, 1, 1, 1], [1, 0, 1, 1, 0, 1, 1, 0], [0, 1, 0, 1, 1, 0, 0, 0], [0, 1, 1, 0, 1, 0, 0, 1], [0, 0, 1, 1, 0, 1, 0, 0], [1, 1, 0, 0, 1, 0, 1, 1], [1, 1, 0, 0, 0, 1, 0, 1], [1, 0, 0, 1, 0, 1, 1, 0]]",,False,less
6,3,F1,0.65,"Change price: 0.05, reason: High share rate of 1.0 increases purchase likelihood via recommendations, allowing a slight price increase to maximize profit despite competition.",1.3,2,1.3,1.0,"[1.0, 'adaptive']","[1, 3, 2, 3, 2, 1, 2, 3]","[[0, 1, 0, 0, 0, 1, 1, 0], [1, 0, 1, 0, 0, 1, 1, 0], [0, 1, 0, 1, 1, 0, 0, 0], [0, 0, 1, 0, 1, 0, 0, 0], [0, 0, 1, 1, 0, 1, 0, 0], [1, 1, 0, 0, 1, 0, 1, 1], [1, 1, 0, 0, 0, 0, 0, 1], [0, 0, 0, 0, 0, 1, 1, 0]]",,False,less
6,3,F2,0.65,"Change price: 0.05, reason: High share rate of 1.0 in competitive market increases purchase likelihood through recommendations, justifying a slight price hike.",1.95,3,1.95,1.0,"[1.0, 'adaptive']","[1, 2, 1, 3, 2, 1, 3, 2]","[[0, 1, 0, 0, 0, 1, 1, 0], [1, 0, 1, 0, 0, 1, 1, 0], [0, 1, 0, 1, 1, 0, 0, 0], [0, 0, 1, 0, 1, 0, 0, 0], [0, 0, 1, 1, 0, 0, 0, 0], [1, 1, 0, 0, 0, 0, 1, 1], [1, 1, 0, 0, 0, 1, 0, 1], [0, 0, 0, 0, 0, 1, 1, 0]]",,False,greater
6,3,F3,0.5,"Change price: 0.05, reason: High predicted share rate of 1.0 enhances purchase likelihood through recommendations, offsetting competition, so raise price slightly to boost profit.",1.5,3,1.5,1.0,"[1.0, 'adaptive']","[1, 3, 2, 3, 2, 1, 2, 3]","[[0, 1, 0, 0, 0, 1, 1, 1], [1, 0, 1, 1, 0, 1, 0, 0], [0, 1, 0, 1, 1, 0, 0, 0], [0, 1, 1, 0, 1, 0, 0, 0], [0, 0, 1, 1, 0, 1, 0, 0], [1, 1, 0, 0, 1, 0, 1, 1], [1, 0, 0, 0, 1, 0, 0, 1], [1, 0, 0, 0, 0, 1, 1, 0]]",,False,less
6,3,F4,0.8,"Change price: 0.10, reason: High share rate and competition enhance recommendations, justifying a moderate price increase to maximize profit.",5.6,7,5.6,1.0,"[1.0, 'adaptive']","[2, 3, 2, 3, 1, 1, 1, 2]","[[0, 0, 0, 0, 0, 1, 1, 0], [0, 0, 0, 0, 0, 1, 1, 0], [0, 0, 0, 0, 1, 1, 0, 0], [0, 0, 0, 0, 1, 0, 0, 0], [0, 0, 1, 1, 0, 1, 0, 0], [1, 1, 1, 0, 1, 0, 1, 1], [1, 1, 0, 0, 0, 1, 0, 1], [0, 0, 0, 0, 0, 1, 1, 0]]",,False,less
6,3,F5,0.7,"Change price: 0.05, reason: High share rate maintains strong purchase likelihood through recommendations in competitive market.",1.4,2,1.4,1.0,"[1.0, 'adaptive']","[2, 1, 2, 3, 3, 1, 2, 3]","[[0, 1, 0, 0, 0, 1, 1, 1], [1, 0, 1, 0, 0, 1, 1, 0], [0, 1, 0, 1, 1, 0, 0, 0], [0, 0, 1, 0, 1, 0, 0, 0], [0, 0, 1, 1, 0, 1, 0, 1], [1, 1, 0, 0, 0, 0, 1, 1], [1, 1, 0, 0, 0, 0, 0, 1], [1, 0, 0, 0, 1, 1, 1, 0]]",,False,less
6,4,F0,0.75,"Change price: 0.05, reason: High share rate of 1.0 reduces consumer search in competitive market, sustaining purchase likelihood and allowing a slight price increase to boost profit.",2.25,3,2.25,1.0,"[1.0, 'adaptive']","[1, 3, 2, 3, 2, 1, 2, 3]","[[0, 1, 0, 0, 0, 1, 1, 1], [1, 0, 1, 1, 0, 1, 1, 0], [0, 1, 0, 1, 1, 0, 0, 0], [0, 1, 1, 0, 1, 0, 0, 0], [0, 0, 1, 1, 0, 1, 0, 0], [1, 1, 0, 0, 1, 0, 1, 1], [1, 1, 0, 0, 1, 0, 0, 1], [1, 0, 0, 0, 0, 1, 1, 0]]",,False,less
6,4,F1,0.7,"Change price: 0.05, reason: High share rate of 1.0 enhances purchase likelihood through recommendations in a competitive market, justifying a slight price increase to maximize profit.",1.4,2,1.4,1.0,"[1.0, 'adaptive']","[1, 3, 2, 3, 2, 1, 2, 3]","[[0, 1, 0, 0, 0, 1, 1, 1], [1, 0, 1, 0, 0, 1, 1, 0], [0, 1, 0, 1, 1, 0, 0, 0], [0, 0, 1, 0, 1, 0, 0, 0], [0, 0, 1, 1, 0, 1, 0, 0], [1, 1, 0, 0, 1, 0, 1, 1], [1, 1, 0, 0, 0, 1, 0, 1], [1, 0, 0, 0, 0, 1, 1, 0]]",,False,less
6,4,F2,0.7,"Change price: 0.05, reason: High share rate of 1.0 sustains purchase likelihood through recommendations in competitive market, justifying a slight price hike.",2.1,3,2.1,1.0,"[1.0, 'adaptive']","[1, 1, 2, 3, 3, 2, 2, 3]","[[0, 1, 0, 0, 0, 1, 1, 0], [1, 0, 1, 0, 0, 1, 1, 0], [0, 1, 0, 1, 1, 0, 0, 0], [0, 0, 1, 0, 1, 0, 0, 0], [0, 0, 1, 1, 0, 0, 0, 1], [1, 1, 0, 0, 0, 0, 1, 1], [1, 1, 0, 0, 0, 1, 0, 1], [0, 0, 0, 0, 1, 1, 1, 0]]",,False,less
6,4,F3,0.55,"Change price: 0.05, reason: High predicted share rate of 1.0 increases purchase likelihood through recommendations, offsetting competition, so raise price slightly to maximize profit.",1.1,2,1.1,1.0,"[1.0, 'adaptive']","[1, 3, 2, 3, 2, 1, 2, 3]","[[0, 1, 0, 0, 0, 1, 1, 1], [1, 0, 1, 0, 0, 1, 1, 0], [0, 1, 0, 1, 1, 0, 0, 0], [0, 0, 1, 0, 1, 0, 0, 0], [0, 0, 1, 0, 0, 1, 0, 0], [1, 1, 0, 0, 1, 0, 1, 1], [1, 1, 0, 0, 0, 1, 0, 1], [1, 0, 0, 0, 0, 1, 1, 0]]",,False,less
6,4,F4,0.9,"Change price: 0.10, reason: High share rate and competition enhance recommendations, justifying a moderate price increase to maximize profit.",6.3,7,6.3,1.0,"[1.0, 'adaptive']","[2, 3, 2, 3, 1, 1, 1, 2]","[[0, 1, 0, 0, 0, 1, 1, 1], [1, 0, 1, 0, 0, 1, 1, 0], [0, 1, 0, 1, 1, 0, 0, 0], [0, 0, 1, 0, 1, 0, 0, 0], [0, 0, 1, 0, 0, 1, 0, 0], [1, 1, 0, 0, 0, 0, 1, 1], [1, 1, 0, 0, 0, 0, 0, 1], [1, 0, 0, 0, 0, 1, 1, 0]]",,False,less
6,4,F5,0.65,"Change price: -0.05, reason: Decreased sales at 0.70 suggest price is too high; reducing slightly to boost purchases in competitive market with high share rate.",1.95,3,1.95,1.0,"[1.0, 'adaptive']","[2, 3, 1, 3, 2, 1, 2, 3]","[[0, 1, 0, 0, 0, 1, 0, 0], [1, 0, 1, 0, 0, 0, 0, 0], [0, 1, 0, 1, 1, 0, 0, 0], [0, 0, 0, 0, 1, 1, 0, 0], [0, 0, 1, 1, 0, 0, 0, 1], [1, 0, 0, 1, 0, 0, 1, 1], [0, 0, 0, 0, 0, 1, 0, 0], [0, 0, 0, 0, 1, 1, 0, 0]]",,False,less
6,5,F0,0.8,"Change price: 0.05, reason: High share rate of 1.0 in competitive market reduces consumer search, maintaining sales and enabling price increase to boost profit.",2.4,3,2.4,1.0,"[1.0, 'adaptive']","[1, 3, 2, 3, 2, 1, 2, 3]","[[0, 1, 0, 0, 0, 1, 1, 1], [1, 0, 1, 1, 0, 1, 1, 0], [0, 1, 0, 1, 1, 0, 0, 0], [0, 1, 1, 0, 1, 0, 0, 0], [0, 0, 1, 1, 0, 0, 0, 0], [1, 1, 0, 0, 0, 0, 1, 1], [1, 1, 0, 0, 0, 0, 0, 1], [1, 0, 0, 0, 0, 1, 1, 0]]",,False,less
6,5,F1,0.75,"Change price: 0.05, reason: High share rate of 1.0 boosts purchase likelihood via recommendations in competitive market, justifying a slight price increase to maximize profit.",2.25,3,2.25,1.0,"[1.0, 'adaptive']","[1, 3, 2, 3, 2, 1, 2, 3]","[[0, 1, 0, 0, 0, 1, 1, 1], [1, 0, 1, 1, 0, 1, 1, 0], [0, 1, 0, 1, 1, 0, 0, 0], [0, 1, 1, 0, 1, 0, 0, 1], [0, 0, 1, 1, 0, 1, 0, 0], [1, 1, 0, 0, 1, 0, 1, 1], [1, 1, 0, 0, 0, 1, 0, 1], [1, 0, 0, 1, 0, 1, 1, 0]]",,False,less
6,5,F2,0.75,"Change price: 0.05, reason: High share rate of 1.0 sustains purchase likelihood through recommendations in competitive market, justifying a slight price hike.",2.25,3,2.25,1.0,"[1.0, 'adaptive']","[1, 1, 2, 3, 3, 2, 2, 3]","[[0, 1, 0, 0, 0, 1, 1, 0], [1, 0, 1, 0, 0, 1, 1, 0], [0, 1, 0, 1, 1, 0, 0, 0], [0, 0, 1, 0, 1, 0, 0, 1], [0, 0, 1, 0, 0, 0, 0, 1], [1, 1, 0, 0, 0, 0, 1, 1], [1, 1, 0, 0, 0, 0, 0, 1], [0, 0, 0, 1, 1, 1, 1, 0]]",,False,less
6,5,F3,0.5,"Change price: -0.05, reason: Recent price increase to 0.55 reduced sales from 3 to 2, so slight decrease to boost demand and recapture profit potential despite high share rate.",1.0,2,1.0,1.0,"[1.0, 'adaptive']","[2, 3, 1, 2, 3, 1, 2, 3]","[[0, 0, 0, 0, 0, 1, 0, 0], [0, 0, 0, 0, 0, 0, 0, 0], [0, 0, 0, 0, 0, 0, 0, 1], [0, 0, 0, 0, 0, 1, 0, 0], [0, 0, 0, 0, 0, 0, 0, 0], [1, 0, 0, 1, 0, 0, 1, 1], [0, 0, 0, 0, 0, 0, 0, 1], [0, 0, 1, 0, 0, 1, 1, 0]]",,False,less
6,5,F4,1.0,"Change price: 0.10, reason: High share rate and consistent sales despite price increases allow for a moderate increase to further maximize profit.",0.0,0,0.0,1.0,"[1.0, 'adaptive']","[1, 3, 3, 2, 2, 1, 1, 2]","[[0, 1, 0, 0, 0, 1, 1, 1], [1, 0, 0, 0, 0, 1, 1, 0], [0, 0, 0, 1, 1, 0, 0, 0], [0, 0, 0, 0, 1, 1, 0, 0], [0, 0, 1, 1, 0, 1, 0, 0], [1, 1, 0, 1, 1, 0, 1, 1], [1, 1, 0, 0, 0, 1, 0, 1], [1, 0, 0, 0, 0, 1, 1, 0]]",,False,less
6,5,F5,0.65,"Change price: 0, reason: High share rate and past sales at 0.65 indicate optimal balance in competitive market.",2.6,4,2.6,1.0,"[1.0, 'adaptive']","[2, 3, 1, 3, 2, 1, 2, 3]","[[0, 1, 0, 0, 0, 1, 1, 0], [1, 0, 1, 1, 0, 1, 1, 0], [0, 1, 0, 1, 1, 1, 0, 0], [0, 1, 0, 0, 1, 0, 0, 1], [0, 0, 1, 1, 0, 1, 0, 1], [1, 1, 1, 0, 1, 0, 1, 1], [1, 1, 0, 0, 0, 1, 0, 1], [0, 0, 0, 1, 1, 1, 1, 0]]",,False,less
6,6,F0,0.85,"Change price: 0.05, reason: High share rate of 1.0 in competitive market reduces consumer search, maintaining sales and enabling a slight price increase to boost profit.",1.7,2,1.7,1.0,"[1.0, 'adaptive']","[1, 3, 2, 3, 2, 1, 2, 3]","[[0, 1, 0, 0, 0, 1, 1, 1], [1, 0, 1, 1, 0, 1, 1, 0], [0, 1, 0, 1, 1, 0, 0, 0], [0, 1, 1, 0, 1, 0, 0, 1], [0, 0, 1, 1, 0, 1, 0, 0], [1, 1, 0, 0, 1, 0, 1, 1], [1, 1, 0, 0, 1, 1, 0, 1], [1, 0, 0, 1, 0, 1, 1, 0]]",,False,less
6,6,F1,0.8,"Change price: 0.05, reason: High share rate of 1.0 increases purchase likelihood via recommendations in competitive market, justifying a slight price increase to 0.80 for higher profit.",1.6,2,1.6,1.0,"[1.0, 'adaptive']","[1, 3, 2, 3, 2, 1, 2, 3]","[[0, 1, 0, 0, 0, 1, 1, 1], [1, 0, 1, 1, 0, 1, 1, 0], [0, 1, 0, 1, 1, 0, 0, 0], [0, 1, 1, 0, 1, 0, 0, 1], [0, 0, 1, 1, 0, 1, 0, 0], [1, 1, 0, 0, 1, 0, 1, 1], [1, 1, 0, 0, 0, 0, 0, 1], [1, 0, 0, 1, 0, 1, 1, 0]]",,False,less
6,6,F2,0.8,"Change price: 0.05, reason: High share rate of 1.0 in competitive market sustains purchase likelihood through recommendations, justifying a slight price hike.",2.4,3,2.4,1.0,"[1.0, 'adaptive']","[1, 1, 2, 3, 3, 2, 2, 3]","[[0, 1, 0, 0, 0, 1, 1, 0], [1, 0, 1, 0, 0, 1, 1, 0], [0, 1, 0, 1, 1, 0, 0, 0], [0, 0, 1, 0, 1, 0, 0, 1], [0, 0, 1, 0, 0, 0, 0, 0], [1, 1, 0, 0, 0, 0, 1, 1], [1, 1, 0, 0, 0, 0, 0, 0], [0, 0, 0, 1, 0, 1, 0, 0]]",,False,less
6,6,F3,0.5,"Change price: 0, reason: High share rate of 1.0 with 6 firms supports maintaining 0.50 to balance sales and profit based on historical peaks.",1.0,2,1.0,1.0,"[1.0, 'adaptive']","[2, 3, 1, 3, 2, 1, 2, 3]","[[0, 1, 0, 0, 0, 1, 1, 1], [1, 0, 0, 0, 0, 1, 1, 0], [0, 0, 0, 0, 1, 1, 0, 0], [0, 0, 0, 0, 1, 0, 0, 0], [0, 0, 1, 1, 0, 1, 0, 0], [1, 1, 1, 0, 1, 0, 1, 1], [1, 1, 0, 0, 0, 0, 0, 1], [1, 0, 0, 0, 0, 1, 1, 0]]",,False,less
6,6,F4,0.9,"Change price: -0.10, reason: Zero sales at previous price necessitate a decrease to regain buyers and maximize profit in competitive market.",6.3,7,6.3,1.0,"[1.0, 'adaptive']","[2, 3, 1, 3, 2, 1, 2, 3]","[[0, 1, 0, 0, 0, 1, 0, 1], [1, 0, 1, 0, 0, 0, 1, 0], [0, 1, 0, 1, 1, 0, 0, 0], [0, 0, 1, 0, 1, 0, 0, 0], [0, 0, 1, 1, 0, 0, 0, 1], [1, 0, 0, 0, 0, 0, 1, 1], [0, 1, 0, 0, 0, 1, 0, 1], [1, 0, 0, 0, 1, 1, 1, 0]]",,False,less
6,6,F5,0.65,"Change price: 0, reason: High sales and profit at 0.65 with full share rate in competitive market suggest maintaining price.",2.6,4,2.6,1.0,"[1.0, 'adaptive']","[2, 3, 1, 3, 2, 1, 2, 3]","[[0, 1, 0, 0, 0, 1, 1, 0], [1, 0, 1, 1, 0, 1, 1, 0], [0, 1, 0, 1, 1, 0, 0, 0], [0, 1, 1, 0, 1, 0, 0, 1], [0, 0, 1, 1, 0, 1, 0, 0], [1, 1, 0, 0, 1, 0, 1, 1], [1, 1, 0, 0, 0, 1, 0, 1], [0, 0, 0, 1, 0, 1, 1, 0]]",,False,less
6,7,F0,0.8,"Change price: -0.05, reason: Sales dropped at 0.85, so slight decrease to boost sales and recover profit in competitive market.",2.4,3,2.4,1.0,"[1.0, 'adaptive']","[2, 3, 1, 3, 2, 1, 2, 3]","[[0, 0, 0, 0, 0, 1, 1, 1], [0, 0, 0, 0, 0, 1, 1, 0], [0, 0, 0, 0, 1, 1, 0, 0], [0, 0, 0, 0, 1, 0, 0, 1], [0, 0, 1, 1, 0, 1, 0, 0], [1, 1, 1, 0, 1, 0, 1, 1], [1, 1, 0, 0, 0, 1, 0, 1], [1, 0, 0, 1, 0, 1, 1, 0]]",,False,less
6,7,F1,0.75,"Change price: -0.05, reason: Recent price increase reduced sales from 3 to 2, lowering profit, so slight decrease to potentially boost sales and maximize profit with high share rate.",1.5,2,1.5,1.0,"[1.0, 'adaptive']","[2, 3, 3, 2, 1, 1, 1, 2]","[[0, 1, 0, 0, 0, 1, 1, 1], [1, 0, 0, 0, 0, 1, 1, 0], [0, 0, 0, 1, 1, 0, 0, 0], [0, 0, 0, 0, 1, 1, 0, 0], [0, 0, 1, 1, 0, 1, 0, 0], [1, 1, 0, 1, 1, 0, 1, 1], [1, 1, 0, 0, 0, 0, 0, 1], [1, 0, 0, 0, 0, 1, 1, 0]]",,False,less
6,7,F2,0.85,"Change price: 0.05, reason: High share rate of 1.0 in competitive market sustains purchase likelihood through recommendations, justifying a slight price hike.",2.55,3,2.55,1.0,"[1.0, 'adaptive']","[1, 1, 2, 3, 3, 2, 2, 3]","[[0, 1, 0, 0, 0, 1, 1, 0], [1, 0, 1, 0, 0, 1, 1, 0], [0, 1, 0, 1, 1, 0, 0, 0], [0, 0, 1, 0, 1, 0, 0, 1], [0, 0, 1, 1, 0, 0, 0, 0], [1, 1, 0, 0, 0, 0, 1, 1], [1, 1, 0, 0, 0, 0, 0, 1], [0, 0, 0, 1, 0, 1, 1, 0]]",,False,less
6,7,F3,0.5,"Change price: 0, reason: High predicted share rate of 1.0 with 6 firms supports maintaining 0.50 to balance sales and profit, as seen in historical peaks like Round 3.",1.0,2,1.0,1.0,"[1.0, 'adaptive']","[2, 3, 1, 3, 2, 1, 2, 3]","[[0, 0, 0, 0, 0, 1, 1, 0], [0, 0, 0, 0, 0, 1, 1, 0], [0, 0, 0, 0, 1, 1, 0, 0], [0, 0, 0, 0, 0, 1, 0, 1], [0, 0, 1, 0, 0, 1, 0, 0], [1, 1, 1, 1, 1, 0, 1, 1], [1, 1, 0, 0, 0, 1, 0, 1], [0, 0, 0, 1, 0, 1, 1, 0]]",,False,less
6,7,F4,0.95,"Change price: 0.05, reason: High share rate and stable sales from history justify a slight increase to test higher profit potential.",5.7,6,5.7,1.0,"[1.0, 'adaptive']","[2, 3, 3, 2, 1, 1, 2, 3]","[[0, 1, 0, 0, 0, 1, 1, 0], [1, 0, 0, 1, 0, 1, 1, 0], [0, 0, 0, 1, 1, 0, 0, 0], [0, 1, 0, 0, 1, 0, 0, 0], [0, 0, 1, 1, 0, 1, 0, 0], [1, 1, 0, 0, 1, 0, 1, 1], [1, 1, 0, 0, 1, 0, 0, 1], [0, 0, 0, 0, 0, 1, 1, 0]]",,False,less
6,7,F5,0.65,"Change price: 0, reason: High sales and profits at 0.65 with full share rate in competitive market suggest maintaining price for optimal balance.",1.95,3,1.95,1.0,"[1.0, 'adaptive']","[2, 3, 1, 3, 2, 1, 2, 1]","[[0, 1, 0, 0, 0, 1, 1, 1], [1, 0, 1, 1, 0, 1, 1, 0], [0, 1, 0, 1, 1, 0, 0, 0], [0, 1, 1, 0, 1, 0, 0, 0], [0, 0, 1, 1, 0, 1, 0, 0], [1, 1, 0, 0, 0, 0, 1, 1], [1, 1, 0, 0, 0, 0, 0, 1], [1, 0, 0, 0, 0, 1, 1, 0]]",,False,greater
6,8,F0,0.82,"Change price: 0.02, reason: High share rate of 1.0 reduces search, allowing slight increase to test profit potential.",1.64,2,1.64,1.0,"[1.0, 'adaptive']","[2, 3, 3, 2, 1, 1, 2, 3]","[[0, 1, 0, 0, 0, 1, 1, 1], [1, 0, 0, 0, 0, 1, 1, 0], [0, 0, 0, 1, 1, 0, 0, 0], [0, 0, 0, 0, 1, 0, 0, 0], [0, 0, 1, 1, 0, 1, 0, 0], [1, 1, 0, 0, 1, 0, 1, 1], [1, 1, 0, 0, 1, 0, 0, 1], [1, 0, 0, 0, 0, 1, 1, 0]]",,False,less
6,8,F1,0.8,"Change price: 0.05, reason: High share rate of 1.0 boosts purchase likelihood via recommendations in competitive market, justifying a slight increase to maximize profit.",1.6,2,1.6,1.0,"[1.0, 'adaptive']","[1, 3, 2, 3, 2, 1, 2, 3]","[[0, 1, 0, 0, 0, 1, 1, 1], [1, 0, 1, 0, 0, 1, 1, 0], [0, 1, 0, 1, 1, 0, 0, 0], [0, 0, 1, 0, 1, 0, 0, 1], [0, 0, 1, 1, 0, 1, 0, 0], [1, 1, 0, 0, 1, 0, 1, 1], [1, 1, 0, 0, 0, 1, 0, 1], [1, 0, 0, 1, 0, 1, 1, 0]]",,False,less
6,8,F2,0.9,"Change price: 0.05, reason: High share rate of 1.0 in competitive market sustains purchase likelihood through recommendations, justifying a slight price hike.",0.9,1,0.9,1.0,"[1.0, 'adaptive']","[1, 2, 1, 3, 2, 1, 3, 2]","[[0, 1, 0, 0, 0, 1, 1, 0], [1, 0, 1, 0, 0, 1, 1, 0], [0, 1, 0, 1, 1, 0, 0, 0], [0, 0, 1, 0, 1, 0, 0, 1], [0, 0, 1, 1, 0, 0, 0, 0], [1, 1, 0, 0, 0, 0, 1, 1], [1, 1, 0, 0, 0, 1, 0, 1], [0, 0, 0, 1, 0, 1, 1, 0]]",,False,greater
6,8,F3,0.55,"Change price: 0.05, reason: High predicted share rate of 1.0 with 6 firms increases purchase likelihood through recommendations, so raise price slightly to maximize profit as seen in Round4.",1.1,2,1.1,1.0,"[1.0, 'adaptive']","[1, 3, 2, 3, 2, 1, 2, 3]","[[0, 1, 0, 0, 0, 1, 1, 1], [1, 0, 1, 0, 0, 1, 1, 0], [0, 1, 0, 1, 1, 0, 0, 0], [0, 0, 0, 0, 1, 0, 0, 1], [0, 0, 1, 0, 0, 1, 0, 0], [1, 1, 0, 0, 1, 0, 1, 1], [1, 1, 0, 0, 0, 0, 0, 1], [1, 0, 0, 1, 0, 1, 1, 0]]",,False,less
6,8,F4,0.9,"Change price: -0.05, reason: Lower price to boost sales based on Round7's profit drop.",6.3,7,6.3,1.0,"[1.0, 'adaptive']","[2, 3, 1, 3, 2, 1, 2, 3]","[[0, 0, 0, 0, 0, 1, 1, 1], [0, 0, 0, 0, 0, 1, 1, 0], [0, 0, 0, 0, 1, 1, 0, 0], [0, 0, 0, 0, 1, 1, 0, 0], [0, 0, 1, 1, 0, 1, 0, 0], [1, 1, 1, 1, 1, 0, 1, 1], [1, 1, 0, 0, 0, 1, 0, 1], [1, 0, 0, 0, 0, 1, 1, 0]]",,False,less
6,8,F5,0.65,"Change price: 0, reason: Consistent sales and profits at 0.65 with full share rate in competitive market indicate optimal balance.",2.6,4,2.6,1.0,"[1.0, 'adaptive']","[2, 3, 1, 3, 2, 1, 2, 3]","[[0, 1, 0, 0, 0, 1, 1, 1], [1, 0, 1, 1, 0, 1, 1, 0], [0, 1, 0, 1, 1, 1, 0, 0], [0, 1, 0, 0, 1, 0, 0, 1], [0, 0, 1, 1, 0, 1, 0, 1], [1, 1, 1, 0, 1, 0, 1, 1], [1, 1, 0, 0, 0, 1, 0, 1], [1, 0, 0, 1, 1, 1, 1, 0]]",,False,less
6,9,F0,0.8,"Change price: -0.02, reason: Sales dropped at 0.82, so slight decrease to boost sales in competitive market.",2.4,3,2.4,1.0,"[1.0, 'adaptive']","[2, 3, 1, 3, 2, 1, 2, 3]","[[0, 0, 0, 0, 0, 1, 1, 0], [0, 0, 0, 0, 0, 0, 1, 0], [0, 0, 0, 0, 1, 1, 0, 0], [0, 0, 0, 0, 0, 0, 0, 1], [0, 0, 1, 0, 0, 1, 0, 0], [1, 0, 1, 0, 1, 0, 1, 1], [1, 1, 0, 0, 0, 1, 0, 1], [0, 0, 0, 1, 0, 1, 1, 0]]",,False,less
6,9,F1,0.75,"Change price: -0.05, reason: High share rate of 1.0 boosts purchase likelihood, but recent sales at 0.80 are low, so slight decrease to potentially increase sales and maximize profit in competitive market.",1.5,2,1.5,1.0,"[1.0, 'adaptive']","[1, 3, 2, 3, 2, 1, 2, 3]","[[0, 1, 0, 0, 0, 1, 1, 1], [1, 0, 0, 0, 0, 1, 1, 0], [0, 0, 0, 1, 1, 0, 0, 0], [0, 0, 1, 0, 1, 0, 0, 1], [0, 0, 1, 1, 0, 1, 0, 0], [1, 1, 0, 0, 1, 0, 1, 1], [1, 1, 0, 0, 0, 0, 0, 1], [1, 0, 0, 1, 0, 1, 1, 0]]",,False,less
6,9,F2,0.85,"Change price: -0.05, reason: Sales dropped from 3 to 1 at 0.90 due to high competition, so reduce price to boost demand and maximize profit.",2.55,3,2.55,1.0,"[1.0, 'adaptive']","[2, 3, 1, 3, 2, 1, 2, 1]","[[0, 0, 0, 0, 0, 1, 1, 0], [0, 0, 0, 0, 0, 0, 0, 0], [0, 0, 0, 0, 1, 1, 0, 0], [0, 0, 0, 0, 0, 0, 0, 1], [0, 0, 1, 0, 0, 1, 0, 0], [1, 0, 1, 0, 1, 0, 1, 1], [1, 0, 0, 0, 0, 1, 0, 1], [0, 0, 0, 1, 0, 1, 1, 0]]",,False,greater
6,9,F3,0.5,"Change price: -0.05, reason: Historical data shows higher sales and profit at 0.50, so slight decrease to boost demand despite high share rate.",1.0,2,1.0,1.0,"[1.0, 'adaptive']","[2, 3, 1, 2, 3, 1, 3, 2]","[[0, 0, 0, 0, 0, 1, 0, 0], [0, 0, 0, 0, 0, 0, 0, 0], [0, 0, 0, 0, 0, 0, 0, 0], [0, 0, 0, 0, 0, 1, 0, 0], [0, 0, 0, 0, 0, 0, 0, 0], [1, 0, 0, 1, 0, 0, 1, 1], [0, 0, 0, 0, 0, 1, 0, 1], [0, 0, 0, 0, 0, 1, 1, 0]]",,False,greater
6,9,F4,0.9,"Change price: 0, reason: Historical data shows maximum profit at 0.90 with stable sales.",6.3,7,6.3,1.0,"[1.0, 'adaptive']","[1, 3, 2, 3, 2, 1, 2, 3]","[[0, 1, 0, 0, 0, 1, 1, 1], [1, 0, 0, 0, 0, 1, 1, 0], [0, 0, 0, 0, 1, 0, 0, 0], [0, 0, 0, 0, 1, 1, 0, 0], [0, 0, 1, 1, 0, 1, 0, 0], [1, 1, 0, 1, 1, 0, 1, 1], [1, 1, 0, 0, 0, 1, 0, 1], [1, 0, 0, 0, 0, 1, 1, 0]]",,False,less
6,9,F5,0.65,"Change price: 0, reason: Consistent sales and profits at 0.65 with full share rate in competitive market suggest maintaining price.",1.95,3,1.95,1.0,"[1.0, 'adaptive']","[2, 3, 1, 3, 2, 1, 2, 1]","[[0, 1, 0, 0, 0, 1, 1, 1], [1, 0, 1, 1, 0, 1, 0, 0], [0, 1, 0, 1, 1, 0, 0, 0], [0, 1, 1, 0, 1, 0, 0, 1], [0, 0, 1, 1, 0, 1, 0, 0], [1, 1, 0, 0, 0, 0, 1, 1], [1, 0, 0, 0, 0, 1, 0, 1], [1, 0, 0, 1, 0, 1, 1, 0]]",,False,greater
6,10,F0,0.8,"Change price: 0, reason: Historical data shows 0.80 sustains 3 sales with high share rate, maximizing profit without risk of drop.",2.4,3,2.4,1.0,"[1.0, 'adaptive']","[1, 3, 3, 2, 2, 1, 2, 3]","[[0, 1, 0, 0, 0, 1, 1, 1], [1, 0, 0, 1, 0, 1, 1, 0], [0, 0, 0, 1, 1, 0, 0, 0], [0, 1, 0, 0, 1, 1, 0, 1], [0, 0, 1, 1, 0, 1, 0, 0], [1, 1, 0, 1, 1, 0, 1, 1], [1, 1, 0, 0, 1, 0, 0, 1], [1, 0, 0, 1, 0, 1, 1, 0]]",,False,less
6,10,F1,0.8,"Change price: 0.05, reason: High share rate of 1.0 boosts purchase likelihood via recommendations in competitive market, justifying a slight increase to maximize profit.",1.6,2,1.6,1.0,"[1.0, 'adaptive']","[1, 3, 2, 3, 2, 1, 2, 3]","[[0, 1, 0, 0, 0, 1, 1, 1], [1, 0, 1, 0, 0, 1, 1, 0], [0, 1, 0, 1, 1, 0, 0, 0], [0, 0, 1, 0, 1, 0, 0, 1], [0, 0, 1, 1, 0, 1, 0, 0], [1, 1, 0, 0, 1, 0, 1, 1], [1, 1, 0, 0, 0, 0, 0, 1], [1, 0, 0, 1, 0, 1, 1, 0]]",,False,less
6,10,F2,0.85,"Change price: 0, reason: High share rate of 1.0 in competitive market sustains purchase likelihood, so maintain price to preserve sales and profit.",2.55,3,2.55,1.0,"[1.0, 'adaptive']","[1, 2, 1, 3, 2, 1, 3, 2]","[[0, 1, 0, 0, 0, 1, 1, 0], [1, 0, 1, 0, 0, 1, 1, 0], [0, 1, 0, 1, 1, 0, 0, 0], [0, 0, 1, 0, 1, 0, 0, 1], [0, 0, 1, 1, 0, 0, 0, 0], [1, 1, 0, 0, 0, 0, 1, 1], [1, 1, 0, 0, 0, 0, 0, 1], [0, 0, 0, 1, 0, 1, 1, 0]]",,False,greater
6,10,F3,0.55,"Change price: 0.05, reason: High predicted share rate of 1.0 with 6 firms increases purchase likelihood through recommendations, so raise price slightly to maximize profit as seen in Round 8.",1.1,2,1.1,1.0,"[1.0, 'adaptive']","[1, 3, 2, 3, 2, 1, 2, 3]","[[0, 1, 0, 0, 0, 1, 1, 1], [1, 0, 0, 0, 0, 1, 1, 0], [0, 0, 0, 1, 1, 0, 0, 0], [0, 0, 1, 0, 1, 0, 0, 0], [0, 0, 1, 1, 0, 1, 0, 0], [1, 1, 0, 0, 1, 0, 1, 1], [1, 1, 0, 0, 0, 0, 0, 1], [1, 0, 0, 0, 0, 1, 1, 0]]",,False,less
6,10,F4,0.9,"Change price: 0, reason: Historical data shows maximum profit at 0.90 with stable sales of 7 units.",6.3,7,6.3,1.0,"[1.0, 'adaptive']","[2, 3, 3, 2, 1, 1, 2, 3]","[[0, 1, 0, 0, 0, 1, 1, 1], [1, 0, 0, 1, 0, 1, 0, 0], [0, 0, 0, 1, 1, 0, 0, 0], [0, 1, 0, 0, 1, 0, 0, 0], [0, 0, 1, 1, 0, 1, 0, 0], [1, 1, 0, 0, 1, 0, 1, 1], [1, 0, 0, 0, 1, 0, 0, 1], [1, 0, 0, 0, 0, 1, 1, 0]]",,False,less
6,10,F5,0.65,"Change price: 0, reason: Consistent sales and profits at 0.65 with full share rate in competitive market suggest maintaining price.",1.95,3,1.95,1.0,"[1.0, 'adaptive']","[2, 3, 1, 3, 2, 1, 2, 1]","[[0, 1, 0, 0, 0, 1, 1, 1], [1, 0, 1, 1, 0, 1, 1, 0], [0, 1, 0, 1, 1, 0, 0, 0], [0, 1, 1, 0, 1, 0, 0, 0], [0, 0, 1, 1, 0, 1, 0, 0], [1, 1, 0, 0, 1, 0, 1, 1], [1, 1, 0, 0, 0, 0, 0, 1], [1, 0, 0, 0, 0, 1, 1, 0]]",,False,greater
7,1,F0,0.55,"Change price: 0.05, reason: High share rate increases purchase likelihood due to recommendations.",2.75,5,2.75,1.0,"[0.7137400786148237, 'adaptive']","[3, 3, 3, 3, 3, 1, 1, 2]","[[0, 1, 0, 0, 1, 1, 1, 1], [1, 0, 1, 1, 0, 1, 1, 1], [0, 1, 0, 1, 1, 0, 0, 0], [0, 1, 1, 0, 1, 0, 0, 0], [1, 0, 1, 1, 0, 1, 0, 0], [1, 1, 0, 0, 0, 0, 1, 1], [1, 1, 0, 0, 1, 0, 0, 1], [1, 1, 0, 0, 0, 1, 1, 0]]",,False,less
7,1,F1,0.5,"Change price: 0, reason: Low share rate indicates limited recommendations, so maintain basic price amid high competition to ensure steady buyer numbers.",1.0,2,1.0,1.0,"[0.005609336609987747, 'adaptive']","[2, 3, 1, 3, 2, 1, 2, 3]","[[0, 0, 1, 0, 0, 1, 1, 0], [0, 0, 0, 0, 0, 0, 0, 0], [1, 0, 0, 1, 1, 1, 0, 0], [0, 0, 1, 0, 1, 0, 0, 1], [0, 0, 1, 1, 0, 0, 0, 0], [1, 0, 1, 0, 0, 0, 1, 1], [1, 0, 0, 0, 0, 0, 0, 1], [0, 0, 0, 1, 0, 1, 1, 0]]",,False,less
7,1,F2,0.45,"Change price: -0.05, reason: Low share rate (0.024) means fewer personalized recommendations, increasing consumer search and competition, so lower price to boost demand and maximize profit.",0.9,2,0.9,1.0,"[0.024092395645502585, 'adaptive']","[2, 3, 1, 3, 2, 1, 2, 1]","[[0, 0, 0, 0, 0, 1, 1, 0], [0, 0, 0, 0, 0, 0, 0, 0], [0, 0, 0, 0, 1, 1, 0, 0], [0, 0, 0, 0, 0, 0, 0, 0], [0, 0, 1, 0, 0, 1, 0, 0], [1, 0, 1, 0, 1, 0, 1, 1], [1, 0, 0, 0, 0, 1, 0, 1], [0, 0, 0, 0, 0, 1, 1, 0]]",,False,greater
7,1,F3,0.55,"Change price: 0.05, reason: High share rate and competition make recommendations valuable, increasing buyer likelihood for higher profit.",1.1,2,1.1,1.0,"[0.6425931270346402, 'adaptive']","[2, 3, 1, 3, 2, 1, 2, 3]","[[0, 1, 1, 0, 0, 1, 1, 0], [1, 0, 1, 0, 0, 1, 0, 0], [1, 1, 0, 1, 1, 0, 0, 0], [0, 0, 1, 0, 1, 0, 0, 1], [0, 0, 1, 1, 0, 1, 0, 0], [1, 1, 0, 0, 1, 0, 1, 1], [1, 0, 0, 0, 0, 0, 0, 1], [0, 0, 0, 1, 0, 1, 1, 0]]",,False,less
7,1,F4,0.5,"Change price: 0.00, reason: Moderate share rate and high competition suggest maintaining basic price to balance demand and profit potential.",2.0,4,2.0,1.0,"[0.3927052745202898, 'adaptive']","[2, 3, 1, 3, 2, 1, 2, 3]","[[0, 0, 0, 0, 1, 1, 1, 1], [0, 0, 0, 0, 0, 1, 1, 0], [0, 0, 0, 0, 1, 1, 0, 0], [0, 0, 0, 0, 0, 0, 0, 0], [1, 0, 1, 0, 0, 1, 1, 0], [1, 1, 1, 0, 1, 0, 1, 1], [1, 1, 0, 0, 1, 1, 0, 1], [1, 0, 0, 0, 0, 1, 1, 0]]",,False,less
7,1,F5,0.4,"Change price: -0.10, reason: Low share rate (0.01) increases competition, reducing buyer likelihood, so lower price to attract more sales.",0.4,1,0.4,1.0,"[0.010863796589681063, 'adaptive']","[2, 3, 1, 3, 2, 1, 2, 3]","[[0, 0, 1, 0, 1, 1, 1, 1], [0, 0, 0, 0, 0, 0, 0, 0], [1, 0, 0, 1, 1, 1, 0, 0], [0, 0, 1, 0, 1, 0, 0, 0], [1, 0, 1, 1, 0, 1, 0, 0], [1, 0, 1, 0, 1, 0, 1, 0], [1, 0, 0, 0, 1, 1, 0, 1], [1, 0, 0, 0, 0, 0, 1, 0]]",,False,less
7,1,F6,0.4,"Change price: -0.10, reason: Low share rate of 0.04 increases competition, so reduce price to attract more buyers.",1.6,4,1.6,1.0,"[0.04221212820451137, 'adaptive']","[3, 3, 1, 2, 2, 2, 1, 1]","[[0, 0, 0, 0, 0, 1, 1, 1], [0, 0, 0, 0, 0, 1, 1, 0], [0, 0, 0, 0, 1, 1, 0, 0], [0, 0, 0, 0, 0, 1, 0, 0], [0, 0, 1, 0, 0, 1, 0, 0], [1, 1, 1, 1, 1, 0, 1, 1], [1, 1, 0, 0, 0, 1, 0, 1], [1, 0, 0, 0, 0, 1, 1, 0]]",,False,equal
7,2,F0,0.6,"Change price: 0.05, reason: High share rate maintains high purchase likelihood due to recommendations, allowing for a price increase.",3.0,5,3.0,1.0,"[1.0, 'adaptive']","[1, 3, 2, 3, 2, 1, 2, 3]","[[0, 1, 0, 0, 0, 1, 1, 0], [1, 0, 0, 0, 0, 1, 1, 0], [0, 0, 0, 0, 0, 0, 0, 0], [0, 0, 0, 0, 1, 0, 0, 0], [0, 0, 1, 1, 0, 0, 0, 0], [1, 1, 0, 0, 0, 0, 1, 0], [1, 1, 0, 0, 0, 1, 0, 1], [0, 0, 0, 0, 0, 0, 1, 0]]",,False,less
7,2,F1,0.55,"Change price: 0.05, reason: High share rate and recommendations boost buyer likelihood in competitive market, justifying slight price increase.",1.1,2,1.1,1.0,"[1.0, 'adaptive']","[1, 3, 2, 3, 2, 1, 2, 3]","[[0, 1, 0, 0, 0, 1, 1, 1], [1, 0, 1, 1, 0, 1, 1, 0], [0, 1, 0, 1, 1, 0, 0, 0], [0, 1, 1, 0, 1, 0, 0, 0], [0, 0, 1, 1, 0, 1, 0, 0], [1, 1, 0, 0, 1, 0, 1, 1], [1, 1, 0, 0, 1, 1, 0, 1], [1, 0, 0, 0, 0, 1, 1, 0]]",,False,less
7,2,F2,0.5,"Change price: 0.05, reason: High share rate (1.0) increases personalized recommendations, reducing consumer search and boosting demand, so raise price to maximize profit.",1.0,2,1.0,1.0,"[1.0, 'adaptive']","[1, 3, 3, 3, 2, 1, 1, 2]","[[0, 1, 0, 0, 0, 1, 1, 1], [1, 0, 0, 0, 0, 1, 1, 0], [0, 0, 0, 0, 1, 0, 0, 0], [0, 0, 0, 0, 1, 0, 0, 0], [0, 0, 1, 1, 0, 0, 0, 0], [1, 1, 0, 0, 0, 0, 1, 1], [1, 1, 0, 0, 0, 0, 0, 1], [1, 0, 0, 0, 0, 1, 1, 0]]",,False,less
7,2,F3,0.6,"Change price: 0.05, reason: High share rate and competition enhance recommendations, increasing buyer likelihood and supporting a higher price for greater profit.",1.2,2,1.2,1.0,"[1.0, 'adaptive']","[1, 3, 2, 3, 2, 1, 2, 3]","[[0, 0, 0, 0, 0, 1, 1, 0], [0, 0, 0, 0, 0, 1, 1, 0], [0, 0, 0, 1, 1, 0, 0, 0], [0, 0, 1, 0, 1, 0, 0, 1], [0, 0, 1, 1, 0, 1, 0, 0], [1, 1, 0, 0, 1, 0, 1, 1], [1, 1, 0, 0, 0, 1, 0, 1], [0, 0, 0, 1, 0, 1, 1, 0]]",,False,less
7,2,F4,0.55,"Change price: 0.05, reason: High share rate and personalized recommendations increase purchase likelihood, allowing for a slight price increase to maximize profit.",2.2,4,2.2,1.0,"[1.0, 'adaptive']","[2, 3, 3, 3, 2, 1, 1, 2]","[[0, 1, 0, 0, 0, 1, 1, 1], [1, 0, 0, 0, 0, 1, 1, 0], [0, 0, 0, 1, 1, 0, 0, 0], [0, 0, 0, 0, 1, 0, 0, 1], [0, 0, 1, 1, 0, 0, 0, 0], [1, 1, 0, 0, 0, 0, 1, 1], [1, 1, 0, 0, 0, 1, 0, 1], [1, 0, 0, 1, 0, 1, 1, 0]]",,False,less
7,2,F5,0.45,"Change price: 0.05, reason: High share rate (1.0) and competition make recommendations valuable, increasing buyer likelihood, so slightly raise price to maximize profit.",0.45,1,0.45,1.0,"[1.0, 'adaptive']","[1, 3, 2, 3, 2, 1, 2, 3]","[[0, 1, 0, 0, 0, 1, 1, 1], [1, 0, 1, 0, 0, 1, 1, 0], [0, 1, 0, 1, 1, 0, 0, 0], [0, 0, 1, 0, 1, 1, 0, 0], [0, 0, 1, 0, 0, 1, 0, 1], [1, 1, 0, 1, 1, 0, 1, 1], [1, 1, 0, 0, 0, 1, 0, 1], [1, 0, 0, 0, 1, 1, 1, 0]]",,False,less
7,2,F6,0.5,"Change price: 0.10, reason: High share rate of 1.0 boosts purchase likelihood through recommendations, allowing price increase to maximize profit.",2.0,4,2.0,1.0,"[1.0, 'adaptive']","[1, 3, 3, 2, 2, 1, 1, 2]","[[0, 1, 0, 0, 0, 1, 1, 1], [1, 0, 0, 0, 0, 1, 1, 0], [0, 0, 0, 0, 1, 0, 0, 0], [0, 0, 0, 0, 1, 0, 0, 0], [0, 0, 1, 1, 0, 0, 0, 0], [1, 1, 0, 0, 0, 0, 1, 1], [1, 1, 0, 0, 0, 1, 0, 1], [1, 0, 0, 0, 0, 1, 1, 0]]",,False,less
7,3,F0,0.65,"Change price: 0.05, reason: High share rate and stable sales history enable price increase to maximize profit.",3.25,5,3.25,1.0,"[1.0, 'adaptive']","[1, 3, 3, 2, 2, 1, 1, 2]","[[0, 1, 0, 0, 0, 1, 1, 1], [1, 0, 0, 0, 0, 1, 1, 0], [0, 0, 0, 1, 1, 0, 0, 0], [0, 0, 0, 0, 1, 1, 0, 1], [0, 0, 1, 1, 0, 1, 0, 1], [1, 1, 0, 1, 1, 0, 1, 1], [1, 1, 0, 0, 0, 1, 0, 1], [1, 0, 0, 1, 1, 1, 1, 0]]",,False,less
7,3,F1,0.6,"Change price: 0.05, reason: High share rate and recommendations enhance buyer likelihood in competitive market, justifying slight price increase.",1.2,2,1.2,1.0,"[1.0, 'adaptive']","[1, 3, 2, 3, 2, 1, 2, 3]","[[0, 1, 0, 0, 0, 1, 1, 0], [1, 0, 1, 0, 0, 1, 1, 0], [0, 1, 0, 1, 1, 0, 0, 0], [0, 0, 1, 0, 1, 0, 0, 1], [0, 0, 1, 1, 0, 1, 0, 0], [1, 1, 0, 0, 1, 0, 1, 1], [1, 1, 0, 0, 1, 0, 0, 1], [0, 0, 0, 1, 0, 1, 1, 0]]",,False,less
7,3,F2,0.55,"Change price: 0.05, reason: High share rate (1.0) boosts personalized recommendations and reduces consumer search, increasing demand in a competitive market, so raise price to maximize profit.",1.1,2,1.1,1.0,"[1.0, 'adaptive']","[1, 3, 2, 3, 2, 1, 1, 2]","[[0, 1, 0, 0, 0, 1, 1, 1], [1, 0, 1, 0, 0, 1, 1, 0], [0, 1, 0, 1, 1, 0, 0, 0], [0, 0, 1, 0, 1, 0, 0, 1], [0, 0, 1, 0, 0, 1, 0, 1], [1, 1, 0, 0, 0, 0, 1, 1], [1, 1, 0, 0, 1, 0, 0, 1], [1, 0, 0, 1, 1, 1, 1, 0]]",,False,less
7,3,F3,0.65,"Change price: 0.05, reason: High share rate and competition enhance recommendations, maintaining buyer likelihood and supporting a higher price for increased profit.",1.3,2,1.3,1.0,"[1.0, 'adaptive']","[2, 3, 1, 3, 2, 1, 2, 3]","[[0, 1, 0, 0, 0, 1, 1, 0], [1, 0, 1, 0, 0, 1, 0, 0], [0, 1, 0, 1, 1, 0, 0, 0], [0, 0, 1, 0, 1, 0, 0, 1], [0, 0, 1, 1, 0, 0, 0, 0], [1, 1, 0, 0, 0, 0, 1, 1], [1, 0, 0, 0, 0, 0, 0, 1], [0, 0, 0, 1, 0, 1, 1, 0]]",,False,less
7,3,F4,0.6,"Change price: 0.05, reason: High share rate of 1.0 and strong personalized recommendations in a competitive market increase purchase likelihood, allowing a slight price increase to boost profit.",2.4,4,2.4,1.0,"[1.0, 'adaptive']","[1, 3, 2, 3, 2, 1, 2, 3]","[[0, 1, 0, 0, 0, 1, 1, 1], [1, 0, 1, 1, 0, 1, 1, 0], [0, 1, 0, 1, 1, 0, 0, 0], [0, 1, 1, 0, 1, 0, 0, 0], [0, 0, 1, 1, 0, 1, 0, 0], [1, 1, 0, 0, 1, 0, 1, 1], [1, 1, 0, 0, 0, 1, 0, 1], [1, 0, 0, 0, 0, 1, 1, 0]]",,False,less
7,3,F5,0.5,"Change price: 0.05, reason: High share rate (1.0) with strong competition enhances buyer likelihood through recommendations, allowing a slight price increase to maximize profit.",0.5,1,0.5,1.0,"[1.0, 'adaptive']","[1, 3, 2, 3, 2, 1, 2, 3]","[[0, 1, 0, 0, 0, 1, 1, 1], [1, 0, 1, 0, 0, 1, 1, 0], [0, 1, 0, 1, 1, 0, 0, 0], [0, 0, 1, 0, 1, 0, 0, 1], [0, 0, 1, 1, 0, 1, 0, 1], [1, 1, 0, 0, 1, 0, 1, 1], [1, 1, 0, 0, 0, 1, 0, 1], [1, 0, 0, 1, 1, 1, 1, 0]]",,False,less
7,3,F6,0.6,"Change price: 0.10, reason: High share rate of 1.0 increases purchase likelihood, allowing price increase to boost profit in competitive market.",2.4,4,2.4,1.0,"[1.0, 'adaptive']","[1, 3, 2, 3, 2, 1, 2, 3]","[[0, 1, 0, 0, 0, 1, 1, 1], [1, 0, 1, 1, 0, 1, 1, 0], [0, 1, 0, 1, 1, 0, 0, 0], [0, 1, 1, 0, 1, 0, 0, 0], [0, 0, 1, 1, 0, 1, 0, 0], [1, 1, 0, 0, 1, 0, 1, 1], [1, 1, 0, 0, 0, 1, 0, 1], [1, 0, 0, 0, 0, 1, 1, 0]]",,False,less
7,4,F0,0.7,"Change price: 0.05, reason: High share rate and consistent sales enable price increase to maximize profit.",3.5,5,3.5,1.0,"[1.0, 'adaptive']","[1, 3, 3, 2, 2, 1, 1, 2]","[[0, 1, 0, 0, 0, 1, 1, 1], [1, 0, 0, 0, 0, 1, 1, 0], [0, 0, 0, 1, 1, 0, 0, 0], [0, 0, 0, 0, 1, 0, 0, 1], [0, 0, 1, 1, 0, 1, 0, 0], [1, 1, 0, 0, 1, 0, 1, 1], [1, 1, 0, 0, 0, 1, 0, 1], [1, 0, 0, 1, 0, 1, 1, 0]]",,False,less
7,4,F1,0.65,"Change price: 0.05, reason: High share rate and recommendations reduce consumer search in competitive market, justifying slight price increase to maximize profit.",1.3,2,1.3,1.0,"[1.0, 'adaptive']","[1, 3, 2, 3, 2, 1, 2, 3]","[[0, 1, 0, 0, 0, 1, 1, 1], [1, 0, 1, 0, 0, 1, 1, 0], [0, 1, 0, 1, 1, 0, 0, 0], [0, 0, 1, 0, 1, 0, 0, 1], [0, 0, 1, 1, 0, 1, 0, 0], [1, 1, 0, 0, 1, 0, 1, 1], [1, 1, 0, 0, 0, 1, 0, 1], [1, 0, 0, 1, 0, 1, 1, 0]]",,False,less
7,4,F2,0.6,"Change price: 0.05, reason: High share rate (1.0) enhances personalized recommendations, reducing search in a competitive market, so raise price to maximize profit.",1.2,2,1.2,1.0,"[1.0, 'adaptive']","[1, 3, 2, 3, 2, 1, 1, 2]","[[0, 1, 0, 0, 0, 1, 1, 1], [1, 0, 1, 0, 0, 1, 1, 0], [0, 1, 0, 1, 1, 0, 0, 0], [0, 0, 1, 0, 1, 1, 0, 1], [0, 0, 1, 1, 0, 1, 0, 1], [1, 1, 0, 1, 1, 0, 1, 1], [1, 1, 0, 0, 0, 1, 0, 1], [1, 0, 0, 1, 1, 1, 1, 0]]",,False,less
7,4,F3,0.7,"Change price: 0.05, reason: High share rate and competition enhance recommendations, increasing buyer likelihood and supporting a higher price for greater profit.",1.4,2,1.4,1.0,"[1.0, 'adaptive']","[1, 3, 2, 3, 2, 1, 2, 3]","[[0, 1, 0, 0, 0, 1, 1, 1], [1, 0, 1, 0, 0, 1, 1, 0], [0, 1, 0, 1, 1, 0, 0, 0], [0, 0, 1, 0, 1, 0, 0, 1], [0, 0, 1, 1, 0, 0, 0, 0], [1, 1, 0, 0, 0, 0, 1, 1], [1, 1, 0, 0, 0, 1, 0, 1], [1, 0, 0, 1, 0, 1, 1, 0]]",,False,less
7,4,F4,0.65,"Change price: 0.05, reason: High share rate of 1.0 and strong personalized recommendations in competitive market increase purchase likelihood, allowing slight price increase to boost profit.",2.6,4,2.6,1.0,"[1.0, 'adaptive']","[1, 3, 2, 3, 2, 1, 2, 3]","[[0, 1, 0, 0, 0, 1, 1, 1], [1, 0, 1, 1, 0, 1, 1, 0], [0, 1, 0, 1, 1, 0, 0, 0], [0, 1, 1, 0, 1, 0, 0, 1], [0, 0, 1, 1, 0, 1, 0, 0], [1, 1, 0, 0, 1, 0, 1, 1], [1, 1, 0, 0, 1, 1, 0, 1], [1, 0, 0, 1, 0, 1, 1, 0]]",,False,less
7,4,F5,0.55,"Change price: 0.05, reason: High share rate (1.0) with ongoing competition enhances recommendations, increasing buyer likelihood, so slightly raise price to maximize profit.",0.55,1,0.55,1.0,"[1.0, 'adaptive']","[1, 3, 2, 3, 2, 1, 2, 3]","[[0, 1, 0, 0, 0, 1, 1, 1], [1, 0, 1, 0, 0, 1, 1, 0], [0, 1, 0, 1, 1, 0, 0, 0], [0, 0, 1, 0, 1, 0, 0, 1], [0, 0, 1, 1, 0, 1, 0, 0], [1, 1, 0, 0, 1, 0, 1, 1], [1, 1, 0, 0, 0, 1, 0, 1], [1, 0, 0, 1, 0, 1, 1, 0]]",,False,less
7,4,F6,0.7,"Change price: 0.10, reason: High share rate of 1.0 enhances purchase likelihood in competitive market, allowing price increase to boost profit.",1.4,2,1.4,1.0,"[1.0, 'adaptive']","[1, 3, 2, 3, 2, 1, 2, 3]","[[0, 1, 0, 0, 0, 1, 1, 1], [1, 0, 1, 1, 0, 1, 1, 0], [0, 1, 0, 1, 1, 0, 0, 0], [0, 1, 1, 0, 1, 0, 0, 0], [0, 0, 1, 1, 0, 1, 0, 0], [1, 1, 0, 0, 1, 0, 1, 1], [1, 1, 0, 0, 0, 1, 0, 1], [1, 0, 0, 0, 0, 1, 1, 0]]",,False,less
7,5,F0,0.75,"Change price: 0.05, reason: High share rate and consistent sales history enable price increase to maximize profit.",3.75,5,3.75,1.0,"[1.0, 'adaptive']","[1, 3, 3, 2, 2, 1, 1, 2]","[[0, 1, 0, 0, 0, 1, 1, 1], [1, 0, 0, 0, 0, 1, 1, 0], [0, 0, 0, 1, 1, 0, 0, 0], [0, 0, 0, 0, 1, 0, 0, 1], [0, 0, 1, 1, 0, 1, 0, 0], [1, 1, 0, 0, 1, 0, 1, 1], [1, 1, 0, 0, 1, 1, 0, 1], [1, 0, 0, 1, 0, 1, 1, 0]]",,False,less
7,5,F1,0.7,"Change price: 0.05, reason: High share rate and recommendations reduce consumer search in competitive market, justifying slight price increase to maximize profit.",1.4,2,1.4,1.0,"[1.0, 'adaptive']","[1, 3, 2, 3, 2, 1, 1, 2]","[[0, 1, 0, 0, 0, 1, 1, 1], [1, 0, 1, 0, 0, 1, 1, 0], [0, 1, 0, 1, 1, 0, 0, 0], [0, 0, 1, 0, 1, 0, 0, 1], [0, 0, 1, 1, 0, 1, 0, 0], [1, 1, 0, 0, 1, 0, 1, 1], [1, 1, 0, 0, 0, 1, 0, 1], [1, 0, 0, 1, 0, 1, 1, 0]]",,False,less
7,5,F2,0.65,"Change price: 0.05, reason: High share rate (1.0) sustains personalized recommendations, reducing consumer search in a competitive market, so raise price to maximize profit.",1.3,2,1.3,1.0,"[1.0, 'adaptive']","[1, 2, 2, 3, 3, 1, 1, 2]","[[0, 1, 0, 0, 0, 1, 1, 0], [1, 0, 1, 0, 0, 1, 1, 0], [0, 1, 0, 1, 1, 0, 0, 0], [0, 0, 1, 0, 1, 0, 0, 1], [0, 0, 1, 1, 0, 0, 0, 1], [1, 1, 0, 0, 0, 0, 1, 1], [1, 1, 0, 0, 0, 0, 0, 1], [0, 0, 0, 1, 1, 1, 1, 0]]",,False,less
7,5,F3,0.75,"Change price: 0.05, reason: High share rate and competition boost recommendations, maintaining buyer likelihood and allowing a higher price for increased profit.",1.5,2,1.5,1.0,"[1.0, 'adaptive']","[2, 3, 1, 3, 2, 1, 2, 3]","[[0, 0, 0, 0, 0, 1, 1, 0], [0, 0, 0, 0, 0, 1, 0, 0], [0, 0, 0, 0, 1, 1, 0, 0], [0, 0, 0, 0, 0, 0, 0, 1], [0, 0, 1, 0, 0, 1, 0, 0], [1, 1, 1, 0, 1, 0, 1, 1], [1, 0, 0, 0, 0, 1, 0, 1], [0, 0, 0, 1, 0, 1, 1, 0]]",,False,less
7,5,F4,0.7,"Change price: 0.05, reason: High share rate of 1.0 and strong personalized recommendations in competitive market increase purchase likelihood, allowing slight price increase to boost profit.",2.8,4,2.8,1.0,"[1.0, 'adaptive']","[1, 3, 2, 3, 2, 1, 2, 3]","[[0, 1, 0, 0, 0, 1, 1, 1], [1, 0, 1, 1, 0, 1, 1, 0], [0, 1, 0, 1, 1, 0, 0, 0], [0, 1, 1, 0, 1, 0, 0, 0], [0, 0, 1, 1, 0, 1, 0, 0], [1, 1, 0, 0, 1, 0, 1, 1], [1, 1, 0, 0, 0, 1, 0, 1], [1, 0, 0, 0, 0, 1, 1, 0]]",,False,less
7,5,F5,0.6,"Change price: 0.05, reason: High share rate (1.0) with strong competition enhances buyer likelihood through recommendations, allowing a slight price increase to maximize profit.",0.6,1,0.6,1.0,"[1.0, 'adaptive']","[1, 3, 2, 3, 2, 1, 2, 3]","[[0, 1, 0, 0, 0, 1, 1, 1], [1, 0, 1, 0, 0, 1, 1, 0], [0, 1, 0, 1, 1, 0, 0, 0], [0, 0, 1, 0, 1, 0, 0, 1], [0, 0, 1, 0, 0, 1, 0, 0], [1, 1, 0, 0, 1, 0, 1, 1], [1, 1, 0, 0, 0, 1, 0, 1], [1, 0, 0, 1, 0, 1, 1, 0]]",,False,less
7,5,F6,0.6,"Change price: -0.10, reason: High price in Round 4 reduced sales from 4 to 2, lowering profit, so decrease to attract more buyers and maximize profit with high share rate.",2.4,4,2.4,1.0,"[1.0, 'adaptive']","[2, 3, 1, 1, 2, 1, 2, 3]","[[0, 1, 0, 0, 0, 1, 0, 1], [1, 0, 0, 0, 0, 1, 0, 0], [0, 0, 0, 0, 0, 0, 0, 0], [0, 0, 0, 0, 1, 0, 0, 0], [0, 0, 0, 1, 0, 1, 0, 0], [1, 1, 0, 0, 1, 0, 1, 1], [0, 0, 0, 0, 0, 0, 0, 0], [1, 0, 0, 0, 0, 1, 0, 0]]",,False,less
7,6,F0,0.8,"Change price: 0.05, reason: High share rate and consistent sales enable price increase to maximize profit.",4.0,5,4.0,1.0,"[1.0, 'adaptive']","[1, 3, 3, 2, 2, 1, 1, 2]","[[0, 1, 0, 0, 0, 1, 1, 1], [1, 0, 0, 0, 0, 1, 1, 0], [0, 0, 0, 1, 1, 0, 0, 0], [0, 0, 0, 0, 1, 1, 0, 1], [0, 0, 1, 1, 0, 1, 0, 1], [1, 1, 0, 1, 1, 0, 1, 1], [1, 1, 0, 0, 0, 1, 0, 1], [1, 0, 0, 1, 1, 1, 1, 0]]",,False,less
7,6,F1,0.75,"Change price: 0.05, reason: High share rate and recommendations reduce consumer search in competitive market, justifying slight price increase to maximize profit.",1.5,2,1.5,1.0,"[1.0, 'adaptive']","[1, 3, 2, 3, 2, 1, 2, 3]","[[0, 1, 0, 0, 0, 1, 1, 1], [1, 0, 1, 0, 0, 1, 1, 0], [0, 1, 0, 1, 1, 0, 0, 0], [0, 0, 1, 0, 1, 0, 0, 1], [0, 0, 1, 1, 0, 1, 0, 0], [1, 1, 0, 0, 1, 0, 1, 1], [1, 1, 0, 0, 0, 1, 0, 1], [1, 0, 0, 1, 0, 1, 1, 0]]",,False,less
7,6,F2,0.7,"Change price: 0.05, reason: High share rate (1.0) maintains personalized recommendations, reducing consumer search in a competitive 7-firm market, so raise price to maximize profit.",1.4,2,1.4,1.0,"[1.0, 'adaptive']","[1, 3, 2, 3, 2, 1, 1, 2]","[[0, 1, 0, 0, 0, 1, 1, 1], [1, 0, 1, 0, 0, 1, 1, 0], [0, 1, 0, 1, 1, 0, 0, 0], [0, 0, 1, 0, 1, 1, 0, 1], [0, 0, 1, 1, 0, 0, 0, 1], [1, 1, 0, 1, 0, 0, 1, 1], [1, 1, 0, 0, 0, 0, 0, 1], [1, 0, 0, 1, 1, 1, 1, 0]]",,False,less
7,6,F3,0.8,"Change price: 0.05, reason: High share rate and competition strengthen recommendations, maintaining buyer likelihood and allowing a higher price for increased profit.",1.6,2,1.6,1.0,"[1.0, 'adaptive']","[1, 3, 2, 3, 2, 1, 2, 3]","[[0, 1, 0, 0, 0, 1, 1, 0], [1, 0, 1, 0, 0, 0, 0, 0], [0, 1, 0, 1, 1, 0, 0, 0], [0, 0, 1, 0, 1, 0, 0, 1], [0, 0, 1, 1, 0, 1, 0, 0], [1, 0, 0, 0, 1, 0, 1, 1], [1, 0, 0, 0, 0, 1, 0, 1], [0, 0, 0, 1, 0, 1, 1, 0]]",,False,less
7,6,F4,0.75,"Change price: 0.05, reason: High share rate of 1.0 and personalized recommendations in competitive market increase purchase likelihood, allowing slight price increase to boost profit.",3.0,4,3.0,1.0,"[1.0, 'adaptive']","[1, 3, 2, 3, 2, 1, 2, 3]","[[0, 1, 0, 0, 0, 1, 1, 1], [1, 0, 1, 1, 0, 1, 1, 0], [0, 1, 0, 1, 1, 0, 0, 0], [0, 1, 1, 0, 1, 0, 0, 0], [0, 0, 1, 1, 0, 1, 0, 0], [1, 1, 0, 0, 1, 0, 1, 1], [1, 1, 0, 0, 1, 0, 0, 1], [1, 0, 0, 0, 0, 1, 1, 0]]",,False,less
7,6,F5,0.65,"Change price: 0.05, reason: High share rate (1.0) with strong competition increases buyer likelihood through recommendations, allowing a slight price increase to maximize profit.",0.65,1,0.65,1.0,"[1.0, 'adaptive']","[1, 3, 2, 3, 2, 1, 2, 3]","[[0, 1, 0, 0, 0, 1, 1, 1], [1, 0, 1, 0, 0, 1, 1, 0], [0, 1, 0, 1, 1, 0, 0, 0], [0, 0, 1, 0, 1, 0, 0, 1], [0, 0, 1, 1, 0, 1, 0, 0], [1, 1, 0, 0, 1, 0, 1, 1], [1, 1, 0, 0, 0, 1, 0, 1], [1, 0, 0, 1, 0, 1, 1, 0]]",,False,less
7,6,F6,0.6,"Change price: 0, reason: High share rate of 1.0 maintains purchase likelihood, so keep price at 0.60 to sustain sales and profit from history.",2.4,4,2.4,1.0,"[1.0, 'adaptive']","[2, 1, 3, 3, 2, 1, 2, 3]","[[0, 1, 0, 0, 0, 1, 1, 1], [1, 0, 0, 1, 0, 1, 1, 0], [0, 0, 0, 1, 1, 0, 0, 0], [0, 1, 0, 0, 1, 0, 0, 1], [0, 0, 1, 1, 0, 0, 0, 0], [1, 1, 0, 0, 0, 0, 1, 1], [1, 1, 0, 0, 0, 0, 0, 1], [1, 0, 0, 1, 0, 1, 1, 0]]",,False,less
7,7,F0,0.85,"Change price: 0.05, reason: High share rate and consistent sales history enable price increase to maximize profit.",4.25,5,4.25,1.0,"[1.0, 'adaptive']","[1, 3, 3, 2, 2, 1, 1, 2]","[[0, 1, 0, 0, 0, 1, 1, 1], [1, 0, 0, 0, 0, 1, 1, 0], [0, 0, 0, 1, 1, 0, 0, 0], [0, 0, 0, 0, 1, 1, 0, 1], [0, 0, 1, 1, 0, 1, 0, 0], [1, 1, 0, 1, 1, 0, 1, 1], [1, 1, 0, 0, 0, 1, 0, 1], [1, 0, 0, 1, 0, 1, 1, 0]]",,False,less
7,7,F1,0.8,"Change price: 0.05, reason: High share rate and recommendations reduce consumer search in competitive market, justifying slight price increase to maximize profit.",1.6,2,1.6,1.0,"[1.0, 'adaptive']","[1, 3, 2, 3, 2, 1, 2, 3]","[[0, 1, 0, 0, 0, 1, 1, 1], [1, 0, 1, 1, 0, 1, 1, 0], [0, 1, 0, 1, 1, 0, 0, 0], [0, 1, 1, 0, 1, 0, 0, 0], [0, 0, 1, 1, 0, 1, 0, 0], [1, 1, 0, 0, 1, 0, 1, 1], [1, 1, 0, 0, 0, 1, 0, 1], [1, 0, 0, 0, 0, 1, 1, 0]]",,False,less
7,7,F2,0.75,"Change price: 0.05, reason: High share rate (1.0) sustains personalized recommendations, reducing consumer search in a competitive 7-firm market, so raise price to maximize profit.",1.5,2,1.5,1.0,"[1.0, 'adaptive']","[1, 2, 2, 3, 3, 1, 1, 2]","[[0, 1, 0, 0, 0, 1, 1, 0], [1, 0, 1, 0, 0, 1, 1, 0], [0, 1, 0, 1, 1, 0, 0, 0], [0, 0, 1, 0, 1, 0, 0, 1], [0, 0, 1, 0, 0, 0, 0, 1], [1, 1, 0, 0, 0, 0, 1, 1], [1, 1, 0, 0, 0, 1, 0, 1], [0, 0, 0, 1, 1, 1, 1, 0]]",,False,less
7,7,F3,0.85,"Change price: 0.05, reason: High share rate and competition enhance recommendations, maintaining buyer likelihood and supporting a higher price for increased profit.",0.85,1,0.85,1.0,"[1.0, 'adaptive']","[2, 3, 1, 3, 2, 1, 2, 3]","[[0, 1, 0, 0, 0, 1, 1, 0], [1, 0, 1, 0, 0, 1, 0, 0], [0, 1, 0, 1, 1, 0, 0, 0], [0, 0, 1, 0, 1, 0, 0, 1], [0, 0, 1, 1, 0, 1, 0, 0], [1, 1, 0, 0, 1, 0, 1, 1], [1, 0, 0, 0, 0, 1, 0, 1], [0, 0, 0, 1, 0, 1, 1, 0]]",,False,less
7,7,F4,0.8,"Change price: 0.05, reason: High share rate of 1.0 and strong personalized recommendations in competitive market increase purchase likelihood, allowing slight price increase to boost profit.",3.2,4,3.2,1.0,"[1.0, 'adaptive']","[1, 3, 2, 3, 2, 1, 2, 3]","[[0, 1, 0, 0, 0, 1, 1, 0], [1, 0, 1, 0, 0, 1, 1, 0], [0, 1, 0, 1, 1, 0, 0, 0], [0, 0, 1, 0, 1, 0, 0, 0], [0, 0, 1, 1, 0, 0, 0, 0], [1, 1, 0, 0, 0, 0, 1, 0], [1, 1, 0, 0, 0, 1, 0, 1], [0, 0, 0, 0, 0, 0, 1, 0]]",,False,less
7,7,F5,0.7,"Change price: 0.05, reason: High share rate (1.0) with strong competition boosts buyer likelihood via recommendations, allowing a slight price increase to maximize profit.",0.7,1,0.7,1.0,"[1.0, 'adaptive']","[1, 3, 2, 3, 2, 1, 2, 3]","[[0, 1, 0, 0, 0, 1, 1, 0], [1, 0, 1, 0, 0, 1, 1, 0], [0, 1, 0, 1, 1, 0, 0, 0], [0, 0, 1, 0, 1, 0, 0, 0], [0, 0, 1, 0, 0, 1, 0, 0], [1, 1, 0, 0, 1, 0, 1, 1], [1, 1, 0, 0, 1, 1, 0, 1], [0, 0, 0, 0, 0, 1, 1, 0]]",,False,less
7,7,F6,0.65,"Change price: 0.05, reason: High share rate of 1.0 increases purchase likelihood in competitive market, allowing small price increase to test and maximize profit from history.",2.6,4,2.6,1.0,"[1.0, 'adaptive']","[1, 3, 2, 3, 2, 1, 2, 3]","[[0, 1, 0, 0, 0, 1, 1, 1], [1, 0, 1, 1, 0, 1, 1, 0], [0, 1, 0, 1, 1, 0, 0, 0], [0, 1, 0, 0, 1, 0, 0, 1], [0, 0, 1, 1, 0, 1, 0, 0], [1, 1, 0, 0, 1, 0, 1, 1], [1, 1, 0, 0, 0, 1, 0, 1], [1, 0, 0, 1, 0, 1, 1, 0]]",,False,less
7,8,F0,0.9,"Change price: 0.05, reason: High share rate and consistent sales enable price increase to maximize profit.",4.5,5,4.5,1.0,"[1.0, 'adaptive']","[1, 3, 3, 2, 2, 1, 1, 2]","[[0, 1, 0, 0, 0, 1, 1, 1], [1, 0, 0, 0, 0, 1, 1, 0], [0, 0, 0, 1, 1, 0, 0, 0], [0, 0, 0, 0, 1, 1, 0, 1], [0, 0, 1, 1, 0, 1, 0, 1], [1, 1, 0, 1, 1, 0, 1, 1], [1, 1, 0, 0, 0, 1, 0, 1], [1, 0, 0, 1, 1, 1, 1, 0]]",,False,less
7,8,F1,0.85,"Change price: 0.05, reason: High share rate and recommendations reduce consumer search in competitive market, justifying slight price increase to maximize profit.",1.7,2,1.7,1.0,"[1.0, 'adaptive']","[1, 3, 2, 3, 2, 1, 2, 3]","[[0, 1, 0, 0, 0, 1, 1, 1], [1, 0, 1, 1, 0, 1, 1, 0], [0, 1, 0, 1, 1, 0, 0, 0], [0, 1, 0, 0, 1, 0, 0, 1], [0, 0, 1, 1, 0, 1, 0, 0], [1, 1, 0, 0, 1, 0, 1, 1], [1, 1, 0, 0, 1, 0, 0, 1], [1, 0, 0, 1, 0, 1, 1, 0]]",,False,less
7,8,F2,0.8,"Change price: 0.05, reason: High share rate (1.0) enhances personalized recommendations, reducing consumer search in a competitive 7-firm market, so raise price to maximize profit.",1.6,2,1.6,1.0,"[1.0, 'adaptive']","[1, 3, 2, 3, 2, 1, 1, 2]","[[0, 1, 0, 0, 0, 1, 1, 1], [1, 0, 1, 0, 0, 1, 1, 0], [0, 1, 0, 1, 1, 0, 0, 0], [0, 0, 1, 0, 1, 0, 0, 1], [0, 0, 1, 0, 0, 0, 0, 1], [1, 1, 0, 0, 0, 0, 1, 1], [1, 1, 0, 0, 0, 0, 0, 1], [1, 0, 0, 1, 1, 1, 1, 0]]",,False,less
7,8,F3,0.8,"Change price: -0.05, reason: Recent sales drop at 0.85 suggests lower price to attract more buyers and maximize profit.",1.6,2,1.6,1.0,"[1.0, 'adaptive']","[2, 3, 1, 3, 2, 1, 2, 3]","[[0, 1, 0, 0, 0, 1, 1, 1], [1, 0, 0, 0, 0, 1, 1, 0], [0, 0, 0, 0, 1, 1, 0, 0], [0, 0, 0, 0, 1, 1, 0, 1], [0, 0, 1, 1, 0, 1, 0, 1], [1, 1, 1, 1, 1, 0, 1, 1], [1, 1, 0, 0, 0, 1, 0, 1], [1, 0, 0, 1, 1, 1, 1, 0]]",,False,less
7,8,F4,0.85,"Change price: 0.05, reason: High share rate of 1.0 and personalized recommendations in competitive market increase purchase likelihood, allowing slight price increase to boost profit.",2.55,3,2.55,1.0,"[1.0, 'adaptive']","[1, 3, 2, 3, 2, 1, 2, 3]","[[0, 1, 0, 0, 0, 1, 1, 1], [1, 0, 1, 1, 0, 1, 1, 0], [0, 1, 0, 1, 1, 0, 0, 0], [0, 1, 1, 0, 1, 0, 0, 1], [0, 0, 1, 1, 0, 1, 0, 0], [1, 1, 0, 0, 1, 0, 1, 1], [1, 1, 0, 0, 0, 0, 0, 1], [1, 0, 0, 1, 0, 1, 1, 0]]",,False,less
7,8,F5,0.75,"Change price: 0.05, reason: High share rate (1.0) with strong competition boosts buyer likelihood via recommendations, allowing a slight price increase to maximize profit.",0.75,1,0.75,1.0,"[1.0, 'adaptive']","[1, 3, 2, 3, 2, 1, 2, 3]","[[0, 1, 0, 0, 0, 1, 1, 1], [1, 0, 1, 1, 0, 1, 1, 0], [0, 1, 0, 1, 1, 0, 0, 0], [0, 1, 1, 0, 1, 0, 0, 0], [0, 0, 1, 1, 0, 1, 0, 0], [1, 1, 0, 0, 1, 0, 1, 1], [1, 1, 0, 0, 1, 1, 0, 1], [1, 0, 0, 0, 0, 1, 1, 0]]",,False,less
7,8,F6,0.7,"Change price: 0.05, reason: High share rate of 1.0 enhances purchase likelihood in competitive market, allowing small price increase to test and maximize profit from history.",1.4,2,1.4,1.0,"[1.0, 'adaptive']","[1, 3, 2, 3, 2, 1, 2, 3]","[[0, 1, 0, 0, 0, 1, 1, 1], [1, 0, 1, 1, 0, 1, 1, 0], [0, 1, 0, 1, 1, 0, 0, 0], [0, 1, 1, 0, 1, 0, 0, 0], [0, 0, 1, 1, 0, 1, 0, 0], [1, 1, 0, 0, 0, 0, 1, 1], [1, 1, 0, 0, 1, 0, 0, 1], [1, 0, 0, 0, 0, 1, 1, 0]]",,False,less
7,9,F0,0.95,"Change price: 0.05, reason: High share rate and consistent sales enable price increase to maximize profit.",4.75,5,4.75,1.0,"[1.0, 'adaptive']","[1, 3, 2, 3, 2, 1, 2, 3]","[[0, 1, 0, 0, 0, 1, 1, 1], [1, 0, 0, 0, 0, 1, 1, 0], [0, 0, 0, 1, 1, 0, 0, 0], [0, 0, 0, 0, 1, 0, 0, 1], [0, 0, 1, 1, 0, 1, 0, 0], [1, 1, 0, 0, 1, 0, 1, 1], [1, 1, 0, 0, 0, 0, 0, 1], [1, 0, 0, 1, 0, 1, 1, 0]]",,False,less
7,9,F1,0.9,"Change price: 0.05, reason: High share rate and recommendations reduce consumer search in competitive market, justifying slight price increase to maximize profit.",0.0,0,0.0,1.0,"[1.0, 'adaptive']","[1, 3, 2, 3, 2, 1, 2, 3]","[[0, 1, 0, 0, 0, 1, 1, 1], [1, 0, 0, 1, 0, 1, 1, 0], [0, 0, 0, 1, 1, 0, 0, 0], [0, 1, 1, 0, 1, 0, 0, 1], [0, 0, 1, 1, 0, 0, 0, 0], [1, 1, 0, 0, 0, 0, 1, 1], [1, 1, 0, 0, 0, 0, 0, 1], [1, 0, 0, 1, 0, 1, 1, 0]]",,False,less
7,9,F2,0.85,"Change price: 0.05, reason: High share rate (1.0) sustains personalized recommendations, reducing consumer search in a competitive 7-firm market, so raise price to maximize profit.",0.85,1,0.85,1.0,"[1.0, 'adaptive']","[1, 2, 2, 3, 3, 1, 1, 2]","[[0, 1, 0, 0, 0, 1, 1, 1], [1, 0, 1, 0, 0, 1, 1, 0], [0, 1, 0, 1, 1, 0, 0, 0], [0, 0, 1, 0, 1, 1, 0, 1], [0, 0, 1, 1, 0, 1, 0, 1], [1, 1, 0, 1, 1, 0, 1, 1], [1, 1, 0, 0, 0, 1, 0, 1], [1, 0, 0, 1, 1, 1, 1, 0]]",,False,less
7,9,F3,0.8,"Change price: 0, reason: Historical data shows price of 0.80 yields maximum profit with 2 sales, while higher prices reduce sales.",1.6,2,1.6,1.0,"[1.0, 'adaptive']","[1, 3, 2, 3, 2, 1, 2, 3]","[[0, 1, 0, 0, 0, 1, 1, 1], [1, 0, 1, 1, 0, 1, 1, 0], [0, 1, 0, 1, 1, 0, 0, 0], [0, 1, 1, 0, 1, 0, 0, 0], [0, 0, 1, 1, 0, 1, 0, 0], [1, 1, 0, 0, 1, 0, 1, 1], [1, 1, 0, 0, 0, 0, 0, 1], [1, 0, 0, 0, 0, 1, 1, 0]]",,False,less
7,9,F4,0.8,"Change price: -0.05, reason: Sales dropped to 3 at 0.85, indicating overpricing; decrease to regain customers and maximize profit based on historical trends.",3.2,4,3.2,1.0,"[1.0, 'adaptive']","[2, 3, 1, 1, 2, 1, 3, 2]","[[0, 1, 0, 1, 0, 1, 0, 1], [1, 0, 1, 1, 0, 1, 0, 0], [0, 1, 0, 1, 1, 1, 1, 0], [1, 1, 0, 0, 1, 1, 1, 0], [0, 0, 1, 1, 0, 0, 0, 1], [1, 1, 1, 1, 0, 0, 1, 1], [0, 0, 1, 1, 0, 1, 0, 1], [1, 0, 0, 0, 1, 1, 1, 0]]",,False,greater
7,9,F5,0.8,"Change price: 0.05, reason: High share rate (1.0) with strong competition enhances buyer likelihood through recommendations, allowing a slight price increase to maximize profit.",0.0,0,0.0,1.0,"[1.0, 'adaptive']","[1, 3, 2, 3, 2, 1, 2, 3]","[[0, 1, 0, 0, 0, 1, 1, 1], [1, 0, 1, 0, 0, 1, 1, 0], [0, 1, 0, 1, 1, 0, 0, 0], [0, 0, 1, 0, 1, 0, 0, 0], [0, 0, 1, 0, 0, 1, 0, 0], [1, 1, 0, 0, 1, 0, 1, 1], [1, 1, 0, 0, 1, 1, 0, 1], [1, 0, 0, 0, 0, 1, 1, 0]]",,False,less
7,9,F6,0.65,"Change price: -0.05, reason: High price of 0.70 in previous round reduced sales from 4 to 2, lowering profit, so decrease slightly to attract more buyers while maintaining high share rate of 1.0.",2.6,4,2.6,1.0,"[1.0, 'adaptive']","[2, 3, 1, 1, 2, 2, 3, 1]","[[0, 1, 0, 1, 0, 1, 0, 1], [1, 0, 1, 0, 0, 1, 0, 0], [0, 1, 0, 1, 1, 0, 1, 0], [1, 0, 0, 0, 1, 1, 0, 0], [0, 0, 1, 1, 0, 1, 0, 0], [1, 1, 0, 1, 1, 0, 1, 1], [0, 0, 1, 0, 0, 1, 0, 1], [1, 0, 0, 0, 0, 1, 1, 0]]",,False,greater
7,10,F0,1.0,"Change price: 0.05, reason: High share rate and consistent sales enable price increase to maximize profit.",5.0,5,5.0,1.0,"[1.0, 'adaptive']","[1, 3, 3, 2, 2, 1, 1, 2]","[[0, 1, 0, 0, 0, 1, 1, 1], [1, 0, 0, 0, 0, 1, 1, 0], [0, 0, 0, 1, 1, 0, 0, 0], [0, 0, 0, 0, 1, 1, 0, 1], [0, 0, 1, 1, 0, 1, 0, 1], [1, 1, 0, 1, 1, 0, 1, 1], [1, 1, 0, 0, 0, 0, 0, 1], [1, 0, 0, 1, 1, 1, 1, 0]]",,False,less
7,10,F1,0.85,"Change price: -0.05, reason: No sales at 0.90, decrease to attract buyers and maximize profit in competitive market.",1.7,2,1.7,1.0,"[1.0, 'adaptive']","[2, 3, 1, 3, 2, 1, 2, 1]","[[0, 1, 0, 0, 0, 1, 1, 1], [1, 0, 1, 1, 0, 1, 1, 0], [0, 1, 0, 1, 1, 0, 0, 0], [0, 1, 1, 0, 1, 0, 0, 1], [0, 0, 1, 1, 0, 1, 0, 0], [1, 1, 0, 0, 1, 0, 1, 1], [1, 1, 0, 0, 0, 1, 0, 1], [1, 0, 0, 1, 0, 1, 1, 0]]",,False,greater
7,10,F2,0.8,"Change price: -0.05, reason: Sales dropped to 1 at 0.85, so lower price to boost demand in a competitive 7-firm market and maximize profit.",1.6,2,1.6,1.0,"[1.0, 'adaptive']","[2, 3, 1, 3, 2, 1, 2, 1]","[[0, 1, 0, 0, 0, 1, 1, 1], [1, 0, 1, 1, 0, 1, 1, 0], [0, 1, 0, 1, 1, 1, 0, 0], [0, 1, 0, 0, 1, 0, 0, 1], [0, 0, 1, 1, 0, 1, 0, 1], [1, 1, 1, 0, 1, 0, 1, 1], [1, 1, 0, 0, 0, 1, 0, 1], [1, 0, 0, 1, 1, 1, 1, 0]]",,False,greater
7,10,F3,0.8,"Change price: 0, reason: Historical data shows price of 0.80 yields maximum profit with 2 sales, maintaining high share rate and competition balance.",1.6,2,1.6,1.0,"[1.0, 'adaptive']","[1, 3, 2, 3, 2, 1, 2, 3]","[[0, 1, 0, 0, 0, 1, 1, 1], [1, 0, 1, 0, 0, 1, 1, 0], [0, 1, 0, 1, 1, 0, 0, 0], [0, 0, 1, 0, 1, 0, 0, 1], [0, 0, 1, 1, 0, 1, 0, 0], [1, 1, 0, 0, 1, 0, 1, 1], [1, 1, 0, 0, 0, 1, 0, 1], [1, 0, 0, 1, 0, 1, 1, 0]]",,False,less
7,10,F4,0.8,"Change price: 0.00, reason: Stable sales and profit at 0.80 from Round9; high share rate supports maintaining to avoid overpricing risk.",3.2,4,3.2,1.0,"[1.0, 'adaptive']","[2, 3, 3, 1, 2, 1, 2, 3]","[[0, 1, 0, 0, 0, 1, 1, 0], [1, 0, 0, 1, 0, 1, 1, 0], [0, 0, 0, 0, 1, 0, 0, 0], [0, 1, 0, 0, 1, 0, 0, 1], [0, 0, 1, 1, 0, 1, 0, 0], [1, 1, 0, 0, 1, 0, 1, 1], [1, 1, 0, 0, 1, 0, 0, 1], [0, 0, 0, 1, 0, 1, 1, 0]]",,False,less
7,10,F5,0.75,"Change price: -0.05, reason: No sales at 0.80 due to high competition, lower to attract buyers and maximize profit.",0.75,1,0.75,1.0,"[1.0, 'adaptive']","[2, 3, 1, 3, 2, 1, 2, 1]","[[0, 1, 0, 0, 0, 1, 1, 1], [1, 0, 1, 1, 0, 1, 1, 0], [0, 1, 0, 1, 1, 1, 0, 0], [0, 1, 1, 0, 1, 0, 0, 1], [0, 0, 1, 1, 0, 1, 0, 1], [1, 1, 1, 0, 1, 0, 1, 1], [1, 1, 0, 0, 0, 1, 0, 1], [1, 0, 0, 1, 1, 1, 1, 0]]",,False,greater
7,10,F6,0.65,"Change price: 0, reason: High share rate of 1.0 maintains sales at 4 with current price, maximizing profit from history.",2.6,4,2.6,1.0,"[1.0, 'adaptive']","[1, 3, 3, 2, 2, 1, 2, 3]","[[0, 1, 0, 0, 0, 1, 1, 1], [1, 0, 0, 0, 0, 1, 1, 0], [0, 0, 0, 0, 1, 0, 0, 0], [0, 0, 0, 0, 1, 0, 0, 0], [0, 0, 1, 1, 0, 1, 0, 0], [1, 1, 0, 0, 1, 0, 1, 1], [1, 1, 0, 0, 1, 1, 0, 1], [1, 0, 0, 0, 0, 1, 1, 0]]",,False,less
8,1,F0,0.55,"Change price: 0.05, reason: Moderate share rate and high competition increase purchase likelihood, allowing slight price increase.",1.65,3,1.65,1.0,"[0.464962975316935, 'adaptive']","[2, 3, 1, 3, 2, 1, 2, 3]","[[0, 0, 0, 0, 1, 1, 1, 0], [0, 0, 0, 0, 0, 1, 0, 0], [0, 0, 0, 1, 1, 0, 0, 0], [0, 0, 1, 0, 1, 0, 0, 0], [1, 0, 1, 1, 0, 1, 1, 0], [1, 1, 0, 0, 1, 0, 1, 1], [1, 0, 0, 0, 1, 0, 0, 1], [0, 0, 0, 0, 0, 1, 1, 0]]",,False,less
8,1,F1,0.55,"Change price: 0.05, reason: Moderate share rate increases likelihood of purchases via recommendations in high-competition market.",2.2,4,2.2,1.0,"[0.5663962358428858, 'adaptive']","[2, 3, 1, 3, 2, 1, 2, 3]","[[0, 1, 0, 0, 0, 1, 1, 1], [1, 0, 1, 1, 0, 1, 1, 0], [0, 1, 0, 1, 1, 0, 0, 0], [0, 1, 1, 0, 1, 0, 0, 1], [0, 0, 1, 1, 0, 1, 0, 0], [1, 1, 0, 0, 1, 0, 1, 1], [1, 1, 0, 0, 0, 0, 0, 1], [1, 0, 0, 1, 0, 1, 1, 0]]",,False,less
8,1,F2,0.6,"Change price: 0.10, reason: High share rate increases purchase likelihood, allowing a slight price increase in competitive market.",1.2,2,1.2,1.0,"[0.7819033038633417, 'adaptive']","[2, 1, 2, 3, 3, 1, 2, 3]","[[0, 1, 0, 0, 0, 1, 1, 1], [1, 0, 1, 0, 0, 1, 1, 0], [0, 1, 0, 1, 1, 0, 0, 0], [0, 0, 1, 0, 1, 0, 0, 0], [0, 0, 1, 1, 0, 1, 0, 0], [1, 1, 0, 0, 1, 0, 1, 1], [1, 1, 0, 0, 0, 0, 0, 1], [1, 0, 0, 0, 0, 1, 1, 0]]",,False,less
8,1,F3,0.6,"Change price: 0.10, reason: High share rate increases purchase likelihood through recommendations, justifying a slight price increase in competitive market.",1.2,2,1.2,1.0,"[0.7578081088985132, 'adaptive']","[2, 3, 1, 3, 2, 1, 2, 3]","[[0, 0, 0, 0, 0, 1, 1, 1], [0, 0, 0, 0, 0, 1, 1, 0], [0, 0, 0, 0, 1, 1, 0, 0], [0, 0, 0, 0, 0, 0, 0, 0], [0, 0, 1, 0, 0, 1, 0, 0], [1, 1, 1, 0, 1, 0, 1, 1], [1, 1, 0, 0, 0, 0, 0, 1], [1, 0, 0, 0, 0, 1, 1, 0]]",,False,less
8,1,F4,0.55,"Change price: 0.05, reason: High share rate (96.91%) increases purchase likelihood due to personalized recommendations, allowing a slight price increase to maximize profit in competitive market.",0.55,1,0.55,1.0,"[0.9690723106509167, 'adaptive']","[1, 3, 2, 3, 2, 1, 2, 3]","[[0, 1, 0, 0, 0, 1, 1, 1], [1, 0, 1, 1, 0, 1, 1, 0], [0, 1, 0, 1, 1, 0, 0, 0], [0, 1, 1, 0, 1, 0, 0, 0], [0, 0, 1, 1, 0, 1, 0, 0], [1, 1, 0, 0, 1, 0, 1, 1], [1, 1, 0, 0, 0, 1, 0, 1], [1, 0, 0, 0, 0, 1, 1, 0]]",,False,less
8,1,F5,0.55,"Change price: 0.05, reason: Moderate share rate increases buy likelihood with competition.",2.2,4,2.2,1.0,"[0.35158556468606605, 'adaptive']","[2, 3, 1, 3, 2, 1, 2, 3]","[[0, 1, 0, 0, 0, 1, 1, 0], [1, 0, 1, 0, 0, 0, 1, 0], [0, 1, 0, 1, 1, 0, 0, 0], [0, 0, 1, 0, 1, 0, 0, 0], [0, 0, 1, 1, 0, 1, 0, 1], [1, 0, 0, 0, 1, 0, 1, 1], [1, 1, 0, 0, 0, 0, 0, 1], [0, 0, 0, 0, 1, 1, 1, 0]]",,False,less
8,1,F6,0.55,"Change price: 0.05, reason: Moderate share rate increases purchase likelihood in competitive market.",1.1,2,1.1,1.0,"[0.45216729594021077, 'adaptive']","[2, 3, 1, 3, 2, 1, 2, 3]","[[0, 0, 0, 0, 0, 1, 1, 1], [0, 0, 0, 0, 0, 1, 1, 0], [0, 0, 0, 0, 1, 0, 0, 0], [0, 0, 0, 0, 1, 0, 0, 1], [0, 0, 1, 1, 0, 1, 0, 1], [1, 1, 0, 0, 1, 0, 1, 1], [1, 1, 0, 0, 0, 0, 0, 1], [1, 0, 0, 1, 1, 1, 1, 0]]",,False,less
8,1,F7,0.55,"Change price: 0.05, reason: High share rate of 0.94 increases purchase likelihood via recommendations in a competitive 8-firm market, allowing a slight price increase.",1.1,2,1.1,1.0,"[0.9448790197591008, 'adaptive']","[1, 3, 2, 3, 2, 1, 2, 3]","[[0, 1, 0, 0, 0, 1, 1, 1], [1, 0, 1, 0, 0, 1, 1, 0], [0, 1, 0, 1, 1, 0, 0, 0], [0, 0, 1, 0, 1, 0, 0, 0], [0, 0, 1, 0, 0, 1, 0, 0], [1, 1, 0, 0, 1, 0, 1, 1], [1, 1, 0, 0, 1, 0, 0, 1], [1, 0, 0, 0, 0, 1, 1, 0]]",,False,less
8,2,F0,0.6,"Change price: 0.05, reason: High share rate of 1.0 boosts purchase likelihood through recommendations, allowing a slight increase despite competition.",1.8,3,1.8,1.0,"[1.0, 'adaptive']","[1, 3, 2, 3, 2, 1, 2, 3]","[[0, 1, 0, 0, 0, 1, 1, 1], [1, 0, 1, 1, 0, 1, 1, 0], [0, 1, 0, 1, 1, 0, 0, 0], [0, 1, 1, 0, 1, 0, 0, 0], [0, 0, 1, 1, 0, 1, 0, 0], [1, 1, 0, 0, 1, 0, 1, 1], [1, 1, 0, 0, 1, 0, 0, 1], [1, 0, 0, 0, 0, 1, 1, 0]]",,False,less
8,2,F1,0.6,"Change price: 0.05, reason: High share rate of 1.0 increases purchase likelihood via recommendations in competitive market.",2.4,4,2.4,1.0,"[1.0, 'adaptive']","[1, 3, 2, 3, 2, 1, 2, 3]","[[0, 1, 0, 0, 0, 1, 1, 0], [1, 0, 1, 0, 0, 1, 1, 0], [0, 1, 0, 1, 1, 0, 0, 0], [0, 0, 1, 0, 1, 0, 0, 0], [0, 0, 1, 1, 0, 1, 0, 0], [1, 1, 0, 0, 1, 0, 1, 1], [1, 1, 0, 0, 1, 0, 0, 1], [0, 0, 0, 0, 0, 1, 1, 0]]",,False,less
8,2,F2,0.65,"Change price: 0.05, reason: High share rate boosts purchase likelihood amid competition, allowing a slight price increase.",1.3,2,1.3,1.0,"[1.0, 'adaptive']","[2, 1, 2, 3, 3, 1, 2, 3]","[[0, 1, 0, 0, 0, 1, 1, 1], [1, 0, 1, 0, 0, 1, 1, 0], [0, 1, 0, 1, 1, 0, 0, 0], [0, 0, 1, 0, 1, 0, 0, 0], [0, 0, 1, 1, 0, 0, 0, 1], [1, 1, 0, 0, 0, 0, 1, 1], [1, 1, 0, 0, 0, 0, 0, 1], [1, 0, 0, 0, 1, 1, 1, 0]]",,False,less
8,2,F3,0.7,"Change price: 0.10, reason: High share rate of 1.0 boosts purchase likelihood via recommendations, justifying a slight increase despite competition.",1.4,2,1.4,1.0,"[1.0, 'adaptive']","[2, 3, 2, 3, 1, 1, 2, 3]","[[0, 1, 0, 0, 0, 1, 1, 0], [1, 0, 1, 0, 0, 1, 0, 0], [0, 1, 0, 1, 1, 0, 0, 0], [0, 0, 1, 0, 1, 0, 0, 0], [0, 0, 1, 1, 0, 1, 0, 0], [1, 1, 0, 0, 1, 0, 1, 1], [1, 0, 0, 0, 0, 1, 0, 1], [0, 0, 0, 0, 0, 1, 0, 0]]",,False,less
8,2,F4,0.6,"Change price: 0.05, reason: High share rate of 1.0 boosts purchase likelihood through recommendations, justifying a slight increase in competitive market.",0.6,1,0.6,1.0,"[1.0, 'adaptive']","[2, 3, 2, 3, 1, 1, 2, 3]","[[0, 1, 0, 0, 0, 1, 1, 0], [1, 0, 1, 0, 0, 1, 1, 0], [0, 1, 0, 1, 1, 0, 0, 0], [0, 0, 1, 0, 1, 0, 0, 0], [0, 0, 1, 0, 0, 1, 0, 1], [1, 1, 0, 0, 1, 0, 1, 0], [1, 1, 0, 0, 0, 0, 0, 1], [0, 0, 0, 0, 1, 0, 1, 0]]",,False,less
8,2,F5,0.6,"Change price: 0.05, reason: High share rate and competition increase buy likelihood, allowing slight price increase.",2.4,4,2.4,1.0,"[1.0, 'adaptive']","[2, 3, 1, 3, 2, 1, 2, 3]","[[0, 1, 0, 0, 0, 1, 1, 1], [1, 0, 1, 0, 0, 1, 1, 0], [0, 1, 0, 1, 1, 0, 0, 0], [0, 0, 1, 0, 1, 0, 0, 1], [0, 0, 1, 1, 0, 1, 0, 0], [1, 1, 0, 0, 1, 0, 1, 1], [1, 1, 0, 0, 0, 1, 0, 1], [1, 0, 0, 1, 0, 1, 1, 0]]",,False,less
8,2,F6,0.6,"Change price: 0.05, reason: High share rate and competition enhance purchase likelihood via recommendations, justifying a price increase.",1.2,2,1.2,1.0,"[1.0, 'adaptive']","[2, 3, 1, 3, 2, 1, 2, 1]","[[0, 1, 0, 0, 0, 1, 1, 0], [1, 0, 1, 0, 0, 0, 1, 0], [0, 1, 0, 1, 1, 0, 0, 0], [0, 0, 1, 0, 1, 0, 0, 0], [0, 0, 1, 1, 0, 0, 0, 1], [1, 0, 0, 0, 0, 0, 1, 1], [1, 1, 0, 0, 0, 1, 0, 1], [0, 0, 0, 0, 1, 1, 1, 0]]",,False,greater
8,2,F7,0.6,"Change price: 0.05, reason: High share rate of 1.0 enhances purchase likelihood through recommendations in competitive 8-firm market, justifying a slight price increase.",1.2,2,1.2,1.0,"[1.0, 'adaptive']","[2, 3, 1, 3, 2, 1, 2, 3]","[[0, 1, 0, 0, 0, 1, 1, 1], [1, 0, 1, 0, 0, 1, 1, 0], [0, 1, 0, 1, 1, 0, 0, 0], [0, 0, 1, 0, 1, 0, 0, 0], [0, 0, 1, 0, 0, 1, 0, 1], [1, 1, 0, 0, 1, 0, 1, 1], [1, 1, 0, 0, 0, 0, 0, 1], [1, 0, 0, 0, 1, 1, 1, 0]]",,False,less
8,3,F0,0.65,"Change price: 0.05, reason: High share rate of 1.0 and ongoing competition benefits from recommendations, allowing a slight price increase to boost profit.",1.95,3,1.95,1.0,"[1.0, 'adaptive']","[1, 3, 2, 3, 2, 1, 2, 3]","[[0, 1, 0, 0, 0, 1, 1, 1], [1, 0, 1, 1, 0, 1, 1, 0], [0, 1, 0, 1, 1, 0, 0, 0], [0, 1, 1, 0, 1, 0, 0, 0], [0, 0, 1, 1, 0, 1, 0, 0], [1, 1, 0, 0, 1, 0, 1, 1], [1, 1, 0, 0, 1, 0, 0, 1], [1, 0, 0, 0, 0, 1, 1, 0]]",,False,less
8,3,F1,0.65,"Change price: 0.05, reason: High share rate of 1.0 increases purchase likelihood via recommendations, allowing a slight price hike to maximize profit.",2.6,4,2.6,1.0,"[1.0, 'adaptive']","[1, 3, 3, 2, 2, 1, 2, 3]","[[0, 1, 0, 0, 0, 1, 1, 1], [1, 0, 0, 0, 0, 1, 1, 0], [0, 0, 0, 1, 1, 0, 0, 0], [0, 0, 0, 0, 1, 1, 0, 0], [0, 0, 1, 1, 0, 1, 0, 0], [1, 1, 0, 1, 1, 0, 1, 1], [1, 1, 0, 0, 0, 1, 0, 1], [1, 0, 0, 0, 0, 1, 1, 0]]",,False,less
8,3,F2,0.7,"Change price: 0.05, reason: High share rate enhances purchase likelihood in competitive market, allowing a slight price increase.",1.4,2,1.4,1.0,"[1.0, 'adaptive']","[1, 3, 2, 3, 2, 1, 2, 3]","[[0, 1, 0, 0, 0, 1, 1, 0], [1, 0, 1, 0, 0, 1, 1, 0], [0, 1, 0, 1, 1, 0, 0, 0], [0, 0, 1, 0, 1, 0, 0, 0], [0, 0, 1, 1, 0, 1, 0, 0], [1, 1, 0, 0, 1, 0, 1, 1], [1, 1, 0, 0, 0, 1, 0, 1], [0, 0, 0, 0, 0, 1, 1, 0]]",,False,less
8,3,F3,0.8,"Change price: 0.10, reason: High share rate of 1.0 enhances purchase likelihood via recommendations, allowing a price increase in competitive market to maximize profit.",0.8,1,0.8,1.0,"[1.0, 'adaptive']","[1, 3, 2, 3, 2, 1, 2, 3]","[[0, 1, 0, 0, 0, 1, 1, 1], [1, 0, 1, 0, 0, 1, 1, 0], [0, 1, 0, 1, 1, 0, 0, 0], [0, 0, 1, 0, 1, 1, 0, 0], [0, 0, 1, 0, 0, 1, 0, 1], [1, 1, 0, 1, 1, 0, 1, 1], [1, 1, 0, 0, 0, 1, 0, 1], [1, 0, 0, 0, 1, 1, 1, 0]]",,False,less
8,3,F4,0.65,"Change price: 0.05, reason: High share rate of 1.0 enhances purchase likelihood through recommendations, allowing a slight increase to maximize profit despite competition from 8 firms.",0.65,1,0.65,1.0,"[1.0, 'adaptive']","[1, 3, 2, 3, 2, 1, 2, 3]","[[0, 1, 0, 0, 0, 1, 1, 1], [1, 0, 1, 1, 0, 1, 1, 0], [0, 1, 0, 1, 1, 0, 0, 0], [0, 1, 1, 0, 1, 0, 0, 0], [0, 0, 1, 1, 0, 0, 0, 0], [1, 1, 0, 0, 0, 0, 1, 1], [1, 1, 0, 0, 0, 0, 0, 1], [1, 0, 0, 0, 0, 1, 1, 0]]",,False,less
8,3,F5,0.65,"Change price: 0.05, reason: High share rate and competition enhance buy likelihood, justifying slight price increase.",2.6,4,2.6,1.0,"[1.0, 'adaptive']","[2, 3, 1, 3, 2, 1, 2, 3]","[[0, 1, 0, 0, 0, 1, 1, 0], [1, 0, 1, 0, 0, 1, 1, 0], [0, 1, 0, 1, 1, 0, 0, 0], [0, 0, 1, 0, 1, 0, 0, 1], [0, 0, 1, 1, 0, 1, 0, 0], [1, 1, 0, 0, 1, 0, 1, 1], [1, 1, 0, 0, 0, 1, 0, 1], [0, 0, 0, 1, 0, 1, 1, 0]]",,False,less
8,3,F6,0.65,"Change price: 0.05, reason: High share rate and competition boost purchase likelihood through recommendations, allowing a slight price increase to maximize profit.",1.3,2,1.3,1.0,"[1.0, 'adaptive']","[1, 3, 2, 3, 2, 1, 2, 3]","[[0, 1, 0, 0, 0, 1, 1, 1], [1, 0, 1, 0, 0, 1, 1, 0], [0, 1, 0, 1, 1, 0, 0, 0], [0, 0, 1, 0, 1, 0, 0, 0], [0, 0, 1, 1, 0, 1, 0, 0], [1, 1, 0, 0, 1, 0, 1, 0], [1, 1, 0, 0, 0, 0, 0, 1], [1, 0, 0, 0, 0, 0, 1, 0]]",,False,less
8,3,F7,0.65,"Change price: 0.05, reason: High share rate of 1.0 boosts purchase likelihood in competitive 8-firm market, justifying a slight price increase to maximize profit.",1.3,2,1.3,1.0,"[1.0, 'adaptive']","[1, 3, 2, 3, 2, 1, 1, 2]","[[0, 1, 0, 0, 0, 1, 1, 1], [1, 0, 1, 0, 0, 1, 1, 0], [0, 1, 0, 1, 1, 0, 0, 0], [0, 0, 1, 0, 1, 0, 0, 0], [0, 0, 1, 1, 0, 0, 0, 1], [1, 1, 0, 0, 0, 0, 1, 1], [1, 1, 0, 0, 0, 0, 0, 1], [1, 0, 0, 0, 1, 1, 1, 0]]",,False,less
8,4,F0,0.7,"Change price: 0.05, reason: High share rate of 1.0 and consistent sales despite competition enable slight price increase to boost profit.",2.1,3,2.1,1.0,"[1.0, 'adaptive']","[1, 3, 2, 3, 2, 1, 2, 3]","[[0, 1, 0, 0, 0, 1, 1, 1], [1, 0, 1, 1, 0, 1, 1, 0], [0, 1, 0, 1, 1, 0, 0, 0], [0, 1, 1, 0, 1, 0, 0, 0], [0, 0, 1, 1, 0, 1, 0, 0], [1, 1, 0, 0, 1, 0, 1, 1], [1, 1, 0, 0, 0, 0, 0, 1], [1, 0, 0, 0, 0, 1, 1, 0]]",,False,less
8,4,F1,0.7,"Change price: 0.05, reason: High share rate of 1.0 sustains sales in competitive market, enabling slight price increase to boost profit.",2.8,4,2.8,1.0,"[1.0, 'adaptive']","[1, 3, 2, 3, 2, 1, 2, 3]","[[0, 1, 0, 0, 0, 1, 1, 1], [1, 0, 1, 1, 0, 1, 1, 0], [0, 1, 0, 1, 1, 0, 0, 0], [0, 1, 1, 0, 1, 0, 0, 0], [0, 0, 1, 1, 0, 1, 0, 0], [1, 1, 0, 0, 1, 0, 1, 1], [1, 1, 0, 0, 0, 0, 0, 1], [1, 0, 0, 0, 0, 1, 1, 0]]",,False,less
8,4,F2,0.75,"Change price: 0.05, reason: High share rate maintains purchase likelihood in competitive market, allowing a slight price increase.",1.5,2,1.5,1.0,"[1.0, 'adaptive']","[2, 1, 2, 3, 3, 1, 2, 3]","[[0, 1, 0, 0, 0, 1, 1, 1], [1, 0, 1, 0, 0, 1, 1, 0], [0, 1, 0, 1, 1, 0, 0, 0], [0, 0, 0, 0, 1, 0, 0, 0], [0, 0, 1, 1, 0, 0, 0, 0], [1, 1, 0, 0, 0, 0, 1, 1], [1, 1, 0, 0, 0, 0, 0, 1], [1, 0, 0, 0, 0, 1, 1, 0]]",,False,less
8,4,F3,0.7,"Change price: -0.10, reason: Drop in sales from 2 to 1 at 0.80 indicates overpricing; reduce to boost volume and maximize profit in competitive market.",1.4,2,1.4,1.0,"[1.0, 'adaptive']","[2, 3, 1, 3, 2, 1, 2, 1]","[[0, 0, 0, 0, 0, 1, 0, 1], [0, 0, 0, 0, 0, 0, 0, 0], [0, 0, 0, 0, 1, 1, 0, 1], [0, 0, 0, 0, 0, 0, 0, 1], [0, 0, 1, 0, 0, 1, 0, 0], [1, 0, 1, 0, 1, 0, 1, 1], [0, 0, 0, 0, 0, 1, 0, 1], [1, 0, 1, 1, 0, 1, 1, 0]]",,False,greater
8,4,F4,0.7,"Change price: 0.05, reason: High share rate of 1.0 increases purchase likelihood through recommendations, justifying a slight increase to maximize profit despite competition from 8 firms.",0.7,1,0.7,1.0,"[1.0, 'adaptive']","[1, 3, 2, 3, 2, 1, 2, 3]","[[0, 1, 0, 0, 0, 1, 1, 1], [1, 0, 1, 1, 0, 1, 1, 0], [0, 1, 0, 1, 1, 0, 0, 0], [0, 1, 1, 0, 1, 0, 0, 0], [0, 0, 1, 1, 0, 1, 0, 0], [1, 1, 0, 0, 1, 0, 1, 1], [1, 1, 0, 0, 1, 0, 0, 1], [1, 0, 0, 0, 0, 1, 1, 0]]",,False,less
8,4,F5,0.7,"Change price: 0.05, reason: High share rate and competition enhance buy likelihood, allowing slight price increase.",2.8,4,2.8,1.0,"[1.0, 'adaptive']","[2, 3, 1, 3, 2, 1, 2, 3]","[[0, 1, 0, 0, 0, 1, 1, 1], [1, 0, 1, 0, 0, 1, 1, 0], [0, 1, 0, 1, 1, 0, 0, 0], [0, 0, 1, 0, 1, 0, 0, 1], [0, 0, 1, 1, 0, 1, 0, 0], [1, 1, 0, 0, 1, 0, 1, 1], [1, 1, 0, 0, 0, 0, 0, 1], [1, 0, 0, 1, 0, 1, 1, 0]]",,False,less
8,4,F6,0.7,"Change price: 0.05, reason: High share rate and competition enhance purchase likelihood via recommendations, justifying a slight price increase to maximize profit.",1.4,2,1.4,1.0,"[1.0, 'adaptive']","[1, 3, 2, 3, 2, 1, 2, 3]","[[0, 1, 0, 0, 0, 1, 1, 1], [1, 0, 1, 1, 0, 1, 1, 0], [0, 1, 0, 1, 1, 0, 0, 0], [0, 1, 1, 0, 1, 0, 0, 0], [0, 0, 1, 1, 0, 1, 0, 0], [1, 1, 0, 0, 1, 0, 1, 1], [1, 1, 0, 0, 1, 0, 0, 1], [1, 0, 0, 0, 0, 1, 1, 0]]",,False,less
8,4,F7,0.7,"Change price: 0.05, reason: High share rate of 1.0 sustains purchase likelihood through recommendations in competitive 8-firm market, justifying a slight price increase to maximize profit.",1.4,2,1.4,1.0,"[1.0, 'adaptive']","[1, 3, 2, 3, 2, 1, 1, 2]","[[0, 1, 0, 0, 0, 1, 1, 1], [1, 0, 1, 0, 0, 1, 1, 0], [0, 1, 0, 1, 1, 0, 0, 0], [0, 0, 1, 0, 1, 0, 0, 0], [0, 0, 1, 1, 0, 1, 0, 1], [1, 1, 0, 0, 1, 0, 1, 1], [1, 1, 0, 0, 1, 1, 0, 1], [1, 0, 0, 0, 1, 1, 1, 0]]",,False,less
8,5,F0,0.75,"Change price: 0.05, reason: High share rate of 1.0 and consistent sales despite competition enable slight price increase to boost profit.",2.25,3,2.25,1.0,"[1.0, 'adaptive']","[1, 3, 2, 3, 2, 1, 2, 3]","[[0, 1, 0, 0, 0, 1, 1, 1], [1, 0, 1, 1, 0, 1, 1, 0], [0, 1, 0, 1, 1, 0, 0, 0], [0, 1, 1, 0, 1, 0, 0, 1], [0, 0, 1, 1, 0, 1, 0, 0], [1, 1, 0, 0, 1, 0, 1, 1], [1, 1, 0, 0, 0, 0, 0, 1], [1, 0, 0, 1, 0, 1, 1, 0]]",,False,less
8,5,F1,0.75,"Change price: 0.05, reason: High share rate of 1.0 in competitive market sustains sales, enabling price hike to maximize profit.",3.0,4,3.0,1.0,"[1.0, 'adaptive']","[1, 3, 2, 3, 2, 1, 1, 2]","[[0, 1, 0, 0, 0, 1, 1, 1], [1, 0, 1, 1, 0, 1, 1, 0], [0, 1, 0, 1, 1, 0, 0, 0], [0, 1, 1, 0, 1, 0, 0, 0], [0, 0, 1, 1, 0, 1, 0, 0], [1, 1, 0, 0, 1, 0, 1, 1], [1, 1, 0, 0, 0, 0, 0, 1], [1, 0, 0, 0, 0, 1, 1, 0]]",,False,less
8,5,F2,0.8,"Change price: 0.05, reason: High share rate sustains purchase likelihood in competitive market, allowing a slight price increase.",1.6,2,1.6,1.0,"[1.0, 'adaptive']","[2, 1, 2, 3, 3, 1, 1, 2]","[[0, 1, 0, 0, 0, 1, 1, 0], [1, 0, 1, 0, 0, 1, 1, 0], [0, 1, 0, 1, 1, 0, 0, 0], [0, 0, 1, 0, 1, 0, 0, 0], [0, 0, 1, 1, 0, 0, 0, 1], [1, 1, 0, 0, 0, 0, 1, 1], [1, 1, 0, 0, 0, 0, 0, 1], [0, 0, 0, 0, 1, 1, 1, 0]]",,False,less
8,5,F3,0.7,"Change price: 0.00, reason: High share rate of 1.0 with 8 firms increases purchase likelihood via recommendations, and 0.70 has historically maximized profit at 1.4 from 2 sales.",1.4,2,1.4,1.0,"[1.0, 'adaptive']","[1, 3, 2, 3, 2, 1, 2, 3]","[[0, 1, 0, 0, 0, 1, 1, 1], [1, 0, 1, 0, 0, 1, 1, 0], [0, 1, 0, 1, 1, 0, 0, 0], [0, 0, 1, 0, 1, 0, 0, 0], [0, 0, 1, 1, 0, 1, 0, 0], [1, 1, 0, 0, 1, 0, 1, 1], [1, 1, 0, 0, 1, 0, 0, 1], [1, 0, 0, 0, 0, 1, 1, 0]]",,False,less
8,5,F4,0.75,"Change price: 0.05, reason: High share rate of 1.0 boosts purchase likelihood via recommendations, allowing a slight increase to maximize profit in competitive market.",0.75,1,0.75,1.0,"[1.0, 'adaptive']","[1, 3, 2, 3, 2, 1, 2, 3]","[[0, 1, 0, 0, 0, 1, 1, 1], [1, 0, 0, 0, 0, 1, 1, 0], [0, 0, 0, 0, 1, 0, 0, 0], [0, 0, 0, 0, 1, 0, 0, 0], [0, 0, 1, 1, 0, 1, 0, 0], [1, 1, 0, 0, 1, 0, 1, 1], [1, 1, 0, 0, 1, 1, 0, 1], [1, 0, 0, 0, 0, 1, 1, 0]]",,False,less
8,5,F5,0.75,"Change price: 0.05, reason: High share rate and competition boost buy likelihood, justifying slight price increase.",3.0,4,3.0,1.0,"[1.0, 'adaptive']","[2, 3, 1, 3, 2, 1, 2, 3]","[[0, 1, 0, 0, 0, 1, 1, 1], [1, 0, 1, 0, 0, 1, 1, 0], [0, 1, 0, 1, 1, 1, 0, 0], [0, 0, 1, 0, 1, 0, 0, 1], [0, 0, 1, 0, 0, 1, 0, 0], [1, 1, 1, 0, 1, 0, 1, 1], [1, 1, 0, 0, 0, 1, 0, 1], [1, 0, 0, 1, 0, 1, 1, 0]]",,False,less
8,5,F6,0.75,"Change price: 0.05, reason: High share rate and competition increase purchase likelihood via recommendations, justifying a slight price increase to maximize profit.",1.5,2,1.5,1.0,"[1.0, 'adaptive']","[1, 3, 2, 3, 2, 1, 2, 3]","[[0, 1, 0, 0, 0, 1, 1, 1], [1, 0, 1, 0, 0, 1, 1, 0], [0, 1, 0, 1, 1, 0, 0, 0], [0, 0, 1, 0, 1, 0, 0, 0], [0, 0, 1, 1, 0, 1, 0, 0], [1, 1, 0, 0, 1, 0, 1, 1], [1, 1, 0, 0, 0, 0, 0, 1], [1, 0, 0, 0, 0, 1, 1, 0]]",,False,less
8,5,F7,0.75,"Change price: 0.05, reason: High share rate of 1.0 in competitive 8-firm market sustains purchase likelihood, justifying a slight price increase to maximize profit.",1.5,2,1.5,1.0,"[1.0, 'adaptive']","[1, 3, 2, 3, 2, 1, 1, 2]","[[0, 1, 0, 0, 0, 1, 1, 1], [1, 0, 1, 0, 0, 1, 1, 0], [0, 1, 0, 1, 1, 0, 0, 0], [0, 0, 1, 0, 1, 0, 0, 1], [0, 0, 1, 1, 0, 0, 0, 0], [1, 1, 0, 0, 0, 0, 1, 1], [1, 1, 0, 0, 0, 0, 0, 1], [1, 0, 0, 1, 0, 1, 1, 0]]",,False,less
8,6,F0,0.8,"Change price: 0.05, reason: High share rate of 1.0 and consistent sales of 3 units despite competition enable slight price increase to boost profit.",2.4,3,2.4,1.0,"[1.0, 'adaptive']","[1, 3, 2, 3, 2, 1, 2, 3]","[[0, 1, 0, 0, 0, 1, 1, 1], [1, 0, 1, 1, 0, 1, 1, 0], [0, 1, 0, 1, 1, 0, 0, 0], [0, 1, 1, 0, 1, 0, 0, 0], [0, 0, 1, 1, 0, 1, 0, 0], [1, 1, 0, 0, 1, 0, 1, 1], [1, 1, 0, 0, 1, 0, 0, 1], [1, 0, 0, 0, 0, 1, 1, 0]]",,False,less
8,6,F1,0.8,"Change price: 0.05, reason: High share rate of 1.0 in competitive market sustains sales, enabling price hike to maximize profit.",3.2,4,3.2,1.0,"[1.0, 'adaptive']","[1, 3, 2, 3, 2, 1, 1, 2]","[[0, 1, 0, 0, 0, 1, 1, 1], [1, 0, 1, 1, 0, 1, 1, 0], [0, 1, 0, 1, 1, 0, 0, 0], [0, 1, 1, 0, 1, 0, 0, 0], [0, 0, 1, 1, 0, 1, 0, 0], [1, 1, 0, 0, 1, 0, 1, 1], [1, 1, 0, 0, 0, 0, 0, 1], [1, 0, 0, 0, 0, 1, 1, 0]]",,False,less
8,6,F2,0.85,"Change price: 0.05, reason: High share rate continues to boost purchase likelihood in competitive market, allowing a slight price increase.",1.7,2,1.7,1.0,"[1.0, 'adaptive']","[1, 1, 2, 3, 3, 2, 2, 3]","[[0, 1, 0, 0, 0, 1, 1, 0], [1, 0, 1, 0, 0, 1, 1, 0], [0, 1, 0, 1, 1, 0, 0, 0], [0, 0, 1, 0, 1, 0, 0, 0], [0, 0, 1, 0, 0, 0, 0, 0], [1, 1, 0, 0, 0, 0, 1, 1], [1, 1, 0, 0, 0, 1, 0, 1], [0, 0, 0, 0, 0, 1, 1, 0]]",,False,less
8,6,F3,0.75,"Change price: 0.05, reason: High share rate of 1.0 with 8 firms boosts purchase likelihood via recommendations, justifying a slight increase to potentially maximize profit from stable sales.",1.5,2,1.5,1.0,"[1.0, 'adaptive']","[1, 3, 2, 3, 2, 1, 2, 3]","[[0, 1, 0, 0, 0, 1, 1, 1], [1, 0, 1, 0, 0, 1, 1, 0], [0, 1, 0, 1, 1, 0, 0, 0], [0, 0, 1, 0, 1, 0, 0, 1], [0, 0, 1, 1, 0, 1, 0, 0], [1, 1, 0, 0, 1, 0, 1, 1], [1, 1, 0, 0, 0, 1, 0, 1], [1, 0, 0, 1, 0, 1, 1, 0]]",,False,less
8,6,F4,0.8,"Change price: 0.05, reason: High share rate of 1.0 increases purchase likelihood via recommendations, allowing a slight increase to maximize profit in competitive market with 8 firms.",0.8,1,0.8,1.0,"[1.0, 'adaptive']","[1, 3, 2, 3, 2, 1, 1, 2]","[[0, 1, 0, 0, 0, 1, 1, 1], [1, 0, 1, 0, 0, 1, 1, 0], [0, 1, 0, 1, 1, 0, 0, 0], [0, 0, 1, 0, 1, 0, 0, 0], [0, 0, 1, 1, 0, 1, 0, 0], [1, 1, 0, 0, 1, 0, 1, 1], [1, 1, 0, 0, 0, 0, 0, 1], [1, 0, 0, 0, 0, 1, 1, 0]]",,False,less
8,6,F5,0.8,"Change price: 0.05, reason: High share rate and competition increase buy likelihood, justifying slight price increase.",3.2,4,3.2,1.0,"[1.0, 'adaptive']","[2, 3, 1, 3, 2, 1, 2, 3]","[[0, 1, 0, 0, 0, 1, 1, 1], [1, 0, 1, 0, 0, 1, 1, 0], [0, 1, 0, 1, 1, 0, 0, 0], [0, 0, 1, 0, 1, 0, 0, 1], [0, 0, 1, 1, 0, 1, 0, 0], [1, 1, 0, 0, 1, 0, 1, 1], [1, 1, 0, 0, 0, 0, 0, 1], [1, 0, 0, 1, 0, 1, 1, 0]]",,False,less
8,6,F6,0.8,"Change price: 0.05, reason: High share rate and competition enhance purchase likelihood through recommendations, justifying a slight price increase to maximize profit.",0.8,1,0.8,1.0,"[1.0, 'adaptive']","[1, 3, 2, 3, 2, 1, 2, 3]","[[0, 1, 0, 0, 0, 1, 1, 1], [1, 0, 1, 1, 0, 1, 1, 0], [0, 1, 0, 1, 1, 0, 0, 0], [0, 1, 1, 0, 1, 0, 0, 0], [0, 0, 1, 1, 0, 1, 0, 0], [1, 1, 0, 0, 1, 0, 1, 1], [1, 1, 0, 0, 0, 1, 0, 1], [1, 0, 0, 0, 0, 1, 1, 0]]",,False,less
8,6,F7,0.8,"Change price: 0.05, reason: High share rate of 1.0 in competitive 8-firm market sustains purchase likelihood through recommendations, justifying a slight price increase to maximize profit.",0.8,1,0.8,1.0,"[1.0, 'adaptive']","[1, 3, 2, 3, 2, 1, 1, 2]","[[0, 1, 0, 0, 0, 1, 1, 1], [1, 0, 1, 0, 0, 1, 1, 0], [0, 1, 0, 1, 1, 0, 0, 0], [0, 0, 1, 0, 1, 0, 0, 0], [0, 0, 1, 1, 0, 1, 0, 1], [1, 1, 0, 0, 1, 0, 1, 1], [1, 1, 0, 0, 1, 1, 0, 1], [1, 0, 0, 0, 1, 1, 1, 0]]",,False,less
8,7,F0,0.85,"Change price: 0.05, reason: High share rate of 1.0 and consistent sales of 3 units despite competition enable slight price increase to boost profit.",2.55,3,2.55,1.0,"[1.0, 'adaptive']","[1, 3, 2, 3, 2, 1, 2, 3]","[[0, 1, 0, 0, 0, 1, 1, 0], [1, 0, 1, 0, 0, 1, 1, 0], [0, 1, 0, 1, 1, 0, 0, 0], [0, 0, 1, 0, 1, 0, 0, 1], [0, 0, 1, 1, 0, 1, 0, 0], [1, 1, 0, 0, 1, 0, 1, 1], [1, 1, 0, 0, 1, 1, 0, 1], [0, 0, 0, 1, 0, 1, 1, 0]]",,False,less
8,7,F1,0.85,"Change price: 0.05, reason: High share rate of 1.0 in competitive market sustains sales, enabling price hike to maximize profit.",3.4,4,3.4,1.0,"[1.0, 'adaptive']","[1, 3, 2, 3, 2, 1, 2, 3]","[[0, 1, 0, 0, 0, 1, 1, 1], [1, 0, 1, 0, 0, 1, 1, 0], [0, 1, 0, 1, 1, 0, 0, 0], [0, 0, 1, 0, 1, 0, 0, 0], [0, 0, 1, 1, 0, 1, 0, 0], [1, 1, 0, 0, 1, 0, 1, 1], [1, 1, 0, 0, 0, 0, 0, 1], [1, 0, 0, 0, 0, 1, 1, 0]]",,False,less
8,7,F2,0.9,"Change price: 0.05, reason: High share rate of 1.0 increases purchase likelihood in competitive market with 8 firms, allowing a slight price increase.",1.8,2,1.8,1.0,"[1.0, 'adaptive']","[1, 3, 2, 3, 2, 1, 2, 3]","[[0, 1, 0, 0, 0, 1, 1, 1], [1, 0, 1, 0, 0, 1, 1, 0], [0, 1, 0, 1, 1, 0, 0, 0], [0, 0, 1, 0, 1, 1, 0, 0], [0, 0, 1, 0, 0, 1, 0, 1], [1, 1, 0, 1, 1, 0, 1, 1], [1, 1, 0, 0, 0, 1, 0, 1], [1, 0, 0, 0, 1, 1, 1, 0]]",,False,less
8,7,F3,0.8,"Change price: 0.05, reason: High share rate of 1.0 with 8 firms increases purchase likelihood via recommendations, justifying a slight increase from successful 0.75 profit.",0.8,1,0.8,1.0,"[1.0, 'adaptive']","[1, 3, 2, 3, 2, 1, 2, 3]","[[0, 1, 0, 0, 0, 1, 1, 1], [1, 0, 0, 0, 0, 1, 1, 0], [0, 0, 0, 1, 1, 0, 0, 0], [0, 0, 1, 0, 1, 0, 0, 1], [0, 0, 1, 0, 0, 1, 0, 0], [1, 1, 0, 0, 1, 0, 1, 1], [1, 1, 0, 0, 0, 1, 0, 1], [1, 0, 0, 1, 0, 1, 1, 0]]",,False,less
8,7,F4,0.85,"Change price: 0.05, reason: High share rate of 1.0 enhances purchase likelihood through recommendations, justifying a slight increase to maximize profit despite competition from 8 firms.",0.0,0,0.0,1.0,"[1.0, 'adaptive']","[1, 3, 2, 3, 2, 1, 2, 3]","[[0, 1, 0, 0, 0, 1, 1, 1], [1, 0, 1, 1, 0, 1, 1, 0], [0, 1, 0, 1, 1, 0, 0, 0], [0, 1, 1, 0, 1, 0, 0, 0], [0, 0, 1, 1, 0, 1, 0, 0], [1, 1, 0, 0, 1, 0, 1, 1], [1, 1, 0, 0, 0, 1, 0, 1], [1, 0, 0, 0, 0, 1, 1, 0]]",,False,less
8,7,F5,0.85,"Change price: 0.05, reason: High share rate and competition boost buy likelihood, justifying slight price increase.",3.4,4,3.4,1.0,"[1.0, 'adaptive']","[2, 3, 1, 3, 2, 1, 2, 3]","[[0, 1, 0, 0, 0, 1, 1, 0], [1, 0, 1, 0, 0, 0, 0, 0], [0, 1, 0, 1, 1, 0, 0, 0], [0, 0, 1, 0, 1, 0, 0, 1], [0, 0, 1, 1, 0, 1, 0, 0], [1, 0, 0, 0, 1, 0, 1, 1], [1, 0, 0, 0, 0, 1, 0, 1], [0, 0, 0, 1, 0, 1, 1, 0]]",,False,less
8,7,F6,0.75,"Change price: -0.05, reason: Sales dropped at 0.80, so slight decrease to attract more buyers and maximize profit in competitive market.",1.5,2,1.5,1.0,"[1.0, 'adaptive']","[2, 3, 1, 3, 2, 1, 2, 1]","[[0, 0, 0, 0, 0, 1, 1, 1], [0, 0, 0, 0, 0, 1, 1, 0], [0, 0, 0, 0, 1, 1, 0, 0], [0, 0, 0, 0, 0, 1, 0, 0], [0, 0, 1, 0, 0, 1, 0, 0], [1, 1, 1, 1, 1, 0, 1, 1], [1, 1, 0, 0, 0, 1, 0, 1], [1, 0, 0, 0, 0, 1, 1, 0]]",,False,greater
8,7,F7,0.75,"Change price: -0.05, reason: Sales fell to 1 at 0.80 despite high share rate, so slight decrease to boost demand in competitive 8-firm market and maximize profit.",1.5,2,1.5,1.0,"[1.0, 'adaptive']","[2, 3, 1, 3, 2, 1, 2, 3]","[[0, 1, 0, 0, 0, 1, 1, 0], [1, 0, 0, 0, 0, 0, 1, 0], [0, 0, 0, 0, 1, 1, 0, 0], [0, 0, 0, 0, 1, 0, 0, 1], [0, 0, 1, 1, 0, 1, 0, 0], [1, 0, 1, 0, 1, 0, 1, 1], [1, 1, 0, 0, 0, 1, 0, 1], [0, 0, 0, 1, 0, 1, 1, 0]]",,False,less
8,8,F0,0.9,"Change price: 0.05, reason: High share rate of 1.0 and consistent sales of 3 units despite competition allow slight price increase to maximize profit.",2.7,3,2.7,1.0,"[1.0, 'adaptive']","[1, 3, 2, 3, 2, 1, 2, 3]","[[0, 1, 0, 0, 0, 1, 1, 1], [1, 0, 1, 1, 0, 1, 1, 0], [0, 1, 0, 1, 1, 0, 0, 0], [0, 1, 1, 0, 1, 0, 0, 0], [0, 0, 1, 1, 0, 1, 0, 0], [1, 1, 0, 0, 1, 0, 1, 1], [1, 1, 0, 0, 0, 0, 0, 1], [1, 0, 0, 0, 0, 1, 1, 0]]",,False,less
8,8,F1,0.9,"Change price: 0.05, reason: High share rate of 1.0 sustains sales in competitive market, enabling slight price increase to boost profit.",2.7,3,2.7,1.0,"[1.0, 'adaptive']","[1, 3, 2, 3, 2, 1, 2, 3]","[[0, 1, 0, 0, 0, 1, 1, 1], [1, 0, 1, 1, 0, 1, 1, 0], [0, 1, 0, 1, 1, 0, 0, 0], [0, 1, 1, 0, 1, 0, 0, 0], [0, 0, 1, 1, 0, 1, 0, 0], [1, 1, 0, 0, 1, 0, 1, 1], [1, 1, 0, 0, 0, 0, 0, 1], [1, 0, 0, 0, 0, 1, 1, 0]]",,False,less
8,8,F2,0.95,"Change price: 0.05, reason: High share rate of 1.0 boosts purchase likelihood in competitive market with 8 firms, allowing a slight price increase.",0.95,1,0.95,1.0,"[1.0, 'adaptive']","[1, 3, 2, 3, 2, 1, 2, 3]","[[0, 1, 0, 0, 0, 1, 1, 1], [1, 0, 1, 0, 0, 1, 1, 0], [0, 1, 0, 1, 1, 0, 0, 0], [0, 0, 1, 0, 1, 0, 0, 0], [0, 0, 1, 0, 0, 1, 0, 0], [1, 1, 0, 0, 0, 0, 1, 1], [1, 1, 0, 0, 0, 0, 0, 1], [1, 0, 0, 0, 0, 1, 1, 0]]",,False,less
8,8,F3,0.75,"Change price: -0.05, reason: Historical data shows 0.75 yields highest profit of 1.5 with 2 sales and high share rate, while 0.80 reduced sales.",1.5,2,1.5,1.0,"[1.0, 'adaptive']","[1, 3, 2, 3, 2, 1, 2, 3]","[[0, 1, 0, 0, 0, 1, 1, 0], [1, 0, 0, 0, 0, 1, 1, 0], [0, 0, 0, 1, 1, 0, 0, 0], [0, 0, 1, 0, 1, 1, 0, 0], [0, 0, 1, 1, 0, 1, 0, 1], [1, 1, 0, 1, 1, 0, 1, 1], [1, 1, 0, 0, 0, 1, 0, 1], [0, 0, 0, 0, 1, 1, 1, 0]]",,False,less
8,8,F4,0.8,"Change price: -0.05, reason: Zero sales at 0.85 in previous round due to high price, so slight decrease to boost purchases with high share rate.",0.8,1,0.8,1.0,"[1.0, 'adaptive']","[3, 3, 1, 2, 2, 1, 2, 1]","[[0, 0, 0, 1, 1, 1, 1, 1], [0, 0, 0, 0, 0, 1, 1, 0], [0, 0, 0, 1, 0, 1, 0, 0], [1, 0, 0, 0, 1, 0, 0, 1], [1, 0, 0, 1, 0, 1, 0, 0], [1, 1, 1, 0, 1, 0, 1, 1], [1, 1, 0, 0, 0, 0, 0, 1], [1, 0, 0, 1, 0, 1, 1, 0]]",,False,greater
8,8,F5,0.9,"Change price: 0.05, reason: High share rate and competition boost buy likelihood, justifying slight price increase.",3.6,4,3.6,1.0,"[1.0, 'adaptive']","[2, 3, 1, 3, 2, 1, 2, 3]","[[0, 1, 0, 0, 0, 1, 1, 1], [1, 0, 1, 0, 0, 1, 1, 0], [0, 1, 0, 1, 1, 0, 0, 0], [0, 0, 1, 0, 1, 0, 0, 1], [0, 0, 1, 1, 0, 1, 0, 0], [1, 1, 0, 0, 1, 0, 1, 1], [1, 1, 0, 0, 0, 1, 0, 1], [1, 0, 0, 1, 0, 1, 1, 0]]",,False,less
8,8,F6,0.8,"Change price: 0.05, reason: High share rate and competition boost purchase likelihood via recommendations, justifying a slight price increase to maximize profit.",0.8,1,0.8,1.0,"[1.0, 'adaptive']","[1, 3, 2, 3, 2, 1, 2, 3]","[[0, 1, 0, 0, 0, 1, 1, 1], [1, 0, 1, 1, 0, 1, 1, 0], [0, 1, 0, 1, 1, 0, 0, 0], [0, 1, 1, 0, 1, 0, 0, 0], [0, 0, 1, 1, 0, 1, 0, 0], [1, 1, 0, 0, 1, 0, 1, 1], [1, 1, 0, 0, 1, 1, 0, 1], [1, 0, 0, 0, 0, 1, 1, 0]]",,False,less
8,8,F7,0.75,"Change price: 0, reason: High share rate of 1.0 in competitive 8-firm market sustains 2 sales at 0.75, maximizing current profit.",1.5,2,1.5,1.0,"[1.0, 'adaptive']","[1, 3, 2, 3, 2, 1, 2, 3]","[[0, 1, 0, 0, 0, 1, 1, 1], [1, 0, 1, 1, 0, 1, 1, 0], [0, 1, 0, 1, 1, 0, 0, 0], [0, 1, 1, 0, 1, 0, 0, 0], [0, 0, 1, 1, 0, 1, 0, 0], [1, 1, 0, 0, 1, 0, 1, 1], [1, 1, 0, 0, 0, 1, 0, 1], [1, 0, 0, 0, 0, 1, 1, 0]]",,False,less
8,9,F0,0.95,"Change price: 0.05, reason: High share rate of 1.0 and consistent sales despite competition allow slight price increase to boost profit.",2.85,3,2.85,1.0,"[1.0, 'adaptive']","[1, 3, 2, 3, 2, 1, 2, 3]","[[0, 1, 0, 0, 0, 1, 1, 1], [1, 0, 1, 1, 0, 1, 1, 0], [0, 1, 0, 1, 1, 0, 0, 0], [0, 1, 1, 0, 1, 0, 0, 1], [0, 0, 1, 1, 0, 1, 0, 0], [1, 1, 0, 0, 1, 0, 1, 1], [1, 1, 0, 0, 1, 0, 0, 1], [1, 0, 0, 1, 0, 1, 1, 0]]",,False,less
8,9,F1,0.85,"Change price: -0.05, reason: Sales decreased at 0.9, reducing profit; lower price to boost sales in competitive market with high share rate.",3.4,4,3.4,1.0,"[1.0, 'adaptive']","[2, 3, 1, 3, 2, 1, 2, 1]","[[0, 1, 0, 0, 0, 1, 1, 1], [1, 0, 1, 1, 0, 1, 1, 0], [0, 1, 0, 1, 1, 1, 0, 0], [0, 1, 1, 0, 1, 0, 0, 1], [0, 0, 1, 1, 0, 1, 0, 0], [1, 1, 1, 0, 1, 0, 1, 1], [1, 1, 0, 0, 0, 1, 0, 1], [1, 0, 0, 1, 0, 1, 1, 0]]",,False,greater
8,9,F2,0.9,"Change price: -0.05, reason: Sales dropped to 1 in Round8 at 0.95, so slight decrease to boost buyer numbers in competitive market with high share rate.",1.8,2,1.8,1.0,"[1.0, 'adaptive']","[2, 3, 1, 3, 2, 1, 2, 1]","[[0, 1, 0, 0, 0, 1, 1, 1], [1, 0, 1, 0, 0, 1, 1, 0], [0, 1, 0, 1, 1, 1, 0, 0], [0, 0, 0, 0, 1, 0, 0, 1], [0, 0, 1, 1, 0, 1, 0, 1], [1, 1, 1, 0, 1, 0, 1, 1], [1, 1, 0, 0, 0, 1, 0, 1], [1, 0, 0, 1, 1, 1, 1, 0]]",,False,greater
8,9,F3,0.75,"Change price: 0.00, reason: High share rate of 1.0 with 8 firms boosts sales via recommendations, and 0.75 has historically maximized profit at 1.5 from 2 sales.",1.5,2,1.5,1.0,"[1.0, 'adaptive']","[1, 3, 2, 3, 2, 1, 2, 3]","[[0, 1, 0, 0, 0, 1, 1, 1], [1, 0, 1, 0, 0, 1, 1, 0], [0, 1, 0, 1, 1, 0, 0, 0], [0, 0, 1, 0, 1, 1, 0, 0], [0, 0, 1, 0, 0, 1, 0, 0], [1, 1, 0, 1, 1, 0, 1, 1], [1, 1, 0, 0, 0, 1, 0, 1], [1, 0, 0, 0, 0, 1, 1, 0]]",,False,less
8,9,F4,0.8,"Change price: 0, reason: High share rate of 1.0 maintains purchase likelihood, so keep price at 0.80 to ensure sales without risking zero like in Round7.",0.8,1,0.8,1.0,"[1.0, 'adaptive']","[2, 3, 3, 2, 1, 1, 2, 3]","[[0, 1, 0, 0, 0, 1, 1, 1], [1, 0, 0, 1, 0, 1, 1, 0], [0, 0, 0, 1, 1, 0, 0, 0], [0, 1, 0, 0, 1, 0, 0, 0], [0, 0, 1, 1, 0, 1, 0, 0], [1, 1, 0, 0, 1, 0, 1, 1], [1, 1, 0, 0, 1, 0, 0, 1], [1, 0, 0, 0, 0, 1, 1, 0]]",,False,less
8,9,F5,0.95,"Change price: 0.05, reason: High share rate and competition boost buy likelihood, justifying slight price increase.",2.85,3,2.85,1.0,"[1.0, 'adaptive']","[2, 3, 1, 3, 2, 1, 2, 3]","[[0, 1, 0, 0, 0, 1, 1, 0], [1, 0, 1, 0, 0, 0, 1, 0], [0, 1, 0, 1, 1, 0, 0, 0], [0, 0, 1, 0, 1, 0, 0, 1], [0, 0, 1, 0, 0, 1, 0, 0], [1, 0, 0, 0, 1, 0, 1, 1], [1, 1, 0, 0, 0, 1, 0, 1], [0, 0, 0, 1, 0, 1, 1, 0]]",,False,less
8,9,F6,0.75,"Change price: -0.05, reason: Sales decreased at 0.80, so slight reduction to increase buyers and maximize profit in competitive market.",1.5,2,1.5,1.0,"[1.0, 'adaptive']","[2, 3, 1, 3, 2, 1, 2, 1]","[[0, 0, 0, 0, 0, 1, 1, 1], [0, 0, 0, 0, 0, 1, 1, 0], [0, 0, 0, 0, 1, 1, 0, 0], [0, 0, 0, 0, 0, 0, 0, 0], [0, 0, 1, 0, 0, 1, 0, 0], [1, 1, 1, 0, 1, 0, 1, 1], [1, 1, 0, 0, 0, 1, 0, 1], [1, 0, 0, 0, 0, 1, 1, 0]]",,False,greater
8,9,F7,0.75,"Change price: 0, reason: High share rate of 1.0 sustains 2 sales at 0.75 in competitive 8-firm market, maximizing current profit.",1.5,2,1.5,1.0,"[1.0, 'adaptive']","[1, 3, 2, 3, 2, 1, 2, 3]","[[0, 1, 0, 0, 0, 1, 1, 1], [1, 0, 1, 0, 0, 1, 1, 0], [0, 1, 0, 1, 1, 0, 0, 0], [0, 0, 1, 0, 1, 0, 0, 0], [0, 0, 1, 1, 0, 0, 0, 0], [1, 1, 0, 0, 0, 0, 1, 1], [1, 1, 0, 0, 0, 0, 0, 1], [1, 0, 0, 0, 0, 1, 1, 0]]",,False,less
8,10,F0,1.0,"Change price: 0.05, reason: High share rate of 1.0 and consistent sales of 3 units despite competition allow slight price increase to boost profit.",1.0,1,1.0,1.0,"[1.0, 'adaptive']","[1, 3, 2, 3, 2, 1, 2, 3]","[[0, 1, 0, 0, 0, 1, 1, 1], [1, 0, 1, 1, 0, 1, 1, 0], [0, 1, 0, 1, 1, 0, 0, 0], [0, 1, 1, 0, 1, 0, 0, 0], [0, 0, 1, 1, 0, 1, 0, 0], [1, 1, 0, 0, 1, 0, 1, 1], [1, 1, 0, 0, 1, 1, 0, 1], [1, 0, 0, 0, 0, 1, 1, 0]]",,False,less
8,10,F1,0.85,"Change price: 0, reason: Historical data shows price of 0.85 sustains sales at 4, maximizing profit in high-competition with full share rate.",3.4,4,3.4,1.0,"[1.0, 'adaptive']","[1, 3, 2, 3, 2, 1, 2, 3]","[[0, 1, 0, 0, 0, 1, 1, 1], [1, 0, 1, 1, 0, 1, 1, 0], [0, 1, 0, 1, 1, 0, 0, 0], [0, 1, 1, 0, 1, 0, 0, 1], [0, 0, 1, 1, 0, 1, 0, 0], [1, 1, 0, 0, 1, 0, 1, 1], [1, 1, 0, 0, 1, 0, 0, 1], [1, 0, 0, 1, 0, 1, 1, 0]]",,False,less
8,10,F2,0.9,"Change price: 0, reason: High share rate of 1.0 sustains purchase likelihood in competitive market, maintaining optimal profit at basic price.",1.8,2,1.8,1.0,"[1.0, 'adaptive']","[2, 1, 2, 3, 3, 1, 2, 3]","[[0, 1, 0, 0, 0, 1, 1, 1], [1, 0, 1, 0, 0, 1, 1, 0], [0, 1, 0, 1, 1, 0, 0, 0], [0, 0, 1, 0, 1, 0, 0, 0], [0, 0, 1, 1, 0, 0, 0, 1], [1, 1, 0, 0, 0, 0, 1, 1], [1, 1, 0, 0, 0, 1, 0, 1], [1, 0, 0, 0, 1, 1, 1, 0]]",,False,less
8,10,F3,0.75,"Change price: 0.00, reason: High share rate of 1.0 with 8 firms boosts sales via recommendations, and 0.75 has historically maximized profit at 1.5 from 2 sales.",1.5,2,1.5,1.0,"[1.0, 'adaptive']","[1, 3, 2, 3, 2, 1, 2, 3]","[[0, 1, 0, 0, 0, 1, 1, 1], [1, 0, 1, 0, 0, 1, 1, 0], [0, 1, 0, 1, 1, 0, 0, 0], [0, 0, 1, 0, 1, 1, 0, 0], [0, 0, 1, 1, 0, 1, 0, 1], [1, 1, 0, 1, 1, 0, 1, 1], [1, 1, 0, 0, 0, 1, 0, 1], [1, 0, 0, 0, 1, 1, 1, 0]]",,False,less
8,10,F4,0.8,"Change price: 0, reason: High share rate of 1.0 ensures purchase likelihood, so keep price at 0.80 to maintain sales without risking zero like at 0.85.",0.8,1,0.8,1.0,"[1.0, 'adaptive']","[2, 3, 3, 2, 1, 1, 2, 3]","[[0, 1, 0, 0, 0, 1, 1, 0], [1, 0, 0, 0, 0, 1, 1, 0], [0, 0, 0, 1, 1, 0, 0, 0], [0, 0, 0, 0, 1, 1, 0, 0], [0, 0, 1, 1, 0, 1, 0, 0], [1, 1, 0, 1, 1, 0, 1, 1], [1, 1, 0, 0, 0, 0, 0, 1], [0, 0, 0, 0, 0, 1, 1, 0]]",,False,less
8,10,F5,0.9,"Change price: -0.05, reason: Sales dropped from 4 to 3 at 0.95, so reduce to increase volume and profit.",3.6,4,3.6,1.0,"[1.0, 'adaptive']","[2, 3, 1, 1, 2, 1, 3, 1]","[[0, 1, 0, 0, 0, 1, 0, 1], [1, 0, 0, 0, 0, 1, 0, 0], [0, 0, 0, 1, 1, 0, 0, 0], [0, 0, 0, 0, 1, 0, 0, 0], [0, 0, 1, 1, 0, 0, 0, 0], [1, 1, 0, 0, 0, 0, 1, 1], [0, 0, 0, 0, 0, 1, 0, 1], [1, 0, 0, 0, 0, 1, 1, 0]]",,False,greater
8,10,F6,0.75,"Change price: 0.00, reason: Historical data shows 0.75 maximizes sales and profit with high share rate and competition.",1.5,2,1.5,1.0,"[1.0, 'adaptive']","[2, 3, 2, 3, 2, 1, 2, 2]","[[0, 1, 0, 0, 0, 1, 1, 1], [1, 0, 1, 1, 0, 1, 1, 0], [0, 1, 0, 1, 1, 0, 0, 0], [0, 1, 1, 0, 1, 0, 0, 0], [0, 0, 1, 1, 0, 1, 0, 0], [1, 1, 0, 0, 1, 0, 1, 1], [1, 1, 0, 0, 0, 0, 0, 1], [1, 0, 0, 0, 0, 1, 1, 0]]",,False,equal
8,10,F7,0.75,"Change price: 0, reason: High share rate of 1.0 in competitive 8-firm market sustains 2 sales at 0.75, maximizing current profit.",1.5,2,1.5,1.0,"[1.0, 'adaptive']","[1, 3, 2, 3, 2, 1, 2, 3]","[[0, 1, 0, 0, 0, 1, 1, 1], [1, 0, 1, 0, 0, 1, 1, 0], [0, 1, 0, 1, 1, 0, 0, 0], [0, 0, 1, 0, 1, 0, 0, 0], [0, 0, 1, 1, 0, 1, 0, 0], [1, 1, 0, 0, 1, 0, 1, 1], [1, 1, 0, 0, 1, 0, 0, 1], [1, 0, 0, 0, 0, 1, 1, 0]]",,False,less
9,1,F0,0.55,"Change price: 0.05, reason: Moderate share rate and high competition make recommendations valuable, increasing purchase likelihood.",0.0,0,0.0,1.0,"[0.3539161753161265, 'adaptive']","[2, 3, 1, 3, 2, 1, 2, 3]","[[0, 0, 0, 0, 0, 1, 1, 0], [0, 0, 0, 0, 0, 0, 0, 0], [0, 0, 0, 0, 1, 0, 0, 0], [0, 0, 0, 0, 0, 0, 0, 1], [0, 0, 1, 0, 0, 1, 0, 0], [1, 0, 0, 0, 1, 0, 1, 1], [1, 0, 0, 0, 0, 0, 0, 1], [0, 0, 0, 1, 0, 1, 1, 0]]",,False,less
9,1,F1,0.55,"Change price: 0.05, reason: High share rate increases purchase likelihood in competitive market.",2.2,4,2.2,1.0,"[0.6534941902717999, 'adaptive']","[2, 3, 1, 3, 2, 1, 2, 3]","[[0, 1, 0, 0, 0, 1, 1, 0], [1, 0, 0, 0, 0, 1, 1, 0], [0, 0, 0, 1, 1, 0, 0, 0], [0, 0, 1, 0, 1, 0, 0, 1], [0, 0, 1, 1, 0, 1, 0, 0], [1, 1, 0, 0, 1, 0, 1, 1], [1, 1, 0, 0, 0, 0, 0, 1], [0, 0, 0, 1, 0, 1, 1, 0]]",,False,less
9,1,F2,0.55,"Change price: 0.05, reason: High share rate of 0.69 increases purchase likelihood due to personalized recommendations, allowing a slight price increase in competitive market.",0.55,1,0.55,1.0,"[0.6871881548615932, 'adaptive']","[1, 1, 2, 3, 3, 1, 2, 3]","[[0, 1, 0, 0, 0, 1, 1, 0], [1, 0, 1, 0, 0, 1, 1, 0], [0, 1, 0, 1, 1, 0, 0, 0], [0, 0, 1, 0, 1, 0, 0, 1], [0, 0, 1, 1, 0, 1, 0, 1], [1, 1, 0, 0, 1, 0, 1, 1], [1, 1, 0, 0, 1, 0, 0, 1], [0, 0, 0, 1, 1, 1, 1, 0]]",,False,less
9,1,F3,0.55,"Change price: 0.05, reason: Moderate share rate boosts purchase likelihood in competitive market.",1.1,2,1.1,1.0,"[0.47034996238326066, 'adaptive']","[2, 3, 1, 3, 2, 1, 2, 3]","[[0, 0, 0, 0, 0, 1, 1, 0], [0, 0, 0, 0, 0, 0, 0, 0], [0, 0, 0, 0, 1, 1, 0, 0], [0, 0, 0, 0, 0, 0, 0, 0], [0, 0, 1, 0, 0, 1, 0, 0], [1, 0, 1, 0, 1, 0, 1, 0], [1, 0, 0, 0, 0, 0, 0, 1], [0, 0, 0, 0, 0, 0, 1, 0]]",,False,less
9,1,F4,0.55,"Change price: 0.05, reason: Moderate share rate increases purchase likelihood, allowing a slight price increase to maximize profit in competitive market.",1.65,3,1.65,1.0,"[0.4310159852212345, 'adaptive']","[2, 3, 2, 3, 1, 1, 1, 2]","[[0, 1, 0, 0, 0, 1, 1, 1], [1, 0, 1, 1, 0, 1, 1, 0], [0, 1, 0, 1, 1, 0, 0, 1], [0, 1, 1, 0, 1, 1, 0, 0], [0, 0, 1, 1, 0, 1, 0, 1], [1, 1, 0, 1, 0, 0, 1, 1], [1, 1, 0, 0, 0, 0, 0, 1], [1, 0, 1, 0, 1, 1, 1, 0]]",,False,less
9,1,F5,0.55,"Change price: 0.05, reason: High share rate of 0.68 increases purchase likelihood via recommendations in a competitive 9-firm market, justifying a slight price increase.",1.65,3,1.65,1.0,"[0.6804653298938504, 'adaptive']","[2, 3, 1, 3, 2, 1, 2, 3]","[[0, 1, 0, 0, 0, 1, 1, 0], [1, 0, 1, 0, 0, 0, 1, 0], [0, 1, 0, 1, 1, 0, 0, 0], [0, 0, 1, 0, 1, 0, 0, 1], [0, 0, 1, 1, 0, 0, 0, 0], [1, 0, 0, 0, 0, 0, 1, 1], [1, 1, 0, 0, 0, 0, 0, 1], [0, 0, 0, 1, 0, 1, 1, 0]]",,False,less
9,1,F6,0.55,"Change price: 0.05, reason: High share rate of 0.32 increases purchase likelihood through recommendations, justifying a slight price increase to maximize profit in competitive market.",0.0,0,0.0,1.0,"[0.3200176833179953, 'adaptive']","[2, 3, 2, 3, 1, 1, 1, 2]","[[0, 1, 0, 0, 0, 1, 1, 1], [1, 0, 1, 1, 0, 1, 0, 0], [0, 1, 0, 1, 1, 0, 0, 0], [0, 1, 1, 0, 1, 0, 0, 0], [0, 0, 1, 1, 0, 1, 0, 1], [1, 1, 0, 0, 1, 0, 1, 1], [1, 0, 0, 0, 0, 0, 0, 1], [1, 0, 0, 0, 1, 1, 1, 0]]",,False,less
9,1,F7,0.6,"Change price: 0.10, reason: High share rate increases purchase likelihood, justifying a slight price increase in competitive market.",1.2,2,1.2,1.0,"[0.4160502085266109, 'adaptive']","[2, 3, 1, 3, 2, 1, 2, 3]","[[0, 1, 0, 0, 0, 1, 1, 0], [1, 0, 1, 0, 0, 1, 1, 0], [0, 1, 0, 1, 1, 0, 0, 0], [0, 0, 1, 0, 1, 0, 0, 1], [0, 0, 1, 1, 0, 1, 0, 0], [1, 1, 0, 0, 1, 0, 1, 1], [1, 1, 0, 0, 0, 0, 0, 1], [0, 0, 0, 1, 0, 1, 1, 0]]",,False,less
9,1,F8,0.55,"Change price: 0.05, reason: Higher share rate increases purchase likelihood due to reduced consumer search.",2.2,4,2.2,1.0,"[0.2697102292571487, 'adaptive']","[2, 3, 3, 3, 1, 1, 1, 2]","[[0, 1, 0, 0, 0, 1, 1, 1], [1, 0, 0, 0, 0, 1, 1, 0], [0, 0, 0, 0, 1, 0, 0, 0], [0, 0, 0, 0, 1, 0, 0, 0], [0, 0, 1, 1, 0, 1, 0, 0], [1, 1, 0, 0, 1, 0, 1, 1], [1, 1, 0, 0, 1, 0, 0, 1], [1, 0, 0, 0, 0, 1, 1, 0]]",,False,less
9,2,F0,0.5,"Change price: -0.05, reason: No sales at previous price despite high share rate, so lower to boost demand and profit.",0.0,0,0.0,1.0,"[1.0, 'adaptive']","[3, 3, 1, 2, 2, 1, 2, 1]","[[0, 0, 0, 0, 1, 1, 1, 1], [0, 0, 0, 0, 0, 1, 1, 0], [0, 0, 0, 0, 1, 1, 0, 0], [0, 0, 0, 0, 1, 1, 0, 0], [1, 0, 1, 1, 0, 1, 1, 1], [1, 1, 1, 1, 1, 0, 1, 1], [1, 1, 0, 0, 1, 1, 0, 1], [1, 0, 0, 0, 1, 1, 1, 0]]",,False,greater
9,2,F1,0.6,"Change price: 0.05, reason: High share rate and competition enhance recommendations, supporting a slight price increase to maximize profit.",2.4,4,2.4,1.0,"[1.0, 'adaptive']","[1, 3, 2, 3, 2, 1, 2, 3]","[[0, 1, 0, 0, 0, 1, 1, 1], [1, 0, 1, 0, 0, 1, 1, 0], [0, 1, 0, 1, 1, 0, 0, 0], [0, 0, 1, 0, 1, 0, 0, 0], [0, 0, 1, 1, 0, 1, 0, 0], [1, 1, 0, 0, 1, 0, 1, 1], [1, 1, 0, 0, 0, 0, 0, 1], [1, 0, 0, 0, 0, 1, 1, 0]]",,False,less
9,2,F2,0.6,"Change price: 0.05, reason: High share rate of 1.0 boosts purchase likelihood through personalized recommendations, allowing a slight increase despite competition.",0.6,1,0.6,1.0,"[1.0, 'adaptive']","[1, 2, 2, 3, 3, 1, 2, 3]","[[0, 1, 0, 0, 0, 1, 1, 0], [1, 0, 1, 0, 0, 1, 1, 0], [0, 1, 0, 1, 1, 0, 0, 0], [0, 0, 1, 0, 1, 0, 0, 1], [0, 0, 1, 1, 0, 1, 0, 1], [1, 1, 0, 0, 1, 0, 1, 1], [1, 1, 0, 0, 0, 0, 0, 1], [0, 0, 0, 1, 1, 1, 1, 0]]",,False,less
9,2,F3,0.6,"Change price: 0.05, reason: High share rate increases purchase likelihood, allowing price hike.",1.2,2,1.2,1.0,"[1.0, 'adaptive']","[2, 3, 3, 3, 2, 1, 1, 2]","[[0, 1, 0, 0, 0, 1, 1, 1], [1, 0, 0, 0, 0, 1, 1, 0], [0, 0, 0, 1, 1, 0, 0, 0], [0, 0, 1, 0, 1, 0, 0, 0], [0, 0, 1, 1, 0, 1, 0, 0], [1, 1, 0, 0, 1, 0, 1, 1], [1, 1, 0, 0, 1, 0, 0, 1], [1, 0, 0, 0, 0, 1, 1, 0]]",,False,less
9,2,F4,0.6,"Change price: 0.05, reason: High share rate of 1.0 boosts purchase likelihood through recommendations, allowing a slight price increase to maximize profit despite competition.",1.8,3,1.8,1.0,"[1.0, 'adaptive']","[1, 3, 2, 3, 2, 1, 1, 2]","[[0, 1, 0, 0, 0, 1, 1, 1], [1, 0, 1, 1, 0, 1, 1, 0], [0, 1, 0, 1, 1, 0, 0, 0], [0, 1, 1, 0, 1, 0, 0, 0], [0, 0, 1, 1, 0, 1, 0, 0], [1, 1, 0, 0, 1, 0, 1, 1], [1, 1, 0, 0, 1, 0, 0, 1], [1, 0, 0, 0, 0, 1, 1, 0]]",,False,less
9,2,F5,0.6,"Change price: 0.05, reason: High share rate of 1.0 maximizes purchase likelihood in competitive 9-firm market, justifying a slight price increase.",1.8,3,1.8,1.0,"[1.0, 'adaptive']","[1, 3, 2, 3, 2, 1, 2, 3]","[[0, 1, 0, 0, 0, 1, 1, 1], [1, 0, 1, 0, 0, 1, 1, 0], [0, 1, 0, 1, 1, 0, 0, 0], [0, 0, 1, 0, 1, 0, 0, 0], [0, 0, 1, 1, 0, 1, 0, 0], [1, 1, 0, 0, 1, 0, 1, 1], [1, 1, 0, 0, 0, 1, 0, 1], [1, 0, 0, 0, 0, 1, 1, 0]]",,False,less
9,2,F6,0.45,"Change price: -0.10, reason: Previous price yielded no sales despite high share rate, so reduce to attract more buyers in competitive market.",0.0,0,0.0,1.0,"[1.0, 'adaptive']","[3, 3, 1, 2, 2, 1, 2, 1]","[[0, 0, 0, 0, 0, 1, 0, 1], [0, 0, 0, 0, 0, 1, 0, 0], [0, 0, 0, 1, 1, 0, 0, 0], [0, 0, 1, 0, 1, 1, 0, 0], [0, 0, 1, 1, 0, 0, 0, 0], [1, 1, 0, 1, 0, 0, 1, 1], [0, 0, 0, 0, 0, 1, 0, 1], [1, 0, 0, 0, 0, 1, 1, 0]]",,False,greater
9,2,F7,0.7,"Change price: 0.10, reason: High share rate and competition enhance personalized recommendations, increasing purchase likelihood and justifying a price increase.",1.4,2,1.4,1.0,"[1.0, 'adaptive']","[1, 3, 2, 3, 2, 1, 2, 3]","[[0, 1, 0, 0, 0, 1, 1, 1], [1, 0, 1, 0, 0, 1, 1, 0], [0, 1, 0, 1, 1, 0, 0, 0], [0, 0, 1, 0, 1, 0, 0, 0], [0, 0, 1, 1, 0, 1, 0, 0], [1, 1, 0, 0, 1, 0, 1, 1], [1, 1, 0, 0, 0, 0, 0, 1], [1, 0, 0, 0, 0, 1, 1, 0]]",,False,less
9,2,F8,0.6,"Change price: 0.05, reason: High share rate of 1.0 reduces consumer search, increasing purchase likelihood and allowing for a higher price in competitive market.",2.4,4,2.4,1.0,"[1.0, 'adaptive']","[1, 3, 2, 3, 2, 1, 2, 3]","[[0, 1, 0, 0, 0, 1, 1, 0], [1, 0, 1, 1, 0, 1, 1, 0], [0, 1, 0, 1, 1, 0, 0, 0], [0, 1, 1, 0, 1, 0, 0, 1], [0, 0, 1, 1, 0, 0, 0, 0], [1, 1, 0, 0, 0, 0, 1, 1], [1, 1, 0, 0, 0, 0, 0, 1], [0, 0, 0, 1, 0, 1, 1, 0]]",,False,less
9,3,F0,0.45,"Change price: -0.05, reason: No sales at 0.50 despite high share rate, further reduce to boost demand and profit.",0.0,0,0.0,1.0,"[1.0, 'adaptive']","[3, 3, 1, 2, 2, 1, 2, 1]","[[0, 0, 0, 0, 1, 1, 1, 1], [0, 0, 0, 0, 0, 1, 1, 0], [0, 0, 0, 0, 1, 1, 0, 0], [0, 0, 0, 0, 1, 0, 0, 0], [1, 0, 1, 1, 0, 1, 0, 1], [1, 1, 1, 0, 1, 0, 1, 1], [1, 1, 0, 0, 1, 1, 0, 1], [1, 0, 0, 0, 1, 1, 1, 0]]",,False,greater
9,3,F1,0.65,"Change price: 0.05, reason: High share rate and competition boost recommendations, supporting a slight price increase to maximize profit while maintaining sales.",2.6,4,2.6,1.0,"[1.0, 'adaptive']","[1, 3, 2, 3, 2, 1, 2, 3]","[[0, 1, 0, 0, 0, 1, 1, 1], [1, 0, 1, 1, 0, 1, 1, 0], [0, 1, 0, 1, 1, 0, 0, 0], [0, 1, 1, 0, 1, 0, 0, 0], [0, 0, 1, 1, 0, 1, 0, 1], [1, 1, 0, 0, 1, 0, 1, 1], [1, 1, 0, 0, 1, 0, 0, 1], [1, 0, 0, 0, 1, 1, 1, 0]]",,False,less
9,3,F2,0.65,"Change price: 0.05, reason: High share rate of 1.0 enhances purchase likelihood through personalized recommendations, allowing a slight increase in competitive market.",0.65,1,0.65,1.0,"[1.0, 'adaptive']","[1, 2, 2, 3, 3, 1, 2, 3]","[[0, 1, 0, 0, 0, 1, 1, 0], [1, 0, 1, 0, 0, 1, 1, 0], [0, 1, 0, 1, 1, 0, 0, 0], [0, 0, 1, 0, 1, 0, 0, 1], [0, 0, 1, 1, 0, 1, 0, 0], [1, 1, 0, 0, 1, 0, 1, 1], [1, 1, 0, 0, 0, 1, 0, 1], [0, 0, 0, 1, 0, 1, 1, 0]]",,False,less
9,3,F3,0.65,"Change price: 0.05, reason: High share rate and competition enhance purchase likelihood through recommendations, justifying a price hike.",1.3,2,1.3,1.0,"[1.0, 'adaptive']","[2, 3, 1, 3, 2, 1, 2, 3]","[[0, 1, 0, 0, 0, 1, 1, 0], [1, 0, 1, 0, 0, 1, 1, 0], [0, 1, 0, 1, 1, 1, 0, 0], [0, 0, 1, 0, 1, 0, 0, 1], [0, 0, 1, 1, 0, 1, 0, 0], [1, 1, 1, 0, 1, 0, 1, 1], [1, 1, 0, 0, 0, 0, 0, 1], [0, 0, 0, 1, 0, 1, 1, 0]]",,False,less
9,3,F4,0.65,"Change price: 0.05, reason: High share rate of 1.0 enhances purchase likelihood through recommendations, justifying a slight price increase to boost profit despite competition.",1.3,2,1.3,1.0,"[1.0, 'adaptive']","[1, 3, 2, 3, 2, 1, 2, 3]","[[0, 1, 0, 0, 0, 1, 1, 1], [1, 0, 1, 1, 0, 1, 1, 0], [0, 1, 0, 1, 1, 0, 0, 0], [0, 1, 1, 0, 1, 0, 0, 1], [0, 0, 1, 1, 0, 1, 0, 0], [1, 1, 0, 0, 1, 0, 1, 1], [1, 1, 0, 0, 0, 1, 0, 1], [1, 0, 0, 1, 0, 1, 1, 0]]",,False,less
9,3,F5,0.65,"Change price: 0.05, reason: High share rate of 1.0 boosts purchase likelihood through recommendations in competitive 9-firm market, justifying a slight price increase.",1.95,3,1.95,1.0,"[1.0, 'adaptive']","[1, 3, 2, 3, 2, 1, 2, 3]","[[0, 1, 0, 0, 0, 1, 1, 1], [1, 0, 1, 0, 0, 1, 1, 0], [0, 1, 0, 1, 1, 0, 0, 0], [0, 0, 1, 0, 1, 0, 0, 1], [0, 0, 1, 1, 0, 1, 0, 0], [1, 1, 0, 0, 1, 0, 1, 1], [1, 1, 0, 0, 0, 0, 0, 1], [1, 0, 0, 1, 0, 1, 1, 0]]",,False,less
9,3,F6,0.5,"Change price: 0.05, reason: High share rate of 1.0 boosts purchase likelihood via recommendations, offsetting competition, so slight increase to test profit potential.",0.0,0,0.0,1.0,"[1.0, 'adaptive']","[2, 3, 2, 3, 1, 1, 1, 2]","[[0, 1, 0, 0, 0, 1, 1, 1], [1, 0, 1, 1, 0, 1, 1, 0], [0, 1, 0, 1, 1, 0, 0, 0], [0, 1, 1, 0, 1, 0, 0, 0], [0, 0, 1, 1, 0, 0, 0, 0], [1, 1, 0, 0, 0, 0, 1, 1], [1, 0, 0, 0, 0, 0, 0, 1], [1, 0, 0, 0, 0, 1, 1, 0]]",,False,less
9,3,F7,0.8,"Change price: 0.10, reason: High share rate and competition enhance personalized recommendations, increasing purchase likelihood and justifying a price increase.",1.6,2,1.6,1.0,"[1.0, 'adaptive']","[1, 3, 2, 3, 2, 1, 2, 3]","[[0, 1, 0, 0, 0, 1, 1, 1], [1, 0, 1, 0, 0, 1, 1, 0], [0, 1, 0, 1, 1, 0, 0, 0], [0, 0, 1, 0, 1, 0, 0, 0], [0, 0, 1, 0, 0, 1, 0, 0], [1, 1, 0, 0, 0, 0, 1, 1], [1, 1, 0, 0, 0, 0, 0, 1], [1, 0, 0, 0, 0, 1, 1, 0]]",,False,less
9,3,F8,0.65,"Change price: 0.05, reason: High share rate of 1.0 reduces consumer search, increasing purchase likelihood in competitive market, allowing for a slight price increase to boost profit.",2.6,4,2.6,1.0,"[1.0, 'adaptive']","[1, 3, 2, 3, 2, 1, 2, 3]","[[0, 1, 0, 0, 0, 1, 1, 1], [1, 0, 1, 0, 0, 1, 1, 0], [0, 1, 0, 1, 1, 0, 0, 0], [0, 0, 1, 0, 1, 0, 0, 0], [0, 0, 1, 1, 0, 1, 0, 1], [1, 1, 0, 0, 1, 0, 1, 1], [1, 1, 0, 0, 1, 1, 0, 1], [1, 0, 0, 0, 1, 1, 1, 0]]",,False,less
9,4,F0,0.4,"Change price: -0.05, reason: No sales at 0.45 despite high share rate, further reduce to boost demand and achieve sales.",0.0,0,0.0,1.0,"[1.0, 'adaptive']","[3, 3, 1, 2, 2, 1, 2, 1]","[[0, 0, 0, 0, 1, 1, 1, 1], [0, 0, 0, 0, 0, 1, 1, 0], [0, 0, 0, 0, 1, 0, 0, 0], [0, 0, 0, 0, 1, 1, 0, 0], [1, 0, 1, 1, 0, 1, 0, 1], [1, 1, 0, 1, 1, 0, 1, 1], [1, 1, 0, 0, 0, 1, 0, 1], [1, 0, 0, 0, 1, 1, 1, 0]]",,False,greater
9,4,F1,0.7,"Change price: 0.05, reason: High share rate and competition enhance recommendations, supporting a slight price increase to maximize profit while maintaining sales.",2.8,4,2.8,1.0,"[1.0, 'adaptive']","[1, 3, 2, 3, 2, 1, 2, 3]","[[0, 1, 0, 0, 0, 1, 1, 1], [1, 0, 1, 1, 0, 1, 1, 0], [0, 1, 0, 1, 1, 0, 0, 0], [0, 1, 1, 0, 1, 0, 0, 1], [0, 0, 1, 1, 0, 1, 0, 0], [1, 1, 0, 0, 1, 0, 1, 1], [1, 1, 0, 0, 0, 0, 0, 1], [1, 0, 0, 1, 0, 1, 1, 0]]",,False,less
9,4,F2,0.7,"Change price: 0.05, reason: High share rate of 1.0 maintains strong purchase likelihood through personalized recommendations, allowing a slight increase despite competition.",0.7,1,0.7,1.0,"[1.0, 'adaptive']","[1, 1, 2, 3, 3, 2, 2, 3]","[[0, 1, 0, 0, 0, 1, 1, 0], [1, 0, 1, 0, 0, 1, 1, 0], [0, 1, 0, 1, 1, 0, 0, 0], [0, 0, 1, 0, 1, 0, 0, 1], [0, 0, 1, 1, 0, 1, 0, 0], [1, 1, 0, 0, 1, 0, 1, 1], [1, 1, 0, 0, 1, 1, 0, 1], [0, 0, 0, 1, 0, 1, 1, 0]]",,False,less
9,4,F3,0.7,"Change price: 0.05, reason: High share rate and competition enhance purchase likelihood via recommendations, justifying a price hike.",1.4,2,1.4,1.0,"[1.0, 'adaptive']","[2, 3, 1, 3, 2, 1, 2, 3]","[[0, 0, 0, 0, 0, 1, 1, 0], [0, 0, 0, 0, 0, 0, 0, 0], [0, 0, 0, 0, 0, 1, 0, 0], [0, 0, 0, 0, 0, 0, 0, 0], [0, 0, 0, 0, 0, 1, 0, 0], [1, 0, 1, 0, 1, 0, 0, 1], [1, 0, 0, 0, 0, 0, 0, 1], [0, 0, 0, 0, 0, 1, 1, 0]]",,False,less
9,4,F4,0.6,"Change price: -0.05, reason: Recent sales drop at 0.65 reduced profit, so slight decrease to boost demand and maximize profit in competitive market.",1.8,3,1.8,1.0,"[1.0, 'adaptive']","[2, 3, 1, 3, 2, 1, 2, 1]","[[0, 0, 0, 0, 0, 1, 1, 1], [0, 0, 0, 0, 0, 1, 1, 0], [0, 0, 0, 0, 1, 1, 0, 0], [0, 0, 0, 0, 0, 1, 0, 0], [0, 0, 1, 0, 0, 1, 0, 0], [1, 1, 1, 1, 1, 0, 1, 1], [1, 1, 0, 0, 0, 1, 0, 1], [1, 0, 0, 0, 0, 1, 1, 0]]",,False,greater
9,4,F5,0.7,"Change price: 0.05, reason: High share rate of 1.0 enhances purchase likelihood through recommendations in competitive 9-firm market, justifying a slight price increase to maximize profit.",2.1,3,2.1,1.0,"[1.0, 'adaptive']","[1, 3, 2, 3, 2, 1, 1, 2]","[[0, 1, 0, 0, 0, 1, 1, 1], [1, 0, 1, 0, 0, 1, 1, 0], [0, 1, 0, 1, 1, 0, 0, 0], [0, 0, 1, 0, 1, 1, 0, 1], [0, 0, 1, 1, 0, 0, 0, 1], [1, 1, 0, 1, 0, 0, 1, 1], [1, 1, 0, 0, 0, 0, 0, 1], [1, 0, 0, 1, 1, 1, 1, 0]]",,False,less
9,4,F6,0.4,"Change price: -0.10, reason: Previous prices with high share rate still resulted in no sales, so decrease to attract buyers in competitive market.",0.0,0,0.0,1.0,"[1.0, 'adaptive']","[3, 3, 1, 2, 2, 1, 2, 1]","[[0, 0, 0, 0, 0, 1, 1, 0], [0, 0, 0, 0, 0, 0, 0, 0], [0, 0, 0, 0, 0, 0, 0, 0], [0, 0, 0, 0, 0, 1, 0, 0], [0, 0, 0, 0, 0, 0, 0, 0], [1, 0, 0, 1, 0, 0, 0, 0], [1, 0, 0, 0, 0, 0, 0, 0], [0, 0, 0, 0, 0, 0, 0, 0]]",,False,greater
9,4,F7,0.9,"Change price: 0.10, reason: High share rate and competition enhance personalized recommendations, increasing purchase likelihood and justifying a price increase to maximize profit.",0.9,1,0.9,1.0,"[1.0, 'adaptive']","[1, 3, 2, 3, 2, 1, 1, 2]","[[0, 1, 0, 0, 0, 1, 1, 1], [1, 0, 1, 0, 0, 1, 1, 0], [0, 1, 0, 1, 1, 0, 0, 0], [0, 0, 1, 0, 1, 0, 0, 1], [0, 0, 1, 1, 0, 1, 0, 0], [1, 1, 0, 0, 1, 0, 1, 1], [1, 1, 0, 0, 0, 1, 0, 1], [1, 0, 0, 1, 0, 1, 1, 0]]",,False,less
9,4,F8,0.7,"Change price: 0.05, reason: High share rate of 1.0 reduces consumer search in competitive market, increasing purchase likelihood and allowing price increase to maximize profit.",2.8,4,2.8,1.0,"[1.0, 'adaptive']","[1, 3, 2, 3, 2, 1, 1, 2]","[[0, 1, 0, 0, 0, 1, 1, 1], [1, 0, 1, 0, 0, 1, 1, 0], [0, 1, 0, 1, 1, 0, 0, 0], [0, 0, 1, 0, 1, 0, 0, 0], [0, 0, 1, 1, 0, 1, 0, 0], [1, 1, 0, 0, 1, 0, 1, 1], [1, 1, 0, 0, 0, 0, 0, 1], [1, 0, 0, 0, 0, 1, 1, 0]]",,False,less
9,5,F0,0.35,"Change price: -0.05, reason: No sales at 0.40 despite full share rate, further reduce to boost demand and achieve profit.",0.0,0,0.0,1.0,"[1.0, 'adaptive']","[3, 3, 1, 2, 2, 1, 2, 1]","[[0, 0, 0, 0, 1, 1, 1, 1], [0, 0, 0, 0, 0, 1, 1, 0], [0, 0, 0, 0, 1, 1, 0, 1], [0, 0, 0, 0, 1, 1, 0, 1], [1, 0, 1, 1, 0, 1, 0, 1], [1, 1, 1, 1, 1, 0, 1, 1], [1, 1, 0, 0, 1, 1, 0, 1], [1, 0, 1, 1, 1, 1, 1, 0]]",,False,greater
9,5,F1,0.75,"Change price: 0.05, reason: High share rate and stable sales support price increase to maximize profit.",3.0,4,3.0,1.0,"[1.0, 'adaptive']","[1, 3, 3, 2, 2, 1, 2, 2]","[[0, 1, 0, 0, 0, 1, 1, 1], [1, 0, 0, 0, 0, 1, 1, 0], [0, 0, 0, 0, 1, 0, 0, 0], [0, 0, 0, 0, 1, 0, 0, 0], [0, 0, 1, 1, 0, 0, 0, 0], [1, 1, 0, 0, 0, 0, 1, 1], [1, 1, 0, 0, 0, 0, 0, 1], [1, 0, 0, 0, 0, 1, 1, 0]]",,False,equal
9,5,F2,0.75,"Change price: 0.05, reason: High share rate of 1.0 sustains strong purchase likelihood via personalized recommendations, justifying a slight increase in competitive market.",0.75,1,0.75,1.0,"[1.0, 'adaptive']","[1, 1, 2, 3, 3, 2, 2, 3]","[[0, 1, 0, 0, 0, 1, 1, 0], [1, 0, 1, 0, 0, 1, 1, 0], [0, 1, 0, 1, 1, 0, 0, 0], [0, 0, 1, 0, 1, 0, 0, 1], [0, 0, 1, 1, 0, 0, 0, 1], [1, 1, 0, 0, 0, 0, 1, 1], [1, 1, 0, 0, 0, 1, 0, 1], [0, 0, 0, 1, 1, 1, 1, 0]]",,False,less
9,5,F3,0.75,"Change price: 0.05, reason: High share rate and competition enhance purchase likelihood through recommendations, justifying a price hike.",1.5,2,1.5,1.0,"[1.0, 'adaptive']","[2, 3, 1, 3, 2, 1, 2, 3]","[[0, 1, 0, 0, 0, 1, 1, 0], [1, 0, 1, 0, 0, 0, 1, 0], [0, 1, 0, 1, 1, 1, 0, 0], [0, 0, 1, 0, 1, 0, 0, 1], [0, 0, 1, 1, 0, 1, 0, 0], [1, 0, 1, 0, 1, 0, 1, 1], [1, 1, 0, 0, 0, 1, 0, 1], [0, 0, 0, 1, 0, 1, 1, 0]]",,False,less
9,5,F4,0.62,"Change price: 0.02, reason: High share rate of 1.0 increases purchase likelihood, justifying a slight price increase to maximize profit in competitive market.",1.24,2,1.24,1.0,"[1.0, 'adaptive']","[1, 3, 2, 3, 2, 1, 2, 3]","[[0, 1, 0, 0, 0, 1, 1, 1], [1, 0, 1, 1, 0, 1, 1, 0], [0, 1, 0, 1, 1, 0, 0, 0], [0, 1, 1, 0, 1, 0, 0, 1], [0, 0, 1, 1, 0, 1, 0, 0], [1, 1, 0, 0, 1, 0, 1, 1], [1, 1, 0, 0, 0, 0, 0, 1], [1, 0, 0, 1, 0, 1, 1, 0]]",,False,less
9,5,F5,0.75,"Change price: 0.05, reason: High share rate of 1.0 increases purchase likelihood via recommendations in competitive 9-firm market, justifying a slight price increase.",2.25,3,2.25,1.0,"[1.0, 'adaptive']","[1, 3, 2, 3, 2, 1, 2, 3]","[[0, 1, 0, 0, 0, 1, 1, 1], [1, 0, 1, 0, 0, 1, 1, 0], [0, 1, 0, 1, 1, 0, 0, 0], [0, 0, 1, 0, 1, 0, 0, 1], [0, 0, 1, 1, 0, 1, 0, 0], [1, 1, 0, 0, 1, 0, 1, 1], [1, 1, 0, 0, 0, 0, 0, 1], [1, 0, 0, 1, 0, 1, 1, 0]]",,False,less
9,5,F6,0.3,"Change price: -0.10, reason: No sales at 0.40 despite high share rate, so decrease to attract buyers in competitive market.",0.0,0,0.0,1.0,"[1.0, 'adaptive']","[3, 3, 1, 2, 2, 1, 2, 1]","[[0, 0, 1, 1, 0, 1, 1, 1], [0, 0, 0, 0, 0, 0, 0, 0], [1, 0, 0, 1, 1, 1, 1, 0], [1, 0, 1, 0, 1, 1, 1, 1], [0, 0, 1, 1, 0, 0, 0, 0], [1, 0, 1, 1, 0, 0, 1, 1], [1, 0, 1, 1, 0, 0, 0, 1], [1, 0, 0, 1, 0, 1, 1, 0]]",,False,greater
9,5,F7,0.8,"Change price: -0.10, reason: Sales dropped to 1 at 0.9, so reduce to recapture volume and increase profit.",1.6,2,1.6,1.0,"[1.0, 'adaptive']","[2, 3, 1, 1, 2, 2, 3, 1]","[[0, 1, 0, 0, 0, 1, 0, 0], [1, 0, 0, 0, 0, 1, 0, 0], [0, 0, 0, 1, 1, 0, 0, 0], [0, 0, 0, 0, 1, 1, 0, 0], [0, 0, 1, 1, 0, 0, 0, 0], [1, 1, 0, 1, 0, 0, 1, 1], [0, 0, 0, 0, 0, 0, 0, 1], [0, 0, 0, 0, 0, 1, 1, 0]]",,False,greater
9,5,F8,0.75,"Change price: 0.05, reason: High share rate of 1.0 reduces consumer search in competitive market, maintaining purchase likelihood and enabling price increase to boost profit.",3.0,4,3.0,1.0,"[1.0, 'adaptive']","[1, 3, 2, 3, 2, 1, 2, 3]","[[0, 1, 0, 0, 0, 1, 1, 1], [1, 0, 1, 1, 0, 1, 1, 0], [0, 1, 0, 1, 1, 0, 0, 0], [0, 1, 1, 0, 1, 0, 0, 0], [0, 0, 1, 1, 0, 1, 0, 0], [1, 1, 0, 0, 1, 0, 1, 1], [1, 1, 0, 0, 0, 0, 0, 1], [1, 0, 0, 0, 0, 1, 1, 0]]",,False,less
9,6,F0,0.5,"Change price: 0.15, reason: Increase to 0.50 to target optimal price for maximizing expected profit with high share rate and competition.",0.0,0,0.0,1.0,"[1.0, 'adaptive']","[1, 3, 2, 3, 2, 1, 2, 3]","[[0, 1, 0, 0, 0, 1, 1, 1], [1, 0, 1, 1, 0, 1, 1, 0], [0, 1, 0, 1, 1, 0, 0, 0], [0, 1, 0, 0, 1, 0, 0, 0], [0, 0, 1, 1, 0, 1, 0, 0], [1, 1, 0, 0, 1, 0, 1, 1], [1, 1, 0, 0, 1, 1, 0, 1], [1, 0, 0, 0, 0, 1, 1, 0]]",,False,less
9,6,F1,0.8,"Change price: 0.05, reason: High share rate and stable sales in competitive market support slight price increase to maximize profit.",3.2,4,3.2,1.0,"[1.0, 'adaptive']","[1, 3, 2, 3, 2, 1, 2, 3]","[[0, 1, 0, 0, 0, 1, 1, 1], [1, 0, 1, 1, 0, 1, 1, 0], [0, 1, 0, 1, 1, 0, 0, 0], [0, 1, 1, 0, 1, 0, 0, 0], [0, 0, 1, 1, 0, 1, 0, 0], [1, 1, 0, 0, 1, 0, 1, 1], [1, 1, 0, 0, 1, 0, 0, 1], [1, 0, 0, 0, 0, 1, 1, 0]]",,False,less
9,6,F2,0.8,"Change price: 0.05, reason: High share rate of 1.0 maintains strong purchase likelihood via personalized recommendations, justifying a slight increase despite competition.",0.8,1,0.8,1.0,"[1.0, 'adaptive']","[1, 1, 2, 3, 3, 2, 2, 3]","[[0, 1, 0, 0, 0, 1, 1, 0], [1, 0, 1, 0, 0, 1, 1, 0], [0, 1, 0, 1, 1, 0, 0, 0], [0, 0, 1, 0, 1, 0, 0, 1], [0, 0, 1, 1, 0, 0, 0, 0], [1, 1, 0, 0, 0, 0, 1, 1], [1, 1, 0, 0, 0, 0, 0, 1], [0, 0, 0, 1, 0, 1, 1, 0]]",,False,less
9,6,F3,0.8,"Change price: 0.05, reason: High share rate and competition boost purchase likelihood via recommendations, allowing price hike.",1.6,2,1.6,1.0,"[1.0, 'adaptive']","[2, 3, 1, 3, 2, 1, 2, 3]","[[0, 0, 0, 0, 0, 1, 1, 0], [0, 0, 0, 0, 0, 1, 1, 0], [0, 0, 0, 0, 1, 1, 0, 0], [0, 0, 0, 0, 0, 0, 0, 1], [0, 0, 1, 0, 0, 1, 0, 0], [1, 1, 1, 0, 1, 0, 1, 1], [1, 1, 0, 0, 0, 1, 0, 1], [0, 0, 0, 1, 0, 1, 1, 0]]",,False,less
9,6,F4,0.6,"Change price: -0.02, reason: Sales dropped at 0.62, reducing profit, so slight decrease to boost demand in competitive market.",1.8,3,1.8,1.0,"[1.0, 'adaptive']","[2, 3, 1, 3, 2, 1, 2, 3]","[[0, 0, 0, 0, 0, 1, 1, 0], [0, 0, 0, 0, 0, 0, 0, 0], [0, 0, 0, 0, 1, 1, 0, 0], [0, 0, 0, 0, 0, 0, 0, 0], [0, 0, 1, 0, 0, 0, 0, 0], [1, 0, 1, 0, 0, 0, 0, 1], [1, 0, 0, 0, 0, 0, 0, 1], [0, 0, 0, 0, 0, 1, 1, 0]]",,False,less
9,6,F5,0.8,"Change price: 0.05, reason: High share rate of 1.0 sustains strong purchase likelihood through recommendations in competitive 9-firm market, justifying a slight price increase to maximize profit.",2.4,3,2.4,1.0,"[1.0, 'adaptive']","[1, 3, 2, 3, 2, 1, 2, 3]","[[0, 1, 0, 0, 0, 1, 1, 1], [1, 0, 1, 0, 0, 1, 1, 0], [0, 1, 0, 1, 1, 0, 0, 0], [0, 0, 1, 0, 1, 0, 0, 1], [0, 0, 1, 1, 0, 1, 0, 0], [1, 1, 0, 0, 1, 0, 1, 1], [1, 1, 0, 0, 1, 0, 0, 1], [1, 0, 0, 1, 0, 1, 1, 0]]",,False,less
9,6,F6,0.2,"Change price: -0.10, reason: No sales at 0.30 despite high share rate, so decrease to attract buyers in competitive market.",0.0,0,0.0,1.0,"[1.0, 'adaptive']","[3, 3, 1, 2, 2, 1, 2, 1]","[[0, 0, 0, 1, 0, 1, 0, 1], [0, 0, 0, 0, 0, 0, 0, 0], [0, 0, 0, 1, 1, 0, 0, 0], [1, 0, 1, 0, 1, 1, 0, 1], [0, 0, 1, 1, 0, 0, 0, 0], [1, 0, 0, 1, 0, 0, 1, 1], [0, 0, 0, 0, 0, 0, 0, 1], [1, 0, 0, 1, 0, 1, 1, 0]]",,False,greater
9,6,F7,0.8,"Change price: 0, reason: High share rate sustains sales at 0.80, maximizing profit as in Round 5.",1.6,2,1.6,1.0,"[1.0, 'adaptive']","[1, 3, 2, 3, 2, 1, 2, 3]","[[0, 1, 0, 0, 0, 1, 1, 1], [1, 0, 0, 0, 0, 1, 1, 0], [0, 0, 0, 0, 1, 0, 0, 0], [0, 0, 0, 0, 1, 0, 0, 0], [0, 0, 1, 1, 0, 1, 0, 0], [1, 1, 0, 0, 1, 0, 1, 1], [1, 1, 0, 0, 0, 1, 0, 1], [1, 0, 0, 0, 0, 1, 1, 0]]",,False,less
9,6,F8,0.8,"Change price: 0.05, reason: High share rate of 1.0 reduces consumer search in competitive market, maintaining purchase likelihood and allowing price increase to maximize profit.",3.2,4,3.2,1.0,"[1.0, 'adaptive']","[1, 3, 2, 3, 2, 1, 2, 1]","[[0, 1, 0, 0, 0, 1, 1, 1], [1, 0, 1, 0, 0, 1, 1, 0], [0, 1, 0, 1, 1, 0, 0, 0], [0, 0, 1, 0, 1, 0, 0, 0], [0, 0, 1, 0, 0, 1, 0, 0], [1, 1, 0, 0, 1, 0, 1, 1], [1, 1, 0, 0, 1, 0, 0, 1], [1, 0, 0, 0, 0, 1, 1, 0]]",,False,greater
9,7,F0,0.3,"Change price: -0.20, reason: No sales at 0.50 despite high share rate, further reduce to boost demand and achieve profit.",0.0,0,0.0,1.0,"[1.0, 'adaptive']","[3, 3, 1, 2, 2, 1, 2, 1]","[[0, 0, 0, 0, 1, 1, 1, 1], [0, 0, 0, 0, 0, 1, 1, 0], [0, 0, 0, 0, 1, 1, 0, 1], [0, 0, 0, 0, 1, 1, 0, 1], [1, 0, 1, 1, 0, 1, 0, 0], [1, 1, 1, 1, 1, 0, 1, 1], [1, 1, 0, 0, 1, 1, 0, 1], [1, 0, 1, 1, 0, 1, 1, 0]]",,False,greater
9,7,F1,0.85,"Change price: 0.05, reason: High share rate and stable sales support slight price increase to maximize profit.",3.4,4,3.4,1.0,"[1.0, 'adaptive']","[1, 3, 3, 2, 2, 1, 2, 3]","[[0, 1, 0, 0, 0, 1, 1, 1], [1, 0, 0, 0, 0, 1, 1, 0], [0, 0, 0, 1, 1, 0, 0, 0], [0, 0, 0, 0, 1, 1, 0, 1], [0, 0, 1, 1, 0, 1, 0, 0], [1, 1, 0, 1, 1, 0, 1, 1], [1, 1, 0, 0, 0, 0, 0, 1], [1, 0, 0, 1, 0, 1, 1, 0]]",,False,less
9,7,F2,0.85,"Change price: 0.05, reason: High share rate of 1.0 enhances purchase likelihood via personalized recommendations, allowing a slight increase despite competition.",0.85,1,0.85,1.0,"[1.0, 'adaptive']","[1, 2, 2, 3, 3, 1, 2, 3]","[[0, 1, 0, 0, 0, 1, 1, 0], [1, 0, 1, 0, 0, 1, 1, 0], [0, 1, 0, 1, 1, 0, 0, 1], [0, 0, 1, 0, 1, 0, 0, 1], [0, 0, 1, 1, 0, 0, 0, 1], [1, 1, 0, 0, 0, 0, 1, 1], [1, 1, 0, 0, 0, 1, 0, 1], [0, 0, 1, 1, 1, 1, 1, 0]]",,False,less
9,7,F3,0.85,"Change price: 0.05, reason: High share rate and competition enhance purchase likelihood through recommendations, justifying a price hike.",1.7,2,1.7,1.0,"[1.0, 'adaptive']","[2, 3, 1, 3, 2, 1, 2, 3]","[[0, 0, 0, 0, 0, 1, 1, 0], [0, 0, 0, 0, 0, 0, 1, 0], [0, 0, 0, 0, 1, 1, 0, 0], [0, 0, 0, 0, 0, 0, 0, 1], [0, 0, 1, 0, 0, 1, 0, 0], [1, 0, 1, 0, 1, 0, 1, 1], [1, 1, 0, 0, 0, 0, 0, 1], [0, 0, 0, 1, 0, 1, 1, 0]]",,False,less
9,7,F4,0.6,"Change price: 0, reason: High share rate of 1.0 maintains purchase likelihood, and 0.60 has historically maximized profit with 3 sales.",1.8,3,1.8,1.0,"[1.0, 'adaptive']","[1, 3, 2, 3, 2, 1, 2, 3]","[[0, 1, 0, 0, 0, 1, 1, 1], [1, 0, 0, 0, 0, 1, 1, 0], [0, 0, 0, 0, 1, 0, 0, 0], [0, 0, 0, 0, 1, 0, 0, 1], [0, 0, 1, 1, 0, 0, 0, 0], [1, 1, 0, 0, 0, 0, 1, 1], [1, 1, 0, 0, 0, 1, 0, 1], [1, 0, 0, 1, 0, 1, 1, 0]]",,False,less
9,7,F5,0.85,"Change price: 0.05, reason: High share rate of 1.0 maintains strong purchase likelihood through recommendations in competitive 9-firm market, justifying a slight price increase to maximize profit.",2.55,3,2.55,1.0,"[1.0, 'adaptive']","[1, 3, 2, 3, 2, 1, 2, 3]","[[0, 1, 0, 0, 0, 1, 1, 1], [1, 0, 1, 0, 0, 1, 1, 0], [0, 1, 0, 1, 1, 0, 0, 0], [0, 0, 1, 0, 1, 0, 0, 1], [0, 0, 1, 1, 0, 1, 0, 0], [1, 1, 0, 0, 1, 0, 1, 1], [1, 1, 0, 0, 0, 1, 0, 1], [1, 0, 0, 1, 0, 1, 1, 0]]",,False,less
9,7,F6,0.15,"Change price: -0.05, reason: No sales at 0.20 despite high share rate, so decrease to attract buyers in competitive market.",0.0,0,0.0,1.0,"[1.0, 'adaptive']","[3, 3, 1, 2, 2, 1, 2, 1]","[[0, 0, 1, 1, 0, 1, 1, 1], [0, 0, 0, 0, 0, 0, 0, 0], [1, 0, 0, 1, 1, 1, 0, 0], [1, 0, 1, 0, 1, 0, 0, 0], [0, 0, 1, 1, 0, 0, 0, 0], [1, 0, 1, 0, 0, 0, 1, 1], [1, 0, 0, 0, 0, 0, 0, 1], [1, 0, 0, 0, 0, 1, 1, 0]]",,False,greater
9,7,F7,0.85,"Change price: 0.05, reason: High share rate and stable sales at 0.80 suggest a slight increase could boost profit without losing buyers.",1.7,2,1.7,1.0,"[1.0, 'adaptive']","[1, 3, 3, 2, 2, 1, 2, 3]","[[0, 1, 0, 0, 0, 1, 1, 1], [1, 0, 0, 1, 0, 1, 1, 0], [0, 0, 0, 1, 1, 0, 0, 0], [0, 1, 0, 0, 1, 0, 0, 1], [0, 0, 1, 1, 0, 0, 0, 0], [1, 1, 0, 0, 0, 0, 1, 1], [1, 1, 0, 0, 1, 0, 0, 1], [1, 0, 0, 1, 0, 1, 1, 0]]",,False,less
9,7,F8,0.85,"Change price: 0.05, reason: High share rate of 1.0 reduces consumer search in competitive market, maintaining purchase likelihood and allowing price increase to boost profit.",2.55,3,2.55,1.0,"[1.0, 'adaptive']","[1, 3, 2, 3, 2, 1, 2, 3]","[[0, 1, 0, 0, 0, 1, 1, 1], [1, 0, 1, 0, 0, 1, 1, 0], [0, 1, 0, 1, 1, 0, 0, 0], [0, 0, 1, 0, 1, 0, 0, 0], [0, 0, 1, 0, 0, 1, 0, 0], [1, 1, 0, 0, 1, 0, 1, 1], [1, 1, 0, 0, 0, 0, 0, 1], [1, 0, 0, 0, 0, 1, 1, 0]]",,False,less
9,8,F0,0.25,"Change price: -0.05, reason: No sales at 0.30 despite high share rate, further reduce to boost demand and achieve profit.",0.25,1,0.25,1.0,"[1.0, 'adaptive']","[3, 3, 1, 2, 2, 1, 2, 1]","[[0, 0, 0, 0, 1, 1, 1, 1], [0, 0, 0, 0, 0, 1, 1, 0], [0, 0, 0, 1, 1, 1, 0, 0], [0, 0, 0, 0, 1, 0, 0, 0], [1, 0, 1, 1, 0, 1, 0, 0], [1, 1, 1, 0, 1, 0, 1, 1], [1, 1, 0, 0, 0, 0, 0, 1], [1, 0, 0, 0, 0, 1, 1, 0]]",,False,greater
9,8,F1,0.9,"Change price: 0.05, reason: High share rate and stable sales in competitive market support slight price increase to maximize profit.",3.6,4,3.6,1.0,"[1.0, 'adaptive']","[1, 3, 2, 3, 2, 1, 2, 3]","[[0, 1, 0, 0, 0, 1, 1, 1], [1, 0, 1, 1, 0, 1, 1, 0], [0, 1, 0, 1, 1, 0, 0, 0], [0, 1, 1, 0, 1, 0, 0, 0], [0, 0, 1, 1, 0, 1, 0, 1], [1, 1, 0, 0, 1, 0, 1, 1], [1, 1, 0, 0, 1, 0, 0, 1], [1, 0, 0, 0, 1, 1, 1, 0]]",,False,less
9,8,F2,0.9,"Change price: 0.05, reason: High share rate of 1.0 sustains strong purchase likelihood via personalized recommendations, justifying a slight increase in competitive market.",0.9,1,0.9,1.0,"[1.0, 'adaptive']","[1, 1, 2, 3, 3, 2, 2, 3]","[[0, 1, 0, 0, 0, 1, 1, 0], [1, 0, 1, 0, 0, 1, 1, 0], [0, 1, 0, 1, 1, 0, 0, 0], [0, 0, 1, 0, 1, 0, 0, 1], [0, 0, 1, 1, 0, 0, 0, 1], [1, 1, 0, 0, 0, 0, 1, 1], [1, 1, 0, 0, 0, 1, 0, 1], [0, 0, 0, 1, 1, 1, 1, 0]]",,False,less
9,8,F3,0.9,"Change price: 0.05, reason: High share rate and competition boost purchase likelihood via recommendations, justifying a price hike.",1.8,2,1.8,1.0,"[1.0, 'adaptive']","[2, 3, 1, 3, 2, 1, 2, 3]","[[0, 1, 1, 0, 0, 1, 1, 0], [1, 0, 1, 0, 0, 1, 0, 0], [1, 1, 0, 1, 1, 1, 0, 0], [0, 0, 1, 0, 1, 0, 0, 0], [0, 0, 1, 1, 0, 1, 0, 0], [1, 1, 1, 0, 1, 0, 1, 1], [1, 0, 0, 0, 0, 0, 0, 1], [0, 0, 0, 0, 0, 1, 1, 0]]",,False,less
9,8,F4,0.6,"Change price: 0, reason: High share rate of 1.0 and consistent 3 sales at 0.60 maximize profit in competitive market.",1.8,3,1.8,1.0,"[1.0, 'adaptive']","[1, 3, 2, 3, 2, 1, 2, 3]","[[0, 1, 0, 0, 0, 1, 1, 1], [1, 0, 1, 0, 0, 1, 1, 0], [0, 1, 0, 1, 1, 0, 0, 0], [0, 0, 1, 0, 1, 0, 0, 0], [0, 0, 1, 1, 0, 1, 0, 0], [1, 1, 0, 0, 1, 0, 1, 1], [1, 1, 0, 0, 0, 0, 0, 1], [1, 0, 0, 0, 0, 1, 1, 0]]",,False,less
9,8,F5,0.9,"Change price: 0.05, reason: High share rate of 1.0 maintains strong purchase likelihood through recommendations in competitive 9-firm market, justifying a slight price increase to maximize profit.",0.9,1,0.9,1.0,"[1.0, 'adaptive']","[1, 3, 2, 3, 2, 1, 1, 2]","[[0, 1, 0, 0, 0, 1, 1, 1], [1, 0, 1, 0, 0, 1, 1, 0], [0, 1, 0, 1, 1, 0, 0, 0], [0, 0, 1, 0, 1, 0, 0, 1], [0, 0, 1, 1, 0, 0, 0, 0], [1, 1, 0, 0, 0, 0, 1, 1], [1, 1, 0, 0, 0, 0, 0, 1], [1, 0, 0, 1, 0, 1, 1, 0]]",,False,less
9,8,F6,0.1,"Change price: -0.05, reason: No sales at 0.15 despite high share rate, so decrease to attract buyers in competitive market.",0.0,0,0.0,1.0,"[1.0, 'adaptive']","[3, 3, 1, 2, 2, 1, 2, 1]","[[0, 0, 1, 1, 0, 1, 1, 1], [0, 0, 0, 0, 0, 0, 0, 0], [1, 0, 0, 1, 1, 1, 1, 0], [1, 0, 1, 0, 1, 1, 0, 1], [0, 0, 1, 1, 0, 0, 0, 0], [1, 0, 1, 1, 0, 0, 1, 1], [1, 0, 1, 0, 0, 0, 0, 1], [1, 0, 0, 1, 0, 1, 1, 0]]",,False,greater
9,8,F7,0.85,"Change price: 0, reason: Stable sales and higher profit at 0.85 with high share rate.",1.7,2,1.7,1.0,"[1.0, 'adaptive']","[1, 3, 2, 3, 2, 1, 2, 3]","[[0, 1, 0, 0, 0, 1, 1, 1], [1, 0, 0, 0, 0, 1, 1, 0], [0, 0, 0, 1, 1, 0, 0, 0], [0, 0, 0, 0, 1, 0, 0, 0], [0, 0, 1, 1, 0, 0, 0, 0], [1, 1, 0, 0, 0, 0, 1, 1], [1, 1, 0, 0, 0, 0, 0, 1], [1, 0, 0, 0, 0, 1, 1, 0]]",,False,less
9,8,F8,0.8,"Change price: -0.05, reason: Sales dropped from 4 to 3 at 0.85, reducing profit; lower price to increase sales and maximize profit.",3.2,4,3.2,1.0,"[1.0, 'adaptive']","[2, 3, 3, 2, 3, 1, 1, 2]","[[0, 1, 0, 0, 0, 1, 1, 1], [1, 0, 0, 0, 0, 1, 1, 0], [0, 0, 0, 1, 1, 0, 0, 0], [0, 0, 1, 0, 1, 0, 0, 0], [0, 0, 1, 1, 0, 1, 0, 1], [1, 1, 0, 0, 1, 0, 1, 1], [1, 1, 0, 0, 1, 1, 0, 1], [1, 0, 0, 0, 1, 1, 1, 0]]",,False,less
9,9,F0,0.3,"Change price: 0.05, reason: Successful sale at 0.25 with high share rate, increase to test higher profit potential.",0.0,0,0.0,1.0,"[1.0, 'adaptive']","[1, 3, 2, 3, 2, 1, 2, 3]","[[0, 1, 0, 0, 0, 1, 1, 1], [1, 0, 0, 0, 0, 1, 1, 0], [0, 0, 0, 1, 1, 0, 0, 0], [0, 0, 1, 0, 1, 0, 0, 1], [0, 0, 1, 1, 0, 1, 0, 0], [1, 1, 0, 0, 1, 0, 1, 1], [1, 1, 0, 0, 0, 0, 0, 1], [1, 0, 0, 1, 0, 1, 1, 0]]",,False,less
9,9,F1,0.95,"Change price: 0.05, reason: High share rate and stable sales in competitive market support slight price increase to maximize profit.",1.9,2,1.9,1.0,"[1.0, 'adaptive']","[1, 3, 2, 3, 2, 1, 2, 3]","[[0, 1, 0, 0, 0, 1, 1, 1], [1, 0, 1, 1, 0, 1, 1, 0], [0, 1, 0, 1, 1, 0, 0, 0], [0, 1, 1, 0, 1, 0, 0, 1], [0, 0, 1, 1, 0, 1, 0, 1], [1, 1, 0, 0, 1, 0, 1, 1], [1, 1, 0, 0, 1, 0, 0, 1], [1, 0, 0, 1, 1, 1, 1, 0]]",,False,less
9,9,F2,0.95,"Change price: 0.05, reason: High share rate of 1.0 enhances purchase likelihood via personalized recommendations, justifying a slight increase despite competition.",0.95,1,0.95,1.0,"[1.0, 'adaptive']","[1, 1, 2, 3, 3, 2, 2, 3]","[[0, 1, 0, 0, 0, 1, 1, 1], [1, 0, 1, 1, 0, 1, 1, 0], [0, 1, 0, 1, 1, 0, 0, 0], [0, 1, 1, 0, 1, 0, 0, 1], [0, 0, 1, 1, 0, 1, 0, 1], [1, 1, 0, 0, 1, 0, 1, 1], [1, 1, 0, 0, 1, 0, 0, 1], [1, 0, 0, 1, 1, 1, 1, 0]]",,False,less
9,9,F3,0.95,"Change price: 0.05, reason: High share rate and competition sustain purchase likelihood, justifying price hike.",0.95,1,0.95,1.0,"[1.0, 'adaptive']","[2, 3, 1, 3, 2, 1, 2, 1]","[[0, 0, 0, 0, 0, 1, 1, 1], [0, 0, 0, 0, 0, 1, 1, 0], [0, 0, 0, 0, 1, 1, 0, 0], [0, 0, 0, 0, 0, 0, 0, 0], [0, 0, 1, 0, 0, 1, 0, 0], [1, 1, 1, 0, 1, 0, 1, 1], [1, 1, 0, 0, 0, 0, 0, 1], [1, 0, 0, 0, 0, 1, 1, 0]]",,False,greater
9,9,F4,0.6,"Change price: 0, reason: High share rate of 1.0 and consistent 3 sales at 0.60 maximize profit in competitive market.",1.8,3,1.8,1.0,"[1.0, 'adaptive']","[1, 3, 2, 3, 2, 1, 2, 3]","[[0, 1, 0, 0, 0, 1, 1, 1], [1, 0, 1, 1, 0, 1, 1, 0], [0, 1, 0, 1, 1, 0, 0, 0], [0, 1, 1, 0, 1, 0, 0, 1], [0, 0, 1, 1, 0, 1, 0, 0], [1, 1, 0, 0, 1, 0, 1, 1], [1, 1, 0, 0, 0, 0, 0, 1], [1, 0, 0, 1, 0, 1, 1, 0]]",,False,less
9,9,F5,0.85,"Change price: -0.05, reason: Recent drop in sales at 0.90 suggests overpricing; decrease to boost demand and profit in competitive market with high share rate.",2.55,3,2.55,1.0,"[1.0, 'adaptive']","[2, 3, 1, 2, 3, 1, 2, 3]","[[0, 1, 0, 1, 0, 1, 0, 1], [1, 0, 1, 0, 0, 1, 1, 0], [0, 1, 0, 1, 1, 0, 0, 0], [1, 0, 1, 0, 1, 1, 0, 0], [0, 0, 1, 1, 0, 0, 0, 0], [1, 1, 0, 1, 0, 0, 1, 1], [0, 1, 0, 0, 0, 0, 0, 1], [1, 0, 0, 0, 0, 1, 1, 0]]",,False,less
9,9,F6,0.05,"Change price: -0.05, reason: No sales at 0.10 despite high share rate of 1.0, so decrease to attract buyers in competitive market.",0.05,1,0.05,1.0,"[1.0, 'adaptive']","[3, 3, 1, 2, 2, 1, 2, 1]","[[0, 0, 1, 1, 0, 1, 1, 1], [0, 0, 0, 1, 0, 1, 1, 0], [1, 0, 0, 1, 1, 1, 0, 0], [1, 1, 1, 0, 1, 1, 0, 1], [0, 0, 1, 1, 0, 1, 0, 1], [1, 1, 1, 1, 1, 0, 1, 1], [1, 1, 0, 0, 0, 1, 0, 1], [1, 0, 0, 1, 1, 1, 1, 0]]",,False,greater
9,9,F7,0.85,"Change price: 0, reason: Stable sales of 2 at 0.85 with high share rate, avoiding risk of drop as seen at 0.90.",1.7,2,1.7,1.0,"[1.0, 'adaptive']","[2, 3, 3, 1, 2, 1, 2, 3]","[[0, 1, 0, 0, 0, 1, 1, 1], [1, 0, 0, 1, 0, 1, 1, 0], [0, 0, 0, 1, 1, 0, 0, 0], [0, 1, 0, 0, 1, 0, 0, 1], [0, 0, 1, 1, 0, 1, 0, 0], [1, 1, 0, 0, 1, 0, 1, 1], [1, 1, 0, 0, 1, 0, 0, 1], [1, 0, 0, 1, 0, 1, 1, 0]]",,False,less
9,9,F8,0.82,"Change price: 0.02, reason: High share rate of 1.0 reduces search, allowing slight price increase to test and potentially boost profit in competitive market.",2.46,3,2.46,1.0,"[1.0, 'adaptive']","[2, 3, 2, 3, 1, 1, 2, 3]","[[0, 1, 0, 0, 0, 1, 1, 1], [1, 0, 0, 0, 0, 1, 1, 0], [0, 0, 0, 0, 0, 0, 0, 0], [0, 0, 0, 0, 1, 0, 0, 0], [0, 0, 1, 1, 0, 1, 0, 0], [1, 1, 0, 0, 1, 0, 1, 1], [1, 1, 0, 0, 0, 1, 0, 1], [1, 0, 0, 0, 0, 1, 1, 0]]",,False,less
9,10,F0,0.28,"Change price: -0.02, reason: No sales at 0.30 despite high share rate, slight reduction to encourage demand and achieve profit.",0.0,0,0.0,1.0,"[1.0, 'adaptive']","[3, 3, 1, 2, 2, 1, 2, 1]","[[0, 0, 0, 0, 1, 1, 1, 1], [0, 0, 0, 0, 0, 1, 1, 0], [0, 0, 0, 0, 1, 1, 0, 0], [0, 0, 0, 0, 1, 1, 0, 0], [1, 0, 1, 1, 0, 1, 0, 1], [1, 1, 1, 1, 1, 0, 1, 1], [1, 1, 0, 0, 0, 1, 0, 1], [1, 0, 0, 0, 1, 1, 1, 0]]",,False,greater
9,10,F1,0.9,"Change price: -0.05, reason: Decreased sales at 0.95 indicate overpricing; reducing to boost sales and maximize profit in competitive market.",3.6,4,3.6,1.0,"[1.0, 'adaptive']","[2, 3, 1, 3, 2, 1, 2, 2]","[[0, 1, 0, 0, 0, 1, 1, 1], [1, 0, 0, 0, 0, 1, 1, 0], [0, 0, 0, 1, 1, 1, 0, 0], [0, 0, 1, 0, 1, 0, 0, 0], [0, 0, 1, 1, 0, 1, 0, 0], [1, 1, 1, 0, 1, 0, 1, 1], [1, 1, 0, 0, 0, 1, 0, 1], [1, 0, 0, 0, 0, 1, 1, 0]]",,False,equal
9,10,F2,1.0,"Change price: 0.05, reason: High share rate of 1.0 sustains strong purchase likelihood via personalized recommendations, justifying a slight increase in competitive market.",0.0,0,0.0,1.0,"[1.0, 'adaptive']","[1, 2, 2, 3, 3, 1, 2, 3]","[[0, 1, 0, 0, 0, 1, 1, 0], [1, 0, 1, 1, 0, 1, 1, 0], [0, 1, 0, 1, 1, 0, 0, 0], [0, 1, 1, 0, 1, 0, 0, 1], [0, 0, 1, 1, 0, 0, 0, 0], [1, 1, 0, 0, 0, 0, 1, 1], [1, 1, 0, 0, 0, 0, 0, 1], [0, 0, 0, 1, 0, 1, 1, 0]]",,False,less
9,10,F3,0.9,"Change price: -0.05, reason: Sales dropped at 0.95, so slight decrease to boost purchase likelihood in competitive market.",1.8,2,1.8,1.0,"[1.0, 'adaptive']","[2, 3, 1, 3, 2, 1, 2, 3]","[[0, 0, 0, 0, 0, 1, 1, 1], [0, 0, 0, 0, 0, 1, 1, 0], [0, 0, 0, 0, 1, 1, 0, 0], [0, 0, 0, 0, 1, 1, 0, 1], [0, 0, 1, 1, 0, 1, 0, 0], [1, 1, 1, 1, 1, 0, 1, 1], [1, 1, 0, 0, 0, 1, 0, 1], [1, 0, 0, 1, 0, 1, 1, 0]]",,False,less
9,10,F4,0.6,"Change price: 0, reason: High share rate of 1.0 and consistent 3 sales at 0.60 maximize profit in competitive market.",1.8,3,1.8,1.0,"[1.0, 'adaptive']","[1, 3, 2, 3, 2, 1, 2, 3]","[[0, 1, 0, 0, 0, 1, 1, 1], [1, 0, 1, 1, 0, 1, 1, 0], [0, 1, 0, 1, 1, 0, 0, 0], [0, 1, 1, 0, 1, 0, 0, 0], [0, 0, 1, 1, 0, 1, 0, 0], [1, 1, 0, 0, 1, 0, 1, 1], [1, 1, 0, 0, 1, 0, 0, 1], [1, 0, 0, 0, 0, 1, 1, 0]]",,False,less
9,10,F5,0.87,"Change price: 0.02, reason: High share rate of 1.0 increases purchase likelihood, justifying a slight increase to test for higher profit in competitive market.",2.61,3,2.61,1.0,"[1.0, 'adaptive']","[2, 3, 2, 3, 1, 1, 2, 3]","[[0, 1, 0, 0, 0, 1, 1, 0], [1, 0, 1, 0, 0, 1, 1, 0], [0, 1, 0, 1, 1, 0, 0, 0], [0, 0, 1, 0, 1, 0, 0, 1], [0, 0, 1, 1, 0, 1, 0, 0], [1, 1, 0, 0, 1, 0, 1, 1], [1, 1, 0, 0, 0, 0, 0, 1], [0, 0, 0, 1, 0, 1, 1, 0]]",,False,less
9,10,F6,0.06,"Change price: 0.01, reason: Slight increase from 0.05 after a sale in Round 9, leveraging high share rate of 1.0 to boost profit while maintaining buyer interest in competitive market.",0.0,0,0.0,1.0,"[1.0, 'adaptive']","[2, 1, 2, 3, 3, 1, 2, 3]","[[0, 1, 0, 0, 0, 1, 1, 1], [1, 0, 1, 1, 0, 1, 1, 0], [0, 1, 0, 1, 1, 0, 0, 0], [0, 1, 1, 0, 1, 0, 0, 0], [0, 0, 1, 1, 0, 0, 0, 1], [1, 1, 0, 0, 0, 0, 1, 1], [1, 1, 0, 0, 0, 0, 0, 1], [1, 0, 0, 0, 1, 1, 1, 0]]",,False,less
9,10,F7,0.85,"Change price: 0, reason: Stable sales of 2 at 0.85 with high share rate, avoiding risk of drop as seen at 0.90.",1.7,2,1.7,1.0,"[1.0, 'adaptive']","[2, 3, 3, 1, 2, 1, 2, 3]","[[0, 1, 0, 0, 0, 1, 1, 1], [1, 0, 0, 1, 0, 1, 1, 0], [0, 0, 0, 1, 1, 0, 0, 0], [0, 1, 0, 0, 1, 0, 0, 0], [0, 0, 1, 1, 0, 1, 0, 0], [1, 1, 0, 0, 1, 0, 1, 1], [1, 1, 0, 0, 1, 0, 0, 1], [1, 0, 0, 0, 0, 1, 1, 0]]",,False,less
9,10,F8,0.8,"Change price: -0.02, reason: Sales dropped to 3 at 0.82, reducing profit; lower price to increase sales and maximize profit in competitive market.",3.2,4,3.2,1.0,"[1.0, 'adaptive']","[2, 3, 1, 3, 2, 1, 2, 1]","[[0, 1, 0, 0, 0, 1, 1, 1], [1, 0, 1, 1, 0, 1, 1, 0], [0, 1, 0, 1, 1, 1, 0, 0], [0, 1, 0, 0, 1, 0, 0, 1], [0, 0, 1, 1, 0, 1, 0, 0], [1, 1, 1, 0, 1, 0, 1, 1], [1, 1, 0, 0, 0, 0, 0, 1], [1, 0, 0, 1, 0, 1, 1, 0]]",,False,greater
10,1,F0,0.55,"Change price: 0.05, reason: Moderate share rate of 0.48 increases likelihood of purchases due to recommendations, allowing a slight price hike to boost profit in competitive market.",0.0,0,0.0,1.0,"[0.48418463415478585, 'adaptive']","[2, 3, 2, 3, 1, 1, 1, 2]","[[0, 1, 0, 0, 0, 1, 1, 0], [1, 0, 0, 1, 0, 1, 0, 0], [0, 0, 0, 1, 1, 0, 0, 0], [0, 1, 1, 0, 1, 0, 0, 0], [0, 0, 1, 1, 0, 1, 0, 1], [1, 1, 0, 0, 1, 0, 1, 1], [1, 0, 0, 0, 0, 0, 0, 1], [0, 0, 0, 0, 1, 1, 1, 0]]",,False,less
10,1,F1,0.45,"Change price: -0.05, reason: High competition with 10 firms and low share rate (0.05) increases search likelihood, so lower price to attract more buyers.",0.45,1,0.45,1.0,"[0.050914414101795424, 'adaptive']","[2, 3, 1, 3, 2, 1, 2, 3]","[[0, 0, 1, 0, 1, 1, 1, 0], [0, 0, 0, 0, 0, 0, 0, 0], [1, 0, 0, 1, 1, 1, 1, 1], [0, 0, 1, 0, 1, 0, 0, 0], [1, 0, 1, 1, 0, 1, 1, 0], [1, 0, 1, 0, 1, 0, 1, 1], [1, 0, 1, 0, 1, 0, 0, 1], [0, 0, 1, 0, 0, 1, 1, 0]]",,False,less
10,1,F2,0.55,"Change price: 0.05, reason: Moderate share rate and high competition enhance buyer likelihood via recommendations, allowing slight price increase.",0.55,1,0.55,1.0,"[0.361455314821461, 'adaptive']","[2, 3, 1, 3, 2, 1, 2, 3]","[[0, 1, 0, 0, 0, 1, 1, 1], [1, 0, 1, 0, 0, 1, 1, 0], [0, 1, 0, 1, 1, 0, 0, 0], [0, 0, 1, 0, 1, 1, 0, 1], [0, 0, 1, 1, 0, 1, 0, 1], [1, 1, 0, 1, 1, 0, 1, 1], [1, 1, 0, 0, 0, 1, 0, 1], [1, 0, 0, 1, 1, 1, 1, 0]]",,False,less
10,1,F3,0.55,"Change price: 0.05, reason: High share rate boosts purchase likelihood due to personalized recommendations in competitive market.",1.1,2,1.1,1.0,"[0.8489460516885666, 'adaptive']","[2, 3, 1, 3, 2, 1, 2, 3]","[[0, 0, 0, 0, 0, 1, 1, 0], [0, 0, 0, 0, 0, 0, 0, 0], [0, 0, 0, 0, 0, 0, 0, 0], [0, 0, 0, 0, 0, 0, 0, 0], [0, 0, 0, 0, 0, 1, 0, 0], [1, 0, 0, 0, 1, 0, 1, 1], [1, 0, 0, 0, 0, 1, 0, 1], [0, 0, 0, 0, 0, 1, 1, 0]]",,False,less
10,1,F4,0.55,"Change price: 0.05, reason: High share rate increases purchase likelihood, allowing a slight price increase in competitive market.",2.75,5,2.75,1.0,"[0.9480500607041835, 'adaptive']","[2, 3, 1, 3, 2, 1, 2, 3]","[[0, 1, 0, 0, 0, 1, 1, 0], [1, 0, 1, 0, 0, 0, 1, 0], [0, 1, 0, 1, 1, 0, 0, 0], [0, 0, 1, 0, 1, 0, 0, 1], [0, 0, 1, 1, 0, 1, 0, 0], [1, 0, 0, 0, 1, 0, 1, 1], [1, 1, 0, 0, 0, 0, 0, 1], [0, 0, 0, 1, 0, 1, 1, 0]]",,False,less
10,1,F5,0.6,"Change price: 0.10, reason: High share rate of 0.79 increases purchase likelihood through recommendations in a competitive 10-firm market, allowing for a moderate price increase.",1.2,2,1.2,1.0,"[0.7901759693404508, 'adaptive']","[2, 3, 1, 3, 2, 1, 2, 3]","[[0, 1, 0, 0, 0, 1, 1, 0], [1, 0, 1, 0, 0, 0, 1, 0], [0, 1, 0, 1, 1, 0, 0, 0], [0, 0, 1, 0, 1, 0, 0, 1], [0, 0, 1, 1, 0, 1, 0, 0], [1, 0, 0, 0, 1, 0, 1, 1], [1, 1, 0, 0, 0, 0, 0, 1], [0, 0, 0, 1, 0, 1, 1, 0]]",,False,less
10,1,F6,0.6,"Change price: 0.10, reason: High share rate increases purchase likelihood, allowing for higher pricing.",1.8,3,1.8,1.0,"[0.992088326738221, 'adaptive']","[2, 3, 3, 3, 2, 1, 1, 2]","[[0, 1, 0, 0, 0, 1, 1, 1], [1, 0, 0, 0, 0, 1, 1, 0], [0, 0, 0, 0, 1, 0, 0, 0], [0, 0, 0, 0, 1, 0, 0, 0], [0, 0, 1, 1, 0, 1, 0, 0], [1, 1, 0, 0, 1, 0, 1, 0], [1, 1, 0, 0, 1, 0, 0, 1], [1, 0, 0, 0, 0, 1, 1, 0]]",,False,less
10,1,F7,0.55,"Change price: 0.05, reason: High share rate of 0.57 increases purchase likelihood due to personalized recommendations in a competitive market.",0.55,1,0.55,1.0,"[0.5660565408991126, 'adaptive']","[2, 3, 1, 3, 2, 1, 2, 3]","[[0, 1, 0, 0, 0, 1, 1, 1], [1, 0, 1, 0, 0, 1, 1, 0], [0, 1, 0, 1, 1, 0, 0, 0], [0, 0, 1, 0, 1, 0, 0, 1], [0, 0, 1, 1, 0, 1, 0, 1], [1, 1, 0, 0, 1, 0, 1, 1], [1, 1, 0, 0, 0, 0, 0, 1], [1, 0, 0, 1, 1, 1, 1, 0]]",,False,less
10,1,F8,0.55,"Change price: 0.05, reason: High share rate and competition increase purchase likelihood through recommendations.",1.1,2,1.1,1.0,"[0.6853070695569895, 'adaptive']","[2, 3, 1, 3, 2, 1, 2, 3]","[[0, 1, 0, 0, 0, 1, 1, 0], [1, 0, 1, 0, 0, 1, 0, 0], [0, 1, 0, 1, 1, 0, 0, 0], [0, 0, 1, 0, 1, 0, 0, 1], [0, 0, 1, 1, 0, 1, 0, 0], [1, 1, 0, 0, 1, 0, 1, 1], [1, 0, 0, 0, 0, 1, 0, 1], [0, 0, 0, 1, 0, 1, 1, 0]]",,False,less
10,1,F9,0.55,"Change price: 0.05, reason: High share rate boosts purchase likelihood due to recommendations, justifying a slight price increase.",1.65,3,1.65,1.0,"[0.4999244626631897, 'adaptive']","[2, 3, 3, 3, 2, 1, 2, 3]","[[0, 1, 0, 0, 0, 1, 1, 0], [1, 0, 0, 0, 0, 1, 1, 0], [0, 0, 0, 0, 1, 0, 0, 0], [0, 0, 0, 0, 1, 0, 0, 0], [0, 0, 1, 1, 0, 1, 0, 0], [1, 1, 0, 0, 1, 0, 1, 1], [1, 1, 0, 0, 0, 0, 0, 1], [0, 0, 0, 0, 0, 1, 1, 0]]",,False,less
10,2,F0,0.5,"Change price: -0.05, reason: High share rate of 1.0 increases purchase likelihood, but zero sales at previous price necessitate a slight decrease to stimulate demand in competitive market.",0.0,0,0.0,1.0,"[1.0, 'adaptive']","[2, 3, 1, 3, 2, 1, 2, 3]","[[0, 1, 0, 0, 0, 1, 1, 1], [1, 0, 0, 0, 0, 1, 1, 0], [0, 0, 0, 1, 1, 1, 0, 0], [0, 0, 1, 0, 1, 0, 0, 0], [0, 0, 1, 1, 0, 1, 0, 0], [1, 1, 1, 0, 1, 0, 1, 1], [1, 1, 0, 0, 0, 1, 0, 1], [1, 0, 0, 0, 0, 1, 1, 0]]",,False,less
10,2,F1,0.5,"Change price: 0.05, reason: High share rate of 1.0 increases purchase likelihood, so raise price to maximize profit.",0.5,1,0.5,1.0,"[1.0, 'adaptive']","[1, 3, 3, 3, 2, 1, 2, 3]","[[0, 1, 0, 0, 0, 1, 1, 1], [1, 0, 0, 0, 0, 1, 1, 0], [0, 0, 0, 1, 1, 0, 0, 0], [0, 0, 1, 0, 1, 0, 0, 0], [0, 0, 1, 1, 0, 0, 0, 0], [1, 1, 0, 0, 0, 0, 1, 0], [1, 1, 0, 0, 0, 0, 0, 1], [1, 0, 0, 0, 0, 0, 1, 0]]",,False,less
10,2,F2,0.6,"Change price: 0.05, reason: High share rate of 1.0 boosts buyer likelihood through recommendations, allowing slight price increase despite competition.",0.6,1,0.6,1.0,"[1.0, 'adaptive']","[1, 2, 2, 3, 3, 1, 2, 3]","[[0, 1, 0, 0, 0, 1, 1, 0], [1, 0, 1, 0, 0, 1, 1, 0], [0, 1, 0, 1, 1, 0, 0, 1], [0, 0, 1, 0, 1, 0, 0, 1], [0, 0, 1, 1, 0, 0, 0, 1], [1, 1, 0, 0, 0, 0, 1, 0], [1, 1, 0, 0, 0, 1, 0, 1], [0, 0, 1, 1, 1, 0, 1, 0]]",,False,less
10,2,F3,0.6,"Change price: 0.05, reason: High share rate of 1.0 increases purchase likelihood through personalized recommendations in competitive market.",1.2,2,1.2,1.0,"[1.0, 'adaptive']","[2, 3, 1, 3, 2, 1, 2, 3]","[[0, 1, 0, 0, 0, 1, 1, 1], [1, 0, 1, 0, 0, 1, 1, 0], [0, 1, 0, 1, 1, 0, 0, 0], [0, 0, 1, 0, 1, 0, 0, 1], [0, 0, 1, 1, 0, 1, 0, 0], [1, 1, 0, 0, 1, 0, 1, 1], [1, 1, 0, 0, 0, 0, 0, 1], [1, 0, 0, 1, 0, 1, 1, 0]]",,False,less
10,2,F4,0.6,"Change price: 0.05, reason: High share rate and competition enhance purchase likelihood through recommendations, allowing a slight price increase to maximize profit.",3.0,5,3.0,1.0,"[1.0, 'adaptive']","[2, 3, 2, 3, 1, 1, 1, 2]","[[0, 0, 0, 0, 0, 1, 1, 1], [0, 0, 0, 0, 0, 1, 0, 0], [0, 0, 0, 0, 1, 0, 0, 0], [0, 0, 0, 0, 0, 0, 0, 0], [0, 0, 1, 0, 0, 1, 0, 0], [1, 1, 0, 0, 1, 0, 1, 1], [1, 0, 0, 0, 0, 0, 0, 1], [1, 0, 0, 0, 0, 1, 1, 0]]",,False,less
10,2,F5,0.65,"Change price: 0.05, reason: High share rate of 1.0 increases purchase likelihood through recommendations in a competitive 10-firm market, justifying a slight price increase.",1.3,2,1.3,1.0,"[1.0, 'adaptive']","[1, 3, 2, 3, 2, 1, 2, 3]","[[0, 1, 0, 0, 0, 1, 1, 1], [1, 0, 1, 1, 0, 1, 1, 0], [0, 1, 0, 1, 1, 0, 0, 0], [0, 1, 1, 0, 1, 0, 0, 0], [0, 0, 1, 1, 0, 1, 0, 0], [1, 1, 0, 0, 1, 0, 1, 1], [1, 1, 0, 0, 0, 0, 0, 1], [1, 0, 0, 0, 0, 1, 1, 0]]",,False,less
10,2,F6,0.65,"Change price: 0.05, reason: High share rate and personalized recommendations increase purchase likelihood, justifying a slight price increase in competitive market.",1.95,3,1.95,1.0,"[1.0, 'adaptive']","[2, 3, 2, 3, 1, 1, 2, 3]","[[0, 1, 0, 0, 0, 1, 1, 1], [1, 0, 0, 0, 0, 1, 1, 0], [0, 0, 0, 1, 1, 0, 0, 0], [0, 0, 1, 0, 1, 0, 0, 0], [0, 0, 1, 1, 0, 1, 0, 1], [1, 1, 0, 0, 0, 0, 1, 1], [1, 1, 0, 0, 0, 0, 0, 1], [1, 0, 0, 0, 1, 1, 1, 0]]",,False,less
10,2,F7,0.6,"Change price: 0.05, reason: High share rate of 1.0 increases purchase likelihood through personalized recommendations in a competitive market.",0.6,1,0.6,1.0,"[1.0, 'adaptive']","[2, 3, 1, 3, 2, 1, 2, 3]","[[0, 1, 0, 0, 0, 1, 1, 1], [1, 0, 1, 0, 0, 1, 1, 0], [0, 1, 0, 1, 1, 0, 0, 0], [0, 0, 1, 0, 1, 0, 0, 1], [0, 0, 1, 1, 0, 1, 0, 1], [1, 1, 0, 0, 1, 0, 1, 1], [1, 1, 0, 0, 1, 0, 0, 1], [1, 0, 0, 1, 1, 1, 1, 0]]",,False,less
10,2,F8,0.6,"Change price: 0.05, reason: High share rate and competition boost purchase likelihood through recommendations, justifying a slight price increase.",1.2,2,1.2,1.0,"[1.0, 'adaptive']","[2, 3, 1, 3, 2, 1, 2, 3]","[[0, 1, 0, 0, 0, 1, 1, 0], [1, 0, 1, 0, 0, 1, 1, 0], [0, 1, 0, 1, 1, 0, 0, 0], [0, 0, 1, 0, 1, 0, 0, 0], [0, 0, 1, 1, 0, 1, 0, 0], [1, 1, 0, 0, 1, 0, 1, 1], [1, 1, 0, 0, 0, 0, 0, 1], [0, 0, 0, 0, 0, 1, 1, 0]]",,False,less
10,2,F9,0.6,"Change price: 0.05, reason: High share rate of 1.0 enhances purchase likelihood through recommendations, justifying a slight increase to maximize profit in competitive market.",1.8,3,1.8,1.0,"[1.0, 'adaptive']","[1, 3, 2, 3, 2, 1, 2, 3]","[[0, 1, 0, 0, 0, 1, 1, 1], [1, 0, 1, 0, 0, 1, 1, 0], [0, 1, 0, 1, 1, 0, 0, 0], [0, 0, 1, 0, 1, 0, 0, 1], [0, 0, 1, 1, 0, 1, 0, 0], [1, 1, 0, 0, 1, 0, 1, 1], [1, 1, 0, 0, 1, 0, 0, 1], [1, 0, 0, 1, 0, 1, 1, 0]]",,False,less
10,3,F0,0.45,"Change price: -0.05, reason: Zero sales at previous prices despite high share rate, so slight decrease to stimulate demand in competitive market.",0.0,0,0.0,1.0,"[1.0, 'adaptive']","[3, 3, 1, 2, 2, 1, 2, 1]","[[0, 0, 1, 1, 1, 1, 1, 1], [0, 0, 0, 1, 0, 1, 1, 1], [1, 0, 0, 1, 1, 1, 1, 0], [1, 1, 1, 0, 1, 1, 0, 1], [1, 0, 1, 1, 0, 1, 0, 1], [1, 1, 1, 1, 1, 0, 1, 1], [1, 1, 1, 0, 0, 1, 0, 1], [1, 1, 0, 1, 1, 1, 1, 0]]",,False,greater
10,3,F1,0.55,"Change price: 0.05, reason: High share rate of 1.0 with 10 firms increases purchase likelihood through recommendations, so raise price to maximize profit.",0.55,1,0.55,1.0,"[1.0, 'adaptive']","[1, 3, 3, 3, 2, 1, 2, 3]","[[0, 1, 0, 0, 0, 1, 1, 1], [1, 0, 0, 0, 0, 1, 1, 0], [0, 0, 0, 0, 0, 0, 0, 0], [0, 0, 0, 0, 1, 0, 0, 0], [0, 0, 0, 1, 0, 0, 0, 0], [1, 1, 0, 0, 0, 0, 1, 0], [1, 1, 0, 0, 0, 0, 0, 1], [1, 0, 0, 0, 0, 0, 1, 0]]",,False,less
10,3,F2,0.65,"Change price: 0.05, reason: High share rate of 1.0 enhances buyer likelihood via recommendations, allowing slight price increase despite competition.",0.65,1,0.65,1.0,"[1.0, 'adaptive']","[1, 2, 2, 3, 3, 1, 2, 3]","[[0, 1, 0, 0, 0, 1, 1, 0], [1, 0, 1, 0, 0, 1, 1, 0], [0, 1, 0, 1, 1, 0, 0, 0], [0, 0, 1, 0, 1, 0, 0, 1], [0, 0, 1, 1, 0, 0, 0, 1], [1, 1, 0, 0, 0, 0, 1, 0], [1, 1, 0, 0, 0, 0, 0, 1], [0, 0, 0, 1, 1, 0, 1, 0]]",,False,less
10,3,F3,0.65,"Change price: 0.05, reason: High share rate of 1.0 increases purchase likelihood through personalized recommendations in competitive market.",1.3,2,1.3,1.0,"[1.0, 'adaptive']","[2, 3, 1, 3, 2, 1, 2, 3]","[[0, 1, 0, 0, 0, 1, 1, 0], [1, 0, 1, 0, 0, 0, 1, 0], [0, 1, 0, 1, 1, 0, 0, 0], [0, 0, 1, 0, 1, 0, 0, 1], [0, 0, 1, 1, 0, 1, 0, 0], [1, 0, 0, 0, 1, 0, 1, 1], [1, 1, 0, 0, 0, 0, 0, 1], [0, 0, 0, 1, 0, 1, 1, 0]]",,False,less
10,3,F4,0.65,"Change price: 0.05, reason: High share rate of 1.0 increases purchase likelihood through recommendations in a competitive market, allowing a slight price increase to further maximize profit.",3.25,5,3.25,1.0,"[1.0, 'adaptive']","[1, 3, 2, 3, 2, 1, 2, 3]","[[0, 1, 0, 0, 0, 1, 1, 1], [1, 0, 1, 0, 0, 1, 1, 0], [0, 1, 0, 1, 1, 0, 0, 0], [0, 0, 1, 0, 1, 0, 0, 0], [0, 0, 1, 1, 0, 1, 0, 0], [1, 1, 0, 0, 1, 0, 1, 1], [1, 1, 0, 0, 0, 1, 0, 1], [1, 0, 0, 0, 0, 1, 1, 0]]",,False,less
10,3,F5,0.7,"Change price: 0.05, reason: High share rate of 1.0 boosts purchase likelihood through recommendations in a competitive 10-firm market, justifying a slight price increase.",1.4,2,1.4,1.0,"[1.0, 'adaptive']","[1, 3, 2, 3, 2, 1, 2, 3]","[[0, 1, 0, 0, 0, 1, 1, 1], [1, 0, 1, 0, 0, 1, 1, 0], [0, 1, 0, 1, 1, 0, 0, 0], [0, 0, 1, 0, 1, 0, 0, 1], [0, 0, 1, 1, 0, 1, 0, 0], [1, 1, 0, 0, 1, 0, 1, 1], [1, 1, 0, 0, 0, 0, 0, 1], [1, 0, 0, 1, 0, 1, 1, 0]]",,False,less
10,3,F6,0.7,"Change price: 0.05, reason: High share rate and personalized recommendations in competitive market increase purchase likelihood, justifying a slight price increase.",2.1,3,2.1,1.0,"[1.0, 'adaptive']","[2, 3, 2, 3, 1, 1, 1, 2]","[[0, 1, 0, 0, 0, 1, 1, 1], [1, 0, 1, 1, 0, 1, 1, 0], [0, 1, 0, 1, 1, 0, 0, 0], [0, 1, 1, 0, 1, 0, 0, 0], [0, 0, 1, 1, 0, 1, 0, 0], [1, 1, 0, 0, 0, 0, 1, 1], [1, 0, 0, 0, 0, 1, 0, 1], [1, 0, 0, 0, 0, 1, 1, 0]]",,False,less
10,3,F7,0.65,"Change price: 0.05, reason: High share rate of 1.0 boosts purchase likelihood via personalized recommendations in competitive market.",0.65,1,0.65,1.0,"[1.0, 'adaptive']","[2, 3, 1, 3, 2, 1, 2, 3]","[[0, 1, 0, 0, 0, 1, 1, 1], [1, 0, 1, 1, 0, 1, 1, 0], [0, 1, 0, 1, 1, 0, 0, 0], [0, 1, 1, 0, 1, 0, 0, 1], [0, 0, 1, 1, 0, 1, 0, 0], [1, 1, 0, 0, 1, 0, 1, 1], [1, 1, 0, 0, 0, 0, 0, 1], [1, 0, 0, 1, 0, 1, 1, 0]]",,False,less
10,3,F8,0.65,"Change price: 0.05, reason: High share rate and competition enhance purchase likelihood through recommendations, allowing a slight price increase.",1.3,2,1.3,1.0,"[1.0, 'adaptive']","[2, 3, 1, 3, 2, 1, 2, 3]","[[0, 1, 0, 0, 0, 1, 1, 0], [1, 0, 1, 0, 0, 1, 0, 0], [0, 1, 0, 1, 1, 0, 0, 0], [0, 0, 1, 0, 1, 0, 0, 0], [0, 0, 1, 1, 0, 1, 0, 0], [1, 1, 0, 0, 1, 0, 1, 1], [1, 0, 0, 0, 0, 0, 0, 1], [0, 0, 0, 0, 0, 1, 1, 0]]",,False,less
10,3,F9,0.65,"Change price: 0.05, reason: High share rate of 1.0 boosts purchase likelihood through recommendations in a competitive market, justifying a slight increase to maximize profit.",1.95,3,1.95,1.0,"[1.0, 'adaptive']","[1, 3, 2, 3, 2, 1, 2, 3]","[[0, 1, 0, 0, 0, 1, 1, 1], [1, 0, 1, 0, 0, 1, 1, 0], [0, 1, 0, 1, 1, 0, 0, 0], [0, 0, 1, 0, 1, 0, 0, 1], [0, 0, 1, 0, 0, 1, 0, 1], [1, 1, 0, 0, 1, 0, 1, 1], [1, 1, 0, 0, 0, 0, 0, 1], [1, 0, 0, 1, 1, 1, 1, 0]]",,False,less
10,4,F0,0.4,"Change price: -0.05, reason: Zero sales at 0.45 despite high share rate, so slight decrease to stimulate demand in competitive market.",0.0,0,0.0,1.0,"[1.0, 'adaptive']","[3, 3, 1, 2, 2, 1, 2, 1]","[[0, 0, 0, 0, 1, 1, 1, 0], [0, 0, 0, 0, 0, 0, 0, 0], [0, 0, 0, 0, 1, 1, 0, 0], [0, 0, 0, 0, 1, 0, 0, 1], [1, 0, 1, 1, 0, 1, 0, 0], [1, 0, 1, 0, 1, 0, 1, 1], [1, 0, 0, 0, 0, 0, 0, 1], [0, 0, 0, 1, 0, 1, 1, 0]]",,False,greater
10,4,F1,0.6,"Change price: 0.05, reason: High share rate of 1.0 with 10 firms increases purchase likelihood through recommendations, so raise price to maximize profit.",0.6,1,0.6,1.0,"[1.0, 'adaptive']","[1, 3, 3, 3, 2, 1, 1, 3]","[[0, 1, 0, 0, 0, 1, 1, 0], [1, 0, 0, 0, 0, 1, 1, 0], [0, 0, 0, 0, 1, 0, 0, 0], [0, 0, 0, 0, 1, 0, 0, 0], [0, 0, 1, 1, 0, 1, 0, 0], [1, 1, 0, 0, 1, 0, 1, 0], [1, 1, 0, 0, 0, 1, 0, 1], [0, 0, 0, 0, 0, 0, 1, 0]]",,False,less
10,4,F2,0.7,"Change price: 0.05, reason: High share rate of 1.0 increases buyer likelihood via recommendations, justifying slight price increase in competitive market.",0.7,1,0.7,1.0,"[1.0, 'adaptive']","[1, 2, 2, 3, 3, 1, 2, 3]","[[0, 1, 0, 0, 0, 1, 1, 0], [1, 0, 1, 0, 0, 1, 1, 0], [0, 1, 0, 1, 1, 0, 0, 0], [0, 0, 1, 0, 1, 0, 0, 1], [0, 0, 1, 1, 0, 1, 0, 0], [1, 1, 0, 0, 1, 0, 1, 1], [1, 1, 0, 0, 0, 0, 0, 1], [0, 0, 0, 1, 0, 1, 1, 0]]",,False,less
10,4,F3,0.7,"Change price: 0.05, reason: High share rate of 1.0 enhances purchase likelihood through personalized recommendations in competitive market.",1.4,2,1.4,1.0,"[1.0, 'adaptive']","[2, 3, 1, 3, 2, 1, 2, 3]","[[0, 1, 0, 0, 0, 1, 1, 1], [1, 0, 1, 0, 0, 1, 1, 0], [0, 1, 0, 1, 1, 0, 0, 0], [0, 0, 1, 0, 1, 0, 0, 1], [0, 0, 1, 1, 0, 1, 0, 0], [1, 1, 0, 0, 1, 0, 1, 1], [1, 1, 0, 0, 0, 0, 0, 1], [1, 0, 0, 1, 0, 1, 1, 0]]",,False,less
10,4,F4,0.7,"Change price: 0.05, reason: High share rate of 1.0 boosts purchase likelihood via recommendations in competitive market, allowing slight price increase to maximize profit.",3.5,5,3.5,1.0,"[1.0, 'adaptive']","[1, 3, 2, 3, 2, 1, 2, 3]","[[0, 1, 0, 0, 0, 1, 1, 1], [1, 0, 1, 0, 0, 1, 1, 0], [0, 1, 0, 1, 1, 0, 0, 0], [0, 0, 0, 0, 1, 0, 0, 0], [0, 0, 1, 1, 0, 0, 0, 0], [1, 1, 0, 0, 0, 0, 1, 1], [1, 1, 0, 0, 0, 0, 0, 1], [1, 0, 0, 0, 0, 1, 1, 0]]",,False,less
10,4,F5,0.75,"Change price: 0.05, reason: High share rate of 1.0 enhances purchase likelihood via recommendations in a competitive 10-firm market, justifying a slight price increase to maximize profit.",1.5,2,1.5,1.0,"[1.0, 'adaptive']","[1, 3, 2, 3, 2, 1, 1, 2]","[[0, 1, 0, 0, 0, 1, 1, 1], [1, 0, 1, 0, 0, 1, 1, 0], [0, 1, 0, 1, 1, 0, 0, 0], [0, 0, 1, 0, 1, 0, 0, 0], [0, 0, 1, 0, 0, 0, 0, 1], [1, 1, 0, 0, 0, 0, 1, 1], [1, 1, 0, 0, 0, 0, 0, 1], [1, 0, 0, 0, 1, 1, 1, 0]]",,False,less
10,4,F6,0.75,"Change price: 0.05, reason: High share rate and personalized recommendations in competitive market increase purchase likelihood, justifying a slight price increase.",2.25,3,2.25,1.0,"[1.0, 'adaptive']","[2, 3, 2, 3, 1, 1, 1, 2]","[[0, 1, 0, 0, 0, 1, 1, 1], [1, 0, 1, 1, 0, 1, 1, 0], [0, 1, 0, 1, 1, 0, 0, 0], [0, 1, 1, 0, 1, 0, 0, 0], [0, 0, 1, 1, 0, 1, 0, 1], [1, 1, 0, 0, 1, 0, 1, 1], [1, 1, 0, 0, 0, 0, 0, 1], [1, 0, 0, 0, 1, 1, 1, 0]]",,False,less
10,4,F7,0.7,"Change price: 0.05, reason: High share rate of 1.0 enhances purchase likelihood through personalized recommendations in competitive market.",0.7,1,0.7,1.0,"[1.0, 'adaptive']","[1, 3, 2, 3, 2, 1, 2, 3]","[[0, 1, 0, 0, 0, 1, 1, 1], [1, 0, 1, 0, 0, 1, 1, 0], [0, 1, 0, 1, 1, 0, 0, 0], [0, 0, 0, 0, 1, 0, 0, 1], [0, 0, 1, 1, 0, 1, 0, 0], [1, 1, 0, 0, 1, 0, 1, 1], [1, 1, 0, 0, 1, 0, 0, 1], [1, 0, 0, 1, 0, 1, 1, 0]]",,False,less
10,4,F8,0.7,"Change price: 0.05, reason: High share rate and competition increase purchase likelihood via recommendations, allowing a slight price increase.",1.4,2,1.4,1.0,"[1.0, 'adaptive']","[2, 3, 1, 3, 2, 1, 2, 3]","[[0, 1, 0, 0, 0, 1, 1, 1], [1, 0, 1, 0, 0, 1, 1, 0], [0, 1, 0, 1, 1, 0, 0, 0], [0, 0, 1, 0, 1, 0, 0, 0], [0, 0, 1, 1, 0, 1, 0, 0], [1, 1, 0, 0, 1, 0, 1, 1], [1, 1, 0, 0, 0, 1, 0, 1], [1, 0, 0, 0, 0, 1, 1, 0]]",,False,less
10,4,F9,0.7,"Change price: 0.05, reason: High share rate of 1.0 enhances purchase likelihood via recommendations in competitive market, justifying slight increase to maximize profit.",2.1,3,2.1,1.0,"[1.0, 'adaptive']","[1, 3, 2, 3, 2, 1, 1, 2]","[[0, 1, 0, 0, 0, 1, 1, 1], [1, 0, 1, 0, 0, 1, 1, 0], [0, 1, 0, 1, 1, 0, 0, 0], [0, 0, 1, 0, 1, 0, 0, 0], [0, 0, 1, 0, 0, 1, 0, 1], [1, 1, 0, 0, 0, 0, 1, 1], [1, 1, 0, 0, 1, 0, 0, 1], [1, 0, 0, 0, 1, 1, 1, 0]]",,False,less
10,5,F0,0.35,"Change price: -0.05, reason: Zero sales at 0.40 despite high share rate of 1.0, so slight decrease to stimulate demand in competitive market.",0.0,0,0.0,1.0,"[1.0, 'adaptive']","[2, 3, 1, 3, 2, 2, 2, 1]","[[0, 0, 0, 0, 0, 1, 1, 0], [0, 0, 0, 0, 0, 1, 1, 0], [0, 0, 0, 0, 1, 1, 0, 0], [0, 0, 0, 0, 1, 1, 0, 1], [0, 0, 1, 1, 0, 1, 0, 0], [1, 1, 1, 1, 1, 0, 1, 1], [1, 1, 0, 0, 0, 1, 0, 1], [0, 0, 0, 1, 0, 1, 1, 0]]",,False,greater
10,5,F1,0.65,"Change price: 0.05, reason: High share rate of 1.0 with 10 firms increases purchase likelihood via recommendations, so raise price to maximize profit.",0.65,1,0.65,1.0,"[1.0, 'adaptive']","[1, 3, 3, 3, 2, 1, 2, 2]","[[0, 1, 0, 0, 0, 1, 1, 1], [1, 0, 0, 0, 0, 1, 1, 0], [0, 0, 0, 0, 1, 0, 0, 0], [0, 0, 0, 0, 1, 0, 0, 0], [0, 0, 1, 1, 0, 0, 0, 0], [1, 1, 0, 0, 0, 0, 1, 0], [1, 1, 0, 0, 0, 0, 0, 0], [1, 0, 0, 0, 0, 0, 1, 0]]",,False,equal
10,5,F2,0.75,"Change price: 0.05, reason: High share rate of 1.0 increases buyer likelihood via recommendations, justifying slight price increase in competitive market.",0.75,1,0.75,1.0,"[1.0, 'adaptive']","[1, 2, 2, 3, 3, 1, 2, 3]","[[0, 1, 0, 0, 0, 1, 1, 0], [1, 0, 1, 0, 0, 1, 1, 0], [0, 1, 0, 1, 1, 0, 0, 0], [0, 0, 1, 0, 1, 0, 0, 1], [0, 0, 1, 1, 0, 1, 0, 0], [1, 1, 0, 0, 1, 0, 1, 1], [1, 1, 0, 0, 0, 1, 0, 1], [0, 0, 0, 1, 0, 1, 1, 0]]",,False,less
10,5,F3,0.75,"Change price: 0.05, reason: High share rate of 1.0 sustains purchase likelihood via personalized recommendations in competitive market.",1.5,2,1.5,1.0,"[1.0, 'adaptive']","[2, 1, 2, 3, 3, 1, 2, 3]","[[0, 1, 0, 0, 0, 1, 1, 1], [1, 0, 1, 0, 0, 1, 1, 0], [0, 1, 0, 1, 1, 0, 0, 0], [0, 0, 1, 0, 1, 0, 0, 1], [0, 0, 1, 1, 0, 0, 0, 1], [1, 1, 0, 0, 0, 0, 1, 1], [1, 1, 0, 0, 0, 0, 0, 1], [1, 0, 0, 1, 1, 1, 1, 0]]",,False,less
10,5,F4,0.75,"Change price: 0.05, reason: High share rate of 1.0 enhances purchase likelihood through recommendations in competitive market, allowing slight price increase to 0.75 and maximize profit.",3.75,5,3.75,1.0,"[1.0, 'adaptive']","[1, 3, 2, 3, 2, 1, 1, 2]","[[0, 1, 0, 0, 0, 1, 1, 1], [1, 0, 1, 0, 0, 1, 1, 0], [0, 1, 0, 1, 1, 0, 0, 0], [0, 0, 1, 0, 1, 0, 0, 0], [0, 0, 1, 1, 0, 1, 0, 0], [1, 1, 0, 0, 1, 0, 1, 1], [1, 1, 0, 0, 1, 1, 0, 1], [1, 0, 0, 0, 0, 1, 1, 0]]",,False,less
10,5,F5,0.8,"Change price: 0.05, reason: High share rate of 1.0 boosts purchase likelihood via recommendations in a competitive 10-firm market, justifying a slight price increase to maximize profit.",1.6,2,1.6,1.0,"[1.0, 'adaptive']","[1, 3, 2, 3, 2, 1, 1, 2]","[[0, 1, 0, 0, 0, 1, 1, 1], [1, 0, 1, 0, 0, 1, 1, 0], [0, 1, 0, 1, 1, 0, 0, 0], [0, 0, 1, 0, 1, 0, 0, 1], [0, 0, 1, 1, 0, 1, 0, 0], [1, 1, 0, 0, 1, 0, 1, 1], [1, 1, 0, 0, 1, 0, 0, 1], [1, 0, 0, 1, 0, 1, 1, 0]]",,False,less
10,5,F6,0.8,"Change price: 0.05, reason: High share rate and personalized recommendations in competitive market increase purchase likelihood, justifying a slight price increase.",2.4,3,2.4,1.0,"[1.0, 'adaptive']","[2, 3, 2, 3, 1, 1, 1, 2]","[[0, 1, 0, 0, 0, 1, 1, 1], [1, 0, 1, 1, 0, 1, 1, 0], [0, 1, 0, 1, 1, 0, 0, 0], [0, 1, 1, 0, 1, 0, 0, 0], [0, 0, 1, 1, 0, 1, 0, 1], [1, 1, 0, 0, 0, 0, 1, 1], [1, 0, 0, 0, 1, 0, 0, 1], [1, 0, 0, 0, 1, 1, 1, 0]]",,False,less
10,5,F7,0.75,"Change price: 0.05, reason: High share rate of 1.0 enhances purchase likelihood via personalized recommendations in competitive market.",0.75,1,0.75,1.0,"[1.0, 'adaptive']","[1, 3, 2, 3, 2, 1, 2, 3]","[[0, 1, 0, 0, 0, 1, 1, 1], [1, 0, 1, 1, 0, 1, 1, 0], [0, 1, 0, 1, 1, 0, 0, 0], [0, 1, 1, 0, 1, 0, 0, 1], [0, 0, 1, 1, 0, 1, 0, 0], [1, 1, 0, 0, 1, 0, 1, 1], [1, 1, 0, 0, 1, 0, 0, 1], [1, 0, 0, 1, 0, 1, 1, 0]]",,False,less
10,5,F8,0.75,"Change price: 0.05, reason: High share rate and competition enhance purchase likelihood via recommendations, justifying a slight price increase.",1.5,2,1.5,1.0,"[1.0, 'adaptive']","[2, 3, 1, 3, 2, 1, 2, 3]","[[0, 1, 0, 0, 0, 1, 1, 1], [1, 0, 1, 0, 0, 1, 1, 0], [0, 1, 0, 1, 1, 0, 0, 0], [0, 0, 1, 0, 1, 0, 0, 0], [0, 0, 1, 1, 0, 1, 0, 0], [1, 1, 0, 0, 1, 0, 1, 1], [1, 1, 0, 0, 0, 1, 0, 1], [1, 0, 0, 0, 0, 1, 1, 0]]",,False,less
10,5,F9,0.75,"Change price: 0.05, reason: High share rate of 1.0 sustains purchase likelihood via recommendations in competitive market, justifying slight increase to maximize profit.",2.25,3,2.25,1.0,"[1.0, 'adaptive']","[1, 3, 2, 3, 2, 1, 1, 2]","[[0, 1, 0, 0, 0, 1, 1, 1], [1, 0, 1, 0, 0, 1, 1, 0], [0, 1, 0, 1, 1, 0, 0, 0], [0, 0, 1, 0, 1, 0, 0, 0], [0, 0, 1, 1, 0, 1, 0, 0], [1, 1, 0, 0, 1, 0, 1, 1], [1, 1, 0, 0, 1, 1, 0, 1], [1, 0, 0, 0, 0, 1, 1, 0]]",,False,less
10,6,F0,0.3,"Change price: -0.05, reason: Zero sales at 0.35 despite high share rate of 1.0, so slight decrease to stimulate demand in competitive market.",0.0,0,0.0,1.0,"[1.0, 'adaptive']","[3, 3, 1, 2, 2, 2, 1, 1]","[[0, 0, 0, 0, 1, 1, 0, 1], [0, 0, 0, 0, 0, 1, 1, 0], [0, 0, 0, 0, 1, 0, 0, 0], [0, 0, 0, 0, 0, 0, 0, 0], [1, 0, 1, 0, 0, 1, 0, 0], [1, 1, 0, 0, 1, 0, 1, 1], [0, 1, 0, 0, 0, 0, 0, 1], [1, 0, 0, 0, 0, 1, 1, 0]]",,False,equal
10,6,F1,0.7,"Change price: 0.05, reason: High share rate of 1.0 with 10 firms boosts purchase likelihood via recommendations, so raise price to maximize profit.",0.7,1,0.7,1.0,"[1.0, 'adaptive']","[1, 3, 3, 3, 2, 1, 2, 3]","[[0, 1, 0, 0, 0, 1, 1, 1], [1, 0, 0, 0, 0, 1, 1, 0], [0, 0, 0, 1, 1, 0, 0, 0], [0, 0, 0, 0, 1, 0, 0, 0], [0, 0, 1, 1, 0, 1, 0, 0], [1, 1, 0, 0, 1, 0, 1, 1], [1, 1, 0, 0, 0, 0, 0, 1], [1, 0, 0, 0, 0, 1, 1, 0]]",,False,less
10,6,F2,0.8,"Change price: 0.05, reason: High share rate of 1.0 boosts buyer likelihood via recommendations, allowing slight price increase despite competition.",0.8,1,0.8,1.0,"[1.0, 'adaptive']","[1, 2, 2, 3, 3, 1, 2, 3]","[[0, 1, 0, 0, 0, 1, 1, 0], [1, 0, 1, 0, 0, 1, 1, 0], [0, 1, 0, 1, 1, 0, 0, 0], [0, 0, 1, 0, 1, 0, 0, 1], [0, 0, 1, 1, 0, 0, 0, 1], [1, 1, 0, 0, 0, 0, 1, 0], [1, 1, 0, 0, 0, 1, 0, 1], [0, 0, 0, 1, 1, 0, 1, 0]]",,False,less
10,6,F3,0.8,"Change price: 0.05, reason: High share rate of 1.0 sustains purchase likelihood via personalized recommendations in competitive market.",1.6,2,1.6,1.0,"[1.0, 'adaptive']","[2, 1, 2, 3, 3, 1, 2, 3]","[[0, 1, 0, 0, 0, 1, 1, 0], [1, 0, 1, 0, 0, 1, 1, 0], [0, 1, 0, 1, 1, 0, 0, 0], [0, 0, 1, 0, 1, 0, 0, 1], [0, 0, 1, 1, 0, 1, 0, 1], [1, 1, 0, 0, 1, 0, 1, 1], [1, 1, 0, 0, 0, 0, 0, 1], [0, 0, 0, 1, 1, 1, 1, 0]]",,False,less
10,6,F4,0.8,"Change price: 0.05, reason: High share rate of 1.0 boosts purchase likelihood via recommendations in competitive market, allowing slight price increase to 0.80 and maximize profit.",4.0,5,4.0,1.0,"[1.0, 'adaptive']","[1, 3, 2, 3, 2, 1, 1, 2]","[[0, 1, 0, 0, 0, 1, 1, 1], [1, 0, 1, 0, 0, 1, 1, 0], [0, 1, 0, 1, 1, 0, 0, 0], [0, 0, 1, 0, 1, 0, 0, 1], [0, 0, 1, 0, 0, 1, 0, 0], [1, 1, 0, 0, 1, 0, 1, 1], [1, 1, 0, 0, 0, 1, 0, 1], [1, 0, 0, 1, 0, 1, 1, 0]]",,False,less
10,6,F5,0.85,"Change price: 0.05, reason: High share rate of 1.0 enhances purchase likelihood through recommendations in a competitive 10-firm market, justifying a slight price increase to maximize profit.",1.7,2,1.7,1.0,"[1.0, 'adaptive']","[1, 3, 2, 3, 2, 1, 1, 2]","[[0, 1, 0, 0, 0, 1, 1, 1], [1, 0, 1, 0, 0, 1, 1, 0], [0, 1, 0, 1, 1, 0, 0, 0], [0, 0, 1, 0, 1, 0, 0, 1], [0, 0, 1, 0, 0, 1, 0, 1], [1, 1, 0, 0, 0, 0, 1, 1], [1, 1, 0, 0, 1, 0, 0, 1], [1, 0, 0, 1, 1, 1, 1, 0]]",,False,less
10,6,F6,0.85,"Change price: 0.05, reason: High share rate and personalized recommendations in competitive market increase purchase likelihood, justifying a slight price increase.",2.55,3,2.55,1.0,"[1.0, 'adaptive']","[2, 3, 2, 3, 1, 1, 1, 2]","[[0, 1, 0, 0, 0, 1, 1, 1], [1, 0, 1, 1, 0, 1, 1, 0], [0, 1, 0, 1, 1, 0, 0, 0], [0, 1, 1, 0, 1, 0, 0, 0], [0, 0, 1, 1, 0, 1, 0, 0], [1, 1, 0, 0, 0, 0, 1, 1], [1, 1, 0, 0, 1, 0, 0, 1], [1, 0, 0, 0, 0, 1, 1, 0]]",,False,less
10,6,F7,0.8,"Change price: 0.05, reason: High share rate of 1.0 boosts purchase likelihood via personalized recommendations in competitive market.",0.8,1,0.8,1.0,"[1.0, 'adaptive']","[1, 3, 2, 3, 2, 1, 2, 3]","[[0, 1, 0, 0, 0, 1, 1, 1], [1, 0, 1, 0, 0, 1, 1, 0], [0, 1, 0, 1, 1, 0, 0, 0], [0, 0, 0, 0, 1, 0, 0, 1], [0, 0, 1, 1, 0, 1, 0, 0], [1, 1, 0, 0, 1, 0, 1, 1], [1, 1, 0, 0, 1, 0, 0, 1], [1, 0, 0, 1, 0, 1, 1, 0]]",,False,less
10,6,F8,0.8,"Change price: 0.05, reason: High share rate and competition boost purchase likelihood via recommendations, justifying a slight price increase.",0.8,1,0.8,1.0,"[1.0, 'adaptive']","[2, 3, 2, 3, 2, 1, 2, 3]","[[0, 1, 0, 0, 0, 1, 1, 1], [1, 0, 1, 1, 0, 1, 1, 0], [0, 1, 0, 1, 1, 0, 0, 0], [0, 1, 0, 0, 1, 0, 0, 0], [0, 0, 1, 1, 0, 0, 0, 0], [1, 1, 0, 0, 0, 0, 1, 1], [1, 1, 0, 0, 0, 0, 0, 1], [1, 0, 0, 0, 0, 1, 1, 0]]",,False,less
10,6,F9,0.8,"Change price: 0.05, reason: High share rate of 1.0 maintains purchase likelihood via recommendations in competitive market, justifying slight increase to maximize profit.",1.6,2,1.6,1.0,"[1.0, 'adaptive']","[1, 3, 2, 3, 2, 1, 1, 2]","[[0, 1, 0, 0, 0, 1, 1, 1], [1, 0, 1, 0, 0, 1, 1, 0], [0, 1, 0, 1, 1, 0, 0, 0], [0, 0, 1, 0, 1, 0, 0, 1], [0, 0, 1, 1, 0, 1, 0, 0], [1, 1, 0, 0, 1, 0, 1, 1], [1, 1, 0, 0, 1, 1, 0, 1], [1, 0, 0, 1, 0, 1, 1, 0]]",,False,less
10,7,F0,0.25,"Change price: -0.05, reason: Zero sales at 0.30 despite high share rate of 1.0, so slight decrease to stimulate demand in competitive market.",0.0,0,0.0,1.0,"[1.0, 'adaptive']","[2, 3, 1, 3, 1, 2, 2, 1]","[[0, 0, 0, 0, 1, 1, 1, 0], [0, 0, 0, 0, 0, 1, 1, 0], [0, 0, 0, 0, 1, 1, 0, 0], [0, 0, 0, 0, 0, 1, 0, 0], [1, 0, 1, 0, 0, 1, 0, 1], [1, 1, 1, 1, 1, 0, 1, 1], [1, 1, 0, 0, 0, 1, 0, 1], [0, 0, 0, 0, 1, 1, 1, 0]]",,False,greater
10,7,F1,0.75,"Change price: 0.05, reason: High share rate of 1.0 with 10 firms increases purchase likelihood through recommendations, so raise price to maximize profit.",0.75,1,0.75,1.0,"[1.0, 'adaptive']","[1, 3, 3, 3, 2, 1, 2, 3]","[[0, 1, 0, 0, 0, 1, 1, 1], [1, 0, 0, 0, 0, 1, 1, 0], [0, 0, 0, 1, 1, 0, 0, 0], [0, 0, 0, 0, 1, 1, 0, 0], [0, 0, 1, 1, 0, 1, 0, 0], [1, 1, 0, 1, 1, 0, 1, 0], [1, 1, 0, 0, 0, 1, 0, 1], [1, 0, 0, 0, 0, 0, 1, 0]]",,False,less
10,7,F2,0.85,"Change price: 0.05, reason: High share rate of 1.0 sustains buyer likelihood through recommendations, allowing slight price increase in competitive market.",0.85,1,0.85,1.0,"[1.0, 'adaptive']","[1, 1, 2, 3, 3, 2, 2, 3]","[[0, 1, 0, 0, 0, 1, 1, 0], [1, 0, 1, 0, 0, 1, 1, 0], [0, 1, 0, 1, 1, 0, 0, 0], [0, 0, 1, 0, 1, 0, 0, 1], [0, 0, 1, 1, 0, 0, 0, 0], [1, 1, 0, 0, 0, 0, 1, 1], [1, 1, 0, 0, 0, 0, 0, 1], [0, 0, 0, 1, 0, 1, 1, 0]]",,False,less
10,7,F3,0.85,"Change price: 0.05, reason: High share rate of 1.0 increases purchase likelihood through personalized recommendations in competitive market.",1.7,2,1.7,1.0,"[1.0, 'adaptive']","[2, 3, 1, 3, 2, 1, 2, 3]","[[0, 1, 0, 0, 0, 1, 1, 0], [1, 0, 1, 0, 0, 0, 0, 0], [0, 1, 0, 1, 1, 0, 0, 0], [0, 0, 1, 0, 1, 0, 0, 1], [0, 0, 1, 1, 0, 1, 0, 0], [1, 0, 0, 0, 1, 0, 1, 1], [1, 0, 0, 0, 0, 0, 0, 1], [0, 0, 0, 1, 0, 1, 1, 0]]",,False,less
10,7,F4,0.85,"Change price: 0.05, reason: High share rate of 1.0 boosts purchase likelihood via recommendations in competitive market, allowing slight price increase to maximize profit.",4.25,5,4.25,1.0,"[1.0, 'adaptive']","[1, 3, 2, 3, 2, 1, 2, 3]","[[0, 1, 0, 0, 0, 1, 1, 1], [1, 0, 1, 0, 0, 1, 1, 0], [0, 1, 0, 1, 1, 0, 0, 0], [0, 0, 1, 0, 1, 0, 0, 0], [0, 0, 1, 1, 0, 1, 0, 0], [1, 1, 0, 0, 1, 0, 1, 1], [1, 1, 0, 0, 1, 0, 0, 1], [1, 0, 0, 0, 0, 1, 1, 0]]",,False,less
10,7,F5,0.9,"Change price: 0.05, reason: High share rate of 1.0 boosts purchase likelihood through recommendations in a competitive 10-firm market, justifying a slight price increase to maximize profit.",1.8,2,1.8,1.0,"[1.0, 'adaptive']","[1, 3, 2, 3, 2, 1, 1, 2]","[[0, 1, 0, 0, 0, 1, 1, 1], [1, 0, 1, 0, 0, 1, 1, 0], [0, 1, 0, 1, 1, 0, 0, 0], [0, 0, 1, 0, 1, 0, 0, 1], [0, 0, 1, 0, 0, 1, 0, 1], [1, 1, 0, 0, 0, 0, 1, 1], [1, 1, 0, 0, 1, 0, 0, 1], [1, 0, 0, 1, 1, 1, 1, 0]]",,False,less
10,7,F6,0.9,"Change price: 0.05, reason: High share rate and personalized recommendations in competitive market increase purchase likelihood, justifying a slight price increase to maximize profit.",2.7,3,2.7,1.0,"[1.0, 'adaptive']","[1, 3, 2, 3, 2, 1, 2, 3]","[[0, 1, 0, 0, 0, 1, 1, 1], [1, 0, 1, 1, 0, 1, 1, 0], [0, 1, 0, 1, 1, 0, 0, 0], [0, 1, 1, 0, 1, 0, 0, 0], [0, 0, 1, 1, 0, 1, 0, 0], [1, 1, 0, 0, 1, 0, 1, 1], [1, 1, 0, 0, 0, 0, 0, 1], [1, 0, 0, 0, 0, 1, 1, 0]]",,False,less
10,7,F7,0.85,"Change price: 0.05, reason: High share rate of 1.0 increases purchase likelihood via personalized recommendations in competitive market.",0.85,1,0.85,1.0,"[1.0, 'adaptive']","[1, 3, 2, 3, 2, 1, 2, 3]","[[0, 1, 0, 0, 0, 1, 1, 1], [1, 0, 1, 1, 0, 1, 1, 0], [0, 1, 0, 1, 1, 0, 0, 0], [0, 1, 1, 0, 1, 0, 0, 1], [0, 0, 1, 1, 0, 1, 0, 0], [1, 1, 0, 0, 1, 0, 1, 1], [1, 1, 0, 0, 0, 1, 0, 1], [1, 0, 0, 1, 0, 1, 1, 0]]",,False,less
10,7,F8,0.75,"Change price: -0.05, reason: Recent sales drop at 0.80 with high share rate suggests a slight decrease to increase buyer numbers and maintain profit.",1.5,2,1.5,1.0,"[1.0, 'adaptive']","[2, 3, 1, 2, 3, 1, 2, 3]","[[0, 1, 0, 1, 0, 1, 0, 1], [1, 0, 1, 0, 0, 1, 1, 0], [0, 1, 0, 1, 1, 0, 0, 0], [1, 0, 1, 0, 1, 1, 0, 0], [0, 0, 1, 1, 0, 0, 0, 1], [1, 1, 0, 1, 0, 0, 1, 1], [0, 1, 0, 0, 0, 0, 0, 1], [1, 0, 0, 0, 1, 1, 1, 0]]",,False,less
10,7,F9,0.75,"Change price: -0.05, reason: Sales decreased to 2 at 0.80, so slight reduction to regain buyers and maximize profit in competitive market.",2.25,3,2.25,1.0,"[1.0, 'adaptive']","[2, 3, 1, 3, 2, 1, 2, 1]","[[0, 0, 0, 0, 0, 1, 1, 1], [0, 0, 0, 0, 0, 1, 1, 0], [0, 0, 0, 0, 1, 1, 0, 0], [0, 0, 0, 0, 0, 0, 0, 0], [0, 0, 1, 0, 0, 1, 0, 0], [1, 1, 1, 0, 1, 0, 1, 1], [1, 1, 0, 0, 0, 0, 0, 1], [1, 0, 0, 0, 0, 1, 1, 0]]",,False,greater
10,8,F0,0.2,"Change price: -0.05, reason: Zero sales at 0.25 despite high share rate of 1.0, so slight decrease to stimulate demand in competitive market.",0.0,0,0.0,1.0,"[1.0, 'adaptive']","[3, 3, 1, 2, 2, 2, 1, 1]","[[0, 0, 0, 0, 1, 1, 1, 1], [0, 0, 0, 0, 0, 1, 1, 0], [0, 0, 0, 0, 1, 1, 0, 0], [0, 0, 0, 0, 1, 1, 0, 0], [1, 0, 1, 1, 0, 1, 1, 0], [1, 1, 1, 1, 1, 0, 1, 1], [1, 1, 0, 0, 1, 1, 0, 1], [1, 0, 0, 0, 0, 1, 1, 0]]",,False,equal
10,8,F1,0.8,"Change price: 0.05, reason: High share rate of 1.0 with 10 firms boosts purchase likelihood via recommendations, so raise price to maximize profit.",0.8,1,0.8,1.0,"[1.0, 'adaptive']","[1, 3, 3, 3, 2, 1, 2, 3]","[[0, 1, 0, 0, 0, 1, 1, 1], [1, 0, 0, 0, 0, 1, 1, 0], [0, 0, 0, 0, 1, 0, 0, 0], [0, 0, 0, 0, 1, 0, 0, 0], [0, 0, 1, 1, 0, 0, 0, 0], [1, 1, 0, 0, 0, 0, 1, 0], [1, 1, 0, 0, 0, 0, 0, 1], [1, 0, 0, 0, 0, 0, 1, 0]]",,False,less
10,8,F2,0.9,"Change price: 0.05, reason: High share rate of 1.0 enhances buyer likelihood through recommendations, justifying slight price increase in competitive market.",0.9,1,0.9,1.0,"[1.0, 'adaptive']","[1, 2, 2, 3, 3, 1, 2, 3]","[[0, 1, 0, 0, 0, 1, 1, 0], [1, 0, 1, 0, 0, 1, 1, 0], [0, 1, 0, 1, 1, 0, 0, 0], [0, 0, 1, 0, 1, 0, 0, 1], [0, 0, 1, 1, 0, 0, 0, 1], [1, 1, 0, 0, 0, 0, 1, 1], [1, 1, 0, 0, 0, 1, 0, 1], [0, 0, 0, 1, 1, 1, 1, 0]]",,False,less
10,8,F3,0.9,"Change price: 0.05, reason: High share rate of 1.0 sustains purchase likelihood via personalized recommendations in competitive market.",0.9,1,0.9,1.0,"[1.0, 'adaptive']","[2, 3, 1, 3, 2, 1, 2, 3]","[[0, 1, 0, 0, 0, 1, 1, 1], [1, 0, 1, 0, 0, 1, 1, 0], [0, 1, 0, 1, 1, 0, 0, 0], [0, 0, 1, 0, 1, 0, 0, 1], [0, 0, 1, 1, 0, 1, 0, 0], [1, 1, 0, 0, 1, 0, 1, 1], [1, 1, 0, 0, 0, 0, 0, 1], [1, 0, 0, 1, 0, 1, 1, 0]]",,False,less
10,8,F4,0.9,"Change price: 0.05, reason: High share rate of 1.0 boosts purchase likelihood via recommendations in competitive market, allowing slight price increase to maximize profit.",3.6,4,3.6,1.0,"[1.0, 'adaptive']","[1, 3, 2, 3, 2, 1, 1, 2]","[[0, 1, 0, 0, 0, 1, 1, 1], [1, 0, 1, 0, 0, 1, 1, 0], [0, 1, 0, 1, 1, 0, 0, 0], [0, 0, 1, 0, 1, 0, 0, 0], [0, 0, 1, 1, 0, 0, 0, 0], [1, 1, 0, 0, 0, 0, 1, 1], [1, 1, 0, 0, 0, 0, 0, 1], [1, 0, 0, 0, 0, 1, 1, 0]]",,False,less
10,8,F5,0.95,"Change price: 0.05, reason: High share rate of 1.0 increases purchase likelihood through recommendations in a competitive 10-firm market, justifying a slight price increase to maximize profit.",1.9,2,1.9,1.0,"[1.0, 'adaptive']","[1, 3, 2, 3, 2, 1, 1, 2]","[[0, 1, 0, 0, 0, 1, 1, 1], [1, 0, 1, 0, 0, 1, 1, 0], [0, 1, 0, 1, 1, 0, 0, 0], [0, 0, 1, 0, 1, 0, 0, 0], [0, 0, 1, 1, 0, 1, 0, 1], [1, 1, 0, 0, 1, 0, 1, 1], [1, 1, 0, 0, 1, 0, 0, 1], [1, 0, 0, 0, 1, 1, 1, 0]]",,False,less
10,8,F6,0.95,"Change price: 0.05, reason: High share rate and personalized recommendations in competitive market maintain purchase likelihood, justifying a slight price increase to further maximize profit.",1.9,2,1.9,1.0,"[1.0, 'adaptive']","[1, 3, 2, 3, 2, 1, 2, 3]","[[0, 1, 0, 0, 0, 1, 1, 1], [1, 0, 1, 1, 0, 1, 1, 0], [0, 1, 0, 1, 1, 0, 0, 0], [0, 1, 1, 0, 1, 0, 0, 1], [0, 0, 1, 1, 0, 1, 0, 0], [1, 1, 0, 0, 1, 0, 1, 1], [1, 1, 0, 0, 1, 0, 0, 1], [1, 0, 0, 1, 0, 1, 1, 0]]",,False,less
10,8,F7,0.9,"Change price: 0.05, reason: High share rate of 1.0 increases purchase likelihood through personalized recommendations in competitive market.",0.0,0,0.0,1.0,"[1.0, 'adaptive']","[2, 3, 1, 3, 2, 1, 2, 3]","[[0, 1, 0, 0, 0, 1, 1, 0], [1, 0, 1, 0, 0, 0, 1, 0], [0, 1, 0, 1, 1, 0, 0, 0], [0, 0, 1, 0, 1, 0, 0, 0], [0, 0, 1, 1, 0, 1, 0, 0], [1, 0, 0, 0, 1, 0, 1, 1], [1, 1, 0, 0, 0, 0, 0, 1], [0, 0, 0, 0, 0, 1, 1, 0]]",,False,less
10,8,F8,0.75,"Change price: 0, reason: High share rate and competition sustain sales at 0.75, maintaining profit of 1.5 without risk of drop.",1.5,2,1.5,1.0,"[1.0, 'adaptive']","[1, 3, 2, 3, 2, 1, 2, 3]","[[0, 1, 0, 0, 0, 1, 1, 1], [1, 0, 1, 1, 0, 1, 1, 0], [0, 1, 0, 1, 1, 0, 0, 0], [0, 1, 1, 0, 1, 0, 0, 0], [0, 0, 1, 1, 0, 1, 0, 0], [1, 1, 0, 0, 1, 0, 1, 1], [1, 1, 0, 0, 0, 1, 0, 1], [1, 0, 0, 0, 0, 1, 1, 0]]",,False,less
10,8,F9,0.75,"Change price: 0, reason: Stable sales of 3 at 0.75 maximize profit with high share rate, avoiding risk of drop as seen in Round6.",2.25,3,2.25,1.0,"[1.0, 'adaptive']","[1, 3, 3, 2, 2, 1, 2, 3]","[[0, 1, 0, 0, 0, 1, 1, 1], [1, 0, 0, 1, 0, 1, 1, 0], [0, 0, 0, 1, 1, 0, 0, 0], [0, 1, 0, 0, 1, 1, 0, 1], [0, 0, 1, 1, 0, 1, 0, 0], [1, 1, 0, 1, 1, 0, 1, 1], [1, 1, 0, 0, 1, 0, 0, 1], [1, 0, 0, 1, 0, 1, 1, 0]]",,False,less
10,9,F0,0.15,"Change price: -0.05, reason: Zero sales at 0.20 despite high share rate, so slight decrease to stimulate demand in competitive market.",0.15,1,0.15,1.0,"[1.0, 'adaptive']","[3, 3, 1, 2, 2, 1, 2, 1]","[[0, 0, 0, 0, 1, 1, 1, 0], [0, 0, 0, 0, 0, 0, 0, 0], [0, 0, 0, 1, 1, 1, 0, 0], [0, 0, 1, 0, 0, 0, 0, 0], [1, 0, 1, 0, 0, 1, 0, 0], [1, 0, 1, 0, 0, 0, 1, 1], [1, 0, 0, 0, 0, 0, 0, 1], [0, 0, 0, 0, 0, 1, 1, 0]]",,False,greater
10,9,F1,0.85,"Change price: 0.05, reason: High share rate of 1.0 with 10 firms increases purchase likelihood via recommendations, so raise price to maximize profit.",0.85,1,0.85,1.0,"[1.0, 'adaptive']","[1, 3, 3, 3, 2, 1, 2, 3]","[[0, 1, 0, 0, 0, 1, 1, 1], [1, 0, 0, 0, 0, 1, 1, 0], [0, 0, 0, 0, 1, 0, 0, 0], [0, 0, 0, 0, 1, 0, 0, 0], [0, 0, 1, 1, 0, 0, 0, 0], [1, 1, 0, 0, 0, 0, 1, 0], [1, 1, 0, 0, 0, 0, 0, 1], [1, 0, 0, 0, 0, 1, 1, 0]]",,False,less
10,9,F2,0.95,"Change price: 0.05, reason: High share rate of 1.0 boosts buyer likelihood via recommendations, allowing slight price increase despite competition.",0.0,0,0.0,1.0,"[1.0, 'adaptive']","[1, 2, 2, 3, 3, 1, 2, 3]","[[0, 1, 0, 0, 0, 1, 1, 0], [1, 0, 1, 1, 0, 1, 1, 0], [0, 1, 0, 1, 1, 0, 0, 0], [0, 1, 1, 0, 1, 0, 0, 1], [0, 0, 1, 1, 0, 0, 0, 0], [1, 1, 0, 0, 0, 0, 1, 1], [1, 1, 0, 0, 0, 0, 0, 1], [0, 0, 0, 1, 0, 1, 1, 0]]",,False,less
10,9,F3,0.85,"Change price: -0.05, reason: Sales dropped at 0.90, so slight decrease to 0.85 to increase purchase likelihood and maximize profit in competitive market.",1.7,2,1.7,1.0,"[1.0, 'adaptive']","[2, 3, 1, 3, 2, 1, 2, 1]","[[0, 1, 0, 0, 0, 1, 1, 0], [1, 0, 1, 1, 0, 1, 1, 0], [0, 1, 0, 1, 1, 1, 0, 0], [0, 1, 1, 0, 1, 0, 0, 1], [0, 0, 1, 1, 0, 0, 0, 1], [1, 1, 1, 0, 0, 0, 1, 1], [1, 1, 0, 0, 0, 0, 0, 1], [0, 0, 0, 1, 1, 1, 1, 0]]",,False,greater
10,9,F4,0.85,"Change price: -0.05, reason: Sales dropped from 5 to 4 at 0.90, so decrease to boost sales and maximize profit.",4.25,5,4.25,1.0,"[1.0, 'adaptive']","[2, 3, 1, 2, 1, 1, 2, 3]","[[0, 1, 0, 0, 0, 1, 0, 1], [1, 0, 0, 0, 0, 0, 0, 0], [0, 0, 0, 0, 1, 0, 0, 0], [0, 0, 0, 0, 1, 1, 0, 0], [0, 0, 1, 1, 0, 1, 0, 0], [1, 0, 0, 1, 1, 0, 1, 1], [0, 0, 0, 0, 0, 1, 0, 0], [1, 0, 0, 0, 0, 1, 0, 0]]",,False,less
10,9,F5,1.0,"Change price: 0.05, reason: High share rate of 1.0 enhances purchase likelihood via recommendations in a competitive 10-firm market, justifying a slight price increase to maximize profit.",0.0,0,0.0,1.0,"[1.0, 'adaptive']","[1, 3, 2, 3, 2, 1, 1, 2]","[[0, 1, 0, 0, 0, 1, 1, 1], [1, 0, 1, 0, 0, 1, 1, 0], [0, 1, 0, 1, 1, 0, 0, 0], [0, 0, 1, 0, 1, 0, 0, 1], [0, 0, 1, 1, 0, 1, 0, 0], [1, 1, 0, 0, 1, 0, 1, 1], [1, 1, 0, 0, 0, 1, 0, 1], [1, 0, 0, 1, 0, 1, 1, 0]]",,False,less
10,9,F6,0.9,"Change price: -0.05, reason: Sales decreased at 0.95, lowering profit; slight reduction to increase buyer numbers in competitive market.",2.7,3,2.7,1.0,"[1.0, 'adaptive']","[2, 3, 1, 2, 3, 1, 2, 3]","[[0, 1, 0, 1, 0, 1, 0, 1], [1, 0, 1, 0, 0, 1, 0, 0], [0, 1, 0, 1, 1, 0, 0, 0], [1, 0, 1, 0, 1, 1, 0, 0], [0, 0, 1, 1, 0, 0, 0, 0], [1, 1, 0, 1, 0, 0, 1, 1], [0, 0, 0, 0, 0, 1, 0, 1], [1, 0, 0, 0, 0, 1, 1, 0]]",,False,less
10,9,F7,0.85,"Change price: -0.05, reason: No sales at 0.90 in previous round, so decrease to boost purchase likelihood with high share rate in competitive market.",0.85,1,0.85,1.0,"[1.0, 'adaptive']","[2, 3, 1, 3, 2, 1, 2, 3]","[[0, 0, 0, 0, 0, 1, 1, 0], [0, 0, 0, 0, 0, 0, 0, 0], [0, 0, 0, 0, 1, 1, 0, 0], [0, 0, 0, 0, 0, 0, 0, 0], [0, 0, 1, 0, 0, 0, 0, 0], [1, 0, 1, 0, 0, 0, 0, 1], [1, 0, 0, 0, 0, 0, 0, 0], [0, 0, 0, 0, 0, 1, 0, 0]]",,False,less
10,9,F8,0.75,"Change price: 0, reason: Stable sales and profit at 0.75 with high share rate and competition support maintaining the price to avoid risk of decreased sales.",1.5,2,1.5,1.0,"[1.0, 'adaptive']","[2, 3, 1, 3, 1, 1, 2, 2]","[[0, 1, 0, 0, 0, 1, 0, 1], [1, 0, 1, 0, 0, 1, 1, 0], [0, 1, 0, 1, 1, 0, 0, 0], [0, 0, 1, 0, 1, 1, 0, 0], [0, 0, 1, 1, 0, 0, 0, 0], [1, 1, 0, 1, 0, 0, 1, 1], [0, 1, 0, 0, 0, 0, 0, 1], [1, 0, 0, 0, 0, 1, 1, 0]]",,False,equal
10,9,F9,0.75,"Change price: 0, reason: Stable sales of 3 at 0.75 maximize profit with high share rate, avoiding risk of drop as in Round6.",2.25,3,2.25,1.0,"[1.0, 'adaptive']","[1, 3, 3, 2, 2, 1, 2, 3]","[[0, 1, 0, 0, 0, 1, 1, 1], [1, 0, 0, 1, 0, 1, 1, 0], [0, 0, 0, 1, 1, 0, 0, 0], [0, 1, 0, 0, 1, 1, 0, 1], [0, 0, 1, 1, 0, 0, 0, 0], [1, 1, 0, 1, 0, 0, 1, 1], [1, 1, 0, 0, 0, 0, 0, 1], [1, 0, 0, 1, 0, 1, 1, 0]]",,False,less
10,10,F0,0.16,"Change price: 0.01, reason: Successful sale at 0.15 with high share rate of 1.0 suggests slight increase can boost profit while maintaining purchase likelihood in competitive market.",0.0,0,0.0,1.0,"[1.0, 'adaptive']","[1, 3, 2, 3, 2, 1, 2, 3]","[[0, 1, 0, 0, 0, 1, 1, 1], [1, 0, 1, 1, 0, 1, 1, 0], [0, 1, 0, 1, 1, 0, 0, 0], [0, 1, 1, 0, 1, 0, 0, 1], [0, 0, 1, 1, 0, 1, 0, 0], [1, 1, 0, 0, 1, 0, 1, 1], [1, 1, 0, 0, 0, 0, 0, 1], [1, 0, 0, 1, 0, 1, 1, 0]]",,False,less
10,10,F1,0.9,"Change price: 0.05, reason: High share rate of 1.0 with 10 firms increases purchase likelihood via recommendations, so raise price to maximize profit.",0.9,1,0.9,1.0,"[1.0, 'adaptive']","[1, 3, 3, 3, 2, 1, 2, 3]","[[0, 1, 0, 0, 0, 1, 1, 1], [1, 0, 0, 0, 0, 1, 1, 0], [0, 0, 0, 0, 0, 0, 0, 0], [0, 0, 0, 0, 1, 0, 0, 0], [0, 0, 0, 1, 0, 0, 0, 0], [1, 1, 0, 0, 0, 0, 1, 0], [1, 1, 0, 0, 0, 1, 0, 1], [1, 0, 0, 0, 0, 1, 1, 0]]",,False,less
10,10,F2,0.9,"Change price: -0.05, reason: No sales at 0.95 indicates overpricing; reduce to increase buyer likelihood despite high share rate.",0.9,1,0.9,1.0,"[1.0, 'adaptive']","[2, 3, 1, 1, 2, 2, 3, 1]","[[0, 1, 0, 0, 0, 1, 0, 0], [1, 0, 0, 1, 0, 1, 0, 0], [0, 0, 0, 1, 1, 0, 0, 0], [0, 1, 0, 0, 1, 0, 0, 0], [0, 0, 1, 1, 0, 0, 0, 0], [1, 1, 0, 0, 0, 0, 1, 1], [0, 0, 0, 0, 0, 0, 0, 1], [0, 0, 0, 0, 0, 1, 1, 0]]",,False,greater
10,10,F3,0.85,"Change price: 0, reason: High share rate of 1.0 sustains sales at 2 with current price, maximizing profit in competitive market.",1.7,2,1.7,1.0,"[1.0, 'adaptive']","[1, 3, 2, 3, 2, 1, 2, 3]","[[0, 1, 0, 0, 0, 1, 1, 1], [1, 0, 0, 0, 0, 1, 1, 0], [0, 0, 0, 0, 0, 0, 0, 0], [0, 0, 0, 0, 1, 0, 0, 0], [0, 0, 0, 1, 0, 1, 0, 0], [1, 1, 0, 0, 1, 0, 1, 1], [1, 1, 0, 0, 0, 0, 0, 1], [1, 0, 0, 0, 0, 1, 1, 0]]",,False,less
10,10,F4,0.87,"Change price: 0.02, reason: High share rate of 1.0 boosts purchase likelihood in competitive market, allowing slight increase to test and maximize profit.",4.35,5,4.35,1.0,"[1.0, 'adaptive']","[1, 3, 2, 3, 2, 1, 2, 3]","[[0, 1, 0, 0, 0, 1, 1, 1], [1, 0, 1, 0, 0, 1, 1, 0], [0, 1, 0, 1, 1, 0, 0, 0], [0, 0, 1, 0, 1, 0, 0, 1], [0, 0, 1, 1, 0, 1, 0, 0], [1, 1, 0, 0, 1, 0, 1, 1], [1, 1, 0, 0, 1, 0, 0, 1], [1, 0, 0, 1, 0, 1, 1, 0]]",,False,less
10,10,F5,0.95,"Change price: -0.05, reason: Zero sales at 1.0 indicates overpricing; decrease to 0.95 to boost sales based on historical success and maintain profit in competitive market.",1.9,2,1.9,1.0,"[1.0, 'adaptive']","[2, 3, 1, 2, 3, 1, 2, 3]","[[0, 1, 0, 1, 0, 1, 0, 1], [1, 0, 1, 0, 0, 1, 0, 0], [0, 1, 0, 1, 1, 0, 0, 0], [1, 0, 0, 0, 1, 1, 0, 0], [0, 0, 1, 1, 0, 0, 0, 0], [1, 1, 0, 1, 0, 0, 1, 1], [0, 0, 0, 0, 0, 0, 0, 1], [1, 0, 0, 0, 0, 1, 1, 0]]",,False,less
10,10,F6,0.9,"Change price: 0, reason: Current price optimizes profit with 3 sales and high share rate.",2.7,3,2.7,1.0,"[1.0, 'adaptive']","[1, 3, 2, 3, 2, 1, 2, 3]","[[0, 1, 0, 0, 0, 1, 1, 1], [1, 0, 0, 0, 0, 1, 1, 0], [0, 0, 0, 0, 1, 0, 0, 0], [0, 0, 0, 0, 1, 1, 0, 0], [0, 0, 1, 1, 0, 0, 0, 0], [1, 1, 0, 1, 0, 0, 1, 1], [1, 1, 0, 0, 1, 0, 0, 1], [1, 0, 0, 0, 0, 1, 1, 0]]",,False,less
10,10,F7,0.87,"Change price: 0.02, reason: Successful sale at 0.85 with high share rate enables slight increase to maximize profit in competitive market.",0.87,1,0.87,1.0,"[1.0, 'adaptive']","[1, 3, 2, 3, 2, 1, 2, 3]","[[0, 1, 0, 0, 0, 1, 1, 1], [1, 0, 1, 0, 0, 1, 1, 0], [0, 1, 0, 1, 1, 0, 0, 0], [0, 0, 1, 0, 1, 0, 0, 1], [0, 0, 1, 1, 0, 1, 0, 0], [1, 1, 0, 0, 1, 0, 1, 1], [1, 1, 0, 0, 0, 0, 0, 1], [1, 0, 0, 1, 0, 1, 1, 0]]",,False,less
10,10,F8,0.75,"Change price: 0, reason: Stable sales of 2 units and profit of 1.5 at 0.75 with high share rate and competition justify maintaining price to avoid sales risk.",1.5,2,1.5,1.0,"[1.0, 'adaptive']","[2, 3, 2, 1, 3, 1, 2, 3]","[[0, 1, 0, 0, 0, 1, 0, 1], [1, 0, 1, 0, 0, 1, 1, 0], [0, 1, 0, 1, 1, 0, 0, 0], [0, 0, 0, 0, 1, 1, 0, 0], [0, 0, 1, 1, 0, 0, 0, 1], [1, 1, 0, 1, 0, 0, 1, 1], [0, 1, 0, 0, 0, 0, 0, 1], [1, 0, 0, 0, 1, 1, 1, 0]]",,False,less
10,10,F9,0.75,"Change price: 0, reason: Stable sales of 3 at 0.75 with high share rate of 1.0 maximize profit, avoiding risk of drop as in Round6.",2.25,3,2.25,1.0,"[1.0, 'adaptive']","[1, 3, 3, 2, 2, 1, 1, 2]","[[0, 1, 0, 0, 0, 1, 1, 1], [1, 0, 0, 1, 0, 1, 1, 0], [0, 0, 0, 1, 1, 0, 0, 0], [0, 1, 0, 0, 1, 1, 0, 1], [0, 0, 1, 1, 0, 0, 0, 0], [1, 1, 0, 1, 0, 0, 1, 1], [1, 1, 0, 0, 1, 0, 0, 1], [1, 0, 0, 1, 0, 1, 1, 0]]",,False,less
