firm_num,round,consumer_id,share,share_reason,final_choice,final_reason,decision_sequence,total_revenue,Privacy_Cost,Valuations
1,1,C1,,,,,,0.25,0.048,[0.75]
1,1,C2,,,,,,0.29,0.041,[0.79]
1,1,C3,,,,,,0.02,0.038,[0.52]
1,1,C4,,,,,,0.26,0.041,[0.76]
1,1,C5,,,,,,0.13,0.037,[0.63]
1,1,C6,,,,,,0.37,0.035,[0.87]
1,1,C7,,,,,,0.24,0.027,[0.74]
1,1,C8,,,,,,0.0,0.032,[0.2]
1,1,C9,,,,,,0.44,0.05,[0.94]
1,1,C10,,,,,,0.4,0.047,[0.9]
1,1,C11,,,,,,0.47,0.046,[0.97]
1,1,C12,,,,,,0.26,0.041,[0.76]
1,1,C13,,,,,,0.0,0.036,[0.2]
1,1,C14,,,,,,0.03,0.039,[0.53]
1,1,C15,,,,,,0.26,0.045,[0.76]
1,1,C16,,,,,,0.0,0.026,[0.13]
1,1,C17,,,,,,0.0,0.032,[0.3]
1,1,C18,,,,,,0.0,0.048,[0.12]
1,1,C19,,,,,,0.12,0.05,[0.62]
1,1,C20,,,,,,0.0,0.051,[0.32]
1,2,C1,,,,,,0.25,0.048,[0.75]
1,2,C2,,,,,,0.29,0.041,[0.79]
1,2,C3,,,,,,0.02,0.038,[0.52]
1,2,C4,,,,,,0.26,0.041,[0.76]
1,2,C5,,,,,,0.13,0.037,[0.63]
1,2,C6,,,,,,0.37,0.035,[0.87]
1,2,C7,,,,,,0.24,0.027,[0.74]
1,2,C8,,,,,,0.0,0.032,[0.2]
1,2,C9,,,,,,0.44,0.05,[0.94]
1,2,C10,,,,,,0.4,0.047,[0.9]
1,2,C11,,,,,,0.47,0.046,[0.97]
1,2,C12,,,,,,0.26,0.041,[0.76]
1,2,C13,,,,,,0.0,0.036,[0.2]
1,2,C14,,,,,,0.03,0.039,[0.53]
1,2,C15,,,,,,0.26,0.045,[0.76]
1,2,C16,,,,,,0.0,0.026,[0.13]
1,2,C17,,,,,,0.0,0.032,[0.3]
1,2,C18,,,,,,0.0,0.048,[0.12]
1,2,C19,,,,,,0.12,0.05,[0.62]
1,2,C20,,,,,,0.0,0.051,[0.32]
1,3,C1,,,,,,0.25,0.048,[0.75]
1,3,C2,,,,,,0.29,0.041,[0.79]
1,3,C3,,,,,,0.02,0.038,[0.52]
1,3,C4,,,,,,0.26,0.041,[0.76]
1,3,C5,,,,,,0.13,0.037,[0.63]
1,3,C6,,,,,,0.37,0.035,[0.87]
1,3,C7,,,,,,0.24,0.027,[0.74]
1,3,C8,,,,,,0.0,0.032,[0.2]
1,3,C9,,,,,,0.44,0.05,[0.94]
1,3,C10,,,,,,0.4,0.047,[0.9]
1,3,C11,,,,,,0.47,0.046,[0.97]
1,3,C12,,,,,,0.26,0.041,[0.76]
1,3,C13,,,,,,0.0,0.036,[0.2]
1,3,C14,,,,,,0.03,0.039,[0.53]
1,3,C15,,,,,,0.26,0.045,[0.76]
1,3,C16,,,,,,0.0,0.026,[0.13]
1,3,C17,,,,,,0.0,0.032,[0.3]
1,3,C18,,,,,,0.0,0.048,[0.12]
1,3,C19,,,,,,0.12,0.05,[0.62]
1,3,C20,,,,,,0.0,0.051,[0.32]
1,4,C1,,,,,,0.25,0.048,[0.75]
1,4,C2,,,,,,0.29,0.041,[0.79]
1,4,C3,,,,,,0.02,0.038,[0.52]
1,4,C4,,,,,,0.26,0.041,[0.76]
1,4,C5,,,,,,0.13,0.037,[0.63]
1,4,C6,,,,,,0.37,0.035,[0.87]
1,4,C7,,,,,,0.24,0.027,[0.74]
1,4,C8,,,,,,0.0,0.032,[0.2]
1,4,C9,,,,,,0.44,0.05,[0.94]
1,4,C10,,,,,,0.4,0.047,[0.9]
1,4,C11,,,,,,0.47,0.046,[0.97]
1,4,C12,,,,,,0.26,0.041,[0.76]
1,4,C13,,,,,,0.0,0.036,[0.2]
1,4,C14,,,,,,0.03,0.039,[0.53]
1,4,C15,,,,,,0.26,0.045,[0.76]
1,4,C16,,,,,,0.0,0.026,[0.13]
1,4,C17,,,,,,0.0,0.032,[0.3]
1,4,C18,,,,,,0.0,0.048,[0.12]
1,4,C19,,,,,,0.12,0.05,[0.62]
1,4,C20,,,,,,0.0,0.051,[0.32]
1,5,C1,,,,,,0.25,0.048,[0.75]
1,5,C2,,,,,,0.29,0.041,[0.79]
1,5,C3,,,,,,0.02,0.038,[0.52]
1,5,C4,,,,,,0.26,0.041,[0.76]
1,5,C5,,,,,,0.13,0.037,[0.63]
1,5,C6,,,,,,0.37,0.035,[0.87]
1,5,C7,,,,,,0.24,0.027,[0.74]
1,5,C8,,,,,,0.0,0.032,[0.2]
1,5,C9,,,,,,0.44,0.05,[0.94]
1,5,C10,,,,,,0.4,0.047,[0.9]
1,5,C11,,,,,,0.47,0.046,[0.97]
1,5,C12,,,,,,0.26,0.041,[0.76]
1,5,C13,,,,,,0.0,0.036,[0.2]
1,5,C14,,,,,,0.03,0.039,[0.53]
1,5,C15,,,,,,0.26,0.045,[0.76]
1,5,C16,,,,,,0.0,0.026,[0.13]
1,5,C17,,,,,,0.0,0.032,[0.3]
1,5,C18,,,,,,0.0,0.048,[0.12]
1,5,C19,,,,,,0.12,0.05,[0.62]
1,5,C20,,,,,,0.0,0.051,[0.32]
1,6,C1,,,,,,0.25,0.048,[0.75]
1,6,C2,,,,,,0.29,0.041,[0.79]
1,6,C3,,,,,,0.02,0.038,[0.52]
1,6,C4,,,,,,0.26,0.041,[0.76]
1,6,C5,,,,,,0.13,0.037,[0.63]
1,6,C6,,,,,,0.37,0.035,[0.87]
1,6,C7,,,,,,0.24,0.027,[0.74]
1,6,C8,,,,,,0.0,0.032,[0.2]
1,6,C9,,,,,,0.44,0.05,[0.94]
1,6,C10,,,,,,0.4,0.047,[0.9]
1,6,C11,,,,,,0.47,0.046,[0.97]
1,6,C12,,,,,,0.26,0.041,[0.76]
1,6,C13,,,,,,0.0,0.036,[0.2]
1,6,C14,,,,,,0.03,0.039,[0.53]
1,6,C15,,,,,,0.26,0.045,[0.76]
1,6,C16,,,,,,0.0,0.026,[0.13]
1,6,C17,,,,,,0.0,0.032,[0.3]
1,6,C18,,,,,,0.0,0.048,[0.12]
1,6,C19,,,,,,0.12,0.05,[0.62]
1,6,C20,,,,,,0.0,0.051,[0.32]
1,7,C1,,,,,,0.25,0.048,[0.75]
1,7,C2,,,,,,0.29,0.041,[0.79]
1,7,C3,,,,,,0.02,0.038,[0.52]
1,7,C4,,,,,,0.26,0.041,[0.76]
1,7,C5,,,,,,0.13,0.037,[0.63]
1,7,C6,,,,,,0.37,0.035,[0.87]
1,7,C7,,,,,,0.24,0.027,[0.74]
1,7,C8,,,,,,0.0,0.032,[0.2]
1,7,C9,,,,,,0.44,0.05,[0.94]
1,7,C10,,,,,,0.4,0.047,[0.9]
1,7,C11,,,,,,0.47,0.046,[0.97]
1,7,C12,,,,,,0.26,0.041,[0.76]
1,7,C13,,,,,,0.0,0.036,[0.2]
1,7,C14,,,,,,0.03,0.039,[0.53]
1,7,C15,,,,,,0.26,0.045,[0.76]
1,7,C16,,,,,,0.0,0.026,[0.13]
1,7,C17,,,,,,0.0,0.032,[0.3]
1,7,C18,,,,,,0.0,0.048,[0.12]
1,7,C19,,,,,,0.12,0.05,[0.62]
1,7,C20,,,,,,0.0,0.051,[0.32]
1,8,C1,,,,,,0.25,0.048,[0.75]
1,8,C2,,,,,,0.29,0.041,[0.79]
1,8,C3,,,,,,0.02,0.038,[0.52]
1,8,C4,,,,,,0.26,0.041,[0.76]
1,8,C5,,,,,,0.13,0.037,[0.63]
1,8,C6,,,,,,0.37,0.035,[0.87]
1,8,C7,,,,,,0.24,0.027,[0.74]
1,8,C8,,,,,,0.0,0.032,[0.2]
1,8,C9,,,,,,0.44,0.05,[0.94]
1,8,C10,,,,,,0.4,0.047,[0.9]
1,8,C11,,,,,,0.47,0.046,[0.97]
1,8,C12,,,,,,0.26,0.041,[0.76]
1,8,C13,,,,,,0.0,0.036,[0.2]
1,8,C14,,,,,,0.03,0.039,[0.53]
1,8,C15,,,,,,0.26,0.045,[0.76]
1,8,C16,,,,,,0.0,0.026,[0.13]
1,8,C17,,,,,,0.0,0.032,[0.3]
1,8,C18,,,,,,0.0,0.048,[0.12]
1,8,C19,,,,,,0.12,0.05,[0.62]
1,8,C20,,,,,,0.0,0.051,[0.32]
1,9,C1,,,,,,0.25,0.048,[0.75]
1,9,C2,,,,,,0.29,0.041,[0.79]
1,9,C3,,,,,,0.02,0.038,[0.52]
1,9,C4,,,,,,0.26,0.041,[0.76]
1,9,C5,,,,,,0.13,0.037,[0.63]
1,9,C6,,,,,,0.37,0.035,[0.87]
1,9,C7,,,,,,0.24,0.027,[0.74]
1,9,C8,,,,,,0.0,0.032,[0.2]
1,9,C9,,,,,,0.44,0.05,[0.94]
1,9,C10,,,,,,0.4,0.047,[0.9]
1,9,C11,,,,,,0.47,0.046,[0.97]
1,9,C12,,,,,,0.26,0.041,[0.76]
1,9,C13,,,,,,0.0,0.036,[0.2]
1,9,C14,,,,,,0.03,0.039,[0.53]
1,9,C15,,,,,,0.26,0.045,[0.76]
1,9,C16,,,,,,0.0,0.026,[0.13]
1,9,C17,,,,,,0.0,0.032,[0.3]
1,9,C18,,,,,,0.0,0.048,[0.12]
1,9,C19,,,,,,0.12,0.05,[0.62]
1,9,C20,,,,,,0.0,0.051,[0.32]
1,10,C1,,,,,,0.25,0.048,[0.75]
1,10,C2,,,,,,0.29,0.041,[0.79]
1,10,C3,,,,,,0.02,0.038,[0.52]
1,10,C4,,,,,,0.26,0.041,[0.76]
1,10,C5,,,,,,0.13,0.037,[0.63]
1,10,C6,,,,,,0.37,0.035,[0.87]
1,10,C7,,,,,,0.24,0.027,[0.74]
1,10,C8,,,,,,0.0,0.032,[0.2]
1,10,C9,,,,,,0.44,0.05,[0.94]
1,10,C10,,,,,,0.4,0.047,[0.9]
1,10,C11,,,,,,0.47,0.046,[0.97]
1,10,C12,,,,,,0.26,0.041,[0.76]
1,10,C13,,,,,,0.0,0.036,[0.2]
1,10,C14,,,,,,0.03,0.039,[0.53]
1,10,C15,,,,,,0.26,0.045,[0.76]
1,10,C16,,,,,,0.0,0.026,[0.13]
1,10,C17,,,,,,0.0,0.032,[0.3]
1,10,C18,,,,,,0.0,0.048,[0.12]
1,10,C19,,,,,,0.12,0.05,[0.62]
1,10,C20,,,,,,0.0,0.051,[0.32]
2,1,C1,,,,,,-0.02,0.052,"[0.25, 0.23]"
2,1,C2,,,,,,0.36,0.04,"[0.46, 0.78]"
2,1,C3,,,,,,0.4,0.04,"[0.36, 0.8]"
2,1,C4,,,,,,0.23,0.025,"[0.65, 0.64]"
2,1,C5,,,,,,0.51,0.048,"[0.93, 0.18]"
2,1,C6,,,,,,0.54,0.042,"[0.96, 0.06]"
2,1,C7,,,,,,0.28,0.045,"[0.64, 0.7]"
2,1,C8,,,,,,0.37,0.028,"[0.19, 0.79]"
2,1,C9,,,,,,0.43,0.031,"[0.83, 0.78]"
2,1,C10,,,,,,0.28,0.04,"[0.7, 0.18]"
2,1,C11,,,,,,0.59,0.026,"[0.23, 0.99]"
2,1,C12,,,,,,-0.02,0.027,"[0.0, 0.16]"
2,1,C13,,,,,,0.59,0.038,"[0.99, 0.74]"
2,1,C14,,,,,,0.22,0.045,"[0.38, 0.64]"
2,1,C15,,,,,,-0.02,0.028,"[0.09, 0.22]"
2,1,C16,,,,,,-0.02,0.047,"[0.36, 0.25]"
2,1,C17,,,,,,0.53,0.034,"[0.39, 0.93]"
2,1,C18,,,,,,-0.02,0.031,"[0.19, 0.21]"
2,1,C19,,,,,,0.1,0.054,"[0.32, 0.52]"
2,1,C20,,,,,,0.53,0.04,"[0.1, 0.95]"
2,2,C1,,,,,,-0.02,0.052,"[0.25, 0.23]"
2,2,C2,,,,,,0.36,0.04,"[0.46, 0.78]"
2,2,C3,,,,,,0.38,0.04,"[0.36, 0.8]"
2,2,C4,,,,,,0.23,0.025,"[0.65, 0.64]"
2,2,C5,,,,,,0.51,0.048,"[0.93, 0.18]"
2,2,C6,,,,,,0.54,0.042,"[0.96, 0.06]"
2,2,C7,,,,,,0.28,0.045,"[0.64, 0.7]"
2,2,C8,,,,,,0.37,0.028,"[0.19, 0.79]"
2,2,C9,,,,,,0.41,0.031,"[0.83, 0.78]"
2,2,C10,,,,,,0.28,0.04,"[0.7, 0.18]"
2,2,C11,,,,,,0.59,0.026,"[0.23, 0.99]"
2,2,C12,,,,,,-0.02,0.027,"[0.0, 0.16]"
2,2,C13,,,,,,0.57,0.038,"[0.99, 0.74]"
2,2,C14,,,,,,0.22,0.045,"[0.38, 0.64]"
2,2,C15,,,,,,-0.02,0.028,"[0.09, 0.22]"
2,2,C16,,,,,,-0.02,0.047,"[0.36, 0.25]"
2,2,C17,,,,,,0.51,0.034,"[0.39, 0.93]"
2,2,C18,,,,,,-0.02,0.031,"[0.19, 0.21]"
2,2,C19,,,,,,0.1,0.054,"[0.32, 0.52]"
2,2,C20,,,,,,0.55,0.04,"[0.1, 0.95]"
2,3,C1,,,,,,-0.02,0.052,"[0.25, 0.23]"
2,3,C2,,,,,,0.36,0.04,"[0.46, 0.78]"
2,3,C3,,,,,,0.38,0.04,"[0.36, 0.8]"
2,3,C4,,,,,,0.23,0.025,"[0.65, 0.64]"
2,3,C5,,,,,,0.51,0.048,"[0.93, 0.18]"
2,3,C6,,,,,,0.54,0.042,"[0.96, 0.06]"
2,3,C7,,,,,,0.28,0.045,"[0.64, 0.7]"
2,3,C8,,,,,,0.37,0.028,"[0.19, 0.79]"
2,3,C9,,,,,,0.41,0.031,"[0.83, 0.78]"
2,3,C10,,,,,,0.28,0.04,"[0.7, 0.18]"
2,3,C11,,,,,,0.59,0.026,"[0.23, 0.99]"
2,3,C12,,,,,,-0.02,0.027,"[0.0, 0.16]"
2,3,C13,,,,,,0.59,0.038,"[0.99, 0.74]"
2,3,C14,,,,,,0.22,0.045,"[0.38, 0.64]"
2,3,C15,,,,,,-0.02,0.028,"[0.09, 0.22]"
2,3,C16,,,,,,-0.02,0.047,"[0.36, 0.25]"
2,3,C17,,,,,,0.53,0.034,"[0.39, 0.93]"
2,3,C18,,,,,,-0.02,0.031,"[0.19, 0.21]"
2,3,C19,,,,,,0.1,0.054,"[0.32, 0.52]"
2,3,C20,,,,,,0.53,0.04,"[0.1, 0.95]"
2,4,C1,,,,,,-0.02,0.052,"[0.25, 0.23]"
2,4,C2,,,,,,0.36,0.04,"[0.46, 0.78]"
2,4,C3,,,,,,0.4,0.04,"[0.36, 0.8]"
2,4,C4,,,,,,0.23,0.025,"[0.65, 0.64]"
2,4,C5,,,,,,0.51,0.048,"[0.93, 0.18]"
2,4,C6,,,,,,0.56,0.042,"[0.96, 0.06]"
2,4,C7,,,,,,0.28,0.045,"[0.64, 0.7]"
2,4,C8,,,,,,0.37,0.028,"[0.19, 0.79]"
2,4,C9,,,,,,0.41,0.031,"[0.83, 0.78]"
2,4,C10,,,,,,0.28,0.04,"[0.7, 0.18]"
2,4,C11,,,,,,0.57,0.026,"[0.23, 0.99]"
2,4,C12,,,,,,-0.02,0.027,"[0.0, 0.16]"
2,4,C13,,,,,,0.57,0.038,"[0.99, 0.74]"
2,4,C14,,,,,,0.22,0.045,"[0.38, 0.64]"
2,4,C15,,,,,,-0.02,0.028,"[0.09, 0.22]"
2,4,C16,,,,,,-0.02,0.047,"[0.36, 0.25]"
2,4,C17,,,,,,0.53,0.034,"[0.39, 0.93]"
2,4,C18,,,,,,-0.02,0.031,"[0.19, 0.21]"
2,4,C19,,,,,,0.1,0.054,"[0.32, 0.52]"
2,4,C20,,,,,,0.55,0.04,"[0.1, 0.95]"
2,5,C1,,,,,,-0.02,0.052,"[0.25, 0.23]"
2,5,C2,,,,,,0.36,0.04,"[0.46, 0.78]"
2,5,C3,,,,,,0.4,0.04,"[0.36, 0.8]"
2,5,C4,,,,,,0.23,0.025,"[0.65, 0.64]"
2,5,C5,,,,,,0.53,0.048,"[0.93, 0.18]"
2,5,C6,,,,,,0.54,0.042,"[0.96, 0.06]"
2,5,C7,,,,,,0.28,0.045,"[0.64, 0.7]"
2,5,C8,,,,,,0.37,0.028,"[0.19, 0.79]"
2,5,C9,,,,,,0.43,0.031,"[0.83, 0.78]"
2,5,C10,,,,,,0.28,0.04,"[0.7, 0.18]"
2,5,C11,,,,,,0.57,0.026,"[0.23, 0.99]"
2,5,C12,,,,,,-0.02,0.027,"[0.0, 0.16]"
2,5,C13,,,,,,0.57,0.038,"[0.99, 0.74]"
2,5,C14,,,,,,0.22,0.045,"[0.38, 0.64]"
2,5,C15,,,,,,-0.02,0.028,"[0.09, 0.22]"
2,5,C16,,,,,,-0.02,0.047,"[0.36, 0.25]"
2,5,C17,,,,,,0.53,0.034,"[0.39, 0.93]"
2,5,C18,,,,,,-0.02,0.031,"[0.19, 0.21]"
2,5,C19,,,,,,0.1,0.054,"[0.32, 0.52]"
2,5,C20,,,,,,0.55,0.04,"[0.1, 0.95]"
2,6,C1,,,,,,-0.02,0.052,"[0.25, 0.23]"
2,6,C2,,,,,,0.36,0.04,"[0.46, 0.78]"
2,6,C3,,,,,,0.4,0.04,"[0.36, 0.8]"
2,6,C4,,,,,,0.23,0.025,"[0.65, 0.64]"
2,6,C5,,,,,,0.51,0.048,"[0.93, 0.18]"
2,6,C6,,,,,,0.56,0.042,"[0.96, 0.06]"
2,6,C7,,,,,,0.28,0.045,"[0.64, 0.7]"
2,6,C8,,,,,,0.37,0.028,"[0.19, 0.79]"
2,6,C9,,,,,,0.41,0.031,"[0.83, 0.78]"
2,6,C10,,,,,,0.28,0.04,"[0.7, 0.18]"
2,6,C11,,,,,,0.59,0.026,"[0.23, 0.99]"
2,6,C12,,,,,,-0.02,0.027,"[0.0, 0.16]"
2,6,C13,,,,,,0.57,0.038,"[0.99, 0.74]"
2,6,C14,,,,,,0.22,0.045,"[0.38, 0.64]"
2,6,C15,,,,,,-0.02,0.028,"[0.09, 0.22]"
2,6,C16,,,,,,-0.02,0.047,"[0.36, 0.25]"
2,6,C17,,,,,,0.51,0.034,"[0.39, 0.93]"
2,6,C18,,,,,,-0.02,0.031,"[0.19, 0.21]"
2,6,C19,,,,,,0.1,0.054,"[0.32, 0.52]"
2,6,C20,,,,,,0.55,0.04,"[0.1, 0.95]"
2,7,C1,,,,,,-0.02,0.052,"[0.25, 0.23]"
2,7,C2,,,,,,0.36,0.04,"[0.46, 0.78]"
2,7,C3,,,,,,0.4,0.04,"[0.36, 0.8]"
2,7,C4,,,,,,0.23,0.025,"[0.65, 0.64]"
2,7,C5,,,,,,0.51,0.048,"[0.93, 0.18]"
2,7,C6,,,,,,0.56,0.042,"[0.96, 0.06]"
2,7,C7,,,,,,0.28,0.045,"[0.64, 0.7]"
2,7,C8,,,,,,0.37,0.028,"[0.19, 0.79]"
2,7,C9,,,,,,0.41,0.031,"[0.83, 0.78]"
2,7,C10,,,,,,0.28,0.04,"[0.7, 0.18]"
2,7,C11,,,,,,0.57,0.026,"[0.23, 0.99]"
2,7,C12,,,,,,-0.02,0.027,"[0.0, 0.16]"
2,7,C13,,,,,,0.57,0.038,"[0.99, 0.74]"
2,7,C14,,,,,,0.22,0.045,"[0.38, 0.64]"
2,7,C15,,,,,,-0.02,0.028,"[0.09, 0.22]"
2,7,C16,,,,,,-0.02,0.047,"[0.36, 0.25]"
2,7,C17,,,,,,0.51,0.034,"[0.39, 0.93]"
2,7,C18,,,,,,-0.02,0.031,"[0.19, 0.21]"
2,7,C19,,,,,,0.1,0.054,"[0.32, 0.52]"
2,7,C20,,,,,,0.53,0.04,"[0.1, 0.95]"
2,8,C1,,,,,,-0.02,0.052,"[0.25, 0.23]"
2,8,C2,,,,,,0.36,0.04,"[0.46, 0.78]"
2,8,C3,,,,,,0.4,0.04,"[0.36, 0.8]"
2,8,C4,,,,,,0.23,0.025,"[0.65, 0.64]"
2,8,C5,,,,,,0.51,0.048,"[0.93, 0.18]"
2,8,C6,,,,,,0.54,0.042,"[0.96, 0.06]"
2,8,C7,,,,,,0.28,0.045,"[0.64, 0.7]"
2,8,C8,,,,,,0.37,0.028,"[0.19, 0.79]"
2,8,C9,,,,,,0.43,0.031,"[0.83, 0.78]"
2,8,C10,,,,,,0.28,0.04,"[0.7, 0.18]"
2,8,C11,,,,,,0.59,0.026,"[0.23, 0.99]"
2,8,C12,,,,,,-0.02,0.027,"[0.0, 0.16]"
2,8,C13,,,,,,0.59,0.038,"[0.99, 0.74]"
2,8,C14,,,,,,0.22,0.045,"[0.38, 0.64]"
2,8,C15,,,,,,-0.02,0.028,"[0.09, 0.22]"
2,8,C16,,,,,,-0.02,0.047,"[0.36, 0.25]"
2,8,C17,,,,,,0.51,0.034,"[0.39, 0.93]"
2,8,C18,,,,,,-0.02,0.031,"[0.19, 0.21]"
2,8,C19,,,,,,0.1,0.054,"[0.32, 0.52]"
2,8,C20,,,,,,0.53,0.04,"[0.1, 0.95]"
2,9,C1,,,,,,-0.02,0.052,"[0.25, 0.23]"
2,9,C2,,,,,,0.36,0.04,"[0.46, 0.78]"
2,9,C3,,,,,,0.4,0.04,"[0.36, 0.8]"
2,9,C4,,,,,,0.23,0.025,"[0.65, 0.64]"
2,9,C5,,,,,,0.53,0.048,"[0.93, 0.18]"
2,9,C6,,,,,,0.56,0.042,"[0.96, 0.06]"
2,9,C7,,,,,,0.28,0.045,"[0.64, 0.7]"
2,9,C8,,,,,,0.37,0.028,"[0.19, 0.79]"
2,9,C9,,,,,,0.43,0.031,"[0.83, 0.78]"
2,9,C10,,,,,,0.28,0.04,"[0.7, 0.18]"
2,9,C11,,,,,,0.57,0.026,"[0.23, 0.99]"
2,9,C12,,,,,,-0.02,0.027,"[0.0, 0.16]"
2,9,C13,,,,,,0.57,0.038,"[0.99, 0.74]"
2,9,C14,,,,,,0.22,0.045,"[0.38, 0.64]"
2,9,C15,,,,,,-0.02,0.028,"[0.09, 0.22]"
2,9,C16,,,,,,-0.02,0.047,"[0.36, 0.25]"
2,9,C17,,,,,,0.51,0.034,"[0.39, 0.93]"
2,9,C18,,,,,,-0.02,0.031,"[0.19, 0.21]"
2,9,C19,,,,,,0.1,0.054,"[0.32, 0.52]"
2,9,C20,,,,,,0.55,0.04,"[0.1, 0.95]"
2,10,C1,,,,,,-0.02,0.052,"[0.25, 0.23]"
2,10,C2,,,,,,0.36,0.04,"[0.46, 0.78]"
2,10,C3,,,,,,0.38,0.04,"[0.36, 0.8]"
2,10,C4,,,,,,0.23,0.025,"[0.65, 0.64]"
2,10,C5,,,,,,0.51,0.048,"[0.93, 0.18]"
2,10,C6,,,,,,0.56,0.042,"[0.96, 0.06]"
2,10,C7,,,,,,0.28,0.045,"[0.64, 0.7]"
2,10,C8,,,,,,0.37,0.028,"[0.19, 0.79]"
2,10,C9,,,,,,0.43,0.031,"[0.83, 0.78]"
2,10,C10,,,,,,0.28,0.04,"[0.7, 0.18]"
2,10,C11,,,,,,0.59,0.026,"[0.23, 0.99]"
2,10,C12,,,,,,-0.02,0.027,"[0.0, 0.16]"
2,10,C13,,,,,,0.59,0.038,"[0.99, 0.74]"
2,10,C14,,,,,,0.22,0.045,"[0.38, 0.64]"
2,10,C15,,,,,,-0.02,0.028,"[0.09, 0.22]"
2,10,C16,,,,,,-0.02,0.047,"[0.36, 0.25]"
2,10,C17,,,,,,0.53,0.034,"[0.39, 0.93]"
2,10,C18,,,,,,-0.02,0.031,"[0.19, 0.21]"
2,10,C19,,,,,,0.1,0.054,"[0.32, 0.52]"
2,10,C20,,,,,,0.55,0.04,"[0.1, 0.95]"
3,1,C1,,,,,,0.03,0.04,"[0.19, 0.62, 0.54]"
3,1,C2,,,,,,-0.04,0.051,"[0.21, 0.18, 0.47]"
3,1,C3,,,,,,0.29,0.045,"[0.23, 0.25, 0.86]"
3,1,C4,,,,,,0.14,0.045,"[0.33, 0.73, 0.15]"
3,1,C5,,,,,,0.13,0.036,"[0.21, 0.72, 0.59]"
3,1,C6,,,,,,0.19,0.035,"[0.78, 0.7, 0.4]"
3,1,C7,,,,,,0.1,0.037,"[0.27, 0.55, 0.69]"
3,1,C8,,,,,,0.34,0.045,"[0.89, 0.87, 0.77]"
3,1,C9,,,,,,0.35,0.05,"[0.32, 0.31, 0.9]"
3,1,C10,,,,,,0.3,0.026,"[0.88, 0.23, 0.4]"
3,1,C11,,,,,,-0.04,0.039,"[0.01, 0.51, 0.12]"
3,1,C12,,,,,,0.37,0.036,"[0.92, 0.62, 0.94]"
3,1,C13,,,,,,0.42,0.035,"[0.14, 0.65, 0.99]"
3,1,C14,,,,,,0.42,0.035,"[0.9, 0.81, 0.97]"
3,1,C15,,,,,,0.33,0.034,"[0.25, 0.92, 0.46]"
3,1,C16,,,,,,0.26,0.042,"[0.83, 0.28, 0.4]"
3,1,C17,,,,,,0.24,0.038,"[0.16, 0.81, 0.48]"
3,1,C18,,,,,,0.34,0.036,"[0.39, 0.74, 0.89]"
3,1,C19,,,,,,0.2,0.029,"[0.78, 0.67, 0.64]"
3,1,C20,,,,,,-0.04,0.043,"[0.28, 0.27, 0.46]"
3,2,C1,,,,,,-0.02,0.04,"[0.19, 0.62, 0.54]"
3,2,C2,,,,,,-0.04,0.051,"[0.21, 0.18, 0.47]"
3,2,C3,,,,,,0.29,0.045,"[0.23, 0.25, 0.86]"
3,2,C4,,,,,,0.09,0.045,"[0.33, 0.73, 0.15]"
3,2,C5,,,,,,0.08,0.036,"[0.21, 0.72, 0.59]"
3,2,C6,,,,,,0.19,0.035,"[0.78, 0.7, 0.4]"
3,2,C7,,,,,,0.1,0.037,"[0.27, 0.55, 0.69]"
3,2,C8,,,,,,0.27,0.045,"[0.89, 0.87, 0.77]"
3,2,C9,,,,,,0.35,0.05,"[0.32, 0.31, 0.9]"
3,2,C10,,,,,,0.3,0.026,"[0.88, 0.23, 0.4]"
3,2,C11,,,,,,-0.04,0.039,"[0.01, 0.51, 0.12]"
3,2,C12,,,,,,0.37,0.036,"[0.92, 0.62, 0.94]"
3,2,C13,,,,,,0.4,0.035,"[0.14, 0.65, 0.99]"
3,2,C14,,,,,,0.42,0.035,"[0.9, 0.81, 0.97]"
3,2,C15,,,,,,0.32,0.034,"[0.25, 0.92, 0.46]"
3,2,C16,,,,,,0.26,0.042,"[0.83, 0.28, 0.4]"
3,2,C17,,,,,,0.17,0.038,"[0.16, 0.81, 0.48]"
3,2,C18,,,,,,0.34,0.036,"[0.39, 0.74, 0.89]"
3,2,C19,,,,,,0.2,0.029,"[0.78, 0.67, 0.64]"
3,2,C20,,,,,,-0.04,0.043,"[0.28, 0.27, 0.46]"
3,3,C1,,,,,,-0.02,0.04,"[0.19, 0.62, 0.54]"
3,3,C2,,,,,,-0.04,0.051,"[0.21, 0.18, 0.47]"
3,3,C3,,,,,,0.22,0.045,"[0.23, 0.25, 0.86]"
3,3,C4,,,,,,0.09,0.045,"[0.33, 0.73, 0.15]"
3,3,C5,,,,,,0.08,0.036,"[0.21, 0.72, 0.59]"
3,3,C6,,,,,,0.14,0.035,"[0.78, 0.7, 0.4]"
3,3,C7,,,,,,0.05,0.037,"[0.27, 0.55, 0.69]"
3,3,C8,,,,,,0.27,0.045,"[0.89, 0.87, 0.77]"
3,3,C9,,,,,,0.26,0.05,"[0.32, 0.31, 0.9]"
3,3,C10,,,,,,0.25,0.026,"[0.88, 0.23, 0.4]"
3,3,C11,,,,,,-0.04,0.039,"[0.01, 0.51, 0.12]"
3,3,C12,,,,,,0.32,0.036,"[0.92, 0.62, 0.94]"
3,3,C13,,,,,,0.37,0.035,"[0.14, 0.65, 0.99]"
3,3,C14,,,,,,0.3,0.035,"[0.9, 0.81, 0.97]"
3,3,C15,,,,,,0.3,0.034,"[0.25, 0.92, 0.46]"
3,3,C16,,,,,,0.23,0.042,"[0.83, 0.28, 0.4]"
3,3,C17,,,,,,0.17,0.038,"[0.16, 0.81, 0.48]"
3,3,C18,,,,,,0.27,0.036,"[0.39, 0.74, 0.89]"
3,3,C19,,,,,,0.15,0.029,"[0.78, 0.67, 0.64]"
3,3,C20,,,,,,-0.04,0.043,"[0.28, 0.27, 0.46]"
3,4,C1,,,,,,-0.02,0.04,"[0.19, 0.62, 0.54]"
3,4,C2,,,,,,-0.04,0.051,"[0.21, 0.18, 0.47]"
3,4,C3,,,,,,0.27,0.045,"[0.23, 0.25, 0.86]"
3,4,C4,,,,,,0.09,0.045,"[0.33, 0.73, 0.15]"
3,4,C5,,,,,,0.08,0.036,"[0.21, 0.72, 0.59]"
3,4,C6,,,,,,0.14,0.035,"[0.78, 0.7, 0.4]"
3,4,C7,,,,,,0.1,0.037,"[0.27, 0.55, 0.69]"
3,4,C8,,,,,,0.29,0.045,"[0.89, 0.87, 0.77]"
3,4,C9,,,,,,0.35,0.05,"[0.32, 0.31, 0.9]"
3,4,C10,,,,,,0.25,0.026,"[0.88, 0.23, 0.4]"
3,4,C11,,,,,,-0.04,0.039,"[0.01, 0.51, 0.12]"
3,4,C12,,,,,,0.39,0.036,"[0.92, 0.62, 0.94]"
3,4,C13,,,,,,0.44,0.035,"[0.14, 0.65, 0.99]"
3,4,C14,,,,,,0.42,0.035,"[0.9, 0.81, 0.97]"
3,4,C15,,,,,,0.32,0.034,"[0.25, 0.92, 0.46]"
3,4,C16,,,,,,0.19,0.042,"[0.83, 0.28, 0.4]"
3,4,C17,,,,,,0.17,0.038,"[0.16, 0.81, 0.48]"
3,4,C18,,,,,,0.34,0.036,"[0.39, 0.74, 0.89]"
3,4,C19,,,,,,0.15,0.029,"[0.78, 0.67, 0.64]"
3,4,C20,,,,,,-0.04,0.043,"[0.28, 0.27, 0.46]"
3,5,C1,,,,,,0.03,0.04,"[0.19, 0.62, 0.54]"
3,5,C2,,,,,,-0.04,0.051,"[0.21, 0.18, 0.47]"
3,5,C3,,,,,,0.27,0.045,"[0.23, 0.25, 0.86]"
3,5,C4,,,,,,0.14,0.045,"[0.33, 0.73, 0.15]"
3,5,C5,,,,,,0.13,0.036,"[0.21, 0.72, 0.59]"
3,5,C6,,,,,,0.19,0.035,"[0.78, 0.7, 0.4]"
3,5,C7,,,,,,0.1,0.037,"[0.27, 0.55, 0.69]"
3,5,C8,,,,,,0.32,0.045,"[0.89, 0.87, 0.77]"
3,5,C9,,,,,,0.35,0.05,"[0.32, 0.31, 0.9]"
3,5,C10,,,,,,0.3,0.026,"[0.88, 0.23, 0.4]"
3,5,C11,,,,,,-0.04,0.039,"[0.01, 0.51, 0.12]"
3,5,C12,,,,,,0.37,0.036,"[0.92, 0.62, 0.94]"
3,5,C13,,,,,,0.44,0.035,"[0.14, 0.65, 0.99]"
3,5,C14,,,,,,0.42,0.035,"[0.9, 0.81, 0.97]"
3,5,C15,,,,,,0.37,0.034,"[0.25, 0.92, 0.46]"
3,5,C16,,,,,,0.26,0.042,"[0.83, 0.28, 0.4]"
3,5,C17,,,,,,0.24,0.038,"[0.16, 0.81, 0.48]"
3,5,C18,,,,,,0.34,0.036,"[0.39, 0.74, 0.89]"
3,5,C19,,,,,,0.2,0.029,"[0.78, 0.67, 0.64]"
3,5,C20,,,,,,-0.04,0.043,"[0.28, 0.27, 0.46]"
3,6,C1,,,,,,-0.02,0.04,"[0.19, 0.62, 0.54]"
3,6,C2,,,,,,-0.04,0.051,"[0.21, 0.18, 0.47]"
3,6,C3,,,,,,0.31,0.045,"[0.23, 0.25, 0.86]"
3,6,C4,,,,,,0.09,0.045,"[0.33, 0.73, 0.15]"
3,6,C5,,,,,,0.08,0.036,"[0.21, 0.72, 0.59]"
3,6,C6,,,,,,0.14,0.035,"[0.78, 0.7, 0.4]"
3,6,C7,,,,,,0.1,0.037,"[0.27, 0.55, 0.69]"
3,6,C8,,,,,,0.29,0.045,"[0.89, 0.87, 0.77]"
3,6,C9,,,,,,0.35,0.05,"[0.32, 0.31, 0.9]"
3,6,C10,,,,,,0.25,0.026,"[0.88, 0.23, 0.4]"
3,6,C11,,,,,,-0.04,0.039,"[0.01, 0.51, 0.12]"
3,6,C12,,,,,,0.32,0.036,"[0.92, 0.62, 0.94]"
3,6,C13,,,,,,0.4,0.035,"[0.14, 0.65, 0.99]"
3,6,C14,,,,,,0.28,0.035,"[0.9, 0.81, 0.97]"
3,6,C15,,,,,,0.28,0.034,"[0.25, 0.92, 0.46]"
3,6,C16,,,,,,0.19,0.042,"[0.83, 0.28, 0.4]"
3,6,C17,,,,,,0.17,0.038,"[0.16, 0.81, 0.48]"
3,6,C18,,,,,,0.34,0.036,"[0.39, 0.74, 0.89]"
3,6,C19,,,,,,0.15,0.029,"[0.78, 0.67, 0.64]"
3,6,C20,,,,,,-0.04,0.043,"[0.28, 0.27, 0.46]"
3,7,C1,,,,,,-0.04,0.04,"[0.19, 0.62, 0.54]"
3,7,C2,,,,,,-0.04,0.051,"[0.21, 0.18, 0.47]"
3,7,C3,,,,,,0.26,0.045,"[0.23, 0.25, 0.86]"
3,7,C4,,,,,,0.04,0.045,"[0.33, 0.73, 0.15]"
3,7,C5,,,,,,0.03,0.036,"[0.21, 0.72, 0.59]"
3,7,C6,,,,,,0.14,0.035,"[0.78, 0.7, 0.4]"
3,7,C7,,,,,,0.05,0.037,"[0.27, 0.55, 0.69]"
3,7,C8,,,,,,0.22,0.045,"[0.89, 0.87, 0.77]"
3,7,C9,,,,,,0.3,0.05,"[0.32, 0.31, 0.9]"
3,7,C10,,,,,,0.25,0.026,"[0.88, 0.23, 0.4]"
3,7,C11,,,,,,-0.04,0.039,"[0.01, 0.51, 0.12]"
3,7,C12,,,,,,0.34,0.036,"[0.92, 0.62, 0.94]"
3,7,C13,,,,,,0.39,0.035,"[0.14, 0.65, 0.99]"
3,7,C14,,,,,,0.28,0.035,"[0.9, 0.81, 0.97]"
3,7,C15,,,,,,0.27,0.034,"[0.25, 0.92, 0.46]"
3,7,C16,,,,,,0.21,0.042,"[0.83, 0.28, 0.4]"
3,7,C17,,,,,,0.12,0.038,"[0.16, 0.81, 0.48]"
3,7,C18,,,,,,0.29,0.036,"[0.39, 0.74, 0.89]"
3,7,C19,,,,,,0.15,0.029,"[0.78, 0.67, 0.64]"
3,7,C20,,,,,,-0.04,0.043,"[0.28, 0.27, 0.46]"
3,8,C1,,,,,,-0.04,0.04,"[0.19, 0.62, 0.54]"
3,8,C2,,,,,,-0.04,0.051,"[0.21, 0.18, 0.47]"
3,8,C3,,,,,,0.24,0.045,"[0.23, 0.25, 0.86]"
3,8,C4,,,,,,0.04,0.045,"[0.33, 0.73, 0.15]"
3,8,C5,,,,,,0.03,0.036,"[0.21, 0.72, 0.59]"
3,8,C6,,,,,,0.09,0.035,"[0.78, 0.7, 0.4]"
3,8,C7,,,,,,0.05,0.037,"[0.27, 0.55, 0.69]"
3,8,C8,,,,,,0.17,0.045,"[0.89, 0.87, 0.77]"
3,8,C9,,,,,,0.28,0.05,"[0.32, 0.31, 0.9]"
3,8,C10,,,,,,0.2,0.026,"[0.88, 0.23, 0.4]"
3,8,C11,,,,,,-0.04,0.039,"[0.01, 0.51, 0.12]"
3,8,C12,,,,,,0.27,0.036,"[0.92, 0.62, 0.94]"
3,8,C13,,,,,,0.35,0.035,"[0.14, 0.65, 0.99]"
3,8,C14,,,,,,0.35,0.035,"[0.9, 0.81, 0.97]"
3,8,C15,,,,,,0.25,0.034,"[0.25, 0.92, 0.46]"
3,8,C16,,,,,,0.16,0.042,"[0.83, 0.28, 0.4]"
3,8,C17,,,,,,0.12,0.038,"[0.16, 0.81, 0.48]"
3,8,C18,,,,,,0.29,0.036,"[0.39, 0.74, 0.89]"
3,8,C19,,,,,,0.1,0.029,"[0.78, 0.67, 0.64]"
3,8,C20,,,,,,-0.04,0.043,"[0.28, 0.27, 0.46]"
3,9,C1,,,,,,-0.02,0.04,"[0.19, 0.62, 0.54]"
3,9,C2,,,,,,-0.04,0.051,"[0.21, 0.18, 0.47]"
3,9,C3,,,,,,0.22,0.045,"[0.23, 0.25, 0.86]"
3,9,C4,,,,,,0.09,0.045,"[0.33, 0.73, 0.15]"
3,9,C5,,,,,,0.08,0.036,"[0.21, 0.72, 0.59]"
3,9,C6,,,,,,0.14,0.035,"[0.78, 0.7, 0.4]"
3,9,C7,,,,,,0.05,0.037,"[0.27, 0.55, 0.69]"
3,9,C8,,,,,,0.27,0.045,"[0.89, 0.87, 0.77]"
3,9,C9,,,,,,0.26,0.05,"[0.32, 0.31, 0.9]"
3,9,C10,,,,,,0.25,0.026,"[0.88, 0.23, 0.4]"
3,9,C11,,,,,,-0.04,0.039,"[0.01, 0.51, 0.12]"
3,9,C12,,,,,,0.32,0.036,"[0.92, 0.62, 0.94]"
3,9,C13,,,,,,0.37,0.035,"[0.14, 0.65, 0.99]"
3,9,C14,,,,,,0.37,0.035,"[0.9, 0.81, 0.97]"
3,9,C15,,,,,,0.3,0.034,"[0.25, 0.92, 0.46]"
3,9,C16,,,,,,0.23,0.042,"[0.83, 0.28, 0.4]"
3,9,C17,,,,,,0.17,0.038,"[0.16, 0.81, 0.48]"
3,9,C18,,,,,,0.25,0.036,"[0.39, 0.74, 0.89]"
3,9,C19,,,,,,0.15,0.029,"[0.78, 0.67, 0.64]"
3,9,C20,,,,,,-0.04,0.043,"[0.28, 0.27, 0.46]"
3,10,C1,,,,,,-0.02,0.04,"[0.19, 0.62, 0.54]"
3,10,C2,,,,,,-0.04,0.051,"[0.21, 0.18, 0.47]"
3,10,C3,,,,,,0.24,0.045,"[0.23, 0.25, 0.86]"
3,10,C4,,,,,,0.09,0.045,"[0.33, 0.73, 0.15]"
3,10,C5,,,,,,0.08,0.036,"[0.21, 0.72, 0.59]"
3,10,C6,,,,,,0.14,0.035,"[0.78, 0.7, 0.4]"
3,10,C7,,,,,,0.05,0.037,"[0.27, 0.55, 0.69]"
3,10,C8,,,,,,0.27,0.045,"[0.89, 0.87, 0.77]"
3,10,C9,,,,,,0.26,0.05,"[0.32, 0.31, 0.9]"
3,10,C10,,,,,,0.25,0.026,"[0.88, 0.23, 0.4]"
3,10,C11,,,,,,-0.04,0.039,"[0.01, 0.51, 0.12]"
3,10,C12,,,,,,0.32,0.036,"[0.92, 0.62, 0.94]"
3,10,C13,,,,,,0.35,0.035,"[0.14, 0.65, 0.99]"
3,10,C14,,,,,,0.37,0.035,"[0.9, 0.81, 0.97]"
3,10,C15,,,,,,0.28,0.034,"[0.25, 0.92, 0.46]"
3,10,C16,,,,,,0.21,0.042,"[0.83, 0.28, 0.4]"
3,10,C17,,,,,,0.19,0.038,"[0.16, 0.81, 0.48]"
3,10,C18,,,,,,0.27,0.036,"[0.39, 0.74, 0.89]"
3,10,C19,,,,,,0.15,0.029,"[0.78, 0.67, 0.64]"
3,10,C20,,,,,,-0.04,0.043,"[0.28, 0.27, 0.46]"
4,1,C1,,,,,,0.14,0.038,"[0.6, 0.19, 0.26, 0.78]"
4,1,C2,,,,,,0.33,0.03,"[0.15, 0.96, 0.21, 0.29]"
4,1,C3,,,,,,0.31,0.04,"[0.31, 0.64, 0.59, 0.95]"
4,1,C4,,,,,,0.24,0.032,"[0.87, 0.71, 0.23, 0.6]"
4,1,C5,,,,,,0.39,0.049,"[0.06, 0.26, 0.99, 0.32]"
4,1,C6,,,,,,0.31,0.044,"[0.42, 0.33, 0.4, 0.95]"
4,1,C7,,,,,,0.33,0.053,"[0.55, 0.03, 0.79, 0.97]"
4,1,C8,,,,,,0.29,0.049,"[0.27, 0.53, 0.89, 0.42]"
4,1,C9,,,,,,-0.04,0.035,"[0.45, 0.5, 0.32, 0.59]"
4,1,C10,,,,,,0.21,0.043,"[0.69, 0.45, 0.64, 0.85]"
4,1,C11,,,,,,0.21,0.03,"[0.83, 0.84, 0.3, 0.47]"
4,1,C12,,,,,,0.21,0.032,"[0.24, 0.75, 0.06, 0.84]"
4,1,C13,,,,,,0.26,0.044,"[0.63, 0.35, 0.9, 0.89]"
4,1,C14,,,,,,-0.03,0.033,"[0.58, 0.29, 0.21, 0.14]"
4,1,C15,,,,,,0.05,0.039,"[0.27, 0.69, 0.37, 0.4]"
4,1,C16,,,,,,0.34,0.054,"[1.0, 0.41, 0.79, 0.28]"
4,1,C17,,,,,,0.17,0.029,"[0.24, 0.03, 0.36, 0.8]"
4,1,C18,,,,,,0.27,0.054,"[0.79, 0.89, 0.57, 0.17]"
4,1,C19,,,,,,0.34,0.054,"[0.98, 0.75, 0.01, 0.19]"
4,1,C20,,,,,,0.3,0.042,"[0.21, 0.94, 0.41, 0.58]"
4,2,C1,,,,,,0.14,0.038,"[0.6, 0.19, 0.26, 0.78]"
4,2,C2,,,,,,0.23,0.03,"[0.15, 0.96, 0.21, 0.29]"
4,2,C3,,,,,,0.31,0.04,"[0.31, 0.64, 0.59, 0.95]"
4,2,C4,,,,,,0.14,0.032,"[0.87, 0.71, 0.23, 0.6]"
4,2,C5,,,,,,0.23,0.049,"[0.06, 0.26, 0.99, 0.32]"
4,2,C6,,,,,,0.31,0.044,"[0.42, 0.33, 0.4, 0.95]"
4,2,C7,,,,,,0.37,0.053,"[0.55, 0.03, 0.79, 0.97]"
4,2,C8,,,,,,0.17,0.049,"[0.27, 0.53, 0.89, 0.42]"
4,2,C9,,,,,,-0.04,0.035,"[0.45, 0.5, 0.32, 0.59]"
4,2,C10,,,,,,0.21,0.043,"[0.69, 0.45, 0.64, 0.85]"
4,2,C11,,,,,,0.11,0.03,"[0.83, 0.84, 0.3, 0.47]"
4,2,C12,,,,,,0.21,0.032,"[0.24, 0.75, 0.06, 0.84]"
4,2,C13,,,,,,0.16,0.044,"[0.63, 0.35, 0.9, 0.89]"
4,2,C14,,,,,,-0.03,0.033,"[0.58, 0.29, 0.21, 0.14]"
4,2,C15,,,,,,-0.05,0.039,"[0.27, 0.69, 0.37, 0.4]"
4,2,C16,,,,,,0.28,0.054,"[1.0, 0.41, 0.79, 0.28]"
4,2,C17,,,,,,0.17,0.029,"[0.24, 0.03, 0.36, 0.8]"
4,2,C18,,,,,,0.17,0.054,"[0.79, 0.89, 0.57, 0.17]"
4,2,C19,,,,,,0.22,0.054,"[0.98, 0.75, 0.01, 0.19]"
4,2,C20,,,,,,0.2,0.042,"[0.21, 0.94, 0.41, 0.58]"
4,3,C1,,,,,,0.14,0.038,"[0.6, 0.19, 0.26, 0.78]"
4,3,C2,,,,,,0.23,0.03,"[0.15, 0.96, 0.21, 0.29]"
4,3,C3,,,,,,0.31,0.04,"[0.31, 0.64, 0.59, 0.95]"
4,3,C4,,,,,,0.24,0.032,"[0.87, 0.71, 0.23, 0.6]"
4,3,C5,,,,,,0.23,0.049,"[0.06, 0.26, 0.99, 0.32]"
4,3,C6,,,,,,0.31,0.044,"[0.42, 0.33, 0.4, 0.95]"
4,3,C7,,,,,,0.35,0.053,"[0.55, 0.03, 0.79, 0.97]"
4,3,C8,,,,,,0.19,0.049,"[0.27, 0.53, 0.89, 0.42]"
4,3,C9,,,,,,-0.04,0.035,"[0.45, 0.5, 0.32, 0.59]"
4,3,C10,,,,,,0.21,0.043,"[0.69, 0.45, 0.64, 0.85]"
4,3,C11,,,,,,0.11,0.03,"[0.83, 0.84, 0.3, 0.47]"
4,3,C12,,,,,,0.21,0.032,"[0.24, 0.75, 0.06, 0.84]"
4,3,C13,,,,,,0.16,0.044,"[0.63, 0.35, 0.9, 0.89]"
4,3,C14,,,,,,-0.03,0.033,"[0.58, 0.29, 0.21, 0.14]"
4,3,C15,,,,,,-0.05,0.039,"[0.27, 0.69, 0.37, 0.4]"
4,3,C16,,,,,,0.38,0.054,"[1.0, 0.41, 0.79, 0.28]"
4,3,C17,,,,,,0.17,0.029,"[0.24, 0.03, 0.36, 0.8]"
4,3,C18,,,,,,0.17,0.054,"[0.79, 0.89, 0.57, 0.17]"
4,3,C19,,,,,,0.34,0.054,"[0.98, 0.75, 0.01, 0.19]"
4,3,C20,,,,,,0.2,0.042,"[0.21, 0.94, 0.41, 0.58]"
4,4,C1,,,,,,0.14,0.038,"[0.6, 0.19, 0.26, 0.78]"
4,4,C2,,,,,,0.23,0.03,"[0.15, 0.96, 0.21, 0.29]"
4,4,C3,,,,,,0.31,0.04,"[0.31, 0.64, 0.59, 0.95]"
4,4,C4,,,,,,0.14,0.032,"[0.87, 0.71, 0.23, 0.6]"
4,4,C5,,,,,,0.29,0.049,"[0.06, 0.26, 0.99, 0.32]"
4,4,C6,,,,,,0.31,0.044,"[0.42, 0.33, 0.4, 0.95]"
4,4,C7,,,,,,0.35,0.053,"[0.55, 0.03, 0.79, 0.97]"
4,4,C8,,,,,,0.17,0.049,"[0.27, 0.53, 0.89, 0.42]"
4,4,C9,,,,,,-0.04,0.035,"[0.45, 0.5, 0.32, 0.59]"
4,4,C10,,,,,,0.21,0.043,"[0.69, 0.45, 0.64, 0.85]"
4,4,C11,,,,,,0.11,0.03,"[0.83, 0.84, 0.3, 0.47]"
4,4,C12,,,,,,0.21,0.032,"[0.24, 0.75, 0.06, 0.84]"
4,4,C13,,,,,,0.16,0.044,"[0.63, 0.35, 0.9, 0.89]"
4,4,C14,,,,,,-0.03,0.033,"[0.58, 0.29, 0.21, 0.14]"
4,4,C15,,,,,,-0.05,0.039,"[0.27, 0.69, 0.37, 0.4]"
4,4,C16,,,,,,0.24,0.054,"[1.0, 0.41, 0.79, 0.28]"
4,4,C17,,,,,,0.17,0.029,"[0.24, 0.03, 0.36, 0.8]"
4,4,C18,,,,,,0.15,0.054,"[0.79, 0.89, 0.57, 0.17]"
4,4,C19,,,,,,0.24,0.054,"[0.98, 0.75, 0.01, 0.19]"
4,4,C20,,,,,,0.2,0.042,"[0.21, 0.94, 0.41, 0.58]"
4,5,C1,,,,,,0.14,0.038,"[0.6, 0.19, 0.26, 0.78]"
4,5,C2,,,,,,0.23,0.03,"[0.15, 0.96, 0.21, 0.29]"
4,5,C3,,,,,,0.31,0.04,"[0.31, 0.64, 0.59, 0.95]"
4,5,C4,,,,,,0.24,0.032,"[0.87, 0.71, 0.23, 0.6]"
4,5,C5,,,,,,0.3,0.049,"[0.06, 0.26, 0.99, 0.32]"
4,5,C6,,,,,,0.31,0.044,"[0.42, 0.33, 0.4, 0.95]"
4,5,C7,,,,,,0.31,0.053,"[0.55, 0.03, 0.79, 0.97]"
4,5,C8,,,,,,0.22,0.049,"[0.27, 0.53, 0.89, 0.42]"
4,5,C9,,,,,,-0.04,0.035,"[0.45, 0.5, 0.32, 0.59]"
4,5,C10,,,,,,0.21,0.043,"[0.69, 0.45, 0.64, 0.85]"
4,5,C11,,,,,,0.11,0.03,"[0.83, 0.84, 0.3, 0.47]"
4,5,C12,,,,,,0.21,0.032,"[0.24, 0.75, 0.06, 0.84]"
4,5,C13,,,,,,0.21,0.044,"[0.63, 0.35, 0.9, 0.89]"
4,5,C14,,,,,,-0.03,0.033,"[0.58, 0.29, 0.21, 0.14]"
4,5,C15,,,,,,-0.05,0.039,"[0.27, 0.69, 0.37, 0.4]"
4,5,C16,,,,,,0.36,0.054,"[1.0, 0.41, 0.79, 0.28]"
4,5,C17,,,,,,0.17,0.029,"[0.24, 0.03, 0.36, 0.8]"
4,5,C18,,,,,,0.19,0.054,"[0.79, 0.89, 0.57, 0.17]"
4,5,C19,,,,,,0.32,0.054,"[0.98, 0.75, 0.01, 0.19]"
4,5,C20,,,,,,0.2,0.042,"[0.21, 0.94, 0.41, 0.58]"
4,6,C1,,,,,,0.14,0.038,"[0.6, 0.19, 0.26, 0.78]"
4,6,C2,,,,,,0.23,0.03,"[0.15, 0.96, 0.21, 0.29]"
4,6,C3,,,,,,0.31,0.04,"[0.31, 0.64, 0.59, 0.95]"
4,6,C4,,,,,,0.24,0.032,"[0.87, 0.71, 0.23, 0.6]"
4,6,C5,,,,,,0.29,0.049,"[0.06, 0.26, 0.99, 0.32]"
4,6,C6,,,,,,0.31,0.044,"[0.42, 0.33, 0.4, 0.95]"
4,6,C7,,,,,,0.31,0.053,"[0.55, 0.03, 0.79, 0.97]"
4,6,C8,,,,,,0.17,0.049,"[0.27, 0.53, 0.89, 0.42]"
4,6,C9,,,,,,-0.04,0.035,"[0.45, 0.5, 0.32, 0.59]"
4,6,C10,,,,,,0.21,0.043,"[0.69, 0.45, 0.64, 0.85]"
4,6,C11,,,,,,0.11,0.03,"[0.83, 0.84, 0.3, 0.47]"
4,6,C12,,,,,,0.21,0.032,"[0.24, 0.75, 0.06, 0.84]"
4,6,C13,,,,,,0.16,0.044,"[0.63, 0.35, 0.9, 0.89]"
4,6,C14,,,,,,-0.03,0.033,"[0.58, 0.29, 0.21, 0.14]"
4,6,C15,,,,,,-0.05,0.039,"[0.27, 0.69, 0.37, 0.4]"
4,6,C16,,,,,,0.34,0.054,"[1.0, 0.41, 0.79, 0.28]"
4,6,C17,,,,,,0.17,0.029,"[0.24, 0.03, 0.36, 0.8]"
4,6,C18,,,,,,0.19,0.054,"[0.79, 0.89, 0.57, 0.17]"
4,6,C19,,,,,,0.32,0.054,"[0.98, 0.75, 0.01, 0.19]"
4,6,C20,,,,,,0.2,0.042,"[0.21, 0.94, 0.41, 0.58]"
4,7,C1,,,,,,0.14,0.038,"[0.6, 0.19, 0.26, 0.78]"
4,7,C2,,,,,,0.33,0.03,"[0.15, 0.96, 0.21, 0.29]"
4,7,C3,,,,,,0.31,0.04,"[0.31, 0.64, 0.59, 0.95]"
4,7,C4,,,,,,0.24,0.032,"[0.87, 0.71, 0.23, 0.6]"
4,7,C5,,,,,,0.25,0.049,"[0.06, 0.26, 0.99, 0.32]"
4,7,C6,,,,,,0.31,0.044,"[0.42, 0.33, 0.4, 0.95]"
4,7,C7,,,,,,0.35,0.053,"[0.55, 0.03, 0.79, 0.97]"
4,7,C8,,,,,,0.17,0.049,"[0.27, 0.53, 0.89, 0.42]"
4,7,C9,,,,,,-0.04,0.035,"[0.45, 0.5, 0.32, 0.59]"
4,7,C10,,,,,,0.21,0.043,"[0.69, 0.45, 0.64, 0.85]"
4,7,C11,,,,,,0.21,0.03,"[0.83, 0.84, 0.3, 0.47]"
4,7,C12,,,,,,0.21,0.032,"[0.24, 0.75, 0.06, 0.84]"
4,7,C13,,,,,,0.16,0.044,"[0.63, 0.35, 0.9, 0.89]"
4,7,C14,,,,,,-0.03,0.033,"[0.58, 0.29, 0.21, 0.14]"
4,7,C15,,,,,,0.05,0.039,"[0.27, 0.69, 0.37, 0.4]"
4,7,C16,,,,,,0.4,0.054,"[1.0, 0.41, 0.79, 0.28]"
4,7,C17,,,,,,0.17,0.029,"[0.24, 0.03, 0.36, 0.8]"
4,7,C18,,,,,,0.29,0.054,"[0.79, 0.89, 0.57, 0.17]"
4,7,C19,,,,,,0.38,0.054,"[0.98, 0.75, 0.01, 0.19]"
4,7,C20,,,,,,0.3,0.042,"[0.21, 0.94, 0.41, 0.58]"
4,8,C1,,,,,,0.14,0.038,"[0.6, 0.19, 0.26, 0.78]"
4,8,C2,,,,,,0.33,0.03,"[0.15, 0.96, 0.21, 0.29]"
4,8,C3,,,,,,0.31,0.04,"[0.31, 0.64, 0.59, 0.95]"
4,8,C4,,,,,,0.24,0.032,"[0.87, 0.71, 0.23, 0.6]"
4,8,C5,,,,,,0.28,0.049,"[0.06, 0.26, 0.99, 0.32]"
4,8,C6,,,,,,0.31,0.044,"[0.42, 0.33, 0.4, 0.95]"
4,8,C7,,,,,,0.35,0.053,"[0.55, 0.03, 0.79, 0.97]"
4,8,C8,,,,,,0.2,0.049,"[0.27, 0.53, 0.89, 0.42]"
4,8,C9,,,,,,-0.04,0.035,"[0.45, 0.5, 0.32, 0.59]"
4,8,C10,,,,,,0.21,0.043,"[0.69, 0.45, 0.64, 0.85]"
4,8,C11,,,,,,0.21,0.03,"[0.83, 0.84, 0.3, 0.47]"
4,8,C12,,,,,,0.21,0.032,"[0.24, 0.75, 0.06, 0.84]"
4,8,C13,,,,,,0.21,0.044,"[0.63, 0.35, 0.9, 0.89]"
4,8,C14,,,,,,-0.03,0.033,"[0.58, 0.29, 0.21, 0.14]"
4,8,C15,,,,,,0.05,0.039,"[0.27, 0.69, 0.37, 0.4]"
4,8,C16,,,,,,0.4,0.054,"[1.0, 0.41, 0.79, 0.28]"
4,8,C17,,,,,,0.17,0.029,"[0.24, 0.03, 0.36, 0.8]"
4,8,C18,,,,,,0.17,0.054,"[0.79, 0.89, 0.57, 0.17]"
4,8,C19,,,,,,0.36,0.054,"[0.98, 0.75, 0.01, 0.19]"
4,8,C20,,,,,,0.3,0.042,"[0.21, 0.94, 0.41, 0.58]"
4,9,C1,,,,,,0.14,0.038,"[0.6, 0.19, 0.26, 0.78]"
4,9,C2,,,,,,0.23,0.03,"[0.15, 0.96, 0.21, 0.29]"
4,9,C3,,,,,,0.31,0.04,"[0.31, 0.64, 0.59, 0.95]"
4,9,C4,,,,,,0.24,0.032,"[0.87, 0.71, 0.23, 0.6]"
4,9,C5,,,,,,0.23,0.049,"[0.06, 0.26, 0.99, 0.32]"
4,9,C6,,,,,,0.31,0.044,"[0.42, 0.33, 0.4, 0.95]"
4,9,C7,,,,,,0.37,0.053,"[0.55, 0.03, 0.79, 0.97]"
4,9,C8,,,,,,0.19,0.049,"[0.27, 0.53, 0.89, 0.42]"
4,9,C9,,,,,,-0.04,0.035,"[0.45, 0.5, 0.32, 0.59]"
4,9,C10,,,,,,0.21,0.043,"[0.69, 0.45, 0.64, 0.85]"
4,9,C11,,,,,,0.11,0.03,"[0.83, 0.84, 0.3, 0.47]"
4,9,C12,,,,,,0.21,0.032,"[0.24, 0.75, 0.06, 0.84]"
4,9,C13,,,,,,0.16,0.044,"[0.63, 0.35, 0.9, 0.89]"
4,9,C14,,,,,,-0.03,0.033,"[0.58, 0.29, 0.21, 0.14]"
4,9,C15,,,,,,-0.05,0.039,"[0.27, 0.69, 0.37, 0.4]"
4,9,C16,,,,,,0.4,0.054,"[1.0, 0.41, 0.79, 0.28]"
4,9,C17,,,,,,0.17,0.029,"[0.24, 0.03, 0.36, 0.8]"
4,9,C18,,,,,,0.17,0.054,"[0.79, 0.89, 0.57, 0.17]"
4,9,C19,,,,,,0.36,0.054,"[0.98, 0.75, 0.01, 0.19]"
4,9,C20,,,,,,0.2,0.042,"[0.21, 0.94, 0.41, 0.58]"
4,10,C1,,,,,,0.14,0.038,"[0.6, 0.19, 0.26, 0.78]"
4,10,C2,,,,,,0.23,0.03,"[0.15, 0.96, 0.21, 0.29]"
4,10,C3,,,,,,0.31,0.04,"[0.31, 0.64, 0.59, 0.95]"
4,10,C4,,,,,,0.14,0.032,"[0.87, 0.71, 0.23, 0.6]"
4,10,C5,,,,,,0.29,0.049,"[0.06, 0.26, 0.99, 0.32]"
4,10,C6,,,,,,0.31,0.044,"[0.42, 0.33, 0.4, 0.95]"
4,10,C7,,,,,,0.35,0.053,"[0.55, 0.03, 0.79, 0.97]"
4,10,C8,,,,,,0.17,0.049,"[0.27, 0.53, 0.89, 0.42]"
4,10,C9,,,,,,-0.04,0.035,"[0.45, 0.5, 0.32, 0.59]"
4,10,C10,,,,,,0.21,0.043,"[0.69, 0.45, 0.64, 0.85]"
4,10,C11,,,,,,0.11,0.03,"[0.83, 0.84, 0.3, 0.47]"
4,10,C12,,,,,,0.21,0.032,"[0.24, 0.75, 0.06, 0.84]"
4,10,C13,,,,,,0.16,0.044,"[0.63, 0.35, 0.9, 0.89]"
4,10,C14,,,,,,-0.03,0.033,"[0.58, 0.29, 0.21, 0.14]"
4,10,C15,,,,,,-0.05,0.039,"[0.27, 0.69, 0.37, 0.4]"
4,10,C16,,,,,,0.28,0.054,"[1.0, 0.41, 0.79, 0.28]"
4,10,C17,,,,,,0.17,0.029,"[0.24, 0.03, 0.36, 0.8]"
4,10,C18,,,,,,0.19,0.054,"[0.79, 0.89, 0.57, 0.17]"
4,10,C19,,,,,,0.28,0.054,"[0.98, 0.75, 0.01, 0.19]"
4,10,C20,,,,,,0.2,0.042,"[0.21, 0.94, 0.41, 0.58]"
5,1,C1,,,,,,0.3,0.036,"[0.05, 0.37, 0.94, 0.59, 0.33]"
5,1,C2,,,,,,-0.04,0.035,"[0.4, 0.47, 0.53, 0.43, 0.35]"
5,1,C3,,,,,,0.33,0.034,"[0.42, 0.87, 0.73, 0.83, 0.96]"
5,1,C4,,,,,,0.14,0.032,"[0.75, 0.77, 0.19, 0.58, 0.52]"
5,1,C5,,,,,,0.3,0.03,"[0.52, 0.02, 0.93, 0.69, 0.18]"
5,1,C6,,,,,,0.33,0.043,"[0.97, 0.07, 0.68, 0.68, 0.14]"
5,1,C7,,,,,,0.07,0.046,"[0.46, 0.15, 0.25, 0.72, 0.61]"
5,1,C8,,,,,,0.13,0.043,"[0.75, 0.34, 0.63, 0.36, 0.77]"
5,1,C9,,,,,,-0.04,0.054,"[0.55, 0.61, 0.49, 0.21, 0.19]"
5,1,C10,,,,,,0.31,0.043,"[0.34, 0.65, 0.52, 0.54, 0.95]"
5,1,C11,,,,,,0.33,0.03,"[0.81, 0.96, 0.51, 0.26, 0.36]"
5,1,C12,,,,,,0.02,0.029,"[0.17, 0.29, 0.65, 0.31, 0.18]"
5,1,C13,,,,,,0.28,0.037,"[0.05, 0.43, 0.42, 0.33, 0.92]"
5,1,C14,,,,,,0.09,0.041,"[0.69, 0.27, 0.19, 0.54, 0.73]"
5,1,C15,,,,,,0.19,0.043,"[0.14, 0.83, 0.34, 0.17, 0.15]"
5,1,C16,,,,,,0.14,0.036,"[0.43, 0.5, 0.78, 0.42, 0.21]"
5,1,C17,,,,,,0.31,0.042,"[0.9, 0.84, 0.58, 0.95, 0.43]"
5,1,C18,,,,,,0.26,0.052,"[0.91, 0.61, 0.78, 0.79, 0.59]"
5,1,C19,,,,,,0.36,0.036,"[0.93, 0.52, 0.78, 1.0, 0.7]"
5,1,C20,,,,,,-0.04,0.037,"[0.42, 0.09, 0.03, 0.17, 0.4]"
5,2,C1,,,,,,0.2,0.036,"[0.05, 0.37, 0.94, 0.59, 0.33]"
5,2,C2,,,,,,-0.04,0.035,"[0.4, 0.47, 0.53, 0.43, 0.35]"
5,2,C3,,,,,,0.33,0.034,"[0.42, 0.87, 0.73, 0.83, 0.96]"
5,2,C4,,,,,,0.04,0.032,"[0.75, 0.77, 0.19, 0.58, 0.52]"
5,2,C5,,,,,,0.2,0.03,"[0.52, 0.02, 0.93, 0.69, 0.18]"
5,2,C6,,,,,,0.23,0.043,"[0.97, 0.07, 0.68, 0.68, 0.14]"
5,2,C7,,,,,,-0.03,0.046,"[0.46, 0.15, 0.25, 0.72, 0.61]"
5,2,C8,,,,,,0.13,0.043,"[0.75, 0.34, 0.63, 0.36, 0.77]"
5,2,C9,,,,,,-0.05,0.054,"[0.55, 0.61, 0.49, 0.21, 0.19]"
5,2,C10,,,,,,0.31,0.043,"[0.34, 0.65, 0.52, 0.54, 0.95]"
5,2,C11,,,,,,0.23,0.03,"[0.81, 0.96, 0.51, 0.26, 0.36]"
5,2,C12,,,,,,-0.03,0.029,"[0.17, 0.29, 0.65, 0.31, 0.18]"
5,2,C13,,,,,,0.28,0.037,"[0.05, 0.43, 0.42, 0.33, 0.92]"
5,2,C14,,,,,,0.09,0.041,"[0.69, 0.27, 0.19, 0.54, 0.73]"
5,2,C15,,,,,,0.09,0.043,"[0.14, 0.83, 0.34, 0.17, 0.15]"
5,2,C16,,,,,,0.04,0.036,"[0.43, 0.5, 0.78, 0.42, 0.21]"
5,2,C17,,,,,,0.21,0.042,"[0.9, 0.84, 0.58, 0.95, 0.43]"
5,2,C18,,,,,,0.16,0.052,"[0.91, 0.61, 0.78, 0.79, 0.59]"
5,2,C19,,,,,,0.26,0.036,"[0.93, 0.52, 0.78, 1.0, 0.7]"
5,2,C20,,,,,,-0.04,0.037,"[0.42, 0.09, 0.03, 0.17, 0.4]"
5,3,C1,,,,,,0.3,0.036,"[0.05, 0.37, 0.94, 0.59, 0.33]"
5,3,C2,,,,,,-0.04,0.035,"[0.4, 0.47, 0.53, 0.43, 0.35]"
5,3,C3,,,,,,0.33,0.034,"[0.42, 0.87, 0.73, 0.83, 0.96]"
5,3,C4,,,,,,0.14,0.032,"[0.75, 0.77, 0.19, 0.58, 0.52]"
5,3,C5,,,,,,0.3,0.03,"[0.52, 0.02, 0.93, 0.69, 0.18]"
5,3,C6,,,,,,0.23,0.043,"[0.97, 0.07, 0.68, 0.68, 0.14]"
5,3,C7,,,,,,-0.03,0.046,"[0.46, 0.15, 0.25, 0.72, 0.61]"
5,3,C8,,,,,,0.13,0.043,"[0.75, 0.34, 0.63, 0.36, 0.77]"
5,3,C9,,,,,,-0.05,0.054,"[0.55, 0.61, 0.49, 0.21, 0.19]"
5,3,C10,,,,,,0.31,0.043,"[0.34, 0.65, 0.52, 0.54, 0.95]"
5,3,C11,,,,,,0.33,0.03,"[0.81, 0.96, 0.51, 0.26, 0.36]"
5,3,C12,,,,,,0.02,0.029,"[0.17, 0.29, 0.65, 0.31, 0.18]"
5,3,C13,,,,,,0.28,0.037,"[0.05, 0.43, 0.42, 0.33, 0.92]"
5,3,C14,,,,,,0.09,0.041,"[0.69, 0.27, 0.19, 0.54, 0.73]"
5,3,C15,,,,,,0.19,0.043,"[0.14, 0.83, 0.34, 0.17, 0.15]"
5,3,C16,,,,,,0.14,0.036,"[0.43, 0.5, 0.78, 0.42, 0.21]"
5,3,C17,,,,,,0.21,0.042,"[0.9, 0.84, 0.58, 0.95, 0.43]"
5,3,C18,,,,,,0.16,0.052,"[0.91, 0.61, 0.78, 0.79, 0.59]"
5,3,C19,,,,,,0.26,0.036,"[0.93, 0.52, 0.78, 1.0, 0.7]"
5,3,C20,,,,,,-0.04,0.037,"[0.42, 0.09, 0.03, 0.17, 0.4]"
5,4,C1,,,,,,0.3,0.036,"[0.05, 0.37, 0.94, 0.59, 0.33]"
5,4,C2,,,,,,-0.04,0.035,"[0.4, 0.47, 0.53, 0.43, 0.35]"
5,4,C3,,,,,,0.33,0.034,"[0.42, 0.87, 0.73, 0.83, 0.96]"
5,4,C4,,,,,,0.14,0.032,"[0.75, 0.77, 0.19, 0.58, 0.52]"
5,4,C5,,,,,,0.3,0.03,"[0.52, 0.02, 0.93, 0.69, 0.18]"
5,4,C6,,,,,,0.33,0.043,"[0.97, 0.07, 0.68, 0.68, 0.14]"
5,4,C7,,,,,,0.07,0.046,"[0.46, 0.15, 0.25, 0.72, 0.61]"
5,4,C8,,,,,,0.13,0.043,"[0.75, 0.34, 0.63, 0.36, 0.77]"
5,4,C9,,,,,,-0.04,0.054,"[0.55, 0.61, 0.49, 0.21, 0.19]"
5,4,C10,,,,,,0.31,0.043,"[0.34, 0.65, 0.52, 0.54, 0.95]"
5,4,C11,,,,,,0.33,0.03,"[0.81, 0.96, 0.51, 0.26, 0.36]"
5,4,C12,,,,,,0.02,0.029,"[0.17, 0.29, 0.65, 0.31, 0.18]"
5,4,C13,,,,,,0.28,0.037,"[0.05, 0.43, 0.42, 0.33, 0.92]"
5,4,C14,,,,,,0.09,0.041,"[0.69, 0.27, 0.19, 0.54, 0.73]"
5,4,C15,,,,,,0.19,0.043,"[0.14, 0.83, 0.34, 0.17, 0.15]"
5,4,C16,,,,,,0.14,0.036,"[0.43, 0.5, 0.78, 0.42, 0.21]"
5,4,C17,,,,,,0.31,0.042,"[0.9, 0.84, 0.58, 0.95, 0.43]"
5,4,C18,,,,,,0.26,0.052,"[0.91, 0.61, 0.78, 0.79, 0.59]"
5,4,C19,,,,,,0.36,0.036,"[0.93, 0.52, 0.78, 1.0, 0.7]"
5,4,C20,,,,,,-0.04,0.037,"[0.42, 0.09, 0.03, 0.17, 0.4]"
5,5,C1,,,,,,0.3,0.036,"[0.05, 0.37, 0.94, 0.59, 0.33]"
5,5,C2,,,,,,-0.04,0.035,"[0.4, 0.47, 0.53, 0.43, 0.35]"
5,5,C3,,,,,,0.33,0.034,"[0.42, 0.87, 0.73, 0.83, 0.96]"
5,5,C4,,,,,,0.14,0.032,"[0.75, 0.77, 0.19, 0.58, 0.52]"
5,5,C5,,,,,,0.3,0.03,"[0.52, 0.02, 0.93, 0.69, 0.18]"
5,5,C6,,,,,,0.33,0.043,"[0.97, 0.07, 0.68, 0.68, 0.14]"
5,5,C7,,,,,,0.07,0.046,"[0.46, 0.15, 0.25, 0.72, 0.61]"
5,5,C8,,,,,,0.13,0.043,"[0.75, 0.34, 0.63, 0.36, 0.77]"
5,5,C9,,,,,,-0.04,0.054,"[0.55, 0.61, 0.49, 0.21, 0.19]"
5,5,C10,,,,,,0.31,0.043,"[0.34, 0.65, 0.52, 0.54, 0.95]"
5,5,C11,,,,,,0.33,0.03,"[0.81, 0.96, 0.51, 0.26, 0.36]"
5,5,C12,,,,,,0.02,0.029,"[0.17, 0.29, 0.65, 0.31, 0.18]"
5,5,C13,,,,,,0.28,0.037,"[0.05, 0.43, 0.42, 0.33, 0.92]"
5,5,C14,,,,,,0.09,0.041,"[0.69, 0.27, 0.19, 0.54, 0.73]"
5,5,C15,,,,,,0.19,0.043,"[0.14, 0.83, 0.34, 0.17, 0.15]"
5,5,C16,,,,,,0.14,0.036,"[0.43, 0.5, 0.78, 0.42, 0.21]"
5,5,C17,,,,,,0.31,0.042,"[0.9, 0.84, 0.58, 0.95, 0.43]"
5,5,C18,,,,,,0.26,0.052,"[0.91, 0.61, 0.78, 0.79, 0.59]"
5,5,C19,,,,,,0.36,0.036,"[0.93, 0.52, 0.78, 1.0, 0.7]"
5,5,C20,,,,,,-0.04,0.037,"[0.42, 0.09, 0.03, 0.17, 0.4]"
5,6,C1,,,,,,0.3,0.036,"[0.05, 0.37, 0.94, 0.59, 0.33]"
5,6,C2,,,,,,-0.04,0.035,"[0.4, 0.47, 0.53, 0.43, 0.35]"
5,6,C3,,,,,,0.33,0.034,"[0.42, 0.87, 0.73, 0.83, 0.96]"
5,6,C4,,,,,,0.14,0.032,"[0.75, 0.77, 0.19, 0.58, 0.52]"
5,6,C5,,,,,,0.3,0.03,"[0.52, 0.02, 0.93, 0.69, 0.18]"
5,6,C6,,,,,,0.33,0.043,"[0.97, 0.07, 0.68, 0.68, 0.14]"
5,6,C7,,,,,,0.07,0.046,"[0.46, 0.15, 0.25, 0.72, 0.61]"
5,6,C8,,,,,,0.13,0.043,"[0.75, 0.34, 0.63, 0.36, 0.77]"
5,6,C9,,,,,,-0.04,0.054,"[0.55, 0.61, 0.49, 0.21, 0.19]"
5,6,C10,,,,,,0.31,0.043,"[0.34, 0.65, 0.52, 0.54, 0.95]"
5,6,C11,,,,,,0.33,0.03,"[0.81, 0.96, 0.51, 0.26, 0.36]"
5,6,C12,,,,,,0.02,0.029,"[0.17, 0.29, 0.65, 0.31, 0.18]"
5,6,C13,,,,,,0.28,0.037,"[0.05, 0.43, 0.42, 0.33, 0.92]"
5,6,C14,,,,,,0.09,0.041,"[0.69, 0.27, 0.19, 0.54, 0.73]"
5,6,C15,,,,,,0.19,0.043,"[0.14, 0.83, 0.34, 0.17, 0.15]"
5,6,C16,,,,,,0.14,0.036,"[0.43, 0.5, 0.78, 0.42, 0.21]"
5,6,C17,,,,,,0.31,0.042,"[0.9, 0.84, 0.58, 0.95, 0.43]"
5,6,C18,,,,,,0.26,0.052,"[0.91, 0.61, 0.78, 0.79, 0.59]"
5,6,C19,,,,,,0.36,0.036,"[0.93, 0.52, 0.78, 1.0, 0.7]"
5,6,C20,,,,,,-0.04,0.037,"[0.42, 0.09, 0.03, 0.17, 0.4]"
5,7,C1,,,,,,0.3,0.036,"[0.05, 0.37, 0.94, 0.59, 0.33]"
5,7,C2,,,,,,-0.04,0.035,"[0.4, 0.47, 0.53, 0.43, 0.35]"
5,7,C3,,,,,,0.33,0.034,"[0.42, 0.87, 0.73, 0.83, 0.96]"
5,7,C4,,,,,,0.14,0.032,"[0.75, 0.77, 0.19, 0.58, 0.52]"
5,7,C5,,,,,,0.3,0.03,"[0.52, 0.02, 0.93, 0.69, 0.18]"
5,7,C6,,,,,,0.33,0.043,"[0.97, 0.07, 0.68, 0.68, 0.14]"
5,7,C7,,,,,,0.07,0.046,"[0.46, 0.15, 0.25, 0.72, 0.61]"
5,7,C8,,,,,,0.13,0.043,"[0.75, 0.34, 0.63, 0.36, 0.77]"
5,7,C9,,,,,,-0.04,0.054,"[0.55, 0.61, 0.49, 0.21, 0.19]"
5,7,C10,,,,,,0.31,0.043,"[0.34, 0.65, 0.52, 0.54, 0.95]"
5,7,C11,,,,,,0.33,0.03,"[0.81, 0.96, 0.51, 0.26, 0.36]"
5,7,C12,,,,,,0.02,0.029,"[0.17, 0.29, 0.65, 0.31, 0.18]"
5,7,C13,,,,,,0.28,0.037,"[0.05, 0.43, 0.42, 0.33, 0.92]"
5,7,C14,,,,,,0.09,0.041,"[0.69, 0.27, 0.19, 0.54, 0.73]"
5,7,C15,,,,,,0.19,0.043,"[0.14, 0.83, 0.34, 0.17, 0.15]"
5,7,C16,,,,,,0.14,0.036,"[0.43, 0.5, 0.78, 0.42, 0.21]"
5,7,C17,,,,,,0.31,0.042,"[0.9, 0.84, 0.58, 0.95, 0.43]"
5,7,C18,,,,,,0.26,0.052,"[0.91, 0.61, 0.78, 0.79, 0.59]"
5,7,C19,,,,,,0.36,0.036,"[0.93, 0.52, 0.78, 1.0, 0.7]"
5,7,C20,,,,,,-0.04,0.037,"[0.42, 0.09, 0.03, 0.17, 0.4]"
5,8,C1,,,,,,0.3,0.036,"[0.05, 0.37, 0.94, 0.59, 0.33]"
5,8,C2,,,,,,-0.04,0.035,"[0.4, 0.47, 0.53, 0.43, 0.35]"
5,8,C3,,,,,,0.33,0.034,"[0.42, 0.87, 0.73, 0.83, 0.96]"
5,8,C4,,,,,,0.14,0.032,"[0.75, 0.77, 0.19, 0.58, 0.52]"
5,8,C5,,,,,,0.3,0.03,"[0.52, 0.02, 0.93, 0.69, 0.18]"
5,8,C6,,,,,,0.33,0.043,"[0.97, 0.07, 0.68, 0.68, 0.14]"
5,8,C7,,,,,,0.07,0.046,"[0.46, 0.15, 0.25, 0.72, 0.61]"
5,8,C8,,,,,,0.13,0.043,"[0.75, 0.34, 0.63, 0.36, 0.77]"
5,8,C9,,,,,,-0.04,0.054,"[0.55, 0.61, 0.49, 0.21, 0.19]"
5,8,C10,,,,,,0.31,0.043,"[0.34, 0.65, 0.52, 0.54, 0.95]"
5,8,C11,,,,,,0.33,0.03,"[0.81, 0.96, 0.51, 0.26, 0.36]"
5,8,C12,,,,,,0.02,0.029,"[0.17, 0.29, 0.65, 0.31, 0.18]"
5,8,C13,,,,,,0.28,0.037,"[0.05, 0.43, 0.42, 0.33, 0.92]"
5,8,C14,,,,,,0.09,0.041,"[0.69, 0.27, 0.19, 0.54, 0.73]"
5,8,C15,,,,,,0.19,0.043,"[0.14, 0.83, 0.34, 0.17, 0.15]"
5,8,C16,,,,,,0.14,0.036,"[0.43, 0.5, 0.78, 0.42, 0.21]"
5,8,C17,,,,,,0.31,0.042,"[0.9, 0.84, 0.58, 0.95, 0.43]"
5,8,C18,,,,,,0.26,0.052,"[0.91, 0.61, 0.78, 0.79, 0.59]"
5,8,C19,,,,,,0.36,0.036,"[0.93, 0.52, 0.78, 1.0, 0.7]"
5,8,C20,,,,,,-0.04,0.037,"[0.42, 0.09, 0.03, 0.17, 0.4]"
5,9,C1,,,,,,0.3,0.036,"[0.05, 0.37, 0.94, 0.59, 0.33]"
5,9,C2,,,,,,-0.04,0.035,"[0.4, 0.47, 0.53, 0.43, 0.35]"
5,9,C3,,,,,,0.33,0.034,"[0.42, 0.87, 0.73, 0.83, 0.96]"
5,9,C4,,,,,,0.14,0.032,"[0.75, 0.77, 0.19, 0.58, 0.52]"
5,9,C5,,,,,,0.3,0.03,"[0.52, 0.02, 0.93, 0.69, 0.18]"
5,9,C6,,,,,,0.33,0.043,"[0.97, 0.07, 0.68, 0.68, 0.14]"
5,9,C7,,,,,,0.07,0.046,"[0.46, 0.15, 0.25, 0.72, 0.61]"
5,9,C8,,,,,,0.13,0.043,"[0.75, 0.34, 0.63, 0.36, 0.77]"
5,9,C9,,,,,,-0.04,0.054,"[0.55, 0.61, 0.49, 0.21, 0.19]"
5,9,C10,,,,,,0.31,0.043,"[0.34, 0.65, 0.52, 0.54, 0.95]"
5,9,C11,,,,,,0.33,0.03,"[0.81, 0.96, 0.51, 0.26, 0.36]"
5,9,C12,,,,,,0.02,0.029,"[0.17, 0.29, 0.65, 0.31, 0.18]"
5,9,C13,,,,,,0.28,0.037,"[0.05, 0.43, 0.42, 0.33, 0.92]"
5,9,C14,,,,,,0.09,0.041,"[0.69, 0.27, 0.19, 0.54, 0.73]"
5,9,C15,,,,,,0.19,0.043,"[0.14, 0.83, 0.34, 0.17, 0.15]"
5,9,C16,,,,,,0.14,0.036,"[0.43, 0.5, 0.78, 0.42, 0.21]"
5,9,C17,,,,,,0.31,0.042,"[0.9, 0.84, 0.58, 0.95, 0.43]"
5,9,C18,,,,,,0.26,0.052,"[0.91, 0.61, 0.78, 0.79, 0.59]"
5,9,C19,,,,,,0.36,0.036,"[0.93, 0.52, 0.78, 1.0, 0.7]"
5,9,C20,,,,,,-0.04,0.037,"[0.42, 0.09, 0.03, 0.17, 0.4]"
5,10,C1,,,,,,0.3,0.036,"[0.05, 0.37, 0.94, 0.59, 0.33]"
5,10,C2,,,,,,-0.04,0.035,"[0.4, 0.47, 0.53, 0.43, 0.35]"
5,10,C3,,,,,,0.33,0.034,"[0.42, 0.87, 0.73, 0.83, 0.96]"
5,10,C4,,,,,,0.14,0.032,"[0.75, 0.77, 0.19, 0.58, 0.52]"
5,10,C5,,,,,,0.3,0.03,"[0.52, 0.02, 0.93, 0.69, 0.18]"
5,10,C6,,,,,,0.33,0.043,"[0.97, 0.07, 0.68, 0.68, 0.14]"
5,10,C7,,,,,,0.07,0.046,"[0.46, 0.15, 0.25, 0.72, 0.61]"
5,10,C8,,,,,,0.13,0.043,"[0.75, 0.34, 0.63, 0.36, 0.77]"
5,10,C9,,,,,,-0.04,0.054,"[0.55, 0.61, 0.49, 0.21, 0.19]"
5,10,C10,,,,,,0.31,0.043,"[0.34, 0.65, 0.52, 0.54, 0.95]"
5,10,C11,,,,,,0.33,0.03,"[0.81, 0.96, 0.51, 0.26, 0.36]"
5,10,C12,,,,,,0.02,0.029,"[0.17, 0.29, 0.65, 0.31, 0.18]"
5,10,C13,,,,,,0.28,0.037,"[0.05, 0.43, 0.42, 0.33, 0.92]"
5,10,C14,,,,,,0.09,0.041,"[0.69, 0.27, 0.19, 0.54, 0.73]"
5,10,C15,,,,,,0.19,0.043,"[0.14, 0.83, 0.34, 0.17, 0.15]"
5,10,C16,,,,,,0.14,0.036,"[0.43, 0.5, 0.78, 0.42, 0.21]"
5,10,C17,,,,,,0.31,0.042,"[0.9, 0.84, 0.58, 0.95, 0.43]"
5,10,C18,,,,,,0.26,0.052,"[0.91, 0.61, 0.78, 0.79, 0.59]"
5,10,C19,,,,,,0.36,0.036,"[0.93, 0.52, 0.78, 1.0, 0.7]"
5,10,C20,,,,,,-0.04,0.037,"[0.42, 0.09, 0.03, 0.17, 0.4]"
6,1,C1,,,,,,0.35,0.031,"[0.17, 0.43, 0.11, 0.26, 0.98, 0.49]"
6,1,C2,,,,,,0.21,0.028,"[0.52, 0.55, 0.84, 0.58, 0.32, 0.6]"
6,1,C3,,,,,,0.27,0.041,"[0.57, 0.74, 0.91, 0.41, 0.25, 0.49]"
6,1,C4,,,,,,0.0,0.036,"[0.64, 0.39, 0.13, 0.15, 0.54, 0.05]"
6,1,C5,,,,,,0.18,0.031,"[0.39, 0.26, 0.81, 0.2, 0.14, 0.42]"
6,1,C6,,,,,,0.32,0.053,"[0.94, 0.31, 0.17, 0.78, 0.24, 0.97]"
6,1,C7,,,,,,0.25,0.03,"[0.81, 0.58, 0.38, 0.06, 0.49, 0.88]"
6,1,C8,,,,,,0.11,0.042,"[0.34, 0.33, 0.21, 0.53, 0.47, 0.75]"
6,1,C9,,,,,,0.28,0.035,"[0.91, 0.78, 0.77, 0.11, 0.75, 0.67]"
6,1,C10,,,,,,0.22,0.046,"[0.79, 0.62, 0.6, 0.87, 0.02, 0.64]"
6,1,C11,,,,,,0.08,0.051,"[0.08, 0.43, 0.55, 0.39, 0.73, 0.31]"
6,1,C12,,,,,,0.31,0.032,"[0.1, 0.51, 0.94, 0.4, 0.44, 0.54]"
6,1,C13,,,,,,0.23,0.042,"[0.53, 0.47, 0.11, 0.87, 0.41, 0.31]"
6,1,C14,,,,,,0.33,0.046,"[0.41, 0.57, 0.96, 0.98, 0.96, 0.18]"
6,1,C15,,,,,,-0.04,0.041,"[0.47, 0.26, 0.6, 0.29, 0.18, 0.05]"
6,1,C16,,,,,,0.34,0.033,"[0.26, 0.12, 0.82, 0.97, 0.22, 0.35]"
6,1,C17,,,,,,0.3,0.041,"[0.94, 0.77, 0.88, 0.24, 0.73, 0.8]"
6,1,C18,,,,,,0.23,0.033,"[0.09, 0.69, 0.4, 0.05, 0.86, 0.66]"
6,1,C19,,,,,,0.17,0.044,"[0.24, 0.81, 0.15, 0.68, 0.32, 0.18]"
6,1,C20,,,,,,0.08,0.034,"[0.36, 0.59, 0.71, 0.68, 0.09, 0.38]"
6,2,C1,,,,,,0.25,0.031,"[0.17, 0.43, 0.11, 0.26, 0.98, 0.49]"
6,2,C2,,,,,,0.11,0.028,"[0.52, 0.55, 0.84, 0.58, 0.32, 0.6]"
6,2,C3,,,,,,0.17,0.041,"[0.57, 0.74, 0.91, 0.41, 0.25, 0.49]"
6,2,C4,,,,,,-0.04,0.036,"[0.64, 0.39, 0.13, 0.15, 0.54, 0.05]"
6,2,C5,,,,,,0.08,0.031,"[0.39, 0.26, 0.81, 0.2, 0.14, 0.42]"
6,2,C6,,,,,,0.22,0.053,"[0.94, 0.31, 0.17, 0.78, 0.24, 0.97]"
6,2,C7,,,,,,0.15,0.03,"[0.81, 0.58, 0.38, 0.06, 0.49, 0.88]"
6,2,C8,,,,,,0.01,0.042,"[0.34, 0.33, 0.21, 0.53, 0.47, 0.75]"
6,2,C9,,,,,,0.18,0.035,"[0.91, 0.78, 0.77, 0.11, 0.75, 0.67]"
6,2,C10,,,,,,0.12,0.046,"[0.79, 0.62, 0.6, 0.87, 0.02, 0.64]"
6,2,C11,,,,,,-0.02,0.051,"[0.08, 0.43, 0.55, 0.39, 0.73, 0.31]"
6,2,C12,,,,,,0.21,0.032,"[0.1, 0.51, 0.94, 0.4, 0.44, 0.54]"
6,2,C13,,,,,,0.13,0.042,"[0.53, 0.47, 0.11, 0.87, 0.41, 0.31]"
6,2,C14,,,,,,0.23,0.046,"[0.41, 0.57, 0.96, 0.98, 0.96, 0.18]"
6,2,C15,,,,,,-0.04,0.041,"[0.47, 0.26, 0.6, 0.29, 0.18, 0.05]"
6,2,C16,,,,,,0.24,0.033,"[0.26, 0.12, 0.82, 0.97, 0.22, 0.35]"
6,2,C17,,,,,,0.2,0.041,"[0.94, 0.77, 0.88, 0.24, 0.73, 0.8]"
6,2,C18,,,,,,0.13,0.033,"[0.09, 0.69, 0.4, 0.05, 0.86, 0.66]"
6,2,C19,,,,,,0.07,0.044,"[0.24, 0.81, 0.15, 0.68, 0.32, 0.18]"
6,2,C20,,,,,,-0.02,0.034,"[0.36, 0.59, 0.71, 0.68, 0.09, 0.38]"
6,3,C1,,,,,,0.15,0.031,"[0.17, 0.43, 0.11, 0.26, 0.98, 0.49]"
6,3,C2,,,,,,0.11,0.028,"[0.52, 0.55, 0.84, 0.58, 0.32, 0.6]"
6,3,C3,,,,,,0.17,0.041,"[0.57, 0.74, 0.91, 0.41, 0.25, 0.49]"
6,3,C4,,,,,,-0.04,0.036,"[0.64, 0.39, 0.13, 0.15, 0.54, 0.05]"
6,3,C5,,,,,,0.08,0.031,"[0.39, 0.26, 0.81, 0.2, 0.14, 0.42]"
6,3,C6,,,,,,0.12,0.053,"[0.94, 0.31, 0.17, 0.78, 0.24, 0.97]"
6,3,C7,,,,,,0.05,0.03,"[0.81, 0.58, 0.38, 0.06, 0.49, 0.88]"
6,3,C8,,,,,,-0.04,0.042,"[0.34, 0.33, 0.21, 0.53, 0.47, 0.75]"
6,3,C9,,,,,,0.07,0.035,"[0.91, 0.78, 0.77, 0.11, 0.75, 0.67]"
6,3,C10,,,,,,0.02,0.046,"[0.79, 0.62, 0.6, 0.87, 0.02, 0.64]"
6,3,C11,,,,,,-0.05,0.051,"[0.08, 0.43, 0.55, 0.39, 0.73, 0.31]"
6,3,C12,,,,,,0.21,0.032,"[0.1, 0.51, 0.94, 0.4, 0.44, 0.54]"
6,3,C13,,,,,,0.03,0.042,"[0.53, 0.47, 0.11, 0.87, 0.41, 0.31]"
6,3,C14,,,,,,0.13,0.046,"[0.41, 0.57, 0.96, 0.98, 0.96, 0.18]"
6,3,C15,,,,,,-0.04,0.041,"[0.47, 0.26, 0.6, 0.29, 0.18, 0.05]"
6,3,C16,,,,,,0.14,0.033,"[0.26, 0.12, 0.82, 0.97, 0.22, 0.35]"
6,3,C17,,,,,,0.1,0.041,"[0.94, 0.77, 0.88, 0.24, 0.73, 0.8]"
6,3,C18,,,,,,0.03,0.033,"[0.09, 0.69, 0.4, 0.05, 0.86, 0.66]"
6,3,C19,,,,,,-0.03,0.044,"[0.24, 0.81, 0.15, 0.68, 0.32, 0.18]"
6,3,C20,,,,,,-0.03,0.034,"[0.36, 0.59, 0.71, 0.68, 0.09, 0.38]"
6,4,C1,,,,,,0.2,0.031,"[0.17, 0.43, 0.11, 0.26, 0.98, 0.49]"
6,4,C2,,,,,,0.01,0.028,"[0.52, 0.55, 0.84, 0.58, 0.32, 0.6]"
6,4,C3,,,,,,0.07,0.041,"[0.57, 0.74, 0.91, 0.41, 0.25, 0.49]"
6,4,C4,,,,,,-0.04,0.036,"[0.64, 0.39, 0.13, 0.15, 0.54, 0.05]"
6,4,C5,,,,,,-0.02,0.031,"[0.39, 0.26, 0.81, 0.2, 0.14, 0.42]"
6,4,C6,,,,,,0.22,0.053,"[0.94, 0.31, 0.17, 0.78, 0.24, 0.97]"
6,4,C7,,,,,,0.15,0.03,"[0.81, 0.58, 0.38, 0.06, 0.49, 0.88]"
6,4,C8,,,,,,-0.04,0.042,"[0.34, 0.33, 0.21, 0.53, 0.47, 0.75]"
6,4,C9,,,,,,0.07,0.035,"[0.91, 0.78, 0.77, 0.11, 0.75, 0.67]"
6,4,C10,,,,,,0.02,0.046,"[0.79, 0.62, 0.6, 0.87, 0.02, 0.64]"
6,4,C11,,,,,,-0.05,0.051,"[0.08, 0.43, 0.55, 0.39, 0.73, 0.31]"
6,4,C12,,,,,,0.11,0.032,"[0.1, 0.51, 0.94, 0.4, 0.44, 0.54]"
6,4,C13,,,,,,0.03,0.042,"[0.53, 0.47, 0.11, 0.87, 0.41, 0.31]"
6,4,C14,,,,,,0.13,0.046,"[0.41, 0.57, 0.96, 0.98, 0.96, 0.18]"
6,4,C15,,,,,,-0.04,0.041,"[0.47, 0.26, 0.6, 0.29, 0.18, 0.05]"
6,4,C16,,,,,,0.14,0.033,"[0.26, 0.12, 0.82, 0.97, 0.22, 0.35]"
6,4,C17,,,,,,0.1,0.041,"[0.94, 0.77, 0.88, 0.24, 0.73, 0.8]"
6,4,C18,,,,,,0.08,0.033,"[0.09, 0.69, 0.4, 0.05, 0.86, 0.66]"
6,4,C19,,,,,,-0.13,0.044,"[0.24, 0.81, 0.15, 0.68, 0.32, 0.18]"
6,4,C20,,,,,,-0.03,0.034,"[0.36, 0.59, 0.71, 0.68, 0.09, 0.38]"
6,5,C1,,,,,,0.15,0.031,"[0.17, 0.43, 0.11, 0.26, 0.98, 0.49]"
6,5,C2,,,,,,0.01,0.028,"[0.52, 0.55, 0.84, 0.58, 0.32, 0.6]"
6,5,C3,,,,,,0.07,0.041,"[0.57, 0.74, 0.91, 0.41, 0.25, 0.49]"
6,5,C4,,,,,,-0.04,0.036,"[0.64, 0.39, 0.13, 0.15, 0.54, 0.05]"
6,5,C5,,,,,,-0.02,0.031,"[0.39, 0.26, 0.81, 0.2, 0.14, 0.42]"
6,5,C6,,,,,,0.12,0.053,"[0.94, 0.31, 0.17, 0.78, 0.24, 0.97]"
6,5,C7,,,,,,0.05,0.03,"[0.81, 0.58, 0.38, 0.06, 0.49, 0.88]"
6,5,C8,,,,,,-0.04,0.042,"[0.34, 0.33, 0.21, 0.53, 0.47, 0.75]"
6,5,C9,,,,,,0.07,0.035,"[0.91, 0.78, 0.77, 0.11, 0.75, 0.67]"
6,5,C10,,,,,,0.02,0.046,"[0.79, 0.62, 0.6, 0.87, 0.02, 0.64]"
6,5,C11,,,,,,-0.05,0.051,"[0.08, 0.43, 0.55, 0.39, 0.73, 0.31]"
6,5,C12,,,,,,0.11,0.032,"[0.1, 0.51, 0.94, 0.4, 0.44, 0.54]"
6,5,C13,,,,,,0.03,0.042,"[0.53, 0.47, 0.11, 0.87, 0.41, 0.31]"
6,5,C14,,,,,,0.13,0.046,"[0.41, 0.57, 0.96, 0.98, 0.96, 0.18]"
6,5,C15,,,,,,-0.04,0.041,"[0.47, 0.26, 0.6, 0.29, 0.18, 0.05]"
6,5,C16,,,,,,0.14,0.033,"[0.26, 0.12, 0.82, 0.97, 0.22, 0.35]"
6,5,C17,,,,,,0.1,0.041,"[0.94, 0.77, 0.88, 0.24, 0.73, 0.8]"
6,5,C18,,,,,,0.03,0.033,"[0.09, 0.69, 0.4, 0.05, 0.86, 0.66]"
6,5,C19,,,,,,-0.03,0.044,"[0.24, 0.81, 0.15, 0.68, 0.32, 0.18]"
6,5,C20,,,,,,-0.03,0.034,"[0.36, 0.59, 0.71, 0.68, 0.09, 0.38]"
6,6,C1,,,,,,0.15,0.031,"[0.17, 0.43, 0.11, 0.26, 0.98, 0.49]"
6,6,C2,,,,,,0.01,0.028,"[0.52, 0.55, 0.84, 0.58, 0.32, 0.6]"
6,6,C3,,,,,,0.07,0.041,"[0.57, 0.74, 0.91, 0.41, 0.25, 0.49]"
6,6,C4,,,,,,-0.04,0.036,"[0.64, 0.39, 0.13, 0.15, 0.54, 0.05]"
6,6,C5,,,,,,-0.02,0.031,"[0.39, 0.26, 0.81, 0.2, 0.14, 0.42]"
6,6,C6,,,,,,0.12,0.053,"[0.94, 0.31, 0.17, 0.78, 0.24, 0.97]"
6,6,C7,,,,,,0.05,0.03,"[0.81, 0.58, 0.38, 0.06, 0.49, 0.88]"
6,6,C8,,,,,,-0.04,0.042,"[0.34, 0.33, 0.21, 0.53, 0.47, 0.75]"
6,6,C9,,,,,,0.07,0.035,"[0.91, 0.78, 0.77, 0.11, 0.75, 0.67]"
6,6,C10,,,,,,0.02,0.046,"[0.79, 0.62, 0.6, 0.87, 0.02, 0.64]"
6,6,C11,,,,,,-0.05,0.051,"[0.08, 0.43, 0.55, 0.39, 0.73, 0.31]"
6,6,C12,,,,,,0.11,0.032,"[0.1, 0.51, 0.94, 0.4, 0.44, 0.54]"
6,6,C13,,,,,,0.03,0.042,"[0.53, 0.47, 0.11, 0.87, 0.41, 0.31]"
6,6,C14,,,,,,0.13,0.046,"[0.41, 0.57, 0.96, 0.98, 0.96, 0.18]"
6,6,C15,,,,,,-0.04,0.041,"[0.47, 0.26, 0.6, 0.29, 0.18, 0.05]"
6,6,C16,,,,,,0.14,0.033,"[0.26, 0.12, 0.82, 0.97, 0.22, 0.35]"
6,6,C17,,,,,,0.1,0.041,"[0.94, 0.77, 0.88, 0.24, 0.73, 0.8]"
6,6,C18,,,,,,0.03,0.033,"[0.09, 0.69, 0.4, 0.05, 0.86, 0.66]"
6,6,C19,,,,,,-0.03,0.044,"[0.24, 0.81, 0.15, 0.68, 0.32, 0.18]"
6,6,C20,,,,,,-0.03,0.034,"[0.36, 0.59, 0.71, 0.68, 0.09, 0.38]"
6,7,C1,,,,,,0.15,0.031,"[0.17, 0.43, 0.11, 0.26, 0.98, 0.49]"
6,7,C2,,,,,,0.01,0.028,"[0.52, 0.55, 0.84, 0.58, 0.32, 0.6]"
6,7,C3,,,,,,0.07,0.041,"[0.57, 0.74, 0.91, 0.41, 0.25, 0.49]"
6,7,C4,,,,,,-0.04,0.036,"[0.64, 0.39, 0.13, 0.15, 0.54, 0.05]"
6,7,C5,,,,,,-0.02,0.031,"[0.39, 0.26, 0.81, 0.2, 0.14, 0.42]"
6,7,C6,,,,,,0.12,0.053,"[0.94, 0.31, 0.17, 0.78, 0.24, 0.97]"
6,7,C7,,,,,,0.05,0.03,"[0.81, 0.58, 0.38, 0.06, 0.49, 0.88]"
6,7,C8,,,,,,-0.04,0.042,"[0.34, 0.33, 0.21, 0.53, 0.47, 0.75]"
6,7,C9,,,,,,0.07,0.035,"[0.91, 0.78, 0.77, 0.11, 0.75, 0.67]"
6,7,C10,,,,,,0.02,0.046,"[0.79, 0.62, 0.6, 0.87, 0.02, 0.64]"
6,7,C11,,,,,,-0.05,0.051,"[0.08, 0.43, 0.55, 0.39, 0.73, 0.31]"
6,7,C12,,,,,,0.11,0.032,"[0.1, 0.51, 0.94, 0.4, 0.44, 0.54]"
6,7,C13,,,,,,0.03,0.042,"[0.53, 0.47, 0.11, 0.87, 0.41, 0.31]"
6,7,C14,,,,,,0.13,0.046,"[0.41, 0.57, 0.96, 0.98, 0.96, 0.18]"
6,7,C15,,,,,,-0.04,0.041,"[0.47, 0.26, 0.6, 0.29, 0.18, 0.05]"
6,7,C16,,,,,,0.14,0.033,"[0.26, 0.12, 0.82, 0.97, 0.22, 0.35]"
6,7,C17,,,,,,0.1,0.041,"[0.94, 0.77, 0.88, 0.24, 0.73, 0.8]"
6,7,C18,,,,,,0.03,0.033,"[0.09, 0.69, 0.4, 0.05, 0.86, 0.66]"
6,7,C19,,,,,,-0.03,0.044,"[0.24, 0.81, 0.15, 0.68, 0.32, 0.18]"
6,7,C20,,,,,,-0.03,0.034,"[0.36, 0.59, 0.71, 0.68, 0.09, 0.38]"
6,8,C1,,,,,,0.15,0.031,"[0.17, 0.43, 0.11, 0.26, 0.98, 0.49]"
6,8,C2,,,,,,0.01,0.028,"[0.52, 0.55, 0.84, 0.58, 0.32, 0.6]"
6,8,C3,,,,,,0.07,0.041,"[0.57, 0.74, 0.91, 0.41, 0.25, 0.49]"
6,8,C4,,,,,,-0.04,0.036,"[0.64, 0.39, 0.13, 0.15, 0.54, 0.05]"
6,8,C5,,,,,,-0.02,0.031,"[0.39, 0.26, 0.81, 0.2, 0.14, 0.42]"
6,8,C6,,,,,,0.12,0.053,"[0.94, 0.31, 0.17, 0.78, 0.24, 0.97]"
6,8,C7,,,,,,0.05,0.03,"[0.81, 0.58, 0.38, 0.06, 0.49, 0.88]"
6,8,C8,,,,,,-0.04,0.042,"[0.34, 0.33, 0.21, 0.53, 0.47, 0.75]"
6,8,C9,,,,,,0.07,0.035,"[0.91, 0.78, 0.77, 0.11, 0.75, 0.67]"
6,8,C10,,,,,,0.02,0.046,"[0.79, 0.62, 0.6, 0.87, 0.02, 0.64]"
6,8,C11,,,,,,-0.05,0.051,"[0.08, 0.43, 0.55, 0.39, 0.73, 0.31]"
6,8,C12,,,,,,0.11,0.032,"[0.1, 0.51, 0.94, 0.4, 0.44, 0.54]"
6,8,C13,,,,,,0.03,0.042,"[0.53, 0.47, 0.11, 0.87, 0.41, 0.31]"
6,8,C14,,,,,,0.13,0.046,"[0.41, 0.57, 0.96, 0.98, 0.96, 0.18]"
6,8,C15,,,,,,-0.04,0.041,"[0.47, 0.26, 0.6, 0.29, 0.18, 0.05]"
6,8,C16,,,,,,0.14,0.033,"[0.26, 0.12, 0.82, 0.97, 0.22, 0.35]"
6,8,C17,,,,,,0.1,0.041,"[0.94, 0.77, 0.88, 0.24, 0.73, 0.8]"
6,8,C18,,,,,,0.03,0.033,"[0.09, 0.69, 0.4, 0.05, 0.86, 0.66]"
6,8,C19,,,,,,-0.03,0.044,"[0.24, 0.81, 0.15, 0.68, 0.32, 0.18]"
6,8,C20,,,,,,-0.03,0.034,"[0.36, 0.59, 0.71, 0.68, 0.09, 0.38]"
6,9,C1,,,,,,0.15,0.031,"[0.17, 0.43, 0.11, 0.26, 0.98, 0.49]"
6,9,C2,,,,,,0.01,0.028,"[0.52, 0.55, 0.84, 0.58, 0.32, 0.6]"
6,9,C3,,,,,,0.07,0.041,"[0.57, 0.74, 0.91, 0.41, 0.25, 0.49]"
6,9,C4,,,,,,-0.04,0.036,"[0.64, 0.39, 0.13, 0.15, 0.54, 0.05]"
6,9,C5,,,,,,-0.02,0.031,"[0.39, 0.26, 0.81, 0.2, 0.14, 0.42]"
6,9,C6,,,,,,0.12,0.053,"[0.94, 0.31, 0.17, 0.78, 0.24, 0.97]"
6,9,C7,,,,,,0.05,0.03,"[0.81, 0.58, 0.38, 0.06, 0.49, 0.88]"
6,9,C8,,,,,,-0.04,0.042,"[0.34, 0.33, 0.21, 0.53, 0.47, 0.75]"
6,9,C9,,,,,,0.07,0.035,"[0.91, 0.78, 0.77, 0.11, 0.75, 0.67]"
6,9,C10,,,,,,0.02,0.046,"[0.79, 0.62, 0.6, 0.87, 0.02, 0.64]"
6,9,C11,,,,,,-0.05,0.051,"[0.08, 0.43, 0.55, 0.39, 0.73, 0.31]"
6,9,C12,,,,,,0.11,0.032,"[0.1, 0.51, 0.94, 0.4, 0.44, 0.54]"
6,9,C13,,,,,,0.03,0.042,"[0.53, 0.47, 0.11, 0.87, 0.41, 0.31]"
6,9,C14,,,,,,0.13,0.046,"[0.41, 0.57, 0.96, 0.98, 0.96, 0.18]"
6,9,C15,,,,,,-0.04,0.041,"[0.47, 0.26, 0.6, 0.29, 0.18, 0.05]"
6,9,C16,,,,,,0.14,0.033,"[0.26, 0.12, 0.82, 0.97, 0.22, 0.35]"
6,9,C17,,,,,,0.1,0.041,"[0.94, 0.77, 0.88, 0.24, 0.73, 0.8]"
6,9,C18,,,,,,0.03,0.033,"[0.09, 0.69, 0.4, 0.05, 0.86, 0.66]"
6,9,C19,,,,,,-0.03,0.044,"[0.24, 0.81, 0.15, 0.68, 0.32, 0.18]"
6,9,C20,,,,,,-0.03,0.034,"[0.36, 0.59, 0.71, 0.68, 0.09, 0.38]"
6,10,C1,,,,,,0.15,0.031,"[0.17, 0.43, 0.11, 0.26, 0.98, 0.49]"
6,10,C2,,,,,,0.01,0.028,"[0.52, 0.55, 0.84, 0.58, 0.32, 0.6]"
6,10,C3,,,,,,0.07,0.041,"[0.57, 0.74, 0.91, 0.41, 0.25, 0.49]"
6,10,C4,,,,,,-0.04,0.036,"[0.64, 0.39, 0.13, 0.15, 0.54, 0.05]"
6,10,C5,,,,,,-0.02,0.031,"[0.39, 0.26, 0.81, 0.2, 0.14, 0.42]"
6,10,C6,,,,,,0.12,0.053,"[0.94, 0.31, 0.17, 0.78, 0.24, 0.97]"
6,10,C7,,,,,,0.05,0.03,"[0.81, 0.58, 0.38, 0.06, 0.49, 0.88]"
6,10,C8,,,,,,-0.04,0.042,"[0.34, 0.33, 0.21, 0.53, 0.47, 0.75]"
6,10,C9,,,,,,0.07,0.035,"[0.91, 0.78, 0.77, 0.11, 0.75, 0.67]"
6,10,C10,,,,,,0.02,0.046,"[0.79, 0.62, 0.6, 0.87, 0.02, 0.64]"
6,10,C11,,,,,,-0.05,0.051,"[0.08, 0.43, 0.55, 0.39, 0.73, 0.31]"
6,10,C12,,,,,,0.11,0.032,"[0.1, 0.51, 0.94, 0.4, 0.44, 0.54]"
6,10,C13,,,,,,0.03,0.042,"[0.53, 0.47, 0.11, 0.87, 0.41, 0.31]"
6,10,C14,,,,,,0.13,0.046,"[0.41, 0.57, 0.96, 0.98, 0.96, 0.18]"
6,10,C15,,,,,,-0.04,0.041,"[0.47, 0.26, 0.6, 0.29, 0.18, 0.05]"
6,10,C16,,,,,,0.14,0.033,"[0.26, 0.12, 0.82, 0.97, 0.22, 0.35]"
6,10,C17,,,,,,0.1,0.041,"[0.94, 0.77, 0.88, 0.24, 0.73, 0.8]"
6,10,C18,,,,,,0.03,0.033,"[0.09, 0.69, 0.4, 0.05, 0.86, 0.66]"
6,10,C19,,,,,,-0.03,0.044,"[0.24, 0.81, 0.15, 0.68, 0.32, 0.18]"
6,10,C20,,,,,,-0.03,0.034,"[0.36, 0.59, 0.71, 0.68, 0.09, 0.38]"
7,1,C1,,,,,,0.34,0.031,"[0.62, 0.55, 0.05, 0.97, 0.1, 0.88, 0.95]"
7,1,C2,,,,,,0.34,0.04,"[0.93, 0.34, 0.31, 0.17, 0.05, 0.45, 0.35]"
7,1,C3,,,,,,0.13,0.05,"[0.54, 0.29, 0.37, 0.78, 0.19, 0.14, 0.51]"
7,1,C4,,,,,,0.33,0.031,"[0.79, 0.82, 0.95, 0.96, 0.15, 0.82, 0.46]"
7,1,C5,,,,,,0.3,0.054,"[0.23, 0.38, 0.02, 0.49, 0.24, 0.16, 0.95]"
7,1,C6,,,,,,0.31,0.05,"[0.25, 0.45, 0.78, 0.05, 0.14, 0.87, 0.96]"
7,1,C7,,,,,,0.33,0.053,"[0.84, 0.83, 0.41, 0.42, 0.98, 0.31, 0.2]"
7,1,C8,,,,,,0.19,0.032,"[0.77, 0.26, 0.04, 0.63, 0.77, 0.47, 0.11]"
7,1,C9,,,,,,0.21,0.028,"[0.12, 0.24, 0.84, 0.39, 0.7, 0.67, 0.75]"
7,1,C10,,,,,,0.29,0.049,"[0.4, 0.37, 0.01, 0.25, 0.74, 0.94, 0.8]"
7,1,C11,,,,,,0.06,0.036,"[0.65, 0.38, 0.47, 0.65, 0.6, 0.54, 0.53]"
7,1,C12,,,,,,0.22,0.035,"[0.48, 0.8, 0.73, 0.22, 0.85, 0.65, 0.35]"
7,1,C13,,,,,,0.1,0.05,"[0.08, 0.37, 0.43, 0.07, 0.75, 0.55, 0.33]"
7,1,C14,,,,,,0.17,0.048,"[0.77, 0.12, 0.6, 0.05, 0.28, 0.47, 0.6]"
7,1,C15,,,,,,0.29,0.036,"[0.34, 0.93, 0.34, 0.59, 0.36, 0.73, 0.68]"
7,1,C16,,,,,,-0.04,0.037,"[0.27, 0.32, 0.39, 0.33, 0.22, 0.02, 0.49]"
7,1,C17,,,,,,0.05,0.041,"[0.02, 0.02, 0.69, 0.07, 0.25, 0.63, 0.02]"
7,1,C18,,,,,,-0.01,0.036,"[0.46, 0.1, 0.39, 0.63, 0.24, 0.1, 0.28]"
7,1,C19,,,,,,0.26,0.027,"[0.47, 0.75, 0.89, 0.54, 0.76, 0.31, 0.49]"
7,1,C20,,,,,,0.27,0.033,"[0.82, 0.22, 0.81, 0.7, 0.9, 0.03, 0.6]"
7,2,C1,,,,,,0.34,0.031,"[0.62, 0.55, 0.05, 0.97, 0.1, 0.88, 0.95]"
7,2,C2,,,,,,0.29,0.04,"[0.93, 0.34, 0.31, 0.17, 0.05, 0.45, 0.35]"
7,2,C3,,,,,,0.13,0.05,"[0.54, 0.29, 0.37, 0.78, 0.19, 0.14, 0.51]"
7,2,C4,,,,,,0.33,0.031,"[0.79, 0.82, 0.95, 0.96, 0.15, 0.82, 0.46]"
7,2,C5,,,,,,0.3,0.054,"[0.23, 0.38, 0.02, 0.49, 0.24, 0.16, 0.95]"
7,2,C6,,,,,,0.31,0.05,"[0.25, 0.45, 0.78, 0.05, 0.14, 0.87, 0.96]"
7,2,C7,,,,,,0.33,0.053,"[0.84, 0.83, 0.41, 0.42, 0.98, 0.31, 0.2]"
7,2,C8,,,,,,0.14,0.032,"[0.77, 0.26, 0.04, 0.63, 0.77, 0.47, 0.11]"
7,2,C9,,,,,,0.21,0.028,"[0.12, 0.24, 0.84, 0.39, 0.7, 0.67, 0.75]"
7,2,C10,,,,,,0.29,0.049,"[0.4, 0.37, 0.01, 0.25, 0.74, 0.94, 0.8]"
7,2,C11,,,,,,0.01,0.036,"[0.65, 0.38, 0.47, 0.65, 0.6, 0.54, 0.53]"
7,2,C12,,,,,,0.22,0.035,"[0.48, 0.8, 0.73, 0.22, 0.85, 0.65, 0.35]"
7,2,C13,,,,,,0.1,0.05,"[0.08, 0.37, 0.43, 0.07, 0.75, 0.55, 0.33]"
7,2,C14,,,,,,0.12,0.048,"[0.77, 0.12, 0.6, 0.05, 0.28, 0.47, 0.6]"
7,2,C15,,,,,,0.29,0.036,"[0.34, 0.93, 0.34, 0.59, 0.36, 0.73, 0.68]"
7,2,C16,,,,,,-0.04,0.037,"[0.27, 0.32, 0.39, 0.33, 0.22, 0.02, 0.49]"
7,2,C17,,,,,,0.05,0.041,"[0.02, 0.02, 0.69, 0.07, 0.25, 0.63, 0.02]"
7,2,C18,,,,,,-0.01,0.036,"[0.46, 0.1, 0.39, 0.63, 0.24, 0.1, 0.28]"
7,2,C19,,,,,,0.26,0.027,"[0.47, 0.75, 0.89, 0.54, 0.76, 0.31, 0.49]"
7,2,C20,,,,,,0.27,0.033,"[0.82, 0.22, 0.81, 0.7, 0.9, 0.03, 0.6]"
7,3,C1,,,,,,0.34,0.031,"[0.62, 0.55, 0.05, 0.97, 0.1, 0.88, 0.95]"
7,3,C2,,,,,,0.29,0.04,"[0.93, 0.34, 0.31, 0.17, 0.05, 0.45, 0.35]"
7,3,C3,,,,,,0.13,0.05,"[0.54, 0.29, 0.37, 0.78, 0.19, 0.14, 0.51]"
7,3,C4,,,,,,0.33,0.031,"[0.79, 0.82, 0.95, 0.96, 0.15, 0.82, 0.46]"
7,3,C5,,,,,,0.3,0.054,"[0.23, 0.38, 0.02, 0.49, 0.24, 0.16, 0.95]"
7,3,C6,,,,,,0.31,0.05,"[0.25, 0.45, 0.78, 0.05, 0.14, 0.87, 0.96]"
7,3,C7,,,,,,0.28,0.053,"[0.84, 0.83, 0.41, 0.42, 0.98, 0.31, 0.2]"
7,3,C8,,,,,,0.14,0.032,"[0.77, 0.26, 0.04, 0.63, 0.77, 0.47, 0.11]"
7,3,C9,,,,,,0.21,0.028,"[0.12, 0.24, 0.84, 0.39, 0.7, 0.67, 0.75]"
7,3,C10,,,,,,0.29,0.049,"[0.4, 0.37, 0.01, 0.25, 0.74, 0.94, 0.8]"
7,3,C11,,,,,,0.01,0.036,"[0.65, 0.38, 0.47, 0.65, 0.6, 0.54, 0.53]"
7,3,C12,,,,,,0.16,0.035,"[0.48, 0.8, 0.73, 0.22, 0.85, 0.65, 0.35]"
7,3,C13,,,,,,0.05,0.05,"[0.08, 0.37, 0.43, 0.07, 0.75, 0.55, 0.33]"
7,3,C14,,,,,,0.12,0.048,"[0.77, 0.12, 0.6, 0.05, 0.28, 0.47, 0.6]"
7,3,C15,,,,,,0.29,0.036,"[0.34, 0.93, 0.34, 0.59, 0.36, 0.73, 0.68]"
7,3,C16,,,,,,-0.04,0.037,"[0.27, 0.32, 0.39, 0.33, 0.22, 0.02, 0.49]"
7,3,C17,,,,,,0.05,0.041,"[0.02, 0.02, 0.69, 0.07, 0.25, 0.63, 0.02]"
7,3,C18,,,,,,-0.01,0.036,"[0.46, 0.1, 0.39, 0.63, 0.24, 0.1, 0.28]"
7,3,C19,,,,,,0.26,0.027,"[0.47, 0.75, 0.89, 0.54, 0.76, 0.31, 0.49]"
7,3,C20,,,,,,0.22,0.033,"[0.82, 0.22, 0.81, 0.7, 0.9, 0.03, 0.6]"
7,4,C1,,,,,,0.29,0.031,"[0.62, 0.55, 0.05, 0.97, 0.1, 0.88, 0.95]"
7,4,C2,,,,,,0.24,0.04,"[0.93, 0.34, 0.31, 0.17, 0.05, 0.45, 0.35]"
7,4,C3,,,,,,0.08,0.05,"[0.54, 0.29, 0.37, 0.78, 0.19, 0.14, 0.51]"
7,4,C4,,,,,,0.28,0.031,"[0.79, 0.82, 0.95, 0.96, 0.15, 0.82, 0.46]"
7,4,C5,,,,,,0.25,0.054,"[0.23, 0.38, 0.02, 0.49, 0.24, 0.16, 0.95]"
7,4,C6,,,,,,0.26,0.05,"[0.25, 0.45, 0.78, 0.05, 0.14, 0.87, 0.96]"
7,4,C7,,,,,,0.23,0.053,"[0.84, 0.83, 0.41, 0.42, 0.98, 0.31, 0.2]"
7,4,C8,,,,,,0.09,0.032,"[0.77, 0.26, 0.04, 0.63, 0.77, 0.47, 0.11]"
7,4,C9,,,,,,0.16,0.028,"[0.12, 0.24, 0.84, 0.39, 0.7, 0.67, 0.75]"
7,4,C10,,,,,,0.24,0.049,"[0.4, 0.37, 0.01, 0.25, 0.74, 0.94, 0.8]"
7,4,C11,,,,,,-0.04,0.036,"[0.65, 0.38, 0.47, 0.65, 0.6, 0.54, 0.53]"
7,4,C12,,,,,,0.12,0.035,"[0.48, 0.8, 0.73, 0.22, 0.85, 0.65, 0.35]"
7,4,C13,,,,,,0.0,0.05,"[0.08, 0.37, 0.43, 0.07, 0.75, 0.55, 0.33]"
7,4,C14,,,,,,0.07,0.048,"[0.77, 0.12, 0.6, 0.05, 0.28, 0.47, 0.6]"
7,4,C15,,,,,,0.24,0.036,"[0.34, 0.93, 0.34, 0.59, 0.36, 0.73, 0.68]"
7,4,C16,,,,,,-0.04,0.037,"[0.27, 0.32, 0.39, 0.33, 0.22, 0.02, 0.49]"
7,4,C17,,,,,,0.0,0.041,"[0.02, 0.02, 0.69, 0.07, 0.25, 0.63, 0.02]"
7,4,C18,,,,,,-0.04,0.036,"[0.46, 0.1, 0.39, 0.63, 0.24, 0.1, 0.28]"
7,4,C19,,,,,,0.21,0.027,"[0.47, 0.75, 0.89, 0.54, 0.76, 0.31, 0.49]"
7,4,C20,,,,,,0.17,0.033,"[0.82, 0.22, 0.81, 0.7, 0.9, 0.03, 0.6]"
7,5,C1,,,,,,0.24,0.031,"[0.62, 0.55, 0.05, 0.97, 0.1, 0.88, 0.95]"
7,5,C2,,,,,,0.19,0.04,"[0.93, 0.34, 0.31, 0.17, 0.05, 0.45, 0.35]"
7,5,C3,,,,,,0.03,0.05,"[0.54, 0.29, 0.37, 0.78, 0.19, 0.14, 0.51]"
7,5,C4,,,,,,0.23,0.031,"[0.79, 0.82, 0.95, 0.96, 0.15, 0.82, 0.46]"
7,5,C5,,,,,,0.2,0.054,"[0.23, 0.38, 0.02, 0.49, 0.24, 0.16, 0.95]"
7,5,C6,,,,,,0.21,0.05,"[0.25, 0.45, 0.78, 0.05, 0.14, 0.87, 0.96]"
7,5,C7,,,,,,0.18,0.053,"[0.84, 0.83, 0.41, 0.42, 0.98, 0.31, 0.2]"
7,5,C8,,,,,,0.04,0.032,"[0.77, 0.26, 0.04, 0.63, 0.77, 0.47, 0.11]"
7,5,C9,,,,,,0.11,0.028,"[0.12, 0.24, 0.84, 0.39, 0.7, 0.67, 0.75]"
7,5,C10,,,,,,0.19,0.049,"[0.4, 0.37, 0.01, 0.25, 0.74, 0.94, 0.8]"
7,5,C11,,,,,,-0.04,0.036,"[0.65, 0.38, 0.47, 0.65, 0.6, 0.54, 0.53]"
7,5,C12,,,,,,0.06,0.035,"[0.48, 0.8, 0.73, 0.22, 0.85, 0.65, 0.35]"
7,5,C13,,,,,,-0.05,0.05,"[0.08, 0.37, 0.43, 0.07, 0.75, 0.55, 0.33]"
7,5,C14,,,,,,0.02,0.048,"[0.77, 0.12, 0.6, 0.05, 0.28, 0.47, 0.6]"
7,5,C15,,,,,,0.19,0.036,"[0.34, 0.93, 0.34, 0.59, 0.36, 0.73, 0.68]"
7,5,C16,,,,,,-0.04,0.037,"[0.27, 0.32, 0.39, 0.33, 0.22, 0.02, 0.49]"
7,5,C17,,,,,,-0.04,0.041,"[0.02, 0.02, 0.69, 0.07, 0.25, 0.63, 0.02]"
7,5,C18,,,,,,-0.04,0.036,"[0.46, 0.1, 0.39, 0.63, 0.24, 0.1, 0.28]"
7,5,C19,,,,,,0.16,0.027,"[0.47, 0.75, 0.89, 0.54, 0.76, 0.31, 0.49]"
7,5,C20,,,,,,0.12,0.033,"[0.82, 0.22, 0.81, 0.7, 0.9, 0.03, 0.6]"
7,6,C1,,,,,,0.19,0.031,"[0.62, 0.55, 0.05, 0.97, 0.1, 0.88, 0.95]"
7,6,C2,,,,,,0.14,0.04,"[0.93, 0.34, 0.31, 0.17, 0.05, 0.45, 0.35]"
7,6,C3,,,,,,-0.02,0.05,"[0.54, 0.29, 0.37, 0.78, 0.19, 0.14, 0.51]"
7,6,C4,,,,,,0.18,0.031,"[0.79, 0.82, 0.95, 0.96, 0.15, 0.82, 0.46]"
7,6,C5,,,,,,0.15,0.054,"[0.23, 0.38, 0.02, 0.49, 0.24, 0.16, 0.95]"
7,6,C6,,,,,,0.16,0.05,"[0.25, 0.45, 0.78, 0.05, 0.14, 0.87, 0.96]"
7,6,C7,,,,,,0.13,0.053,"[0.84, 0.83, 0.41, 0.42, 0.98, 0.31, 0.2]"
7,6,C8,,,,,,-0.01,0.032,"[0.77, 0.26, 0.04, 0.63, 0.77, 0.47, 0.11]"
7,6,C9,,,,,,0.06,0.028,"[0.12, 0.24, 0.84, 0.39, 0.7, 0.67, 0.75]"
7,6,C10,,,,,,0.14,0.049,"[0.4, 0.37, 0.01, 0.25, 0.74, 0.94, 0.8]"
7,6,C11,,,,,,-0.04,0.036,"[0.65, 0.38, 0.47, 0.65, 0.6, 0.54, 0.53]"
7,6,C12,,,,,,0.01,0.035,"[0.48, 0.8, 0.73, 0.22, 0.85, 0.65, 0.35]"
7,6,C13,,,,,,-0.05,0.05,"[0.08, 0.37, 0.43, 0.07, 0.75, 0.55, 0.33]"
7,6,C14,,,,,,-0.03,0.048,"[0.77, 0.12, 0.6, 0.05, 0.28, 0.47, 0.6]"
7,6,C15,,,,,,0.14,0.036,"[0.34, 0.93, 0.34, 0.59, 0.36, 0.73, 0.68]"
7,6,C16,,,,,,-0.04,0.037,"[0.27, 0.32, 0.39, 0.33, 0.22, 0.02, 0.49]"
7,6,C17,,,,,,-0.04,0.041,"[0.02, 0.02, 0.69, 0.07, 0.25, 0.63, 0.02]"
7,6,C18,,,,,,-0.04,0.036,"[0.46, 0.1, 0.39, 0.63, 0.24, 0.1, 0.28]"
7,6,C19,,,,,,0.11,0.027,"[0.47, 0.75, 0.89, 0.54, 0.76, 0.31, 0.49]"
7,6,C20,,,,,,0.07,0.033,"[0.82, 0.22, 0.81, 0.7, 0.9, 0.03, 0.6]"
7,7,C1,,,,,,0.14,0.031,"[0.62, 0.55, 0.05, 0.97, 0.1, 0.88, 0.95]"
7,7,C2,,,,,,0.09,0.04,"[0.93, 0.34, 0.31, 0.17, 0.05, 0.45, 0.35]"
7,7,C3,,,,,,-0.05,0.05,"[0.54, 0.29, 0.37, 0.78, 0.19, 0.14, 0.51]"
7,7,C4,,,,,,0.13,0.031,"[0.79, 0.82, 0.95, 0.96, 0.15, 0.82, 0.46]"
7,7,C5,,,,,,0.1,0.054,"[0.23, 0.38, 0.02, 0.49, 0.24, 0.16, 0.95]"
7,7,C6,,,,,,0.11,0.05,"[0.25, 0.45, 0.78, 0.05, 0.14, 0.87, 0.96]"
7,7,C7,,,,,,0.18,0.053,"[0.84, 0.83, 0.41, 0.42, 0.98, 0.31, 0.2]"
7,7,C8,,,,,,-0.03,0.032,"[0.77, 0.26, 0.04, 0.63, 0.77, 0.47, 0.11]"
7,7,C9,,,,,,0.01,0.028,"[0.12, 0.24, 0.84, 0.39, 0.7, 0.67, 0.75]"
7,7,C10,,,,,,0.09,0.049,"[0.4, 0.37, 0.01, 0.25, 0.74, 0.94, 0.8]"
7,7,C11,,,,,,-0.04,0.036,"[0.65, 0.38, 0.47, 0.65, 0.6, 0.54, 0.53]"
7,7,C12,,,,,,0.06,0.035,"[0.48, 0.8, 0.73, 0.22, 0.85, 0.65, 0.35]"
7,7,C13,,,,,,-0.05,0.05,"[0.08, 0.37, 0.43, 0.07, 0.75, 0.55, 0.33]"
7,7,C14,,,,,,-0.05,0.048,"[0.77, 0.12, 0.6, 0.05, 0.28, 0.47, 0.6]"
7,7,C15,,,,,,0.09,0.036,"[0.34, 0.93, 0.34, 0.59, 0.36, 0.73, 0.68]"
7,7,C16,,,,,,-0.04,0.037,"[0.27, 0.32, 0.39, 0.33, 0.22, 0.02, 0.49]"
7,7,C17,,,,,,-0.04,0.041,"[0.02, 0.02, 0.69, 0.07, 0.25, 0.63, 0.02]"
7,7,C18,,,,,,-0.04,0.036,"[0.46, 0.1, 0.39, 0.63, 0.24, 0.1, 0.28]"
7,7,C19,,,,,,0.06,0.027,"[0.47, 0.75, 0.89, 0.54, 0.76, 0.31, 0.49]"
7,7,C20,,,,,,0.12,0.033,"[0.82, 0.22, 0.81, 0.7, 0.9, 0.03, 0.6]"
7,8,C1,,,,,,0.19,0.031,"[0.62, 0.55, 0.05, 0.97, 0.1, 0.88, 0.95]"
7,8,C2,,,,,,0.19,0.04,"[0.93, 0.34, 0.31, 0.17, 0.05, 0.45, 0.35]"
7,8,C3,,,,,,-0.02,0.05,"[0.54, 0.29, 0.37, 0.78, 0.19, 0.14, 0.51]"
7,8,C4,,,,,,0.18,0.031,"[0.79, 0.82, 0.95, 0.96, 0.15, 0.82, 0.46]"
7,8,C5,,,,,,0.15,0.054,"[0.23, 0.38, 0.02, 0.49, 0.24, 0.16, 0.95]"
7,8,C6,,,,,,0.16,0.05,"[0.25, 0.45, 0.78, 0.05, 0.14, 0.87, 0.96]"
7,8,C7,,,,,,0.18,0.053,"[0.84, 0.83, 0.41, 0.42, 0.98, 0.31, 0.2]"
7,8,C8,,,,,,0.04,0.032,"[0.77, 0.26, 0.04, 0.63, 0.77, 0.47, 0.11]"
7,8,C9,,,,,,0.06,0.028,"[0.12, 0.24, 0.84, 0.39, 0.7, 0.67, 0.75]"
7,8,C10,,,,,,0.14,0.049,"[0.4, 0.37, 0.01, 0.25, 0.74, 0.94, 0.8]"
7,8,C11,,,,,,-0.04,0.036,"[0.65, 0.38, 0.47, 0.65, 0.6, 0.54, 0.53]"
7,8,C12,,,,,,0.06,0.035,"[0.48, 0.8, 0.73, 0.22, 0.85, 0.65, 0.35]"
7,8,C13,,,,,,-0.05,0.05,"[0.08, 0.37, 0.43, 0.07, 0.75, 0.55, 0.33]"
7,8,C14,,,,,,0.02,0.048,"[0.77, 0.12, 0.6, 0.05, 0.28, 0.47, 0.6]"
7,8,C15,,,,,,0.14,0.036,"[0.34, 0.93, 0.34, 0.59, 0.36, 0.73, 0.68]"
7,8,C16,,,,,,-0.04,0.037,"[0.27, 0.32, 0.39, 0.33, 0.22, 0.02, 0.49]"
7,8,C17,,,,,,-0.04,0.041,"[0.02, 0.02, 0.69, 0.07, 0.25, 0.63, 0.02]"
7,8,C18,,,,,,-0.04,0.036,"[0.46, 0.1, 0.39, 0.63, 0.24, 0.1, 0.28]"
7,8,C19,,,,,,0.11,0.027,"[0.47, 0.75, 0.89, 0.54, 0.76, 0.31, 0.49]"
7,8,C20,,,,,,0.12,0.033,"[0.82, 0.22, 0.81, 0.7, 0.9, 0.03, 0.6]"
7,9,C1,,,,,,0.19,0.031,"[0.62, 0.55, 0.05, 0.97, 0.1, 0.88, 0.95]"
7,9,C2,,,,,,0.14,0.04,"[0.93, 0.34, 0.31, 0.17, 0.05, 0.45, 0.35]"
7,9,C3,,,,,,-0.02,0.05,"[0.54, 0.29, 0.37, 0.78, 0.19, 0.14, 0.51]"
7,9,C4,,,,,,0.18,0.031,"[0.79, 0.82, 0.95, 0.96, 0.15, 0.82, 0.46]"
7,9,C5,,,,,,0.15,0.054,"[0.23, 0.38, 0.02, 0.49, 0.24, 0.16, 0.95]"
7,9,C6,,,,,,0.16,0.05,"[0.25, 0.45, 0.78, 0.05, 0.14, 0.87, 0.96]"
7,9,C7,,,,,,0.18,0.053,"[0.84, 0.83, 0.41, 0.42, 0.98, 0.31, 0.2]"
7,9,C8,,,,,,-0.01,0.032,"[0.77, 0.26, 0.04, 0.63, 0.77, 0.47, 0.11]"
7,9,C9,,,,,,0.11,0.028,"[0.12, 0.24, 0.84, 0.39, 0.7, 0.67, 0.75]"
7,9,C10,,,,,,0.14,0.049,"[0.4, 0.37, 0.01, 0.25, 0.74, 0.94, 0.8]"
7,9,C11,,,,,,-0.04,0.036,"[0.65, 0.38, 0.47, 0.65, 0.6, 0.54, 0.53]"
7,9,C12,,,,,,0.06,0.035,"[0.48, 0.8, 0.73, 0.22, 0.85, 0.65, 0.35]"
7,9,C13,,,,,,-0.05,0.05,"[0.08, 0.37, 0.43, 0.07, 0.75, 0.55, 0.33]"
7,9,C14,,,,,,-0.03,0.048,"[0.77, 0.12, 0.6, 0.05, 0.28, 0.47, 0.6]"
7,9,C15,,,,,,0.14,0.036,"[0.34, 0.93, 0.34, 0.59, 0.36, 0.73, 0.68]"
7,9,C16,,,,,,-0.04,0.037,"[0.27, 0.32, 0.39, 0.33, 0.22, 0.02, 0.49]"
7,9,C17,,,,,,-0.04,0.041,"[0.02, 0.02, 0.69, 0.07, 0.25, 0.63, 0.02]"
7,9,C18,,,,,,-0.04,0.036,"[0.46, 0.1, 0.39, 0.63, 0.24, 0.1, 0.28]"
7,9,C19,,,,,,0.16,0.027,"[0.47, 0.75, 0.89, 0.54, 0.76, 0.31, 0.49]"
7,9,C20,,,,,,0.12,0.033,"[0.82, 0.22, 0.81, 0.7, 0.9, 0.03, 0.6]"
7,10,C1,,,,,,0.19,0.031,"[0.62, 0.55, 0.05, 0.97, 0.1, 0.88, 0.95]"
7,10,C2,,,,,,0.14,0.04,"[0.93, 0.34, 0.31, 0.17, 0.05, 0.45, 0.35]"
7,10,C3,,,,,,-0.02,0.05,"[0.54, 0.29, 0.37, 0.78, 0.19, 0.14, 0.51]"
7,10,C4,,,,,,0.18,0.031,"[0.79, 0.82, 0.95, 0.96, 0.15, 0.82, 0.46]"
7,10,C5,,,,,,0.15,0.054,"[0.23, 0.38, 0.02, 0.49, 0.24, 0.16, 0.95]"
7,10,C6,,,,,,0.16,0.05,"[0.25, 0.45, 0.78, 0.05, 0.14, 0.87, 0.96]"
7,10,C7,,,,,,0.18,0.053,"[0.84, 0.83, 0.41, 0.42, 0.98, 0.31, 0.2]"
7,10,C8,,,,,,-0.01,0.032,"[0.77, 0.26, 0.04, 0.63, 0.77, 0.47, 0.11]"
7,10,C9,,,,,,0.06,0.028,"[0.12, 0.24, 0.84, 0.39, 0.7, 0.67, 0.75]"
7,10,C10,,,,,,0.14,0.049,"[0.4, 0.37, 0.01, 0.25, 0.74, 0.94, 0.8]"
7,10,C11,,,,,,-0.04,0.036,"[0.65, 0.38, 0.47, 0.65, 0.6, 0.54, 0.53]"
7,10,C12,,,,,,0.06,0.035,"[0.48, 0.8, 0.73, 0.22, 0.85, 0.65, 0.35]"
7,10,C13,,,,,,-0.05,0.05,"[0.08, 0.37, 0.43, 0.07, 0.75, 0.55, 0.33]"
7,10,C14,,,,,,-0.03,0.048,"[0.77, 0.12, 0.6, 0.05, 0.28, 0.47, 0.6]"
7,10,C15,,,,,,0.14,0.036,"[0.34, 0.93, 0.34, 0.59, 0.36, 0.73, 0.68]"
7,10,C16,,,,,,-0.04,0.037,"[0.27, 0.32, 0.39, 0.33, 0.22, 0.02, 0.49]"
7,10,C17,,,,,,-0.04,0.041,"[0.02, 0.02, 0.69, 0.07, 0.25, 0.63, 0.02]"
7,10,C18,,,,,,-0.04,0.036,"[0.46, 0.1, 0.39, 0.63, 0.24, 0.1, 0.28]"
7,10,C19,,,,,,0.11,0.027,"[0.47, 0.75, 0.89, 0.54, 0.76, 0.31, 0.49]"
7,10,C20,,,,,,0.12,0.033,"[0.82, 0.22, 0.81, 0.7, 0.9, 0.03, 0.6]"
8,1,C1,,,,,,0.34,0.04,"[0.95, 0.64, 0.29, 0.22, 0.27, 0.27, 0.32, 0.98]"
8,1,C2,,,,,,0.3,0.04,"[0.94, 0.12, 0.87, 0.63, 0.6, 0.23, 0.24, 0.25]"
8,1,C3,,,,,,0.34,0.032,"[0.3, 0.16, 0.34, 0.58, 0.41, 0.21, 0.66, 0.97]"
8,1,C4,,,,,,0.32,0.053,"[0.11, 0.97, 0.09, 0.31, 0.43, 0.47, 0.4, 0.25]"
8,1,C5,,,,,,0.34,0.042,"[0.86, 0.59, 0.98, 0.72, 0.55, 0.36, 0.36, 0.16]"
8,1,C6,,,,,,0.29,0.03,"[0.92, 0.83, 0.43, 0.3, 0.68, 0.79, 0.37, 0.64]"
8,1,C7,,,,,,0.32,0.025,"[0.2, 0.07, 0.57, 0.95, 0.69, 0.29, 0.72, 0.35]"
8,1,C8,,,,,,0.17,0.038,"[0.81, 0.43, 0.1, 0.61, 0.38, 0.3, 0.76, 0.05]"
8,1,C9,,,,,,0.22,0.054,"[0.46, 0.66, 0.2, 0.23, 0.6, 0.58, 0.87, 0.01]"
8,1,C10,,,,,,0.26,0.049,"[0.39, 0.53, 0.91, 0.39, 0.61, 0.22, 0.52, 0.79]"
8,1,C11,,,,,,0.13,0.044,"[0.07, 0.66, 0.11, 0.21, 0.21, 0.77, 0.5, 0.72]"
8,1,C12,,,,,,0.27,0.027,"[0.76, 0.17, 0.32, 0.9, 0.27, 0.31, 0.87, 0.17]"
8,1,C13,,,,,,0.33,0.052,"[0.52, 0.73, 0.23, 0.98, 0.87, 0.11, 0.97, 0.67]"
8,1,C14,,,,,,0.2,0.032,"[0.8, 0.48, 0.64, 0.83, 0.51, 0.08, 0.68, 0.66]"
8,1,C15,,,,,,0.18,0.04,"[0.74, 0.21, 0.39, 0.09, 0.6, 0.62, 0.82, 0.01]"
8,1,C16,,,,,,0.03,0.039,"[0.5, 0.36, 0.04, 0.67, 0.03, 0.56, 0.23, 0.36]"
8,1,C17,,,,,,0.32,0.044,"[0.24, 0.96, 0.94, 0.49, 0.46, 0.57, 0.51, 0.38]"
8,1,C18,,,,,,0.21,0.041,"[0.42, 0.13, 0.46, 0.36, 0.45, 0.26, 0.85, 0.3]"
8,1,C19,,,,,,0.33,0.047,"[0.98, 0.9, 0.68, 0.88, 0.86, 0.32, 0.73, 0.36]"
8,1,C20,,,,,,0.27,0.041,"[0.91, 0.61, 0.4, 0.4, 0.33, 0.07, 0.65, 0.7]"
8,2,C1,,,,,,0.24,0.04,"[0.95, 0.64, 0.29, 0.22, 0.27, 0.27, 0.32, 0.98]"
8,2,C2,,,,,,0.2,0.04,"[0.94, 0.12, 0.87, 0.63, 0.6, 0.23, 0.24, 0.25]"
8,2,C3,,,,,,0.24,0.032,"[0.3, 0.16, 0.34, 0.58, 0.41, 0.21, 0.66, 0.97]"
8,2,C4,,,,,,0.22,0.053,"[0.11, 0.97, 0.09, 0.31, 0.43, 0.47, 0.4, 0.25]"
8,2,C5,,,,,,0.24,0.042,"[0.86, 0.59, 0.98, 0.72, 0.55, 0.36, 0.36, 0.16]"
8,2,C6,,,,,,0.19,0.03,"[0.92, 0.83, 0.43, 0.3, 0.68, 0.79, 0.37, 0.64]"
8,2,C7,,,,,,0.22,0.025,"[0.2, 0.07, 0.57, 0.95, 0.69, 0.29, 0.72, 0.35]"
8,2,C8,,,,,,0.07,0.038,"[0.81, 0.43, 0.1, 0.61, 0.38, 0.3, 0.76, 0.05]"
8,2,C9,,,,,,0.12,0.054,"[0.46, 0.66, 0.2, 0.23, 0.6, 0.58, 0.87, 0.01]"
8,2,C10,,,,,,0.16,0.049,"[0.39, 0.53, 0.91, 0.39, 0.61, 0.22, 0.52, 0.79]"
8,2,C11,,,,,,0.03,0.044,"[0.07, 0.66, 0.11, 0.21, 0.21, 0.77, 0.5, 0.72]"
8,2,C12,,,,,,0.17,0.027,"[0.76, 0.17, 0.32, 0.9, 0.27, 0.31, 0.87, 0.17]"
8,2,C13,,,,,,0.23,0.052,"[0.52, 0.73, 0.23, 0.98, 0.87, 0.11, 0.97, 0.67]"
8,2,C14,,,,,,0.1,0.032,"[0.8, 0.48, 0.64, 0.83, 0.51, 0.08, 0.68, 0.66]"
8,2,C15,,,,,,0.08,0.04,"[0.74, 0.21, 0.39, 0.09, 0.6, 0.62, 0.82, 0.01]"
8,2,C16,,,,,,-0.04,0.039,"[0.5, 0.36, 0.04, 0.67, 0.03, 0.56, 0.23, 0.36]"
8,2,C17,,,,,,0.22,0.044,"[0.24, 0.96, 0.94, 0.49, 0.46, 0.57, 0.51, 0.38]"
8,2,C18,,,,,,0.11,0.041,"[0.42, 0.13, 0.46, 0.36, 0.45, 0.26, 0.85, 0.3]"
8,2,C19,,,,,,0.23,0.047,"[0.98, 0.9, 0.68, 0.88, 0.86, 0.32, 0.73, 0.36]"
8,2,C20,,,,,,0.17,0.041,"[0.91, 0.61, 0.4, 0.4, 0.33, 0.07, 0.65, 0.7]"
8,3,C1,,,,,,0.14,0.04,"[0.95, 0.64, 0.29, 0.22, 0.27, 0.27, 0.32, 0.98]"
8,3,C2,,,,,,0.15,0.04,"[0.94, 0.12, 0.87, 0.63, 0.6, 0.23, 0.24, 0.25]"
8,3,C3,,,,,,0.14,0.032,"[0.3, 0.16, 0.34, 0.58, 0.41, 0.21, 0.66, 0.97]"
8,3,C4,,,,,,0.12,0.053,"[0.11, 0.97, 0.09, 0.31, 0.43, 0.47, 0.4, 0.25]"
8,3,C5,,,,,,0.14,0.042,"[0.86, 0.59, 0.98, 0.72, 0.55, 0.36, 0.36, 0.16]"
8,3,C6,,,,,,0.14,0.03,"[0.92, 0.83, 0.43, 0.3, 0.68, 0.79, 0.37, 0.64]"
8,3,C7,,,,,,0.22,0.025,"[0.2, 0.07, 0.57, 0.95, 0.69, 0.29, 0.72, 0.35]"
8,3,C8,,,,,,0.02,0.038,"[0.81, 0.43, 0.1, 0.61, 0.38, 0.3, 0.76, 0.05]"
8,3,C9,,,,,,0.02,0.054,"[0.46, 0.66, 0.2, 0.23, 0.6, 0.58, 0.87, 0.01]"
8,3,C10,,,,,,0.06,0.049,"[0.39, 0.53, 0.91, 0.39, 0.61, 0.22, 0.52, 0.79]"
8,3,C11,,,,,,-0.07,0.044,"[0.07, 0.66, 0.11, 0.21, 0.21, 0.77, 0.5, 0.72]"
8,3,C12,,,,,,0.17,0.027,"[0.76, 0.17, 0.32, 0.9, 0.27, 0.31, 0.87, 0.17]"
8,3,C13,,,,,,0.23,0.052,"[0.52, 0.73, 0.23, 0.98, 0.87, 0.11, 0.97, 0.67]"
8,3,C14,,,,,,0.1,0.032,"[0.8, 0.48, 0.64, 0.83, 0.51, 0.08, 0.68, 0.66]"
8,3,C15,,,,,,-0.02,0.04,"[0.74, 0.21, 0.39, 0.09, 0.6, 0.62, 0.82, 0.01]"
8,3,C16,,,,,,-0.04,0.039,"[0.5, 0.36, 0.04, 0.67, 0.03, 0.56, 0.23, 0.36]"
8,3,C17,,,,,,0.12,0.044,"[0.24, 0.96, 0.94, 0.49, 0.46, 0.57, 0.51, 0.38]"
8,3,C18,,,,,,0.01,0.041,"[0.42, 0.13, 0.46, 0.36, 0.45, 0.26, 0.85, 0.3]"
8,3,C19,,,,,,0.18,0.047,"[0.98, 0.9, 0.68, 0.88, 0.86, 0.32, 0.73, 0.36]"
8,3,C20,,,,,,0.12,0.041,"[0.91, 0.61, 0.4, 0.4, 0.33, 0.07, 0.65, 0.7]"
8,4,C1,,,,,,0.09,0.04,"[0.95, 0.64, 0.29, 0.22, 0.27, 0.27, 0.32, 0.98]"
8,4,C2,,,,,,0.1,0.04,"[0.94, 0.12, 0.87, 0.63, 0.6, 0.23, 0.24, 0.25]"
8,4,C3,,,,,,0.09,0.032,"[0.3, 0.16, 0.34, 0.58, 0.41, 0.21, 0.66, 0.97]"
8,4,C4,,,,,,0.07,0.053,"[0.11, 0.97, 0.09, 0.31, 0.43, 0.47, 0.4, 0.25]"
8,4,C5,,,,,,0.19,0.042,"[0.86, 0.59, 0.98, 0.72, 0.55, 0.36, 0.36, 0.16]"
8,4,C6,,,,,,0.09,0.03,"[0.92, 0.83, 0.43, 0.3, 0.68, 0.79, 0.37, 0.64]"
8,4,C7,,,,,,0.17,0.025,"[0.2, 0.07, 0.57, 0.95, 0.69, 0.29, 0.72, 0.35]"
8,4,C8,,,,,,-0.03,0.038,"[0.81, 0.43, 0.1, 0.61, 0.38, 0.3, 0.76, 0.05]"
8,4,C9,,,,,,-0.03,0.054,"[0.46, 0.66, 0.2, 0.23, 0.6, 0.58, 0.87, 0.01]"
8,4,C10,,,,,,0.11,0.049,"[0.39, 0.53, 0.91, 0.39, 0.61, 0.22, 0.52, 0.79]"
8,4,C11,,,,,,-0.04,0.044,"[0.07, 0.66, 0.11, 0.21, 0.21, 0.77, 0.5, 0.72]"
8,4,C12,,,,,,0.12,0.027,"[0.76, 0.17, 0.32, 0.9, 0.27, 0.31, 0.87, 0.17]"
8,4,C13,,,,,,0.18,0.052,"[0.52, 0.73, 0.23, 0.98, 0.87, 0.11, 0.97, 0.67]"
8,4,C14,,,,,,0.05,0.032,"[0.8, 0.48, 0.64, 0.83, 0.51, 0.08, 0.68, 0.66]"
8,4,C15,,,,,,-0.07,0.04,"[0.74, 0.21, 0.39, 0.09, 0.6, 0.62, 0.82, 0.01]"
8,4,C16,,,,,,-0.04,0.039,"[0.5, 0.36, 0.04, 0.67, 0.03, 0.56, 0.23, 0.36]"
8,4,C17,,,,,,0.07,0.044,"[0.24, 0.96, 0.94, 0.49, 0.46, 0.57, 0.51, 0.38]"
8,4,C18,,,,,,-0.04,0.041,"[0.42, 0.13, 0.46, 0.36, 0.45, 0.26, 0.85, 0.3]"
8,4,C19,,,,,,0.13,0.047,"[0.98, 0.9, 0.68, 0.88, 0.86, 0.32, 0.73, 0.36]"
8,4,C20,,,,,,0.07,0.041,"[0.91, 0.61, 0.4, 0.4, 0.33, 0.07, 0.65, 0.7]"
8,5,C1,,,,,,0.04,0.04,"[0.95, 0.64, 0.29, 0.22, 0.27, 0.27, 0.32, 0.98]"
8,5,C2,,,,,,0.05,0.04,"[0.94, 0.12, 0.87, 0.63, 0.6, 0.23, 0.24, 0.25]"
8,5,C3,,,,,,0.04,0.032,"[0.3, 0.16, 0.34, 0.58, 0.41, 0.21, 0.66, 0.97]"
8,5,C4,,,,,,0.12,0.053,"[0.11, 0.97, 0.09, 0.31, 0.43, 0.47, 0.4, 0.25]"
8,5,C5,,,,,,0.14,0.042,"[0.86, 0.59, 0.98, 0.72, 0.55, 0.36, 0.36, 0.16]"
8,5,C6,,,,,,0.04,0.03,"[0.92, 0.83, 0.43, 0.3, 0.68, 0.79, 0.37, 0.64]"
8,5,C7,,,,,,0.12,0.025,"[0.2, 0.07, 0.57, 0.95, 0.69, 0.29, 0.72, 0.35]"
8,5,C8,,,,,,-0.04,0.038,"[0.81, 0.43, 0.1, 0.61, 0.38, 0.3, 0.76, 0.05]"
8,5,C9,,,,,,-0.08,0.054,"[0.46, 0.66, 0.2, 0.23, 0.6, 0.58, 0.87, 0.01]"
8,5,C10,,,,,,0.06,0.049,"[0.39, 0.53, 0.91, 0.39, 0.61, 0.22, 0.52, 0.79]"
8,5,C11,,,,,,-0.04,0.044,"[0.07, 0.66, 0.11, 0.21, 0.21, 0.77, 0.5, 0.72]"
8,5,C12,,,,,,0.07,0.027,"[0.76, 0.17, 0.32, 0.9, 0.27, 0.31, 0.87, 0.17]"
8,5,C13,,,,,,0.13,0.052,"[0.52, 0.73, 0.23, 0.98, 0.87, 0.11, 0.97, 0.67]"
8,5,C14,,,,,,-0.03,0.032,"[0.8, 0.48, 0.64, 0.83, 0.51, 0.08, 0.68, 0.66]"
8,5,C15,,,,,,-0.04,0.04,"[0.74, 0.21, 0.39, 0.09, 0.6, 0.62, 0.82, 0.01]"
8,5,C16,,,,,,-0.04,0.039,"[0.5, 0.36, 0.04, 0.67, 0.03, 0.56, 0.23, 0.36]"
8,5,C17,,,,,,0.12,0.044,"[0.24, 0.96, 0.94, 0.49, 0.46, 0.57, 0.51, 0.38]"
8,5,C18,,,,,,-0.09,0.041,"[0.42, 0.13, 0.46, 0.36, 0.45, 0.26, 0.85, 0.3]"
8,5,C19,,,,,,0.08,0.047,"[0.98, 0.9, 0.68, 0.88, 0.86, 0.32, 0.73, 0.36]"
8,5,C20,,,,,,0.02,0.041,"[0.91, 0.61, 0.4, 0.4, 0.33, 0.07, 0.65, 0.7]"
8,6,C1,,,,,,0.04,0.04,"[0.95, 0.64, 0.29, 0.22, 0.27, 0.27, 0.32, 0.98]"
8,6,C2,,,,,,0.1,0.04,"[0.94, 0.12, 0.87, 0.63, 0.6, 0.23, 0.24, 0.25]"
8,6,C3,,,,,,0.04,0.032,"[0.3, 0.16, 0.34, 0.58, 0.41, 0.21, 0.66, 0.97]"
8,6,C4,,,,,,0.07,0.053,"[0.11, 0.97, 0.09, 0.31, 0.43, 0.47, 0.4, 0.25]"
8,6,C5,,,,,,0.09,0.042,"[0.86, 0.59, 0.98, 0.72, 0.55, 0.36, 0.36, 0.16]"
8,6,C6,,,,,,0.09,0.03,"[0.92, 0.83, 0.43, 0.3, 0.68, 0.79, 0.37, 0.64]"
8,6,C7,,,,,,0.07,0.025,"[0.2, 0.07, 0.57, 0.95, 0.69, 0.29, 0.72, 0.35]"
8,6,C8,,,,,,-0.04,0.038,"[0.81, 0.43, 0.1, 0.61, 0.38, 0.3, 0.76, 0.05]"
8,6,C9,,,,,,-0.03,0.054,"[0.46, 0.66, 0.2, 0.23, 0.6, 0.58, 0.87, 0.01]"
8,6,C10,,,,,,0.01,0.049,"[0.39, 0.53, 0.91, 0.39, 0.61, 0.22, 0.52, 0.79]"
8,6,C11,,,,,,-0.04,0.044,"[0.07, 0.66, 0.11, 0.21, 0.21, 0.77, 0.5, 0.72]"
8,6,C12,,,,,,0.02,0.027,"[0.76, 0.17, 0.32, 0.9, 0.27, 0.31, 0.87, 0.17]"
8,6,C13,,,,,,0.08,0.052,"[0.52, 0.73, 0.23, 0.98, 0.87, 0.11, 0.97, 0.67]"
8,6,C14,,,,,,-0.03,0.032,"[0.8, 0.48, 0.64, 0.83, 0.51, 0.08, 0.68, 0.66]"
8,6,C15,,,,,,-0.04,0.04,"[0.74, 0.21, 0.39, 0.09, 0.6, 0.62, 0.82, 0.01]"
8,6,C16,,,,,,-0.04,0.039,"[0.5, 0.36, 0.04, 0.67, 0.03, 0.56, 0.23, 0.36]"
8,6,C17,,,,,,0.07,0.044,"[0.24, 0.96, 0.94, 0.49, 0.46, 0.57, 0.51, 0.38]"
8,6,C18,,,,,,-0.04,0.041,"[0.42, 0.13, 0.46, 0.36, 0.45, 0.26, 0.85, 0.3]"
8,6,C19,,,,,,0.13,0.047,"[0.98, 0.9, 0.68, 0.88, 0.86, 0.32, 0.73, 0.36]"
8,6,C20,,,,,,0.07,0.041,"[0.91, 0.61, 0.4, 0.4, 0.33, 0.07, 0.65, 0.7]"
8,7,C1,,,,,,0.09,0.04,"[0.95, 0.64, 0.29, 0.22, 0.27, 0.27, 0.32, 0.98]"
8,7,C2,,,,,,0.15,0.04,"[0.94, 0.12, 0.87, 0.63, 0.6, 0.23, 0.24, 0.25]"
8,7,C3,,,,,,0.09,0.032,"[0.3, 0.16, 0.34, 0.58, 0.41, 0.21, 0.66, 0.97]"
8,7,C4,,,,,,0.12,0.053,"[0.11, 0.97, 0.09, 0.31, 0.43, 0.47, 0.4, 0.25]"
8,7,C5,,,,,,0.09,0.042,"[0.86, 0.59, 0.98, 0.72, 0.55, 0.36, 0.36, 0.16]"
8,7,C6,,,,,,0.14,0.03,"[0.92, 0.83, 0.43, 0.3, 0.68, 0.79, 0.37, 0.64]"
8,7,C7,,,,,,0.12,0.025,"[0.2, 0.07, 0.57, 0.95, 0.69, 0.29, 0.72, 0.35]"
8,7,C8,,,,,,-0.04,0.038,"[0.81, 0.43, 0.1, 0.61, 0.38, 0.3, 0.76, 0.05]"
8,7,C9,,,,,,-0.03,0.054,"[0.46, 0.66, 0.2, 0.23, 0.6, 0.58, 0.87, 0.01]"
8,7,C10,,,,,,0.01,0.049,"[0.39, 0.53, 0.91, 0.39, 0.61, 0.22, 0.52, 0.79]"
8,7,C11,,,,,,-0.04,0.044,"[0.07, 0.66, 0.11, 0.21, 0.21, 0.77, 0.5, 0.72]"
8,7,C12,,,,,,0.07,0.027,"[0.76, 0.17, 0.32, 0.9, 0.27, 0.31, 0.87, 0.17]"
8,7,C13,,,,,,0.13,0.052,"[0.52, 0.73, 0.23, 0.98, 0.87, 0.11, 0.97, 0.67]"
8,7,C14,,,,,,0.0,0.032,"[0.8, 0.48, 0.64, 0.83, 0.51, 0.08, 0.68, 0.66]"
8,7,C15,,,,,,-0.07,0.04,"[0.74, 0.21, 0.39, 0.09, 0.6, 0.62, 0.82, 0.01]"
8,7,C16,,,,,,-0.04,0.039,"[0.5, 0.36, 0.04, 0.67, 0.03, 0.56, 0.23, 0.36]"
8,7,C17,,,,,,0.12,0.044,"[0.24, 0.96, 0.94, 0.49, 0.46, 0.57, 0.51, 0.38]"
8,7,C18,,,,,,-0.04,0.041,"[0.42, 0.13, 0.46, 0.36, 0.45, 0.26, 0.85, 0.3]"
8,7,C19,,,,,,0.18,0.047,"[0.98, 0.9, 0.68, 0.88, 0.86, 0.32, 0.73, 0.36]"
8,7,C20,,,,,,0.12,0.041,"[0.91, 0.61, 0.4, 0.4, 0.33, 0.07, 0.65, 0.7]"
8,8,C1,,,,,,0.14,0.04,"[0.95, 0.64, 0.29, 0.22, 0.27, 0.27, 0.32, 0.98]"
8,8,C2,,,,,,0.1,0.04,"[0.94, 0.12, 0.87, 0.63, 0.6, 0.23, 0.24, 0.25]"
8,8,C3,,,,,,0.14,0.032,"[0.3, 0.16, 0.34, 0.58, 0.41, 0.21, 0.66, 0.97]"
8,8,C4,,,,,,0.12,0.053,"[0.11, 0.97, 0.09, 0.31, 0.43, 0.47, 0.4, 0.25]"
8,8,C5,,,,,,0.14,0.042,"[0.86, 0.59, 0.98, 0.72, 0.55, 0.36, 0.36, 0.16]"
8,8,C6,,,,,,0.09,0.03,"[0.92, 0.83, 0.43, 0.3, 0.68, 0.79, 0.37, 0.64]"
8,8,C7,,,,,,0.12,0.025,"[0.2, 0.07, 0.57, 0.95, 0.69, 0.29, 0.72, 0.35]"
8,8,C8,,,,,,-0.03,0.038,"[0.81, 0.43, 0.1, 0.61, 0.38, 0.3, 0.76, 0.05]"
8,8,C9,,,,,,0.02,0.054,"[0.46, 0.66, 0.2, 0.23, 0.6, 0.58, 0.87, 0.01]"
8,8,C10,,,,,,0.06,0.049,"[0.39, 0.53, 0.91, 0.39, 0.61, 0.22, 0.52, 0.79]"
8,8,C11,,,,,,-0.04,0.044,"[0.07, 0.66, 0.11, 0.21, 0.21, 0.77, 0.5, 0.72]"
8,8,C12,,,,,,0.07,0.027,"[0.76, 0.17, 0.32, 0.9, 0.27, 0.31, 0.87, 0.17]"
8,8,C13,,,,,,0.13,0.052,"[0.52, 0.73, 0.23, 0.98, 0.87, 0.11, 0.97, 0.67]"
8,8,C14,,,,,,0.0,0.032,"[0.8, 0.48, 0.64, 0.83, 0.51, 0.08, 0.68, 0.66]"
8,8,C15,,,,,,-0.02,0.04,"[0.74, 0.21, 0.39, 0.09, 0.6, 0.62, 0.82, 0.01]"
8,8,C16,,,,,,-0.04,0.039,"[0.5, 0.36, 0.04, 0.67, 0.03, 0.56, 0.23, 0.36]"
8,8,C17,,,,,,0.12,0.044,"[0.24, 0.96, 0.94, 0.49, 0.46, 0.57, 0.51, 0.38]"
8,8,C18,,,,,,0.01,0.041,"[0.42, 0.13, 0.46, 0.36, 0.45, 0.26, 0.85, 0.3]"
8,8,C19,,,,,,0.13,0.047,"[0.98, 0.9, 0.68, 0.88, 0.86, 0.32, 0.73, 0.36]"
8,8,C20,,,,,,0.07,0.041,"[0.91, 0.61, 0.4, 0.4, 0.33, 0.07, 0.65, 0.7]"
8,9,C1,,,,,,0.09,0.04,"[0.95, 0.64, 0.29, 0.22, 0.27, 0.27, 0.32, 0.98]"
8,9,C2,,,,,,0.1,0.04,"[0.94, 0.12, 0.87, 0.63, 0.6, 0.23, 0.24, 0.25]"
8,9,C3,,,,,,0.09,0.032,"[0.3, 0.16, 0.34, 0.58, 0.41, 0.21, 0.66, 0.97]"
8,9,C4,,,,,,0.07,0.053,"[0.11, 0.97, 0.09, 0.31, 0.43, 0.47, 0.4, 0.25]"
8,9,C5,,,,,,0.09,0.042,"[0.86, 0.59, 0.98, 0.72, 0.55, 0.36, 0.36, 0.16]"
8,9,C6,,,,,,0.09,0.03,"[0.92, 0.83, 0.43, 0.3, 0.68, 0.79, 0.37, 0.64]"
8,9,C7,,,,,,0.12,0.025,"[0.2, 0.07, 0.57, 0.95, 0.69, 0.29, 0.72, 0.35]"
8,9,C8,,,,,,-0.03,0.038,"[0.81, 0.43, 0.1, 0.61, 0.38, 0.3, 0.76, 0.05]"
8,9,C9,,,,,,-0.03,0.054,"[0.46, 0.66, 0.2, 0.23, 0.6, 0.58, 0.87, 0.01]"
8,9,C10,,,,,,0.01,0.049,"[0.39, 0.53, 0.91, 0.39, 0.61, 0.22, 0.52, 0.79]"
8,9,C11,,,,,,-0.04,0.044,"[0.07, 0.66, 0.11, 0.21, 0.21, 0.77, 0.5, 0.72]"
8,9,C12,,,,,,0.07,0.027,"[0.76, 0.17, 0.32, 0.9, 0.27, 0.31, 0.87, 0.17]"
8,9,C13,,,,,,0.13,0.052,"[0.52, 0.73, 0.23, 0.98, 0.87, 0.11, 0.97, 0.67]"
8,9,C14,,,,,,0.0,0.032,"[0.8, 0.48, 0.64, 0.83, 0.51, 0.08, 0.68, 0.66]"
8,9,C15,,,,,,-0.07,0.04,"[0.74, 0.21, 0.39, 0.09, 0.6, 0.62, 0.82, 0.01]"
8,9,C16,,,,,,-0.04,0.039,"[0.5, 0.36, 0.04, 0.67, 0.03, 0.56, 0.23, 0.36]"
8,9,C17,,,,,,0.07,0.044,"[0.24, 0.96, 0.94, 0.49, 0.46, 0.57, 0.51, 0.38]"
8,9,C18,,,,,,-0.04,0.041,"[0.42, 0.13, 0.46, 0.36, 0.45, 0.26, 0.85, 0.3]"
8,9,C19,,,,,,0.13,0.047,"[0.98, 0.9, 0.68, 0.88, 0.86, 0.32, 0.73, 0.36]"
8,9,C20,,,,,,0.07,0.041,"[0.91, 0.61, 0.4, 0.4, 0.33, 0.07, 0.65, 0.7]"
8,10,C1,,,,,,0.04,0.04,"[0.95, 0.64, 0.29, 0.22, 0.27, 0.27, 0.32, 0.98]"
8,10,C2,,,,,,0.1,0.04,"[0.94, 0.12, 0.87, 0.63, 0.6, 0.23, 0.24, 0.25]"
8,10,C3,,,,,,0.04,0.032,"[0.3, 0.16, 0.34, 0.58, 0.41, 0.21, 0.66, 0.97]"
8,10,C4,,,,,,0.12,0.053,"[0.11, 0.97, 0.09, 0.31, 0.43, 0.47, 0.4, 0.25]"
8,10,C5,,,,,,0.09,0.042,"[0.86, 0.59, 0.98, 0.72, 0.55, 0.36, 0.36, 0.16]"
8,10,C6,,,,,,0.09,0.03,"[0.92, 0.83, 0.43, 0.3, 0.68, 0.79, 0.37, 0.64]"
8,10,C7,,,,,,0.12,0.025,"[0.2, 0.07, 0.57, 0.95, 0.69, 0.29, 0.72, 0.35]"
8,10,C8,,,,,,-0.04,0.038,"[0.81, 0.43, 0.1, 0.61, 0.38, 0.3, 0.76, 0.05]"
8,10,C9,,,,,,-0.03,0.054,"[0.46, 0.66, 0.2, 0.23, 0.6, 0.58, 0.87, 0.01]"
8,10,C10,,,,,,0.01,0.049,"[0.39, 0.53, 0.91, 0.39, 0.61, 0.22, 0.52, 0.79]"
8,10,C11,,,,,,-0.04,0.044,"[0.07, 0.66, 0.11, 0.21, 0.21, 0.77, 0.5, 0.72]"
8,10,C12,,,,,,0.07,0.027,"[0.76, 0.17, 0.32, 0.9, 0.27, 0.31, 0.87, 0.17]"
8,10,C13,,,,,,0.13,0.052,"[0.52, 0.73, 0.23, 0.98, 0.87, 0.11, 0.97, 0.67]"
8,10,C14,,,,,,0.0,0.032,"[0.8, 0.48, 0.64, 0.83, 0.51, 0.08, 0.68, 0.66]"
8,10,C15,,,,,,-0.07,0.04,"[0.74, 0.21, 0.39, 0.09, 0.6, 0.62, 0.82, 0.01]"
8,10,C16,,,,,,-0.04,0.039,"[0.5, 0.36, 0.04, 0.67, 0.03, 0.56, 0.23, 0.36]"
8,10,C17,,,,,,0.12,0.044,"[0.24, 0.96, 0.94, 0.49, 0.46, 0.57, 0.51, 0.38]"
8,10,C18,,,,,,-0.04,0.041,"[0.42, 0.13, 0.46, 0.36, 0.45, 0.26, 0.85, 0.3]"
8,10,C19,,,,,,0.13,0.047,"[0.98, 0.9, 0.68, 0.88, 0.86, 0.32, 0.73, 0.36]"
8,10,C20,,,,,,0.07,0.041,"[0.91, 0.61, 0.4, 0.4, 0.33, 0.07, 0.65, 0.7]"
9,1,C1,,,,,,0.25,0.037,"[0.38, 0.89, 0.75, 0.69, 0.16, 0.36, 0.5, 0.12, 0.75]"
9,1,C2,,,,,,0.07,0.038,"[0.21, 0.38, 0.51, 0.24, 0.18, 0.69, 0.29, 0.02, 0.71]"
9,1,C3,,,,,,0.24,0.037,"[0.66, 0.36, 0.69, 0.72, 0.15, 0.42, 0.45, 0.48, 0.88]"
9,1,C4,,,,,,0.29,0.03,"[0.92, 0.57, 0.01, 0.34, 0.13, 0.23, 0.12, 0.56, 0.05]"
9,1,C5,,,,,,0.17,0.047,"[0.05, 0.4, 0.69, 0.54, 0.82, 0.56, 0.37, 0.02, 0.76]"
9,1,C6,,,,,,0.35,0.041,"[0.99, 0.5, 0.66, 0.41, 0.7, 0.95, 0.99, 0.97, 0.4]"
9,1,C7,,,,,,0.34,0.036,"[0.86, 0.93, 0.42, 0.98, 0.07, 0.8, 0.5, 0.94, 0.17]"
9,1,C8,,,,,,0.24,0.052,"[0.14, 0.52, 0.89, 0.0, 0.41, 0.48, 0.36, 0.23, 0.8]"
9,1,C9,,,,,,0.3,0.032,"[0.32, 0.88, 0.18, 0.93, 0.84, 0.54, 0.58, 0.45, 0.18]"
9,1,C10,,,,,,0.23,0.042,"[0.44, 0.03, 0.79, 0.48, 0.87, 0.24, 0.06, 0.68, 0.87]"
9,1,C11,,,,,,0.32,0.05,"[0.97, 0.22, 0.42, 0.86, 0.07, 0.86, 0.73, 0.61, 0.95]"
9,1,C12,,,,,,0.32,0.047,"[0.08, 0.97, 0.31, 0.8, 0.85, 0.9, 0.33, 0.04, 0.94]"
9,1,C13,,,,,,0.14,0.03,"[0.3, 0.1, 0.77, 0.59, 0.33, 0.61, 0.15, 0.12, 0.77]"
9,1,C14,,,,,,0.31,0.046,"[0.72, 0.93, 0.35, 0.51, 0.96, 0.37, 0.87, 0.46, 0.6]"
9,1,C15,,,,,,0.18,0.044,"[0.54, 0.73, 0.81, 0.78, 0.48, 0.82, 0.24, 0.38, 0.18]"
9,1,C16,,,,,,-0.04,0.04,"[0.49, 0.39, 0.23, 0.53, 0.56, 0.51, 0.04, 0.01, 0.6]"
9,1,C17,,,,,,0.16,0.027,"[0.6, 0.47, 0.79, 0.47, 0.45, 0.33, 0.31, 0.53, 0.1]"
9,1,C18,,,,,,0.26,0.045,"[0.37, 0.69, 0.26, 0.9, 0.85, 0.75, 0.58, 0.23, 0.32]"
9,1,C19,,,,,,0.32,0.038,"[0.29, 0.87, 0.96, 0.39, 0.13, 0.92, 0.6, 0.85, 0.85]"
9,1,C20,,,,,,0.17,0.044,"[0.59, 0.39, 0.81, 0.35, 0.42, 0.24, 0.79, 0.2, 0.72]"
9,2,C1,,,,,,0.15,0.037,"[0.38, 0.89, 0.75, 0.69, 0.16, 0.36, 0.5, 0.12, 0.75]"
9,2,C2,,,,,,-0.03,0.038,"[0.21, 0.38, 0.51, 0.24, 0.18, 0.69, 0.29, 0.02, 0.71]"
9,2,C3,,,,,,0.14,0.037,"[0.66, 0.36, 0.69, 0.72, 0.15, 0.42, 0.45, 0.48, 0.88]"
9,2,C4,,,,,,0.19,0.03,"[0.92, 0.57, 0.01, 0.34, 0.13, 0.23, 0.12, 0.56, 0.05]"
9,2,C5,,,,,,0.07,0.047,"[0.05, 0.4, 0.69, 0.54, 0.82, 0.56, 0.37, 0.02, 0.76]"
9,2,C6,,,,,,0.25,0.041,"[0.99, 0.5, 0.66, 0.41, 0.7, 0.95, 0.99, 0.97, 0.4]"
9,2,C7,,,,,,0.24,0.036,"[0.86, 0.93, 0.42, 0.98, 0.07, 0.8, 0.5, 0.94, 0.17]"
9,2,C8,,,,,,0.14,0.052,"[0.14, 0.52, 0.89, 0.0, 0.41, 0.48, 0.36, 0.23, 0.8]"
9,2,C9,,,,,,0.2,0.032,"[0.32, 0.88, 0.18, 0.93, 0.84, 0.54, 0.58, 0.45, 0.18]"
9,2,C10,,,,,,0.13,0.042,"[0.44, 0.03, 0.79, 0.48, 0.87, 0.24, 0.06, 0.68, 0.87]"
9,2,C11,,,,,,0.22,0.05,"[0.97, 0.22, 0.42, 0.86, 0.07, 0.86, 0.73, 0.61, 0.95]"
9,2,C12,,,,,,0.22,0.047,"[0.08, 0.97, 0.31, 0.8, 0.85, 0.9, 0.33, 0.04, 0.94]"
9,2,C13,,,,,,0.04,0.03,"[0.3, 0.1, 0.77, 0.59, 0.33, 0.61, 0.15, 0.12, 0.77]"
9,2,C14,,,,,,0.21,0.046,"[0.72, 0.93, 0.35, 0.51, 0.96, 0.37, 0.87, 0.46, 0.6]"
9,2,C15,,,,,,0.08,0.044,"[0.54, 0.73, 0.81, 0.78, 0.48, 0.82, 0.24, 0.38, 0.18]"
9,2,C16,,,,,,-0.04,0.04,"[0.49, 0.39, 0.23, 0.53, 0.56, 0.51, 0.04, 0.01, 0.6]"
9,2,C17,,,,,,0.06,0.027,"[0.6, 0.47, 0.79, 0.47, 0.45, 0.33, 0.31, 0.53, 0.1]"
9,2,C18,,,,,,0.16,0.045,"[0.37, 0.69, 0.26, 0.9, 0.85, 0.75, 0.58, 0.23, 0.32]"
9,2,C19,,,,,,0.22,0.038,"[0.29, 0.87, 0.96, 0.39, 0.13, 0.92, 0.6, 0.85, 0.85]"
9,2,C20,,,,,,0.07,0.044,"[0.59, 0.39, 0.81, 0.35, 0.42, 0.24, 0.79, 0.2, 0.72]"
9,3,C1,,,,,,0.15,0.037,"[0.38, 0.89, 0.75, 0.69, 0.16, 0.36, 0.5, 0.12, 0.75]"
9,3,C2,,,,,,-0.04,0.038,"[0.21, 0.38, 0.51, 0.24, 0.18, 0.69, 0.29, 0.02, 0.71]"
9,3,C3,,,,,,0.04,0.037,"[0.66, 0.36, 0.69, 0.72, 0.15, 0.42, 0.45, 0.48, 0.88]"
9,3,C4,,,,,,0.09,0.03,"[0.92, 0.57, 0.01, 0.34, 0.13, 0.23, 0.12, 0.56, 0.05]"
9,3,C5,,,,,,-0.03,0.047,"[0.05, 0.4, 0.69, 0.54, 0.82, 0.56, 0.37, 0.02, 0.76]"
9,3,C6,,,,,,0.15,0.041,"[0.99, 0.5, 0.66, 0.41, 0.7, 0.95, 0.99, 0.97, 0.4]"
9,3,C7,,,,,,0.14,0.036,"[0.86, 0.93, 0.42, 0.98, 0.07, 0.8, 0.5, 0.94, 0.17]"
9,3,C8,,,,,,0.14,0.052,"[0.14, 0.52, 0.89, 0.0, 0.41, 0.48, 0.36, 0.23, 0.8]"
9,3,C9,,,,,,0.1,0.032,"[0.32, 0.88, 0.18, 0.93, 0.84, 0.54, 0.58, 0.45, 0.18]"
9,3,C10,,,,,,0.03,0.042,"[0.44, 0.03, 0.79, 0.48, 0.87, 0.24, 0.06, 0.68, 0.87]"
9,3,C11,,,,,,0.12,0.05,"[0.97, 0.22, 0.42, 0.86, 0.07, 0.86, 0.73, 0.61, 0.95]"
9,3,C12,,,,,,0.22,0.047,"[0.08, 0.97, 0.31, 0.8, 0.85, 0.9, 0.33, 0.04, 0.94]"
9,3,C13,,,,,,0.04,0.03,"[0.3, 0.1, 0.77, 0.59, 0.33, 0.61, 0.15, 0.12, 0.77]"
9,3,C14,,,,,,0.11,0.046,"[0.72, 0.93, 0.35, 0.51, 0.96, 0.37, 0.87, 0.46, 0.6]"
9,3,C15,,,,,,0.08,0.044,"[0.54, 0.73, 0.81, 0.78, 0.48, 0.82, 0.24, 0.38, 0.18]"
9,3,C16,,,,,,-0.04,0.04,"[0.49, 0.39, 0.23, 0.53, 0.56, 0.51, 0.04, 0.01, 0.6]"
9,3,C17,,,,,,0.06,0.027,"[0.6, 0.47, 0.79, 0.47, 0.45, 0.33, 0.31, 0.53, 0.1]"
9,3,C18,,,,,,0.05,0.045,"[0.37, 0.69, 0.26, 0.9, 0.85, 0.75, 0.58, 0.23, 0.32]"
9,3,C19,,,,,,0.22,0.038,"[0.29, 0.87, 0.96, 0.39, 0.13, 0.92, 0.6, 0.85, 0.85]"
9,3,C20,,,,,,0.07,0.044,"[0.59, 0.39, 0.81, 0.35, 0.42, 0.24, 0.79, 0.2, 0.72]"
9,4,C1,,,,,,0.05,0.037,"[0.38, 0.89, 0.75, 0.69, 0.16, 0.36, 0.5, 0.12, 0.75]"
9,4,C2,,,,,,-0.04,0.038,"[0.21, 0.38, 0.51, 0.24, 0.18, 0.69, 0.29, 0.02, 0.71]"
9,4,C3,,,,,,0.14,0.037,"[0.66, 0.36, 0.69, 0.72, 0.15, 0.42, 0.45, 0.48, 0.88]"
9,4,C4,,,,,,0.19,0.03,"[0.92, 0.57, 0.01, 0.34, 0.13, 0.23, 0.12, 0.56, 0.05]"
9,4,C5,,,,,,-0.03,0.047,"[0.05, 0.4, 0.69, 0.54, 0.82, 0.56, 0.37, 0.02, 0.76]"
9,4,C6,,,,,,0.25,0.041,"[0.99, 0.5, 0.66, 0.41, 0.7, 0.95, 0.99, 0.97, 0.4]"
9,4,C7,,,,,,0.24,0.036,"[0.86, 0.93, 0.42, 0.98, 0.07, 0.8, 0.5, 0.94, 0.17]"
9,4,C8,,,,,,0.14,0.052,"[0.14, 0.52, 0.89, 0.0, 0.41, 0.48, 0.36, 0.23, 0.8]"
9,4,C9,,,,,,0.2,0.032,"[0.32, 0.88, 0.18, 0.93, 0.84, 0.54, 0.58, 0.45, 0.18]"
9,4,C10,,,,,,0.03,0.042,"[0.44, 0.03, 0.79, 0.48, 0.87, 0.24, 0.06, 0.68, 0.87]"
9,4,C11,,,,,,0.22,0.05,"[0.97, 0.22, 0.42, 0.86, 0.07, 0.86, 0.73, 0.61, 0.95]"
9,4,C12,,,,,,0.12,0.047,"[0.08, 0.97, 0.31, 0.8, 0.85, 0.9, 0.33, 0.04, 0.94]"
9,4,C13,,,,,,0.04,0.03,"[0.3, 0.1, 0.77, 0.59, 0.33, 0.61, 0.15, 0.12, 0.77]"
9,4,C14,,,,,,0.11,0.046,"[0.72, 0.93, 0.35, 0.51, 0.96, 0.37, 0.87, 0.46, 0.6]"
9,4,C15,,,,,,-0.02,0.044,"[0.54, 0.73, 0.81, 0.78, 0.48, 0.82, 0.24, 0.38, 0.18]"
9,4,C16,,,,,,-0.04,0.04,"[0.49, 0.39, 0.23, 0.53, 0.56, 0.51, 0.04, 0.01, 0.6]"
9,4,C17,,,,,,0.06,0.027,"[0.6, 0.47, 0.79, 0.47, 0.45, 0.33, 0.31, 0.53, 0.1]"
9,4,C18,,,,,,0.16,0.045,"[0.37, 0.69, 0.26, 0.9, 0.85, 0.75, 0.58, 0.23, 0.32]"
9,4,C19,,,,,,0.22,0.038,"[0.29, 0.87, 0.96, 0.39, 0.13, 0.92, 0.6, 0.85, 0.85]"
9,4,C20,,,,,,0.07,0.044,"[0.59, 0.39, 0.81, 0.35, 0.42, 0.24, 0.79, 0.2, 0.72]"
9,5,C1,,,,,,0.05,0.037,"[0.38, 0.89, 0.75, 0.69, 0.16, 0.36, 0.5, 0.12, 0.75]"
9,5,C2,,,,,,-0.04,0.038,"[0.21, 0.38, 0.51, 0.24, 0.18, 0.69, 0.29, 0.02, 0.71]"
9,5,C3,,,,,,0.14,0.037,"[0.66, 0.36, 0.69, 0.72, 0.15, 0.42, 0.45, 0.48, 0.88]"
9,5,C4,,,,,,0.19,0.03,"[0.92, 0.57, 0.01, 0.34, 0.13, 0.23, 0.12, 0.56, 0.05]"
9,5,C5,,,,,,-0.03,0.047,"[0.05, 0.4, 0.69, 0.54, 0.82, 0.56, 0.37, 0.02, 0.76]"
9,5,C6,,,,,,0.25,0.041,"[0.99, 0.5, 0.66, 0.41, 0.7, 0.95, 0.99, 0.97, 0.4]"
9,5,C7,,,,,,0.24,0.036,"[0.86, 0.93, 0.42, 0.98, 0.07, 0.8, 0.5, 0.94, 0.17]"
9,5,C8,,,,,,0.09,0.052,"[0.14, 0.52, 0.89, 0.0, 0.41, 0.48, 0.36, 0.23, 0.8]"
9,5,C9,,,,,,0.2,0.032,"[0.32, 0.88, 0.18, 0.93, 0.84, 0.54, 0.58, 0.45, 0.18]"
9,5,C10,,,,,,0.03,0.042,"[0.44, 0.03, 0.79, 0.48, 0.87, 0.24, 0.06, 0.68, 0.87]"
9,5,C11,,,,,,0.22,0.05,"[0.97, 0.22, 0.42, 0.86, 0.07, 0.86, 0.73, 0.61, 0.95]"
9,5,C12,,,,,,0.12,0.047,"[0.08, 0.97, 0.31, 0.8, 0.85, 0.9, 0.33, 0.04, 0.94]"
9,5,C13,,,,,,-0.01,0.03,"[0.3, 0.1, 0.77, 0.59, 0.33, 0.61, 0.15, 0.12, 0.77]"
9,5,C14,,,,,,0.11,0.046,"[0.72, 0.93, 0.35, 0.51, 0.96, 0.37, 0.87, 0.46, 0.6]"
9,5,C15,,,,,,-0.02,0.044,"[0.54, 0.73, 0.81, 0.78, 0.48, 0.82, 0.24, 0.38, 0.18]"
9,5,C16,,,,,,-0.04,0.04,"[0.49, 0.39, 0.23, 0.53, 0.56, 0.51, 0.04, 0.01, 0.6]"
9,5,C17,,,,,,0.01,0.027,"[0.6, 0.47, 0.79, 0.47, 0.45, 0.33, 0.31, 0.53, 0.1]"
9,5,C18,,,,,,0.16,0.045,"[0.37, 0.69, 0.26, 0.9, 0.85, 0.75, 0.58, 0.23, 0.32]"
9,5,C19,,,,,,0.17,0.038,"[0.29, 0.87, 0.96, 0.39, 0.13, 0.92, 0.6, 0.85, 0.85]"
9,5,C20,,,,,,0.02,0.044,"[0.59, 0.39, 0.81, 0.35, 0.42, 0.24, 0.79, 0.2, 0.72]"
9,6,C1,,,,,,0.0,0.037,"[0.38, 0.89, 0.75, 0.69, 0.16, 0.36, 0.5, 0.12, 0.75]"
9,6,C2,,,,,,-0.04,0.038,"[0.21, 0.38, 0.51, 0.24, 0.18, 0.69, 0.29, 0.02, 0.71]"
9,6,C3,,,,,,0.09,0.037,"[0.66, 0.36, 0.69, 0.72, 0.15, 0.42, 0.45, 0.48, 0.88]"
9,6,C4,,,,,,0.14,0.03,"[0.92, 0.57, 0.01, 0.34, 0.13, 0.23, 0.12, 0.56, 0.05]"
9,6,C5,,,,,,0.02,0.047,"[0.05, 0.4, 0.69, 0.54, 0.82, 0.56, 0.37, 0.02, 0.76]"
9,6,C6,,,,,,0.2,0.041,"[0.99, 0.5, 0.66, 0.41, 0.7, 0.95, 0.99, 0.97, 0.4]"
9,6,C7,,,,,,0.19,0.036,"[0.86, 0.93, 0.42, 0.98, 0.07, 0.8, 0.5, 0.94, 0.17]"
9,6,C8,,,,,,0.04,0.052,"[0.14, 0.52, 0.89, 0.0, 0.41, 0.48, 0.36, 0.23, 0.8]"
9,6,C9,,,,,,0.15,0.032,"[0.32, 0.88, 0.18, 0.93, 0.84, 0.54, 0.58, 0.45, 0.18]"
9,6,C10,,,,,,0.08,0.042,"[0.44, 0.03, 0.79, 0.48, 0.87, 0.24, 0.06, 0.68, 0.87]"
9,6,C11,,,,,,0.17,0.05,"[0.97, 0.22, 0.42, 0.86, 0.07, 0.86, 0.73, 0.61, 0.95]"
9,6,C12,,,,,,0.07,0.047,"[0.08, 0.97, 0.31, 0.8, 0.85, 0.9, 0.33, 0.04, 0.94]"
9,6,C13,,,,,,-0.06,0.03,"[0.3, 0.1, 0.77, 0.59, 0.33, 0.61, 0.15, 0.12, 0.77]"
9,6,C14,,,,,,0.16,0.046,"[0.72, 0.93, 0.35, 0.51, 0.96, 0.37, 0.87, 0.46, 0.6]"
9,6,C15,,,,,,0.03,0.044,"[0.54, 0.73, 0.81, 0.78, 0.48, 0.82, 0.24, 0.38, 0.18]"
9,6,C16,,,,,,-0.04,0.04,"[0.49, 0.39, 0.23, 0.53, 0.56, 0.51, 0.04, 0.01, 0.6]"
9,6,C17,,,,,,-0.04,0.027,"[0.6, 0.47, 0.79, 0.47, 0.45, 0.33, 0.31, 0.53, 0.1]"
9,6,C18,,,,,,0.11,0.045,"[0.37, 0.69, 0.26, 0.9, 0.85, 0.75, 0.58, 0.23, 0.32]"
9,6,C19,,,,,,0.12,0.038,"[0.29, 0.87, 0.96, 0.39, 0.13, 0.92, 0.6, 0.85, 0.85]"
9,6,C20,,,,,,-0.03,0.044,"[0.59, 0.39, 0.81, 0.35, 0.42, 0.24, 0.79, 0.2, 0.72]"
9,7,C1,,,,,,-0.05,0.037,"[0.38, 0.89, 0.75, 0.69, 0.16, 0.36, 0.5, 0.12, 0.75]"
9,7,C2,,,,,,-0.04,0.038,"[0.21, 0.38, 0.51, 0.24, 0.18, 0.69, 0.29, 0.02, 0.71]"
9,7,C3,,,,,,0.04,0.037,"[0.66, 0.36, 0.69, 0.72, 0.15, 0.42, 0.45, 0.48, 0.88]"
9,7,C4,,,,,,0.09,0.03,"[0.92, 0.57, 0.01, 0.34, 0.13, 0.23, 0.12, 0.56, 0.05]"
9,7,C5,,,,,,-0.03,0.047,"[0.05, 0.4, 0.69, 0.54, 0.82, 0.56, 0.37, 0.02, 0.76]"
9,7,C6,,,,,,0.15,0.041,"[0.99, 0.5, 0.66, 0.41, 0.7, 0.95, 0.99, 0.97, 0.4]"
9,7,C7,,,,,,0.14,0.036,"[0.86, 0.93, 0.42, 0.98, 0.07, 0.8, 0.5, 0.94, 0.17]"
9,7,C8,,,,,,-0.01,0.052,"[0.14, 0.52, 0.89, 0.0, 0.41, 0.48, 0.36, 0.23, 0.8]"
9,7,C9,,,,,,0.1,0.032,"[0.32, 0.88, 0.18, 0.93, 0.84, 0.54, 0.58, 0.45, 0.18]"
9,7,C10,,,,,,0.03,0.042,"[0.44, 0.03, 0.79, 0.48, 0.87, 0.24, 0.06, 0.68, 0.87]"
9,7,C11,,,,,,0.12,0.05,"[0.97, 0.22, 0.42, 0.86, 0.07, 0.86, 0.73, 0.61, 0.95]"
9,7,C12,,,,,,0.02,0.047,"[0.08, 0.97, 0.31, 0.8, 0.85, 0.9, 0.33, 0.04, 0.94]"
9,7,C13,,,,,,-0.03,0.03,"[0.3, 0.1, 0.77, 0.59, 0.33, 0.61, 0.15, 0.12, 0.77]"
9,7,C14,,,,,,0.11,0.046,"[0.72, 0.93, 0.35, 0.51, 0.96, 0.37, 0.87, 0.46, 0.6]"
9,7,C15,,,,,,-0.02,0.044,"[0.54, 0.73, 0.81, 0.78, 0.48, 0.82, 0.24, 0.38, 0.18]"
9,7,C16,,,,,,-0.04,0.04,"[0.49, 0.39, 0.23, 0.53, 0.56, 0.51, 0.04, 0.01, 0.6]"
9,7,C17,,,,,,-0.03,0.027,"[0.6, 0.47, 0.79, 0.47, 0.45, 0.33, 0.31, 0.53, 0.1]"
9,7,C18,,,,,,0.05,0.045,"[0.37, 0.69, 0.26, 0.9, 0.85, 0.75, 0.58, 0.23, 0.32]"
9,7,C19,,,,,,0.07,0.038,"[0.29, 0.87, 0.96, 0.39, 0.13, 0.92, 0.6, 0.85, 0.85]"
9,7,C20,,,,,,-0.04,0.044,"[0.59, 0.39, 0.81, 0.35, 0.42, 0.24, 0.79, 0.2, 0.72]"
9,8,C1,,,,,,0.05,0.037,"[0.38, 0.89, 0.75, 0.69, 0.16, 0.36, 0.5, 0.12, 0.75]"
9,8,C2,,,,,,-0.04,0.038,"[0.21, 0.38, 0.51, 0.24, 0.18, 0.69, 0.29, 0.02, 0.71]"
9,8,C3,,,,,,0.04,0.037,"[0.66, 0.36, 0.69, 0.72, 0.15, 0.42, 0.45, 0.48, 0.88]"
9,8,C4,,,,,,0.09,0.03,"[0.92, 0.57, 0.01, 0.34, 0.13, 0.23, 0.12, 0.56, 0.05]"
9,8,C5,,,,,,-0.03,0.047,"[0.05, 0.4, 0.69, 0.54, 0.82, 0.56, 0.37, 0.02, 0.76]"
9,8,C6,,,,,,0.15,0.041,"[0.99, 0.5, 0.66, 0.41, 0.7, 0.95, 0.99, 0.97, 0.4]"
9,8,C7,,,,,,0.14,0.036,"[0.86, 0.93, 0.42, 0.98, 0.07, 0.8, 0.5, 0.94, 0.17]"
9,8,C8,,,,,,0.09,0.052,"[0.14, 0.52, 0.89, 0.0, 0.41, 0.48, 0.36, 0.23, 0.8]"
9,8,C9,,,,,,0.1,0.032,"[0.32, 0.88, 0.18, 0.93, 0.84, 0.54, 0.58, 0.45, 0.18]"
9,8,C10,,,,,,0.03,0.042,"[0.44, 0.03, 0.79, 0.48, 0.87, 0.24, 0.06, 0.68, 0.87]"
9,8,C11,,,,,,0.12,0.05,"[0.97, 0.22, 0.42, 0.86, 0.07, 0.86, 0.73, 0.61, 0.95]"
9,8,C12,,,,,,0.12,0.047,"[0.08, 0.97, 0.31, 0.8, 0.85, 0.9, 0.33, 0.04, 0.94]"
9,8,C13,,,,,,-0.03,0.03,"[0.3, 0.1, 0.77, 0.59, 0.33, 0.61, 0.15, 0.12, 0.77]"
9,8,C14,,,,,,0.11,0.046,"[0.72, 0.93, 0.35, 0.51, 0.96, 0.37, 0.87, 0.46, 0.6]"
9,8,C15,,,,,,-0.02,0.044,"[0.54, 0.73, 0.81, 0.78, 0.48, 0.82, 0.24, 0.38, 0.18]"
9,8,C16,,,,,,-0.04,0.04,"[0.49, 0.39, 0.23, 0.53, 0.56, 0.51, 0.04, 0.01, 0.6]"
9,8,C17,,,,,,-0.03,0.027,"[0.6, 0.47, 0.79, 0.47, 0.45, 0.33, 0.31, 0.53, 0.1]"
9,8,C18,,,,,,0.05,0.045,"[0.37, 0.69, 0.26, 0.9, 0.85, 0.75, 0.58, 0.23, 0.32]"
9,8,C19,,,,,,0.17,0.038,"[0.29, 0.87, 0.96, 0.39, 0.13, 0.92, 0.6, 0.85, 0.85]"
9,8,C20,,,,,,0.02,0.044,"[0.59, 0.39, 0.81, 0.35, 0.42, 0.24, 0.79, 0.2, 0.72]"
9,9,C1,,,,,,0.05,0.037,"[0.38, 0.89, 0.75, 0.69, 0.16, 0.36, 0.5, 0.12, 0.75]"
9,9,C2,,,,,,-0.04,0.038,"[0.21, 0.38, 0.51, 0.24, 0.18, 0.69, 0.29, 0.02, 0.71]"
9,9,C3,,,,,,0.04,0.037,"[0.66, 0.36, 0.69, 0.72, 0.15, 0.42, 0.45, 0.48, 0.88]"
9,9,C4,,,,,,0.09,0.03,"[0.92, 0.57, 0.01, 0.34, 0.13, 0.23, 0.12, 0.56, 0.05]"
9,9,C5,,,,,,-0.03,0.047,"[0.05, 0.4, 0.69, 0.54, 0.82, 0.56, 0.37, 0.02, 0.76]"
9,9,C6,,,,,,0.15,0.041,"[0.99, 0.5, 0.66, 0.41, 0.7, 0.95, 0.99, 0.97, 0.4]"
9,9,C7,,,,,,0.14,0.036,"[0.86, 0.93, 0.42, 0.98, 0.07, 0.8, 0.5, 0.94, 0.17]"
9,9,C8,,,,,,0.04,0.052,"[0.14, 0.52, 0.89, 0.0, 0.41, 0.48, 0.36, 0.23, 0.8]"
9,9,C9,,,,,,0.1,0.032,"[0.32, 0.88, 0.18, 0.93, 0.84, 0.54, 0.58, 0.45, 0.18]"
9,9,C10,,,,,,0.03,0.042,"[0.44, 0.03, 0.79, 0.48, 0.87, 0.24, 0.06, 0.68, 0.87]"
9,9,C11,,,,,,0.12,0.05,"[0.97, 0.22, 0.42, 0.86, 0.07, 0.86, 0.73, 0.61, 0.95]"
9,9,C12,,,,,,0.12,0.047,"[0.08, 0.97, 0.31, 0.8, 0.85, 0.9, 0.33, 0.04, 0.94]"
9,9,C13,,,,,,-0.03,0.03,"[0.3, 0.1, 0.77, 0.59, 0.33, 0.61, 0.15, 0.12, 0.77]"
9,9,C14,,,,,,0.11,0.046,"[0.72, 0.93, 0.35, 0.51, 0.96, 0.37, 0.87, 0.46, 0.6]"
9,9,C15,,,,,,-0.02,0.044,"[0.54, 0.73, 0.81, 0.78, 0.48, 0.82, 0.24, 0.38, 0.18]"
9,9,C16,,,,,,-0.04,0.04,"[0.49, 0.39, 0.23, 0.53, 0.56, 0.51, 0.04, 0.01, 0.6]"
9,9,C17,,,,,,-0.03,0.027,"[0.6, 0.47, 0.79, 0.47, 0.45, 0.33, 0.31, 0.53, 0.1]"
9,9,C18,,,,,,0.05,0.045,"[0.37, 0.69, 0.26, 0.9, 0.85, 0.75, 0.58, 0.23, 0.32]"
9,9,C19,,,,,,0.12,0.038,"[0.29, 0.87, 0.96, 0.39, 0.13, 0.92, 0.6, 0.85, 0.85]"
9,9,C20,,,,,,-0.03,0.044,"[0.59, 0.39, 0.81, 0.35, 0.42, 0.24, 0.79, 0.2, 0.72]"
9,10,C1,,,,,,0.0,0.037,"[0.38, 0.89, 0.75, 0.69, 0.16, 0.36, 0.5, 0.12, 0.75]"
9,10,C2,,,,,,-0.04,0.038,"[0.21, 0.38, 0.51, 0.24, 0.18, 0.69, 0.29, 0.02, 0.71]"
9,10,C3,,,,,,0.04,0.037,"[0.66, 0.36, 0.69, 0.72, 0.15, 0.42, 0.45, 0.48, 0.88]"
9,10,C4,,,,,,0.09,0.03,"[0.92, 0.57, 0.01, 0.34, 0.13, 0.23, 0.12, 0.56, 0.05]"
9,10,C5,,,,,,-0.03,0.047,"[0.05, 0.4, 0.69, 0.54, 0.82, 0.56, 0.37, 0.02, 0.76]"
9,10,C6,,,,,,0.15,0.041,"[0.99, 0.5, 0.66, 0.41, 0.7, 0.95, 0.99, 0.97, 0.4]"
9,10,C7,,,,,,0.14,0.036,"[0.86, 0.93, 0.42, 0.98, 0.07, 0.8, 0.5, 0.94, 0.17]"
9,10,C8,,,,,,0.09,0.052,"[0.14, 0.52, 0.89, 0.0, 0.41, 0.48, 0.36, 0.23, 0.8]"
9,10,C9,,,,,,0.1,0.032,"[0.32, 0.88, 0.18, 0.93, 0.84, 0.54, 0.58, 0.45, 0.18]"
9,10,C10,,,,,,0.03,0.042,"[0.44, 0.03, 0.79, 0.48, 0.87, 0.24, 0.06, 0.68, 0.87]"
9,10,C11,,,,,,0.12,0.05,"[0.97, 0.22, 0.42, 0.86, 0.07, 0.86, 0.73, 0.61, 0.95]"
9,10,C12,,,,,,0.07,0.047,"[0.08, 0.97, 0.31, 0.8, 0.85, 0.9, 0.33, 0.04, 0.94]"
9,10,C13,,,,,,-0.03,0.03,"[0.3, 0.1, 0.77, 0.59, 0.33, 0.61, 0.15, 0.12, 0.77]"
9,10,C14,,,,,,0.11,0.046,"[0.72, 0.93, 0.35, 0.51, 0.96, 0.37, 0.87, 0.46, 0.6]"
9,10,C15,,,,,,-0.02,0.044,"[0.54, 0.73, 0.81, 0.78, 0.48, 0.82, 0.24, 0.38, 0.18]"
9,10,C16,,,,,,-0.04,0.04,"[0.49, 0.39, 0.23, 0.53, 0.56, 0.51, 0.04, 0.01, 0.6]"
9,10,C17,,,,,,-0.03,0.027,"[0.6, 0.47, 0.79, 0.47, 0.45, 0.33, 0.31, 0.53, 0.1]"
9,10,C18,,,,,,0.05,0.045,"[0.37, 0.69, 0.26, 0.9, 0.85, 0.75, 0.58, 0.23, 0.32]"
9,10,C19,,,,,,0.17,0.038,"[0.29, 0.87, 0.96, 0.39, 0.13, 0.92, 0.6, 0.85, 0.85]"
9,10,C20,,,,,,0.02,0.044,"[0.59, 0.39, 0.81, 0.35, 0.42, 0.24, 0.79, 0.2, 0.72]"
10,1,C1,,,,,,0.32,0.043,"[0.96, 0.18, 0.25, 0.34, 0.6, 0.22, 0.56, 0.04, 0.23, 0.27]"
10,1,C2,,,,,,0.31,0.037,"[0.77, 0.76, 0.12, 0.44, 0.77, 0.61, 0.28, 0.85, 0.93, 0.95]"
10,1,C3,,,,,,0.3,0.049,"[0.25, 0.95, 0.19, 0.45, 0.43, 0.1, 0.08, 0.38, 0.55, 0.13]"
10,1,C4,,,,,,0.2,0.049,"[0.48, 0.22, 0.22, 0.57, 0.53, 0.79, 0.17, 0.29, 0.85, 0.71]"
10,1,C5,,,,,,0.33,0.054,"[0.97, 0.16, 0.78, 0.79, 0.4, 0.88, 0.19, 0.64, 0.98, 0.8]"
10,1,C6,,,,,,0.32,0.028,"[0.15, 0.95, 0.89, 0.73, 0.52, 0.26, 0.2, 0.16, 0.38, 0.11]"
10,1,C7,,,,,,0.25,0.025,"[0.87, 0.86, 0.11, 0.03, 0.25, 0.63, 0.2, 0.42, 0.03, 0.75]"
10,1,C8,,,,,,0.22,0.049,"[0.63, 0.51, 0.42, 0.15, 0.16, 0.3, 0.16, 0.87, 0.23, 0.83]"
10,1,C9,,,,,,0.35,0.038,"[0.02, 0.99, 0.52, 0.97, 0.01, 0.98, 0.54, 0.99, 0.4, 0.02]"
10,1,C10,,,,,,0.26,0.05,"[0.05, 0.35, 0.76, 0.14, 0.91, 0.0, 0.2, 0.64, 0.57, 0.91]"
10,1,C11,,,,,,0.34,0.048,"[0.12, 0.13, 0.85, 0.45, 0.11, 0.23, 0.58, 0.29, 0.99, 0.69]"
10,1,C12,,,,,,0.3,0.043,"[0.61, 0.38, 0.87, 0.59, 0.89, 0.76, 0.94, 0.75, 0.17, 0.94]"
10,1,C13,,,,,,0.26,0.053,"[0.1, 0.89, 0.12, 0.59, 0.33, 0.15, 0.17, 0.8, 0.71, 0.91]"
10,1,C14,,,,,,0.23,0.054,"[0.88, 0.63, 0.2, 0.85, 0.05, 0.65, 0.67, 0.15, 0.53, 0.61]"
10,1,C15,,,,,,0.32,0.043,"[0.41, 0.22, 0.94, 0.74, 0.59, 0.96, 0.95, 0.38, 0.36, 0.46]"
10,1,C16,,,,,,0.34,0.028,"[0.03, 0.58, 0.85, 0.31, 0.12, 0.3, 0.9, 0.53, 0.17, 0.97]"
10,1,C17,,,,,,0.31,0.038,"[0.55, 0.95, 0.79, 0.12, 0.94, 0.61, 0.66, 0.36, 0.12, 0.29]"
10,1,C18,,,,,,0.13,0.038,"[0.08, 0.77, 0.54, 0.56, 0.4, 0.54, 0.27, 0.1, 0.46, 0.64]"
10,1,C19,,,,,,0.23,0.053,"[0.71, 0.72, 0.48, 0.88, 0.82, 0.74, 0.12, 0.65, 0.75, 0.74]"
10,1,C20,,,,,,0.25,0.046,"[0.05, 0.04, 0.2, 0.26, 0.28, 0.84, 0.9, 0.07, 0.62, 0.12]"
10,2,C1,,,,,,0.22,0.043,"[0.96, 0.18, 0.25, 0.34, 0.6, 0.22, 0.56, 0.04, 0.23, 0.27]"
10,2,C2,,,,,,0.21,0.037,"[0.77, 0.76, 0.12, 0.44, 0.77, 0.61, 0.28, 0.85, 0.93, 0.95]"
10,2,C3,,,,,,0.2,0.049,"[0.25, 0.95, 0.19, 0.45, 0.43, 0.1, 0.08, 0.38, 0.55, 0.13]"
10,2,C4,,,,,,0.1,0.049,"[0.48, 0.22, 0.22, 0.57, 0.53, 0.79, 0.17, 0.29, 0.85, 0.71]"
10,2,C5,,,,,,0.23,0.054,"[0.97, 0.16, 0.78, 0.79, 0.4, 0.88, 0.19, 0.64, 0.98, 0.8]"
10,2,C6,,,,,,0.22,0.028,"[0.15, 0.95, 0.89, 0.73, 0.52, 0.26, 0.2, 0.16, 0.38, 0.11]"
10,2,C7,,,,,,0.15,0.025,"[0.87, 0.86, 0.11, 0.03, 0.25, 0.63, 0.2, 0.42, 0.03, 0.75]"
10,2,C8,,,,,,0.12,0.049,"[0.63, 0.51, 0.42, 0.15, 0.16, 0.3, 0.16, 0.87, 0.23, 0.83]"
10,2,C9,,,,,,0.25,0.038,"[0.02, 0.99, 0.52, 0.97, 0.01, 0.98, 0.54, 0.99, 0.4, 0.02]"
10,2,C10,,,,,,0.16,0.05,"[0.05, 0.35, 0.76, 0.14, 0.91, 0.0, 0.2, 0.64, 0.57, 0.91]"
10,2,C11,,,,,,0.24,0.048,"[0.12, 0.13, 0.85, 0.45, 0.11, 0.23, 0.58, 0.29, 0.99, 0.69]"
10,2,C12,,,,,,0.2,0.043,"[0.61, 0.38, 0.87, 0.59, 0.89, 0.76, 0.94, 0.75, 0.17, 0.94]"
10,2,C13,,,,,,0.16,0.053,"[0.1, 0.89, 0.12, 0.59, 0.33, 0.15, 0.17, 0.8, 0.71, 0.91]"
10,2,C14,,,,,,0.13,0.054,"[0.88, 0.63, 0.2, 0.85, 0.05, 0.65, 0.67, 0.15, 0.53, 0.61]"
10,2,C15,,,,,,0.22,0.043,"[0.41, 0.22, 0.94, 0.74, 0.59, 0.96, 0.95, 0.38, 0.36, 0.46]"
10,2,C16,,,,,,0.24,0.028,"[0.03, 0.58, 0.85, 0.31, 0.12, 0.3, 0.9, 0.53, 0.17, 0.97]"
10,2,C17,,,,,,0.21,0.038,"[0.55, 0.95, 0.79, 0.12, 0.94, 0.61, 0.66, 0.36, 0.12, 0.29]"
10,2,C18,,,,,,0.03,0.038,"[0.08, 0.77, 0.54, 0.56, 0.4, 0.54, 0.27, 0.1, 0.46, 0.64]"
10,2,C19,,,,,,0.13,0.053,"[0.71, 0.72, 0.48, 0.88, 0.82, 0.74, 0.12, 0.65, 0.75, 0.74]"
10,2,C20,,,,,,0.15,0.046,"[0.05, 0.04, 0.2, 0.26, 0.28, 0.84, 0.9, 0.07, 0.62, 0.12]"
10,3,C1,,,,,,0.12,0.043,"[0.96, 0.18, 0.25, 0.34, 0.6, 0.22, 0.56, 0.04, 0.23, 0.27]"
10,3,C2,,,,,,0.11,0.037,"[0.77, 0.76, 0.12, 0.44, 0.77, 0.61, 0.28, 0.85, 0.93, 0.95]"
10,3,C3,,,,,,0.2,0.049,"[0.25, 0.95, 0.19, 0.45, 0.43, 0.1, 0.08, 0.38, 0.55, 0.13]"
10,3,C4,,,,,,0.0,0.049,"[0.48, 0.22, 0.22, 0.57, 0.53, 0.79, 0.17, 0.29, 0.85, 0.71]"
10,3,C5,,,,,,0.13,0.054,"[0.97, 0.16, 0.78, 0.79, 0.4, 0.88, 0.19, 0.64, 0.98, 0.8]"
10,3,C6,,,,,,0.22,0.028,"[0.15, 0.95, 0.89, 0.73, 0.52, 0.26, 0.2, 0.16, 0.38, 0.11]"
10,3,C7,,,,,,0.04,0.025,"[0.87, 0.86, 0.11, 0.03, 0.25, 0.63, 0.2, 0.42, 0.03, 0.75]"
10,3,C8,,,,,,0.02,0.049,"[0.63, 0.51, 0.42, 0.15, 0.16, 0.3, 0.16, 0.87, 0.23, 0.83]"
10,3,C9,,,,,,0.25,0.038,"[0.02, 0.99, 0.52, 0.97, 0.01, 0.98, 0.54, 0.99, 0.4, 0.02]"
10,3,C10,,,,,,0.06,0.05,"[0.05, 0.35, 0.76, 0.14, 0.91, 0.0, 0.2, 0.64, 0.57, 0.91]"
10,3,C11,,,,,,0.14,0.048,"[0.12, 0.13, 0.85, 0.45, 0.11, 0.23, 0.58, 0.29, 0.99, 0.69]"
10,3,C12,,,,,,0.1,0.043,"[0.61, 0.38, 0.87, 0.59, 0.89, 0.76, 0.94, 0.75, 0.17, 0.94]"
10,3,C13,,,,,,0.06,0.053,"[0.1, 0.89, 0.12, 0.59, 0.33, 0.15, 0.17, 0.8, 0.71, 0.91]"
10,3,C14,,,,,,0.03,0.054,"[0.88, 0.63, 0.2, 0.85, 0.05, 0.65, 0.67, 0.15, 0.53, 0.61]"
10,3,C15,,,,,,0.12,0.043,"[0.41, 0.22, 0.94, 0.74, 0.59, 0.96, 0.95, 0.38, 0.36, 0.46]"
10,3,C16,,,,,,0.14,0.028,"[0.03, 0.58, 0.85, 0.31, 0.12, 0.3, 0.9, 0.53, 0.17, 0.97]"
10,3,C17,,,,,,0.21,0.038,"[0.55, 0.95, 0.79, 0.12, 0.94, 0.61, 0.66, 0.36, 0.12, 0.29]"
10,3,C18,,,,,,0.03,0.038,"[0.08, 0.77, 0.54, 0.56, 0.4, 0.54, 0.27, 0.1, 0.46, 0.64]"
10,3,C19,,,,,,0.03,0.053,"[0.71, 0.72, 0.48, 0.88, 0.82, 0.74, 0.12, 0.65, 0.75, 0.74]"
10,3,C20,,,,,,0.05,0.046,"[0.05, 0.04, 0.2, 0.26, 0.28, 0.84, 0.9, 0.07, 0.62, 0.12]"
10,4,C1,,,,,,0.02,0.043,"[0.96, 0.18, 0.25, 0.34, 0.6, 0.22, 0.56, 0.04, 0.23, 0.27]"
10,4,C2,,,,,,0.21,0.037,"[0.77, 0.76, 0.12, 0.44, 0.77, 0.61, 0.28, 0.85, 0.93, 0.95]"
10,4,C3,,,,,,0.1,0.049,"[0.25, 0.95, 0.19, 0.45, 0.43, 0.1, 0.08, 0.38, 0.55, 0.13]"
10,4,C4,,,,,,-0.1,0.049,"[0.48, 0.22, 0.22, 0.57, 0.53, 0.79, 0.17, 0.29, 0.85, 0.71]"
10,4,C5,,,,,,0.03,0.054,"[0.97, 0.16, 0.78, 0.79, 0.4, 0.88, 0.19, 0.64, 0.98, 0.8]"
10,4,C6,,,,,,0.12,0.028,"[0.15, 0.95, 0.89, 0.73, 0.52, 0.26, 0.2, 0.16, 0.38, 0.11]"
10,4,C7,,,,,,-0.06,0.025,"[0.87, 0.86, 0.11, 0.03, 0.25, 0.63, 0.2, 0.42, 0.03, 0.75]"
10,4,C8,,,,,,0.02,0.049,"[0.63, 0.51, 0.42, 0.15, 0.16, 0.3, 0.16, 0.87, 0.23, 0.83]"
10,4,C9,,,,,,0.15,0.038,"[0.02, 0.99, 0.52, 0.97, 0.01, 0.98, 0.54, 0.99, 0.4, 0.02]"
10,4,C10,,,,,,-0.04,0.05,"[0.05, 0.35, 0.76, 0.14, 0.91, 0.0, 0.2, 0.64, 0.57, 0.91]"
10,4,C11,,,,,,0.04,0.048,"[0.12, 0.13, 0.85, 0.45, 0.11, 0.23, 0.58, 0.29, 0.99, 0.69]"
10,4,C12,,,,,,0.1,0.043,"[0.61, 0.38, 0.87, 0.59, 0.89, 0.76, 0.94, 0.75, 0.17, 0.94]"
10,4,C13,,,,,,0.16,0.053,"[0.1, 0.89, 0.12, 0.59, 0.33, 0.15, 0.17, 0.8, 0.71, 0.91]"
10,4,C14,,,,,,-0.07,0.054,"[0.88, 0.63, 0.2, 0.85, 0.05, 0.65, 0.67, 0.15, 0.53, 0.61]"
10,4,C15,,,,,,0.12,0.043,"[0.41, 0.22, 0.94, 0.74, 0.59, 0.96, 0.95, 0.38, 0.36, 0.46]"
10,4,C16,,,,,,0.24,0.028,"[0.03, 0.58, 0.85, 0.31, 0.12, 0.3, 0.9, 0.53, 0.17, 0.97]"
10,4,C17,,,,,,0.11,0.038,"[0.55, 0.95, 0.79, 0.12, 0.94, 0.61, 0.66, 0.36, 0.12, 0.29]"
10,4,C18,,,,,,-0.04,0.038,"[0.08, 0.77, 0.54, 0.56, 0.4, 0.54, 0.27, 0.1, 0.46, 0.64]"
10,4,C19,,,,,,0.03,0.053,"[0.71, 0.72, 0.48, 0.88, 0.82, 0.74, 0.12, 0.65, 0.75, 0.74]"
10,4,C20,,,,,,0.05,0.046,"[0.05, 0.04, 0.2, 0.26, 0.28, 0.84, 0.9, 0.07, 0.62, 0.12]"
10,5,C1,,,,,,-0.08,0.043,"[0.96, 0.18, 0.25, 0.34, 0.6, 0.22, 0.56, 0.04, 0.23, 0.27]"
10,5,C2,,,,,,0.11,0.037,"[0.77, 0.76, 0.12, 0.44, 0.77, 0.61, 0.28, 0.85, 0.93, 0.95]"
10,5,C3,,,,,,0.0,0.049,"[0.25, 0.95, 0.19, 0.45, 0.43, 0.1, 0.08, 0.38, 0.55, 0.13]"
10,5,C4,,,,,,-0.05,0.049,"[0.48, 0.22, 0.22, 0.57, 0.53, 0.79, 0.17, 0.29, 0.85, 0.71]"
10,5,C5,,,,,,-0.07,0.054,"[0.97, 0.16, 0.78, 0.79, 0.4, 0.88, 0.19, 0.64, 0.98, 0.8]"
10,5,C6,,,,,,0.02,0.028,"[0.15, 0.95, 0.89, 0.73, 0.52, 0.26, 0.2, 0.16, 0.38, 0.11]"
10,5,C7,,,,,,-0.03,0.025,"[0.87, 0.86, 0.11, 0.03, 0.25, 0.63, 0.2, 0.42, 0.03, 0.75]"
10,5,C8,,,,,,-0.05,0.049,"[0.63, 0.51, 0.42, 0.15, 0.16, 0.3, 0.16, 0.87, 0.23, 0.83]"
10,5,C9,,,,,,0.05,0.038,"[0.02, 0.99, 0.52, 0.97, 0.01, 0.98, 0.54, 0.99, 0.4, 0.02]"
10,5,C10,,,,,,-0.05,0.05,"[0.05, 0.35, 0.76, 0.14, 0.91, 0.0, 0.2, 0.64, 0.57, 0.91]"
10,5,C11,,,,,,-0.06,0.048,"[0.12, 0.13, 0.85, 0.45, 0.11, 0.23, 0.58, 0.29, 0.99, 0.69]"
10,5,C12,,,,,,0.0,0.043,"[0.61, 0.38, 0.87, 0.59, 0.89, 0.76, 0.94, 0.75, 0.17, 0.94]"
10,5,C13,,,,,,-0.05,0.053,"[0.1, 0.89, 0.12, 0.59, 0.33, 0.15, 0.17, 0.8, 0.71, 0.91]"
10,5,C14,,,,,,-0.05,0.054,"[0.88, 0.63, 0.2, 0.85, 0.05, 0.65, 0.67, 0.15, 0.53, 0.61]"
10,5,C15,,,,,,0.02,0.043,"[0.41, 0.22, 0.94, 0.74, 0.59, 0.96, 0.95, 0.38, 0.36, 0.46]"
10,5,C16,,,,,,0.14,0.028,"[0.03, 0.58, 0.85, 0.31, 0.12, 0.3, 0.9, 0.53, 0.17, 0.97]"
10,5,C17,,,,,,0.01,0.038,"[0.55, 0.95, 0.79, 0.12, 0.94, 0.61, 0.66, 0.36, 0.12, 0.29]"
10,5,C18,,,,,,-0.04,0.038,"[0.08, 0.77, 0.54, 0.56, 0.4, 0.54, 0.27, 0.1, 0.46, 0.64]"
10,5,C19,,,,,,-0.05,0.053,"[0.71, 0.72, 0.48, 0.88, 0.82, 0.74, 0.12, 0.65, 0.75, 0.74]"
10,5,C20,,,,,,-0.05,0.046,"[0.05, 0.04, 0.2, 0.26, 0.28, 0.84, 0.9, 0.07, 0.62, 0.12]"
10,6,C1,,,,,,0.02,0.043,"[0.96, 0.18, 0.25, 0.34, 0.6, 0.22, 0.56, 0.04, 0.23, 0.27]"
10,6,C2,,,,,,0.01,0.037,"[0.77, 0.76, 0.12, 0.44, 0.77, 0.61, 0.28, 0.85, 0.93, 0.95]"
10,6,C3,,,,,,-0.1,0.049,"[0.25, 0.95, 0.19, 0.45, 0.43, 0.1, 0.08, 0.38, 0.55, 0.13]"
10,6,C4,,,,,,-0.05,0.049,"[0.48, 0.22, 0.22, 0.57, 0.53, 0.79, 0.17, 0.29, 0.85, 0.71]"
10,6,C5,,,,,,0.03,0.054,"[0.97, 0.16, 0.78, 0.79, 0.4, 0.88, 0.19, 0.64, 0.98, 0.8]"
10,6,C6,,,,,,-0.08,0.028,"[0.15, 0.95, 0.89, 0.73, 0.52, 0.26, 0.2, 0.16, 0.38, 0.11]"
10,6,C7,,,,,,-0.03,0.025,"[0.87, 0.86, 0.11, 0.03, 0.25, 0.63, 0.2, 0.42, 0.03, 0.75]"
10,6,C8,,,,,,-0.05,0.049,"[0.63, 0.51, 0.42, 0.15, 0.16, 0.3, 0.16, 0.87, 0.23, 0.83]"
10,6,C9,,,,,,-0.05,0.038,"[0.02, 0.99, 0.52, 0.97, 0.01, 0.98, 0.54, 0.99, 0.4, 0.02]"
10,6,C10,,,,,,-0.04,0.05,"[0.05, 0.35, 0.76, 0.14, 0.91, 0.0, 0.2, 0.64, 0.57, 0.91]"
10,6,C11,,,,,,0.04,0.048,"[0.12, 0.13, 0.85, 0.45, 0.11, 0.23, 0.58, 0.29, 0.99, 0.69]"
10,6,C12,,,,,,0.1,0.043,"[0.61, 0.38, 0.87, 0.59, 0.89, 0.76, 0.94, 0.75, 0.17, 0.94]"
10,6,C13,,,,,,-0.04,0.053,"[0.1, 0.89, 0.12, 0.59, 0.33, 0.15, 0.17, 0.8, 0.71, 0.91]"
10,6,C14,,,,,,-0.05,0.054,"[0.88, 0.63, 0.2, 0.85, 0.05, 0.65, 0.67, 0.15, 0.53, 0.61]"
10,6,C15,,,,,,-0.08,0.043,"[0.41, 0.22, 0.94, 0.74, 0.59, 0.96, 0.95, 0.38, 0.36, 0.46]"
10,6,C16,,,,,,0.04,0.028,"[0.03, 0.58, 0.85, 0.31, 0.12, 0.3, 0.9, 0.53, 0.17, 0.97]"
10,6,C17,,,,,,-0.09,0.038,"[0.55, 0.95, 0.79, 0.12, 0.94, 0.61, 0.66, 0.36, 0.12, 0.29]"
10,6,C18,,,,,,-0.04,0.038,"[0.08, 0.77, 0.54, 0.56, 0.4, 0.54, 0.27, 0.1, 0.46, 0.64]"
10,6,C19,,,,,,-0.05,0.053,"[0.71, 0.72, 0.48, 0.88, 0.82, 0.74, 0.12, 0.65, 0.75, 0.74]"
10,6,C20,,,,,,0.05,0.046,"[0.05, 0.04, 0.2, 0.26, 0.28, 0.84, 0.9, 0.07, 0.62, 0.12]"
10,7,C1,,,,,,-0.04,0.043,"[0.96, 0.18, 0.25, 0.34, 0.6, 0.22, 0.56, 0.04, 0.23, 0.27]"
10,7,C2,,,,,,-0.04,0.037,"[0.77, 0.76, 0.12, 0.44, 0.77, 0.61, 0.28, 0.85, 0.93, 0.95]"
10,7,C3,,,,,,-0.05,0.049,"[0.25, 0.95, 0.19, 0.45, 0.43, 0.1, 0.08, 0.38, 0.55, 0.13]"
10,7,C4,,,,,,-0.05,0.049,"[0.48, 0.22, 0.22, 0.57, 0.53, 0.79, 0.17, 0.29, 0.85, 0.71]"
10,7,C5,,,,,,-0.05,0.054,"[0.97, 0.16, 0.78, 0.79, 0.4, 0.88, 0.19, 0.64, 0.98, 0.8]"
10,7,C6,,,,,,-0.03,0.028,"[0.15, 0.95, 0.89, 0.73, 0.52, 0.26, 0.2, 0.16, 0.38, 0.11]"
10,7,C7,,,,,,-0.03,0.025,"[0.87, 0.86, 0.11, 0.03, 0.25, 0.63, 0.2, 0.42, 0.03, 0.75]"
10,7,C8,,,,,,-0.05,0.049,"[0.63, 0.51, 0.42, 0.15, 0.16, 0.3, 0.16, 0.87, 0.23, 0.83]"
10,7,C9,,,,,,-0.04,0.038,"[0.02, 0.99, 0.52, 0.97, 0.01, 0.98, 0.54, 0.99, 0.4, 0.02]"
10,7,C10,,,,,,-0.05,0.05,"[0.05, 0.35, 0.76, 0.14, 0.91, 0.0, 0.2, 0.64, 0.57, 0.91]"
10,7,C11,,,,,,-0.05,0.048,"[0.12, 0.13, 0.85, 0.45, 0.11, 0.23, 0.58, 0.29, 0.99, 0.69]"
10,7,C12,,,,,,-0.04,0.043,"[0.61, 0.38, 0.87, 0.59, 0.89, 0.76, 0.94, 0.75, 0.17, 0.94]"
10,7,C13,,,,,,-0.05,0.053,"[0.1, 0.89, 0.12, 0.59, 0.33, 0.15, 0.17, 0.8, 0.71, 0.91]"
10,7,C14,,,,,,-0.05,0.054,"[0.88, 0.63, 0.2, 0.85, 0.05, 0.65, 0.67, 0.15, 0.53, 0.61]"
10,7,C15,,,,,,-0.04,0.043,"[0.41, 0.22, 0.94, 0.74, 0.59, 0.96, 0.95, 0.38, 0.36, 0.46]"
10,7,C16,,,,,,-0.03,0.028,"[0.03, 0.58, 0.85, 0.31, 0.12, 0.3, 0.9, 0.53, 0.17, 0.97]"
10,7,C17,,,,,,-0.04,0.038,"[0.55, 0.95, 0.79, 0.12, 0.94, 0.61, 0.66, 0.36, 0.12, 0.29]"
10,7,C18,,,,,,-0.04,0.038,"[0.08, 0.77, 0.54, 0.56, 0.4, 0.54, 0.27, 0.1, 0.46, 0.64]"
10,7,C19,,,,,,-0.05,0.053,"[0.71, 0.72, 0.48, 0.88, 0.82, 0.74, 0.12, 0.65, 0.75, 0.74]"
10,7,C20,,,,,,-0.05,0.046,"[0.05, 0.04, 0.2, 0.26, 0.28, 0.84, 0.9, 0.07, 0.62, 0.12]"
10,8,C1,,,,,,0.12,0.043,"[0.96, 0.18, 0.25, 0.34, 0.6, 0.22, 0.56, 0.04, 0.23, 0.27]"
10,8,C2,,,,,,0.01,0.037,"[0.77, 0.76, 0.12, 0.44, 0.77, 0.61, 0.28, 0.85, 0.93, 0.95]"
10,8,C3,,,,,,0.1,0.049,"[0.25, 0.95, 0.19, 0.45, 0.43, 0.1, 0.08, 0.38, 0.55, 0.13]"
10,8,C4,,,,,,-0.05,0.049,"[0.48, 0.22, 0.22, 0.57, 0.53, 0.79, 0.17, 0.29, 0.85, 0.71]"
10,8,C5,,,,,,0.03,0.054,"[0.97, 0.16, 0.78, 0.79, 0.4, 0.88, 0.19, 0.64, 0.98, 0.8]"
10,8,C6,,,,,,0.12,0.028,"[0.15, 0.95, 0.89, 0.73, 0.52, 0.26, 0.2, 0.16, 0.38, 0.11]"
10,8,C7,,,,,,-0.03,0.025,"[0.87, 0.86, 0.11, 0.03, 0.25, 0.63, 0.2, 0.42, 0.03, 0.75]"
10,8,C8,,,,,,-0.05,0.049,"[0.63, 0.51, 0.42, 0.15, 0.16, 0.3, 0.16, 0.87, 0.23, 0.83]"
10,8,C9,,,,,,0.15,0.038,"[0.02, 0.99, 0.52, 0.97, 0.01, 0.98, 0.54, 0.99, 0.4, 0.02]"
10,8,C10,,,,,,-0.04,0.05,"[0.05, 0.35, 0.76, 0.14, 0.91, 0.0, 0.2, 0.64, 0.57, 0.91]"
10,8,C11,,,,,,0.04,0.048,"[0.12, 0.13, 0.85, 0.45, 0.11, 0.23, 0.58, 0.29, 0.99, 0.69]"
10,8,C12,,,,,,0.1,0.043,"[0.61, 0.38, 0.87, 0.59, 0.89, 0.76, 0.94, 0.75, 0.17, 0.94]"
10,8,C13,,,,,,-0.04,0.053,"[0.1, 0.89, 0.12, 0.59, 0.33, 0.15, 0.17, 0.8, 0.71, 0.91]"
10,8,C14,,,,,,0.03,0.054,"[0.88, 0.63, 0.2, 0.85, 0.05, 0.65, 0.67, 0.15, 0.53, 0.61]"
10,8,C15,,,,,,0.02,0.043,"[0.41, 0.22, 0.94, 0.74, 0.59, 0.96, 0.95, 0.38, 0.36, 0.46]"
10,8,C16,,,,,,0.04,0.028,"[0.03, 0.58, 0.85, 0.31, 0.12, 0.3, 0.9, 0.53, 0.17, 0.97]"
10,8,C17,,,,,,0.11,0.038,"[0.55, 0.95, 0.79, 0.12, 0.94, 0.61, 0.66, 0.36, 0.12, 0.29]"
10,8,C18,,,,,,-0.04,0.038,"[0.08, 0.77, 0.54, 0.56, 0.4, 0.54, 0.27, 0.1, 0.46, 0.64]"
10,8,C19,,,,,,-0.07,0.053,"[0.71, 0.72, 0.48, 0.88, 0.82, 0.74, 0.12, 0.65, 0.75, 0.74]"
10,8,C20,,,,,,0.05,0.046,"[0.05, 0.04, 0.2, 0.26, 0.28, 0.84, 0.9, 0.07, 0.62, 0.12]"
10,9,C1,,,,,,0.02,0.043,"[0.96, 0.18, 0.25, 0.34, 0.6, 0.22, 0.56, 0.04, 0.23, 0.27]"
10,9,C2,,,,,,0.11,0.037,"[0.77, 0.76, 0.12, 0.44, 0.77, 0.61, 0.28, 0.85, 0.93, 0.95]"
10,9,C3,,,,,,0.0,0.049,"[0.25, 0.95, 0.19, 0.45, 0.43, 0.1, 0.08, 0.38, 0.55, 0.13]"
10,9,C4,,,,,,-0.05,0.049,"[0.48, 0.22, 0.22, 0.57, 0.53, 0.79, 0.17, 0.29, 0.85, 0.71]"
10,9,C5,,,,,,-0.02,0.054,"[0.97, 0.16, 0.78, 0.79, 0.4, 0.88, 0.19, 0.64, 0.98, 0.8]"
10,9,C6,,,,,,0.02,0.028,"[0.15, 0.95, 0.89, 0.73, 0.52, 0.26, 0.2, 0.16, 0.38, 0.11]"
10,9,C7,,,,,,-0.03,0.025,"[0.87, 0.86, 0.11, 0.03, 0.25, 0.63, 0.2, 0.42, 0.03, 0.75]"
10,9,C8,,,,,,-0.05,0.049,"[0.63, 0.51, 0.42, 0.15, 0.16, 0.3, 0.16, 0.87, 0.23, 0.83]"
10,9,C9,,,,,,0.05,0.038,"[0.02, 0.99, 0.52, 0.97, 0.01, 0.98, 0.54, 0.99, 0.4, 0.02]"
10,9,C10,,,,,,0.06,0.05,"[0.05, 0.35, 0.76, 0.14, 0.91, 0.0, 0.2, 0.64, 0.57, 0.91]"
10,9,C11,,,,,,-0.01,0.048,"[0.12, 0.13, 0.85, 0.45, 0.11, 0.23, 0.58, 0.29, 0.99, 0.69]"
10,9,C12,,,,,,0.0,0.043,"[0.61, 0.38, 0.87, 0.59, 0.89, 0.76, 0.94, 0.75, 0.17, 0.94]"
10,9,C13,,,,,,0.06,0.053,"[0.1, 0.89, 0.12, 0.59, 0.33, 0.15, 0.17, 0.8, 0.71, 0.91]"
10,9,C14,,,,,,-0.07,0.054,"[0.88, 0.63, 0.2, 0.85, 0.05, 0.65, 0.67, 0.15, 0.53, 0.61]"
10,9,C15,,,,,,0.02,0.043,"[0.41, 0.22, 0.94, 0.74, 0.59, 0.96, 0.95, 0.38, 0.36, 0.46]"
10,9,C16,,,,,,0.14,0.028,"[0.03, 0.58, 0.85, 0.31, 0.12, 0.3, 0.9, 0.53, 0.17, 0.97]"
10,9,C17,,,,,,0.01,0.038,"[0.55, 0.95, 0.79, 0.12, 0.94, 0.61, 0.66, 0.36, 0.12, 0.29]"
10,9,C18,,,,,,-0.04,0.038,"[0.08, 0.77, 0.54, 0.56, 0.4, 0.54, 0.27, 0.1, 0.46, 0.64]"
10,9,C19,,,,,,-0.07,0.053,"[0.71, 0.72, 0.48, 0.88, 0.82, 0.74, 0.12, 0.65, 0.75, 0.74]"
10,9,C20,,,,,,-0.05,0.046,"[0.05, 0.04, 0.2, 0.26, 0.28, 0.84, 0.9, 0.07, 0.62, 0.12]"
10,10,C1,,,,,,0.02,0.043,"[0.96, 0.18, 0.25, 0.34, 0.6, 0.22, 0.56, 0.04, 0.23, 0.27]"
10,10,C2,,,,,,0.01,0.037,"[0.77, 0.76, 0.12, 0.44, 0.77, 0.61, 0.28, 0.85, 0.93, 0.95]"
10,10,C3,,,,,,-0.05,0.049,"[0.25, 0.95, 0.19, 0.45, 0.43, 0.1, 0.08, 0.38, 0.55, 0.13]"
10,10,C4,,,,,,-0.05,0.049,"[0.48, 0.22, 0.22, 0.57, 0.53, 0.79, 0.17, 0.29, 0.85, 0.71]"
10,10,C5,,,,,,0.03,0.054,"[0.97, 0.16, 0.78, 0.79, 0.4, 0.88, 0.19, 0.64, 0.98, 0.8]"
10,10,C6,,,,,,-0.03,0.028,"[0.15, 0.95, 0.89, 0.73, 0.52, 0.26, 0.2, 0.16, 0.38, 0.11]"
10,10,C7,,,,,,-0.03,0.025,"[0.87, 0.86, 0.11, 0.03, 0.25, 0.63, 0.2, 0.42, 0.03, 0.75]"
10,10,C8,,,,,,-0.05,0.049,"[0.63, 0.51, 0.42, 0.15, 0.16, 0.3, 0.16, 0.87, 0.23, 0.83]"
10,10,C9,,,,,,0.0,0.038,"[0.02, 0.99, 0.52, 0.97, 0.01, 0.98, 0.54, 0.99, 0.4, 0.02]"
10,10,C10,,,,,,-0.04,0.05,"[0.05, 0.35, 0.76, 0.14, 0.91, 0.0, 0.2, 0.64, 0.57, 0.91]"
10,10,C11,,,,,,0.04,0.048,"[0.12, 0.13, 0.85, 0.45, 0.11, 0.23, 0.58, 0.29, 0.99, 0.69]"
10,10,C12,,,,,,0.0,0.043,"[0.61, 0.38, 0.87, 0.59, 0.89, 0.76, 0.94, 0.75, 0.17, 0.94]"
10,10,C13,,,,,,-0.04,0.053,"[0.1, 0.89, 0.12, 0.59, 0.33, 0.15, 0.17, 0.8, 0.71, 0.91]"
10,10,C14,,,,,,-0.05,0.054,"[0.88, 0.63, 0.2, 0.85, 0.05, 0.65, 0.67, 0.15, 0.53, 0.61]"
10,10,C15,,,,,,0.02,0.043,"[0.41, 0.22, 0.94, 0.74, 0.59, 0.96, 0.95, 0.38, 0.36, 0.46]"
10,10,C16,,,,,,0.04,0.028,"[0.03, 0.58, 0.85, 0.31, 0.12, 0.3, 0.9, 0.53, 0.17, 0.97]"
10,10,C17,,,,,,-0.04,0.038,"[0.55, 0.95, 0.79, 0.12, 0.94, 0.61, 0.66, 0.36, 0.12, 0.29]"
10,10,C18,,,,,,-0.04,0.038,"[0.08, 0.77, 0.54, 0.56, 0.4, 0.54, 0.27, 0.1, 0.46, 0.64]"
10,10,C19,,,,,,-0.05,0.053,"[0.71, 0.72, 0.48, 0.88, 0.82, 0.74, 0.12, 0.65, 0.75, 0.74]"
10,10,C20,,,,,,-0.05,0.046,"[0.05, 0.04, 0.2, 0.26, 0.28, 0.84, 0.9, 0.07, 0.62, 0.12]"
