firm_num,round,consumer_id,share,share_reason,final_choice,final_reason,decision_sequence,total_revenue,Privacy_Cost,Valuations
1,1,C1,False,"No, privacy cost exceeds potential search savings with one firm.",-1,"### Decision:
I'll **leave** (choose number -1) because: 
- The searched firm has negative profit (-0.12).
- Leaving maximizes revenue by avoiding loss.","C1 Search #1 (Searched:1/1, SearchCost:0.00, BestProfit:-0.12@F0) → Leave Market",0.0,0.05,[0.38]
1,1,C2,False,"No, minimal benefit from recommendations with one firm.",0,"### Decision:
I'll **purchase Firm 0** (choose number 0) because: 
- Offers positive profit of 0.25
- Rational to buy when profit is positive","C2 Search #1 (Searched:1/1, SearchCost:0.00, BestProfit:0.25@F0) → Purchase F0",0.25,0.045,[0.75]
1,1,C3,False,"No, because with only one firm, personalized recommendations offer minimal search cost savings compared to the privacy cost of 0.044.",-1,"### Decision:
I'll **leave** (choose number -1) because: 
- The searched firm has negative profit (-0.32)
- Leaving avoids any loss and maximizes revenue at zero","C3 Search #1 (Searched:1/1, SearchCost:0.00, BestProfit:-0.32@F0) → Leave Market",0.0,0.044,[0.18]
1,1,C4,False,"No, because with only one firm, the potential reduction in search cost from personalized recommendations is minimal, and it does not outweigh the privacy cost of 0.051.",0,"### Decision:
I'll **purchase Firm 0** (choose number 0) because: 
- Positive profit of 0.19 from the firm.
- All firms searched, rational to buy when profit is positive.","C4 Search #1 (Searched:1/1, SearchCost:0.00, BestProfit:0.19@F0) → Purchase F0",0.19,0.051,[0.69]
1,1,C5,False,"No, with only one firm, the reduction in search cost from recommendations is likely minimal compared to the privacy cost of 0.044.",0,"### Decision:
I'll **purchase Firm 0** (choose number 0) because: 
- Positive profit of 0.24
- Rational to buy when profit is positive","C5 Search #1 (Searched:1/1, SearchCost:0.00, BestProfit:0.24@F0) → Purchase F0",0.24,0.044,[0.74]
1,1,C6,False,"No, because with only one firm, personalized recommendations offer minimal search cost reduction compared to the privacy cost of 0.046.",-1,"### Decision:
I'll **leave** (choose number -1) because: 
- The only firm offers negative profit (-0.3), resulting in a loss.
- Leaving maximizes revenue by avoiding any cost.","C6 Search #1 (Searched:1/1, SearchCost:0.00, BestProfit:-0.30@F0) → Leave Market",0.0,0.046,[0.2]
1,1,C7,False,"No, minimal benefit from recommendations with one firm.",0,"### Decision:
I'll **purchase Firm 0** (choose number 0) because: 
- Positive profit of 0.31
- Rational rule to buy when profit is positive","C7 Search #1 (Searched:1/1, SearchCost:0.00, BestProfit:0.31@F0) → Purchase F0",0.31,0.029,[0.81]
1,1,C8,False,"No, because with only one firm, the reduction in search cost from recommendations is likely minimal, and the privacy cost of 0.036 outweighs the benefit.",0,"### Decision:
I'll **purchase Firm 0** (choose number 0) because: 
- The firm offers a positive profit of 0.32.
- No other firms are available to search.","C8 Search #1 (Searched:1/1, SearchCost:0.00, BestProfit:0.32@F0) → Purchase F0",0.32,0.036,[0.82]
1,1,C9,False,"No, limited benefit with one firm.",-1,"### Decision:
I'll **leave** (choose number -1) because: 
- The only firm offers negative profit (-0.18).
- No other firms available to search.","C9 Search #1 (Searched:1/1, SearchCost:0.00, BestProfit:-0.18@F0) → Leave Market",0.0,0.042,[0.32]
1,1,C10,False,"No, minimal benefit with one firm versus privacy cost of 0.029.",-1,"### Decision:
I'll **leave** (choose number -1) because: 
- The only firm has negative profit (-0.02). 
- Leaving yields zero revenue, avoiding a loss.","C10 Search #1 (Searched:1/1, SearchCost:0.00, BestProfit:-0.02@F0) → Leave Market",0.0,0.029,[0.48]
1,1,C11,False,"No, with only one firm, the potential reduction in search cost from recommendations is likely minimal and may not offset the privacy cost of 0.043.",0,"### Decision:
I'll **purchase Firm 0** (choose number 0) because: 
- Positive profit of 0.42 available.
- All firms searched, no better alternatives.","C11 Search #1 (Searched:1/1, SearchCost:0.00, BestProfit:0.42@F0) → Purchase F0",0.42,0.043,[0.92]
1,1,C12,False,"No, minimal benefit from recommendations with one firm outweighs privacy cost of 0.026.",-1,"### Decision:
I'll **leave** (choose number -1) because: 
- The profit from the searched firm is zero, offering no benefit.
- Leaving avoids unnecessary action with no potential gain.","C12 Search #1 (Searched:1/1, SearchCost:0.00, BestProfit:0.00@F0) → Leave Market",0.0,0.026,[0.5]
1,1,C13,False,"No, with only one firm, the reduction in search cost from recommendations is likely minimal compared to the privacy cost of 0.025.",-1,"### Decision:
I'll **leave** (choose number -1) because: 
- The only firm has negative profit (-0.17).
- Leaving yields zero revenue, which is better than a loss.","C13 Search #1 (Searched:1/1, SearchCost:0.00, BestProfit:-0.17@F0) → Leave Market",0.0,0.025,[0.33]
1,1,C14,False,"No, minimal benefit with one firm outweighs privacy cost of 0.044.",-1,"### Decision:
I'll **leave** (choose number -1) because: 
- The firm offers negative profit (-0.07). 
- Purchasing would reduce total revenue.","C14 Search #1 (Searched:1/1, SearchCost:0.00, BestProfit:-0.07@F0) → Leave Market",0.0,0.044,[0.43]
1,1,C15,False,"No, privacy cost outweighs minimal recommendation benefit with one firm.",0,"### Decision:
I'll **purchase Firm 0** (choose number 0) because: 
- Positive profit of 0.01
- Rational to buy when profit is positive","C15 Search #1 (Searched:1/1, SearchCost:0.00, BestProfit:0.01@F0) → Purchase F0",0.01,0.052,[0.51]
1,1,C16,False,"No, minimal benefit from recommendations with one firm.",0,"### Decision:
I'll **purchase Firm 0** (choose number 0) because: 
- It offers a positive profit of 0.15","C16 Search #1 (Searched:1/1, SearchCost:0.00, BestProfit:0.15@F0) → Purchase F0",0.15,0.025,[0.65]
1,1,C17,False,"No, minimal benefit with one firm.",-1,"### Decision:
I'll **leave** (choose number -1) because: 
- The only firm offers negative profit (-0.34). 
- No other firms available to search.","C17 Search #1 (Searched:1/1, SearchCost:0.00, BestProfit:-0.34@F0) → Leave Market",0.0,0.048,[0.16]
1,1,C18,False,"No, privacy cost (0.047) exceeds likely search cost savings with only one firm.",0,"### Decision:
I'll **purchase Firm 0** (choose number 0) because: 
- Positive profit of 0.37
- All firms searched, no better options","C18 Search #1 (Searched:1/1, SearchCost:0.00, BestProfit:0.37@F0) → Purchase F0",0.37,0.047,[0.87]
1,1,C19,False,"No, because with only one firm, personalized recommendations offer minimal search cost reduction, and the privacy cost of 0.029 exceeds potential savings.",0,"### Decision:
I'll **purchase Firm 0** (choose number 0) because: 
- The firm offers a positive profit of 0.24. 
- It is rational to buy when profit is positive.","C19 Search #1 (Searched:1/1, SearchCost:0.00, BestProfit:0.24@F0) → Purchase F0",0.24,0.029,[0.74]
1,1,C20,False,"No, minimal benefit from recommendations with only one firm.",-1,"### Decision:
I'll **leave** (choose number -1) because: 
- The firm offers negative profit (-0.19) 
- Leaving avoids a loss and maximizes revenue","C20 Search #1 (Searched:1/1, SearchCost:0.00, BestProfit:-0.19@F0) → Leave Market",0.0,0.04,[0.31]
1,2,C1,False,"No, with only one firm, sharing data offers no search cost reduction, so the privacy cost of 0.05 outweighs any benefit.",-1,"### Decision:
I'll **leave** (choose number -1) because: 
- The only firm has negative profit (-0.12).
- Leaving avoids a loss and maximizes revenue.","C1 Search #1 (Searched:1/1, SearchCost:0.00, BestProfit:-0.12@F0) → Leave Market",0.0,0.05,[0.38]
1,2,C2,False,"No, no benefit from recommendations with one firm.",0,"### Decision:
I'll **purchase Firm 0** (choose number 0) because: 
- Offers positive profit of 0.25
- Rational to buy when profit is positive","C2 Search #1 (Searched:1/1, SearchCost:0.00, BestProfit:0.25@F0) → Purchase F0",0.25,0.045,[0.75]
1,2,C3,False,"No, minimal search cost savings with one firm, privacy cost of 0.044 outweighs benefits.",-1,"### Decision:
I'll **leave** (choose number -1) because: 
- The firm has negative profit (-0.32)
- Leaving avoids loss and ensures zero revenue","C3 Search #1 (Searched:1/1, SearchCost:0.00, BestProfit:-0.32@F0) → Leave Market",0.0,0.044,[0.18]
1,2,C4,False,"No, minimal search cost reduction with one firm, privacy cost outweighs benefit.",0,"### Decision:
I'll **purchase Firm 0** (choose number 0) because: 
- Positive profit of 0.19.
- No other firms available to search.","C4 Search #1 (Searched:1/1, SearchCost:0.00, BestProfit:0.19@F0) → Purchase F0",0.19,0.051,[0.69]
1,2,C5,False,"No, minimal search cost savings with one firm outweighs privacy cost of 0.044.",0,"### Decision:
I'll **purchase Firm 0** (choose number 0) because: 
- Positive profit of 0.24
- Rational to buy when profit is positive","C5 Search #1 (Searched:1/1, SearchCost:0.00, BestProfit:0.24@F0) → Purchase F0",0.24,0.044,[0.74]
1,2,C6,False,"No, minimal search cost reduction with one firm, privacy cost of 0.046 outweighs any benefit.",-1,"### Decision:
I'll **leave** (choose number -1) because: 
- The firm offers negative profit (-0.3).
- Leaving avoids any loss and maximizes revenue.","C6 Search #1 (Searched:1/1, SearchCost:0.00, BestProfit:-0.30@F0) → Leave Market",0.0,0.046,[0.2]
1,2,C7,False,"No, minimal benefit from recommendations with one firm, privacy cost of 0.029 outweighs any potential savings.",0,"### Decision:
I'll **purchase Firm 0** (choose number 0) because: 
- Positive profit of 0.31
- Rational to buy when profit is positive","C7 Search #1 (Searched:1/1, SearchCost:0.00, BestProfit:0.31@F0) → Purchase F0",0.31,0.029,[0.81]
1,2,C8,False,"No, because with only one firm, sharing data offers no reduction in search cost, making the privacy cost of 0.036 unnecessary.",0,"### Decision:
I'll **purchase Firm 0** (choose number 0) because: 
- It offers a positive profit of 0.32.
- Rational to buy as no other firms are available.","C8 Search #1 (Searched:1/1, SearchCost:0.00, BestProfit:0.32@F0) → Purchase F0",0.32,0.036,[0.82]
1,2,C9,False,"No, minimal search cost savings with one firm, privacy cost of 0.042 outweighs benefits.",-1,"### Decision:
I'll **leave** (choose number -1) because: 
- The only firm offers negative profit (-0.18).
- Purchasing would result in a loss.","C9 Search #1 (Searched:1/1, SearchCost:0.00, BestProfit:-0.18@F0) → Leave Market",0.0,0.042,[0.32]
1,2,C10,False,"No, minimal benefit with one firm versus privacy cost of 0.029.",-1,"### Decision:
I'll **leave** (choose number -1) because: 
- The only firm has negative profit (-0.02), resulting in a loss if purchased.
- Leaving maximizes revenue by avoiding any cost or loss.","C10 Search #1 (Searched:1/1, SearchCost:0.00, BestProfit:-0.02@F0) → Leave Market",0.0,0.029,[0.48]
1,2,C11,False,"No, no search cost reduction with one firm.",0,"### Decision:
I'll **purchase Firm 0** (choose number 0) because: 
- Positive profit of 0.42 available.
- All firms searched, no better alternatives.","C11 Search #1 (Searched:1/1, SearchCost:0.00, BestProfit:0.42@F0) → Purchase F0",0.42,0.043,[0.92]
1,2,C12,False,"No, minimal benefit from recommendations with one firm, privacy cost of 0.026 not justified.",-1,"### Decision:
I'll **leave** (choose number -1) because: 
- The profit from the searched firm is zero, offering no benefit.
- Leaving avoids unnecessary purchase with no gain.","C12 Search #1 (Searched:1/1, SearchCost:0.00, BestProfit:0.00@F0) → Leave Market",0.0,0.026,[0.5]
1,2,C13,False,"No, with only one firm, recommendations provide no search cost reduction, so privacy cost of 0.025 isn't justified.",-1,"### Decision:
I'll **leave** (choose number -1) because: 
- The only firm has negative profit (-0.17).
- Leaving avoids a loss and ensures zero revenue.","C13 Search #1 (Searched:1/1, SearchCost:0.00, BestProfit:-0.17@F0) → Leave Market",0.0,0.025,[0.33]
1,2,C14,False,"No, minimal benefit with one firm, privacy cost of 0.044 outweighs any potential savings.",-1,"### Decision:
I'll **leave** (choose number -1) because: 
- The firm offers negative profit (-0.07).
- Purchasing would reduce total revenue.","C14 Search #1 (Searched:1/1, SearchCost:0.00, BestProfit:-0.07@F0) → Leave Market",0.0,0.044,[0.43]
1,2,C15,False,"No, with only one firm and free first search, no reduction in search cost, so privacy cost of 0.052 outweighs any benefit.",0,"### Decision:
I'll **purchase Firm 0** (choose number 0) because: 
- Positive profit of 0.01
- Rational to buy when profit is positive","C15 Search #1 (Searched:1/1, SearchCost:0.00, BestProfit:0.01@F0) → Purchase F0",0.01,0.052,[0.51]
1,2,C16,False,"No, privacy cost outweighs minimal search cost savings with one firm.",0,"### Decision:
I'll **purchase Firm 0** (choose number 0) because: 
- It offers a positive profit of 0.15.
- No other firms available to search, and it's rational to buy when profit is positive.","C16 Search #1 (Searched:1/1, SearchCost:0.00, BestProfit:0.15@F0) → Purchase F0",0.15,0.025,[0.65]
1,2,C17,False,"No, minimal benefit with one firm outweighs privacy cost of 0.048.",-1,"### Decision:
I'll **leave** (choose number -1) because: 
- The firm offers negative profit (-0.34). 
- No other firms available to search or purchase.","C17 Search #1 (Searched:1/1, SearchCost:0.00, BestProfit:-0.34@F0) → Leave Market",0.0,0.048,[0.16]
1,2,C18,False,"No, with only one firm and no search cost (first search free), sharing data provides no reduction in search cost but incurs a privacy cost of 0.047.",0,"### Decision:
I'll **purchase Firm 0** (choose number 0) because: 
- Positive profit of 0.37
- All firms searched, no better options","C18 Search #1 (Searched:1/1, SearchCost:0.00, BestProfit:0.37@F0) → Purchase F0",0.37,0.047,[0.87]
1,2,C19,False,"No, minimal benefit with one firm and no search cost reduction to offset privacy cost of 0.029.",0,"### Decision:
I'll **purchase Firm 0** (choose number 0) because: 
- The firm offers a positive profit of 0.24.
- It is rational to buy when profit is positive.","C19 Search #1 (Searched:1/1, SearchCost:0.00, BestProfit:0.24@F0) → Purchase F0",0.24,0.029,[0.74]
1,2,C20,False,"No, minimal search cost reduction with one firm, privacy cost of 0.04 not justified.",-1,"### Decision:
I'll **leave** (choose number -1) because: 
- The firm offers negative profit (-0.19)
- Leaving avoids a loss and maximizes revenue","C20 Search #1 (Searched:1/1, SearchCost:0.00, BestProfit:-0.19@F0) → Leave Market",0.0,0.04,[0.31]
1,3,C1,False,"No, no benefit from recommendations with one firm, only privacy cost.",-1,"### Decision:
I'll **leave** (choose number -1) because: 
- The searched firm has negative profit (-0.12).
- Leaving avoids loss and maximizes revenue.","C1 Search #1 (Searched:1/1, SearchCost:0.00, BestProfit:-0.12@F0) → Leave Market",0.0,0.05,[0.38]
1,3,C2,False,"No, no benefit from recommendations with one firm, privacy cost of 0.045 outweighs negligible search cost reduction.",0,"### Decision:
I'll **purchase Firm 0** (choose number 0) because: 
- Offers positive profit of 0.25
- Rational to buy when profit is positive","C2 Search #1 (Searched:1/1, SearchCost:0.00, BestProfit:0.25@F0) → Purchase F0",0.25,0.045,[0.75]
1,3,C3,False,"No, no search cost reduction with one firm.",-1,"### Decision:
I'll **leave** (choose number -1) because: 
- The searched firm has negative profit (-0.32)
- Leaving avoids loss and ensures zero revenue","C3 Search #1 (Searched:1/1, SearchCost:0.00, BestProfit:-0.32@F0) → Leave Market",0.0,0.044,[0.18]
1,3,C4,False,"No, no search cost reduction with one firm.",0,"### Decision:
I'll **purchase Firm 0** (choose number 0) because: 
- Positive profit of 0.19.
- All firms searched, rational to buy.","C4 Search #1 (Searched:1/1, SearchCost:0.00, BestProfit:0.19@F0) → Purchase F0",0.19,0.051,[0.69]
1,3,C5,False,"No, no benefit from recommendations with one firm, privacy cost of 0.044 outweighs any potential savings.",0,"### Decision:
I'll **purchase Firm 0** (choose number 0) because: 
- Positive profit of 0.24
- Rational to buy when profit is positive","C5 Search #1 (Searched:1/1, SearchCost:0.00, BestProfit:0.24@F0) → Purchase F0",0.24,0.044,[0.74]
1,3,C6,False,"No, no search cost reduction possible with one firm.",-1,"### Decision:
I'll **leave** (choose number -1) because: 
- The firm offers negative profit (-0.3), resulting in a loss.
- Leaving maximizes revenue by avoiding any cost.","C6 Search #1 (Searched:1/1, SearchCost:0.00, BestProfit:-0.30@F0) → Leave Market",0.0,0.046,[0.2]
1,3,C7,False,"No, no search cost reduction with one firm, privacy cost of 0.029 outweighs any benefit.",0,"### Decision:
I'll **purchase Firm 0** (choose number 0) because: 
- Positive profit of 0.31
- Rational to buy when profit is positive","C7 Search #1 (Searched:1/1, SearchCost:0.00, BestProfit:0.31@F0) → Purchase F0",0.31,0.029,[0.81]
1,3,C8,False,"No, because with only one firm, sharing data provides no reduction in search cost but incurs a privacy cost of 0.036.",0,"### Decision:
I'll **purchase Firm 0** (choose number 0) because: 
- It offers a positive profit of 0.32.
- Rational to buy as no other firms are available.","C8 Search #1 (Searched:1/1, SearchCost:0.00, BestProfit:0.32@F0) → Purchase F0",0.32,0.036,[0.82]
1,3,C9,False,"No, no search cost reduction with one firm.",-1,"### Decision:
I'll **leave** (choose number -1) because: 
- The firm offers negative profit (-0.18).
- Purchasing would result in a loss.","C9 Search #1 (Searched:1/1, SearchCost:0.00, BestProfit:-0.18@F0) → Leave Market",0.0,0.042,[0.32]
1,3,C10,False,"No, no search cost reduction with one firm, only privacy cost of 0.029.",-1,"### Decision:
I'll **leave** (choose number -1) because: 
- The only firm offers negative profit (-0.02), resulting in a loss if purchased.
- Leaving maximizes revenue by avoiding any cost or loss.","C10 Search #1 (Searched:1/1, SearchCost:0.00, BestProfit:-0.02@F0) → Leave Market",0.0,0.029,[0.48]
1,3,C11,False,"No, no search cost reduction with one firm.",0,"### Decision:
I'll **purchase Firm 0** (choose number 0) because: 
- Positive profit of 0.42 available.
- All firms searched, no better alternatives.","C11 Search #1 (Searched:1/1, SearchCost:0.00, BestProfit:0.42@F0) → Purchase F0",0.42,0.043,[0.92]
1,3,C12,False,"No, no benefit from recommendations with one firm, privacy cost of 0.026 incurred.",-1,"### Decision:
I'll **leave** (choose number -1) because: 
- The profit from the searched firm is zero, offering no benefit.
- Leaving avoids unnecessary purchase with no gain.","C12 Search #1 (Searched:1/1, SearchCost:0.00, BestProfit:0.00@F0) → Leave Market",0.0,0.026,[0.5]
1,3,C13,False,"No, no benefit with one firm.",-1,"### Decision:
I'll **leave** (choose number -1) because: 
- The only firm has negative profit (-0.17).
- Leaving avoids a loss and ensures zero revenue.","C13 Search #1 (Searched:1/1, SearchCost:0.00, BestProfit:-0.17@F0) → Leave Market",0.0,0.025,[0.33]
1,3,C14,False,"No, no search cost reduction with one firm, privacy cost of 0.044 outweighs any benefit.",-1,"### Decision:
I'll **leave** (choose number -1) because: 
- The firm offers negative profit (-0.07). 
- Purchasing would reduce total revenue.","C14 Search #1 (Searched:1/1, SearchCost:0.00, BestProfit:-0.07@F0) → Leave Market",0.0,0.044,[0.43]
1,3,C15,False,"No, no benefit from recommendations with one firm, privacy cost of 0.052 outweighs any potential savings.",0,"### Decision:
I'll **purchase Firm 0** (choose number 0) because: 
- Positive profit of 0.01
- Rational to buy when profit is positive","C15 Search #1 (Searched:1/1, SearchCost:0.00, BestProfit:0.01@F0) → Purchase F0",0.01,0.052,[0.51]
1,3,C16,False,"No, no search cost reduction with one firm.",0,"### Decision:
I'll **purchase Firm 0** (choose number 0) because: 
- It offers a positive profit of 0.15.
- Rational to buy when profit is positive and no other firms available.","C16 Search #1 (Searched:1/1, SearchCost:0.00, BestProfit:0.15@F0) → Purchase F0",0.15,0.025,[0.65]
1,3,C17,False,"No, no search cost reduction with one firm, privacy cost of 0.048 outweighs any benefit.",-1,"### Decision:
I'll **leave** (choose number -1) because: 
- The firm offers negative profit (-0.34). 
- No other firms available to search or purchase.","C17 Search #1 (Searched:1/1, SearchCost:0.00, BestProfit:-0.34@F0) → Leave Market",0.0,0.048,[0.16]
1,3,C18,False,"No, no search cost reduction with one firm, privacy cost of 0.047 is unnecessary.",0,"### Decision:
I'll **purchase Firm 0** (choose number 0) because: 
- Positive profit of 0.37
- All firms searched, no better options","C18 Search #1 (Searched:1/1, SearchCost:0.00, BestProfit:0.37@F0) → Purchase F0",0.37,0.047,[0.87]
1,3,C19,False,"No, no search cost reduction with one firm.",0,"### Decision:
I'll **purchase Firm 0** (choose number 0) because: 
- The firm offers a positive profit of 0.24.
- It is rational to buy when profit is positive.","C19 Search #1 (Searched:1/1, SearchCost:0.00, BestProfit:0.24@F0) → Purchase F0",0.24,0.029,[0.74]
1,3,C20,False,"No, no search cost reduction with one firm.",-1,"### Decision:
I'll **leave** (choose number -1) because: 
- The firm offers negative profit (-0.19)
- Leaving avoids a loss and maximizes revenue","C20 Search #1 (Searched:1/1, SearchCost:0.00, BestProfit:-0.19@F0) → Leave Market",0.0,0.04,[0.31]
1,4,C1,False,"No, no search cost reduction with one firm, privacy cost of 0.05 outweighs any benefit.",-1,"### Decision:
I'll **leave** (choose number -1) because: 
- The only firm has negative profit (-0.12).
- Leaving avoids loss and maximizes revenue.","C1 Search #1 (Searched:1/1, SearchCost:0.00, BestProfit:-0.12@F0) → Leave Market",0.0,0.05,[0.38]
1,4,C2,False,"no, no benefit from sharing with one firm.",0,"### Decision:
I'll **purchase Firm 0** (choose number 0) because: 
- Offers positive profit of 0.25
- Rational to buy when profit is positive","C2 Search #1 (Searched:1/1, SearchCost:0.00, BestProfit:0.25@F0) → Purchase F0",0.25,0.045,[0.75]
1,4,C3,False,"No, no benefit from recommendations with one firm.",-1,"### Decision:
I'll **leave** (choose number -1) because: 
- The searched firm has negative profit (-0.32)
- Leaving avoids loss and ensures zero revenue","C3 Search #1 (Searched:1/1, SearchCost:0.00, BestProfit:-0.32@F0) → Leave Market",0.0,0.044,[0.18]
1,4,C4,False,"No, no search cost reduction with one firm.",0,"### Decision:
I'll **purchase Firm 0** (choose number 0) because: 
- Positive profit of 0.19.
- All firms searched, must buy when profit is positive.","C4 Search #1 (Searched:1/1, SearchCost:0.00, BestProfit:0.19@F0) → Purchase F0",0.19,0.051,[0.69]
1,4,C5,False,"No, no search cost reduction with one firm, privacy cost of 0.044 outweighs any benefit.",0,"### Decision:
I'll **purchase Firm 0** (choose number 0) because: 
- Positive profit of 0.24
- Rational to buy when profit is positive","C5 Search #1 (Searched:1/1, SearchCost:0.00, BestProfit:0.24@F0) → Purchase F0",0.24,0.044,[0.74]
1,4,C6,False,"No, no benefit from recommendations with one firm, privacy cost of 0.046 outweighs any potential savings.",-1,"### Decision:
I'll **leave** (choose number -1) because: 
- The firm offers negative profit (-0.3).
- Leaving avoids loss and maximizes revenue.","C6 Search #1 (Searched:1/1, SearchCost:0.00, BestProfit:-0.30@F0) → Leave Market",0.0,0.046,[0.2]
1,4,C7,False,"No, no search cost reduction with one firm.",0,"### Decision:
I'll **purchase Firm 0** (choose number 0) because: 
- Positive profit of 0.31
- Rational to buy when profit is positive","C7 Search #1 (Searched:1/1, SearchCost:0.00, BestProfit:0.31@F0) → Purchase F0",0.31,0.029,[0.81]
1,4,C8,False,"No, no search cost reduction with one firm.",0,"### Decision:
I'll **purchase Firm 0** (choose number 0) because: 
- It offers a positive profit of 0.32.
- Rational to buy as no other firms are available.","C8 Search #1 (Searched:1/1, SearchCost:0.00, BestProfit:0.32@F0) → Purchase F0",0.32,0.036,[0.82]
1,4,C9,False,"no, no search cost reduction with one firm.",-1,"### Decision:
I'll **leave** (choose number -1) because: 
- The only firm offers negative profit (-0.18).
- Purchasing would result in a loss.","C9 Search #1 (Searched:1/1, SearchCost:0.00, BestProfit:-0.18@F0) → Leave Market",0.0,0.042,[0.32]
1,4,C10,False,"No, no search cost reduction with one firm.",-1,"### Decision:
I'll **leave** (choose number -1) because: 
- The only firm has negative profit (-0.02), resulting in a loss if purchased.
- Leaving maximizes revenue by avoiding any cost or loss.","C10 Search #1 (Searched:1/1, SearchCost:0.00, BestProfit:-0.02@F0) → Leave Market",0.0,0.029,[0.48]
1,4,C11,False,"No, no search cost reduction with one firm, privacy cost of 0.043 unnecessary.",0,"### Decision:
I'll **purchase Firm 0** (choose number 0) because: 
- Positive profit of 0.42 available.
- All firms searched, no better alternatives.","C11 Search #1 (Searched:1/1, SearchCost:0.00, BestProfit:0.42@F0) → Purchase F0",0.42,0.043,[0.92]
1,4,C12,False,"No, no search cost reduction with one firm.",-1,"### Decision:
I'll **leave** (choose number -1) because: 
- The profit from the searched firm is zero, offering no benefit.
- Leaving avoids unnecessary purchase with no gain.","C12 Search #1 (Searched:1/1, SearchCost:0.00, BestProfit:0.00@F0) → Leave Market",0.0,0.026,[0.5]
1,4,C13,False,"No, no search cost reduction with one firm, privacy cost of 0.025 is unnecessary.",-1,"### Decision:
I'll **leave** (choose number -1) because: 
- The only firm has negative profit (-0.17). 
- Leaving avoids a loss and ensures zero revenue.","C13 Search #1 (Searched:1/1, SearchCost:0.00, BestProfit:-0.17@F0) → Leave Market",0.0,0.025,[0.33]
1,4,C14,False,"No, no search cost reduction with one firm, privacy cost of 0.044 is unnecessary.",-1,"### Decision:
I'll **leave** (choose number -1) because: 
- The firm offers negative profit (-0.07).
- Purchasing would reduce total revenue.","C14 Search #1 (Searched:1/1, SearchCost:0.00, BestProfit:-0.07@F0) → Leave Market",0.0,0.044,[0.43]
1,4,C15,False,"No, no benefit from recommendations with one firm, privacy cost of 0.052 outweighs savings.",0,"### Decision:
I'll **purchase Firm 0** (choose number 0) because: 
- Positive profit of 0.01
- Rational to buy when profit is positive","C15 Search #1 (Searched:1/1, SearchCost:0.00, BestProfit:0.01@F0) → Purchase F0",0.01,0.052,[0.51]
1,4,C16,False,"No, no benefit from sharing with one firm, only privacy cost of 0.025.",0,"### Decision:
I'll **purchase Firm 0** (choose number 0) because: 
- It offers a positive profit of 0.15.
- Rational to buy when profit is positive and no other firms available.","C16 Search #1 (Searched:1/1, SearchCost:0.00, BestProfit:0.15@F0) → Purchase F0",0.15,0.025,[0.65]
1,4,C17,False,"No, no search cost reduction with one firm.",-1,"### Decision:
I'll **leave** (choose number -1) because: 
- The only firm offers negative profit (-0.34). 
- No other firms available to search or purchase.","C17 Search #1 (Searched:1/1, SearchCost:0.00, BestProfit:-0.34@F0) → Leave Market",0.0,0.048,[0.16]
1,4,C18,False,"No, no benefit from recommendations with one firm, privacy cost of 0.047 incurred unnecessarily.",0,"### Decision:
I'll **purchase Firm 0** (choose number 0) because: 
- Positive profit of 0.37
- All firms searched, no better options","C18 Search #1 (Searched:1/1, SearchCost:0.00, BestProfit:0.37@F0) → Purchase F0",0.37,0.047,[0.87]
1,4,C19,False,"No, no search cost reduction with one firm.",0,"### Decision:
I'll **purchase Firm 0** (choose number 0) because: 
- The firm offers a positive profit of 0.24.
- It is rational to buy when profit is positive.","C19 Search #1 (Searched:1/1, SearchCost:0.00, BestProfit:0.24@F0) → Purchase F0",0.24,0.029,[0.74]
1,4,C20,False,"No, no search cost reduction with one firm.",-1,"### Decision:
I'll **leave** (choose number -1) because: 
- The firm offers negative profit (-0.19)
- Leaving avoids a loss and maximizes revenue","C20 Search #1 (Searched:1/1, SearchCost:0.00, BestProfit:-0.19@F0) → Leave Market",0.0,0.04,[0.31]
1,5,C1,False,"No, no benefit from recommendations with one firm, privacy cost of 0.05 incurred unnecessarily.",-1,"### Decision:
I'll **leave** (choose number -1) because: 
- The searched firm has negative profit (-0.12).
- Leaving avoids loss and maximizes revenue.","C1 Search #1 (Searched:1/1, SearchCost:0.00, BestProfit:-0.12@F0) → Leave Market",0.0,0.05,[0.38]
1,5,C2,False,"No, no benefit from recommendations with one firm, privacy cost of 0.045 unnecessary.",0,"### Decision:
I'll **purchase Firm 0** (choose number 0) because: 
- Offers positive profit of 0.25
- Rational to buy when profit is positive","C2 Search #1 (Searched:1/1, SearchCost:0.00, BestProfit:0.25@F0) → Purchase F0",0.25,0.045,[0.75]
1,5,C3,False,"No, no search cost reduction with one firm.",-1,"### Decision:
I'll **leave** (choose number -1) because: 
- The searched firm has negative profit (-0.32)
- Leaving avoids loss and ensures zero revenue","C3 Search #1 (Searched:1/1, SearchCost:0.00, BestProfit:-0.32@F0) → Leave Market",0.0,0.044,[0.18]
1,5,C4,False,"No, no benefit from recommendations with one firm.",0,"### Decision:
I'll **purchase Firm 0** (choose number 0) because: 
- Positive profit of 0.19.
- Rational to buy when profit is positive.","C4 Search #1 (Searched:1/1, SearchCost:0.00, BestProfit:0.19@F0) → Purchase F0",0.19,0.051,[0.69]
1,5,C5,False,"No, no search cost reduction with one firm, privacy cost of 0.044 unnecessary.",0,"### Decision:
I'll **purchase Firm 0** (choose number 0) because: 
- Positive profit of 0.24
- Rational to buy when profit is positive","C5 Search #1 (Searched:1/1, SearchCost:0.00, BestProfit:0.24@F0) → Purchase F0",0.24,0.044,[0.74]
1,5,C6,False,"No, no search cost reduction with one firm, privacy cost of 0.046 unnecessary.",-1,"### Decision:
I'll **leave** (choose number -1) because: 
- The firm offers negative profit (-0.3), resulting in a loss.
- Leaving maximizes revenue by avoiding any cost.","C6 Search #1 (Searched:1/1, SearchCost:0.00, BestProfit:-0.30@F0) → Leave Market",0.0,0.046,[0.2]
1,5,C7,False,"No, no search cost reduction with one firm, privacy cost of 0.029 unnecessary.",0,"### Decision:
I'll **purchase Firm 0** (choose number 0) because: 
- Positive profit of 0.31
- Rational to buy when profit is positive","C7 Search #1 (Searched:1/1, SearchCost:0.00, BestProfit:0.31@F0) → Purchase F0",0.31,0.029,[0.81]
1,5,C8,False,"No, no benefit from recommendations with one firm, privacy cost of 0.036 unnecessary.",0,"### Decision:
I'll **purchase Firm 0** (choose number 0) because: 
- It offers a positive profit of 0.32.
- Rational to buy as no other firms are available.","C8 Search #1 (Searched:1/1, SearchCost:0.00, BestProfit:0.32@F0) → Purchase F0",0.32,0.036,[0.82]
1,5,C9,False,"No, no benefit from recommendations with one firm.",-1,"### Decision:
I'll **leave** (choose number -1) because: 
- The only firm offers negative profit (-0.18).
- Purchasing would result in a loss.","C9 Search #1 (Searched:1/1, SearchCost:0.00, BestProfit:-0.18@F0) → Leave Market",0.0,0.042,[0.32]
1,5,C10,False,"No, no search cost reduction with one firm, privacy cost of 0.029 unnecessary.",-1,"### Decision:
I'll **leave** (choose number -1) because: 
- The only firm has negative profit (-0.02), resulting in a loss if purchased.
- Leaving maximizes revenue by avoiding any cost or loss.","C10 Search #1 (Searched:1/1, SearchCost:0.00, BestProfit:-0.02@F0) → Leave Market",0.0,0.029,[0.48]
1,5,C11,False,"No, no benefit from recommendations with one firm, privacy cost of 0.043 unnecessary.",0,"### Decision:
I'll **purchase Firm 0** (choose number 0) because: 
- Positive profit of 0.42 available.
- All firms searched, no better alternatives.","C11 Search #1 (Searched:1/1, SearchCost:0.00, BestProfit:0.42@F0) → Purchase F0",0.42,0.043,[0.92]
1,5,C12,False,"No, no benefit from recommendations with one firm.",-1,"### Decision:
I'll **leave** (choose number -1) because: 
- The profit from the searched firm is zero, offering no benefit.
- Leaving avoids unnecessary purchase with no gain.","C12 Search #1 (Searched:1/1, SearchCost:0.00, BestProfit:0.00@F0) → Leave Market",0.0,0.026,[0.5]
1,5,C13,False,"No, no search cost reduction with one firm, privacy cost of 0.025 unnecessary.",-1,"### Decision:
I'll **leave** (choose number -1) because: 
- The only firm has negative profit (-0.17).
- Leaving avoids a loss and ensures zero revenue.","C13 Search #1 (Searched:1/1, SearchCost:0.00, BestProfit:-0.17@F0) → Leave Market",0.0,0.025,[0.33]
1,5,C14,False,"No, no benefit from recommendations with one firm, privacy cost of 0.044 unnecessary.",-1,"### Decision:
I'll **leave** (choose number -1) because: 
- The firm offers negative profit (-0.07). 
- Purchasing would reduce total revenue.","C14 Search #1 (Searched:1/1, SearchCost:0.00, BestProfit:-0.07@F0) → Leave Market",0.0,0.044,[0.43]
1,5,C15,False,"No, no benefit from recommendations with one firm, privacy cost of 0.052 outweighs any savings.",0,"### Decision:
I'll **purchase Firm 0** (choose number 0) because: 
- Positive profit of 0.01
- Rational to buy when profit is positive","C15 Search #1 (Searched:1/1, SearchCost:0.00, BestProfit:0.01@F0) → Purchase F0",0.01,0.052,[0.51]
1,5,C16,False,"No, no search cost reduction with one firm, privacy cost of 0.025 unnecessary.",0,"### Decision:
I'll **purchase Firm 0** (choose number 0) because: 
- It offers a positive profit of 0.15.
- Rational to buy when profit is positive and no other firms available.","C16 Search #1 (Searched:1/1, SearchCost:0.00, BestProfit:0.15@F0) → Purchase F0",0.15,0.025,[0.65]
1,5,C17,False,"No, no search cost reduction with one firm, privacy cost of 0.048 unnecessary.",-1,"### Decision:
I'll **leave** (choose number -1) because: 
- The only firm offers negative profit (-0.34). 
- No other firms available to search or purchase.","C17 Search #1 (Searched:1/1, SearchCost:0.00, BestProfit:-0.34@F0) → Leave Market",0.0,0.048,[0.16]
1,5,C18,False,"No, no benefit from recommendations with one firm, privacy cost of 0.047 incurred unnecessarily.",0,"### Decision:
I'll **purchase Firm 0** (choose number 0) because: 
- Positive profit of 0.37
- All firms searched, no better options","C18 Search #1 (Searched:1/1, SearchCost:0.00, BestProfit:0.37@F0) → Purchase F0",0.37,0.047,[0.87]
1,5,C19,False,"No, no benefit with one firm.",0,"### Decision:
I'll **purchase Firm 0** (choose number 0) because: 
- The firm offers a positive profit of 0.24.
- It is rational to buy when profit is positive.","C19 Search #1 (Searched:1/1, SearchCost:0.00, BestProfit:0.24@F0) → Purchase F0",0.24,0.029,[0.74]
1,5,C20,False,"No, no benefit from recommendations with one firm, privacy cost of 0.04 unnecessary.",-1,"### Decision:
I'll **leave** (choose number -1) because: 
- The firm offers negative profit (-0.19)
- Leaving avoids a loss and maximizes revenue","C20 Search #1 (Searched:1/1, SearchCost:0.00, BestProfit:-0.19@F0) → Leave Market",0.0,0.04,[0.31]
1,6,C1,False,"No, no benefit from recommendations with one firm, privacy cost of 0.05 unnecessary.",-1,"### Decision:
I'll **leave** (choose number -1) because: 
- The only firm has negative profit (-0.12).
- Leaving avoids loss and maximizes revenue.","C1 Search #1 (Searched:1/1, SearchCost:0.00, BestProfit:-0.12@F0) → Leave Market",0.0,0.05,[0.38]
1,6,C2,False,"No, no benefit from recommendations with one firm, privacy cost of 0.045 unnecessary.",0,"### Decision:
I'll **purchase Firm 0** (choose number 0) because: 
- Offers positive profit of 0.25
- Rational to buy when profit is positive","C2 Search #1 (Searched:1/1, SearchCost:0.00, BestProfit:0.25@F0) → Purchase F0",0.25,0.045,[0.75]
1,6,C3,False,"No, no benefit from recommendations with one firm, privacy cost of 0.044 unnecessary.",-1,"### Decision:
I'll **leave** (choose number -1) because: 
- The searched firm has negative profit (-0.32)
- Leaving avoids loss and ensures zero revenue","C3 Search #1 (Searched:1/1, SearchCost:0.00, BestProfit:-0.32@F0) → Leave Market",0.0,0.044,[0.18]
1,6,C4,False,"No, no benefit with one firm.",0,"### Decision:
I'll **purchase Firm 0** (choose number 0) because: 
- Positive profit of 0.19.
- All firms searched, rational to buy when profit is positive.","C4 Search #1 (Searched:1/1, SearchCost:0.00, BestProfit:0.19@F0) → Purchase F0",0.19,0.051,[0.69]
1,6,C5,False,"No, no benefit from recommendations with one firm, privacy cost of 0.044 unnecessary.",0,"### Decision:
I'll **purchase Firm 0** (choose number 0) because: 
- Positive profit of 0.24
- Rational to buy when profit is positive","C5 Search #1 (Searched:1/1, SearchCost:0.00, BestProfit:0.24@F0) → Purchase F0",0.24,0.044,[0.74]
1,6,C6,False,"No, no benefit from recommendations with one firm, privacy cost of 0.046 unnecessary.",-1,"### Decision:
I'll **leave** (choose number -1) because: 
- The firm offers negative profit (-0.3), resulting in a loss.
- Leaving maximizes revenue by avoiding any cost.","C6 Search #1 (Searched:1/1, SearchCost:0.00, BestProfit:-0.30@F0) → Leave Market",0.0,0.046,[0.2]
1,6,C7,False,"No, no benefit from recommendations with one firm.",0,"### Decision:
I'll **purchase Firm 0** (choose number 0) because: 
- Positive profit of 0.31
- Rational to buy when profit is positive","C7 Search #1 (Searched:1/1, SearchCost:0.00, BestProfit:0.31@F0) → Purchase F0",0.31,0.029,[0.81]
1,6,C8,False,"No, no benefit from recommendations with one firm, privacy cost of 0.036 unnecessary.",0,"### Decision:
I'll **purchase Firm 0** (choose number 0) because: 
- It offers a positive profit of 0.32.
- No other firms are available to search.","C8 Search #1 (Searched:1/1, SearchCost:0.00, BestProfit:0.32@F0) → Purchase F0",0.32,0.036,[0.82]
1,6,C9,False,"No, no benefit from recommendations with one firm.",-1,"### Decision:
I'll **leave** (choose number -1) because: 
- The only firm offers negative profit (-0.18).
- Purchasing would result in a loss.","C9 Search #1 (Searched:1/1, SearchCost:0.00, BestProfit:-0.18@F0) → Leave Market",0.0,0.042,[0.32]
1,6,C10,False,"No, no benefit from recommendations with one firm, privacy cost of 0.029 unnecessary.",-1,"### Decision:  
I'll **leave** (choose number -1) because:  
- The only firm offers negative profit (-0.02), resulting in a loss if purchased.  
- Leaving maximizes revenue by avoiding any cost or loss.","C10 Search #1 (Searched:1/1, SearchCost:0.00, BestProfit:-0.02@F0) → Leave Market",0.0,0.029,[0.48]
1,6,C11,False,"No, no benefit from recommendations with one firm, privacy cost of 0.043 unnecessary.",0,"### Decision:
I'll **purchase Firm 0** (choose number 0) because: 
- Positive profit of 0.42 available.
- All firms searched, no better alternatives.","C11 Search #1 (Searched:1/1, SearchCost:0.00, BestProfit:0.42@F0) → Purchase F0",0.42,0.043,[0.92]
1,6,C12,False,"No, no benefit from recommendations with one firm.",-1,"### Decision:
I'll **leave** (choose number -1) because: 
- The profit from the searched firm is zero, offering no benefit.
- Leaving avoids unnecessary action with no potential gain.","C12 Search #1 (Searched:1/1, SearchCost:0.00, BestProfit:0.00@F0) → Leave Market",0.0,0.026,[0.5]
1,6,C13,False,"No, no benefit from recommendations with one firm, privacy cost of 0.025 unnecessary.",-1,"### Decision:
I'll **leave** (choose number -1) because: 
- The only firm has negative profit (-0.17).
- Leaving avoids a loss and ensures zero revenue.","C13 Search #1 (Searched:1/1, SearchCost:0.00, BestProfit:-0.17@F0) → Leave Market",0.0,0.025,[0.33]
1,6,C14,False,"No, no benefit from recommendations with one firm, privacy cost of 0.044 unnecessary.",-1,"### Decision:
I'll **leave** (choose number -1) because: 
- The firm offers negative profit (-0.07). 
- Purchasing would reduce total revenue.","C14 Search #1 (Searched:1/1, SearchCost:0.00, BestProfit:-0.07@F0) → Leave Market",0.0,0.044,[0.43]
1,6,C15,False,"No, no benefit from recommendations with one firm, privacy cost of 0.052 unnecessary.",0,"### Decision:
I'll **purchase Firm 0** (choose number 0) because: 
- Positive profit of 0.01
- Rational to buy when profit is positive","C15 Search #1 (Searched:1/1, SearchCost:0.00, BestProfit:0.01@F0) → Purchase F0",0.01,0.052,[0.51]
1,6,C16,False,"No, no benefit from recommendations with one firm.",0,"### Decision:
I'll **purchase Firm 0** (choose number 0) because: 
- It offers a positive profit of 0.15.
- Rational to buy when profit is positive and no other firms available.","C16 Search #1 (Searched:1/1, SearchCost:0.00, BestProfit:0.15@F0) → Purchase F0",0.15,0.025,[0.65]
1,6,C17,False,"No, no benefit with one firm.",-1,"### Decision:
I'll **leave** (choose number -1) because: 
- The only firm offers negative profit (-0.34). 
- No other firms available to search or purchase.","C17 Search #1 (Searched:1/1, SearchCost:0.00, BestProfit:-0.34@F0) → Leave Market",0.0,0.048,[0.16]
1,6,C18,False,"No, no benefit from recommendations with one firm, privacy cost of 0.047 unnecessary.",0,"### Decision:
I'll **purchase Firm 0** (choose number 0) because: 
- Positive profit of 0.37
- All firms searched, no better options","C18 Search #1 (Searched:1/1, SearchCost:0.00, BestProfit:0.37@F0) → Purchase F0",0.37,0.047,[0.87]
1,6,C19,False,"No, no benefit with one firm, privacy cost of 0.029 unnecessary.",0,"### Decision:
I'll **purchase Firm 0** (choose number 0) because: 
- The firm offers a positive profit of 0.24.
- It is rational to buy when profit is positive.","C19 Search #1 (Searched:1/1, SearchCost:0.00, BestProfit:0.24@F0) → Purchase F0",0.24,0.029,[0.74]
1,6,C20,False,"No, no benefit from recommendations with one firm.",-1,"### Decision:  
I'll **leave** (choose number -1) because:  
- The firm offers negative profit (-0.19)  
- Leaving avoids a loss and maximizes revenue","C20 Search #1 (Searched:1/1, SearchCost:0.00, BestProfit:-0.19@F0) → Leave Market",0.0,0.04,[0.31]
1,7,C1,False,"No, no benefit from recommendations with one firm.",-1,"### Decision:
I'll **leave** (choose number -1) because: 
- The searched firm has negative profit (-0.12).
- Leaving avoids loss and maximizes revenue.","C1 Search #1 (Searched:1/1, SearchCost:0.00, BestProfit:-0.12@F0) → Leave Market",0.0,0.05,[0.38]
1,7,C2,False,"No, no benefit from recommendations with one firm, privacy cost of 0.045 unnecessary.",0,"### Decision:
I'll **purchase Firm 0** (choose number 0) because: 
- Offers positive profit of 0.25
- Rational to buy when profit is positive","C2 Search #1 (Searched:1/1, SearchCost:0.00, BestProfit:0.25@F0) → Purchase F0",0.25,0.045,[0.75]
1,7,C3,False,"No, no benefit from recommendations with one firm, privacy cost of 0.044 unnecessary.",-1,"### Decision:
I'll **leave** (choose number -1) because: 
- The searched firm has negative profit (-0.32)
- Leaving avoids loss and ensures zero revenue","C3 Search #1 (Searched:1/1, SearchCost:0.00, BestProfit:-0.32@F0) → Leave Market",0.0,0.044,[0.18]
1,7,C4,False,"No, no benefit with one firm.",0,"### Decision:
I'll **purchase Firm 0** (choose number 0) because: 
- Positive profit of 0.19.
- All firms searched, rational to buy.","C4 Search #1 (Searched:1/1, SearchCost:0.00, BestProfit:0.19@F0) → Purchase F0",0.19,0.051,[0.69]
1,7,C5,False,"No, no benefit from recommendations with one firm, privacy cost of 0.044 unnecessary.",0,"### Decision:
I'll **purchase Firm 0** (choose number 0) because: 
- Positive profit of 0.24
- Rational to buy when profit is positive","C5 Search #1 (Searched:1/1, SearchCost:0.00, BestProfit:0.24@F0) → Purchase F0",0.24,0.044,[0.74]
1,7,C6,False,"No, no benefit from recommendations with one firm, privacy cost of 0.046 unnecessary.",-1,"### Decision:
I'll **leave** (choose number -1) because: 
- The firm offers negative profit (-0.3), resulting in a loss.
- Leaving maximizes revenue by avoiding any cost.","C6 Search #1 (Searched:1/1, SearchCost:0.00, BestProfit:-0.30@F0) → Leave Market",0.0,0.046,[0.2]
1,7,C7,False,"No, no benefit from recommendations with one firm, privacy cost of 0.029 unnecessary.",0,"### Decision:
I'll **purchase Firm 0** (choose number 0) because: 
- Positive profit of 0.31
- Rational to buy when profit is positive","C7 Search #1 (Searched:1/1, SearchCost:0.00, BestProfit:0.31@F0) → Purchase F0",0.31,0.029,[0.81]
1,7,C8,False,"No, no benefit from recommendations with one firm, privacy cost of 0.036 unnecessary.",0,"### Decision:
I'll **purchase Firm 0** (choose number 0) because: 
- It offers a positive profit of 0.32.
- Rational to buy as no other firms are available.","C8 Search #1 (Searched:1/1, SearchCost:0.00, BestProfit:0.32@F0) → Purchase F0",0.32,0.036,[0.82]
1,7,C9,False,"No, no benefit from recommendations with one firm, privacy cost of 0.042 unnecessary.",-1,"### Decision:
I'll **leave** (choose number -1) because: 
- The only firm offers negative profit (-0.18).
- Purchasing would result in a loss.","C9 Search #1 (Searched:1/1, SearchCost:0.00, BestProfit:-0.18@F0) → Leave Market",0.0,0.042,[0.32]
1,7,C10,False,"No, no benefit from recommendations with one firm, privacy cost of 0.029 unnecessary.",-1,"### Decision:
I'll **leave** (choose number -1) because: 
- The only firm has negative profit (-0.02), resulting in a loss if purchased.
- Leaving maximizes revenue by avoiding any cost or loss.","C10 Search #1 (Searched:1/1, SearchCost:0.00, BestProfit:-0.02@F0) → Leave Market",0.0,0.029,[0.48]
1,7,C11,False,"No, no benefit from recommendations with one firm, privacy cost of 0.043 unnecessary.",0,"### Decision:
I'll **purchase Firm 0** (choose number 0) because: 
- Positive profit of 0.42 available.
- All firms searched, no better alternatives.","C11 Search #1 (Searched:1/1, SearchCost:0.00, BestProfit:0.42@F0) → Purchase F0",0.42,0.043,[0.92]
1,7,C12,False,"No, no benefit from recommendations with one firm, privacy cost of 0.026 unnecessary.",-1,"### Decision:
I'll **leave** (choose number -1) because: 
- The profit from the searched firm is zero, offering no benefit.
- Leaving avoids unnecessary action with no potential gain.","C12 Search #1 (Searched:1/1, SearchCost:0.00, BestProfit:0.00@F0) → Leave Market",0.0,0.026,[0.5]
1,7,C13,False,"No, no benefit with one firm, privacy cost of 0.025 unnecessary.",-1,"### Decision:
I'll **leave** (choose number -1) because: 
- The only firm has negative profit (-0.17).
- Leaving avoids a loss and ensures zero revenue.","C13 Search #1 (Searched:1/1, SearchCost:0.00, BestProfit:-0.17@F0) → Leave Market",0.0,0.025,[0.33]
1,7,C14,False,"No, no benefit from recommendations with one firm, privacy cost of 0.044 unnecessary.",-1,"### Decision:
I'll **leave** (choose number -1) because: 
- The firm offers negative profit (-0.07). 
- No other firms available to search or purchase from.","C14 Search #1 (Searched:1/1, SearchCost:0.00, BestProfit:-0.07@F0) → Leave Market",0.0,0.044,[0.43]
1,7,C15,False,"No, no benefit from recommendations with one firm, privacy cost of 0.052 unnecessary.",0,"### Decision:
I'll **purchase Firm 0** (choose number 0) because: 
- Positive profit of 0.01
- Rational to buy when profit is positive","C15 Search #1 (Searched:1/1, SearchCost:0.00, BestProfit:0.01@F0) → Purchase F0",0.01,0.052,[0.51]
1,7,C16,False,"No, no benefit from recommendations with one firm, privacy cost of 0.025 unnecessary.",0,"### Decision:
I'll **purchase Firm 0** (choose number 0) because: 
- It offers a positive profit of 0.15.
- Rational to buy when profit is positive and no other firms available.","C16 Search #1 (Searched:1/1, SearchCost:0.00, BestProfit:0.15@F0) → Purchase F0",0.15,0.025,[0.65]
1,7,C17,False,"No, no benefit from recommendations with one firm, privacy cost of 0.048 unnecessary.",-1,"### Decision:
I'll **leave** (choose number -1) because: 
- The only firm offers negative profit (-0.34). 
- No other firms available to search or purchase.","C17 Search #1 (Searched:1/1, SearchCost:0.00, BestProfit:-0.34@F0) → Leave Market",0.0,0.048,[0.16]
1,7,C18,False,"No, no benefit from recommendations with one firm, privacy cost of 0.047 unnecessary.",0,"### Decision:
I'll **purchase Firm 0** (choose number 0) because: 
- Positive profit of 0.37
- All firms searched, no better options","C18 Search #1 (Searched:1/1, SearchCost:0.00, BestProfit:0.37@F0) → Purchase F0",0.37,0.047,[0.87]
1,7,C19,False,"No, no benefit with one firm, privacy cost of 0.029 unnecessary.",0,"### Decision:
I'll **purchase Firm 0** (choose number 0) because: 
- The firm offers a positive profit of 0.24.
- It is rational to buy when profit is positive.","C19 Search #1 (Searched:1/1, SearchCost:0.00, BestProfit:0.24@F0) → Purchase F0",0.24,0.029,[0.74]
1,7,C20,False,"No, no benefit from recommendations with one firm, privacy cost of 0.04 unnecessary.",-1,"### Decision:  
I'll **leave** (choose number -1) because:  
- The firm offers negative profit (-0.19)  
- Leaving avoids a loss and maximizes revenue","C20 Search #1 (Searched:1/1, SearchCost:0.00, BestProfit:-0.19@F0) → Leave Market",0.0,0.04,[0.31]
1,8,C1,False,"No, no benefit from recommendations with one firm.",-1,"### Decision:
I'll **leave** (choose number -1) because: 
- The only firm has negative profit (-0.12).
- Leaving avoids loss and maximizes revenue.","C1 Search #1 (Searched:1/1, SearchCost:0.00, BestProfit:-0.12@F0) → Leave Market",0.0,0.05,[0.38]
1,8,C2,False,"No, no benefit from recommendations with one firm, privacy cost of 0.045 unnecessary.",0,"### Decision:
I'll **purchase Firm 0** (choose number 0) because: 
- Offers positive profit of 0.25
- Rational to buy when profit is positive","C2 Search #1 (Searched:1/1, SearchCost:0.00, BestProfit:0.25@F0) → Purchase F0",0.25,0.045,[0.75]
1,8,C3,False,"No, no benefit from recommendations with one firm.",-1,"### Decision:
I'll **leave** (choose number -1) because: 
- The searched firm has negative profit (-0.32)
- Leaving avoids loss and ensures zero revenue","C3 Search #1 (Searched:1/1, SearchCost:0.00, BestProfit:-0.32@F0) → Leave Market",0.0,0.044,[0.18]
1,8,C4,False,"No, no benefit from recommendations with one firm.",0,"### Decision:
I'll **purchase Firm 0** (choose number 0) because: 
- Positive profit of 0.19.
- All firms searched, rational to buy.","C4 Search #1 (Searched:1/1, SearchCost:0.00, BestProfit:0.19@F0) → Purchase F0",0.19,0.051,[0.69]
1,8,C5,False,"No, no benefit from recommendations with one firm, privacy cost of 0.044 unnecessary.",0,"### Decision:
I'll **purchase Firm 0** (choose number 0) because: 
- Positive profit of 0.24
- Rational to buy when profit is positive","C5 Search #1 (Searched:1/1, SearchCost:0.00, BestProfit:0.24@F0) → Purchase F0",0.24,0.044,[0.74]
1,8,C6,False,"No, no benefit from recommendations with one firm, privacy cost of 0.046 unnecessary.",-1,"### Decision:
I'll **leave** (choose number -1) because: 
- The firm offers negative profit (-0.3), resulting in a loss.
- Leaving maximizes revenue by avoiding any cost.","C6 Search #1 (Searched:1/1, SearchCost:0.00, BestProfit:-0.30@F0) → Leave Market",0.0,0.046,[0.2]
1,8,C7,False,"No, no benefit from recommendations with one firm, privacy cost of 0.029 unnecessary.",0,"### Decision:
I'll **purchase Firm 0** (choose number 0) because: 
- Positive profit of 0.31
- Rational to buy when profit is positive","C7 Search #1 (Searched:1/1, SearchCost:0.00, BestProfit:0.31@F0) → Purchase F0",0.31,0.029,[0.81]
1,8,C8,False,"No, no benefit from recommendations with one firm, privacy cost of 0.036 unnecessary.",0,"### Decision:
I'll **purchase Firm 0** (choose number 0) because: 
- It offers a positive profit of 0.32.
- Rational to buy as no other firms are available.","C8 Search #1 (Searched:1/1, SearchCost:0.00, BestProfit:0.32@F0) → Purchase F0",0.32,0.036,[0.82]
1,8,C9,False,"No, no benefit with one firm; privacy cost of 0.042 unnecessary.",-1,"### Decision:
I'll **leave** (choose number -1) because: 
- The only firm offers negative profit (-0.18).
- Purchasing would result in a loss.","C9 Search #1 (Searched:1/1, SearchCost:0.00, BestProfit:-0.18@F0) → Leave Market",0.0,0.042,[0.32]
1,8,C10,False,"No, no benefit from recommendations with one firm, privacy cost of 0.029 unnecessary.",-1,"### Decision:
I'll **leave** (choose number -1) because: 
- The only firm has negative profit (-0.02), resulting in a loss if purchased.
- Leaving maximizes revenue by avoiding any cost or loss.","C10 Search #1 (Searched:1/1, SearchCost:0.00, BestProfit:-0.02@F0) → Leave Market",0.0,0.029,[0.48]
1,8,C11,False,"No, no benefit from recommendations with one firm, privacy cost of 0.043 unnecessary.",0,"### Decision:
I'll **purchase Firm 0** (choose number 0) because: 
- Positive profit of 0.42 available.
- All firms searched, no better alternatives.","C11 Search #1 (Searched:1/1, SearchCost:0.00, BestProfit:0.42@F0) → Purchase F0",0.42,0.043,[0.92]
1,8,C12,False,"No, no benefit from recommendations with one firm, privacy cost of 0.026 unnecessary.",-1,"### Decision:
I'll **leave** (choose number -1) because: 
- The profit from the searched firm is zero, offering no benefit.
- Leaving avoids unnecessary purchase with no gain.","C12 Search #1 (Searched:1/1, SearchCost:0.00, BestProfit:0.00@F0) → Leave Market",0.0,0.026,[0.5]
1,8,C13,False,"No, no benefit with one firm.",-1,"### Decision:
I'll **leave** (choose number -1) because: 
- The only firm has negative profit (-0.17).
- Leaving ensures zero revenue and avoids a loss.","C13 Search #1 (Searched:1/1, SearchCost:0.00, BestProfit:-0.17@F0) → Leave Market",0.0,0.025,[0.33]
1,8,C14,False,"No, no benefit from recommendations with one firm, privacy cost of 0.044 unnecessary.",-1,"### Decision:
I'll **leave** (choose number -1) because: 
- The firm offers negative profit (-0.07). 
- Purchasing would reduce total revenue.","C14 Search #1 (Searched:1/1, SearchCost:0.00, BestProfit:-0.07@F0) → Leave Market",0.0,0.044,[0.43]
1,8,C15,False,"No, no benefit from recommendations with one firm, privacy cost of 0.052 unnecessary.",0,"### Decision:
I'll **purchase Firm 0** (choose number 0) because: 
- Positive profit of 0.01
- Rational to buy when profit is positive","C15 Search #1 (Searched:1/1, SearchCost:0.00, BestProfit:0.01@F0) → Purchase F0",0.01,0.052,[0.51]
1,8,C16,False,"No, no benefit from recommendations with one firm, privacy cost of 0.025 unnecessary.",0,"### Decision:
I'll **purchase Firm 0** (choose number 0) because: 
- It offers a positive profit of 0.15.
- Rational to buy when profit is positive and no other firms available.","C16 Search #1 (Searched:1/1, SearchCost:0.00, BestProfit:0.15@F0) → Purchase F0",0.15,0.025,[0.65]
1,8,C17,False,"No, no benefit with one firm.",-1,"### Decision:
I'll **leave** (choose number -1) because: 
- The only firm offers negative profit (-0.34). 
- No other firms available to search or purchase.","C17 Search #1 (Searched:1/1, SearchCost:0.00, BestProfit:-0.34@F0) → Leave Market",0.0,0.048,[0.16]
1,8,C18,False,"No, no benefit from recommendations with one firm, privacy cost of 0.047 unnecessary.",0,"### Decision:
I'll **purchase Firm 0** (choose number 0) because: 
- Positive profit of 0.37
- All firms searched, no better options","C18 Search #1 (Searched:1/1, SearchCost:0.00, BestProfit:0.37@F0) → Purchase F0",0.37,0.047,[0.87]
1,8,C19,False,"No, no benefit with one firm, privacy cost of 0.029 unnecessary.",0,"### Decision:
I'll **purchase Firm 0** (choose number 0) because: 
- The firm offers a positive profit of 0.24.
- It is rational to buy when profit is positive.","C19 Search #1 (Searched:1/1, SearchCost:0.00, BestProfit:0.24@F0) → Purchase F0",0.24,0.029,[0.74]
1,8,C20,False,"No, no benefit from recommendations with one firm.",-1,"### Decision:
I'll **leave** (choose number -1) because: 
- The firm offers negative profit (-0.19)
- Leaving avoids a loss and maximizes revenue","C20 Search #1 (Searched:1/1, SearchCost:0.00, BestProfit:-0.19@F0) → Leave Market",0.0,0.04,[0.31]
1,9,C1,False,"No. No benefit from recommendations with one firm, privacy cost of 0.05 unnecessary.",-1,"### Decision:
I'll **leave** (choose number -1) because: 
- The only firm has negative profit (-0.12).
- Leaving avoids loss and maximizes revenue.","C1 Search #1 (Searched:1/1, SearchCost:0.00, BestProfit:-0.12@F0) → Leave Market",0.0,0.05,[0.38]
1,9,C2,False,"No, no benefit from recommendations with one firm, privacy cost of 0.045 unnecessary.",0,"### Decision:
I'll **purchase Firm 0** (choose number 0) because: 
- Offers positive profit of 0.25
- Rational to buy when profit is positive","C2 Search #1 (Searched:1/1, SearchCost:0.00, BestProfit:0.25@F0) → Purchase F0",0.25,0.045,[0.75]
1,9,C3,False,"No, no benefit from recommendations with one firm.",-1,"### Decision:
I'll **leave** (choose number -1) because: 
- The searched firm has negative profit (-0.32)
- Leaving avoids loss and ensures zero revenue","C3 Search #1 (Searched:1/1, SearchCost:0.00, BestProfit:-0.32@F0) → Leave Market",0.0,0.044,[0.18]
1,9,C4,False,"No, no benefit from recommendations with one firm, privacy cost of 0.051 unnecessary.",0,"### Decision:
I'll **purchase Firm 0** (choose number 0) because: 
- Positive profit of 0.19.
- All firms searched, rational to buy.","C4 Search #1 (Searched:1/1, SearchCost:0.00, BestProfit:0.19@F0) → Purchase F0",0.19,0.051,[0.69]
1,9,C5,False,"No, no benefit from recommendations with one firm, privacy cost of 0.044 unnecessary.",0,"### Decision:
I'll **purchase Firm 0** (choose number 0) because: 
- Positive profit of 0.24
- Rational to buy when profit is positive","C5 Search #1 (Searched:1/1, SearchCost:0.00, BestProfit:0.24@F0) → Purchase F0",0.24,0.044,[0.74]
1,9,C6,False,"No, no benefit with one firm.",-1,"### Decision:
I'll **leave** (choose number -1) because: 
- The firm offers negative profit (-0.3), resulting in a loss.
- Leaving maximizes revenue by avoiding any cost.","C6 Search #1 (Searched:1/1, SearchCost:0.00, BestProfit:-0.30@F0) → Leave Market",0.0,0.046,[0.2]
1,9,C7,False,"No, no benefit from recommendations with one firm, privacy cost of 0.029 unnecessary.",0,"### Decision:
I'll **purchase Firm 0** (choose number 0) because: 
- Positive profit of 0.31
- Rational to buy when profit is positive","C7 Search #1 (Searched:1/1, SearchCost:0.00, BestProfit:0.31@F0) → Purchase F0",0.31,0.029,[0.81]
1,9,C8,False,"No, no benefit from recommendations with one firm, privacy cost of 0.036 unnecessary.",0,"### Decision:
I'll **purchase Firm 0** (choose number 0) because: 
- It offers a positive profit of 0.32.
- Rational to buy as no other firms are available.","C8 Search #1 (Searched:1/1, SearchCost:0.00, BestProfit:0.32@F0) → Purchase F0",0.32,0.036,[0.82]
1,9,C9,False,No. No benefit with one firm; privacy cost unnecessary.,-1,"### Decision:
I'll **leave** (choose number -1) because: 
- The only firm offers negative profit (-0.18).
- Purchasing would result in a loss.","C9 Search #1 (Searched:1/1, SearchCost:0.00, BestProfit:-0.18@F0) → Leave Market",0.0,0.042,[0.32]
1,9,C10,False,"No, no benefit from recommendations with one firm, privacy cost of 0.029 unnecessary.",-1,"### Decision:
I'll **leave** (choose number -1) because: 
- The only firm has negative profit (-0.02), resulting in a loss if purchased. 
- Leaving maximizes revenue by avoiding any cost or loss.","C10 Search #1 (Searched:1/1, SearchCost:0.00, BestProfit:-0.02@F0) → Leave Market",0.0,0.029,[0.48]
1,9,C11,False,"No, no benefit from recommendations with one firm, privacy cost of 0.043 unnecessary.",0,"### Decision:
I'll **purchase Firm 0** (choose number 0) because: 
- Positive profit of 0.42 available.
- All firms searched, no better alternatives.","C11 Search #1 (Searched:1/1, SearchCost:0.00, BestProfit:0.42@F0) → Purchase F0",0.42,0.043,[0.92]
1,9,C12,False,"No, no benefit from recommendations with one firm, privacy cost of 0.026 unnecessary.",-1,"### Decision:
I'll **leave** (choose number -1) because: 
- The profit from the searched firm is zero, offering no benefit.
- Leaving avoids unnecessary purchase with no gain.","C12 Search #1 (Searched:1/1, SearchCost:0.00, BestProfit:0.00@F0) → Leave Market",0.0,0.026,[0.5]
1,9,C13,False,"No, no benefit from recommendations with one firm, privacy cost of 0.025 unnecessary.",-1,"### Decision:
I'll **leave** (choose number -1) because: 
- The only firm has negative profit (-0.17).
- Leaving avoids a loss and ensures zero revenue.","C13 Search #1 (Searched:1/1, SearchCost:0.00, BestProfit:-0.17@F0) → Leave Market",0.0,0.025,[0.33]
1,9,C14,False,"No, no benefit from recommendations with one firm, privacy cost of 0.044 unnecessary.",-1,"### Decision:
I'll **leave** (choose number -1) because: 
- The firm offers negative profit (-0.07). 
- Purchasing would reduce total revenue.","C14 Search #1 (Searched:1/1, SearchCost:0.00, BestProfit:-0.07@F0) → Leave Market",0.0,0.044,[0.43]
1,9,C15,False,"No, no benefit from recommendations with one firm, privacy cost of 0.052 unnecessary.",0,"### Decision:
I'll **purchase Firm 0** (choose number 0) because: 
- Positive profit of 0.01
- Rational to buy when profit is positive","C15 Search #1 (Searched:1/1, SearchCost:0.00, BestProfit:0.01@F0) → Purchase F0",0.01,0.052,[0.51]
1,9,C16,False,"No, no benefit from recommendations with one firm, privacy cost of 0.025 unnecessary.",0,"### Decision:
I'll **purchase Firm 0** (choose number 0) because: 
- It offers a positive profit of 0.15.
- Rational to buy when profit is positive and no other firms available.","C16 Search #1 (Searched:1/1, SearchCost:0.00, BestProfit:0.15@F0) → Purchase F0",0.15,0.025,[0.65]
1,9,C17,False,"No, no benefit with one firm, privacy cost of 0.048 unnecessary.",-1,"### Decision:
I'll **leave** (choose number -1) because: 
- The only firm offers negative profit (-0.34). 
- No other firms available to search or purchase.","C17 Search #1 (Searched:1/1, SearchCost:0.00, BestProfit:-0.34@F0) → Leave Market",0.0,0.048,[0.16]
1,9,C18,False,"No, no benefit from recommendations with one firm, privacy cost of 0.047 unnecessary.",0,"### Decision:
I'll **purchase Firm 0** (choose number 0) because: 
- Positive profit of 0.37
- All firms searched, no better options","C18 Search #1 (Searched:1/1, SearchCost:0.00, BestProfit:0.37@F0) → Purchase F0",0.37,0.047,[0.87]
1,9,C19,False,"No, no benefit with one firm.",0,"### Decision:
I'll **purchase Firm 0** (choose number 0) because: 
- The firm offers a positive profit of 0.24.
- It is rational to buy when profit is positive.","C19 Search #1 (Searched:1/1, SearchCost:0.00, BestProfit:0.24@F0) → Purchase F0",0.24,0.029,[0.74]
1,9,C20,False,"No, no benefit from recommendations with one firm.",-1,"### Decision:
I'll **leave** (choose number -1) because: 
- The firm offers negative profit (-0.19)
- Leaving avoids a loss and maximizes revenue","C20 Search #1 (Searched:1/1, SearchCost:0.00, BestProfit:-0.19@F0) → Leave Market",0.0,0.04,[0.31]
1,10,C1,False,"No, no benefit from recommendations with one firm.",-1,"### Decision:
I'll **leave** (choose number -1) because: 
- The searched firm has negative profit (-0.12).
- Leaving avoids loss and maximizes revenue.","C1 Search #1 (Searched:1/1, SearchCost:0.00, BestProfit:-0.12@F0) → Leave Market",0.0,0.05,[0.38]
1,10,C2,False,"No, no benefit from recommendations with one firm, privacy cost of 0.045 unnecessary.",0,"### Decision:
I'll **purchase Firm 0** (choose number 0) because: 
- Offers positive profit of 0.25
- Rational to buy when profit is positive","C2 Search #1 (Searched:1/1, SearchCost:0.00, BestProfit:0.25@F0) → Purchase F0",0.25,0.045,[0.75]
1,10,C3,False,"No, no benefit from recommendations with one firm, privacy cost of 0.044 unnecessary.",-1,"### Decision:
I'll **leave** (choose number -1) because: 
- The searched firm has negative profit (-0.32)
- Leaving avoids loss and ensures zero revenue","C3 Search #1 (Searched:1/1, SearchCost:0.00, BestProfit:-0.32@F0) → Leave Market",0.0,0.044,[0.18]
1,10,C4,False,"No, no benefit from recommendations with one firm, privacy cost of 0.051 unnecessary.",0,"### Decision:
I'll **purchase Firm 0** (choose number 0) because: 
- Positive profit of 0.19.
- All firms searched, rational to buy when profit is positive.","C4 Search #1 (Searched:1/1, SearchCost:0.00, BestProfit:0.19@F0) → Purchase F0",0.19,0.051,[0.69]
1,10,C5,False,"No, no benefit from recommendations with one firm, privacy cost of 0.044 unnecessary.",0,"### Decision:
I'll **purchase Firm 0** (choose number 0) because: 
- Positive profit of 0.24
- Rational to buy when profit is positive","C5 Search #1 (Searched:1/1, SearchCost:0.00, BestProfit:0.24@F0) → Purchase F0",0.24,0.044,[0.74]
1,10,C6,False,"No, no benefit from recommendations with one firm, privacy cost of 0.046 unnecessary.",-1,"### Decision:
I'll **leave** (choose number -1) because: 
- The only firm offers negative profit (-0.3), resulting in a loss.
- Leaving maximizes revenue by avoiding any cost.","C6 Search #1 (Searched:1/1, SearchCost:0.00, BestProfit:-0.30@F0) → Leave Market",0.0,0.046,[0.2]
1,10,C7,False,"No, no benefit from recommendations with one firm.",0,"### Decision:
I'll **purchase Firm 0** (choose number 0) because: 
- Positive profit of 0.31
- Rational to buy when profit is positive","C7 Search #1 (Searched:1/1, SearchCost:0.00, BestProfit:0.31@F0) → Purchase F0",0.31,0.029,[0.81]
1,10,C8,False,"No, no benefit from recommendations with one firm.",0,"### Decision:
I'll **purchase Firm 0** (choose number 0) because: 
- It offers a positive profit of 0.32.
- No other firms are available.","C8 Search #1 (Searched:1/1, SearchCost:0.00, BestProfit:0.32@F0) → Purchase F0",0.32,0.036,[0.82]
1,10,C9,False,"No, no benefit from recommendations with one firm; privacy cost of 0.042 unnecessary.",-1,"### Decision:
I'll **leave** (choose number -1) because: 
- The only firm offers negative profit (-0.18).
- Purchasing would result in a loss.","C9 Search #1 (Searched:1/1, SearchCost:0.00, BestProfit:-0.18@F0) → Leave Market",0.0,0.042,[0.32]
1,10,C10,False,"No, no benefit from recommendations with one firm, privacy cost of 0.029 unnecessary.",-1,"### Decision:
I'll **leave** (choose number -1) because: 
- The only firm offers negative profit (-0.02), resulting in a loss if purchased. 
- Leaving maximizes revenue by avoiding any cost or loss.","C10 Search #1 (Searched:1/1, SearchCost:0.00, BestProfit:-0.02@F0) → Leave Market",0.0,0.029,[0.48]
1,10,C11,False,"No, no benefit from recommendations with one firm, privacy cost of 0.043 unnecessary.",0,"### Decision:
I'll **purchase Firm 0** (choose number 0) because: 
- Positive profit of 0.42 available.
- All firms searched, no better alternatives.","C11 Search #1 (Searched:1/1, SearchCost:0.00, BestProfit:0.42@F0) → Purchase F0",0.42,0.043,[0.92]
1,10,C12,False,"No, no benefit from recommendations with one firm.",-1,"### Decision:
I'll **leave** (choose number -1) because: 
- The profit from the searched firm is zero, offering no benefit.
- Leaving avoids unnecessary action with no potential gain.","C12 Search #1 (Searched:1/1, SearchCost:0.00, BestProfit:0.00@F0) → Leave Market",0.0,0.026,[0.5]
1,10,C13,False,"No, no benefit from recommendations with one firm, privacy cost of 0.025 unnecessary.",-1,"### Decision:
I'll **leave** (choose number -1) because: 
- The only firm has negative profit (-0.17).
- Leaving avoids a loss and ensures zero revenue.","C13 Search #1 (Searched:1/1, SearchCost:0.00, BestProfit:-0.17@F0) → Leave Market",0.0,0.025,[0.33]
1,10,C14,False,"No, no benefit with one firm, privacy cost of 0.044 unnecessary.",-1,"### Decision:
I'll **leave** (choose number -1) because: 
- The firm offers negative profit (-0.07). 
- Purchasing would reduce total revenue.","C14 Search #1 (Searched:1/1, SearchCost:0.00, BestProfit:-0.07@F0) → Leave Market",0.0,0.044,[0.43]
1,10,C15,False,"No, no benefit from recommendations with one firm, privacy cost of 0.052 unnecessary.",0,"### Decision:
I'll **purchase Firm 0** (choose number 0) because: 
- Positive profit of 0.01
- Rational to buy when profit is positive","C15 Search #1 (Searched:1/1, SearchCost:0.00, BestProfit:0.01@F0) → Purchase F0",0.01,0.052,[0.51]
1,10,C16,False,"No, no benefit from recommendations with one firm, privacy cost of 0.025 unnecessary.",0,"### Decision:
I'll **purchase Firm 0** (choose number 0) because: 
- It offers a positive profit of 0.15.
- Rational to buy when profit is positive and no other firms available.","C16 Search #1 (Searched:1/1, SearchCost:0.00, BestProfit:0.15@F0) → Purchase F0",0.15,0.025,[0.65]
1,10,C17,False,"No, no benefit with one firm, privacy cost of 0.048 unnecessary.",-1,"### Decision:
I'll **leave** (choose number -1) because: 
- The only firm offers negative profit (-0.34). 
- No other firms available to search or purchase.","C17 Search #1 (Searched:1/1, SearchCost:0.00, BestProfit:-0.34@F0) → Leave Market",0.0,0.048,[0.16]
1,10,C18,False,"No, no benefit from recommendations with one firm, privacy cost of 0.047 unnecessary.",0,"### Decision:
I'll **purchase Firm 0** (choose number 0) because: 
- Positive profit of 0.37
- All firms searched, no better options","C18 Search #1 (Searched:1/1, SearchCost:0.00, BestProfit:0.37@F0) → Purchase F0",0.37,0.047,[0.87]
1,10,C19,False,"No, no benefit with one firm as search cost is already zero, privacy cost of 0.029 unnecessary.",0,"### Decision:
I'll **purchase Firm 0** (choose number 0) because: 
- The firm offers a positive profit of 0.24.
- It is rational to buy when profit is positive.","C19 Search #1 (Searched:1/1, SearchCost:0.00, BestProfit:0.24@F0) → Purchase F0",0.24,0.029,[0.74]
1,10,C20,False,"No, no benefit from recommendations with one firm.",-1,"### Decision:
I'll **leave** (choose number -1) because: 
- The firm offers negative profit (-0.19) 
- Leaving avoids a loss and maximizes revenue","C20 Search #1 (Searched:1/1, SearchCost:0.00, BestProfit:-0.19@F0) → Leave Market",0.0,0.04,[0.31]
2,1,C1,False,"No, privacy cost (0.031) exceeds potential search cost savings (max 0.02).",-1,"### Decision:
I'll **leave** (choose number -1) because: 
- Searched firm has negative profit of -0.43.
- Search cost of 0.02 with uncertain benefit risks further loss.","C1 Search #1 (Searched:1/2, SearchCost:0.00, BestProfit:-0.43@F0) → Leave Market",0.0,0.031,"[0.07, 0.38]"
2,1,C2,False,"No, privacy cost (0.043) exceeds maximum potential search cost savings (0.02).",-1,"### Decision:
I'll **leave** (choose number -1) because: 
- The only searched firm has negative profit (-0.26).
- Searching another firm costs 0.02 with uncertain benefit, risking loss.","C2 Search #1 (Searched:1/2, SearchCost:0.00, BestProfit:-0.26@F0) → Leave Market",0.0,0.043,"[0.24, 0.89]"
2,1,C3,True,"Yes, because the potential reduction in search cost and improved product matching from personalized recommendations outweigh the privacy cost of 0.031.",1,"### Decision:
I'll **purchase Firm 1** (choose number 1) because: 
- Firm 1 offers a positive profit of 0.31.
- Searching further costs 0.02 with minimal expected gain due to sorted recommendations.","C3 Search #1 (Searched:1/2, SearchCost:0.00, BestProfit:0.31@F1) → Purchase F1",0.28,0.031,"[0.72, 0.8]"
2,1,C4,False,"No, privacy cost (0.051) exceeds maximum search cost savings (0.02).",-1,"### Decision:
I'll **leave** (choose number -1) because: 
- The searched firm offers negative profit (-0.42), indicating no value in purchasing.
- Searching another firm costs 0.02 with uncertain benefits, risking a net loss.","C4 Search #1 (Searched:1/2, SearchCost:0.00, BestProfit:-0.42@F1) → Leave Market",0.0,0.051,"[0.49, 0.07]"
2,1,C5,False,"No, privacy value (0.036) exceeds potential search cost savings (up to 0.02).",1,"### Decision:
I'll **purchase Firm 1** (choose number 1) because: 
- Positive profit of 0.43
- Rational to buy without further search","C5 Search #1 (Searched:1/2, SearchCost:0.00, BestProfit:0.43@F1) → Purchase F1",0.43,0.036,"[0.8, 0.92]"
2,1,C6,False,"No, privacy cost (0.038) exceeds potential search cost savings (max 0.02).",-1,"### Decision:
I'll **leave** (choose number -1) because: 
- No positive profit from searched firm.
- Additional search cost of 0.02 may not justify uncertain benefits.","C6 Search #1 (Searched:1/2, SearchCost:0.00, BestProfit:0.00@F1) → Leave Market",0.0,0.038,"[0.72, 0.49]"
2,1,C7,False,"No, privacy cost (0.032) exceeds potential search cost savings (up to 0.02).",-1,"### Decision:
I'll **leave** (choose number -1) because: 
- Both firms offer negative profit.
- Leaving minimizes total loss.","C7 Search #1 (Searched:1/2, SearchCost:0.00, BestProfit:-0.11@F0) → Search Next; C7 Search #2 (Searched:2/2, SearchCost:0.02, BestProfit:-0.11@F0) → Leave Market",-0.02,0.032,"[0.39, 0.08]"
2,1,C8,False,"No, privacy cost (0.036) exceeds potential search cost savings (max 0.02).",-1,"### Decision:
I'll **leave** (choose number -1) because: 
- The searched firm has negative profit (-0.36).
- Searching another firm costs 0.02 with low expected benefit.","C8 Search #1 (Searched:1/2, SearchCost:0.00, BestProfit:-0.36@F1) → Leave Market",0.0,0.036,"[0.35, 0.13]"
2,1,C9,False,"No, privacy cost (0.04) exceeds potential search cost savings (max 0.02 with 2 firms).",-1,"### Decision:
I'll **leave** (choose number -1) because: 
- The searched firm has negative profit (-0.41).
- Searching another firm costs 0.02 with uncertain benefit, risking loss.","C9 Search #1 (Searched:1/2, SearchCost:0.00, BestProfit:-0.41@F1) → Leave Market",0.0,0.04,"[0.48, 0.08]"
2,1,C10,False,"No, privacy cost (0.047) exceeds potential search cost savings (max 0.02).",1,"### Decision:
I'll **purchase Firm 1** (choose number 1) because: 
- Firm 1 offers a positive profit of 0.09.
- Searching incurs a cost of 0.02 with uncertain improvement.","C10 Search #1 (Searched:1/2, SearchCost:0.00, BestProfit:0.09@F1) → Purchase F1",0.09,0.047,"[0.41, 0.58]"
2,1,C11,False,"No, privacy cost (0.036) exceeds maximum potential search cost savings (0.02).",1,"### Decision:
I'll **purchase Firm 1** (choose number 1) because: 
- Current firm offers positive profit of 0.11.
- Search cost of 0.02 is not justified without expected better deal.","C11 Search #1 (Searched:1/2, SearchCost:0.00, BestProfit:0.11@F1) → Purchase F1",0.11,0.036,"[0.72, 0.6]"
2,1,C12,False,"No, privacy cost (0.055) exceeds potential search cost savings (at most 0.02 for 2 firms).",-1,"### Decision:
I'll **leave** (choose number -1) because: 
- The searched firm has negative profit (-0.04), indicating low potential for gain.
- Searching costs 0.02 with no guaranteed improvement, risking loss without benefit.","C12 Search #1 (Searched:1/2, SearchCost:0.00, BestProfit:-0.04@F0) → Leave Market",0.0,0.055,"[0.46, 0.47]"
2,1,C13,False,"No, privacy cost (0.04) exceeds maximum potential search cost savings (0.02).",1,"### Decision:
I'll **purchase Firm 1** (choose number 1) because: 
- It offers a positive profit of 0.12, ensuring immediate gain.
- Searching another firm costs 0.02 with uncertain improvement, risking reduced net revenue.","C13 Search #1 (Searched:1/2, SearchCost:0.00, BestProfit:0.12@F1) → Purchase F1",0.12,0.04,"[0.39, 0.61]"
2,1,C14,False,"No, privacy cost (0.039) exceeds maximum possible search cost savings (0.02).",0,"### Decision:
I'll **purchase Firm 0** (choose number 0) because: 
- It offers a positive profit of 0.38.
- Searching incurs a cost of 0.02 with uncertain benefits.","C14 Search #1 (Searched:1/2, SearchCost:0.00, BestProfit:0.38@F0) → Purchase F0",0.38,0.039,"[0.88, 0.78]"
2,1,C15,False,"No, privacy cost (0.048) exceeds maximum search cost savings (0.02).",0,"### Decision:
I'll **purchase Firm 0** (choose number 0) because: 
- It offers a positive profit of 0.26.
- Leaving would result in a net loss from the incurred search cost.","C15 Search #1 (Searched:1/2, SearchCost:0.00, BestProfit:0.26@F0) → Search Next; C15 Search #2 (Searched:2/2, SearchCost:0.02, BestProfit:0.26@F0) → Purchase F0",0.24,0.048,"[0.76, 0.49]"
2,1,C16,False,"No, privacy cost (0.038) exceeds potential search cost savings (max 0.02).",0,"### Decision:
I'll **leave** (choose number -1) because: 
- Both firms have negative profit, leading to a loss if purchased.
- Leaving minimizes total loss to only the search cost of 0.02.","C16 Search #1 (Searched:1/2, SearchCost:0.00, BestProfit:-0.12@F1) → Search Next; C16 Search #2 (Searched:2/2, SearchCost:0.02, BestProfit:-0.12@F1) → Purchase F0",-0.33,0.038,"[0.19, 0.37]"
2,1,C17,False,"No, privacy cost (0.055) exceeds maximum search cost savings (0.02).",-1,"### Decision:
I'll **leave** (choose number -1) because: 
- Both firms offer negative profit.
- Purchasing would increase total loss.","C17 Search #1 (Searched:1/2, SearchCost:0.00, BestProfit:-0.07@F0) → Search Next; C17 Search #2 (Searched:2/2, SearchCost:0.02, BestProfit:-0.07@F0) → Leave Market",-0.02,0.055,"[0.43, 0.35]"
2,1,C18,False,"No, privacy cost (0.027) exceeds potential search cost savings (max 0.02).",0,"### Decision:
I'll **leave** (choose number -1) because: 
- Both firms offer negative profit, leading to losses if purchased.
- Leaving minimizes total loss to just the search cost of -0.02.","C18 Search #1 (Searched:1/2, SearchCost:0.00, BestProfit:-0.06@F0) → Search Next; C18 Search #2 (Searched:2/2, SearchCost:0.02, BestProfit:-0.06@F0) → Purchase F0",-0.08,0.027,"[0.44, 0.02]"
2,1,C19,False,"No, privacy cost (0.04) exceeds potential search cost savings (max 0.02).",0,"### Decision:  
I'll **purchase Firm 0** because:  
- It offers a positive profit of 0.2.  
- Searching another firm costs 0.02 and may not yield a better deal.","C19 Search #1 (Searched:1/2, SearchCost:0.00, BestProfit:0.20@F0) → Purchase F0",0.2,0.04,"[0.7, 0.58]"
2,1,C20,False,"No, privacy cost (0.026) exceeds potential search cost savings (up to 0.02).",0,"### Decision:
I'll **purchase Firm 0** (choose number 0) because: 
- It offers a positive profit of 0.13.
- Searching further costs 0.02 with uncertain benefits, risking reduced net revenue.","C20 Search #1 (Searched:1/2, SearchCost:0.00, BestProfit:0.13@F0) → Purchase F0",0.13,0.026,"[0.63, 0.82]"
2,2,C1,False,"No, privacy value (0.031) exceeds maximum possible search cost savings (0.02).",-1,"### Decision:
I'll **leave** (choose number -1) because: 
- Searched firm has negative profit of -0.12.
- Additional search costs 0.02 with uncertain benefit, risking further loss.","C1 Search #1 (Searched:1/2, SearchCost:0.00, BestProfit:-0.12@F1) → Leave Market",0.0,0.031,"[0.07, 0.38]"
2,2,C2,False,"No, privacy cost (0.043) exceeds maximum search cost savings (0.02).",-1,"### Decision:
I'll **leave** (choose number -1) because: 
- The searched firm has negative profit (-0.25).
- Searching another firm costs 0.02 with uncertain benefit, likely resulting in loss.","C2 Search #1 (Searched:1/2, SearchCost:0.00, BestProfit:-0.25@F0) → Leave Market",0.0,0.043,"[0.24, 0.89]"
2,2,C3,False,"No, privacy cost (0.031) exceeds maximum search cost savings (0.02), and with only 2 firms, matching benefits are limited.",1,"### Decision:
I'll **purchase Firm 1** (choose number 1) because: 
- Firm 1 offers a positive profit of 0.3.
- Searching further costs 0.02 with uncertain gain, making it irrational given current positive profit.","C3 Search #1 (Searched:1/2, SearchCost:0.00, BestProfit:0.30@F1) → Purchase F1",0.3,0.031,"[0.72, 0.8]"
2,2,C4,False,"No, privacy cost (0.051) exceeds maximum search cost savings (0.02).",-1,"### Decision:
I'll **leave** (choose number -1) because: 
- The searched firm offers negative profit (-0.43).
- Searching another firm costs 0.02 with uncertain benefits, risking a net loss.","C4 Search #1 (Searched:1/2, SearchCost:0.00, BestProfit:-0.43@F1) → Leave Market",0.0,0.051,"[0.49, 0.07]"
2,2,C5,False,"No, privacy cost (0.036) exceeds maximum possible search cost savings (0.02).",0,"### Decision:
I'll **purchase Firm 0** (choose number 0) because: 
- Positive profit of 0.31 ensures rational purchase.
- Search cost of 0.02 outweighs uncertain gain from additional search.","C5 Search #1 (Searched:1/2, SearchCost:0.00, BestProfit:0.31@F0) → Purchase F0",0.31,0.036,"[0.8, 0.92]"
2,2,C6,False,"No, privacy cost (0.038) exceeds maximum search cost savings (0.02).",-1,"### Decision:
I'll **leave** (choose number -1) because: 
- No positive profit from the searched firm.
- Additional search cost of 0.02 may not justify uncertain benefits.","C6 Search #1 (Searched:1/2, SearchCost:0.00, BestProfit:-0.01@F1) → Leave Market",0.0,0.038,"[0.72, 0.49]"
2,2,C7,False,"No, privacy cost (0.032) exceeds potential search cost savings (up to 0.02).",-1,"### Decision:
I'll **leave** (choose number -1) because: 
- Current firm has negative profit (-0.1).
- Search cost (0.02) risks loss without guaranteed better outcome.","C7 Search #1 (Searched:1/2, SearchCost:0.00, BestProfit:-0.10@F0) → Leave Market",0.0,0.032,"[0.39, 0.08]"
2,2,C8,False,"No, privacy value (0.036) exceeds potential search cost savings (up to 0.02).",-1,"### Decision:
I'll **leave** (choose number -1) because: 
- The searched firm has negative profit (-0.14).
- Searching another firm costs 0.02 with uncertain and likely low benefit.","C8 Search #1 (Searched:1/2, SearchCost:0.00, BestProfit:-0.14@F0) → Leave Market",0.0,0.036,"[0.35, 0.13]"
2,2,C9,False,"No, privacy cost (0.04) exceeds maximum search cost savings (0.02).",-1,"### Decision:
I'll **leave** (choose number -1) because: 
- The searched firm has negative profit (-0.42).
- Searching another firm costs 0.02 with uncertain benefit, likely resulting in loss.","C9 Search #1 (Searched:1/2, SearchCost:0.00, BestProfit:-0.42@F1) → Leave Market",0.0,0.04,"[0.48, 0.08]"
2,2,C10,False,"No, privacy value (0.047) exceeds potential search cost savings (up to 0.02).",1,"### Decision:
I'll **purchase Firm 1** (choose number 1) because: 
- Firm 1 offers a positive profit of 0.08.
- Searching incurs a cost of 0.02 with uncertain improvement.","C10 Search #1 (Searched:1/2, SearchCost:0.00, BestProfit:0.08@F1) → Purchase F1",0.08,0.047,"[0.41, 0.58]"
2,2,C11,False,"No, privacy cost (0.036) exceeds maximum potential search cost savings (0.02).",1,"### Decision:
I'll **purchase Firm 1** (choose number 1) because: 
- Current firm offers positive profit of 0.1.
- Search cost of 0.02 unlikely to yield better deal.","C11 Search #1 (Searched:1/2, SearchCost:0.00, BestProfit:0.10@F1) → Purchase F1",0.1,0.036,"[0.72, 0.6]"
2,2,C12,False,"No, privacy cost (0.055) exceeds maximum possible search cost savings (0.02).",-1,"### Decision:
I'll **leave** (choose number -1) because: 
- Searched firm has negative profit (-0.03), offering no gain.
- Searching costs 0.02 with uncertain improvement, likely not worth the risk.","C12 Search #1 (Searched:1/2, SearchCost:0.00, BestProfit:-0.03@F1) → Leave Market",0.0,0.055,"[0.46, 0.47]"
2,2,C13,False,"No, privacy value (0.04) exceeds potential search cost savings (0.02).",1,"### Decision:
I'll **purchase Firm 1** (choose number 1) because: 
- Firm 1 offers a positive profit of 0.11, ensuring a net gain after search costs.
- Leaving without purchasing would waste the incurred search cost of 0.02.","C13 Search #1 (Searched:1/2, SearchCost:0.00, BestProfit:-0.10@F0) → Search Next; C13 Search #2 (Searched:2/2, SearchCost:0.02, BestProfit:0.11@F1) → Purchase F1",0.09,0.04,"[0.39, 0.61]"
2,2,C14,False,"No, privacy cost (0.039) exceeds maximum possible search cost savings (0.02).",1,"### Decision:
I'll **purchase Firm 1** (choose number 1) because: 
- It offers a positive profit of 0.28.
- Searching costs 0.02 with uncertain benefits and may not improve the outcome.","C14 Search #1 (Searched:1/2, SearchCost:0.00, BestProfit:0.28@F1) → Purchase F1",0.28,0.039,"[0.88, 0.78]"
2,2,C15,False,"No, privacy value (0.048) exceeds maximum search cost savings (0.02).",0,"### Decision:
I'll **purchase Firm 0** (choose number 0) because: 
- It offers a positive profit of 0.27.
- Leaving would result in a net loss from the incurred search cost of 0.02.","C15 Search #1 (Searched:1/2, SearchCost:0.00, BestProfit:-0.01@F1) → Search Next; C15 Search #2 (Searched:2/2, SearchCost:0.02, BestProfit:0.27@F0) → Purchase F0",0.25,0.048,"[0.76, 0.49]"
2,2,C16,False,"No, privacy cost (0.038) exceeds maximum possible search cost savings (0.02).",-1,"### Decision:
I'll **leave** (choose number -1) because: 
- The searched firm has negative profit (-0.13).
- Searching another firm costs 0.02 with uncertain and likely low benefit.","C16 Search #1 (Searched:1/2, SearchCost:0.00, BestProfit:-0.13@F1) → Leave Market",0.0,0.038,"[0.19, 0.37]"
2,2,C17,False,"No, privacy value (0.055) exceeds maximum possible search cost savings (0.02).",-1,"### Decision:
I'll **leave** (choose number -1) because: 
- Searched firm has negative profit (-0.15).
- Searching incurs 0.02 cost with low chance of positive profit.","C17 Search #1 (Searched:1/2, SearchCost:0.00, BestProfit:-0.15@F1) → Leave Market",0.0,0.055,"[0.43, 0.35]"
2,2,C18,False,"No, privacy value (0.027) exceeds potential search cost savings (max 0.02).",0,"### Decision:
I'll **leave** (choose number -1) because: 
- Both searched firms offer negative profit, resulting in losses if purchased.
- Leaving minimizes total loss to only the sunk search cost of -0.02.","C18 Search #1 (Searched:1/2, SearchCost:0.00, BestProfit:-0.05@F0) → Search Next; C18 Search #2 (Searched:2/2, SearchCost:0.02, BestProfit:-0.05@F0) → Purchase F0",-0.07,0.027,"[0.44, 0.02]"
2,2,C19,False,"No, privacy cost (0.04) exceeds potential search cost savings (max 0.02).",1,"### Decision:  
I'll **purchase Firm 1** because:  
- It offers a positive profit of 0.08.  
- Searching another firm costs 0.02 and may not yield a better deal.","C19 Search #1 (Searched:1/2, SearchCost:0.00, BestProfit:0.08@F1) → Purchase F1",0.08,0.04,"[0.7, 0.58]"
2,2,C20,False,"No, privacy value (0.026) exceeds maximum possible search cost savings (0.02).",1,"### Decision:
I'll **purchase Firm 1** (choose number 1) because: 
- It offers a high positive profit of 0.32.
- Searching costs 0.02 with uncertain benefits, risking reduced net revenue.","C20 Search #1 (Searched:1/2, SearchCost:0.00, BestProfit:0.32@F1) → Purchase F1",0.32,0.026,"[0.63, 0.82]"
2,3,C1,False,"No, privacy value (0.031) exceeds maximum possible search cost savings (0.02).",-1,"### Decision:
I'll **leave** (choose number -1) because: 
- Searched firm has negative profit of -0.12.
- Additional search costs 0.02 with uncertain benefit, risking loss based on past negative outcomes.","C1 Search #1 (Searched:1/2, SearchCost:0.00, BestProfit:-0.12@F1) → Leave Market",0.0,0.031,"[0.07, 0.38]"
2,3,C2,False,"No, privacy value (0.043) exceeds maximum search cost savings (0.02).",1,"### Decision:
I'll **purchase Firm 1** (choose number 1) because: 
- The searched firm offers a positive profit of 0.39.
- Searching another firm costs 0.02 with uncertain benefit, making it irrational to delay purchase.","C2 Search #1 (Searched:1/2, SearchCost:0.00, BestProfit:0.39@F1) → Purchase F1",0.39,0.043,"[0.24, 0.89]"
2,3,C3,False,"No, privacy value (0.031) exceeds maximum possible search cost savings (0.02).",1,"### Decision:
I'll **purchase Firm 1** (choose number 1) because: 
- Firm 1 offers a positive profit of 0.3.
- Searching further costs 0.02 with uncertain gain, making it irrational given current profit.","C3 Search #1 (Searched:1/2, SearchCost:0.00, BestProfit:0.30@F1) → Purchase F1",0.3,0.031,"[0.72, 0.8]"
2,3,C4,False,"No, privacy value (0.051) exceeds maximum possible search cost savings (0.02).",-1,"### Decision:
I'll **leave** (choose number -1) because: 
- The searched firm offers negative profit (-0.43), providing no value.
- Searching another firm costs 0.02 with uncertain benefits, risking a net loss.","C4 Search #1 (Searched:1/2, SearchCost:0.00, BestProfit:-0.43@F1) → Leave Market",0.0,0.051,"[0.49, 0.07]"
2,3,C5,False,"No, privacy value (0.036) exceeds maximum search cost savings (0.02).",0,"### Decision:  
I'll **purchase Firm 0** (choose number 0) because:  
- Positive profit of 0.3 ensures rational purchase.  
- Search cost of 0.02 outweighs uncertain gain from additional search.","C5 Search #1 (Searched:1/2, SearchCost:0.00, BestProfit:0.30@F0) → Purchase F0",0.3,0.036,"[0.8, 0.92]"
2,3,C6,False,"No, privacy cost (0.038) exceeds maximum search cost savings (0.02).",0,"### Decision:
I'll **purchase Firm 0** (choose number 0) because: 
- Searched firm offers positive profit of 0.22.
- Rationality requires buying when positive profit exists, avoiding unnecessary search cost.","C6 Search #1 (Searched:1/2, SearchCost:0.00, BestProfit:0.22@F0) → Purchase F0",0.22,0.038,"[0.72, 0.49]"
2,3,C7,False,"No, privacy cost (0.032) exceeds maximum search cost savings (0.02).",-1,"### Decision:
I'll **leave** (choose number -1) because: 
- Current firm offers negative profit (-0.11).
- Searching incurs 0.02 cost with no guaranteed better outcome.","C7 Search #1 (Searched:1/2, SearchCost:0.00, BestProfit:-0.11@F0) → Leave Market",0.0,0.032,"[0.39, 0.08]"
2,3,C8,False,"No, privacy value (0.036) exceeds maximum possible search cost savings (0.02).",-1,"### Decision:
I'll **leave** (choose number -1) because: 
- The searched firm has negative profit (-0.37).
- Searching another firm costs 0.02 with likely low or negative expected benefit.","C8 Search #1 (Searched:1/2, SearchCost:0.00, BestProfit:-0.37@F1) → Leave Market",0.0,0.036,"[0.35, 0.13]"
2,3,C9,False,"No, privacy value (0.04) exceeds maximum possible search cost savings (0.02).",-1,"### Decision:
I'll **leave** (choose number -1) because: 
- The searched firm has negative profit (-0.42).
- Searching another firm costs 0.02 with low expected benefit, likely resulting in loss.","C9 Search #1 (Searched:1/2, SearchCost:0.00, BestProfit:-0.42@F1) → Leave Market",0.0,0.04,"[0.48, 0.08]"
2,3,C10,False,"No, privacy value (0.047) exceeds maximum possible search cost savings (0.02).",1,"### Decision:
I'll **purchase Firm 1** (choose number 1) because: 
- Firm 1 offers a positive profit of 0.08.
- Searching incurs a cost of 0.02 with uncertain improvement.","C10 Search #1 (Searched:1/2, SearchCost:0.00, BestProfit:0.08@F1) → Purchase F1",0.08,0.047,"[0.41, 0.58]"
2,3,C11,False,"No, privacy value (0.036) exceeds maximum search cost savings (0.02).",0,"### Decision:
I'll **purchase Firm 0** (choose number 0) because: 
- Current firm offers positive profit of 0.22.
- Search cost of 0.02 unlikely to yield better deal.","C11 Search #1 (Searched:1/2, SearchCost:0.00, BestProfit:0.22@F0) → Purchase F0",0.22,0.036,"[0.72, 0.6]"
2,3,C12,False,"No, privacy cost (0.055) exceeds maximum possible search cost savings (0.02).",-1,"### Decision:  
I'll **leave** (choose number -1) because:  
- Searched firm has negative profit (-0.04), offering no gain.  
- Searching costs 0.02 with no guaranteed improvement, risking loss.","C12 Search #1 (Searched:1/2, SearchCost:0.00, BestProfit:-0.04@F0) → Leave Market",0.0,0.055,"[0.46, 0.47]"
2,3,C13,False,"No, privacy value (0.04) exceeds maximum possible search cost savings (0.02).",1,"### Decision:
I'll **purchase Firm 1** (choose number 1) because: 
- It offers a positive profit of 0.11.
- Leaving would waste the incurred search cost of 0.02.","C13 Search #1 (Searched:1/2, SearchCost:0.00, BestProfit:-0.11@F0) → Search Next; C13 Search #2 (Searched:2/2, SearchCost:0.02, BestProfit:0.11@F1) → Purchase F1",0.09,0.04,"[0.39, 0.61]"
2,3,C14,False,"No, privacy cost (0.039) exceeds maximum possible search cost savings (0.02).",0,"### Decision:
I'll **purchase Firm 0** (choose number 0) because: 
- It offers a positive profit of 0.38.
- Searching costs 0.02 with uncertain benefits.","C14 Search #1 (Searched:1/2, SearchCost:0.00, BestProfit:0.38@F0) → Purchase F0",0.38,0.039,"[0.88, 0.78]"
2,3,C15,False,"No, privacy value (0.048) exceeds maximum possible search cost savings (0.02).",0,"### Decision:
I'll **purchase Firm 0** (choose number 0) because: 
- It offers a positive profit of 0.26.
- Leaving would result in a net loss from the incurred search cost of 0.02.","C15 Search #1 (Searched:1/2, SearchCost:0.00, BestProfit:-0.01@F1) → Search Next; C15 Search #2 (Searched:2/2, SearchCost:0.02, BestProfit:0.26@F0) → Purchase F0",0.24,0.048,"[0.76, 0.49]"
2,3,C16,False,"No, privacy cost (0.038) exceeds maximum search cost savings (0.02).",-1,"### Decision:
I'll **leave** (choose number -1) because: 
- The searched firm has negative profit (-0.13).
- Searching another firm costs 0.02 with uncertain and likely low benefit based on past outcomes.","C16 Search #1 (Searched:1/2, SearchCost:0.00, BestProfit:-0.13@F1) → Leave Market",0.0,0.038,"[0.19, 0.37]"
2,3,C17,False,"No, privacy value (0.055) exceeds maximum possible search cost savings (0.02).",-1,"### Decision:
I'll **leave** (choose number -1) because: 
- Searched firm has negative profit (-0.07).
- History shows no positive profits, making further search costly and unlikely to improve outcome.","C17 Search #1 (Searched:1/2, SearchCost:0.00, BestProfit:-0.07@F0) → Leave Market",0.0,0.055,"[0.43, 0.35]"
2,3,C18,False,"No, privacy value (0.027) exceeds maximum search cost savings (0.02).",-1,"### Decision:
I'll **leave** (choose number -1) because: 
- The searched firm offers negative profit (-0.48).
- Searching further costs 0.02 with low likelihood of positive profit based on past patterns.","C18 Search #1 (Searched:1/2, SearchCost:0.00, BestProfit:-0.48@F1) → Leave Market",0.0,0.027,"[0.44, 0.02]"
2,3,C19,False,"No, privacy value (0.04) exceeds maximum possible search cost savings (0.02).",0,"### Decision:
I'll **purchase Firm 0** because: 
- It offers a positive profit of 0.2.
- Searching another firm costs 0.02 and may not yield a better deal.","C19 Search #1 (Searched:1/2, SearchCost:0.00, BestProfit:0.20@F0) → Purchase F0",0.2,0.04,"[0.7, 0.58]"
2,3,C20,False,"No, privacy value (0.026) exceeds maximum search cost savings (0.02).",1,"### Decision:
I'll **purchase Firm 1** (choose number 1) because: 
- It offers a high positive profit of 0.32.
- Searching costs 0.02 with uncertain benefits, risking reduced net revenue.","C20 Search #1 (Searched:1/2, SearchCost:0.00, BestProfit:0.32@F1) → Purchase F1",0.32,0.026,"[0.63, 0.82]"
2,4,C1,False,"No, privacy value (0.031) exceeds maximum search cost savings (0.02).",-1,"### Decision:
I'll **leave** (choose number -1) because: 
- Searched firm has negative profit of -0.43.
- Additional search costs 0.02 with low likelihood of positive profit based on past negative outcomes.","C1 Search #1 (Searched:1/2, SearchCost:0.00, BestProfit:-0.43@F0) → Leave Market",0.0,0.031,"[0.07, 0.38]"
2,4,C2,False,"No, privacy value (0.043) exceeds maximum search cost savings (0.02).",-1,"### Decision:
I'll **leave** (choose number -1) because: 
- The searched firm has negative profit (-0.26).
- Searching another firm costs 0.02 with uncertain benefit, risking loss.","C2 Search #1 (Searched:1/2, SearchCost:0.00, BestProfit:-0.26@F0) → Leave Market",0.0,0.043,"[0.24, 0.89]"
2,4,C3,False,"No, privacy value (0.031) exceeds maximum search cost savings (0.02).",0,"### Decision:
I'll **purchase Firm 0** (choose number 0) because: 
- Firm 0 offers a positive profit of 0.22.
- Searching further costs 0.02 with uncertain gain, making it irrational given current profit.","C3 Search #1 (Searched:1/2, SearchCost:0.00, BestProfit:0.22@F0) → Purchase F0",0.22,0.031,"[0.72, 0.8]"
2,4,C4,False,"No, privacy value (0.051) exceeds maximum search cost savings (0.02).",-1,"### Decision:
I'll **leave** (choose number -1) because: 
- The searched firm offers negative profit (-0.43), providing no value.
- Searching another firm costs 0.02 with uncertain benefits, risking a net loss.","C4 Search #1 (Searched:1/2, SearchCost:0.00, BestProfit:-0.43@F1) → Leave Market",0.0,0.051,"[0.49, 0.07]"
2,4,C5,False,"No, privacy value (0.036) exceeds maximum search cost savings (0.02).",1,"### Decision:  
I'll **purchase Firm 1** (choose number 1) because:  
- Positive profit of 0.42 ensures rational purchase.  
- Search cost of 0.02 outweighs uncertain gain from additional search.","C5 Search #1 (Searched:1/2, SearchCost:0.00, BestProfit:0.42@F1) → Purchase F1",0.42,0.036,"[0.8, 0.92]"
2,4,C6,False,"No, privacy value (0.038) exceeds maximum search cost savings (0.02).",0,"### Decision:
I'll **purchase Firm 0** (choose number 0) because: 
- Searched firm offers positive profit of 0.22.
- Additional search cost of 0.02 may not justify uncertain benefits from another firm.","C6 Search #1 (Searched:1/2, SearchCost:0.00, BestProfit:0.22@F0) → Purchase F0",0.22,0.038,"[0.72, 0.49]"
2,4,C7,False,"No, privacy value (0.032) exceeds maximum search cost savings (0.02).",-1,"### Decision:
I'll **leave** (choose number -1) because: 
- Searched firm has negative profit (-0.11).
- Searching costs 0.02 with no guaranteed better outcome.","C7 Search #1 (Searched:1/2, SearchCost:0.00, BestProfit:-0.11@F0) → Leave Market",0.0,0.032,"[0.39, 0.08]"
2,4,C8,False,"No, privacy value (0.036) exceeds maximum search cost savings (0.02).",-1,"### Decision:
I'll **leave** (choose number -1) because: 
- The searched firm has negative profit (-0.37).
- Searching another firm costs 0.02 with uncertain and likely low benefit.","C8 Search #1 (Searched:1/2, SearchCost:0.00, BestProfit:-0.37@F1) → Leave Market",0.0,0.036,"[0.35, 0.13]"
2,4,C9,False,"No, privacy value (0.04) exceeds maximum search cost savings (0.02).",-1,"### Decision:
I'll **leave** (choose number -1) because: 
- The searched firm has negative profit (-0.42).
- Searching another firm costs 0.02 with uncertain benefit, likely resulting in loss.","C9 Search #1 (Searched:1/2, SearchCost:0.00, BestProfit:-0.42@F1) → Leave Market",0.0,0.04,"[0.48, 0.08]"
2,4,C10,False,"No, privacy value (0.047) exceeds maximum search cost savings (0.02).",1,"### Decision:
I'll **purchase Firm 1** (choose number 1) because: 
- Firm 1 offers a positive profit of 0.08.
- Firm 0 has negative profit, and no further search is possible.","C10 Search #1 (Searched:1/2, SearchCost:0.00, BestProfit:-0.09@F0) → Search Next; C10 Search #2 (Searched:2/2, SearchCost:0.02, BestProfit:0.08@F1) → Purchase F1",0.06,0.047,"[0.41, 0.58]"
2,4,C11,False,"No, privacy value (0.036) exceeds maximum search cost savings (0.02).",0,"### Decision:
I'll **purchase Firm 0** (choose number 0) because: 
- Current firm offers positive profit of 0.22.
- Search cost of 0.02 unlikely to yield better deal.","C11 Search #1 (Searched:1/2, SearchCost:0.00, BestProfit:0.22@F0) → Purchase F0",0.22,0.036,"[0.72, 0.6]"
2,4,C12,False,"No, privacy cost (0.055) exceeds maximum search cost savings (0.02).",-1,"### Decision:
I'll **leave** (choose number -1) because: 
- The searched firm has negative profit (-0.04), providing no gain.
- Searching costs 0.02 with uncertain improvement, likely not worth the risk.","C12 Search #1 (Searched:1/2, SearchCost:0.00, BestProfit:-0.04@F0) → Leave Market",0.0,0.055,"[0.46, 0.47]"
2,4,C13,False,"No, privacy value (0.04) exceeds maximum search cost savings (0.02).",1,"### Decision:
I'll **purchase Firm 1** (choose number 1) because: 
- It offers a positive profit of 0.11.
- Searching another firm costs 0.02 with uncertain improvement, risking lower net revenue.","C13 Search #1 (Searched:1/2, SearchCost:0.00, BestProfit:0.11@F1) → Purchase F1",0.11,0.04,"[0.39, 0.61]"
2,4,C14,False,"No, privacy cost (0.039) exceeds maximum search cost savings (0.02).",0,"### Decision:
I'll **purchase Firm 0** (choose number 0) because: 
- It offers a positive profit of 0.38.
- Searching costs 0.02 with uncertain benefits and may not improve the outcome.","C14 Search #1 (Searched:1/2, SearchCost:0.00, BestProfit:0.38@F0) → Purchase F0",0.38,0.039,"[0.88, 0.78]"
2,4,C15,False,"No, privacy value (0.048) exceeds maximum search cost savings (0.02).",0,"### Decision:
I'll **purchase Firm 0** (choose number 0) because: 
- It offers a positive profit of 0.26.
- Searching would add a cost of 0.02 with minimal expected gain.","C15 Search #1 (Searched:1/2, SearchCost:0.00, BestProfit:0.26@F0) → Purchase F0",0.26,0.048,"[0.76, 0.49]"
2,4,C16,False,"No, privacy cost (0.038) exceeds maximum search cost savings (0.02).",-1,"### Decision:
I'll **leave** (choose number -1) because: 
- The searched firm has negative profit (-0.31).
- Historical data shows low likelihood of positive profit from additional searches, and search cost (0.02) risks further loss.","C16 Search #1 (Searched:1/2, SearchCost:0.00, BestProfit:-0.31@F0) → Leave Market",0.0,0.038,"[0.19, 0.37]"
2,4,C17,False,"No, privacy value (0.055) exceeds maximum search cost savings (0.02).",-1,"### Decision:
I'll **leave** (choose number -1) because: 
- Searched firm has negative profit (-0.07).
- History shows no positive profits, making further search costly and unlikely to yield gains.","C17 Search #1 (Searched:1/2, SearchCost:0.00, BestProfit:-0.07@F0) → Leave Market",0.0,0.055,"[0.43, 0.35]"
2,4,C18,False,"No, privacy value (0.027) exceeds maximum search cost savings (0.02).",-1,"### Decision:
I'll **leave** (choose number -1) because: 
- The searched firm offers negative profit (-0.06).
- Past patterns suggest further searches are unlikely to yield positive profit, risking additional cost.","C18 Search #1 (Searched:1/2, SearchCost:0.00, BestProfit:-0.06@F0) → Leave Market",0.0,0.027,"[0.44, 0.02]"
2,4,C19,False,"No, privacy value (0.04) exceeds maximum search cost savings (0.02).",0,"### Decision:  
I'll **purchase Firm 0** because:  
- It offers a positive profit of 0.2.  
- Searching another firm costs 0.02 and may not yield a better deal.","C19 Search #1 (Searched:1/2, SearchCost:0.00, BestProfit:0.20@F0) → Purchase F0",0.2,0.04,"[0.7, 0.58]"
2,4,C20,False,"No, privacy value (0.026) exceeds maximum search cost savings (0.02).",1,"### Decision:
I'll **purchase Firm 1** (choose number 1) because: 
- It offers a high positive profit of 0.32.
- Searching costs 0.02 with uncertain benefits, risking reduced net revenue.","C20 Search #1 (Searched:1/2, SearchCost:0.00, BestProfit:0.32@F1) → Purchase F1",0.32,0.026,"[0.63, 0.82]"
2,5,C1,False,"No, privacy value (0.031) exceeds maximum search cost savings (0.02).",-1,"### Decision:
I'll **leave** (choose number -1) because: 
- Searched firm has negative profit of -0.11.
- Additional search costs 0.02 with uncertain benefit, risking loss based on consistent negative outcomes.","C1 Search #1 (Searched:1/2, SearchCost:0.00, BestProfit:-0.11@F1) → Leave Market",0.0,0.031,"[0.07, 0.38]"
2,5,C2,False,"No, privacy value (0.043) exceeds maximum search cost savings (0.02).",-1,"### Decision:
I'll **leave** (choose number -1) because: 
- The searched firm has negative profit (-0.26).
- Searching another firm costs 0.02 with uncertain benefit, risking further loss.","C2 Search #1 (Searched:1/2, SearchCost:0.00, BestProfit:-0.26@F0) → Leave Market",0.0,0.043,"[0.24, 0.89]"
2,5,C3,False,"No, privacy value (0.031) exceeds maximum search cost savings (0.02).",0,"### Decision:
I'll **purchase Firm 0** (choose number 0) because: 
- Firm 0 offers a positive profit of 0.22.
- Searching further costs 0.02 with uncertain gain, making it irrational given current profit.","C3 Search #1 (Searched:1/2, SearchCost:0.00, BestProfit:0.22@F0) → Purchase F0",0.22,0.031,"[0.72, 0.8]"
2,5,C4,False,"No, privacy value (0.051) exceeds maximum search cost savings (0.02).",-1,"### Decision:
I'll **leave** (choose number -1) because: 
- The searched firm offers negative profit (-0.01), providing no value.
- Searching another firm costs 0.02 with uncertain benefits, risking a net loss.","C4 Search #1 (Searched:1/2, SearchCost:0.00, BestProfit:-0.01@F0) → Leave Market",0.0,0.051,"[0.49, 0.07]"
2,5,C5,False,"No, privacy value (0.036) exceeds maximum search cost savings (0.02).",1,"### Decision:
I'll **purchase Firm 1** (choose number 1) because: 
- Positive profit of 0.43 ensures rational purchase.
- Search cost of 0.02 outweighs uncertain gain from additional search.","C5 Search #1 (Searched:1/2, SearchCost:0.00, BestProfit:0.43@F1) → Purchase F1",0.43,0.036,"[0.8, 0.92]"
2,5,C6,False,"No, privacy value (0.038) exceeds maximum search cost savings (0.02).",-1,"### Decision:
I'll **leave** (choose number -1) because: 
- No positive profit from searched firm.
- Additional search cost of 0.02 may not justify uncertain benefits.","C6 Search #1 (Searched:1/2, SearchCost:0.00, BestProfit:0.00@F1) → Leave Market",0.0,0.038,"[0.72, 0.49]"
2,5,C7,False,"No, privacy value (0.032) exceeds maximum search cost savings (0.02).",-1,"### Decision:
I'll **leave** (choose number -1) because: 
- Searched firm has negative profit (-0.11).
- Searching costs 0.02 with no guaranteed better outcome.","C7 Search #1 (Searched:1/2, SearchCost:0.00, BestProfit:-0.11@F0) → Leave Market",0.0,0.032,"[0.39, 0.08]"
2,5,C8,False,"No, privacy value (0.036) exceeds maximum search cost savings (0.02).",-1,"### Decision:
I'll **leave** (choose number -1) because: 
- The searched firm has negative profit (-0.36).
- Searching another firm costs 0.02 with uncertain and likely negative expected benefit.","C8 Search #1 (Searched:1/2, SearchCost:0.00, BestProfit:-0.36@F1) → Leave Market",0.0,0.036,"[0.35, 0.13]"
2,5,C9,False,"No, privacy value (0.04) exceeds maximum expected search cost savings (0.02).",-1,"### Decision:
I'll **leave** (choose number -1) because: 
- The searched firm has negative profit (-0.02).
- Searching another firm costs 0.02 with uncertain benefit, likely resulting in a net loss.","C9 Search #1 (Searched:1/2, SearchCost:0.00, BestProfit:-0.02@F0) → Leave Market",0.0,0.04,"[0.48, 0.08]"
2,5,C10,False,"No, privacy value (0.047) exceeds maximum search cost savings (0.02).",1,"### Decision:
I'll **purchase Firm 1** (choose number 1) because: 
- Firm 1 offers a positive profit of 0.09.
- Firm 0 has negative profit, and no further search is possible.","C10 Search #1 (Searched:1/2, SearchCost:0.00, BestProfit:-0.09@F0) → Search Next; C10 Search #2 (Searched:2/2, SearchCost:0.02, BestProfit:0.09@F1) → Purchase F1",0.07,0.047,"[0.41, 0.58]"
2,5,C11,False,"No, privacy value (0.036) exceeds maximum search cost savings (0.02).",0,"### Decision:
I'll **purchase Firm 0** (choose number 0) because: 
- Current firm offers positive profit of 0.22.
- Search cost of 0.02 unlikely to yield better deal.","C11 Search #1 (Searched:1/2, SearchCost:0.00, BestProfit:0.22@F0) → Purchase F0",0.22,0.036,"[0.72, 0.6]"
2,5,C12,False,"No, privacy value (0.055) exceeds maximum search cost savings (0.02).",-1,"### Decision:
I'll **leave** (choose number -1) because: 
- Searched firm has negative profit (-0.02), offering no gain.
- Searching costs 0.02 with no guaranteed improvement, risking loss.","C12 Search #1 (Searched:1/2, SearchCost:0.00, BestProfit:-0.02@F1) → Leave Market",0.0,0.055,"[0.46, 0.47]"
2,5,C13,False,"No, privacy value (0.04) exceeds maximum search cost savings (0.02).",1,"### Decision:
I'll **purchase Firm 1** (choose number 1) because: 
- It offers a positive profit of 0.12.
- Searching another firm costs 0.02 with uncertain improvement, risking lower net revenue.","C13 Search #1 (Searched:1/2, SearchCost:0.00, BestProfit:0.12@F1) → Purchase F1",0.12,0.04,"[0.39, 0.61]"
2,5,C14,False,"No, privacy cost (0.039) exceeds maximum search cost savings (0.02).",0,"### Decision:
I'll **purchase Firm 0** (choose number 0) because: 
- It offers a positive profit of 0.38.
- Searching costs 0.02 with uncertain benefits and may not improve the outcome.","C14 Search #1 (Searched:1/2, SearchCost:0.00, BestProfit:0.38@F0) → Purchase F0",0.38,0.039,"[0.88, 0.78]"
2,5,C15,False,"No, privacy value (0.048) exceeds maximum search cost savings (0.02).",0,"### Decision:
I'll **purchase Firm 0** (choose number 0) because: 
- It offers a positive profit of 0.26.
- Leaving or buying Firm 1 would result in a net loss from the incurred search cost.","C15 Search #1 (Searched:1/2, SearchCost:0.00, BestProfit:0.00@F1) → Search Next; C15 Search #2 (Searched:2/2, SearchCost:0.02, BestProfit:0.26@F0) → Purchase F0",0.24,0.048,"[0.76, 0.49]"
2,5,C16,False,"No, privacy value (0.038) exceeds maximum search cost savings (0.02).",-1,"### Decision:
I'll **leave** (choose number -1) because: 
- The searched firm has negative profit (-0.31).
- Historical data shows no positive profits from additional searches, making further cost (0.02) unjustified.","C16 Search #1 (Searched:1/2, SearchCost:0.00, BestProfit:-0.31@F0) → Leave Market",0.0,0.038,"[0.19, 0.37]"
2,5,C17,False,"No, privacy value (0.055) exceeds maximum search cost savings (0.02).",-1,"### Decision:  
I'll **leave** (choose number -1) because:  
- Searched firm has negative profit (-0.07).  
- History shows no positive profits, making further search costly and unlikely to yield gains.","C17 Search #1 (Searched:1/2, SearchCost:0.00, BestProfit:-0.07@F0) → Leave Market",0.0,0.055,"[0.43, 0.35]"
2,5,C18,False,"No, privacy value (0.027) exceeds maximum search cost savings (0.02).",-1,"### Decision:
I'll **leave** (choose number -1) because: 
- The searched firm offers negative profit (-0.47).
- Historical patterns show further searches rarely yield positive profit, risking unnecessary cost.","C18 Search #1 (Searched:1/2, SearchCost:0.00, BestProfit:-0.47@F1) → Leave Market",0.0,0.027,"[0.44, 0.02]"
2,5,C19,False,"No, privacy value (0.04) exceeds maximum search cost savings (0.02).",1,"### Decision:  
I'll **purchase Firm 1** because:  
- It offers a positive profit of 0.09.  
- Searching another firm costs 0.02 and may not yield a better deal.","C19 Search #1 (Searched:1/2, SearchCost:0.00, BestProfit:0.09@F1) → Purchase F1",0.09,0.04,"[0.7, 0.58]"
2,5,C20,False,"No, privacy value (0.026) exceeds maximum search cost savings (0.02).",0,"### Decision:
I'll **purchase Firm 0** (choose number 0) because: 
- It offers a positive profit of 0.13.
- Searching further costs 0.02 with uncertain benefits, risking reduced net revenue.","C20 Search #1 (Searched:1/2, SearchCost:0.00, BestProfit:0.13@F0) → Purchase F0",0.13,0.026,"[0.63, 0.82]"
2,6,C1,False,"No, privacy value (0.031) exceeds maximum search cost savings (0.02).",-1,"### Decision:
I'll **leave** (choose number -1) because: 
- Searched firm has negative profit of -0.12.
- Additional search costs 0.02 with low likelihood of positive profit based on consistent negative outcomes in past rounds.","C1 Search #1 (Searched:1/2, SearchCost:0.00, BestProfit:-0.12@F1) → Leave Market",0.0,0.031,"[0.07, 0.38]"
2,6,C2,False,"No, privacy value (0.043) exceeds maximum search cost savings (0.02).",1,"### Decision:
I'll **purchase Firm 1** (choose number 1) because: 
- The searched firm offers a positive profit of 0.39.
- Searching another firm costs 0.02 with uncertain benefit, making it irrational to delay purchase.","C2 Search #1 (Searched:1/2, SearchCost:0.00, BestProfit:0.39@F1) → Purchase F1",0.39,0.043,"[0.24, 0.89]"
2,6,C3,False,"No, privacy value (0.031) exceeds maximum search cost savings (0.02).",1,"### Decision:
I'll **purchase Firm 1** (choose number 1) because: 
- Firm 1 offers a positive profit of 0.3.
- Searching further costs 0.02 with uncertain gain, making it irrational.","C3 Search #1 (Searched:1/2, SearchCost:0.00, BestProfit:0.30@F1) → Purchase F1",0.3,0.031,"[0.72, 0.8]"
2,6,C4,False,"No, privacy value (0.051) exceeds maximum search cost savings (0.02).",-1,"### Decision:
I'll **leave** (choose number -1) because: 
- The searched firm offers negative profit (-0.43), providing no value.
- Searching another firm costs 0.02 with uncertain benefits, risking a net loss.","C4 Search #1 (Searched:1/2, SearchCost:0.00, BestProfit:-0.43@F1) → Leave Market",0.0,0.051,"[0.49, 0.07]"
2,6,C5,False,"No, privacy value (0.036) exceeds maximum search cost savings (0.02).",1,"### Decision:  
I'll **purchase Firm 1** (choose number 1) because:  
- Positive profit of 0.42 ensures rational purchase.  
- Search cost of 0.02 outweighs uncertain gain from additional search.","C5 Search #1 (Searched:1/2, SearchCost:0.00, BestProfit:0.42@F1) → Purchase F1",0.42,0.036,"[0.8, 0.92]"
2,6,C6,False,"No, privacy value (0.038) exceeds maximum search cost savings (0.02).",0,"### Decision:
I'll **purchase Firm 0** (choose number 0) because: 
- Searched firm offers positive profit of 0.22.
- Additional search cost of 0.02 may not justify uncertain benefits from another firm.","C6 Search #1 (Searched:1/2, SearchCost:0.00, BestProfit:0.22@F0) → Purchase F0",0.22,0.038,"[0.72, 0.49]"
2,6,C7,False,"No, privacy value (0.032) exceeds maximum search cost savings (0.02).",-1,"### Decision:
I'll **leave** (choose number -1) because: 
- Searched firm has negative profit (-0.11).
- Searching costs 0.02 with no guaranteed better outcome.","C7 Search #1 (Searched:1/2, SearchCost:0.00, BestProfit:-0.11@F0) → Leave Market",0.0,0.032,"[0.39, 0.08]"
2,6,C8,False,"No, privacy value (0.036) exceeds maximum search cost savings (0.02).",-1,"### Decision:
I'll **leave** (choose number -1) because: 
- The searched firm has negative profit (-0.37).
- Searching another firm costs 0.02 with likely low or negative expected benefit.","C8 Search #1 (Searched:1/2, SearchCost:0.00, BestProfit:-0.37@F1) → Leave Market",0.0,0.036,"[0.35, 0.13]"
2,6,C9,False,"No, privacy value (0.04) exceeds maximum search cost savings (0.02).",-1,"### Decision:
I'll **leave** (choose number -1) because: 
- The searched firm has negative profit (-0.02).
- Searching another firm costs 0.02 with uncertain benefit, likely resulting in a net loss.","C9 Search #1 (Searched:1/2, SearchCost:0.00, BestProfit:-0.02@F0) → Leave Market",0.0,0.04,"[0.48, 0.08]"
2,6,C10,False,"No, privacy value (0.047) exceeds maximum search cost savings (0.02).",0,"### Decision:
I'll **search another firm** (choose number 2) because: 
- The searched firm has negative profit (-0.09), making purchase unprofitable.
- Searching may reveal a firm with positive profit, potentially yielding net gain despite the 0.02 cost.","C10 Search #1 (Searched:1/2, SearchCost:0.00, BestProfit:-0.09@F0) → Purchase F0",-0.09,0.047,"[0.41, 0.58]"
2,6,C11,False,"No, privacy cost (0.036) exceeds maximum search cost savings (0.02).",1,"### Decision:
I'll **purchase Firm 1** (choose number 1) because: 
- Current firm offers positive profit of 0.10.
- Search cost of 0.02 unlikely to yield better deal.","C11 Search #1 (Searched:1/2, SearchCost:0.00, BestProfit:0.10@F1) → Purchase F1",0.1,0.036,"[0.72, 0.6]"
2,6,C12,False,"No, privacy value (0.055) exceeds maximum search cost savings (0.02).",-1,"### Decision:
I'll **leave** (choose number -1) because: 
- Searched firm has negative profit (-0.03), offering no gain.
- Searching costs 0.02 with uncertain improvement, likely not worth the risk based on past negative outcomes.","C12 Search #1 (Searched:1/2, SearchCost:0.00, BestProfit:-0.03@F1) → Leave Market",0.0,0.055,"[0.46, 0.47]"
2,6,C13,False,"No, privacy cost (0.04) exceeds maximum search cost savings (0.02).",1,"### Decision:
I'll **purchase Firm 1** (choose number 1) because: 
- It offers a positive profit of 0.11.
- Searching another firm costs 0.02 with uncertain improvement, potentially reducing net revenue.","C13 Search #1 (Searched:1/2, SearchCost:0.00, BestProfit:0.11@F1) → Purchase F1",0.11,0.04,"[0.39, 0.61]"
2,6,C14,False,"No, privacy cost (0.039) exceeds maximum search cost savings (0.02).",0,"### Decision:
I'll **purchase Firm 0** (choose number 0) because: 
- It offers a positive profit of 0.38.
- Searching costs 0.02 with uncertain benefits and may not improve the outcome.","C14 Search #1 (Searched:1/2, SearchCost:0.00, BestProfit:0.38@F0) → Purchase F0",0.38,0.039,"[0.88, 0.78]"
2,6,C15,False,"No, privacy value (0.048) exceeds maximum search cost savings (0.02).",0,"### Decision:  
I'll **purchase Firm 0** (choose number 0) because:  
- It offers a positive profit of 0.26.  
- Leaving would result in a net loss from the incurred search cost of 0.02.","C15 Search #1 (Searched:1/2, SearchCost:0.00, BestProfit:-0.01@F1) → Search Next; C15 Search #2 (Searched:2/2, SearchCost:0.02, BestProfit:0.26@F0) → Purchase F0",0.24,0.048,"[0.76, 0.49]"
2,6,C16,False,"No, privacy value (0.038) exceeds maximum search cost savings (0.02).",-1,"### Decision:
I'll **leave** (choose number -1) because: 
- The searched firm has negative profit (-0.31).
- Historical data shows no positive profits from additional searches, and the search cost (0.02) risks unnecessary loss.","C16 Search #1 (Searched:1/2, SearchCost:0.00, BestProfit:-0.31@F0) → Leave Market",0.0,0.038,"[0.19, 0.37]"
2,6,C17,False,"No, privacy value (0.055) exceeds maximum search cost savings (0.02).",-1,"### Decision:
I'll **leave** (choose number -1) because: 
- Searched firm has negative profit (-0.15).
- History shows no positive profits, so additional search cost (0.02) is not justified.","C17 Search #1 (Searched:1/2, SearchCost:0.00, BestProfit:-0.15@F1) → Leave Market",0.0,0.055,"[0.43, 0.35]"
2,6,C18,False,"No, privacy value (0.027) exceeds maximum search cost savings (0.02).",-1,"### Decision:
I'll **leave** (choose number -1) because: 
- The searched firm offers negative profit (-0.06).
- Historical patterns show further searches yield no positive profit, risking unnecessary cost of 0.02.","C18 Search #1 (Searched:1/2, SearchCost:0.00, BestProfit:-0.06@F0) → Leave Market",0.0,0.027,"[0.44, 0.02]"
2,6,C19,False,"No, privacy cost (0.04) exceeds maximum search cost savings (0.02).",1,"### Decision:  
I'll **purchase Firm 1** (choose number 1) because:  
- It offers a positive profit of 0.08.  
- Searching another firm costs 0.02 and may not yield a better deal.","C19 Search #1 (Searched:1/2, SearchCost:0.00, BestProfit:0.08@F1) → Purchase F1",0.08,0.04,"[0.7, 0.58]"
2,6,C20,False,"No, privacy value (0.026) exceeds maximum search cost savings (0.02).",0,"### Decision:
I'll **purchase Firm 0** (choose number 0) because: 
- It offers a positive profit of 0.13.
- Searching costs 0.02 with uncertain benefits, risking reduced net revenue.","C20 Search #1 (Searched:1/2, SearchCost:0.00, BestProfit:0.13@F0) → Purchase F0",0.13,0.026,"[0.63, 0.82]"
2,7,C1,False,"No, privacy value (0.031) exceeds maximum search cost savings (0.02).",-1,"### Decision:
I'll **leave** (choose number -1) because: 
- Searched firm has negative profit of -0.12.
- Additional search costs 0.02 with low likelihood of positive profit based on consistent negative outcomes in history.","C1 Search #1 (Searched:1/2, SearchCost:0.00, BestProfit:-0.12@F1) → Leave Market",0.0,0.031,"[0.07, 0.38]"
2,7,C2,False,"No, privacy value (0.043) exceeds maximum search cost savings (0.02).",-1,"### Decision:
I'll **leave** (choose number -1) because: 
- The searched firm has negative profit (-0.26).
- Searching another firm costs 0.02 with uncertain benefit, risking loss.","C2 Search #1 (Searched:1/2, SearchCost:0.00, BestProfit:-0.26@F0) → Leave Market",0.0,0.043,"[0.24, 0.89]"
2,7,C3,False,"No, privacy value (0.031) exceeds maximum search cost savings (0.02).",1,"### Decision:
I'll **purchase Firm 1** (choose number 1) because: 
- Firm 1 offers a positive profit of 0.3.
- Searching further costs 0.02 with uncertain gain, making it irrational.","C3 Search #1 (Searched:1/2, SearchCost:0.00, BestProfit:0.30@F1) → Purchase F1",0.3,0.031,"[0.72, 0.8]"
2,7,C4,False,"No, privacy value (0.051) exceeds maximum search cost savings (0.02).",-1,"### Decision:
I'll **leave** (choose number -1) because: 
- The searched firm offers negative profit (-0.43), providing no value.
- Searching another firm costs 0.02 with uncertain benefits, risking a net loss based on past experiences.","C4 Search #1 (Searched:1/2, SearchCost:0.00, BestProfit:-0.43@F1) → Leave Market",0.0,0.051,"[0.49, 0.07]"
2,7,C5,False,No. Privacy value (0.036) exceeds maximum search cost savings (0.02).,0,"### Decision:  
I'll **purchase Firm 0** (choose number 0) because:  
- Positive profit of 0.3 ensures rational purchase.  
- Search cost of 0.02 outweighs uncertain gain from additional search.","C5 Search #1 (Searched:1/2, SearchCost:0.00, BestProfit:0.30@F0) → Purchase F0",0.3,0.036,"[0.8, 0.92]"
2,7,C6,False,"No, privacy value (0.038) exceeds maximum search cost savings (0.02).",-1,"### Decision:
I'll **leave** (choose number -1) because: 
- No positive profit from searched firm.
- Additional search cost of 0.02 may not justify uncertain benefits.","C6 Search #1 (Searched:1/2, SearchCost:0.00, BestProfit:-0.01@F1) → Leave Market",0.0,0.038,"[0.72, 0.49]"
2,7,C7,False,"No, privacy value (0.032) exceeds maximum search cost savings (0.02).",-1,"### Decision:
I'll **leave** (choose number -1) because: 
- Searched firm has negative profit (-0.42).
- Searching costs 0.02 with likely negative outcome based on history.","C7 Search #1 (Searched:1/2, SearchCost:0.00, BestProfit:-0.42@F1) → Leave Market",0.0,0.032,"[0.39, 0.08]"
2,7,C8,False,"No, privacy cost (0.036) exceeds max search cost savings (0.02).",-1,"### Decision:
I'll **leave** (choose number -1) because: 
- The searched firm has negative profit (-0.37).
- Searching another firm costs 0.02 with uncertain and likely negative expected benefit.","C8 Search #1 (Searched:1/2, SearchCost:0.00, BestProfit:-0.37@F1) → Leave Market",0.0,0.036,"[0.35, 0.13]"
2,7,C9,False,"No, privacy value (0.04) exceeds maximum search cost savings (0.02).",-1,"### Decision:
I'll **leave** (choose number -1) because: 
- The searched firm has large negative profit (-0.42).
- Searching another firm costs 0.02 with uncertain and likely low benefit.","C9 Search #1 (Searched:1/2, SearchCost:0.00, BestProfit:-0.42@F1) → Leave Market",0.0,0.04,"[0.48, 0.08]"
2,7,C10,False,"No, privacy value (0.047) exceeds maximum search cost savings (0.02).",1,"### Decision:
I'll **purchase Firm 1** (choose number 1) because: 
- Firm 1 offers a positive profit of 0.08.
- Searching another firm costs 0.02 with uncertain improvement.","C10 Search #1 (Searched:1/2, SearchCost:0.00, BestProfit:0.08@F1) → Purchase F1",0.08,0.047,"[0.41, 0.58]"
2,7,C11,False,"No, privacy value (0.036) exceeds maximum search cost savings (0.02).",0,"### Decision:
I'll **purchase Firm 0** (choose number 0) because: 
- Current firm offers positive profit of 0.22.
- Search cost of 0.02 unlikely to yield better deal.","C11 Search #1 (Searched:1/2, SearchCost:0.00, BestProfit:0.22@F0) → Purchase F0",0.22,0.036,"[0.72, 0.6]"
2,7,C12,False,"No, privacy value (0.055) exceeds maximum search cost savings (0.02).",-1,"### Decision:
I'll **leave** (choose number -1) because: 
- The searched firm has negative profit (-0.04), offering no gain.
- Searching costs 0.02 with uncertain improvement, likely not worth the risk based on past negative outcomes.","C12 Search #1 (Searched:1/2, SearchCost:0.00, BestProfit:-0.04@F0) → Leave Market",0.0,0.055,"[0.46, 0.47]"
2,7,C13,False,"No, privacy value (0.04) exceeds maximum search cost savings (0.02).",1,"### Decision:  
I'll **purchase Firm 1** (choose number 1) because:  
- It offers a positive profit of 0.11.  
- Leaving would waste the incurred search cost of 0.02.","C13 Search #1 (Searched:1/2, SearchCost:0.00, BestProfit:-0.11@F0) → Search Next; C13 Search #2 (Searched:2/2, SearchCost:0.02, BestProfit:0.11@F1) → Purchase F1",0.09,0.04,"[0.39, 0.61]"
2,7,C14,False,"No, privacy cost (0.039) exceeds maximum search cost savings (0.02).",0,"### Decision:
I'll **purchase Firm 0** (choose number 0) because: 
- It offers the highest profit of 0.38 among searched firms.
- All firms are searched, and it ensures positive net revenue.","C14 Search #1 (Searched:1/2, SearchCost:0.00, BestProfit:0.28@F1) → Search Next; C14 Search #2 (Searched:2/2, SearchCost:0.02, BestProfit:0.38@F0) → Purchase F0",0.36,0.039,"[0.88, 0.78]"
2,7,C15,False,"No, privacy value (0.048) exceeds maximum search cost savings (0.02).",0,"### Decision:
I'll **purchase Firm 0** (choose number 0) because: 
- It offers a positive profit of 0.26.
- Leaving would result in a net loss from the incurred search cost of 0.02.","C15 Search #1 (Searched:1/2, SearchCost:0.00, BestProfit:-0.01@F1) → Search Next; C15 Search #2 (Searched:2/2, SearchCost:0.02, BestProfit:0.26@F0) → Purchase F0",0.24,0.048,"[0.76, 0.49]"
2,7,C16,False,"No, privacy value (0.038) exceeds maximum search cost savings (0.02).",-1,"### Decision:
I'll **leave** (choose number -1) because: 
- The searched firm has negative profit (-0.13).
- Historical data shows no positive profits from additional searches, and search cost (0.02) risks unnecessary loss.","C16 Search #1 (Searched:1/2, SearchCost:0.00, BestProfit:-0.13@F1) → Leave Market",0.0,0.038,"[0.19, 0.37]"
2,7,C17,False,"No, privacy value (0.055) exceeds maximum search cost savings (0.02).",-1,"### Decision:
I'll **leave** (choose number -1) because: 
- Searched firm has negative profit (-0.15).
- History shows no positive profits, making further search costly and unproductive.","C17 Search #1 (Searched:1/2, SearchCost:0.00, BestProfit:-0.15@F1) → Leave Market",0.0,0.055,"[0.43, 0.35]"
2,7,C18,False,"No, privacy value (0.027) exceeds maximum search cost savings (0.02).",-1,"### Decision:
I'll **leave** (choose number -1) because: 
- The searched firm offers negative profit (-0.48).
- Historical patterns show further searches yield no positive profit, risking unnecessary cost of 0.02.","C18 Search #1 (Searched:1/2, SearchCost:0.00, BestProfit:-0.48@F1) → Leave Market",0.0,0.027,"[0.44, 0.02]"
2,7,C19,False,"No, privacy value (0.04) exceeds maximum search cost savings (0.02).",1,"### Decision:  
I'll **purchase Firm 1** (choose number 1) because:  
- It offers a positive profit of 0.08.  
- Searching another firm costs 0.02 and may not yield a better deal.","C19 Search #1 (Searched:1/2, SearchCost:0.00, BestProfit:0.08@F1) → Purchase F1",0.08,0.04,"[0.7, 0.58]"
2,7,C20,False,"No, privacy value (0.026) exceeds maximum search cost savings (0.02).",1,"### Decision:
I'll **purchase Firm 1** (choose number 1) because: 
- It offers a high positive profit of 0.32.
- Searching costs 0.02 with uncertain benefits, risking reduced net revenue.","C20 Search #1 (Searched:1/2, SearchCost:0.00, BestProfit:0.32@F1) → Purchase F1",0.32,0.026,"[0.63, 0.82]"
2,8,C1,False,"No, privacy value (0.031) exceeds maximum search cost savings (0.02).",-1,"### Decision:
I'll **leave** (choose number -1) because: 
- Searched firm has negative profit of -0.12.
- Additional search costs 0.02 with low likelihood of positive profit based on consistent negative outcomes in history.","C1 Search #1 (Searched:1/2, SearchCost:0.00, BestProfit:-0.12@F1) → Leave Market",0.0,0.031,"[0.07, 0.38]"
2,8,C2,False,"No, privacy cost (0.043) exceeds maximum search cost savings (0.02).",1,"### Decision:
I'll **purchase Firm 1** (choose number 1) because: 
- The searched firm offers a positive profit of 0.39.
- Searching another firm costs 0.02 with uncertain benefit, making it irrational to delay purchase.","C2 Search #1 (Searched:1/2, SearchCost:0.00, BestProfit:0.39@F1) → Purchase F1",0.39,0.043,"[0.24, 0.89]"
2,8,C3,False,"No, privacy value (0.031) exceeds maximum search cost savings (0.02).",1,"### Decision:
I'll **purchase Firm 1** (choose number 1) because: 
- Firm 1 offers a positive profit of 0.3.
- Searching further costs 0.02 with uncertain gain, making it irrational.","C3 Search #1 (Searched:1/2, SearchCost:0.00, BestProfit:0.30@F1) → Purchase F1",0.3,0.031,"[0.72, 0.8]"
2,8,C4,False,"No, privacy value (0.051) exceeds maximum search cost savings (0.02).",-1,"### Decision:
I'll **leave** (choose number -1) because: 
- The searched firm offers negative profit (-0.43), providing no value.
- Searching another firm costs 0.02 with uncertain benefits, risking a net loss based on past experiences.","C4 Search #1 (Searched:1/2, SearchCost:0.00, BestProfit:-0.43@F1) → Leave Market",0.0,0.051,"[0.49, 0.07]"
2,8,C5,False,"No, privacy value (0.036) exceeds maximum search cost savings (0.02).",0,"### Decision:  
I'll **purchase Firm 0** (choose number 0) because:  
- Positive profit of 0.3 ensures rational purchase.  
- Search cost of 0.02 outweighs uncertain gain from additional search.","C5 Search #1 (Searched:1/2, SearchCost:0.00, BestProfit:0.30@F0) → Purchase F0",0.3,0.036,"[0.8, 0.92]"
2,8,C6,False,"No, privacy cost (0.038) exceeds maximum search cost savings (0.02).",-1,"### Decision:
I'll **leave** (choose number -1) because: 
- No positive profit from searched firm.
- Additional search cost of 0.02 may not justify uncertain benefits.","C6 Search #1 (Searched:1/2, SearchCost:0.00, BestProfit:-0.01@F1) → Leave Market",0.0,0.038,"[0.72, 0.49]"
2,8,C7,False,"No, privacy value (0.032) exceeds maximum search cost savings (0.02).",-1,"### Decision:
I'll **leave** (choose number -1) because: 
- Searched firm has negative profit (-0.42).
- Searching costs 0.02 with likely negative outcome based on history.","C7 Search #1 (Searched:1/2, SearchCost:0.00, BestProfit:-0.42@F1) → Leave Market",0.0,0.032,"[0.39, 0.08]"
2,8,C8,False,"No, privacy cost (0.036) exceeds maximum search cost savings (0.02).",-1,"### Decision:
I'll **leave** (choose number -1) because: 
- The searched firm has negative profit (-0.15).
- Searching another firm costs 0.02 with uncertain and likely low expected benefit.","C8 Search #1 (Searched:1/2, SearchCost:0.00, BestProfit:-0.15@F0) → Leave Market",0.0,0.036,"[0.35, 0.13]"
2,8,C9,False,"No, privacy value (0.04) exceeds maximum search cost savings (0.02).",-1,"### Decision:
I'll **leave** (choose number -1) because: 
- The searched firm has negative profit (-0.02).
- Searching another firm costs 0.02 with uncertain and likely low benefit, risking a net loss.","C9 Search #1 (Searched:1/2, SearchCost:0.00, BestProfit:-0.02@F0) → Leave Market",0.0,0.04,"[0.48, 0.08]"
2,8,C10,False,"No, privacy value (0.047) exceeds maximum search cost savings (0.02).",1,"### Decision:
I'll **purchase Firm 1** (choose number 1) because: 
- Firm 1 offers a positive profit of 0.08.
- Searching another firm costs 0.02 with uncertain improvement.","C10 Search #1 (Searched:1/2, SearchCost:0.00, BestProfit:0.08@F1) → Purchase F1",0.08,0.047,"[0.41, 0.58]"
2,8,C11,False,"No, privacy cost (0.036) exceeds maximum search cost savings (0.02).",0,"### Decision:  
I'll **purchase Firm 0** (choose number 0) because:  
- Current firm offers positive profit of 0.22.  
- Search cost of 0.02 unlikely to yield better deal.","C11 Search #1 (Searched:1/2, SearchCost:0.00, BestProfit:0.22@F0) → Purchase F0",0.22,0.036,"[0.72, 0.6]"
2,8,C12,False,"No, privacy value (0.055) exceeds maximum search cost savings (0.02).",-1,"### Decision:
I'll **leave** (choose number -1) because: 
- Searched firm has negative profit (-0.04), offering no gain.
- Searching costs 0.02 with uncertain improvement, likely not worth the risk based on past negative outcomes.","C12 Search #1 (Searched:1/2, SearchCost:0.00, BestProfit:-0.04@F0) → Leave Market",0.0,0.055,"[0.46, 0.47]"
2,8,C13,False,"No, privacy cost (0.04) exceeds maximum potential search cost savings (0.02).",1,"### Decision:
I'll **purchase Firm 1** (choose number 1) because: 
- It offers a positive profit of 0.11.
- Searching another firm costs 0.02 with uncertain improvement, risking lower net revenue.","C13 Search #1 (Searched:1/2, SearchCost:0.00, BestProfit:0.11@F1) → Purchase F1",0.11,0.04,"[0.39, 0.61]"
2,8,C14,False,"No, privacy cost (0.039) exceeds maximum search cost savings (0.02).",0,"### Decision:
I'll **purchase Firm 0** (choose number 0) because: 
- It offers the highest profit of 0.38 among searched firms.
- All firms are searched, ensuring positive net revenue.","C14 Search #1 (Searched:1/2, SearchCost:0.00, BestProfit:0.28@F1) → Search Next; C14 Search #2 (Searched:2/2, SearchCost:0.02, BestProfit:0.38@F0) → Purchase F0",0.36,0.039,"[0.88, 0.78]"
2,8,C15,False,"No, privacy cost (0.048) exceeds maximum search cost savings (0.02).",0,"### Decision:
I'll **purchase Firm 0** (choose number 0) because: 
- It offers a positive profit of 0.26.
- Searching would add a cost of 0.02 with minimal expected gain.","C15 Search #1 (Searched:1/2, SearchCost:0.00, BestProfit:0.26@F0) → Purchase F0",0.26,0.048,"[0.76, 0.49]"
2,8,C16,False,"No, privacy value (0.038) exceeds maximum search cost savings (0.02).",-1,"### Decision:
I'll **leave** (choose number -1) because: 
- The searched firm has negative profit (-0.13).
- Historical data shows no positive profits from additional searches, making the 0.02 search cost unjustified.","C16 Search #1 (Searched:1/2, SearchCost:0.00, BestProfit:-0.13@F1) → Leave Market",0.0,0.038,"[0.19, 0.37]"
2,8,C17,False,"No, privacy cost (0.055) exceeds maximum search cost savings (0.02).",-1,"### Decision:
I'll **leave** (choose number -1) because: 
- Searched firm has negative profit (-0.07).
- History shows no positive profits, making further search costly and unlikely to improve outcome.","C17 Search #1 (Searched:1/2, SearchCost:0.00, BestProfit:-0.07@F0) → Leave Market",0.0,0.055,"[0.43, 0.35]"
2,8,C18,False,"No, privacy cost (0.027) exceeds maximum search cost savings (0.02).",-1,"### Decision:
I'll **leave** (choose number -1) because: 
- The searched firm offers negative profit (-0.48).
- Historical patterns show further searches yield no positive profit, risking unnecessary cost.","C18 Search #1 (Searched:1/2, SearchCost:0.00, BestProfit:-0.48@F1) → Leave Market",0.0,0.027,"[0.44, 0.02]"
2,8,C19,False,"No, privacy value (0.04) exceeds maximum search cost savings (0.02).",1,"### Decision:  
I'll **purchase Firm 1** (choose number 1) because:  
- It offers a positive profit of 0.08.  
- Searching another firm costs 0.02 and may not yield a better deal.","C19 Search #1 (Searched:1/2, SearchCost:0.00, BestProfit:0.08@F1) → Purchase F1",0.08,0.04,"[0.7, 0.58]"
2,8,C20,False,"No, privacy value (0.026) exceeds maximum search cost savings (0.02).",1,"### Decision:  
I'll **purchase Firm 1** (choose number 1) because:  
- It offers the highest profit of 0.32.  
- Ensures positive net revenue of 0.30 after search cost, better than leaving with a loss.","C20 Search #1 (Searched:1/2, SearchCost:0.00, BestProfit:0.13@F0) → Search Next; C20 Search #2 (Searched:2/2, SearchCost:0.02, BestProfit:0.32@F1) → Purchase F1",0.3,0.026,"[0.63, 0.82]"
2,9,C1,False,"No, privacy cost (0.031) exceeds maximum search cost savings (0.02).",-1,"### Decision:
I'll **leave** (choose number -1) because: 
- Searched firm has negative profit of -0.12.
- Additional search costs 0.02 with low likelihood of positive profit based on consistent negative outcomes in history.","C1 Search #1 (Searched:1/2, SearchCost:0.00, BestProfit:-0.12@F1) → Leave Market",0.0,0.031,"[0.07, 0.38]"
2,9,C2,False,"No, privacy cost (0.043) exceeds maximum search cost savings (0.02).",1,"### Decision:
I'll **purchase Firm 1** (choose number 1) because: 
- The searched firm offers a positive profit of 0.39.
- Searching another firm costs 0.02 with uncertain benefit, making it irrational to delay purchase.","C2 Search #1 (Searched:1/2, SearchCost:0.00, BestProfit:0.39@F1) → Purchase F1",0.39,0.043,"[0.24, 0.89]"
2,9,C3,False,"No, privacy value (0.031) exceeds maximum search cost savings (0.02).",1,"### Decision:
I'll **purchase Firm 1** (choose number 1) because: 
- Firm 1 offers a positive profit of 0.3.
- Searching further costs 0.02 with uncertain gain, making it irrational.","C3 Search #1 (Searched:1/2, SearchCost:0.00, BestProfit:0.30@F1) → Purchase F1",0.3,0.031,"[0.72, 0.8]"
2,9,C4,False,"No, privacy value (0.051) exceeds maximum search cost savings (0.02).",-1,"### Decision:
I'll **leave** (choose number -1) because: 
- The searched firm offers negative profit (-0.01), providing no value.
- Searching another firm costs 0.02 with uncertain benefits, risking a net loss based on past experiences.","C4 Search #1 (Searched:1/2, SearchCost:0.00, BestProfit:-0.01@F0) → Leave Market",0.0,0.051,"[0.49, 0.07]"
2,9,C5,False,"No, privacy cost (0.036) exceeds maximum search cost savings (0.02).",1,"### Decision:  
I'll **purchase Firm 1** (choose number 1) because:  
- Positive profit of 0.42 ensures rational purchase.  
- Search cost of 0.02 outweighs uncertain gain from additional search.","C5 Search #1 (Searched:1/2, SearchCost:0.00, BestProfit:0.42@F1) → Purchase F1",0.42,0.036,"[0.8, 0.92]"
2,9,C6,False,"No, privacy cost (0.038) exceeds maximum search cost savings (0.02).",-1,"### Decision:
I'll **leave** (choose number -1) because: 
- No positive profit from searched firm.
- Additional search cost of 0.02 may not justify uncertain benefits.","C6 Search #1 (Searched:1/2, SearchCost:0.00, BestProfit:-0.01@F1) → Leave Market",0.0,0.038,"[0.72, 0.49]"
2,9,C7,False,"No, privacy cost (0.032) exceeds maximum search cost savings (0.02).",-1,"### Decision:
I'll **leave** (choose number -1) because: 
- Searched firm has negative profit (-0.42).
- Searching costs 0.02 with likely negative outcome based on history.","C7 Search #1 (Searched:1/2, SearchCost:0.00, BestProfit:-0.42@F1) → Leave Market",0.0,0.032,"[0.39, 0.08]"
2,9,C8,False,"No, privacy cost (0.036) exceeds maximum search cost savings (0.02).",-1,"### Decision:
I'll **leave** (choose number -1) because: 
- The searched firm has negative profit (-0.15).
- Searching another firm costs 0.02 with uncertain and likely low expected benefit.","C8 Search #1 (Searched:1/2, SearchCost:0.00, BestProfit:-0.15@F0) → Leave Market",0.0,0.036,"[0.35, 0.13]"
2,9,C9,False,"No, privacy cost (0.04) exceeds maximum search cost savings (0.02).",-1,"### Decision:
I'll **leave** (choose number -1) because: 
- The searched firm has negative profit (-0.42).
- Searching another firm costs 0.02 with uncertain and likely low benefit, risking a net loss.","C9 Search #1 (Searched:1/2, SearchCost:0.00, BestProfit:-0.42@F1) → Leave Market",0.0,0.04,"[0.48, 0.08]"
2,9,C10,False,"No, privacy value (0.047) exceeds maximum search cost savings (0.02).",1,"### Decision:
I'll **purchase Firm 1** (choose number 1) because: 
- Firm 1 offers a positive profit of 0.08.
- Leaving would incur a loss from the 0.02 search cost.","C10 Search #1 (Searched:1/2, SearchCost:0.00, BestProfit:-0.09@F0) → Search Next; C10 Search #2 (Searched:2/2, SearchCost:0.02, BestProfit:0.08@F1) → Purchase F1",0.06,0.047,"[0.41, 0.58]"
2,9,C11,False,"No, privacy cost (0.036) exceeds maximum search cost savings (0.02).",0,"### Decision:
I'll **purchase Firm 0** (choose number 0) because: 
- Current firm offers positive profit of 0.22.
- Search cost of 0.02 unlikely to yield better deal.","C11 Search #1 (Searched:1/2, SearchCost:0.00, BestProfit:0.22@F0) → Purchase F0",0.22,0.036,"[0.72, 0.6]"
2,9,C12,False,"No, privacy value (0.055) exceeds maximum search cost savings (0.02).",-1,"### Decision:
I'll **leave** (choose number -1) because: 
- The searched firm has negative profit (-0.04), offering no gain.
- Searching costs 0.02 with uncertain improvement, likely not worth the risk based on past negative outcomes.","C12 Search #1 (Searched:1/2, SearchCost:0.00, BestProfit:-0.04@F0) → Leave Market",0.0,0.055,"[0.46, 0.47]"
2,9,C13,False,"No, privacy cost (0.04) exceeds maximum search cost savings (0.02).",1,"### Decision:
I'll **purchase Firm 1** (choose number 1) because: 
- It offers a positive profit of 0.11.
- Leaving would waste the incurred search cost of 0.02.","C13 Search #1 (Searched:1/2, SearchCost:0.00, BestProfit:-0.11@F0) → Search Next; C13 Search #2 (Searched:2/2, SearchCost:0.02, BestProfit:0.11@F1) → Purchase F1",0.09,0.04,"[0.39, 0.61]"
2,9,C14,False,"No, privacy cost (0.039) exceeds maximum search cost savings (0.02).",0,"### Decision:
I'll **purchase Firm 0** (choose number 0) because: 
- It offers a positive profit of 0.38.
- Searching costs 0.02 with uncertain benefits and may not improve the outcome.","C14 Search #1 (Searched:1/2, SearchCost:0.00, BestProfit:0.38@F0) → Purchase F0",0.38,0.039,"[0.88, 0.78]"
2,9,C15,False,"No, privacy value (0.048) exceeds maximum search cost savings (0.02).",0,"### Decision:
I'll **purchase Firm 0** (choose number 0) because: 
- It offers a positive profit of 0.26.
- Leaving would result in a net loss from the incurred search cost of 0.02.","C15 Search #1 (Searched:1/2, SearchCost:0.00, BestProfit:-0.01@F1) → Search Next; C15 Search #2 (Searched:2/2, SearchCost:0.02, BestProfit:0.26@F0) → Purchase F0",0.24,0.048,"[0.76, 0.49]"
2,9,C16,False,"No, privacy cost (0.038) exceeds maximum search cost savings (0.02).",-1,"### Decision:
I'll **leave** (choose number -1) because: 
- The searched firm has negative profit (-0.31).
- Historical data shows no positive profits from additional searches, making the 0.02 search cost unjustified.","C16 Search #1 (Searched:1/2, SearchCost:0.00, BestProfit:-0.31@F0) → Leave Market",0.0,0.038,"[0.19, 0.37]"
2,9,C17,False,"No, privacy cost (0.055) exceeds maximum search cost savings (0.02).",-1,"### Decision:
I'll **leave** (choose number -1) because: 
- Searched firm has negative profit (-0.07).
- History shows no positive profits, so further search is costly and unlikely to yield gains.","C17 Search #1 (Searched:1/2, SearchCost:0.00, BestProfit:-0.07@F0) → Leave Market",0.0,0.055,"[0.43, 0.35]"
2,9,C18,False,"No, privacy cost (0.027) exceeds maximum search cost savings (0.02).",-1,"### Decision:  
I'll **leave** (choose number -1) because:  
- The searched firm offers negative profit (-0.48).  
- Historical patterns show further searches yield no positive profit, risking additional cost of 0.02.","C18 Search #1 (Searched:1/2, SearchCost:0.00, BestProfit:-0.48@F1) → Leave Market",0.0,0.027,"[0.44, 0.02]"
2,9,C19,False,"No, privacy cost (0.04) exceeds maximum search cost savings (0.02).",0,"### Decision:  
I'll **purchase Firm 0** (choose number 0) because:  
- It offers a positive profit of 0.2.  
- Searching another firm costs 0.02 and is unlikely to yield a better deal.","C19 Search #1 (Searched:1/2, SearchCost:0.00, BestProfit:0.20@F0) → Purchase F0",0.2,0.04,"[0.7, 0.58]"
2,9,C20,False,"No, privacy cost (0.026) exceeds maximum search cost savings (0.02).",1,"### Decision:  
I'll **purchase Firm 1** (choose number 1) because:  
- It offers the highest profit of 0.32.  
- Purchasing ensures a positive net revenue of 0.30, better than leaving with a loss of -0.02.","C20 Search #1 (Searched:1/2, SearchCost:0.00, BestProfit:0.13@F0) → Search Next; C20 Search #2 (Searched:2/2, SearchCost:0.02, BestProfit:0.32@F1) → Purchase F1",0.3,0.026,"[0.63, 0.82]"
2,10,C1,False,"No, privacy value (0.031) exceeds maximum search cost savings (0.02).",-1,"### Decision:
I'll **leave** (choose number -1) because: 
- Searched firm has negative profit of -0.43.
- Additional search costs 0.02 with low likelihood of positive profit based on consistent negative outcomes in history.","C1 Search #1 (Searched:1/2, SearchCost:0.00, BestProfit:-0.43@F0) → Leave Market",0.0,0.031,"[0.07, 0.38]"
2,10,C2,False,"No, privacy cost (0.043) exceeds maximum search cost savings (0.02).",-1,"### Decision:
I'll **leave** (choose number -1) because: 
- The searched firm has negative profit (-0.26).
- Searching another firm costs 0.02 with uncertain benefit, risking loss.","C2 Search #1 (Searched:1/2, SearchCost:0.00, BestProfit:-0.26@F0) → Leave Market",0.0,0.043,"[0.24, 0.89]"
2,10,C3,False,"No, privacy value (0.031) exceeds maximum search cost savings (0.02).",1,"### Decision:
I'll **purchase Firm 1** (choose number 1) because: 
- Firm 1 offers a positive profit of 0.3.
- Searching further costs 0.02 with uncertain gain, making it irrational given current profit.","C3 Search #1 (Searched:1/2, SearchCost:0.00, BestProfit:0.30@F1) → Purchase F1",0.3,0.031,"[0.72, 0.8]"
2,10,C4,False,"No, privacy cost (0.051) exceeds maximum search cost savings (0.02).",-1,"### Decision:
I'll **leave** (choose number -1) because: 
- The searched firm offers negative profit (-0.43).
- Searching another firm costs 0.02 with uncertain benefits, risking a net loss based on past experiences.","C4 Search #1 (Searched:1/2, SearchCost:0.00, BestProfit:-0.43@F1) → Leave Market",0.0,0.051,"[0.49, 0.07]"
2,10,C5,False,"No, privacy cost (0.036) exceeds maximum search cost savings (0.02).",1,"### Decision:  
I'll **purchase Firm 1** (choose number 1) because:  
- Positive profit of 0.42 ensures rational purchase.  
- Search cost of 0.02 outweighs uncertain gain from additional search.","C5 Search #1 (Searched:1/2, SearchCost:0.00, BestProfit:0.42@F1) → Purchase F1",0.42,0.036,"[0.8, 0.92]"
2,10,C6,False,"No, privacy cost (0.038) exceeds maximum search cost savings (0.02).",-1,"### Decision:
I'll **leave** (choose number -1) because: 
- No positive profit from searched firm.
- Additional search cost of 0.02 may not justify uncertain benefits.","C6 Search #1 (Searched:1/2, SearchCost:0.00, BestProfit:-0.01@F1) → Leave Market",0.0,0.038,"[0.72, 0.49]"
2,10,C7,False,"No, privacy cost (0.032) exceeds maximum search cost savings (0.02).",-1,"### Decision:
I'll **leave** (choose number -1) because: 
- Searched firm has negative profit (-0.42).
- Searching costs 0.02 with likely negative outcome based on history.","C7 Search #1 (Searched:1/2, SearchCost:0.00, BestProfit:-0.42@F1) → Leave Market",0.0,0.032,"[0.39, 0.08]"
2,10,C8,False,"No, privacy cost (0.036) exceeds maximum search cost savings (0.02).",-1,"### Decision:
I'll **leave** (choose number -1) because: 
- The searched firm has negative profit (-0.15).
- Searching another firm costs 0.02 with uncertain and likely low expected benefit.","C8 Search #1 (Searched:1/2, SearchCost:0.00, BestProfit:-0.15@F0) → Leave Market",0.0,0.036,"[0.35, 0.13]"
2,10,C9,False,"No, privacy cost (0.04) exceeds maximum search cost savings (0.02).",-1,"### Decision:
I'll **leave** (choose number -1) because: 
- The searched firm has negative profit (-0.42).
- Searching another firm costs 0.02 with uncertain and likely low benefit, risking a net loss.","C9 Search #1 (Searched:1/2, SearchCost:0.00, BestProfit:-0.42@F1) → Leave Market",0.0,0.04,"[0.48, 0.08]"
2,10,C10,False,"No, privacy value (0.047) exceeds maximum search cost savings (0.02).",0,"### Decision:
I'll **search another firm** (choose number 2) because: 
- The searched firm has negative profit (-0.09), making purchase unprofitable.
- Searching may reveal a firm with positive profit, potentially yielding net gain despite the 0.02 cost.","C10 Search #1 (Searched:1/2, SearchCost:0.00, BestProfit:-0.09@F0) → Purchase F0",-0.09,0.047,"[0.41, 0.58]"
2,10,C11,False,"No, privacy cost (0.036) exceeds maximum search cost savings (0.02).",0,"### Decision:  
I'll **purchase Firm 0** (choose number 0) because:  
- Current firm offers positive profit of 0.22.  
- Search cost of 0.02 unlikely to yield better deal.","C11 Search #1 (Searched:1/2, SearchCost:0.00, BestProfit:0.22@F0) → Purchase F0",0.22,0.036,"[0.72, 0.6]"
2,10,C12,False,"No, privacy cost (0.055) exceeds maximum search cost savings (0.02).",-1,"### Decision:  
I'll **leave** (choose number -1) because:  
- The searched firm has negative profit (-0.04), offering no gain.  
- Searching costs 0.02 with uncertain improvement, likely not worth the risk based on past negative outcomes.","C12 Search #1 (Searched:1/2, SearchCost:0.00, BestProfit:-0.04@F0) → Leave Market",0.0,0.055,"[0.46, 0.47]"
2,10,C13,False,"No, privacy cost (0.04) exceeds maximum search cost savings (0.02).",0,"### Decision:
I'll **search another firm** (choose number 2) because: 
- The current firm has negative profit (-0.11), making purchase unprofitable.
- Searching costs 0.02 and may uncover a positive-profit option, improving revenue.","C13 Search #1 (Searched:1/2, SearchCost:0.00, BestProfit:-0.11@F0) → Purchase F0",-0.11,0.04,"[0.39, 0.61]"
2,10,C14,False,"No, privacy cost (0.039) exceeds maximum search cost savings (0.02).",0,"### Decision:
I'll **purchase Firm 0** (choose number 0) because: 
- It offers the highest profit of 0.38 among searched firms.
- All firms are searched, ensuring positive net revenue.","C14 Search #1 (Searched:1/2, SearchCost:0.00, BestProfit:0.28@F1) → Search Next; C14 Search #2 (Searched:2/2, SearchCost:0.02, BestProfit:0.38@F0) → Purchase F0",0.36,0.039,"[0.88, 0.78]"
2,10,C15,False,"No, privacy cost (0.048) exceeds maximum search cost savings (0.02).",0,"### Decision:
I'll **purchase Firm 0** (choose number 0) because: 
- It offers a positive profit of 0.26.
- Searching would add a cost of 0.02 with minimal expected gain.","C15 Search #1 (Searched:1/2, SearchCost:0.00, BestProfit:0.26@F0) → Purchase F0",0.26,0.048,"[0.76, 0.49]"
2,10,C16,False,"No, privacy value (0.038) exceeds maximum search cost savings (0.02).",-1,"### Decision:
I'll **leave** (choose number -1) because: 
- The searched firm has negative profit (-0.31).
- Historical data shows no positive profits from additional searches, making the 0.02 search cost unjustified.","C16 Search #1 (Searched:1/2, SearchCost:0.00, BestProfit:-0.31@F0) → Leave Market",0.0,0.038,"[0.19, 0.37]"
2,10,C17,False,"No, privacy cost (0.055) exceeds maximum search cost savings (0.02).",-1,"### Decision:
I'll **leave** (choose number -1) because: 
- Searched firm has negative profit (-0.07).
- History shows no positive profits, so further search cost (0.02) is unjustified.","C17 Search #1 (Searched:1/2, SearchCost:0.00, BestProfit:-0.07@F0) → Leave Market",0.0,0.055,"[0.43, 0.35]"
2,10,C18,False,"No, privacy cost (0.027) exceeds maximum search cost savings (0.02).",-1,"### Decision:
I'll **leave** (choose number -1) because: 
- The searched firm offers negative profit (-0.48).
- Historical patterns show further searches yield no positive profit, risking additional cost of 0.02.","C18 Search #1 (Searched:1/2, SearchCost:0.00, BestProfit:-0.48@F1) → Leave Market",0.0,0.027,"[0.44, 0.02]"
2,10,C19,False,"No, privacy cost (0.04) exceeds maximum search cost savings (0.02).",0,"### Decision:  
I'll **purchase Firm 0** (choose number 0) because:  
- It offers a positive profit of 0.2.  
- Searching another firm costs 0.02 and may not yield a better deal.","C19 Search #1 (Searched:1/2, SearchCost:0.00, BestProfit:0.20@F0) → Purchase F0",0.2,0.04,"[0.7, 0.58]"
2,10,C20,False,"No, privacy cost (0.026) exceeds maximum search cost savings (0.02).",1,"### Decision:
I'll **purchase Firm 1** (choose number 1) because: 
- It offers a high positive profit of 0.32.
- Searching costs 0.02 with uncertain and likely low benefits, reducing net revenue.","C20 Search #1 (Searched:1/2, SearchCost:0.00, BestProfit:0.32@F1) → Purchase F1",0.32,0.026,"[0.63, 0.82]"
3,1,C1,True,"Yes, because the expected reduction in search cost with personalized recommendations for 3 firms likely exceeds the privacy cost of 0.031.",2,"### Decision:
I'll **purchase Firm 2** (choose number 2) because: 
- Current firm offers positive profit of 0.25.
- Additional search costs 0.02 with uncertain benefit, likely not justifying the expense.","C1 Search #1 (Searched:1/3, SearchCost:0.00, BestProfit:0.25@F2) → Purchase F2",0.22,0.031,"[0.33, 0.57, 0.8]"
3,1,C2,True,"Yes, because with 3 firms, personalized recommendations significantly reduce search costs and improve product matching, likely outweighing the privacy cost of 0.053.",1,"### Decision:
I'll **purchase Firm 1** (choose number 1) because: 
- Firm 1 offers a positive profit of 0.33, making it rational to buy immediately.
- Searching further may not yield a better deal and would incur an additional cost of 0.02.","C2 Search #1 (Searched:1/3, SearchCost:0.00, BestProfit:0.33@F1) → Purchase F1",0.28,0.053,"[0.33, 0.91, 0.3]"
3,1,C3,True,"Yes, because personalized recommendations with three firms can significantly reduce search costs, likely exceeding the privacy cost of 0.036.",1,"### Decision:
I'll **purchase Firm 1** (choose number 1) because: 
- Firm 1 offers positive profit of 0.13.
- Rationality rule requires buying when positive profit is available.","C3 Search #1 (Searched:1/3, SearchCost:0.00, BestProfit:0.13@F1) → Purchase F1",0.09,0.036,"[0.31, 0.71, 0.67]"
3,1,C4,False,"No, privacy value (0.055) exceeds potential search cost savings (max 0.04 with 3 firms).",-1,"### Decision:
I'll **leave** (choose number -1) because: 
- Both searched firms have negative profit, indicating no gain from current options.
- Further search incurs additional cost with low likelihood of positive profit based on observed firms.","C4 Search #1 (Searched:1/3, SearchCost:0.00, BestProfit:-0.17@F0) → Search Next; C4 Search #2 (Searched:2/3, SearchCost:0.02, BestProfit:-0.17@F0) → Leave Market",-0.02,0.055,"[0.33, 0.13, 0.54]"
3,1,C5,True,"Yes, because sharing data significantly reduces search costs and improves product valuation, outweighing the privacy cost of 0.027.",2,"### Decision:
I'll **purchase Firm 2** (choose number 2) because: 
- Firm 2 offers a positive profit of 0.36.
- Rational to buy when positive profit is available, avoiding uncertain benefits from further search.","C5 Search #1 (Searched:1/3, SearchCost:0.00, BestProfit:0.36@F2) → Purchase F2",0.33,0.027,"[0.25, 0.23, 0.91]"
3,1,C6,True,"yes, significant search cost reduction with 3 firms outweighs privacy cost of 0.026.",0,"### Decision:
I'll **purchase Firm 0** because: 
- Positive profit of 0.09 is available.
- Searching may not improve outcome given sorted recommendations and search cost of 0.02.","C6 Search #1 (Searched:1/3, SearchCost:0.00, BestProfit:0.09@F0) → Purchase F0",0.06,0.026,"[0.59, 0.26, 0.42]"
3,1,C7,True,"Yes, because personalized recommendations with 3 firms can significantly reduce search costs, likely offsetting the privacy cost of 0.029.",2,"### Decision:
I'll **purchase Firm 2** (choose number 2) because: 
- Positive profit of 0.23 available
- Additional search cost (0.02) unlikely to yield better deal due to sorted recommendations","C7 Search #1 (Searched:1/3, SearchCost:0.00, BestProfit:0.23@F2) → Purchase F2",0.2,0.029,"[0.56, 0.54, 0.78]"
3,1,C8,True,"Yes, because the potential reduction in search cost from personalized recommendations with 3 firms likely exceeds the privacy value of 0.026.",-1,"### Decision:
I'll **leave** (choose number -1) because: 
- The highest-valuation firm has negative profit, suggesting others may be worse or unprofitable.
- Additional search cost outweighs uncertain potential revenue, risking further loss.","C8 Search #1 (Searched:1/3, SearchCost:0.00, BestProfit:-0.08@F1) → Leave Market",-0.03,0.026,"[0.16, 0.5, 0.0]"
3,1,C9,True,"Yes, because the potential reduction in search cost with personalized recommendations for 3 firms likely exceeds the privacy cost of 0.033.",-1,"### Decision:
I'll **leave** (choose number -1) because: 
- Both searched firms have negative profits, indicating no good deals.
- Searching further likely yields worse or no profit, with additional search cost of 0.02 increasing losses.","C9 Search #1 (Searched:1/3, SearchCost:0.00, BestProfit:-0.14@F1) → Search Next; C9 Search #2 (Searched:2/3, SearchCost:0.02, BestProfit:-0.14@F1) → Leave Market",-0.05,0.033,"[0.13, 0.44, 0.28]"
3,1,C10,False,"No, because the privacy cost (0.049) exceeds the maximum potential reduction in search cost (up to 0.04).",-1,"### Decision:
I'll **leave** (choose number -1) because: 
- Both searched firms have negative profits, making purchase unprofitable.
- Additional search cost outweighs potential for positive revenue given low valuations and high prices observed.","C10 Search #1 (Searched:1/3, SearchCost:0.00, BestProfit:-0.24@F2) → Search Next; C10 Search #2 (Searched:2/3, SearchCost:0.02, BestProfit:-0.24@F2) → Leave Market",-0.02,0.049,"[0.01, 0.32, 0.31]"
3,1,C11,False,"No, privacy cost too high.",0,"### Decision:
I'll **purchase Firm 0** (choose number 0) because: 
- Firm 0 offers positive profit of 0.15.
- Additional search costs 0.02 with uncertain benefits.","C11 Search #1 (Searched:1/3, SearchCost:0.00, BestProfit:-0.22@F1) → Search Next; C11 Search #2 (Searched:2/3, SearchCost:0.02, BestProfit:0.15@F0) → Purchase F0",0.13,0.032,"[0.65, 0.36, 0.03]"
3,1,C12,False,"No, privacy cost (0.045) exceeds maximum search cost savings (0.04).",0,"### Decision:
I'll **purchase Firm 0** (choose number 0) because: 
- Positive profit of 0.35 available
- Searching incurs additional cost with uncertain benefit","C12 Search #1 (Searched:1/3, SearchCost:0.00, BestProfit:0.35@F0) → Purchase F0",0.35,0.045,"[0.85, 0.17, 0.19]"
3,1,C13,True,"Yes, to reduce search costs and improve deal-finding efficiency with personalized recommendations for 3 firms.",0,"### Decision:
I'll **purchase Firm 0** (choose number 0) because: 
- It offers a positive profit of 0.27.
- Additional search costs 0.02 with likely lower returns due to sorted recommendations.","C13 Search #1 (Searched:1/3, SearchCost:0.00, BestProfit:0.27@F0) → Purchase F0",0.23,0.04,"[0.77, 0.62, 0.54]"
3,1,C14,True,"Yes, because the expected reduction in search cost and improved product matching with 3 firms outweigh the low privacy cost of 0.032.",-1,"### Decision:
I'll **leave** (choose number -1) because: 
- Both searched firms have negative profit.
- Searching incurs additional cost with low expected gain.","C14 Search #1 (Searched:1/3, SearchCost:0.00, BestProfit:-0.09@F1) → Search Next; C14 Search #2 (Searched:2/3, SearchCost:0.02, BestProfit:-0.07@F2) → Leave Market",-0.05,0.032,"[0.27, 0.49, 0.48]"
3,1,C15,True,"Yes, because the expected reduction in search cost from personalized recommendations likely exceeds the privacy cost of 0.043.",1,"### Decision:
I'll **purchase Firm 1** (choose number 1) because: 
- Positive profit of 0.26 available.
- Additional search cost of 0.02 unlikely to yield better profit given sorted valuation sequence.","C15 Search #1 (Searched:1/3, SearchCost:0.00, BestProfit:0.26@F1) → Purchase F1",0.22,0.043,"[0.4, 0.84, 0.19]"
3,1,C16,True,"Yes, potential search cost savings and better product matching outweigh the privacy cost of 0.034.",-1,"### Decision:
I'll **leave** (choose number -1) because: 
- Searched firm has negative profit.
- Highest valuation option is unprofitable, so further search unlikely to yield gains.","C16 Search #1 (Searched:1/3, SearchCost:0.00, BestProfit:-0.19@F2) → Leave Market",-0.03,0.034,"[0.33, 0.05, 0.36]"
3,1,C17,True,"Yes, because personalized recommendations significantly reduce search costs and improve product matching, outweighing the privacy cost of 0.044.",-1,"### Decision:
I'll **leave** (choose number -1) because: 
- The first firm, with the highest valuation due to data sharing, has negative profit (-0.31), indicating poor prospects for others.
- Additional searches cost 0.02 with minimal chance of positive profit, risking higher losses.","C17 Search #1 (Searched:1/3, SearchCost:0.00, BestProfit:-0.31@F1) → Leave Market",-0.04,0.044,"[0.15, 0.27, 0.22]"
3,1,C18,False,"No, privacy cost (0.051) exceeds potential maximum search cost savings (0.04).",1,"### Decision:
I'll **purchase Firm 1** because: 
- It offers a positive profit of 0.3
- Searching further costs 0.02 with uncertain benefit","C18 Search #1 (Searched:1/3, SearchCost:0.00, BestProfit:0.30@F1) → Purchase F1",0.3,0.051,"[0.15, 0.88, 0.44]"
3,1,C19,True,"Yes, because the potential reduction in search cost from personalized recommendations with 3 firms is likely to outweigh the privacy cost of 0.049.",0,"### Decision:
I'll **purchase Firm 0** because: 
- It offers a positive profit of 0.24, which I must act on per rationality rule.
- Personalized sorting suggests it is the highest-value option, minimizing need for further costly searches.","C19 Search #1 (Searched:1/3, SearchCost:0.00, BestProfit:0.24@F0) → Purchase F0",0.19,0.049,"[0.74, 0.42, 0.13]"
3,1,C20,False,"No, privacy cost (0.045) exceeds potential search cost savings with 3 firms.",1,"### Decision:
I'll **purchase Firm 1** (choose number 1) because: 
- Current firm offers positive profit of 0.17.
- Searching incurs additional cost of 0.02 with uncertain benefit.","C20 Search #1 (Searched:1/3, SearchCost:0.00, BestProfit:0.17@F1) → Purchase F1",0.17,0.045,"[0.06, 0.75, 0.95]"
3,2,C1,True,"Yes, expected search cost savings (up to 0.04) exceed privacy cost of 0.031.",2,"### Decision:
I'll **purchase Firm 2** (choose number 2) because: 
- Current firm offers positive profit of 0.22.
- Additional search costs 0.02 with low expected benefit due to personalized sorting.","C1 Search #1 (Searched:1/3, SearchCost:0.00, BestProfit:0.22@F2) → Purchase F2",0.19,0.031,"[0.33, 0.57, 0.8]"
3,2,C2,False,"No, privacy cost (0.053) exceeds maximum potential search cost savings (0.04).",1,"### Decision:
I'll **purchase Firm 1** (choose number 1) because: 
- Firm 1 offers a positive profit of 0.33, making it rational to buy immediately.
- Searching further would incur an additional cost of 0.02 with uncertain benefits, reducing net revenue.","C2 Search #1 (Searched:1/3, SearchCost:0.00, BestProfit:-0.28@F2) → Search Next; C2 Search #2 (Searched:2/3, SearchCost:0.02, BestProfit:0.33@F1) → Purchase F1",0.31,0.053,"[0.33, 0.91, 0.3]"
3,2,C3,False,"No, privacy cost (0.036) likely exceeds marginal benefits from recommendations, as search cost is minimal (first search free) and past non-sharers achieved high revenues with one search.",2,"### Decision:
I'll **purchase Firm 2** (choose number 2) because: 
- Firm 2 offers positive profit of 0.09.
- Rationality rule requires buying when positive profit is available.","C3 Search #1 (Searched:1/3, SearchCost:0.00, BestProfit:0.09@F2) → Purchase F2",0.09,0.036,"[0.31, 0.71, 0.67]"
3,2,C4,False,"No, privacy cost (0.055) exceeds maximum search cost savings (0.04).",-1,"### Decision:
I'll **leave** (choose number -1) because: 
- Both searched firms have negative profits, indicating no gain from current options.
- Searching another firm incurs additional 0.02 cost with low likelihood of positive profit based on observed valuations.","C4 Search #1 (Searched:1/3, SearchCost:0.00, BestProfit:-0.04@F2) → Search Next; C4 Search #2 (Searched:2/3, SearchCost:0.02, BestProfit:-0.04@F2) → Leave Market",-0.02,0.055,"[0.33, 0.13, 0.54]"
3,2,C5,True,"Yes, because the privacy cost of 0.027 is outweighed by the potential reduction in search costs and improved product valuation from personalized recommendations.",2,"### Decision:
I'll **purchase Firm 2** (choose number 2) because: 
- Firm 2 offers a positive profit of 0.33, ensuring immediate gain.
- Additional search costs 0.02 and is unlikely to yield a better deal given personalized sorting.","C5 Search #1 (Searched:1/3, SearchCost:0.00, BestProfit:0.33@F2) → Purchase F2",0.3,0.027,"[0.25, 0.23, 0.91]"
3,2,C6,True,"Yes, because potential search cost savings (up to 0.04) exceed privacy cost (0.026), and recommendations with 3 firms are valuable.",0,"### Decision:
I'll **purchase Firm 0** (choose number 0) because: 
- Positive profit of 0.01 is available.
- Search cost of 0.02 exceeds potential gain from additional searches.","C6 Search #1 (Searched:1/3, SearchCost:0.00, BestProfit:0.01@F0) → Purchase F0",-0.02,0.026,"[0.59, 0.26, 0.42]"
3,2,C7,False,"No, privacy cost (0.029) exceeds maximum potential search cost savings (0.02).",-1,"### Decision:
I'll **leave** (choose number -1) because: 
- Searched firm has negative profit (-0.04)
- Additional search risks cost without guaranteed benefit","C7 Search #1 (Searched:1/3, SearchCost:0.00, BestProfit:-0.04@F1) → Leave Market",0.0,0.029,"[0.56, 0.54, 0.78]"
3,2,C8,True,"Yes, potential search cost savings from personalized recommendations with 3 firms likely exceed the privacy cost of 0.026.",-1,"### Decision:
I'll **leave** (choose number -1) because: 
- The searched firm has negative profit, indicating poor deals.
- Additional search costs 0.02 with low expected gain due to sorted valuations.","C8 Search #1 (Searched:1/3, SearchCost:0.00, BestProfit:-0.08@F1) → Leave Market",-0.03,0.026,"[0.16, 0.5, 0.0]"
3,2,C9,True,"Yes, because potential search cost savings of up to 0.04 exceed the privacy cost of 0.033.",-1,"### Decision:
I'll **leave** (choose number -1) because: 
- The only searched firm has negative profit (-0.14), indicating no good deals.
- Searching further incurs a 0.02 cost with likely worse or negative outcomes due to sorted recommendations.","C9 Search #1 (Searched:1/3, SearchCost:0.00, BestProfit:-0.14@F1) → Leave Market",-0.03,0.033,"[0.13, 0.44, 0.28]"
3,2,C10,False,"No, privacy cost (0.049) exceeds maximum search cost savings (0.04).",-1,"### Decision:
I'll **leave** (choose number -1) because: 
- The searched firm has negative profit (-0.26).
- Additional search costs 0.02 with low likelihood of positive profit based on past observations.","C10 Search #1 (Searched:1/3, SearchCost:0.00, BestProfit:-0.26@F1) → Leave Market",0.0,0.049,"[0.01, 0.32, 0.31]"
3,2,C11,True,"Yes, potential search cost savings outweigh privacy cost of 0.032.",0,"### Decision:
I'll **purchase Firm 0** (choose number 0) because: 
- Firm 0 offers positive profit of 0.07.
- With sorted recommendations, additional search is unlikely to improve profit significantly.","C11 Search #1 (Searched:1/3, SearchCost:0.00, BestProfit:0.07@F0) → Purchase F0",0.04,0.032,"[0.65, 0.36, 0.03]"
3,2,C12,False,"No, privacy cost (0.045) exceeds maximum search cost savings (0.04).",0,"### Decision:
I'll **purchase Firm 0** (choose number 0) because: 
- Positive profit of 0.27 available
- Searching incurs additional cost with uncertain benefit","C12 Search #1 (Searched:1/3, SearchCost:0.00, BestProfit:-0.41@F1) → Search Next; C12 Search #2 (Searched:2/3, SearchCost:0.02, BestProfit:0.27@F0) → Purchase F0",0.25,0.045,"[0.85, 0.17, 0.19]"
3,2,C13,False,"No, privacy cost (0.04) equals maximum search cost savings (0.04), so no net benefit from sharing.",0,"### Decision:
I'll **purchase Firm 0** (choose number 0) because: 
- It provides a positive profit of 0.19.
- Further search costs 0.02 with low expected gain, risking reduced revenue.","C13 Search #1 (Searched:1/3, SearchCost:0.00, BestProfit:0.19@F0) → Purchase F0",0.19,0.04,"[0.77, 0.62, 0.54]"
3,2,C14,True,"Yes, because the privacy cost (0.032) is less than the maximum potential search cost savings (0.04), and personalized recommendations with 3 firms can significantly reduce search costs.",-1,"### Decision:
I'll **leave** (choose number -1) because: 
- Searched firm has negative profit (-0.09).
- Expected profit from additional searches is likely negative, outweighing the search cost of 0.02.","C14 Search #1 (Searched:1/3, SearchCost:0.00, BestProfit:-0.09@F1) → Leave Market",-0.03,0.032,"[0.27, 0.49, 0.48]"
3,2,C15,False,"No, privacy cost of 0.043 exceeds potential search cost savings.",1,"### Decision:
I'll **purchase Firm 1** (choose number 1) because: 
- Positive profit of 0.26 available.
- Additional search cost unlikely to yield better profit given uncertainty.","C15 Search #1 (Searched:1/3, SearchCost:0.00, BestProfit:-0.39@F2) → Search Next; C15 Search #2 (Searched:2/3, SearchCost:0.02, BestProfit:0.26@F1) → Purchase F1",0.24,0.043,"[0.4, 0.84, 0.19]"
3,2,C16,True,"Yes, because personalized recommendations with 3 firms can significantly reduce search costs and improve valuation, potentially outweighing the privacy cost of 0.034.",-1,"### Decision:
I'll **leave** (choose number -1) because: 
- Searched firm has negative profit.
- Highest valuation option is unprofitable, so further search unlikely to yield gains.","C16 Search #1 (Searched:1/3, SearchCost:0.00, BestProfit:-0.22@F2) → Leave Market",-0.03,0.034,"[0.33, 0.05, 0.36]"
3,2,C17,False,"No, privacy cost (0.044) exceeds potential search cost savings (0.04).",-1,"### Decision:
I'll **leave** (choose number -1) because: 
- The only searched firm has negative profit (-0.31), suggesting poor overall deals.
- Searching costs 0.02 with minimal chance of positive profit, increasing potential loss.","C17 Search #1 (Searched:1/3, SearchCost:0.00, BestProfit:-0.31@F1) → Leave Market",0.0,0.044,"[0.15, 0.27, 0.22]"
3,2,C18,False,"No, privacy cost (0.051) exceeds maximum potential search cost savings (0.04).",1,"### Decision:
I'll **purchase Firm 1** because: 
- It offers a positive profit of 0.30
- Searching further would incur a cost of 0.02 with uncertain benefits","C18 Search #1 (Searched:1/3, SearchCost:0.00, BestProfit:0.30@F1) → Purchase F1",0.3,0.051,"[0.15, 0.88, 0.44]"
3,2,C19,False,"No, privacy cost (0.049) exceeds maximum potential search cost savings (0.04).",0,"### Decision:
I'll **purchase Firm 0** because: 
- Firm 0 offers a positive profit of 0.16, which I must act on per rationality rule.
- Searching another firm costs 0.02 and is unlikely to yield a better outcome given current information.","C19 Search #1 (Searched:1/3, SearchCost:0.00, BestProfit:-0.45@F2) → Search Next; C19 Search #2 (Searched:2/3, SearchCost:0.02, BestProfit:0.16@F0) → Purchase F0",0.14,0.049,"[0.74, 0.42, 0.13]"
3,2,C20,False,"No, privacy cost (0.045) exceeds potential maximum search cost savings (0.04).",1,"### Decision:
I'll **purchase Firm 1** (choose number 1) because: 
- Searched firm offers positive profit of 0.17.
- Additional search cost of 0.02 with uncertain benefit.","C20 Search #1 (Searched:1/3, SearchCost:0.00, BestProfit:0.17@F1) → Purchase F1",0.17,0.045,"[0.06, 0.75, 0.95]"
3,3,C1,True,"Yes, expected search cost savings from personalized recommendations exceed privacy cost of 0.031.",2,"### Decision:
I'll **purchase Firm 2** (choose number 2) because: 
- Current firm offers positive profit of 0.2.
- Additional search costs 0.02 with low expected benefit due to personalized sorting.","C1 Search #1 (Searched:1/3, SearchCost:0.00, BestProfit:0.20@F2) → Purchase F2",0.17,0.031,"[0.33, 0.57, 0.8]"
3,3,C2,False,"No, privacy cost (0.053) exceeds maximum potential search cost savings (0.04).",1,"### Decision:
I'll **purchase Firm 1** (choose number 1) because: 
- Firm 1 offers a positive profit of 0.33, making it rational to buy immediately.
- Searching further would cost 0.02 with uncertain benefits, potentially reducing net revenue.","C2 Search #1 (Searched:1/3, SearchCost:0.00, BestProfit:0.33@F1) → Purchase F1",0.33,0.053,"[0.33, 0.91, 0.3]"
3,3,C3,True,"Yes, because privacy cost (0.036) is less than potential search cost savings (up to 0.04), and personalized recommendations with three firms can enhance deal quality and reduce searches.",1,"### Decision:  
I'll **purchase Firm 1** (choose number 1) because:  
- Firm 1 offers positive profit of 0.13, requiring purchase per rationality rule.  
- With data sharing and personalized sorting, further searches are unlikely to improve profit and would incur additional cost.","C3 Search #1 (Searched:1/3, SearchCost:0.00, BestProfit:0.13@F1) → Purchase F1",0.09,0.036,"[0.31, 0.71, 0.67]"
3,3,C4,False,"No, privacy cost (0.055) exceeds maximum potential search cost savings (0.04).",-1,"### Decision:
I'll **leave** (choose number -1) because: 
- Searched firm shows large negative profit (-0.45), indicating poor value.
- History of negative profits across searches suggests low chance of finding a profitable option, making further search costly and unproductive.","C4 Search #1 (Searched:1/3, SearchCost:0.00, BestProfit:-0.45@F1) → Leave Market",0.0,0.055,"[0.33, 0.13, 0.54]"
3,3,C5,True,"Yes, because with 3 firms, personalized recommendations significantly reduce expected search costs, likely exceeding the privacy cost of 0.027.",2,"### Decision:
I'll **purchase Firm 2** (choose number 2) because: 
- Firm 2 offers a positive profit of 0.31, ensuring immediate gain.
- Additional search costs 0.02 and is unlikely to yield a better deal due to personalized sorting.","C5 Search #1 (Searched:1/3, SearchCost:0.00, BestProfit:0.31@F2) → Purchase F2",0.28,0.027,"[0.25, 0.23, 0.91]"
3,3,C6,True,"Yes, because potential search cost savings (up to 0.04) and better matching from recommendations with 3 firms outweigh the privacy cost of 0.026.",-1,"### Decision:
I'll **leave** (choose number -1) because: 
- The searched firm has negative profit (-0.01).
- Additional search costs 0.02 with low expected gain from lower-valuation firms.","C6 Search #1 (Searched:1/3, SearchCost:0.00, BestProfit:-0.01@F0) → Leave Market",-0.03,0.026,"[0.59, 0.26, 0.42]"
3,3,C7,True,"Yes, because personalized recommendations with 3 firms can significantly reduce search costs, likely offsetting the privacy cost of 0.029.",2,"### Decision:
I'll **purchase Firm 2** (choose number 2) because: 
- Positive profit of 0.18 available
- Sorted recommendations indicate unlikely improvement, making additional search cost unjustified","C7 Search #1 (Searched:1/3, SearchCost:0.00, BestProfit:0.18@F2) → Purchase F2",0.15,0.029,"[0.56, 0.54, 0.78]"
3,3,C8,True,"Yes, because privacy cost (0.026) is less than potential search cost savings from personalized recommendations with 3 firms.",-1,"### Decision:
I'll **leave** (choose number -1) because: 
- The searched firm has negative profit, indicating no good deals.
- Additional search cost of 0.02 is unlikely to be offset by better options given sorted valuations.","C8 Search #1 (Searched:1/3, SearchCost:0.00, BestProfit:-0.08@F1) → Leave Market",-0.03,0.026,"[0.16, 0.5, 0.0]"
3,3,C9,True,"Yes, potential search cost savings (up to 0.04) exceed privacy cost (0.033).",-1,"### Decision:
I'll **leave** (choose number -1) because: 
- The searched firm has negative profit (-0.14), indicating no good deals.
- With data-shared sorting, further searches are likely worse and would incur a 0.02 cost, reducing revenue.","C9 Search #1 (Searched:1/3, SearchCost:0.00, BestProfit:-0.14@F1) → Leave Market",-0.03,0.033,"[0.13, 0.44, 0.28]"
3,3,C10,False,"No, because privacy cost (0.049) exceeds maximum potential search cost savings (0.04).",-1,"### Decision:
I'll **leave** (choose number -1) because: 
- Searched firm has negative profit (-0.59).
- Past rounds show consistent negative profits, so additional search cost (0.02) is not justified.","C10 Search #1 (Searched:1/3, SearchCost:0.00, BestProfit:-0.59@F0) → Leave Market",0.0,0.049,"[0.01, 0.32, 0.31]"
3,3,C11,True,"Yes, because potential search cost savings from personalized recommendations with 3 firms outweigh the privacy cost of 0.032.",0,"### Decision:
I'll **purchase Firm 0** (choose number 0) because: 
- Firm 0 offers positive profit of 0.07.
- With personalized recommendations, additional search is unlikely to improve the deal significantly.","C11 Search #1 (Searched:1/3, SearchCost:0.00, BestProfit:0.05@F0) → Purchase F0",0.02,0.032,"[0.65, 0.36, 0.03]"
3,3,C12,False,"No, privacy cost (0.045) exceeds maximum potential search cost savings (0.04).",-1,"### Decision:
I'll **leave** (choose number -1) because: 
- Both searched firms offer negative profit
- Searching incurs additional cost with uncertain benefit","C12 Search #1 (Searched:1/3, SearchCost:0.00, BestProfit:-0.41@F2) → Search Next; C12 Search #2 (Searched:2/3, SearchCost:0.02, BestProfit:-0.41@F1) → Leave Market",-0.02,0.045,"[0.85, 0.17, 0.19]"
3,3,C13,False,"No, privacy cost (0.04) equals maximum potential search cost savings (0.04), so no net benefit.",0,"### Decision:
I'll **purchase Firm 0** (choose number 0) because: 
- It provides the highest profit of 0.17 among searched firms.
- Searching again costs 0.02 with uncertain gains, likely reducing net revenue.","C13 Search #1 (Searched:1/3, SearchCost:0.00, BestProfit:0.04@F1) → Search Next; C13 Search #2 (Searched:2/3, SearchCost:0.02, BestProfit:0.17@F0) → Purchase F0",0.15,0.04,"[0.77, 0.62, 0.54]"
3,3,C14,True,"Yes, because the privacy cost of 0.032 is less than the maximum potential search cost savings of 0.04, and personalized recommendations with 3 firms can significantly reduce search costs and improve deal-finding efficiency.",-1,"### Decision:
I'll **leave** (choose number -1) because: 
- Searched firm has negative profit (-0.09).
- Expected profit from additional searches is likely negative, based on historical outcomes.","C14 Search #1 (Searched:1/3, SearchCost:0.00, BestProfit:-0.09@F1) → Leave Market",-0.03,0.032,"[0.27, 0.49, 0.48]"
3,3,C15,False,"No, privacy cost (0.043) exceeds maximum potential search cost savings (0.04).",1,"### Decision:
I'll **purchase Firm 1** (choose number 1) because: 
- Positive profit of 0.26 available.
- Additional search cost of 0.02 unlikely to yield better profit.","C15 Search #1 (Searched:1/3, SearchCost:0.00, BestProfit:-0.41@F2) → Search Next; C15 Search #2 (Searched:2/3, SearchCost:0.02, BestProfit:0.26@F1) → Purchase F1",0.24,0.043,"[0.4, 0.84, 0.19]"
3,3,C16,True,"Yes, privacy cost of 0.034 is less than maximum search cost savings of 0.04, and personalized recommendations reduce searches and improve valuation.",-1,"### Decision:  
I'll **leave** (choose number -1) because:  
- Searched firm has negative profit.  
- Highest valuation option is unprofitable, so further search unlikely to yield gains.","C16 Search #1 (Searched:1/3, SearchCost:0.00, BestProfit:-0.24@F2) → Leave Market",-0.03,0.034,"[0.33, 0.05, 0.36]"
3,3,C17,False,"No, privacy cost (0.044) slightly exceeds maximum potential search cost savings (0.04).",-1,"### Decision:
I'll **leave** (choose number -1) because: 
- Searched firm has negative profit (-0.38).
- Additional search costs 0.02 with low chance of positive profit.","C17 Search #1 (Searched:1/3, SearchCost:0.00, BestProfit:-0.38@F2) → Leave Market",0.0,0.044,"[0.15, 0.27, 0.22]"
3,3,C18,False,"No, privacy cost (0.051) exceeds maximum potential search cost savings (0.04).",1,"### Decision:
I'll **purchase Firm 1** (choose number 1) because: 
- It offers a positive profit of 0.30
- Searching further costs 0.02 with uncertain improvement","C18 Search #1 (Searched:1/3, SearchCost:0.00, BestProfit:-0.16@F2) → Search Next; C18 Search #2 (Searched:2/3, SearchCost:0.02, BestProfit:0.30@F1) → Purchase F1",0.28,0.051,"[0.15, 0.88, 0.44]"
3,3,C19,False,"No, privacy cost (0.049) exceeds maximum potential search cost savings (0.04).",0,"### Decision:
I'll **purchase Firm 0** because: 
- It offers a positive profit of 0.14, which I must act on per rationality rule.
- Other firms have negative profits, making this the best option.","C19 Search #1 (Searched:1/3, SearchCost:0.00, BestProfit:-0.47@F2) → Search Next; C19 Search #2 (Searched:2/3, SearchCost:0.02, BestProfit:-0.16@F1) → Search Next; C19 Search #3 (Searched:3/3, SearchCost:0.04, BestProfit:0.14@F0) → Purchase F0",0.1,0.049,"[0.74, 0.42, 0.13]"
3,3,C20,False,"No, privacy cost (0.045) exceeds maximum potential search cost savings (0.04).",2,"### Decision:
I'll **purchase Firm 2** (choose number 2) because: 
- Firm 2 offers positive profit of 0.35.
- Additional search costs 0.02 with uncertain benefit.","C20 Search #1 (Searched:1/3, SearchCost:0.00, BestProfit:-0.54@F0) → Search Next; C20 Search #2 (Searched:2/3, SearchCost:0.02, BestProfit:0.35@F2) → Purchase F2",0.33,0.045,"[0.06, 0.75, 0.95]"
3,4,C1,True,"Yes, expected reductions in search costs and better product matching with personalized recommendations for 3 firms outweigh the privacy cost of 0.031.",2,"### Decision:
I'll **purchase Firm 2** (choose number 2) because: 
- Current firm offers positive profit of 0.18.
- Additional search costs 0.02 with low expected benefit due to personalized sorting.","C1 Search #1 (Searched:1/3, SearchCost:0.00, BestProfit:0.18@F2) → Purchase F2",0.15,0.031,"[0.33, 0.57, 0.8]"
3,4,C2,False,"No, privacy cost (0.053) exceeds maximum potential search cost savings (0.04).",-1,"### Decision:
I'll **leave** (choose number -1) because: 
- Both searched firms have negative profits.
- Additional search cost of 0.02 is unlikely to yield a positive outcome, increasing potential losses.","C2 Search #1 (Searched:1/3, SearchCost:0.00, BestProfit:-0.32@F2) → Search Next; C2 Search #2 (Searched:2/3, SearchCost:0.02, BestProfit:-0.27@F0) → Leave Market",-0.02,0.053,"[0.33, 0.91, 0.3]"
3,4,C3,True,"Yes, because privacy cost (0.036) is less than maximum potential search cost savings (0.04) with personalized recommendations for three firms.",1,"### Decision:  
I'll **purchase Firm 1** (choose number 1) because:  
- Firm 1 offers positive profit of 0.11, requiring purchase per rationality rule.  
- With data sharing and personalized sorting, further searches are unlikely to improve profit and would incur additional cost of 0.02.","C3 Search #1 (Searched:1/3, SearchCost:0.00, BestProfit:0.11@F1) → Purchase F1",0.07,0.036,"[0.31, 0.71, 0.67]"
3,4,C4,False,"No, privacy cost (0.055) exceeds maximum potential search cost savings (0.04).",-1,"### Decision:
I'll **leave** (choose number -1) because: 
- Searched firm has negative profit (-0.47), offering no gain.
- History of negative profits suggests low chance of finding a profitable option, making further search costly.","C4 Search #1 (Searched:1/3, SearchCost:0.00, BestProfit:-0.47@F1) → Leave Market",0.0,0.055,"[0.33, 0.13, 0.54]"
3,4,C5,True,"Yes, because privacy cost (0.027) is less than maximum potential search cost savings (0.04).",2,"### Decision:  
I'll **purchase Firm 2** (choose number 2) because:  
- Firm 2 offers a positive profit of 0.29.  
- Additional search costs 0.02 and is unlikely to yield a better deal due to personalized sorting.","C5 Search #1 (Searched:1/3, SearchCost:0.00, BestProfit:0.29@F2) → Purchase F2",0.26,0.027,"[0.25, 0.23, 0.91]"
3,4,C6,True,"Yes, because potential search cost savings (up to 0.04) exceed privacy cost (0.026).",-1,"### Decision:
I'll **leave** (choose number -1) because: 
- The searched firm has negative profit (-0.01).
- Additional search costs 0.02 with low expected gain from lower-valuation firms in sorted sequence.","C6 Search #1 (Searched:1/3, SearchCost:0.00, BestProfit:-0.01@F0) → Leave Market",-0.03,0.026,"[0.59, 0.26, 0.42]"
3,4,C7,True,"Yes, because with 3 firms, personalized recommendations can reduce search costs by up to 0.04, likely exceeding the privacy cost of 0.029.",2,"### Decision:
I'll **purchase Firm 2** (choose number 2) because: 
- Positive profit of 0.16 available
- Sorted recommendations make additional search unlikely to improve deal, avoiding extra cost","C7 Search #1 (Searched:1/3, SearchCost:0.00, BestProfit:0.16@F2) → Purchase F2",0.13,0.029,"[0.56, 0.54, 0.78]"
3,4,C8,True,"Yes, because privacy cost (0.026) is less than maximum potential search cost savings (0.04).",-1,"### Decision:
I'll **leave** (choose number -1) because: 
- The searched firm has negative profit, indicating no good deals.
- Additional search cost of 0.02 is unlikely to yield better options with decreasing valuations.","C8 Search #1 (Searched:1/3, SearchCost:0.00, BestProfit:-0.10@F1) → Leave Market",-0.03,0.026,"[0.16, 0.5, 0.0]"
3,4,C9,True,"Yes, because potential search cost savings (up to 0.04) exceed privacy cost (0.033).",-1,"### Decision:
I'll **leave** (choose number -1) because: 
- The searched firm has negative profit (-0.16), indicating no good deals.
- With sorted recommendations, further searches would cost 0.02 and likely yield worse outcomes, reducing revenue.","C9 Search #1 (Searched:1/3, SearchCost:0.00, BestProfit:-0.16@F1) → Leave Market",-0.03,0.033,"[0.13, 0.44, 0.28]"
3,4,C10,False,"No, privacy cost (0.049) exceeds maximum potential search cost savings (0.04).",-1,"### Decision:
I'll **leave** (choose number -1) because: 
- Searched firm has negative profit (-0.59).
- Past rounds show consistent negative profits, making further search unjustified.","C10 Search #1 (Searched:1/3, SearchCost:0.00, BestProfit:-0.59@F0) → Leave Market",0.0,0.049,"[0.01, 0.32, 0.31]"
3,4,C11,True,"Yes, because with 3 firms, personalized recommendations significantly reduce expected search costs, likely exceeding the privacy cost of 0.032.",0,"### Decision:
I'll **purchase Firm 0** (choose number 0) because: 
- Firm 0 offers positive profit of 0.05.
- With personalized recommendations, additional search is unlikely to yield better profit.","C11 Search #1 (Searched:1/3, SearchCost:0.00, BestProfit:0.05@F0) → Purchase F0",0.02,0.032,"[0.65, 0.36, 0.03]"
3,4,C12,False,"No, privacy cost (0.045) exceeds maximum potential search cost savings (0.04).",0,"### Decision:
I'll **purchase Firm 0** (choose number 0) because: 
- It offers a positive profit of 0.25
- Searching incurs additional cost with uncertain benefit","C12 Search #1 (Searched:1/3, SearchCost:0.00, BestProfit:-0.43@F2) → Search Next; C12 Search #2 (Searched:2/3, SearchCost:0.02, BestProfit:0.25@F0) → Purchase F0",0.23,0.045,"[0.85, 0.17, 0.19]"
3,4,C13,False,"No, privacy cost equals maximum potential search cost savings.",0,"### Decision:
I'll **purchase Firm 0** (choose number 0) because: 
- It offers a positive profit of 0.17.
- Searching further costs 0.02 with uncertain gains, likely reducing net revenue.","C13 Search #1 (Searched:1/3, SearchCost:0.00, BestProfit:-0.08@F2) → Search Next; C13 Search #2 (Searched:2/3, SearchCost:0.02, BestProfit:0.17@F0) → Purchase F0",0.15,0.04,"[0.77, 0.62, 0.54]"
3,4,C14,True,"Yes, because privacy cost (0.032) is less than maximum potential search cost savings (0.04), and personalized recommendations with 3 firms can reduce search costs effectively.",-1,"### Decision:
I'll **leave** (choose number -1) because: 
- Searched firm has negative profit (-0.11).
- Historical patterns show low expected profit from more searches, outweighing 0.02 search cost.","C14 Search #1 (Searched:1/3, SearchCost:0.00, BestProfit:-0.11@F1) → Leave Market",-0.03,0.032,"[0.27, 0.49, 0.48]"
3,4,C15,False,"No, privacy cost (0.043) exceeds maximum potential search cost savings (0.04).",1,"### Decision:
I'll **purchase Firm 1** (choose number 1) because: 
- Positive profit of 0.24 available.
- All firms searched, no better options.","C15 Search #1 (Searched:1/3, SearchCost:0.00, BestProfit:-0.20@F0) → Search Next; C15 Search #2 (Searched:2/3, SearchCost:0.02, BestProfit:-0.20@F0) → Search Next; C15 Search #3 (Searched:3/3, SearchCost:0.04, BestProfit:0.24@F1) → Purchase F1",0.2,0.043,"[0.4, 0.84, 0.19]"
3,4,C16,True,"Yes, because privacy cost (0.034) is less than maximum potential search cost savings (0.04).",-1,"### Decision:
I'll **leave** (choose number -1) because: 
- Searched firm has negative profit and highest expected valuation.
- Further search unlikely to yield gains, given search cost and history.","C16 Search #1 (Searched:1/3, SearchCost:0.00, BestProfit:-0.26@F2) → Leave Market",-0.03,0.034,"[0.33, 0.05, 0.36]"
3,4,C17,False,"No, privacy cost (0.044) exceeds maximum potential search cost savings (0.04).",-1,"### Decision:
I'll **leave** (choose number -1) because: 
- Searched firm has negative profit (-0.33).
- Additional search costs 0.02 with low chance of positive profit based on history.","C17 Search #1 (Searched:1/3, SearchCost:0.00, BestProfit:-0.33@F1) → Leave Market",0.0,0.044,"[0.15, 0.27, 0.22]"
3,4,C18,False,"No, privacy cost (0.051) exceeds maximum potential search cost savings (0.04).",1,"### Decision:
I'll **purchase Firm 1** (choose number 1) because: 
- It offers a positive profit of 0.28
- Searching further costs 0.02 with uncertain improvement","C18 Search #1 (Searched:1/3, SearchCost:0.00, BestProfit:-0.45@F0) → Search Next; C18 Search #2 (Searched:2/3, SearchCost:0.02, BestProfit:0.28@F1) → Purchase F1",0.26,0.051,"[0.15, 0.88, 0.44]"
3,4,C19,False,"No, privacy cost (0.049) exceeds maximum potential search cost savings (0.04).",0,"### Decision:
I'll **purchase Firm 0** because: 
- It offers a positive profit of 0.14.
- Rationality rule requires me to buy if positive profit is available.","C19 Search #1 (Searched:1/3, SearchCost:0.00, BestProfit:-0.18@F1) → Search Next; C19 Search #2 (Searched:2/3, SearchCost:0.02, BestProfit:-0.18@F1) → Search Next; C19 Search #3 (Searched:3/3, SearchCost:0.04, BestProfit:0.14@F0) → Purchase F0",0.1,0.049,"[0.74, 0.42, 0.13]"
3,4,C20,False,"No, privacy cost (0.045) exceeds maximum potential search cost savings (0.04).",2,"### Decision:
I'll **purchase Firm 2** (choose number 2) because: 
- Current firm offers high positive profit of 0.33.
- Additional search cost of 0.02 with uncertain benefit.","C20 Search #1 (Searched:1/3, SearchCost:0.00, BestProfit:0.33@F2) → Purchase F2",0.33,0.045,"[0.06, 0.75, 0.95]"
3,5,C1,True,"Yes, because privacy cost (0.031) is less than maximum potential search cost savings (0.04).",2,"### Decision:  
I'll **purchase Firm 2** (choose number 2) because:  
- Current firm offers positive profit of 0.16.  
- Additional search costs 0.02 with low expected benefit due to personalized sorting.","C1 Search #1 (Searched:1/3, SearchCost:0.00, BestProfit:0.16@F2) → Purchase F2",0.13,0.031,"[0.33, 0.57, 0.8]"
3,5,C2,False,"No, privacy cost (0.053) exceeds maximum potential search cost savings (0.04).",1,"### Decision:
I'll **purchase Firm 1** (choose number 1) because: 
- Firm 1 offers a positive profit of 0.33, making it rational to buy immediately.
- Searching further would cost 0.02 with uncertain benefits, potentially reducing net revenue.","C2 Search #1 (Searched:1/3, SearchCost:0.00, BestProfit:0.33@F1) → Purchase F1",0.33,0.053,"[0.33, 0.91, 0.3]"
3,5,C3,True,"Yes, because privacy cost (0.036) is less than maximum potential search cost savings (0.04).",1,"### Decision:
I'll **purchase Firm 1** (choose number 1) because: 
- Firm 1 offers positive profit of 0.13, requiring purchase per rationality rule.
- With data sharing and personalized sorting, further searches are unlikely to improve profit and would incur additional cost of 0.02.","C3 Search #1 (Searched:1/3, SearchCost:0.00, BestProfit:0.13@F1) → Purchase F1",0.09,0.036,"[0.31, 0.71, 0.67]"
3,5,C4,False,"No, privacy cost (0.055) exceeds maximum potential search cost savings (0.04).",-1,"### Decision:
I'll **leave** (choose number -1) because: 
- Searched firm has large negative profit (-0.45), offering no gain.
- History of negative profits suggests low chance of finding a profitable option, making further search costly.","C4 Search #1 (Searched:1/3, SearchCost:0.00, BestProfit:-0.45@F1) → Leave Market",0.0,0.055,"[0.33, 0.13, 0.54]"
3,5,C5,True,"Yes, because privacy cost (0.027) is less than maximum potential search cost savings (0.04).",2,"### Decision:  
I'll **purchase Firm 2** (choose number 2) because:  
- Firm 2 offers a positive profit of 0.27.  
- Additional search costs 0.02 and is unlikely to yield a better deal due to personalized sorting.","C5 Search #1 (Searched:1/3, SearchCost:0.00, BestProfit:0.27@F2) → Purchase F2",0.24,0.027,"[0.25, 0.23, 0.91]"
3,5,C6,True,"Yes, because potential search cost savings (up to 0.04) exceed privacy cost (0.026).",-1,"### Decision:
I'll **leave** (choose number -1) because: 
- The searched firm has negative profit (-0.03).
- Additional search costs 0.02 with low expected gain from lower-valuation firms in sorted sequence.","C6 Search #1 (Searched:1/3, SearchCost:0.00, BestProfit:-0.03@F0) → Leave Market",-0.03,0.026,"[0.59, 0.26, 0.42]"
3,5,C7,True,"Yes, because privacy cost (0.029) is less than maximum potential search cost savings (0.04).",2,"### Decision:
I'll **purchase Firm 2** (choose number 2) because: 
- Positive profit of 0.14 available
- Sorted recommendations make additional search unlikely to yield better deal, avoiding extra cost","C7 Search #1 (Searched:1/3, SearchCost:0.00, BestProfit:0.14@F2) → Purchase F2",0.11,0.029,"[0.56, 0.54, 0.78]"
3,5,C8,True,"Yes, because privacy cost (0.026) is less than maximum potential search cost savings (0.04).",-1,"### Decision:
I'll **leave** (choose number -1) because: 
- The searched firm has negative profit, indicating no good deals.
- With sorted decreasing valuations, additional searches are unlikely to yield positive profit, and the 0.02 search cost outweighs potential gains.","C8 Search #1 (Searched:1/3, SearchCost:0.00, BestProfit:-0.08@F1) → Leave Market",-0.03,0.026,"[0.16, 0.5, 0.0]"
3,5,C9,True,"Yes, because privacy cost (0.033) is less than maximum potential search cost savings (0.04).",-1,"### Decision:
I'll **leave** (choose number -1) because: 
- The searched firm has negative profit (-0.14), offering no good deal.
- With sorted recommendations from data sharing, further searches would likely yield worse outcomes and cost 0.02, reducing revenue.","C9 Search #1 (Searched:1/3, SearchCost:0.00, BestProfit:-0.14@F1) → Leave Market",-0.03,0.033,"[0.13, 0.44, 0.28]"
3,5,C10,False,"No, privacy cost (0.049) exceeds maximum potential search cost savings (0.04).",-1,"### Decision:
I'll **leave** (choose number -1) because: 
- The searched firm has a negative profit of -0.61.
- Past rounds show consistent negative profits, so additional search cost (0.02) is unjustified.","C10 Search #1 (Searched:1/3, SearchCost:0.00, BestProfit:-0.61@F0) → Leave Market",0.0,0.049,"[0.01, 0.32, 0.31]"
3,5,C11,True,"Yes, because privacy cost (0.032) is less than maximum potential search cost savings (0.04).",0,"### Decision:
I'll **purchase Firm 0** (choose number 0) because: 
- Firm 0 offers positive profit of 0.03.
- With personalized recommendations, additional search is unlikely to yield better profit.","C11 Search #1 (Searched:1/3, SearchCost:0.00, BestProfit:0.03@F0) → Purchase F0",0.0,0.032,"[0.65, 0.36, 0.03]"
3,5,C12,False,"No, privacy cost (0.045) exceeds maximum potential search cost savings (0.04).",0,"### Decision:
I'll **purchase Firm 0** (choose number 0) because: 
- It offers a positive profit of 0.23
- Searching further would incur additional cost with uncertain improvement","C12 Search #1 (Searched:1/3, SearchCost:0.00, BestProfit:-0.45@F2) → Search Next; C12 Search #2 (Searched:2/3, SearchCost:0.02, BestProfit:0.23@F0) → Purchase F0",0.21,0.045,"[0.85, 0.17, 0.19]"
3,5,C13,False,"No, privacy cost (0.04) equals maximum potential search cost savings (0.04), so no net benefit.",0,"### Decision:
I'll **purchase Firm 0** (choose number 0) because: 
- It offers a positive profit of 0.15.
- Further search costs 0.02 with uncertain gains, likely reducing net revenue.","C13 Search #1 (Searched:1/3, SearchCost:0.00, BestProfit:0.15@F0) → Purchase F0",0.15,0.04,"[0.77, 0.62, 0.54]"
3,5,C14,True,"Yes, because privacy cost (0.032) is less than maximum potential search cost savings (0.04), and personalized recommendations with 3 firms can reduce search costs effectively.",-1,"### Decision:
I'll **leave** (choose number -1) because: 
- Searched firm has negative profit (-0.09).
- Personalized recommendations suggest unlikely improvement, outweighing 0.02 search cost.","C14 Search #1 (Searched:1/3, SearchCost:0.00, BestProfit:-0.09@F1) → Leave Market",-0.03,0.032,"[0.27, 0.49, 0.48]"
3,5,C15,False,"No, privacy cost (0.043) exceeds maximum potential search cost savings (0.04).",1,"### Decision:
I'll **purchase Firm 1** (choose number 1) because: 
- Positive profit of 0.26 available.
- All firms searched, no better options.","C15 Search #1 (Searched:1/3, SearchCost:0.00, BestProfit:-0.22@F0) → Search Next; C15 Search #2 (Searched:2/3, SearchCost:0.02, BestProfit:-0.22@F0) → Search Next; C15 Search #3 (Searched:3/3, SearchCost:0.04, BestProfit:0.26@F1) → Purchase F1",0.22,0.043,"[0.4, 0.84, 0.19]"
3,5,C16,True,"Yes, because privacy cost (0.034) is less than maximum potential search cost savings (0.04).",-1,"### Decision:
I'll **leave** (choose number -1) because: 
- Searched firm has negative profit and highest valuation.
- Further search unlikely to yield gains, given cost and history.","C16 Search #1 (Searched:1/3, SearchCost:0.00, BestProfit:-0.28@F2) → Leave Market",-0.03,0.034,"[0.33, 0.05, 0.36]"
3,5,C17,False,"No, privacy cost (0.044) exceeds maximum potential search cost savings (0.04).",-1,"### Decision:
I'll **leave** (choose number -1) because: 
- The searched firm has negative profit (-0.31).
- Additional search costs 0.02 with low chance of positive profit based on consistent historical negatives.","C17 Search #1 (Searched:1/3, SearchCost:0.00, BestProfit:-0.31@F1) → Leave Market",0.0,0.044,"[0.15, 0.27, 0.22]"
3,5,C18,False,"No, privacy cost (0.051) exceeds maximum potential search cost savings (0.04).",1,"### Decision:
I'll **purchase Firm 1** (choose number 1) because: 
- It offers a positive profit of 0.30
- Searching further costs 0.02 with uncertain improvement","C18 Search #1 (Searched:1/3, SearchCost:0.00, BestProfit:-0.20@F2) → Search Next; C18 Search #2 (Searched:2/3, SearchCost:0.02, BestProfit:0.30@F1) → Purchase F1",0.28,0.051,"[0.15, 0.88, 0.44]"
3,5,C19,False,"No, privacy cost (0.049) exceeds maximum potential search cost savings (0.04).",0,"### Decision:
I'll **purchase Firm 0** because: 
- It offers a positive profit of 0.12.
- Rationality rule requires buying if positive profit is available.","C19 Search #1 (Searched:1/3, SearchCost:0.00, BestProfit:-0.16@F1) → Search Next; C19 Search #2 (Searched:2/3, SearchCost:0.02, BestProfit:-0.16@F1) → Search Next; C19 Search #3 (Searched:3/3, SearchCost:0.04, BestProfit:0.12@F0) → Purchase F0",0.08,0.049,"[0.74, 0.42, 0.13]"
3,5,C20,False,"No, privacy cost (0.045) exceeds maximum potential search cost savings (0.04).",2,"### Decision:
I'll **purchase Firm 2** (choose number 2) because: 
- Current firm offers positive profit of 0.31.
- Additional search costs 0.02 with uncertain benefit.","C20 Search #1 (Searched:1/3, SearchCost:0.00, BestProfit:0.31@F2) → Purchase F2",0.31,0.045,"[0.06, 0.75, 0.95]"
3,6,C1,True,"Yes, because privacy cost (0.031) is less than maximum potential search cost savings (0.04).",2,"### Decision:
I'll **purchase Firm 2** (choose number 2) because: 
- Current firm offers positive profit of 0.14.
- Additional search costs 0.02 with low expected benefit due to personalized sorting.","C1 Search #1 (Searched:1/3, SearchCost:0.00, BestProfit:0.14@F2) → Purchase F2",0.11,0.031,"[0.33, 0.57, 0.8]"
3,6,C2,False,"No, privacy cost (0.053) exceeds maximum potential search cost savings (0.04).",1,"### Decision:
I'll **purchase Firm 1** (choose number 1) because: 
- Firm 1 offers a positive profit of 0.31, making it rational to buy immediately.
- Searching further would cost 0.02 with uncertain benefits, potentially reducing net revenue.","C2 Search #1 (Searched:1/3, SearchCost:0.00, BestProfit:0.31@F1) → Purchase F1",0.31,0.053,"[0.33, 0.91, 0.3]"
3,6,C3,False,"No, privacy cost (0.036) likely exceeds expected search cost savings, which are minimal with few searches typically needed.",1,"### Decision:  
I'll **purchase Firm 1** (choose number 1) because:  
- Firm 1 offers positive profit of 0.11.  
- Rationality rule requires buying when positive profit is available, and further search adds cost with uncertain benefit.","C3 Search #1 (Searched:1/3, SearchCost:0.00, BestProfit:-0.33@F0) → Search Next; C3 Search #2 (Searched:2/3, SearchCost:0.02, BestProfit:0.11@F1) → Purchase F1",0.09,0.036,"[0.31, 0.71, 0.67]"
3,6,C4,False,"No, privacy cost (0.055) exceeds maximum potential search cost savings (0.04).",-1,"### Decision:
I'll **leave** (choose number -1) because: 
- Searched firm has negative profit (-0.12), offering no gain.
- History of negative profits across searches suggests low chance of finding a profitable option, making further search costly.","C4 Search #1 (Searched:1/3, SearchCost:0.00, BestProfit:-0.12@F2) → Leave Market",0.0,0.055,"[0.33, 0.13, 0.54]"
3,6,C5,True,"Yes, because privacy cost (0.027) is less than maximum potential search cost savings (0.04), making sharing beneficial for reducing search costs.",2,"### Decision:  
I'll **purchase Firm 2** (choose number 2) because:  
- Firm 2 offers a positive profit of 0.25.  
- Additional search costs 0.02 and is unlikely to yield a better deal due to personalized sorting.","C5 Search #1 (Searched:1/3, SearchCost:0.00, BestProfit:0.25@F2) → Purchase F2",0.22,0.027,"[0.25, 0.23, 0.91]"
3,6,C6,True,"Yes, because potential search cost savings (up to 0.04) exceed privacy cost (0.026).",-1,"### Decision:
I'll **leave** (choose number -1) because: 
- The searched firm has negative profit (-0.05).
- Additional searches cost 0.02 and are unlikely to yield positive profit given the sorted recommendation sequence.","C6 Search #1 (Searched:1/3, SearchCost:0.00, BestProfit:-0.05@F0) → Leave Market",-0.03,0.026,"[0.59, 0.26, 0.42]"
3,6,C7,True,"Yes, because privacy cost (0.029) is less than maximum potential search cost savings (0.04) with personalized recommendations for 3 firms.",2,"### Decision:
I'll **purchase Firm 2** (choose number 2) because: 
- Positive profit of 0.12 available
- Sorted recommendations make additional search unlikely to yield better deal, avoiding extra cost","C7 Search #1 (Searched:1/3, SearchCost:0.00, BestProfit:0.12@F2) → Purchase F2",0.09,0.029,"[0.56, 0.54, 0.78]"
3,6,C8,True,"Yes, because privacy cost (0.026) is less than maximum potential search cost savings (0.04).",-1,"### Decision:
I'll **leave** (choose number -1) because: 
- The searched firm has negative profit, indicating no good deals.
- With sorted decreasing valuations from data sharing, additional searches are unlikely to yield positive profit, and the 0.02 search cost would increase losses.","C8 Search #1 (Searched:1/3, SearchCost:0.00, BestProfit:-0.10@F1) → Leave Market",-0.03,0.026,"[0.16, 0.5, 0.0]"
3,6,C9,True,"Yes, because potential search cost savings (up to 0.04) exceed privacy cost (0.033).",-1,"### Decision:
I'll **leave** (choose number -1) because: 
- The searched firm has negative profit (-0.16), offering no good deal.
- With data-shared sorting, further searches would cost 0.02 and likely yield worse outcomes, reducing revenue.","C9 Search #1 (Searched:1/3, SearchCost:0.00, BestProfit:-0.16@F1) → Leave Market",-0.03,0.033,"[0.13, 0.44, 0.28]"
3,6,C10,False,"No, privacy cost (0.049) exceeds maximum potential search cost savings (0.04).",-1,"### Decision:
I'll **leave** (choose number -1) because: 
- The searched firm has a negative profit of -0.35.
- Historical rounds consistently show negative profits, making additional search costly and unpromising.","C10 Search #1 (Searched:1/3, SearchCost:0.00, BestProfit:-0.35@F2) → Leave Market",0.0,0.049,"[0.01, 0.32, 0.31]"
3,6,C11,True,"Yes, because privacy cost (0.032) is less than maximum potential search cost savings (0.04).",0,"### Decision:
I'll **purchase Firm 0** (choose number 0) because: 
- Firm 0 offers positive profit of 0.01.
- With personalized recommendations, additional search is unlikely to improve the deal.","C11 Search #1 (Searched:1/3, SearchCost:0.00, BestProfit:0.01@F0) → Purchase F0",-0.02,0.032,"[0.65, 0.36, 0.03]"
3,6,C12,False,"No, privacy cost (0.045) exceeds maximum potential search cost savings (0.04).",0,"### Decision:
I'll **purchase Firm 0** (choose number 0) because: 
- Positive profit of 0.21 available
- Additional search cost unlikely to yield better outcome","C12 Search #1 (Searched:1/3, SearchCost:0.00, BestProfit:-0.43@F1) → Search Next; C12 Search #2 (Searched:2/3, SearchCost:0.02, BestProfit:0.21@F0) → Purchase F0",0.19,0.045,"[0.85, 0.17, 0.19]"
3,6,C13,False,"No, privacy cost equals maximum potential search cost savings, so no net benefit.",0,"### Decision:
I'll **purchase Firm 0** (choose number 0) because: 
- It offers a positive profit of 0.13.
- Searching costs 0.02 with uncertain gains, likely reducing net revenue.","C13 Search #1 (Searched:1/3, SearchCost:0.00, BestProfit:0.13@F0) → Purchase F0",0.13,0.04,"[0.77, 0.62, 0.54]"
3,6,C14,True,"Yes, because privacy cost (0.032) is less than maximum potential search cost savings (0.04), making sharing beneficial for reducing search costs.",-1,"### Decision:
I'll **leave** (choose number -1) because: 
- Searched firm has negative profit (-0.11).
- As the best option due to data sharing, further searches unlikely to yield positive profit, outweighing 0.02 search cost.","C14 Search #1 (Searched:1/3, SearchCost:0.00, BestProfit:-0.11@F1) → Leave Market",-0.03,0.032,"[0.27, 0.49, 0.48]"
3,6,C15,False,"No, privacy cost (0.043) exceeds maximum potential search cost savings (0.04).",1,"### Decision:
I'll **purchase Firm 1** (choose number 1) because: 
- Positive profit of 0.24 available.
- All firms searched, no better options.","C15 Search #1 (Searched:1/3, SearchCost:0.00, BestProfit:-0.24@F0) → Search Next; C15 Search #2 (Searched:2/3, SearchCost:0.02, BestProfit:-0.24@F0) → Search Next; C15 Search #3 (Searched:3/3, SearchCost:0.04, BestProfit:0.24@F1) → Purchase F1",0.2,0.043,"[0.4, 0.84, 0.19]"
3,6,C16,True,"Yes, because the privacy cost (0.034) is less than the maximum potential search cost savings (0.04), making sharing beneficial for reducing search costs.",-1,"### Decision:
I'll **leave** (choose number -1) because: 
- Searched firm has negative profit of -0.3.
- Highest valuation option is unprofitable, so further search unlikely to yield gains.","C16 Search #1 (Searched:1/3, SearchCost:0.00, BestProfit:-0.30@F2) → Leave Market",-0.03,0.034,"[0.33, 0.05, 0.36]"
3,6,C17,False,"No, privacy cost (0.044) exceeds maximum potential search cost savings (0.04).",-1,"### Decision:
I'll **leave** (choose number -1) because: 
- The searched firm has a negative profit of -0.49.
- Historical data shows consistently negative profits, making additional searches unlikely to yield positive returns and incurring unnecessary cost.","C17 Search #1 (Searched:1/3, SearchCost:0.00, BestProfit:-0.49@F0) → Leave Market",0.0,0.044,"[0.15, 0.27, 0.22]"
3,6,C18,False,"No, privacy cost exceeds potential search cost savings.",1,"### Decision:
I'll **purchase Firm 1** (choose number 1) because: 
- It offers a positive profit of 0.28
- All firms have been searched, and no better options exist","C18 Search #1 (Searched:1/3, SearchCost:0.00, BestProfit:-0.22@F2) → Search Next; C18 Search #2 (Searched:2/3, SearchCost:0.02, BestProfit:-0.22@F2) → Search Next; C18 Search #3 (Searched:3/3, SearchCost:0.04, BestProfit:0.28@F1) → Purchase F1",0.24,0.051,"[0.15, 0.88, 0.44]"
3,6,C19,False,"No, privacy cost (0.049) exceeds maximum potential search cost savings (0.04).",0,"### Decision:
I'll **purchase Firm 0** because: 
- It offers a positive profit of 0.10.
- Rationality rule requires buying if positive profit is available.","C19 Search #1 (Searched:1/3, SearchCost:0.00, BestProfit:0.10@F0) → Purchase F0",0.1,0.049,"[0.74, 0.42, 0.13]"
3,6,C20,False,"No, privacy cost (0.045) exceeds maximum potential search cost savings (0.04).",2,"### Decision:
I'll **purchase Firm 2** (choose number 2) because: 
- Firm 2 offers positive profit of 0.29.
- Additional search costs 0.02 with uncertain benefit.","C20 Search #1 (Searched:1/3, SearchCost:0.00, BestProfit:-0.58@F0) → Search Next; C20 Search #2 (Searched:2/3, SearchCost:0.02, BestProfit:0.29@F2) → Purchase F2",0.27,0.045,"[0.06, 0.75, 0.95]"
3,7,C1,True,"Yes, because privacy cost (0.031) is less than maximum potential search cost savings (0.04).",2,"### Decision:  
I'll **purchase Firm 2** (choose number 2) because:  
- Current firm offers positive profit of 0.12.  
- Additional search costs 0.02 with low expected benefit due to personalized sorting.","C1 Search #1 (Searched:1/3, SearchCost:0.00, BestProfit:0.12@F2) → Purchase F2",0.09,0.031,"[0.33, 0.57, 0.8]"
3,7,C2,False,"No, privacy cost (0.053) exceeds maximum potential search cost savings (0.04).",0,"### Decision:
I'll **search another firm** (choose number 3) because: 
- Current firm has negative profit (-0.33), making purchase unprofitable.
- Low search cost (0.02) offers chance to find a positive profit option.","C2 Search #1 (Searched:1/3, SearchCost:0.00, BestProfit:-0.33@F0) → Purchase F0",-0.33,0.053,"[0.33, 0.91, 0.3]"
3,7,C3,False,"No, privacy cost (0.036) exceeds likely search cost savings, as past decisions show minimal searches needed regardless of sharing.",1,"### Decision:  
I'll **purchase Firm 1** (choose number 1) because:  
- Firm 1 offers positive profit of 0.07.  
- Rationality rule requires buying when positive profit is available, and further search adds 0.02 cost with uncertain benefit.","C3 Search #1 (Searched:1/3, SearchCost:0.00, BestProfit:-0.35@F0) → Search Next; C3 Search #2 (Searched:2/3, SearchCost:0.02, BestProfit:0.07@F1) → Purchase F1",0.05,0.036,"[0.31, 0.71, 0.67]"
3,7,C4,False,"No, privacy cost (0.055) exceeds maximum potential search cost savings (0.04).",-1,"### Decision:
I'll **leave** (choose number -1) because: 
- Searched firm has negative profit (-0.51), offering no gain.
- History of negative profits suggests low chance of finding a profitable option, making further search costly.","C4 Search #1 (Searched:1/3, SearchCost:0.00, BestProfit:-0.51@F1) → Leave Market",0.0,0.055,"[0.33, 0.13, 0.54]"
3,7,C5,True,"Yes, because privacy cost (0.027) is less than maximum potential search cost savings (0.04), making sharing beneficial for reducing search costs.",2,"### Decision:
I'll **purchase Firm 2** (choose number 2) because: 
- Firm 2 offers a positive profit of 0.23.
- Additional search costs 0.02 and is unlikely to yield a better deal due to personalized sorting.","C5 Search #1 (Searched:1/3, SearchCost:0.00, BestProfit:0.23@F2) → Purchase F2",0.2,0.027,"[0.25, 0.23, 0.91]"
3,7,C6,True,"Yes, potential search cost savings (up to 0.04) exceed privacy cost (0.026).",-1,"### Decision:
I'll **leave** (choose number -1) because: 
- The searched firm has negative profit (-0.07).
- Additional searches cost 0.02 and are unlikely to yield positive profit given the sorted recommendation sequence.","C6 Search #1 (Searched:1/3, SearchCost:0.00, BestProfit:-0.07@F0) → Leave Market",-0.03,0.026,"[0.59, 0.26, 0.42]"
3,7,C7,True,"Yes, because privacy cost (0.029) is less than maximum potential search cost savings (0.04) with personalized recommendations for 3 firms.",2,"### Decision:
I'll **purchase Firm 2** (choose number 2) because: 
- Positive profit of 0.10 available
- Sorted recommendations make additional search unlikely to improve deal, avoiding extra cost","C7 Search #1 (Searched:1/3, SearchCost:0.00, BestProfit:0.10@F2) → Purchase F2",0.07,0.029,"[0.56, 0.54, 0.78]"
3,7,C8,True,"Yes, because privacy cost (0.026) is less than maximum potential search cost savings (0.04).",-1,"### Decision:
I'll **leave** (choose number -1) because: 
- The searched firm has negative profit (-0.14).
- With sorted decreasing valuations, further searches are unlikely to yield positive profit, and the 0.02 search cost would increase losses.","C8 Search #1 (Searched:1/3, SearchCost:0.00, BestProfit:-0.14@F1) → Leave Market",-0.03,0.026,"[0.16, 0.5, 0.0]"
3,7,C9,True,"Yes, because potential search cost savings (up to 0.04) exceed privacy cost (0.033).",-1,"### Decision:
I'll **leave** (choose number -1) because: 
- The searched firm has negative profit (-0.2), offering no good deal.
- With sorted recommendations from data sharing, further searches would cost 0.02 and likely yield worse outcomes, reducing revenue.","C9 Search #1 (Searched:1/3, SearchCost:0.00, BestProfit:-0.20@F1) → Leave Market",-0.03,0.033,"[0.13, 0.44, 0.28]"
3,7,C10,False,"No, privacy cost (0.049) exceeds maximum potential search cost savings (0.04).",-1,"### Decision:
I'll **leave** (choose number -1) because: 
- The searched firm has negative profit (-0.32).
- Historical rounds show consistent negative profits, making further search unpromising.","C10 Search #1 (Searched:1/3, SearchCost:0.00, BestProfit:-0.32@F1) → Leave Market",0.0,0.049,"[0.01, 0.32, 0.31]"
3,7,C11,True,"Yes, because privacy cost (0.032) is less than maximum potential search cost savings (0.04).",-1,"### Decision:
I'll **leave** (choose number -1) because: 
- No searched firm offers positive profit.
- With personalized recommendations, additional search is unlikely to improve profit and would incur unnecessary cost.","C11 Search #1 (Searched:1/3, SearchCost:0.00, BestProfit:-0.01@F0) → Leave Market",-0.03,0.032,"[0.65, 0.36, 0.03]"
3,7,C12,False,"No, privacy cost (0.045) exceeds maximum potential search cost savings (0.04).",0,"### Decision:
I'll **purchase Firm 0** (choose number 0) because: 
- Positive profit of 0.19 available
- Searching incurs additional cost with uncertain benefit","C12 Search #1 (Searched:1/3, SearchCost:0.00, BestProfit:-0.49@F2) → Search Next; C12 Search #2 (Searched:2/3, SearchCost:0.02, BestProfit:0.19@F0) → Purchase F0",0.17,0.045,"[0.85, 0.17, 0.19]"
3,7,C13,False,"No, privacy cost (0.04) equals maximum potential search cost savings (0.04), so no net benefit.",0,"### Decision:
I'll **purchase Firm 0** (choose number 0) because: 
- It offers a positive profit of 0.11.
- Further search costs 0.02 with uncertain gains, likely reducing net revenue.","C13 Search #1 (Searched:1/3, SearchCost:0.00, BestProfit:-0.14@F2) → Search Next; C13 Search #2 (Searched:2/3, SearchCost:0.02, BestProfit:0.11@F0) → Purchase F0",0.09,0.04,"[0.77, 0.62, 0.54]"
3,7,C14,True,"Yes, because privacy cost (0.032) is less than maximum potential search cost savings (0.04), and personalized recommendations with 3 firms can reduce search costs effectively.",-1,"### Decision:
I'll **leave** (choose number -1) because: 
- Searched firm has negative profit (-0.15).
- Historical outcomes show no positive profits, making further search unprofitable.","C14 Search #1 (Searched:1/3, SearchCost:0.00, BestProfit:-0.15@F1) → Leave Market",-0.03,0.032,"[0.27, 0.49, 0.48]"
3,7,C15,False,"No, privacy cost (0.043) exceeds maximum potential search cost savings (0.04).",1,"### Decision:
I'll **purchase Firm 1** (choose number 1) because: 
- Positive profit of 0.20 available.
- All firms searched, no better options.","C15 Search #1 (Searched:1/3, SearchCost:0.00, BestProfit:-0.26@F0) → Search Next; C15 Search #2 (Searched:2/3, SearchCost:0.02, BestProfit:-0.26@F0) → Search Next; C15 Search #3 (Searched:3/3, SearchCost:0.04, BestProfit:0.20@F1) → Purchase F1",0.16,0.043,"[0.4, 0.84, 0.19]"
3,7,C16,True,"Yes, because privacy cost (0.034) is less than maximum potential search cost savings (0.04), making sharing beneficial for reducing search costs.",-1,"### Decision:
I'll **leave** (choose number -1) because: 
- Searched firm has negative profit of -0.32.
- Highest valuation option is unprofitable, so further search unlikely to yield gains.","C16 Search #1 (Searched:1/3, SearchCost:0.00, BestProfit:-0.32@F2) → Leave Market",-0.03,0.034,"[0.33, 0.05, 0.36]"
3,7,C17,False,"No, privacy cost (0.044) exceeds maximum potential search cost savings (0.04).",-1,"### Decision:
I'll **leave** (choose number -1) because: 
- The searched firm has a negative profit of -0.37, making purchase unprofitable.
- Historical data shows consistently negative profits, so additional searches are unlikely to yield positive returns and would incur unnecessary cost.","C17 Search #1 (Searched:1/3, SearchCost:0.00, BestProfit:-0.37@F1) → Leave Market",0.0,0.044,"[0.15, 0.27, 0.22]"
3,7,C18,False,"No, privacy cost (0.051) exceeds maximum potential search cost savings (0.04).",1,"### Decision:
I'll **purchase Firm 1** (choose number 1) because: 
- It offers a positive profit of 0.24
- Searching further costs 0.02 with uncertain improvement","C18 Search #1 (Searched:1/3, SearchCost:0.00, BestProfit:0.24@F1) → Purchase F1",0.24,0.051,"[0.15, 0.88, 0.44]"
3,7,C19,False,"No, privacy cost (0.049) exceeds maximum potential search cost savings (0.04).",0,"### Decision:
I'll **purchase Firm 0** because: 
- It offers a positive profit of 0.08, which I must act on per rationality rule.
- Additional search costs 0.02 and is unlikely to yield a better outcome given current information.","C19 Search #1 (Searched:1/3, SearchCost:0.00, BestProfit:-0.22@F1) → Search Next; C19 Search #2 (Searched:2/3, SearchCost:0.02, BestProfit:0.08@F0) → Purchase F0",0.06,0.049,"[0.74, 0.42, 0.13]"
3,7,C20,False,"No, privacy cost (0.045) exceeds maximum potential search cost savings (0.04).",1,"### Decision:
I'll **purchase Firm 1** (choose number 1) because: 
- Firm 1 offers positive profit of 0.11.
- Searching incurs additional cost of 0.02 with uncertain benefit.","C20 Search #1 (Searched:1/3, SearchCost:0.00, BestProfit:0.11@F1) → Search Next; C20 Search #2 (Searched:2/3, SearchCost:0.02, BestProfit:0.11@F1) → Purchase F1",0.09,0.045,"[0.06, 0.75, 0.95]"
3,8,C1,True,"Yes, because privacy cost (0.031) is less than maximum potential search cost savings (0.04).",2,"### Decision:
I'll **purchase Firm 2** (choose number 2) because: 
- Current firm offers positive profit of 0.14.
- Additional search costs 0.02 with low expected benefit due to personalized sorting.","C1 Search #1 (Searched:1/3, SearchCost:0.00, BestProfit:0.14@F2) → Purchase F2",0.11,0.031,"[0.33, 0.57, 0.8]"
3,8,C2,False,"No, privacy cost (0.053) exceeds maximum potential search cost savings (0.04).",0,"### Decision:
I'll **search another firm** (choose number 3) because: 
- The searched firm has a negative profit of -0.35, making purchase unprofitable.
- The low search cost of 0.02 offers a chance to find a firm with positive profit, potentially improving revenue.","C2 Search #1 (Searched:1/3, SearchCost:0.00, BestProfit:-0.35@F0) → Purchase F0",-0.35,0.053,"[0.33, 0.91, 0.3]"
3,8,C3,True,"Yes, because the privacy cost (0.036) is less than the maximum potential search cost savings (0.04), and personalized recommendations with three firms can reduce searches and improve deal quality.",1,"### Decision:
I'll **purchase Firm 1** (choose number 1) because: 
- Firm 1 offers positive profit of 0.05, requiring purchase per rationality rule.
- With data sharing and personalized sorting, further searches are unlikely to improve profit and would incur additional cost of 0.02.","C3 Search #1 (Searched:1/3, SearchCost:0.00, BestProfit:0.05@F1) → Purchase F1",0.01,0.036,"[0.31, 0.71, 0.67]"
3,8,C4,False,"No, privacy cost (0.055) exceeds maximum potential search cost savings (0.04).",-1,"### Decision:
I'll **leave** (choose number -1) because: 
- Searched firm has negative profit (-0.53), offering no gain.
- History of consistently negative profits indicates low likelihood of finding a profitable option, making further search costly.","C4 Search #1 (Searched:1/3, SearchCost:0.00, BestProfit:-0.53@F1) → Leave Market",0.0,0.055,"[0.33, 0.13, 0.54]"
3,8,C5,True,"Yes, because privacy cost (0.027) is less than maximum potential search cost savings (0.04), making sharing beneficial for reducing search costs.",2,"### Decision:  
I'll **purchase Firm 2** (choose number 2) because:  
- Firm 2 offers a positive profit of 0.25.  
- Additional search costs 0.02 and is unlikely to yield a better deal due to personalized sorting.","C5 Search #1 (Searched:1/3, SearchCost:0.00, BestProfit:0.25@F2) → Purchase F2",0.22,0.027,"[0.25, 0.23, 0.91]"
3,8,C6,True,"Yes, because potential search cost savings (up to 0.04) exceed privacy cost (0.026), making sharing beneficial for reducing search costs with 3 firms.",-1,"### Decision:
I'll **leave** (choose number -1) because: 
- The searched firm has negative profit (-0.09).
- Additional searches cost 0.02 and are unlikely to yield positive profit given the sorted recommendation sequence.","C6 Search #1 (Searched:1/3, SearchCost:0.00, BestProfit:-0.09@F0) → Leave Market",-0.03,0.026,"[0.59, 0.26, 0.42]"
3,8,C7,True,"Yes, because privacy cost (0.029) is less than maximum potential search cost savings (0.04).",2,"### Decision:
I'll **purchase Firm 2** (choose number 2) because: 
- Positive profit of 0.12 available
- Sorted recommendations make additional search unlikely to yield better deal, avoiding extra cost","C7 Search #1 (Searched:1/3, SearchCost:0.00, BestProfit:0.12@F2) → Purchase F2",0.09,0.029,"[0.56, 0.54, 0.78]"
3,8,C8,True,"Yes, because privacy cost (0.026) is less than maximum potential search cost savings (0.04).",-1,"### Decision:
I'll **leave** (choose number -1) because: 
- The searched firm has negative profit (-0.16).
- With sorted decreasing valuations, further searches are unlikely to yield positive profit, and the 0.02 search cost would increase losses.","C8 Search #1 (Searched:1/3, SearchCost:0.00, BestProfit:-0.16@F1) → Leave Market",-0.03,0.026,"[0.16, 0.5, 0.0]"
3,8,C9,True,"Yes, because privacy cost (0.033) is less than maximum potential search cost savings (0.04).",-1,"### Decision:
I'll **leave** (choose number -1) because: 
- The searched firm has negative profit (-0.22), offering no good deal.
- With sorted recommendations from data sharing, further searches would cost 0.02 and likely yield worse outcomes, reducing revenue.","C9 Search #1 (Searched:1/3, SearchCost:0.00, BestProfit:-0.22@F1) → Leave Market",-0.03,0.033,"[0.13, 0.44, 0.28]"
3,8,C10,False,"No, privacy cost (0.049) exceeds maximum potential search cost savings (0.04).",-1,"### Decision:
I'll **leave** (choose number -1) because: 
- The searched firm has negative profit (-0.67).
- Historical rounds show consistent negative profits, making further search unpromising.","C10 Search #1 (Searched:1/3, SearchCost:0.00, BestProfit:-0.67@F0) → Leave Market",0.0,0.049,"[0.01, 0.32, 0.31]"
3,8,C11,True,"Yes, because privacy cost (0.032) is less than maximum potential search cost savings (0.04), making sharing beneficial for reducing search costs with 3 firms.",-1,"### Decision:
I'll **leave** (choose number -1) because: 
- No searched firm offers positive profit.
- With personalized recommendations, additional search is unlikely to improve profit and would incur unnecessary cost.","C11 Search #1 (Searched:1/3, SearchCost:0.00, BestProfit:-0.03@F0) → Leave Market",-0.03,0.032,"[0.65, 0.36, 0.03]"
3,8,C12,False,"No, privacy cost (0.045) exceeds maximum potential search cost savings (0.04).",-1,"### Decision:
I'll **leave** (choose number -1) because: 
- Both searched firms offer negative profit
- Searching incurs additional cost with uncertain benefit","C12 Search #1 (Searched:1/3, SearchCost:0.00, BestProfit:-0.49@F1) → Search Next; C12 Search #2 (Searched:2/3, SearchCost:0.02, BestProfit:-0.47@F2) → Leave Market",-0.02,0.045,"[0.85, 0.17, 0.19]"
3,8,C13,False,"No, privacy cost (0.04) equals maximum potential search cost savings (0.04), so no net benefit.",0,"### Decision:
I'll **purchase Firm 0** (choose number 0) because: 
- It offers a positive profit of 0.09.
- All firms searched, and others have negative profits.","C13 Search #1 (Searched:1/3, SearchCost:0.00, BestProfit:-0.12@F2) → Search Next; C13 Search #2 (Searched:2/3, SearchCost:0.02, BestProfit:-0.04@F1) → Search Next; C13 Search #3 (Searched:3/3, SearchCost:0.04, BestProfit:0.09@F0) → Purchase F0",0.05,0.04,"[0.77, 0.62, 0.54]"
3,8,C14,True,"Yes, because privacy cost (0.032) is less than maximum potential search cost savings (0.04).",-1,"### Decision:
I'll **leave** (choose number -1) because: 
- Searched firm has negative profit (-0.17).
- Historical outcomes show no positive profits from further searches, making additional search cost (0.02) unjustified.","C14 Search #1 (Searched:1/3, SearchCost:0.00, BestProfit:-0.17@F1) → Leave Market",-0.03,0.032,"[0.27, 0.49, 0.48]"
3,8,C15,False,"No, privacy cost (0.043) exceeds maximum potential search cost savings (0.04).",1,"### Decision:
I'll **purchase Firm 1** (choose number 1) because: 
- Positive profit of 0.18 available.
- Additional search unlikely to improve profit, costing extra 0.02.","C15 Search #1 (Searched:1/3, SearchCost:0.00, BestProfit:-0.47@F2) → Search Next; C15 Search #2 (Searched:2/3, SearchCost:0.02, BestProfit:0.18@F1) → Purchase F1",0.16,0.043,"[0.4, 0.84, 0.19]"
3,8,C16,True,"Yes, because privacy cost (0.034) is less than maximum potential search cost savings (0.04), making sharing beneficial for reducing search costs.",-1,"### Decision:
I'll **leave** (choose number -1) because: 
- Searched firm has negative profit of -0.3.
- Highest valuation option is unprofitable, so further search unlikely to yield gains.","C16 Search #1 (Searched:1/3, SearchCost:0.00, BestProfit:-0.30@F2) → Leave Market",-0.03,0.034,"[0.33, 0.05, 0.36]"
3,8,C17,False,"No, privacy cost (0.044) exceeds maximum potential search cost savings (0.04).",-1,"### Decision:
I'll **leave** (choose number -1) because: 
- Searched firm has negative profit (-0.44).
- Historical data shows consistently negative profits, making additional searches unlikely to yield positive returns and incurring unnecessary cost.","C17 Search #1 (Searched:1/3, SearchCost:0.00, BestProfit:-0.44@F2) → Leave Market",0.0,0.044,"[0.15, 0.27, 0.22]"
3,8,C18,False,"No, privacy cost (0.051) exceeds maximum potential search cost savings (0.04).",1,"### Decision:
I'll **purchase Firm 1** (choose number 1) because: 
- It offers a positive profit of 0.22
- All firms have been searched with no better alternatives","C18 Search #1 (Searched:1/3, SearchCost:0.00, BestProfit:-0.22@F2) → Search Next; C18 Search #2 (Searched:2/3, SearchCost:0.02, BestProfit:-0.22@F2) → Search Next; C18 Search #3 (Searched:3/3, SearchCost:0.04, BestProfit:0.22@F1) → Purchase F1",0.18,0.051,"[0.15, 0.88, 0.44]"
3,8,C19,False,"No, privacy cost (0.049) exceeds maximum potential search cost savings (0.04).",0,"### Decision:
I'll **purchase Firm 0** because: 
- It offers a positive profit of 0.06.
- Rationality rule requires buying if positive profit is available.","C19 Search #1 (Searched:1/3, SearchCost:0.00, BestProfit:-0.24@F1) → Search Next; C19 Search #2 (Searched:2/3, SearchCost:0.02, BestProfit:-0.24@F1) → Search Next; C19 Search #3 (Searched:3/3, SearchCost:0.04, BestProfit:0.06@F0) → Purchase F0",0.02,0.049,"[0.74, 0.42, 0.13]"
3,8,C20,False,"No, privacy cost (0.045) exceeds maximum potential search cost savings (0.04).",2,"### Decision:
I'll **purchase Firm 2** (choose number 2) because: 
- Current firm offers positive profit of 0.29.
- Additional search cost of 0.02 with uncertain benefit.","C20 Search #1 (Searched:1/3, SearchCost:0.00, BestProfit:0.29@F2) → Purchase F2",0.29,0.045,"[0.06, 0.75, 0.95]"
3,9,C1,True,"Yes, because privacy cost (0.031) is less than maximum potential search cost savings (0.04).",2,"### Decision:
I'll **purchase Firm 2** (choose number 2) because: 
- Current firm offers positive profit of 0.12.
- Additional search costs 0.02 with low expected benefit due to personalized sorting.","C1 Search #1 (Searched:1/3, SearchCost:0.00, BestProfit:0.12@F2) → Purchase F2",0.09,0.031,"[0.33, 0.57, 0.8]"
3,9,C2,False,"No, privacy cost (0.053) exceeds maximum potential search cost savings (0.04).",-1,Defaulted after 3 fails. Best Profit: -0.38 -> Choice: -1,"C2 Search #1 (Searched:1/3, SearchCost:0.00, BestProfit:-0.38@F2) → Leave Market",0.0,0.053,"[0.33, 0.91, 0.3]"
3,9,C3,True,"Yes, because privacy cost (0.036) is less than maximum potential search cost savings (0.04), making sharing beneficial for reducing searches with three firms.",1,"### Decision:  
I'll **purchase Firm 1** (choose number 1) because:  
- Firm 1 offers positive profit of 0.07, requiring purchase per rationality rule.  
- With data sharing and personalized sorting, further searches are unlikely to improve profit and would incur additional cost of 0.02.","C3 Search #1 (Searched:1/3, SearchCost:0.00, BestProfit:0.07@F1) → Purchase F1",0.03,0.036,"[0.31, 0.71, 0.67]"
3,9,C4,False,"No, privacy cost (0.055) exceeds maximum potential search cost savings (0.04).",-1,"### Decision:
I'll **leave** (choose number -1) because: 
- Searched firm has negative profit (-0.14), offering no gain.
- History shows consistent negative profits, making further search costly and unproductive.","C4 Search #1 (Searched:1/3, SearchCost:0.00, BestProfit:-0.14@F2) → Leave Market",0.0,0.055,"[0.33, 0.13, 0.54]"
3,9,C5,True,"Yes, because privacy cost (0.027) is less than maximum potential search cost savings (0.04), making sharing beneficial for reducing search costs.",2,"### Decision:  
I'll **purchase Firm 2** (choose number 2) because:  
- Firm 2 offers a positive profit of 0.23.  
- Additional search costs 0.02 and is unlikely to yield a better deal due to personalized sorting.","C5 Search #1 (Searched:1/3, SearchCost:0.00, BestProfit:0.23@F2) → Purchase F2",0.2,0.027,"[0.25, 0.23, 0.91]"
3,9,C6,True,"Yes, because potential search cost savings (up to 0.04) exceed privacy cost (0.026).",-1,"### Decision:
I'll **leave** (choose number -1) because: 
- The searched firm has negative profit (-0.07).
- Additional searches cost 0.02 and are unlikely to yield positive profit given the sorted recommendation sequence.","C6 Search #1 (Searched:1/3, SearchCost:0.00, BestProfit:-0.07@F0) → Leave Market",-0.03,0.026,"[0.59, 0.26, 0.42]"
3,9,C7,True,"Yes, because privacy cost (0.029) is less than maximum potential search cost savings (0.04).",2,"### Decision:
I'll **purchase Firm 2** (choose number 2) because: 
- Positive profit of 0.10 available
- Sorted recommendations make additional search unlikely to improve deal, avoiding extra cost","C7 Search #1 (Searched:1/3, SearchCost:0.00, BestProfit:0.10@F2) → Purchase F2",0.07,0.029,"[0.56, 0.54, 0.78]"
3,9,C8,True,"Yes, because privacy cost (0.026) is less than maximum potential search cost savings (0.04).",-1,"### Decision:
I'll **leave** (choose number -1) because: 
- The searched firm has negative profit (-0.14), indicating no good deals.
- With sorted decreasing valuations from data sharing, further searches are unlikely to yield positive profit, and the 0.02 search cost would increase losses.","C8 Search #1 (Searched:1/3, SearchCost:0.00, BestProfit:-0.14@F1) → Leave Market",-0.03,0.026,"[0.16, 0.5, 0.0]"
3,9,C9,True,"Yes, because potential search cost savings (up to 0.04) exceed privacy cost (0.033).",-1,"### Decision:
I'll **leave** (choose number -1) because: 
- The searched firm has negative profit (-0.20), offering no good deal.
- With sorted recommendations, further searches would cost 0.02 and likely yield worse outcomes, increasing losses.","C9 Search #1 (Searched:1/3, SearchCost:0.00, BestProfit:-0.20@F1) → Leave Market",-0.03,0.033,"[0.13, 0.44, 0.28]"
3,9,C10,False,"No, privacy cost (0.049) exceeds maximum potential search cost savings (0.04).",-1,"### Decision:
I'll **leave** (choose number -1) because: 
- Searched firm has negative profit (-0.37).
- Historical rounds show consistent negative profits, making further search unpromising.","C10 Search #1 (Searched:1/3, SearchCost:0.00, BestProfit:-0.37@F2) → Leave Market",0.0,0.049,"[0.01, 0.32, 0.31]"
3,9,C11,True,"Yes, because privacy cost (0.032) is less than maximum potential search cost savings (0.04).",-1,"### Decision:
I'll **leave** (choose number -1) because: 
- No searched firm offers positive profit.
- With personalized recommendations, additional search is unlikely to improve profit and would incur unnecessary cost.","C11 Search #1 (Searched:1/3, SearchCost:0.00, BestProfit:-0.01@F0) → Leave Market",-0.03,0.032,"[0.65, 0.36, 0.03]"
3,9,C12,False,"No, privacy cost (0.045) exceeds maximum potential search cost savings (0.04).",0,"### Decision:
I'll **purchase Firm 0** (choose number 0) because: 
- Positive profit of 0.19 available
- Searching adds cost with uncertain benefit","C12 Search #1 (Searched:1/3, SearchCost:0.00, BestProfit:0.19@F0) → Purchase F0",0.19,0.045,"[0.85, 0.17, 0.19]"
3,9,C13,False,"No, privacy cost (0.04) equals maximum potential search cost savings (0.04), so no net benefit.",0,"### Decision:
I'll **purchase Firm 0** (choose number 0) because: 
- It offers a positive profit of 0.11.
- Searching further costs 0.02 with uncertain gains, likely reducing net revenue.","C13 Search #1 (Searched:1/3, SearchCost:0.00, BestProfit:-0.02@F1) → Search Next; C13 Search #2 (Searched:2/3, SearchCost:0.02, BestProfit:0.11@F0) → Purchase F0",0.09,0.04,"[0.77, 0.62, 0.54]"
3,9,C14,True,"Yes, because privacy cost (0.032) is less than maximum potential search cost savings (0.04), making sharing beneficial for reducing search costs.",-1,"### Decision:
I'll **leave** (choose number -1) because: 
- Searched firm has negative profit (-0.15).
- Historical data shows no positive profits, making additional search cost (0.02) unjustified.","C14 Search #1 (Searched:1/3, SearchCost:0.00, BestProfit:-0.15@F1) → Leave Market",-0.03,0.032,"[0.27, 0.49, 0.48]"
3,9,C15,False,"No, privacy cost (0.043) exceeds maximum potential search cost savings (0.04).",1,"### Decision:
I'll **purchase Firm 1** (choose number 1) because: 
- Positive profit of 0.20 available.
- Additional search cost of 0.02 unlikely to yield a better option.","C15 Search #1 (Searched:1/3, SearchCost:0.00, BestProfit:-0.26@F0) → Search Next; C15 Search #2 (Searched:2/3, SearchCost:0.02, BestProfit:0.20@F1) → Purchase F1",0.18,0.043,"[0.4, 0.84, 0.19]"
3,9,C16,True,"Yes, because privacy cost (0.034) is less than maximum potential search cost savings (0.04), making sharing beneficial for reducing search costs.",-1,"### Decision:
I'll **leave** (choose number -1) because: 
- Searched firm has negative profit of -0.32.
- Personalized recommendations suggest this is the best option, so further search unlikely to yield gains.","C16 Search #1 (Searched:1/3, SearchCost:0.00, BestProfit:-0.32@F2) → Leave Market",-0.03,0.034,"[0.33, 0.05, 0.36]"
3,9,C17,False,"No, privacy cost (0.044) exceeds maximum potential search cost savings (0.04).",-1,"### Decision:
I'll **leave** (choose number -1) because: 
- Searched firm has negative profit (-0.37).
- Historical data shows consistently negative profits, so additional search costs 0.02 with low chance of positive return.","C17 Search #1 (Searched:1/3, SearchCost:0.00, BestProfit:-0.37@F1) → Leave Market",0.0,0.044,"[0.15, 0.27, 0.22]"
3,9,C18,False,"No, privacy cost (0.051) exceeds maximum potential search cost savings (0.04).",1,"### Decision:
I'll **purchase Firm 1** (choose number 1) because: 
- It offers a positive profit of 0.24
- Searching further costs 0.02 with uncertain improvement","C18 Search #1 (Searched:1/3, SearchCost:0.00, BestProfit:0.24@F1) → Purchase F1",0.24,0.051,"[0.15, 0.88, 0.44]"
3,9,C19,False,"No, privacy cost (0.049) exceeds maximum potential search cost savings (0.04).",0,"### Decision:
I'll **purchase Firm 0** because: 
- It offers a positive profit of 0.08, which I must act on per rationality rule.
- Searching further costs 0.02 and is unlikely to yield a better outcome based on historical patterns.","C19 Search #1 (Searched:1/3, SearchCost:0.00, BestProfit:-0.22@F1) → Search Next; C19 Search #2 (Searched:2/3, SearchCost:0.02, BestProfit:0.08@F0) → Purchase F0",0.06,0.049,"[0.74, 0.42, 0.13]"
3,9,C20,False,"No, privacy cost (0.045) exceeds maximum potential search cost savings (0.04).",1,"### Decision:
I'll **purchase Firm 1** (choose number 1) because: 
- Current firm offers positive profit of 0.11.
- Additional search cost of 0.02 with uncertain benefit.","C20 Search #1 (Searched:1/3, SearchCost:0.00, BestProfit:0.11@F1) → Purchase F1",0.11,0.045,"[0.06, 0.75, 0.95]"
3,10,C1,True,"Yes, because privacy cost (0.031) is less than maximum potential search cost savings (0.04).",2,"### Decision:  
I'll **purchase Firm 2** (choose number 2) because:  
- Current firm offers positive profit of 0.14.  
- Additional search costs 0.02 with low expected benefit due to personalized sorting.","C1 Search #1 (Searched:1/3, SearchCost:0.00, BestProfit:0.14@F2) → Purchase F2",0.11,0.031,"[0.33, 0.57, 0.8]"
3,10,C2,False,"No, privacy cost (0.053) exceeds maximum potential search cost savings (0.04).",-1,Defaulted after 3 fails. Best Profit: -0.36 -> Choice: -1,"C2 Search #1 (Searched:1/3, SearchCost:0.00, BestProfit:-0.36@F2) → Leave Market",0.0,0.053,"[0.33, 0.91, 0.3]"
3,10,C3,True,"Yes, because privacy cost (0.036) is less than maximum potential search cost savings (0.04), making sharing beneficial for reducing searches with three firms.",1,"### Decision:
I'll **purchase Firm 1** (choose number 1) because: 
- Firm 1 offers positive profit of 0.07, requiring purchase per rationality rule.
- With data sharing and personalized sorting, further searches are unlikely to improve profit and would incur additional cost of 0.02.","C3 Search #1 (Searched:1/3, SearchCost:0.00, BestProfit:0.07@F1) → Purchase F1",0.03,0.036,"[0.31, 0.71, 0.67]"
3,10,C4,False,"No, privacy cost (0.055) exceeds maximum potential search cost savings (0.04).",-1,"### Decision:
I'll **leave** (choose number -1) because: 
- Searched firm has negative profit (-0.12).
- History of consistent negative profits makes further search costly and unproductive.","C4 Search #1 (Searched:1/3, SearchCost:0.00, BestProfit:-0.12@F2) → Leave Market",0.0,0.055,"[0.33, 0.13, 0.54]"
3,10,C5,True,"Yes, because privacy cost (0.027) is less than maximum potential search cost savings (0.04).",2,"### Decision:  
I'll **purchase Firm 2** (choose number 2) because:  
- Firm 2 offers a positive profit of 0.25.  
- Additional search costs 0.02 and is unlikely to yield a better deal due to personalized sorting.","C5 Search #1 (Searched:1/3, SearchCost:0.00, BestProfit:0.25@F2) → Purchase F2",0.22,0.027,"[0.25, 0.23, 0.91]"
3,10,C6,True,"Yes, because privacy cost (0.026) is less than maximum potential search cost savings (0.04), making sharing beneficial for reducing search costs with 3 firms.",-1,"### Decision:
I'll **leave** (choose number -1) because: 
- The searched firm has negative profit (-0.05).
- Additional search costs 0.02 and is unlikely to yield positive profit given the sorted recommendation sequence.","C6 Search #1 (Searched:1/3, SearchCost:0.00, BestProfit:-0.05@F0) → Leave Market",-0.03,0.026,"[0.59, 0.26, 0.42]"
3,10,C7,True,"Yes, because privacy cost (0.029) is less than maximum potential search cost savings (0.04).",2,"### Decision:
I'll **purchase Firm 2** (choose number 2) because: 
- Positive profit of 0.12 available
- Sorted recommendations make additional search unlikely to yield better deal, avoiding extra cost","C7 Search #1 (Searched:1/3, SearchCost:0.00, BestProfit:0.12@F2) → Purchase F2",0.09,0.029,"[0.56, 0.54, 0.78]"
3,10,C8,True,"Yes, privacy cost (0.026) is less than maximum potential search cost savings (0.04).",-1,"### Decision:
I'll **leave** (choose number -1) because: 
- The searched firm has negative profit (-0.14).
- With sorted decreasing valuations, additional searches are unlikely to yield positive profit, and the 0.02 search cost would increase losses.","C8 Search #1 (Searched:1/3, SearchCost:0.00, BestProfit:-0.14@F1) → Leave Market",-0.03,0.026,"[0.16, 0.5, 0.0]"
3,10,C9,True,"Yes, because privacy cost (0.033) is less than maximum potential search cost savings (0.04).",-1,"### Decision:
I'll **leave** (choose number -1) because: 
- The searched firm has negative profit (-0.20), offering no good deal.
- With sorted recommendations from data sharing, further searches would cost 0.02 and likely yield worse outcomes, reducing revenue.","C9 Search #1 (Searched:1/3, SearchCost:0.00, BestProfit:-0.20@F1) → Leave Market",-0.03,0.033,"[0.13, 0.44, 0.28]"
3,10,C10,False,"No, privacy cost (0.049) exceeds maximum potential search cost savings (0.04).",-1,"### Decision:
I'll **leave** (choose number -1) because: 
- The searched firm has negative profit (-0.32).
- Historical rounds show consistent negative profits, making further search unpromising.","C10 Search #1 (Searched:1/3, SearchCost:0.00, BestProfit:-0.32@F1) → Leave Market",0.0,0.049,"[0.01, 0.32, 0.31]"
3,10,C11,True,"Yes, because privacy cost (0.032) is less than maximum potential search cost savings (0.04).",0,"### Decision:
I'll **purchase Firm 0** (choose number 0) because: 
- Firm 0 offers positive profit of 0.01.
- With personalized recommendations, additional search is unlikely to improve profit significantly.","C11 Search #1 (Searched:1/3, SearchCost:0.00, BestProfit:0.01@F0) → Purchase F0",-0.02,0.032,"[0.65, 0.36, 0.03]"
3,10,C12,False,"No, privacy cost (0.045) exceeds maximum potential search cost savings (0.04).",0,"### Decision:
I'll **purchase Firm 0** (choose number 0) because: 
- Positive profit of 0.21 available
- Searching incurs additional cost with uncertain benefit","C12 Search #1 (Searched:1/3, SearchCost:0.00, BestProfit:0.21@F0) → Purchase F0",0.21,0.045,"[0.85, 0.17, 0.19]"
3,10,C13,False,"No, privacy cost (0.04) equals maximum potential search cost savings (0.04), so no net benefit.",0,"### Decision:
I'll **purchase Firm 0** (choose number 0) because: 
- It offers a positive profit of 0.13.
- Further search costs 0.02 with uncertain gains, likely reducing net revenue.","C13 Search #1 (Searched:1/3, SearchCost:0.00, BestProfit:0.13@F0) → Purchase F0",0.13,0.04,"[0.77, 0.62, 0.54]"
3,10,C14,True,"Yes, because privacy cost (0.032) is less than maximum potential search cost savings (0.04).",-1,"### Decision:
I'll **leave** (choose number -1) because: 
- Searched firm has negative profit (-0.15).
- Historical data shows no positive profits from further searches, outweighing the 0.02 search cost.","C14 Search #1 (Searched:1/3, SearchCost:0.00, BestProfit:-0.15@F1) → Leave Market",-0.03,0.032,"[0.27, 0.49, 0.48]"
3,10,C15,False,"No, privacy cost (0.043) exceeds maximum potential search cost savings (0.04).",1,"### Decision:
I'll **purchase Firm 1** (choose number 1) because: 
- Positive profit of 0.20 available.
- Additional search cost of 0.02 unlikely to yield better profit based on historical patterns.","C15 Search #1 (Searched:1/3, SearchCost:0.00, BestProfit:-0.47@F2) → Search Next; C15 Search #2 (Searched:2/3, SearchCost:0.02, BestProfit:0.20@F1) → Purchase F1",0.18,0.043,"[0.4, 0.84, 0.19]"
3,10,C16,True,"Yes, because privacy cost (0.034) is less than maximum potential search cost savings (0.04), making sharing beneficial for reducing search costs.",-1,"### Decision:
I'll **leave** (choose number -1) because: 
- Searched firm has negative profit of -0.3.
- Personalized recommendations indicate this is the best option, so further search unlikely to yield gains.","C16 Search #1 (Searched:1/3, SearchCost:0.00, BestProfit:-0.30@F2) → Leave Market",-0.03,0.034,"[0.33, 0.05, 0.36]"
3,10,C17,False,"No, privacy cost (0.044) exceeds maximum potential search cost savings (0.04).",-1,"### Decision:
I'll **leave** (choose number -1) because: 
- Searched firm has negative profit (-0.37).
- Historical data shows consistently negative profits, making further search unlikely to yield positive returns.","C17 Search #1 (Searched:1/3, SearchCost:0.00, BestProfit:-0.37@F1) → Leave Market",0.0,0.044,"[0.15, 0.27, 0.22]"
3,10,C18,False,"No, privacy cost (0.051) exceeds maximum potential search cost savings (0.04).",1,"### Decision:
I'll **purchase Firm 1** (choose number 1) because: 
- It offers a positive profit of 0.24
- Searching further costs 0.02 with uncertain improvement","C18 Search #1 (Searched:1/3, SearchCost:0.00, BestProfit:0.24@F1) → Purchase F1",0.24,0.051,"[0.15, 0.88, 0.44]"
3,10,C19,False,"No, privacy cost (0.049) exceeds maximum potential search cost savings (0.04).",0,"### Decision:
I'll **purchase Firm 0** because: 
- It offers a positive profit of 0.10, which I must act on per rationality rule.
- Searching another firm costs 0.02 and is unlikely to yield a better outcome based on historical patterns.","C19 Search #1 (Searched:1/3, SearchCost:0.00, BestProfit:0.10@F0) → Purchase F0",0.1,0.049,"[0.74, 0.42, 0.13]"
3,10,C20,False,"No, privacy cost (0.045) exceeds maximum potential search cost savings (0.04).",1,"### Decision:
I'll **purchase Firm 1** (choose number 1) because: 
- Firm 1 offers positive profit of 0.11.
- Additional search costs 0.02 with uncertain benefit.","C20 Search #1 (Searched:1/3, SearchCost:0.00, BestProfit:-0.58@F0) → Search Next; C20 Search #2 (Searched:2/3, SearchCost:0.02, BestProfit:0.11@F1) → Purchase F1",0.09,0.045,"[0.06, 0.75, 0.95]"
4,1,C1,False,"No, privacy cost (0.051) likely exceeds expected search cost reduction with 4 firms.",3,"### Decision:
I'll **purchase Firm 3** because: 
- Positive profit of 0.20 available.
- Search cost of 0.02 risks reducing net gain without guaranteed improvement.","C1 Search #1 (Searched:1/4, SearchCost:0.00, BestProfit:0.20@F3) → Purchase F3",0.2,0.051,"[0.64, 0.03, 0.27, 0.72]"
4,1,C2,True,"Yes, because with 4 firms, personalized recommendations will significantly reduce search costs, likely offsetting the small privacy value of 0.031.",2,"### Decision:
I'll **purchase Firm 2** (choose number 2) because: 
- Positive profit of 0.3 ensures immediate gain.
- Sorted recommendations reduce chance of better deal, making further search costly.","C2 Search #1 (Searched:1/4, SearchCost:0.00, BestProfit:0.30@F2) → Purchase F2",0.27,0.031,"[0.05, 0.47, 0.9, 0.48]"
4,1,C3,True,"Yes, because with 4 firms, personalized recommendations significantly reduce search costs and improve product matching, likely exceeding the privacy cost of 0.055.",3,"### Decision:
I'll **purchase Firm 3** (choose number 3) because: 
- It offers a positive profit of 0.37.
- With shared data and sorted recommendations, it's likely the best option, minimizing further search costs.","C3 Search #1 (Searched:1/4, SearchCost:0.00, BestProfit:0.37@F3) → Purchase F3",0.32,0.055,"[0.14, 0.44, 0.6, 0.89]"
4,1,C4,True,"Yes, to reduce search costs and potentially increase product valuation surplus with personalized recommendations for 4 firms.",2,"### Decision:
I'll **purchase Firm 2** (choose number 2) because: 
- The firm offers a positive profit of 0.26.
- As a rational consumer, I must buy when positive profit is available.","C4 Search #1 (Searched:1/4, SearchCost:0.00, BestProfit:0.26@F2) → Purchase F2",0.21,0.049,"[0.32, 0.03, 0.86, 0.62]"
4,1,C5,True,"Yes, expected search cost savings from personalized recommendations with 4 firms likely exceed the privacy cost of 0.028.",0,"### Decision:
I'll **purchase Firm 0** (choose number 0) because: 
- Positive profit of 0.13 available.
- Search cost of 0.02 may not justify potential gains.","C5 Search #1 (Searched:1/4, SearchCost:0.00, BestProfit:0.13@F0) → Purchase F0",0.1,0.028,"[0.65, 0.57, 0.03, 0.22]"
4,1,C6,True,"Yes, potential search cost savings with recommendations for 4 firms exceed the privacy cost of 0.034.",3,"### Decision:
I'll **purchase Firm 3** (choose number 3) because: 
- Positive profit of 0.39 available
- Unlikely to improve with additional search cost of 0.02","C6 Search #1 (Searched:1/4, SearchCost:0.00, BestProfit:0.39@F3) → Purchase F3",0.36,0.034,"[0.22, 0.61, 0.6, 0.91]"
4,1,C7,True,"Yes, because with 4 firms, personalized recommendations will significantly reduce search costs, likely exceeding the privacy value of 0.03.",0,"### Decision:
I'll **purchase Firm 0** (choose number 0) because: 
- Positive profit of 0.03 available
- Additional search cost of 0.02 unlikely to yield better profit given sorted recommendations","C7 Search #1 (Searched:1/4, SearchCost:0.00, BestProfit:0.03@F0) → Purchase F0",0.0,0.03,"[0.55, 0.41, 0.48, 0.13]"
4,1,C8,True,"yes, personalized recommendations with 4 firms reduce search costs significantly, offsetting the 0.05 privacy cost.",-1,"### Decision:
I'll **leave** (choose number -1) because: 
- The searched firm has negative profit.
- Further searches likely yield worse results given sorted valuations, adding unnecessary cost.","C8 Search #1 (Searched:1/4, SearchCost:0.00, BestProfit:-0.11@F1) → Leave Market",-0.05,0.05,"[0.22, 0.44, 0.36, 0.09]"
4,1,C9,True,"Yes, expected search cost savings exceed privacy value of 0.04.",0,"### Decision:
I'll **purchase Firm 0** (choose number 0) because: 
- Positive profit of 0.34 available.
- Unlikely to improve with additional search cost of 0.02.","C9 Search #1 (Searched:1/4, SearchCost:0.00, BestProfit:0.34@F0) → Purchase F0",0.3,0.04,"[0.86, 0.22, 0.8, 0.22]"
4,1,C10,True,"Yes, to significantly reduce search costs and maximize revenue despite privacy cost.",2,"### Decision:
I'll **purchase Firm 2** (choose number 2) because: 
- The firm offers a positive profit of 0.2.
- As a rational consumer, I won't leave without buying when positive profit is available.","C10 Search #1 (Searched:1/4, SearchCost:0.00, BestProfit:0.20@F2) → Purchase F2",0.16,0.043,"[0.47, 0.14, 0.8, 0.43]"
4,1,C11,True,"Yes, to reduce search costs significantly with personalized recommendations for 4 firms.",-1,"### Decision:
I'll **leave** (choose number -1) because: 
- The searched firm has negative profit, indicating no immediate gain.
- With decreasing valuations in sorted search, further searches are unlikely to yield positive profit, and the search cost of 0.02 is not justified.","C11 Search #1 (Searched:1/4, SearchCost:0.00, BestProfit:-0.10@F3) → Leave Market",-0.04,0.042,"[0.35, 0.27, 0.27, 0.42]"
4,1,C12,True,"Yes, expected search cost savings with recommendations for 4 firms exceed the privacy cost of 0.053.",2,"### Decision:
I'll **purchase Firm 2** (choose number 2) because: 
- Positive profit of 0.2 available.
- Additional search cost of 0.02 unlikely to yield better deal given personalized sorting.","C12 Search #1 (Searched:1/4, SearchCost:0.00, BestProfit:0.20@F2) → Purchase F2",0.15,0.053,"[0.18, 0.09, 0.8, 0.33]"
4,1,C13,True,"yes, potential savings in search costs and better product matching exceed privacy cost of 0.053.",2,"### Decision:
I'll **purchase Firm 2** (choose number 2) because: 
- It offers a positive profit of 0.26.
- Rationality requires buying when positive profit is available, avoiding unnecessary search costs.","C13 Search #1 (Searched:1/4, SearchCost:0.00, BestProfit:0.26@F2) → Purchase F2",0.21,0.053,"[0.46, 0.69, 0.86, 0.42]"
4,1,C14,True,"yes, personalized recommendations with 4 firms significantly reduce search cost, offsetting the privacy cost.",3,"### Decision:
I'll **purchase Firm 3** because: 
- It offers a positive profit of 0.28 with no additional search cost needed.
- Personalized recommendations likely present it as the best option, minimizing risk of better deals.","C14 Search #1 (Searched:1/4, SearchCost:0.00, BestProfit:0.28@F3) → Purchase F3",0.23,0.046,"[0.46, 0.19, 0.03, 0.8]"
4,1,C15,True,"Yes, because expected search cost reductions from personalized recommendations with 4 firms likely exceed the privacy cost of 0.029.",-1,"### Decision:
I'll **leave** (choose number -1) because: 
- The searched firm has negative profit (-0.03).
- Highest-valuation firm is unprofitable, so further searches are unlikely to yield positive returns.","C15 Search #1 (Searched:1/4, SearchCost:0.00, BestProfit:-0.03@F3) → Leave Market",-0.03,0.029,"[0.26, 0.17, 0.04, 0.49]"
4,1,C16,True,"Yes, because the expected reduction in search cost from personalized recommendations with 4 firms likely exceeds the privacy value of 0.052.",3,"### Decision:
I'll **purchase Firm 3** (choose number 3) because: 
- The firm offers a positive profit of 0.32.
- As a rational consumer, I will not leave without buying when a positive profit option is available.","C16 Search #1 (Searched:1/4, SearchCost:0.00, BestProfit:0.32@F3) → Purchase F3",0.27,0.052,"[0.06, 0.08, 0.17, 0.84]"
4,1,C17,True,"Yes, because personalized recommendations with 4 firms significantly reduce expected search costs, likely exceeding the privacy cost of 0.038.",1,"### Decision:
I'll **purchase Firm 1** (choose number 1) because: 
- Firm 1 offers a positive profit of 0.45.
- Personalized sorting by valuation suggests it is likely the best deal, making further search unnecessary.","C17 Search #1 (Searched:1/4, SearchCost:0.00, BestProfit:0.45@F1) → Purchase F1",0.41,0.038,"[0.1, 1.0, 0.16, 0.12]"
4,1,C18,True,"Yes, significant search cost reduction with 4 firms outweighs privacy cost of 0.054.",3,"### Decision:
I'll **purchase Firm 3** (choose number 3) because: 
- Positive profit of 0.15 available.
- Rational not to leave without buying.","C18 Search #1 (Searched:1/4, SearchCost:0.00, BestProfit:0.15@F3) → Purchase F3",0.1,0.054,"[0.26, 0.39, 0.44, 0.67]"
4,1,C19,True,"Yes, because the potential reduction in search cost with personalized recommendations for 4 firms outweighs the low privacy cost of 0.034.",0,"### Decision:
I'll **purchase Firm 0** because: 
- Positive profit of 0.46 available.
- Additional search cost of 0.02 unlikely to yield better deal.","C19 Search #1 (Searched:1/4, SearchCost:0.00, BestProfit:0.46@F0) → Purchase F0",0.43,0.034,"[0.98, 0.02, 0.75, 0.67]"
4,1,C20,True,"Yes, potential search cost savings from personalized recommendations with 4 firms exceed the privacy cost of 0.044.",0,"### Decision:
I'll **purchase Firm 0** (choose number 0) because: 
- The firm offers a positive profit of 0.47.
- As a rational consumer, I won't leave without buying when positive profit is available.","C20 Search #1 (Searched:1/4, SearchCost:0.00, BestProfit:0.47@F0) → Purchase F0",0.43,0.044,"[0.99, 0.0, 0.19, 0.67]"
4,2,C1,True,"Yes, because with 4 firms, personalized recommendations significantly reduce expected search costs, likely outweighing the privacy cost of 0.051 based on observed benefits from similar consumers.",3,"### Decision:
I'll **purchase Firm 3** because: 
- Positive profit of 0.18 available.
- Data sharing sorts search high to low, making further search unlikely to improve deal.","C1 Search #1 (Searched:1/4, SearchCost:0.00, BestProfit:0.18@F3) → Purchase F3",0.13,0.051,"[0.64, 0.03, 0.27, 0.72]"
4,2,C2,True,"Yes, because personalized recommendations with 4 firms significantly reduce expected search costs, outweighing the low privacy cost of 0.031.",2,"### Decision:
I'll **purchase Firm 2** (choose number 2) because: 
- Positive profit of 0.35 ensures immediate gain.
- Personalized recommendations indicate it's likely the best deal, making further search inefficient.","C2 Search #1 (Searched:1/4, SearchCost:0.00, BestProfit:0.35@F2) → Purchase F2",0.32,0.031,"[0.05, 0.47, 0.9, 0.48]"
4,2,C3,True,"Yes, because personalized recommendations with 4 firms significantly reduce search costs and improve matching, outweighing the privacy cost of 0.055.",3,"### Decision:
I'll **purchase Firm 3** (choose number 3) because: 
- It offers a positive profit of 0.35.
- With shared data and sorted recommendations, it's likely the best option, avoiding unnecessary search costs.","C3 Search #1 (Searched:1/4, SearchCost:0.00, BestProfit:0.35@F3) → Purchase F3",0.3,0.055,"[0.14, 0.44, 0.6, 0.89]"
4,2,C4,True,"Yes, because personalized recommendations with 4 firms significantly reduce expected search costs, outweighing the privacy cost of 0.049.",2,"### Decision:
I'll **purchase Firm 2** (choose number 2) because: 
- The firm offers a positive profit of 0.31.
- Additional searches may not justify the 0.02 cost and could reduce net revenue.","C4 Search #1 (Searched:1/4, SearchCost:0.00, BestProfit:0.31@F2) → Purchase F2",0.26,0.049,"[0.32, 0.03, 0.86, 0.62]"
4,2,C5,True,"Yes, because the expected reduction in search costs and better product matching with personalized recommendations for 4 firms outweigh the low privacy cost of 0.028.",0,"### Decision:
I'll **purchase Firm 0** (choose number 0) because: 
- Positive profit of 0.05 available.
- Additional search cost of 0.02 unlikely to yield better profit given personalized sorting.","C5 Search #1 (Searched:1/4, SearchCost:0.00, BestProfit:0.05@F0) → Purchase F0",0.02,0.028,"[0.65, 0.57, 0.03, 0.22]"
4,2,C6,True,"Yes, because personalized recommendations for 4 firms will likely reduce search costs more than the privacy cost of 0.034.",3,"### Decision:  
I'll **purchase Firm 3** (choose number 3) because:  
- Positive profit of 0.37 available  
- Unlikely to improve with additional search cost of 0.02","C6 Search #1 (Searched:1/4, SearchCost:0.00, BestProfit:0.37@F3) → Purchase F3",0.34,0.034,"[0.22, 0.61, 0.6, 0.91]"
4,2,C7,True,"Yes, because personalized recommendations with 4 firms likely reduce search costs more than the privacy cost of 0.03.",-1,"### Decision:
I'll **leave** (choose number -1) because: 
- The only searched firm has negative profit (-0.05).
- With personalized sorting, the best valuation already yields a loss, making further searches unlikely to improve outcomes.","C7 Search #1 (Searched:1/4, SearchCost:0.00, BestProfit:-0.05@F0) → Leave Market",-0.03,0.03,"[0.55, 0.41, 0.48, 0.13]"
4,2,C8,True,"Yes, because personalized recommendations with 4 firms likely reduce search costs significantly, offsetting the 0.05 privacy cost.",-1,"### Decision:
I'll **leave** (choose number -1) because: 
- The searched firm has negative profit.
- With sorted valuations decreasing, further searches are unlikely to yield positive profit, adding unnecessary cost.","C8 Search #1 (Searched:1/4, SearchCost:0.00, BestProfit:-0.13@F1) → Leave Market",-0.05,0.05,"[0.22, 0.44, 0.36, 0.09]"
4,2,C9,True,"Yes, because personalized recommendations with 4 firms will likely reduce search costs more than the privacy cost of 0.04.",0,"### Decision:
I'll **purchase Firm 0** (choose number 0) because: 
- Positive profit of 0.26 available.
- Unlikely to improve with additional search cost of 0.02.","C9 Search #1 (Searched:1/4, SearchCost:0.00, BestProfit:0.26@F0) → Purchase F0",0.22,0.04,"[0.86, 0.22, 0.8, 0.22]"
4,2,C10,True,"Yes, because personalized recommendations with 4 firms likely reduce search costs more than the privacy cost of 0.043.",2,"### Decision:
I'll **purchase Firm 2** (choose number 2) because: 
- Offers positive profit of 0.25.
- Rational to buy when positive profit is available, avoiding unnecessary search cost.","C10 Search #1 (Searched:1/4, SearchCost:0.00, BestProfit:0.25@F2) → Purchase F2",0.21,0.043,"[0.47, 0.14, 0.8, 0.43]"
4,2,C11,True,"Yes, because personalized recommendations with 4 firms likely reduce search costs more than the privacy cost of 0.042.",-1,"### Decision:
I'll **leave** (choose number -1) because: 
- The searched firm has negative profit (-0.12), offering no gain.
- Personalized sorting implies decreasing valuations, making further searches unlikely to yield positive profit and justifying avoiding additional search cost.","C11 Search #1 (Searched:1/4, SearchCost:0.00, BestProfit:-0.12@F3) → Leave Market",-0.04,0.042,"[0.35, 0.27, 0.27, 0.42]"
4,2,C12,True,"Yes, because personalized recommendations for 4 firms reduce expected search costs and may improve product selection, outweighing the privacy cost of 0.053.",2,"### Decision:
I'll **purchase Firm 2** (choose number 2) because: 
- Positive profit of 0.25 available.
- Additional search cost of 0.02 unlikely to yield better deal given personalized sorting.","C12 Search #1 (Searched:1/4, SearchCost:0.00, BestProfit:0.25@F2) → Purchase F2",0.2,0.053,"[0.18, 0.09, 0.8, 0.33]"
4,2,C13,True,"yes, because personalized recommendations for 4 firms significantly reduce expected search costs, outweighing the privacy cost of 0.053.",2,"### Decision:
I'll **purchase Firm 2** (choose number 2) because: 
- It offers a positive profit of 0.31.
- Rationality requires buying when positive profit is available, avoiding unnecessary search costs.","C13 Search #1 (Searched:1/4, SearchCost:0.00, BestProfit:0.31@F2) → Purchase F2",0.26,0.053,"[0.46, 0.69, 0.86, 0.42]"
4,2,C14,True,"Yes, because personalized recommendations with 4 firms likely reduce search costs and improve deal quality, outweighing the privacy cost of 0.046.",3,"### Decision:
I'll **purchase Firm 3** because: 
- It offers a positive profit of 0.26 with no further search cost.
- Personalized recommendations indicate it is likely the best option, reducing risk of better deals.","C14 Search #1 (Searched:1/4, SearchCost:0.00, BestProfit:0.26@F3) → Purchase F3",0.21,0.046,"[0.46, 0.19, 0.03, 0.8]"
4,2,C15,True,"Yes, because personalized recommendations with 4 firms significantly reduce expected search costs, outweighing the low privacy cost of 0.029.",-1,"### Decision:
I'll **leave** (choose number -1) because: 
- The highest-valuation searched firm has negative profit (-0.05).
- Further searches are unlikely to yield positive returns, given sorted recommendations and search cost of 0.02.","C15 Search #1 (Searched:1/4, SearchCost:0.00, BestProfit:-0.05@F3) → Leave Market",-0.03,0.029,"[0.26, 0.17, 0.04, 0.49]"
4,2,C16,True,"Yes, because personalized recommendations with 4 firms can significantly reduce search costs, outweighing the privacy cost of 0.052.",3,"### Decision:
I'll **purchase Firm 3** (choose number 3) because: 
- The firm offers a positive profit of 0.3.
- With data shared and search sorted by highest valuation, additional searches are unlikely to yield a better deal, avoiding unnecessary search cost.","C16 Search #1 (Searched:1/4, SearchCost:0.00, BestProfit:0.30@F3) → Purchase F3",0.25,0.052,"[0.06, 0.08, 0.17, 0.84]"
4,2,C17,True,"Yes, because personalized recommendations with 4 firms likely reduce search costs significantly, outweighing the privacy cost of 0.038.",1,"### Decision:
I'll **purchase Firm 1** (choose number 1) because: 
- Firm 1 offers a positive profit of 0.43.
- Personalized sorting by valuation indicates it is likely the best deal, making further search unnecessary.","C17 Search #1 (Searched:1/4, SearchCost:0.00, BestProfit:0.43@F1) → Purchase F1",0.39,0.038,"[0.1, 1.0, 0.16, 0.12]"
4,2,C18,True,"Yes, because personalized recommendations with 4 firms significantly reduce expected search costs and improve deal quality, outweighing the privacy cost of 0.054.",3,"### Decision:
I'll **purchase Firm 3** (choose number 3) because: 
- Positive profit of 0.13 available.
- Sorted recommendations suggest it's likely the best option.","C18 Search #1 (Searched:1/4, SearchCost:0.00, BestProfit:0.13@F3) → Purchase F3",0.08,0.054,"[0.26, 0.39, 0.44, 0.67]"
4,2,C19,True,"Yes, because the potential search cost savings from personalized recommendations with 4 firms likely exceed the low privacy cost of 0.034.",0,"### Decision:
I'll **purchase Firm 0** because: 
- Positive profit of 0.38 available.
- Additional search cost of 0.02 unlikely to yield a better deal.","C19 Search #1 (Searched:1/4, SearchCost:0.00, BestProfit:0.38@F0) → Purchase F0",0.35,0.034,"[0.98, 0.02, 0.75, 0.67]"
4,2,C20,True,"Yes, because personalized recommendations with 4 firms significantly reduce expected search costs, outweighing the privacy cost of 0.044.",0,"### Decision:
I'll **purchase Firm 0** (choose number 0) because: 
- Firm 0 offers positive profit of 0.39.
- Personalized sorting indicates it is likely the best option, minimizing further search costs.","C20 Search #1 (Searched:1/4, SearchCost:0.00, BestProfit:0.39@F0) → Purchase F0",0.35,0.044,"[0.99, 0.0, 0.19, 0.67]"
4,3,C1,True,"Yes, because with 4 firms, personalized recommendations reduce search costs and improve deal quality, likely outweighing the privacy cost of 0.051 based on observed high-revenue outcomes from similar consumers.",3,"### Decision:
I'll **purchase Firm 3** because: 
- Positive profit of 0.16 available.
- Data sharing sorts searches high to low, making further search unlikely to improve the deal.","C1 Search #1 (Searched:1/4, SearchCost:0.00, BestProfit:0.16@F3) → Purchase F3",0.11,0.051,"[0.64, 0.03, 0.27, 0.72]"
4,3,C2,True,"Yes, because personalized recommendations with 4 firms will likely reduce search costs significantly, outweighing the low privacy cost of 0.031.",2,"### Decision:
I'll **purchase Firm 2** (choose number 2) because: 
- Positive profit of 0.36 ensures immediate gain.
- Personalized recommendations suggest it's the best deal, making further search inefficient.","C2 Search #1 (Searched:1/4, SearchCost:0.00, BestProfit:0.36@F2) → Purchase F2",0.33,0.031,"[0.05, 0.47, 0.9, 0.48]"
4,3,C3,True,"Yes, because with 4 firms, personalized recommendations significantly reduce expected search costs, likely outweighing the privacy cost of 0.055.",3,"### Decision:
I'll **purchase Firm 3** (choose number 3) because: 
- It offers a positive profit of 0.33.
- With shared data and sorted recommendations, it's likely the best option, avoiding unnecessary search costs.","C3 Search #1 (Searched:1/4, SearchCost:0.00, BestProfit:0.33@F3) → Purchase F3",0.27,0.055,"[0.14, 0.44, 0.6, 0.89]"
4,3,C4,True,"Yes, because personalized recommendations with 4 firms significantly reduce expected search costs, outweighing the privacy cost of 0.049.",2,"### Decision:
I'll **purchase Firm 2** (choose number 2) because: 
- The firm offers a positive profit of 0.32.
- Rational to buy immediately to avoid unnecessary search costs.","C4 Search #1 (Searched:1/4, SearchCost:0.00, BestProfit:0.32@F2) → Purchase F2",0.27,0.049,"[0.32, 0.03, 0.86, 0.62]"
4,3,C5,True,"Yes, because personalized recommendations with 4 firms will likely reduce search costs significantly, outweighing the privacy cost of 0.028.",0,"### Decision:
I'll **purchase Firm 0** (choose number 0) because: 
- Positive profit of 0.11 available.
- Search cost of 0.02 unlikely to yield better profit given sorted recommendations.","C5 Search #1 (Searched:1/4, SearchCost:0.00, BestProfit:0.11@F0) → Purchase F0",0.08,0.028,"[0.65, 0.57, 0.03, 0.22]"
4,3,C6,True,"Yes, because personalized recommendations with 4 firms significantly reduce expected search costs, outweighing the privacy cost of 0.034.",3,"### Decision:  
I'll **purchase Firm 3** (choose number 3) because:  
- Positive profit of 0.35 available  
- Unlikely to improve with additional search cost of 0.02","C6 Search #1 (Searched:1/4, SearchCost:0.00, BestProfit:0.35@F3) → Purchase F3",0.32,0.034,"[0.22, 0.61, 0.6, 0.91]"
4,3,C7,True,"Yes, because personalized recommendations with 4 firms reduce search costs, outweighing the privacy cost of 0.03.",0,"### Decision:
I'll **purchase Firm 0** (choose number 0) because: 
- Positive profit of 0.01 available.
- Search cost of 0.02 unlikely to yield better profit given sorted recommendations.","C7 Search #1 (Searched:1/4, SearchCost:0.00, BestProfit:0.01@F0) → Purchase F0",-0.02,0.03,"[0.55, 0.41, 0.48, 0.13]"
4,3,C8,True,"Yes, because personalized recommendations with 4 firms significantly reduce expected search costs, outweighing the 0.05 privacy cost.",-1,"### Decision:
I'll **leave** (choose number -1) because: 
- The searched firm has negative profit.
- With sorted valuations decreasing, further searches are unlikely to yield positive profit, adding unnecessary cost.","C8 Search #1 (Searched:1/4, SearchCost:0.00, BestProfit:-0.10@F1) → Leave Market",-0.05,0.05,"[0.22, 0.44, 0.36, 0.09]"
4,3,C9,True,"Yes, because with 4 firms, personalized recommendations significantly reduce expected search costs, likely exceeding the privacy cost of 0.04.",0,"### Decision:
I'll **purchase Firm 0** (choose number 0) because: 
- Positive profit of 0.32 available.
- Unlikely to improve with additional search cost of 0.02.","C9 Search #1 (Searched:1/4, SearchCost:0.00, BestProfit:0.32@F0) → Purchase F0",0.28,0.04,"[0.86, 0.22, 0.8, 0.22]"
4,3,C10,True,"Yes, because personalized recommendations with 4 firms likely reduce search costs significantly, outweighing the privacy cost of 0.043.",2,"### Decision:
I'll **purchase Firm 2** (choose number 2) because: 
- Offers positive profit of 0.26.
- Rational to buy when positive profit is available, avoiding additional search costs.","C10 Search #1 (Searched:1/4, SearchCost:0.00, BestProfit:0.26@F2) → Purchase F2",0.22,0.043,"[0.47, 0.14, 0.8, 0.43]"
4,3,C11,True,"Yes, because personalized recommendations with 4 firms significantly reduce expected search costs, likely outweighing the privacy cost of 0.042.",-1,"### Decision:
I'll **leave** (choose number -1) because: 
- The searched firm has negative profit (-0.14), offering no gain.
- Personalized sorting implies decreasing valuations, making further searches unlikely to yield positive profit and justifying avoiding the 0.02 search cost.","C11 Search #1 (Searched:1/4, SearchCost:0.00, BestProfit:-0.14@F3) → Leave Market",-0.04,0.042,"[0.35, 0.27, 0.27, 0.42]"
4,3,C12,True,"Yes, because personalized recommendations with 4 firms are likely to reduce search costs significantly, outweighing the privacy cost of 0.053.",2,"### Decision:
I'll **purchase Firm 2** (choose number 2) because: 
- Positive profit of 0.26 available.
- Additional search cost of 0.02 unlikely to yield better deal given personalized sorting by valuation.","C12 Search #1 (Searched:1/4, SearchCost:0.00, BestProfit:0.26@F2) → Purchase F2",0.21,0.053,"[0.18, 0.09, 0.8, 0.33]"
4,3,C13,True,"yes, because personalized recommendations with 4 firms likely reduce search costs substantially, outweighing the privacy cost of 0.053.",2,"### Decision:
I'll **purchase Firm 2** (choose number 2) because: 
- It offers a positive profit of 0.32.
- With personalized recommendations sorting by highest valuation first, further searches are unlikely to improve profit enough to justify the 0.02 cost.","C13 Search #1 (Searched:1/4, SearchCost:0.00, BestProfit:0.32@F2) → Purchase F2",0.27,0.053,"[0.46, 0.69, 0.86, 0.42]"
4,3,C14,True,"Yes, because personalized recommendations with 4 firms significantly reduce search costs and likely improve deal quality, outweighing the privacy cost of 0.046.",3,"### Decision:
I'll **purchase Firm 3** because: 
- It offers a positive profit of 0.24 with no additional search cost.
- Personalized recommendations likely make it the best option, minimizing risk of better deals.","C14 Search #1 (Searched:1/4, SearchCost:0.00, BestProfit:0.24@F3) → Purchase F3",0.19,0.046,"[0.46, 0.19, 0.03, 0.8]"
4,3,C15,True,"Yes, because personalized recommendations with 4 firms will likely reduce search costs substantially, outweighing the low privacy cost of 0.029.",-1,"### Decision:
I'll **leave** (choose number -1) because: 
- The highest-valuation firm has negative profit (-0.07).
- Further searches are unlikely to yield positive returns due to sorted recommendations and search cost of 0.02.","C15 Search #1 (Searched:1/4, SearchCost:0.00, BestProfit:-0.07@F3) → Leave Market",-0.03,0.029,"[0.26, 0.17, 0.04, 0.49]"
4,3,C16,True,"Yes, because personalized recommendations with 4 firms will likely reduce search costs significantly, outweighing the privacy cost of 0.052.",3,"### Decision:
I'll **purchase Firm 3** (choose number 3) because: 
- The firm offers a positive profit of 0.28.
- With data shared and search sorted by highest valuation, additional searches are unlikely to yield a better deal, avoiding unnecessary search cost.","C16 Search #1 (Searched:1/4, SearchCost:0.00, BestProfit:0.28@F3) → Purchase F3",0.23,0.052,"[0.06, 0.08, 0.17, 0.84]"
4,3,C17,True,"Yes, because personalized recommendations with 4 firms likely reduce search costs significantly, outweighing the privacy cost of 0.038.",1,"### Decision:
I'll **purchase Firm 1** (choose number 1) because: 
- Firm 1 offers a positive profit of 0.46.
- Personalized recommendations suggest it is the best deal, so further search is unnecessary.","C17 Search #1 (Searched:1/4, SearchCost:0.00, BestProfit:0.46@F1) → Purchase F1",0.42,0.038,"[0.1, 1.0, 0.16, 0.12]"
4,3,C18,True,"Yes, because personalized recommendations with 4 firms significantly reduce search costs and improve deal quality, outweighing the privacy cost of 0.054.",3,"### Decision:
I'll **purchase Firm 3** (choose number 3) because: 
- Positive profit of 0.11 available.
- Sorted recommendations suggest it's the best option.","C18 Search #1 (Searched:1/4, SearchCost:0.00, BestProfit:0.11@F3) → Purchase F3",0.06,0.054,"[0.26, 0.39, 0.44, 0.67]"
4,3,C19,True,"Yes, because personalized recommendations with 4 firms significantly reduce expected search costs, outweighing the privacy cost of 0.034.",0,"### Decision:
I'll **purchase Firm 0** because: 
- Positive profit of 0.44 available.
- With data sharing, the search sequence is sorted by highest valuation first, so additional search is unlikely to improve the deal.","C19 Search #1 (Searched:1/4, SearchCost:0.00, BestProfit:0.44@F0) → Purchase F0",0.41,0.034,"[0.98, 0.02, 0.75, 0.67]"
4,3,C20,True,"Yes, because personalized recommendations with 4 firms reduce search costs significantly, outweighing the privacy cost of 0.044.",0,"### Decision:
I'll **purchase Firm 0** (choose number 0) because: 
- Firm 0 offers a positive profit of 0.45.
- Personalized recommendations suggest it is the best option, minimizing further search costs.","C20 Search #1 (Searched:1/4, SearchCost:0.00, BestProfit:0.45@F0) → Purchase F0",0.41,0.044,"[0.99, 0.0, 0.19, 0.67]"
4,4,C1,True,"Yes, because with 4 firms, personalized recommendations significantly reduce search costs and improve deal quality, outweighing the privacy cost of 0.051 based on high revenues from similar consumers who shared data.",3,"### Decision:
I'll **purchase Firm 3** because: 
- Positive profit of 0.14 available.
- Data sharing sorts searches high to low, making further search unlikely to improve the deal.","C1 Search #1 (Searched:1/4, SearchCost:0.00, BestProfit:0.14@F3) → Purchase F3",0.09,0.051,"[0.64, 0.03, 0.27, 0.72]"
4,4,C2,True,"Yes, because with 4 firms, personalized recommendations significantly reduce search costs, outweighing the low privacy cost of 0.031.",2,"### Decision:
I'll **purchase Firm 2** (choose number 2) because: 
- Positive profit of 0.34 ensures immediate gain.
- Personalized recommendations indicate it's likely the best deal, making further search inefficient.","C2 Search #1 (Searched:1/4, SearchCost:0.00, BestProfit:0.34@F2) → Purchase F2",0.31,0.031,"[0.05, 0.47, 0.9, 0.48]"
4,4,C3,True,"Yes, because personalized recommendations with 4 firms significantly reduce search costs, likely outweighing the privacy cost of 0.055.",3,"### Decision:
I'll **purchase Firm 3** (choose number 3) because: 
- It offers a positive profit of 0.31.
- With shared data and sorted recommendations, it's likely the best option, avoiding unnecessary search costs.","C3 Search #1 (Searched:1/4, SearchCost:0.00, BestProfit:0.31@F3) → Purchase F3",0.26,0.055,"[0.14, 0.44, 0.6, 0.89]"
4,4,C4,True,"Yes, because personalized recommendations with 4 firms significantly reduce expected search costs, outweighing the privacy cost of 0.049.",2,"### Decision:
I'll **purchase Firm 2** (choose number 2) because: 
- The firm offers a positive profit of 0.30.
- Searching further incurs a 0.02 cost with likely diminishing returns.","C4 Search #1 (Searched:1/4, SearchCost:0.00, BestProfit:0.30@F2) → Purchase F2",0.25,0.049,"[0.32, 0.03, 0.86, 0.62]"
4,4,C5,True,"Yes, because personalized recommendations with 4 firms maximize expected profit by reducing search costs and improving deal quality, outweighing the privacy cost of 0.028.",0,"### Decision:
I'll **purchase Firm 0** (choose number 0) because: 
- Positive profit of 0.09 available.
- Additional search cost of 0.02 unlikely to yield better profit given sorted recommendations.","C5 Search #1 (Searched:1/4, SearchCost:0.00, BestProfit:0.09@F0) → Purchase F0",0.06,0.028,"[0.65, 0.57, 0.03, 0.22]"
4,4,C6,True,"Yes, because personalized recommendations with 4 firms significantly reduce search costs, outweighing the privacy cost of 0.034.",3,"### Decision:  
I'll **purchase Firm 3** (choose number 3) because:  
- Positive profit of 0.33 available  
- Unlikely to improve with additional search cost of 0.02","C6 Search #1 (Searched:1/4, SearchCost:0.00, BestProfit:0.33@F3) → Purchase F3",0.3,0.034,"[0.22, 0.61, 0.6, 0.91]"
4,4,C7,True,"Yes, because with 4 firms, personalized recommendations significantly reduce expected search costs, outweighing the privacy cost of 0.03.",-1,"### Decision:
I'll **leave** (choose number -1) because: 
- The searched firm has negative profit (-0.01).
- As the highest-valuation firm, further searches are unlikely to yield positive profit, adding unnecessary cost.","C7 Search #1 (Searched:1/4, SearchCost:0.00, BestProfit:-0.01@F0) → Leave Market",-0.03,0.03,"[0.55, 0.41, 0.48, 0.13]"
4,4,C8,True,"Yes, because personalized recommendations with 4 firms significantly reduce expected search costs, offsetting the 0.05 privacy cost.",-1,"### Decision:
I'll **leave** (choose number -1) because: 
- The searched firm has negative profit (-0.06).
- Sorted valuations suggest further searches will not yield positive profit, adding unnecessary cost.","C8 Search #1 (Searched:1/4, SearchCost:0.00, BestProfit:-0.06@F1) → Leave Market",-0.05,0.05,"[0.22, 0.44, 0.36, 0.09]"
4,4,C9,True,"Yes, because personalized recommendations with 4 firms significantly reduce expected search costs, likely exceeding the privacy cost of 0.04.",0,"### Decision:  
I'll **purchase Firm 0** (choose number 0) because:  
- Positive profit of 0.30 available.  
- Unlikely to improve with additional search cost of 0.02.","C9 Search #1 (Searched:1/4, SearchCost:0.00, BestProfit:0.30@F0) → Purchase F0",0.26,0.04,"[0.86, 0.22, 0.8, 0.22]"
4,4,C10,True,"Yes, because personalized recommendations with 4 firms significantly reduce search costs and improve deal quality, outweighing the privacy cost of 0.043.",2,"### Decision:
I'll **purchase Firm 2** (choose number 2) because: 
- Offers positive profit of 0.24.
- Rational to buy when positive profit is available, avoiding additional search costs.","C10 Search #1 (Searched:1/4, SearchCost:0.00, BestProfit:0.24@F2) → Purchase F2",0.2,0.043,"[0.47, 0.14, 0.8, 0.43]"
4,4,C11,True,"Yes, because personalized recommendations with 4 firms significantly reduce expected search costs, likely outweighing the privacy cost of 0.042.",-1,"### Decision:
I'll **leave** (choose number -1) because: 
- The searched firm has negative profit (-0.16), offering no gain.
- Personalized sorting by decreasing valuation makes further searches unlikely to yield positive profit, and the 0.02 search cost is unjustified.","C11 Search #1 (Searched:1/4, SearchCost:0.00, BestProfit:-0.16@F3) → Leave Market",-0.04,0.042,"[0.35, 0.27, 0.27, 0.42]"
4,4,C12,True,"Yes, because personalized recommendations for 4 firms significantly reduce expected search costs, outweighing the privacy cost of 0.053.",2,"### Decision:
I'll **purchase Firm 2** (choose number 2) because: 
- Positive profit of 0.24 available.
- Additional search cost of 0.02 unlikely to yield better deal given personalized sorting.","C12 Search #1 (Searched:1/4, SearchCost:0.00, BestProfit:0.24@F2) → Purchase F2",0.19,0.053,"[0.18, 0.09, 0.8, 0.33]"
4,4,C13,True,"Yes, because personalized recommendations with 4 firms significantly reduce expected search costs, outweighing the privacy cost of 0.053.",2,"### Decision:
I'll **purchase Firm 2** (choose number 2) because: 
- It offers a positive profit of 0.30.
- With personalized recommendations sorting by highest valuation, further searches are unlikely to improve profit enough to justify the 0.02 search cost.","C13 Search #1 (Searched:1/4, SearchCost:0.00, BestProfit:0.30@F2) → Purchase F2",0.25,0.053,"[0.46, 0.69, 0.86, 0.42]"
4,4,C14,True,"Yes, because personalized recommendations with 4 firms reduce search costs and ensure a better deal, outweighing the privacy cost of 0.046.",3,"### Decision:
I'll **purchase Firm 3** because: 
- It offers a positive profit of 0.22 with no additional search cost.
- Personalized recommendations likely make it the best option, minimizing risk of better deals.","C14 Search #1 (Searched:1/4, SearchCost:0.00, BestProfit:0.22@F3) → Purchase F3",0.17,0.046,"[0.46, 0.19, 0.03, 0.8]"
4,4,C15,True,"Yes, because personalized recommendations with 4 firms likely reduce search costs substantially, outweighing the low privacy cost of 0.029.",-1,"### Decision:
I'll **leave** (choose number -1) because: 
- The highest-valuation firm has negative profit (-0.09).
- Further searches are unlikely to yield positive returns due to sorted recommendations and search cost of 0.02.","C15 Search #1 (Searched:1/4, SearchCost:0.00, BestProfit:-0.09@F3) → Leave Market",-0.03,0.029,"[0.26, 0.17, 0.04, 0.49]"
4,4,C16,True,"Yes, because personalized recommendations with 4 firms reduce search costs and improve deal quality, outweighing the privacy cost of 0.052.",3,"### Decision:
I'll **purchase Firm 3** (choose number 3) because: 
- The firm offers a positive profit of 0.26.
- With data shared and search sorted by highest valuation, additional searches are unlikely to yield a better deal, avoiding unnecessary search cost.","C16 Search #1 (Searched:1/4, SearchCost:0.00, BestProfit:0.26@F3) → Purchase F3",0.21,0.052,"[0.06, 0.08, 0.17, 0.84]"
4,4,C17,True,"Yes, because personalized recommendations with 4 firms significantly reduce search costs, outweighing the privacy cost of 0.038.",1,"### Decision:
I'll **purchase Firm 1** (choose number 1) because: 
- Firm 1 offers a positive profit of 0.5.
- Personalized recommendations suggest it is likely the best deal, making further search unnecessary.","C17 Search #1 (Searched:1/4, SearchCost:0.00, BestProfit:0.50@F1) → Purchase F1",0.46,0.038,"[0.1, 1.0, 0.16, 0.12]"
4,4,C18,True,"Yes, because personalized recommendations with 4 firms significantly reduce search costs, outweighing the privacy cost of 0.054.",3,"### Decision:
I'll **purchase Firm 3** (choose number 3) because: 
- Positive profit of 0.09 available.
- Personalized recommendations indicate it's the best option.","C18 Search #1 (Searched:1/4, SearchCost:0.00, BestProfit:0.09@F3) → Purchase F3",0.04,0.054,"[0.26, 0.39, 0.44, 0.67]"
4,4,C19,True,"Yes, because personalized recommendations with 4 firms significantly reduce expected search costs, outweighing the privacy cost of 0.034.",0,"### Decision:
I'll **purchase Firm 0** because: 
- Positive profit of 0.42 available.
- With data sharing, search sequence is sorted by highest valuation, so additional search unlikely to yield better deal.","C19 Search #1 (Searched:1/4, SearchCost:0.00, BestProfit:0.42@F0) → Purchase F0",0.39,0.034,"[0.98, 0.02, 0.75, 0.67]"
4,4,C20,True,"Yes, because personalized recommendations with 4 firms significantly reduce expected search costs, outweighing the privacy cost of 0.044.",0,"### Decision:
I'll **purchase Firm 0** (choose number 0) because: 
- Firm 0 offers a positive profit of 0.43.
- Personalized recommendations suggest it is the best option, minimizing further search costs.","C20 Search #1 (Searched:1/4, SearchCost:0.00, BestProfit:0.43@F0) → Purchase F0",0.39,0.044,"[0.99, 0.0, 0.19, 0.67]"
4,5,C1,True,"Yes, because with 4 firms, personalized recommendations significantly reduce search costs and improve deal quality, outweighing the privacy cost of 0.051 based on high revenues from similar consumers who shared data.",3,"### Decision:
I'll **purchase Firm 3** because: 
- Positive profit of 0.12 available.
- Data sharing sorts searches high to low, making further search unlikely to improve the deal.","C1 Search #1 (Searched:1/4, SearchCost:0.00, BestProfit:0.12@F3) → Purchase F3",0.07,0.051,"[0.64, 0.03, 0.27, 0.72]"
4,5,C2,True,"Yes, because personalized recommendations with 4 firms significantly reduce expected search costs, outweighing the low privacy cost of 0.031.",2,"### Decision:
I'll **purchase Firm 2** (choose number 2) because: 
- Positive profit of 0.32 ensures immediate gain.
- Personalized recommendations sorted by valuation suggest it's likely the best deal, making further search inefficient.","C2 Search #1 (Searched:1/4, SearchCost:0.00, BestProfit:0.32@F2) → Purchase F2",0.29,0.031,"[0.05, 0.47, 0.9, 0.48]"
4,5,C3,True,"Yes, because personalized recommendations with 4 firms significantly reduce search costs, likely outweighing the privacy cost of 0.055.",3,"### Decision:
I'll **purchase Firm 3** (choose number 3) because: 
- It offers a positive profit of 0.29.
- With shared data and sorted recommendations, it's likely the best option, avoiding unnecessary search costs.","C3 Search #1 (Searched:1/4, SearchCost:0.00, BestProfit:0.29@F3) → Purchase F3",0.24,0.055,"[0.14, 0.44, 0.6, 0.89]"
4,5,C4,True,"Yes, because personalized recommendations with 4 firms significantly reduce expected search costs, outweighing the privacy cost of 0.049.",2,"### Decision:
I'll **purchase Firm 2** (choose number 2) because: 
- The firm offers a positive profit of 0.28.
- Further searches cost 0.02 with likely low gains due to personalized ordering.","C4 Search #1 (Searched:1/4, SearchCost:0.00, BestProfit:0.28@F2) → Purchase F2",0.23,0.049,"[0.32, 0.03, 0.86, 0.62]"
4,5,C5,True,"Yes, because personalized recommendations with 4 firms will likely reduce search costs significantly, outweighing the privacy cost of 0.028.",0,"### Decision:
I'll **purchase Firm 0** (choose number 0) because: 
- Positive profit of 0.07 available.
- Additional search cost of 0.02 unlikely to yield better profit given sorted recommendations.","C5 Search #1 (Searched:1/4, SearchCost:0.00, BestProfit:0.07@F0) → Purchase F0",0.04,0.028,"[0.65, 0.57, 0.03, 0.22]"
4,5,C6,True,"Yes, because personalized recommendations with 4 firms significantly reduce expected search costs, outweighing the privacy cost of 0.034.",3,"### Decision:  
I'll **purchase Firm 3** (choose number 3) because:  
- Positive profit of 0.31 available  
- Unlikely to improve with additional search cost of 0.02","C6 Search #1 (Searched:1/4, SearchCost:0.00, BestProfit:0.31@F3) → Purchase F3",0.28,0.034,"[0.22, 0.61, 0.6, 0.91]"
4,5,C7,True,"Yes, because personalized recommendations with 4 firms significantly reduce expected search costs, outweighing the privacy cost of 0.03.",-1,"### Decision:
I'll **leave** (choose number -1) because: 
- The searched firm has negative profit (-0.03).
- With personalized sorting, the highest-valuation firm is already unprofitable, making further searches unlikely to yield positive profit.","C7 Search #1 (Searched:1/4, SearchCost:0.00, BestProfit:-0.03@F0) → Leave Market",-0.03,0.03,"[0.55, 0.41, 0.48, 0.13]"
4,5,C8,True,"Yes, because personalized recommendations with 4 firms significantly reduce expected search costs, outweighing the 0.05 privacy cost.",-1,"### Decision:
I'll **leave** (choose number -1) because: 
- The searched firm has negative profit (-0.12).
- With sorted valuations decreasing, further searches are unlikely to yield positive profit, adding unnecessary cost.","C8 Search #1 (Searched:1/4, SearchCost:0.00, BestProfit:-0.12@F1) → Leave Market",-0.05,0.05,"[0.22, 0.44, 0.36, 0.09]"
4,5,C9,True,"Yes, because personalized recommendations with 4 firms significantly reduce expected search costs, outweighing the privacy cost of 0.04.",0,"### Decision:
I'll **purchase Firm 0** (choose number 0) because: 
- Positive profit of 0.28 available.
- Unlikely to improve with additional search cost of 0.02.","C9 Search #1 (Searched:1/4, SearchCost:0.00, BestProfit:0.28@F0) → Purchase F0",0.24,0.04,"[0.86, 0.22, 0.8, 0.22]"
4,5,C10,True,"Yes, because personalized recommendations with 4 firms significantly reduce search costs, outweighing the privacy cost of 0.043.",2,"### Decision:
I'll **purchase Firm 2** (choose number 2) because: 
- Offers positive profit of 0.22.
- Rational to buy immediately to avoid additional search costs.","C10 Search #1 (Searched:1/4, SearchCost:0.00, BestProfit:0.22@F2) → Purchase F2",0.18,0.043,"[0.47, 0.14, 0.8, 0.43]"
4,5,C11,True,"Yes, because personalized recommendations with 4 firms can reduce search costs and improve deal-finding efficiency, likely outweighing the 0.042 privacy cost.",-1,"### Decision:  
I'll **leave** (choose number -1) because:  
- The searched firm has negative profit (-0.18), offering no gain.  
- Personalized sorting by decreasing valuation makes further searches unlikely to yield positive profit, and the 0.02 search cost is unjustified.","C11 Search #1 (Searched:1/4, SearchCost:0.00, BestProfit:-0.18@F3) → Leave Market",-0.04,0.042,"[0.35, 0.27, 0.27, 0.42]"
4,5,C12,True,"Yes, because personalized recommendations with 4 firms significantly reduce expected search costs, outweighing the privacy cost of 0.053.",2,"### Decision:
I'll **purchase Firm 2** (choose number 2) because: 
- Positive profit of 0.22 available.
- Additional search cost of 0.02 unlikely to yield better deal given personalized sorting.","C12 Search #1 (Searched:1/4, SearchCost:0.00, BestProfit:0.22@F2) → Purchase F2",0.17,0.053,"[0.18, 0.09, 0.8, 0.33]"
4,5,C13,True,"Yes, because personalized recommendations with 4 firms significantly reduce expected search costs, outweighing the privacy cost of 0.053.",2,"### Decision:
I'll **purchase Firm 2** (choose number 2) because: 
- It offers a positive profit of 0.28.
- With personalized recommendations sorting by highest value, further searches are unlikely to improve profit enough to justify the 0.02 search cost.","C13 Search #1 (Searched:1/4, SearchCost:0.00, BestProfit:0.28@F2) → Purchase F2",0.23,0.053,"[0.46, 0.69, 0.86, 0.42]"
4,5,C14,True,"Yes, because personalized recommendations with 4 firms reduce search costs and improve deal quality, outweighing the privacy cost of 0.046.",3,"### Decision:
I'll **purchase Firm 3** because: 
- It offers a positive profit of 0.2 with no additional search cost.
- Personalized recommendations likely present it as the best option, minimizing risk of better deals.","C14 Search #1 (Searched:1/4, SearchCost:0.00, BestProfit:0.20@F3) → Purchase F3",0.15,0.046,"[0.46, 0.19, 0.03, 0.8]"
4,5,C15,True,"Yes, because personalized recommendations with 4 firms significantly reduce expected search costs, outweighing the low privacy cost of 0.029.",-1,"### Decision:
I'll **leave** (choose number -1) because: 
- The highest-valuation firm has negative profit (-0.11).
- Further searches with decreasing valuation are unlikely to yield positive returns, given the search cost of 0.02.","C15 Search #1 (Searched:1/4, SearchCost:0.00, BestProfit:-0.11@F3) → Leave Market",-0.03,0.029,"[0.26, 0.17, 0.04, 0.49]"
4,5,C16,True,"Yes, because personalized recommendations with 4 firms significantly reduce expected search costs, outweighing the privacy cost of 0.052.",3,"### Decision:
I'll **purchase Firm 3** (choose number 3) because: 
- The firm offers a positive profit of 0.24.
- With data shared and search sorted by highest valuation, additional searches are unlikely to yield a better deal, avoiding unnecessary search cost.","C16 Search #1 (Searched:1/4, SearchCost:0.00, BestProfit:0.24@F3) → Purchase F3",0.19,0.052,"[0.06, 0.08, 0.17, 0.84]"
4,5,C17,True,"Yes, because personalized recommendations with 4 firms significantly reduce expected search costs, likely outweighing the privacy cost of 0.038.",1,"### Decision:
I'll **purchase Firm 1** (choose number 1) because: 
- Firm 1 offers a positive profit of 0.44.
- Personalized recommendations suggest it is likely the best deal, making further search unnecessary.","C17 Search #1 (Searched:1/4, SearchCost:0.00, BestProfit:0.44@F1) → Purchase F1",0.4,0.038,"[0.1, 1.0, 0.16, 0.12]"
4,5,C18,True,"Yes, because personalized recommendations with 4 firms significantly reduce search costs and improve deal quality, outweighing the privacy cost of 0.054.",3,"### Decision:
I'll **purchase Firm 3** (choose number 3) because: 
- Positive profit of 0.07 available.
- Personalized recommendations indicate it's the best option.","C18 Search #1 (Searched:1/4, SearchCost:0.00, BestProfit:0.07@F3) → Purchase F3",0.02,0.054,"[0.26, 0.39, 0.44, 0.67]"
4,5,C19,True,"Yes, because personalized recommendations with 4 firms significantly reduce expected search costs, outweighing the privacy cost of 0.034.",0,"### Decision:
I'll **purchase Firm 0** because: 
- Positive profit of 0.40 available.
- With data sharing, search sequence sorted by highest valuation, so additional search unlikely to improve deal.","C19 Search #1 (Searched:1/4, SearchCost:0.00, BestProfit:0.40@F0) → Purchase F0",0.37,0.034,"[0.98, 0.02, 0.75, 0.67]"
4,5,C20,True,"Yes, because personalized recommendations with 4 firms significantly reduce expected search costs, outweighing the privacy cost of 0.044.",0,"### Decision:
I'll **purchase Firm 0** (choose number 0) because: 
- Firm 0 offers a positive profit of 0.41.
- Personalized recommendations suggest it is the best option, minimizing further search costs.","C20 Search #1 (Searched:1/4, SearchCost:0.00, BestProfit:0.41@F0) → Purchase F0",0.37,0.044,"[0.99, 0.0, 0.19, 0.67]"
4,6,C1,True,"Yes, because with 4 firms, personalized recommendations reduce expected search costs and improve deal quality, outweighing the privacy cost of 0.051 based on observed high-revenue outcomes from similar consumers.",3,"### Decision:
I'll **purchase Firm 3** because: 
- Positive profit of 0.10 available.
- With data sharing, search is sorted high to low, making further search unlikely to improve the deal.","C1 Search #1 (Searched:1/4, SearchCost:0.00, BestProfit:0.10@F3) → Purchase F3",0.05,0.051,"[0.64, 0.03, 0.27, 0.72]"
4,6,C2,True,"Yes, because with 4 firms, personalized recommendations significantly reduce expected search costs, easily outweighing the low privacy cost of 0.031.",2,"### Decision:
I'll **purchase Firm 2** (choose number 2) because: 
- Positive profit of 0.30 ensures immediate gain.
- Personalized recommendations indicate it's likely the best deal, making further search inefficient.","C2 Search #1 (Searched:1/4, SearchCost:0.00, BestProfit:0.30@F2) → Purchase F2",0.27,0.031,"[0.05, 0.47, 0.9, 0.48]"
4,6,C3,True,"Yes, because personalized recommendations with 4 firms significantly reduce expected search costs and improve matching, likely outweighing the privacy cost of 0.055.",3,"### Decision:
I'll **purchase Firm 3** (choose number 3) because: 
- It offers a positive profit of 0.27.
- With shared data and sorted recommendations, it's likely the best option, avoiding unnecessary search costs.","C3 Search #1 (Searched:1/4, SearchCost:0.00, BestProfit:0.27@F3) → Purchase F3",0.22,0.055,"[0.14, 0.44, 0.6, 0.89]"
4,6,C4,True,"Yes, because personalized recommendations with 4 firms significantly reduce expected search costs, outweighing the privacy cost of 0.049.",2,"### Decision:
I'll **purchase Firm 2** (choose number 2) because: 
- The firm offers a positive profit of 0.26.
- Further searches are unlikely to improve profit due to personalized ordering, and would incur unnecessary costs.","C4 Search #1 (Searched:1/4, SearchCost:0.00, BestProfit:0.26@F2) → Purchase F2",0.21,0.049,"[0.32, 0.03, 0.86, 0.62]"
4,6,C5,True,"Yes, because personalized recommendations with 4 firms significantly reduce expected search costs, likely outweighing the privacy cost of 0.028.",0,"### Decision:
I'll **purchase Firm 0** (choose number 0) because: 
- Positive profit of 0.05 available.
- Additional search cost of 0.02 unlikely to yield better profit given sorted recommendations.","C5 Search #1 (Searched:1/4, SearchCost:0.00, BestProfit:0.05@F0) → Purchase F0",0.02,0.028,"[0.65, 0.57, 0.03, 0.22]"
4,6,C6,True,"Yes, because personalized recommendations with 4 firms significantly reduce expected search costs, outweighing the privacy cost of 0.034.",3,"### Decision:  
I'll **purchase Firm 3** (choose number 3) because:  
- Positive profit of 0.29 available  
- Unlikely to improve with additional search cost of 0.02","C6 Search #1 (Searched:1/4, SearchCost:0.00, BestProfit:0.29@F3) → Purchase F3",0.26,0.034,"[0.22, 0.61, 0.6, 0.91]"
4,6,C7,True,"Yes, because personalized recommendations with 4 firms significantly reduce expected search costs, likely exceeding the privacy cost of 0.03.",-1,"### Decision:
I'll **leave** (choose number -1) because: 
- The searched firm has negative profit (-0.05).
- With personalized sorting, the highest-valuation firm is unprofitable, making further searches unlikely to yield positive profit.","C7 Search #1 (Searched:1/4, SearchCost:0.00, BestProfit:-0.05@F0) → Leave Market",-0.03,0.03,"[0.55, 0.41, 0.48, 0.13]"
4,6,C8,True,"Yes, because personalized recommendations with 4 firms significantly reduce expected search costs, likely offsetting the 0.05 privacy cost.",-1,"### Decision:
I'll **leave** (choose number -1) because: 
- The searched firm has negative profit (-0.06).
- Sorted valuations suggest further searches won't yield positive profit, adding unnecessary cost.","C8 Search #1 (Searched:1/4, SearchCost:0.00, BestProfit:-0.06@F1) → Leave Market",-0.05,0.05,"[0.22, 0.44, 0.36, 0.09]"
4,6,C9,True,"Yes, because personalized recommendations with 4 firms significantly reduce expected search costs, outweighing the privacy cost of 0.04.",0,"### Decision:
I'll **purchase Firm 0** (choose number 0) because: 
- Positive profit of 0.26 available.
- Unlikely to improve with additional search cost of 0.02.","C9 Search #1 (Searched:1/4, SearchCost:0.00, BestProfit:0.26@F0) → Purchase F0",0.22,0.04,"[0.86, 0.22, 0.8, 0.22]"
4,6,C10,True,"Yes, because with 4 firms, personalized recommendations significantly reduce search costs, outweighing the privacy cost of 0.043.",2,"### Decision:
I'll **purchase Firm 2** (choose number 2) because: 
- Offers positive profit of 0.20.
- Rational to buy immediately to avoid additional search costs.","C10 Search #1 (Searched:1/4, SearchCost:0.00, BestProfit:0.20@F2) → Purchase F2",0.16,0.043,"[0.47, 0.14, 0.8, 0.43]"
4,6,C11,False,"No, because the privacy cost of 0.042 outweighs the limited expected reduction in search costs, given consistent negative profits in past searches.",-1,"### Decision:
I'll **leave** (choose number -1) because: 
- The searched firm has negative profit (-0.33).
- Further searches cost 0.02 with low likelihood of positive profit based on history.","C11 Search #1 (Searched:1/4, SearchCost:0.00, BestProfit:-0.33@F2) → Leave Market",0.0,0.042,"[0.35, 0.27, 0.27, 0.42]"
4,6,C12,True,"Yes, because personalized recommendations with 4 firms significantly reduce expected search costs, likely outweighing the privacy cost of 0.053.",2,"### Decision:
I'll **purchase Firm 2** (choose number 2) because: 
- Positive profit of 0.20 available.
- Additional search cost of 0.02 unlikely to yield better deal given personalized sorting by valuation.","C12 Search #1 (Searched:1/4, SearchCost:0.00, BestProfit:0.20@F2) → Purchase F2",0.15,0.053,"[0.18, 0.09, 0.8, 0.33]"
4,6,C13,True,"Yes, because personalized recommendations with 4 firms significantly reduce expected search costs, outweighing the privacy cost of 0.053.",2,"### Decision:
I'll **purchase Firm 2** (choose number 2) because: 
- It offers a positive profit of 0.26.
- With personalized recommendations sorting highest value first, further searches are unlikely to justify the 0.02 cost.","C13 Search #1 (Searched:1/4, SearchCost:0.00, BestProfit:0.26@F2) → Purchase F2",0.21,0.053,"[0.46, 0.69, 0.86, 0.42]"
4,6,C14,True,"Yes, because personalized recommendations with 4 firms reduce search costs and likely improve deal quality, outweighing the privacy cost of 0.046.",3,"### Decision:
I'll **purchase Firm 3** because: 
- It offers a positive profit of 0.18 with no additional search cost.
- Personalized recommendations likely make it the best option, minimizing risk of better deals.","C14 Search #1 (Searched:1/4, SearchCost:0.00, BestProfit:0.18@F3) → Purchase F3",0.13,0.046,"[0.46, 0.19, 0.03, 0.8]"
4,6,C15,True,"Yes, because personalized recommendations with 4 firms reduce expected search costs, outweighing the low privacy cost of 0.029.",-1,"### Decision:
I'll **leave** (choose number -1) because: 
- The highest-valuation firm has negative profit (-0.13).
- Further searches are unlikely to yield positive returns due to sorted recommendations.","C15 Search #1 (Searched:1/4, SearchCost:0.00, BestProfit:-0.13@F3) → Leave Market",-0.03,0.029,"[0.26, 0.17, 0.04, 0.49]"
4,6,C16,True,"Yes, because personalized recommendations with 4 firms will likely reduce search costs and improve deal quality, outweighing the privacy cost of 0.052.",3,"### Decision:
I'll **purchase Firm 3** (choose number 3) because: 
- The firm offers a positive profit of 0.22.
- With data shared and search sorted by highest valuation, additional searches are unlikely to yield a better deal, avoiding unnecessary search cost.","C16 Search #1 (Searched:1/4, SearchCost:0.00, BestProfit:0.22@F3) → Purchase F3",0.17,0.052,"[0.06, 0.08, 0.17, 0.84]"
4,6,C17,True,"Yes, because personalized recommendations with 4 firms significantly reduce expected search costs, outweighing the privacy cost of 0.038.",1,"### Decision:
I'll **purchase Firm 1** (choose number 1) because: 
- Firm 1 offers a positive profit of 0.5.
- Personalized recommendations suggest it is likely the best deal, making further search unnecessary.","C17 Search #1 (Searched:1/4, SearchCost:0.00, BestProfit:0.50@F1) → Purchase F1",0.46,0.038,"[0.1, 1.0, 0.16, 0.12]"
4,6,C18,True,"Yes, because personalized recommendations with 4 firms significantly reduce search costs and improve deal quality, outweighing the privacy cost of 0.054.",3,"### Decision:
I'll **purchase Firm 3** (choose number 3) because: 
- Positive profit of 0.05 available.
- Personalized recommendations indicate it's the best option.","C18 Search #1 (Searched:1/4, SearchCost:0.00, BestProfit:0.05@F3) → Purchase F3",0.0,0.054,"[0.26, 0.39, 0.44, 0.67]"
4,6,C19,True,"Yes, because personalized recommendations with 4 firms significantly reduce expected search costs, outweighing the privacy cost of 0.034.",0,"### Decision:
I'll **purchase Firm 0** because: 
- Positive profit of 0.38 available.
- With data sharing, search sequence sorted by highest valuation, so additional search unlikely to yield better deal.","C19 Search #1 (Searched:1/4, SearchCost:0.00, BestProfit:0.38@F0) → Purchase F0",0.35,0.034,"[0.98, 0.02, 0.75, 0.67]"
4,6,C20,True,"yes, because personalized recommendations with 4 firms significantly reduce expected search costs, outweighing the privacy cost of 0.044.",0,"### Decision:
I'll **purchase Firm 0** (choose number 0) because: 
- Firm 0 offers a positive profit of 0.39.
- Personalized recommendations indicate it is the best option, avoiding additional search costs.","C20 Search #1 (Searched:1/4, SearchCost:0.00, BestProfit:0.39@F0) → Purchase F0",0.35,0.044,"[0.99, 0.0, 0.19, 0.67]"
4,7,C1,True,"Yes, because personalized recommendations with 4 firms significantly reduce search costs and improve deal quality, outweighing the privacy cost of 0.051.",3,"### Decision:
I'll **purchase Firm 3** because: 
- Positive profit of 0.08 available.
- With data sharing, search is sorted high to low, making further search unlikely to improve the deal.","C1 Search #1 (Searched:1/4, SearchCost:0.00, BestProfit:0.08@F3) → Purchase F3",0.03,0.051,"[0.64, 0.03, 0.27, 0.72]"
4,7,C2,True,"Yes, because personalized recommendations with 4 firms significantly reduce expected search costs, outweighing the low privacy cost of 0.031.",2,"### Decision:  
I'll **purchase Firm 2** (choose number 2) because:  
- Positive profit of 0.28 ensures immediate gain.  
- Personalized recommendations indicate it's likely the best deal, making further search inefficient.","C2 Search #1 (Searched:1/4, SearchCost:0.00, BestProfit:0.28@F2) → Purchase F2",0.25,0.031,"[0.05, 0.47, 0.9, 0.48]"
4,7,C3,True,"Yes, because personalized recommendations with 4 firms significantly reduce expected search costs and improve matching, outweighing the privacy cost of 0.055.",3,"### Decision:
I'll **purchase Firm 3** (choose number 3) because: 
- It offers a positive profit of 0.25.
- With shared data and sorted recommendations, it's likely the best option, avoiding unnecessary search costs.","C3 Search #1 (Searched:1/4, SearchCost:0.00, BestProfit:0.25@F3) → Purchase F3",0.2,0.055,"[0.14, 0.44, 0.6, 0.89]"
4,7,C4,True,"Yes, because personalized recommendations with 4 firms significantly reduce expected search costs, outweighing the privacy cost of 0.049.",2,"### Decision:
I'll **purchase Firm 2** (choose number 2) because: 
- The firm offers a positive profit of 0.24.
- Further searches cost 0.02 and are unlikely to yield better returns due to personalized ordering.","C4 Search #1 (Searched:1/4, SearchCost:0.00, BestProfit:0.24@F2) → Purchase F2",0.19,0.049,"[0.32, 0.03, 0.86, 0.62]"
4,7,C5,True,"Yes, because personalized recommendations with 4 firms reduce expected search costs and improve deal quality, outweighing the privacy cost of 0.028.",0,"### Decision:
I'll **purchase Firm 0** (choose number 0) because: 
- Positive profit of 0.03 available.
- Additional search cost of 0.02 unlikely to yield better profit given sorted recommendations.","C5 Search #1 (Searched:1/4, SearchCost:0.00, BestProfit:0.03@F0) → Purchase F0",0.0,0.028,"[0.65, 0.57, 0.03, 0.22]"
4,7,C6,True,"Yes, because personalized recommendations with 4 firms reduce expected search costs more than the privacy cost of 0.034.",3,"### Decision:  
I'll **purchase Firm 3** (choose number 3) because:  
- Positive profit of 0.27 available  
- Unlikely to improve with additional search cost of 0.02","C6 Search #1 (Searched:1/4, SearchCost:0.00, BestProfit:0.27@F3) → Purchase F3",0.24,0.034,"[0.22, 0.61, 0.6, 0.91]"
4,7,C7,True,"Yes, because personalized recommendations with 4 firms reduce expected search costs more than the privacy cost of 0.03.",-1,"### Decision:
I'll **leave** (choose number -1) because: 
- The searched firm has negative profit (-0.07).
- With personalized sorting, further searches are unlikely to yield positive profit, and the search cost of 0.02 is not justified.","C7 Search #1 (Searched:1/4, SearchCost:0.00, BestProfit:-0.07@F0) → Leave Market",-0.03,0.03,"[0.55, 0.41, 0.48, 0.13]"
4,7,C8,True,"Yes, because personalized recommendations with 4 firms significantly reduce expected search costs, likely offsetting the 0.05 privacy cost based on top consumers' positive outcomes.",-1,"### Decision:
I'll **leave** (choose number -1) because: 
- The searched firm has negative profit (-0.08).
- Sorted valuations decreasing make further searches unlikely to yield positive profit, adding unnecessary cost.","C8 Search #1 (Searched:1/4, SearchCost:0.00, BestProfit:-0.08@F1) → Leave Market",-0.05,0.05,"[0.22, 0.44, 0.36, 0.09]"
4,7,C9,True,"Yes, because personalized recommendations with 4 firms significantly reduce expected search costs, outweighing the privacy cost of 0.04.",0,"### Decision:  
I'll **purchase Firm 0** (choose number 0) because:  
- Positive profit of 0.24 available.  
- Unlikely to improve with additional search cost of 0.02.","C9 Search #1 (Searched:1/4, SearchCost:0.00, BestProfit:0.24@F0) → Purchase F0",0.2,0.04,"[0.86, 0.22, 0.8, 0.22]"
4,7,C10,True,"Yes, because personalized recommendations with 4 firms significantly reduce expected search costs, outweighing the privacy cost of 0.043.",2,"### Decision:
I'll **purchase Firm 2** (choose number 2) because: 
- Offers positive profit of 0.18.
- Rational to buy when positive profit is available, avoiding additional search costs.","C10 Search #1 (Searched:1/4, SearchCost:0.00, BestProfit:0.18@F2) → Purchase F2",0.14,0.043,"[0.47, 0.14, 0.8, 0.43]"
4,7,C11,False,"No, because the privacy cost of 0.042 outweighs the expected reduction in search costs, given my consistent history of negative profits despite data sharing.",-1,"### Decision:
I'll **leave** (choose number -1) because: 
- The searched firm has negative profit (-0.25).
- Further searches cost 0.02 with low likelihood of positive profit based on history.","C11 Search #1 (Searched:1/4, SearchCost:0.00, BestProfit:-0.25@F1) → Leave Market",0.0,0.042,"[0.35, 0.27, 0.27, 0.42]"
4,7,C12,True,"Yes, because personalized recommendations with 4 firms ensure the best deal first, reducing search costs and outweighing the privacy cost of 0.053.",2,"### Decision:  
I'll **purchase Firm 2** (choose number 2) because:  
- Positive profit of 0.18 available.  
- Personalized sorting indicates this is likely the best option, making additional search unnecessary.","C12 Search #1 (Searched:1/4, SearchCost:0.00, BestProfit:0.18@F2) → Purchase F2",0.13,0.053,"[0.18, 0.09, 0.8, 0.33]"
4,7,C13,True,"Yes, because personalized recommendations with 4 firms significantly reduce expected search costs, outweighing the privacy cost of 0.053.",2,"### Decision:
I'll **purchase Firm 2** (choose number 2) because: 
- It offers a positive profit of 0.24.
- Further searches are unlikely to improve profit enough to justify the 0.02 search cost.","C13 Search #1 (Searched:1/4, SearchCost:0.00, BestProfit:0.24@F2) → Purchase F2",0.19,0.053,"[0.46, 0.69, 0.86, 0.42]"
4,7,C14,True,"Yes, because personalized recommendations with 4 firms reduce search costs and improve deal quality, outweighing the privacy cost of 0.046.",3,"### Decision:
I'll **purchase Firm 3** (choose number 3) because: 
- It offers a positive profit of 0.16 with no additional search cost. 
- Personalized recommendations indicate it is the best option, minimizing risk of better deals.","C14 Search #1 (Searched:1/4, SearchCost:0.00, BestProfit:0.16@F3) → Purchase F3",0.11,0.046,"[0.46, 0.19, 0.03, 0.8]"
4,7,C15,True,"yes, because personalized recommendations with 4 firms significantly reduce expected search costs, outweighing the low privacy cost of 0.029.",-1,"### Decision:
I'll **leave** (choose number -1) because: 
- The highest-valuation firm has negative profit (-0.15).
- Further searches with lower valuations are unlikely to yield positive returns, given the search cost of 0.02.","C15 Search #1 (Searched:1/4, SearchCost:0.00, BestProfit:-0.15@F3) → Leave Market",-0.03,0.029,"[0.26, 0.17, 0.04, 0.49]"
4,7,C16,True,"Yes, because personalized recommendations with 4 firms greatly reduce expected search costs, outweighing the privacy cost of 0.052.",3,"### Decision:
I'll **purchase Firm 3** (choose number 3) because: 
- The firm offers a positive profit of 0.20.
- With data shared and search sorted by highest valuation, additional searches are unlikely to yield a better deal, avoiding unnecessary search cost.","C16 Search #1 (Searched:1/4, SearchCost:0.00, BestProfit:0.20@F3) → Purchase F3",0.15,0.052,"[0.06, 0.08, 0.17, 0.84]"
4,7,C17,True,"yes, because personalized recommendations with 4 firms reduce search costs significantly, outweighing the privacy cost of 0.038.",1,"### Decision:
I'll **purchase Firm 1** (choose number 1) because: 
- Firm 1 offers a positive profit of 0.48.
- Personalized recommendations suggest it is likely the best deal, making further search unnecessary.","C17 Search #1 (Searched:1/4, SearchCost:0.00, BestProfit:0.48@F1) → Purchase F1",0.44,0.038,"[0.1, 1.0, 0.16, 0.12]"
4,7,C18,False,"No, because recent low profits and high privacy cost of 0.054 outweigh the expected reduction in search costs.",3,"### Decision:
I'll **purchase Firm 3** (choose number 3) because: 
- Positive profit of 0.03 available.
- Rational to avoid additional search cost of 0.02 with uncertain improvement.","C18 Search #1 (Searched:1/4, SearchCost:0.00, BestProfit:0.03@F3) → Purchase F3",0.03,0.054,"[0.26, 0.39, 0.44, 0.67]"
4,7,C19,True,"Yes, because personalized recommendations with 4 firms reduce expected search costs significantly, outweighing the privacy cost of 0.034.",0,"### Decision:
I'll **purchase Firm 0** because: 
- Positive profit of 0.36 available.
- With data sharing, search sequence sorted by highest valuation, so additional search unlikely to yield better deal.","C19 Search #1 (Searched:1/4, SearchCost:0.00, BestProfit:0.36@F0) → Purchase F0",0.33,0.034,"[0.98, 0.02, 0.75, 0.67]"
4,7,C20,True,"Yes, because personalized recommendations with 4 firms significantly reduce expected search costs, outweighing the privacy cost of 0.044.",0,"### Decision:
I'll **purchase Firm 0** (choose number 0) because: 
- Firm 0 offers positive profit of 0.37.
- Personalized recommendations indicate it is the best option, minimizing further search costs.","C20 Search #1 (Searched:1/4, SearchCost:0.00, BestProfit:0.37@F0) → Purchase F0",0.33,0.044,"[0.99, 0.0, 0.19, 0.67]"
4,8,C1,True,"Yes, because personalized recommendations with 4 firms significantly reduce expected search costs and improve deal quality, outweighing the privacy cost of 0.051 based on observed benefits from similar consumers.",3,"### Decision:
I'll **purchase Firm 3** because: 
- Positive profit of 0.06 available.
- With data sharing, search is sorted high to low, making further search unlikely to improve the deal.","C1 Search #1 (Searched:1/4, SearchCost:0.00, BestProfit:0.06@F3) → Purchase F3",0.01,0.051,"[0.64, 0.03, 0.27, 0.72]"
4,8,C2,True,"Yes, because personalized recommendations with 4 firms significantly reduce expected search costs, outweighing the low privacy cost of 0.031.",2,"### Decision:
I'll **purchase Firm 2** (choose number 2) because: 
- Positive profit of 0.26 ensures immediate gain.
- Personalized recommendations indicate it's likely the best deal, making further search inefficient.","C2 Search #1 (Searched:1/4, SearchCost:0.00, BestProfit:0.26@F2) → Purchase F2",0.23,0.031,"[0.05, 0.47, 0.9, 0.48]"
4,8,C3,True,"yes, because personalized recommendations with 4 firms significantly reduce search costs, likely outweighing the privacy cost of 0.055.",3,"### Decision:
I'll **purchase Firm 3** (choose number 3) because: 
- It offers a positive profit of 0.23.
- With shared data and sorted recommendations, it's likely the best option, avoiding unnecessary search costs.","C3 Search #1 (Searched:1/4, SearchCost:0.00, BestProfit:0.23@F3) → Purchase F3",0.18,0.055,"[0.14, 0.44, 0.6, 0.89]"
4,8,C4,True,"Yes, because personalized recommendations with 4 firms significantly reduce expected search costs, outweighing the privacy cost of 0.049.",2,"### Decision:
I'll **purchase Firm 2** (choose number 2) because: 
- The firm offers a positive profit of 0.22.
- Further searches would incur costs and are unlikely to improve profits due to personalized ordering.","C4 Search #1 (Searched:1/4, SearchCost:0.00, BestProfit:0.22@F2) → Purchase F2",0.17,0.049,"[0.32, 0.03, 0.86, 0.62]"
4,8,C5,True,"yes, because personalized recommendations with 4 firms significantly reduce search costs and improve deal quality, outweighing the privacy cost of 0.028.",0,"### Decision:
I'll **purchase Firm 0** (choose number 0) because: 
- Positive profit of 0.01 available.
- Additional search cost unlikely to yield better profit given sorted recommendations.","C5 Search #1 (Searched:1/4, SearchCost:0.00, BestProfit:0.01@F0) → Purchase F0",-0.02,0.028,"[0.65, 0.57, 0.03, 0.22]"
4,8,C6,True,"yes, because personalized recommendations with 4 firms significantly reduce expected search costs, outweighing the privacy cost of 0.034.",3,"### Decision:  
I'll **purchase Firm 3** (choose number 3) because:  
- Positive profit of 0.25 available  
- Unlikely to improve with additional search cost of 0.02","C6 Search #1 (Searched:1/4, SearchCost:0.00, BestProfit:0.25@F3) → Purchase F3",0.22,0.034,"[0.22, 0.61, 0.6, 0.91]"
4,8,C7,True,"Yes, because with 4 firms, personalized recommendations significantly reduce expected search costs, outweighing the privacy cost of 0.03.",-1,"### Decision:
I'll **leave** (choose number -1) because: 
- The searched firm has negative profit (-0.09).
- With personalized sorting, further searches are unlikely to yield positive profit, and the search cost of 0.02 is not justified.","C7 Search #1 (Searched:1/4, SearchCost:0.00, BestProfit:-0.09@F0) → Leave Market",-0.03,0.03,"[0.55, 0.41, 0.48, 0.13]"
4,8,C8,True,"Yes, because personalized recommendations with 4 firms reduce expected search costs, likely offsetting the 0.05 privacy cost based on top consumers' positive outcomes.",-1,"### Decision:
I'll **leave** (choose number -1) because: 
- The searched firm has negative profit (-0.18).
- Sorted valuations decreasing make further searches unlikely to yield positive profit, adding unnecessary cost.","C8 Search #1 (Searched:1/4, SearchCost:0.00, BestProfit:-0.18@F1) → Leave Market",-0.05,0.05,"[0.22, 0.44, 0.36, 0.09]"
4,8,C9,True,"Yes, because personalized recommendations with 4 firms significantly reduce expected search costs, outweighing the privacy cost of 0.04.",0,"### Decision:
I'll **purchase Firm 0** (choose number 0) because: 
- Positive profit of 0.22 available.
- Unlikely to improve with additional search cost of 0.02.","C9 Search #1 (Searched:1/4, SearchCost:0.00, BestProfit:0.22@F0) → Purchase F0",0.18,0.04,"[0.86, 0.22, 0.8, 0.22]"
4,8,C10,True,"Yes, because personalized recommendations with 4 firms significantly reduce search costs, outweighing the privacy cost of 0.043.",2,"### Decision:
I'll **purchase Firm 2** (choose number 2) because: 
- Offers positive profit of 0.16.
- Rational to buy immediately with personalized recommendations, avoiding additional search costs.","C10 Search #1 (Searched:1/4, SearchCost:0.00, BestProfit:0.16@F2) → Purchase F2",0.12,0.043,"[0.47, 0.14, 0.8, 0.43]"
4,8,C11,False,"No, because consistent past negative experiences with sharing data resulted in losses, and the privacy cost of 0.042 outweighs any uncertain reduction in search costs.",-1,"### Decision:
I'll **leave** (choose number -1) because: 
- The searched firm has negative profit (-0.37), offering no gain.
- History of negative profits makes further searches unlikely to be profitable, and the 0.02 search cost is unjustified.","C11 Search #1 (Searched:1/4, SearchCost:0.00, BestProfit:-0.37@F2) → Leave Market",0.0,0.042,"[0.35, 0.27, 0.27, 0.42]"
4,8,C12,True,"Yes, because personalized recommendations with 4 firms significantly reduce expected search costs, outweighing the privacy cost of 0.053.",2,"### Decision:
I'll **purchase Firm 2** (choose number 2) because: 
- Positive profit of 0.16 available.
- Additional search cost unlikely to yield better deal given personalized sorting by valuation.","C12 Search #1 (Searched:1/4, SearchCost:0.00, BestProfit:0.16@F2) → Purchase F2",0.11,0.053,"[0.18, 0.09, 0.8, 0.33]"
4,8,C13,True,"Yes, because personalized recommendations with 4 firms significantly reduce expected search costs, outweighing the privacy cost of 0.053.",2,"### Decision:
I'll **purchase Firm 2** (choose number 2) because: 
- It offers a positive profit of 0.22.
- Further searches are unlikely to improve profit enough to justify the 0.02 search cost.","C13 Search #1 (Searched:1/4, SearchCost:0.00, BestProfit:0.22@F2) → Purchase F2",0.17,0.053,"[0.46, 0.69, 0.86, 0.42]"
4,8,C14,True,"yes, because personalized recommendations with 4 firms significantly reduce search costs, outweighing the privacy cost of 0.046.",3,"### Decision:
I'll **purchase Firm 3** (choose number 3) because: 
- It offers a positive profit of 0.14 with no additional search cost.
- Personalized recommendations indicate it is the best option, minimizing risk of better deals.","C14 Search #1 (Searched:1/4, SearchCost:0.00, BestProfit:0.14@F3) → Purchase F3",0.09,0.046,"[0.46, 0.19, 0.03, 0.8]"
4,8,C15,True,"Yes, because personalized recommendations with 4 firms greatly reduce expected search costs, outweighing the low privacy cost of 0.029.",-1,"### Decision:
I'll **leave** (choose number -1) because: 
- The searched firm has negative profit (-0.17).
- Sorted recommendations ensure subsequent firms have lower valuations, making positive profit unlikely with search cost of 0.02.","C15 Search #1 (Searched:1/4, SearchCost:0.00, BestProfit:-0.17@F3) → Leave Market",-0.03,0.029,"[0.26, 0.17, 0.04, 0.49]"
4,8,C16,True,"Yes, because personalized recommendations with 4 firms significantly reduce expected search costs, outweighing the privacy cost of 0.052.",3,"### Decision:
I'll **purchase Firm 3** (choose number 3) because: 
- The firm offers a positive profit of 0.18.
- With data shared and search sorted by highest valuation, additional searches are unlikely to yield a better deal, avoiding unnecessary search cost.","C16 Search #1 (Searched:1/4, SearchCost:0.00, BestProfit:0.18@F3) → Purchase F3",0.13,0.052,"[0.06, 0.08, 0.17, 0.84]"
4,8,C17,True,"Yes, because personalized recommendations with 4 firms significantly reduce expected search costs, outweighing the privacy cost of 0.038.",1,"### Decision:
I'll **purchase Firm 1** (choose number 1) because: 
- Firm 1 offers a positive profit of 0.38.
- Personalized recommendations suggest it is likely the best deal, making further search unnecessary.","C17 Search #1 (Searched:1/4, SearchCost:0.00, BestProfit:0.38@F1) → Purchase F1",0.34,0.038,"[0.1, 1.0, 0.16, 0.12]"
4,8,C18,False,"No, because the privacy cost of 0.054 outweighs the expected reduction in search costs, based on recent low profits and minimal search savings.",-1,"### Decision:  
I'll **leave** (choose number -1) because:  
- All searched firms have negative profits.  
- Additional search cost of 0.02 offers uncertain benefit and risks further loss.","C18 Search #1 (Searched:1/4, SearchCost:0.00, BestProfit:-0.20@F2) → Search Next; C18 Search #2 (Searched:2/4, SearchCost:0.02, BestProfit:-0.20@F2) → Search Next; C18 Search #3 (Searched:3/4, SearchCost:0.04, BestProfit:-0.20@F2) → Leave Market",-0.04,0.054,"[0.26, 0.39, 0.44, 0.67]"
4,8,C19,True,"Yes, because personalized recommendations with 4 firms significantly reduce expected search costs, outweighing the low privacy cost of 0.034.",0,"### Decision:
I'll **purchase Firm 0** because: 
- Positive profit of 0.34 available.
- With data sharing, search sequence sorted by highest valuation, so additional search unlikely to yield better deal.","C19 Search #1 (Searched:1/4, SearchCost:0.00, BestProfit:0.34@F0) → Purchase F0",0.31,0.034,"[0.98, 0.02, 0.75, 0.67]"
4,8,C20,True,"yes, because personalized recommendations with 4 firms significantly reduce expected search costs, outweighing the privacy cost of 0.044.",0,"### Decision:
I'll **purchase Firm 0** (choose number 0) because: 
- Firm 0 offers a positive profit of 0.35.
- Personalized recommendations indicate it is the best option, avoiding additional search costs.","C20 Search #1 (Searched:1/4, SearchCost:0.00, BestProfit:0.35@F0) → Purchase F0",0.31,0.044,"[0.99, 0.0, 0.19, 0.67]"
4,9,C1,True,"Yes, because personalized recommendations with 4 firms significantly reduce expected search costs and improve deal quality, outweighing the privacy cost of 0.051 based on observed benefits from similar consumers.",3,"### Decision:  
I'll **purchase Firm 3** (choose number 3) because:  
- Positive profit of 0.08 available.  
- Data sharing sorts searches high to low, making further search unlikely to improve the deal.","C1 Search #1 (Searched:1/4, SearchCost:0.00, BestProfit:0.08@F3) → Purchase F3",0.03,0.051,"[0.64, 0.03, 0.27, 0.72]"
4,9,C2,True,"Yes, because personalized recommendations with 4 firms significantly reduce expected search costs, easily outweighing the low privacy cost of 0.031.",2,"### Decision:  
I'll **purchase Firm 2** (choose number 2) because:  
- Positive profit of 0.24 ensures immediate gain.  
- Personalized recommendations indicate it's likely the best deal, making further search inefficient.","C2 Search #1 (Searched:1/4, SearchCost:0.00, BestProfit:0.24@F2) → Purchase F2",0.21,0.031,"[0.05, 0.47, 0.9, 0.48]"
4,9,C3,True,"Yes, because personalized recommendations with 4 firms significantly reduce search costs, likely outweighing the privacy cost of 0.055.",3,"### Decision:
I'll **purchase Firm 3** (choose number 3) because: 
- It offers a positive profit of 0.25.
- With shared data and sorted recommendations, it's likely the best option, avoiding unnecessary search costs.","C3 Search #1 (Searched:1/4, SearchCost:0.00, BestProfit:0.25@F3) → Purchase F3",0.2,0.055,"[0.14, 0.44, 0.6, 0.89]"
4,9,C4,True,"Yes, because personalized recommendations with 4 firms significantly reduce expected search costs, outweighing the privacy cost of 0.049.",2,"### Decision:
I'll **purchase Firm 2** (choose number 2) because: 
- The firm offers a positive profit of 0.20.
- Further searches would incur a 0.02 cost and are unlikely to improve profits due to personalized ordering.","C4 Search #1 (Searched:1/4, SearchCost:0.00, BestProfit:0.20@F2) → Purchase F2",0.15,0.049,"[0.32, 0.03, 0.86, 0.62]"
4,9,C5,True,"Yes, because personalized recommendations with 4 firms significantly reduce expected search costs and improve deal quality, outweighing the privacy cost of 0.028.",-1,"### Decision:
I'll **leave** (choose number -1) because: 
- Current firm offers negative profit of -0.01.
- Additional search unlikely to yield better profit given sorted recommendations and search cost.","C5 Search #1 (Searched:1/4, SearchCost:0.00, BestProfit:-0.01@F0) → Leave Market",-0.03,0.028,"[0.65, 0.57, 0.03, 0.22]"
4,9,C6,True,"yes, because personalized recommendations with 4 firms reduce search costs more than the privacy cost of 0.034.",3,"### Decision:  
I'll **purchase Firm 3** (choose number 3) because:  
- Positive profit of 0.27 available  
- Unlikely to improve with additional search cost of 0.02","C6 Search #1 (Searched:1/4, SearchCost:0.00, BestProfit:0.27@F3) → Purchase F3",0.24,0.034,"[0.22, 0.61, 0.6, 0.91]"
4,9,C7,True,"Yes, because personalized recommendations with 4 firms significantly reduce expected search costs, outweighing the privacy cost of 0.03.",-1,"### Decision:
I'll **leave** (choose number -1) because: 
- The searched firm has negative profit (-0.11).
- With personalized sorting, further searches are unlikely to yield positive profit, and additional search cost of 0.02 is not justified.","C7 Search #1 (Searched:1/4, SearchCost:0.00, BestProfit:-0.11@F0) → Leave Market",-0.03,0.03,"[0.55, 0.41, 0.48, 0.13]"
4,9,C8,True,"Yes, because personalized recommendations with 4 firms reduce expected search costs, likely offsetting the 0.05 privacy cost based on top consumers' positive outcomes.",-1,"### Decision:
I'll **leave** (choose number -1) because: 
- The searched firm has negative profit (-0.20).
- Sorted valuations decreasing make further searches unlikely to yield positive profit, adding unnecessary cost.","C8 Search #1 (Searched:1/4, SearchCost:0.00, BestProfit:-0.20@F1) → Leave Market",-0.05,0.05,"[0.22, 0.44, 0.36, 0.09]"
4,9,C9,True,"Yes, because personalized recommendations with 4 firms significantly reduce expected search costs, outweighing the privacy cost of 0.04.",0,"### Decision:
I'll **purchase Firm 0** (choose number 0) because: 
- Positive profit of 0.20 available.
- Unlikely to improve with additional search cost of 0.02.","C9 Search #1 (Searched:1/4, SearchCost:0.00, BestProfit:0.20@F0) → Purchase F0",0.16,0.04,"[0.86, 0.22, 0.8, 0.22]"
4,9,C10,True,"Yes, because personalized recommendations with 4 firms significantly reduce expected search costs and improve deal quality, outweighing the privacy cost of 0.043.",2,"### Decision:
I'll **purchase Firm 2** (choose number 2) because: 
- Offers positive profit of 0.14.
- Rational to buy immediately to avoid additional search costs.","C10 Search #1 (Searched:1/4, SearchCost:0.00, BestProfit:0.14@F2) → Purchase F2",0.1,0.043,"[0.47, 0.14, 0.8, 0.43]"
4,9,C11,False,"No, because my history shows sharing data leads to consistent negative profits and incurs a privacy cost of 0.042, outweighing any potential search cost savings.",-1,"### Decision:  
I'll **leave** (choose number -1) because:  
- The searched firm has negative profit (-0.37), offering no gain.  
- Consistent history of negative profits makes further searches unlikely to be profitable, and the 0.02 search cost is unjustified.","C11 Search #1 (Searched:1/4, SearchCost:0.00, BestProfit:-0.37@F1) → Leave Market",0.0,0.042,"[0.35, 0.27, 0.27, 0.42]"
4,9,C12,True,"Yes, because personalized recommendations with 4 firms significantly reduce expected search costs, outweighing the privacy cost of 0.053.",2,"### Decision:  
I'll **purchase Firm 2** (choose number 2) because:  
- Positive profit of 0.14 available.  
- Personalized sorting indicates this is likely the best option, making additional search unnecessary.","C12 Search #1 (Searched:1/4, SearchCost:0.00, BestProfit:0.14@F2) → Purchase F2",0.09,0.053,"[0.18, 0.09, 0.8, 0.33]"
4,9,C13,True,"Yes, because personalized recommendations with 4 firms significantly reduce expected search costs and improve product matching, outweighing the privacy cost of 0.053.",2,"### Decision:
I'll **purchase Firm 2** (choose number 2) because: 
- It offers a positive profit of 0.20.
- With personalized recommendations sorting highest value first, further searches are unlikely to justify the 0.02 cost.","C13 Search #1 (Searched:1/4, SearchCost:0.00, BestProfit:0.20@F2) → Purchase F2",0.15,0.053,"[0.46, 0.69, 0.86, 0.42]"
4,9,C14,True,"yes, because personalized recommendations with 4 firms significantly reduce expected search costs, outweighing the privacy cost of 0.046.",3,"### Decision:
I'll **purchase Firm 3** (choose number 3) because: 
- It offers a positive profit of 0.16 with no additional search cost.
- Personalized recommendations indicate it is the best option, minimizing risk of better deals.","C14 Search #1 (Searched:1/4, SearchCost:0.00, BestProfit:0.16@F3) → Purchase F3",0.11,0.046,"[0.46, 0.19, 0.03, 0.8]"
4,9,C15,True,"Yes, because personalized recommendations with 4 firms significantly reduce expected search costs, outweighing the low privacy cost of 0.029.",-1,"### Decision:  
I'll **leave** (choose number -1) because:  
- The searched firm has negative profit (-0.15).  
- Sorted recommendations ensure lower valuations in subsequent searches, making positive profit unlikely with search cost of 0.02.","C15 Search #1 (Searched:1/4, SearchCost:0.00, BestProfit:-0.15@F3) → Leave Market",-0.03,0.029,"[0.26, 0.17, 0.04, 0.49]"
4,9,C16,True,"Yes, because personalized recommendations with 4 firms significantly reduce expected search costs, outweighing the privacy cost of 0.052.",3,"### Decision:
I'll **purchase Firm 3** (choose number 3) because: 
- The firm offers a positive profit of 0.20.
- With data shared and search sorted by highest valuation, additional searches are unlikely to yield a better deal, avoiding unnecessary search cost.","C16 Search #1 (Searched:1/4, SearchCost:0.00, BestProfit:0.20@F3) → Purchase F3",0.15,0.052,"[0.06, 0.08, 0.17, 0.84]"
4,9,C17,True,"Yes, because personalized recommendations with 4 firms significantly reduce expected search costs, outweighing the privacy cost of 0.038.",1,"### Decision:
I'll **purchase Firm 1** (choose number 1) because: 
- Firm 1 offers a positive profit of 0.36.
- Personalized recommendations suggest it is likely the best deal, making further search unnecessary.","C17 Search #1 (Searched:1/4, SearchCost:0.00, BestProfit:0.36@F1) → Purchase F1",0.32,0.038,"[0.1, 1.0, 0.16, 0.12]"
4,9,C18,True,"Yes, because with 4 firms, personalized recommendations significantly reduce search costs and minimize the risk of poor deals, outweighing the privacy cost of 0.054.",3,"### Decision:  
I'll **purchase Firm 3** (choose number 3) because:  
- Positive profit of 0.03 available.  
- Personalized recommendations indicate it's the best option.","C18 Search #1 (Searched:1/4, SearchCost:0.00, BestProfit:0.03@F3) → Purchase F3",-0.02,0.054,"[0.26, 0.39, 0.44, 0.67]"
4,9,C19,True,"Yes, because personalized recommendations with 4 firms significantly reduce expected search costs, outweighing the low privacy cost of 0.034.",0,"### Decision:
I'll **purchase Firm 0** because: 
- Positive profit of 0.32 available.
- With data sharing, search sequence sorted by highest valuation, so additional search unlikely to yield better deal.","C19 Search #1 (Searched:1/4, SearchCost:0.00, BestProfit:0.32@F0) → Purchase F0",0.29,0.034,"[0.98, 0.02, 0.75, 0.67]"
4,9,C20,True,"Yes, because personalized recommendations with 4 firms significantly reduce expected search costs, outweighing the privacy cost of 0.044.",0,"### Decision:  
I'll **purchase Firm 0** (choose number 0) because:  
- Firm 0 offers a positive profit of 0.33.  
- Personalized recommendations indicate it is the best option, avoiding additional search costs.","C20 Search #1 (Searched:1/4, SearchCost:0.00, BestProfit:0.33@F0) → Purchase F0",0.29,0.044,"[0.99, 0.0, 0.19, 0.67]"
4,10,C1,True,"Yes, because personalized recommendations with 4 firms reduce expected search costs and improve deal quality, outweighing the privacy cost of 0.051 based on observed benefits from high-revenue consumers.",3,"### Decision:  
I'll **purchase Firm 3** (choose number 3) because:  
- Positive profit of 0.08 available.  
- With data sharing, search is sorted high to low, making further search unlikely to improve the deal.","C1 Search #1 (Searched:1/4, SearchCost:0.00, BestProfit:0.08@F3) → Purchase F3",0.03,0.051,"[0.64, 0.03, 0.27, 0.72]"
4,10,C2,True,"Yes, because personalized recommendations with 4 firms significantly reduce expected search costs, outweighing the low privacy cost of 0.031.",2,"### Decision:  
I'll **purchase Firm 2** (choose number 2) because:  
- Positive profit of 0.26 ensures immediate gain.  
- Personalized recommendations indicate it's likely the best deal, making further search inefficient.","C2 Search #1 (Searched:1/4, SearchCost:0.00, BestProfit:0.26@F2) → Purchase F2",0.23,0.031,"[0.05, 0.47, 0.9, 0.48]"
4,10,C3,True,"Yes, because personalized recommendations with 4 firms significantly reduce search costs, outweighing the privacy cost of 0.055.",3,"### Decision:  
I'll **purchase Firm 3** (choose number 3) because:  
- It offers a positive profit of 0.25.  
- With shared data and sorted recommendations, it's likely the best option, avoiding unnecessary search costs.","C3 Search #1 (Searched:1/4, SearchCost:0.00, BestProfit:0.25@F3) → Purchase F3",0.2,0.055,"[0.14, 0.44, 0.6, 0.89]"
4,10,C4,True,"Yes, because personalized recommendations with 4 firms significantly reduce expected search costs, outweighing the privacy cost of 0.049.",2,"### Decision:
I'll **purchase Firm 2** (choose number 2) because: 
- The firm offers a positive profit of 0.22.
- Further searches would incur a 0.02 cost and are unlikely to improve profits due to personalized ordering.","C4 Search #1 (Searched:1/4, SearchCost:0.00, BestProfit:0.22@F2) → Purchase F2",0.17,0.049,"[0.32, 0.03, 0.86, 0.62]"
4,10,C5,True,"Yes, because personalized recommendations with 4 firms significantly reduce expected search costs, outweighing the privacy cost of 0.028.",0,"### Decision:
I'll **purchase Firm 0** (choose number 0) because: 
- Positive profit of 0.01 available.
- Additional search cost of 0.02 unlikely to yield better profit given sorted recommendations.","C5 Search #1 (Searched:1/4, SearchCost:0.00, BestProfit:0.01@F0) → Purchase F0",-0.02,0.028,"[0.65, 0.57, 0.03, 0.22]"
4,10,C6,True,"Yes, because personalized recommendations with 4 firms significantly reduce expected search costs, outweighing the privacy cost of 0.034.",3,"### Decision:  
I'll **purchase Firm 3** (choose number 3) because:  
- Positive profit of 0.27 available  
- Unlikely to improve with additional search cost of 0.02 due to personalized recommendations sorting the best option first","C6 Search #1 (Searched:1/4, SearchCost:0.00, BestProfit:0.27@F3) → Purchase F3",0.24,0.034,"[0.22, 0.61, 0.6, 0.91]"
4,10,C7,True,"Yes, because with 4 firms, personalized recommendations significantly reduce expected search costs, outweighing the privacy cost of 0.03.",-1,"### Decision:
I'll **leave** (choose number -1) because: 
- The searched firm has negative profit (-0.09).
- With personalized sorting, further searches are unlikely to yield positive profit, and the additional search cost of 0.02 is not justified.","C7 Search #1 (Searched:1/4, SearchCost:0.00, BestProfit:-0.09@F0) → Leave Market",-0.03,0.03,"[0.55, 0.41, 0.48, 0.13]"
4,10,C8,True,"Yes, because personalized recommendations with 4 firms significantly reduce expected search costs, likely offsetting the 0.05 privacy cost based on top consumers' positive outcomes.",-1,"### Decision:
I'll **leave** (choose number -1) because: 
- The searched firm has negative profit (-0.06).
- Sorted valuations decreasing make further searches unlikely to yield positive profit.","C8 Search #1 (Searched:1/4, SearchCost:0.00, BestProfit:-0.06@F1) → Leave Market",-0.05,0.05,"[0.22, 0.44, 0.36, 0.09]"
4,10,C9,True,"Yes, because personalized recommendations with 4 firms significantly reduce expected search costs, outweighing the privacy cost of 0.04.",0,"### Decision:  
I'll **purchase Firm 0** (choose number 0) because:  
- Positive profit of 0.22 available.  
- Unlikely to improve with additional search cost of 0.02.","C9 Search #1 (Searched:1/4, SearchCost:0.00, BestProfit:0.22@F0) → Purchase F0",0.18,0.04,"[0.86, 0.22, 0.8, 0.22]"
4,10,C10,True,"Yes, because personalized recommendations with 4 firms significantly reduce expected search costs, outweighing the privacy cost of 0.043.",2,"### Decision:
I'll **purchase Firm 2** (choose number 2) because: 
- Offers positive profit of 0.16.
- Rational to buy immediately to avoid additional search costs.","C10 Search #1 (Searched:1/4, SearchCost:0.00, BestProfit:0.16@F2) → Purchase F2",0.12,0.043,"[0.47, 0.14, 0.8, 0.43]"
4,10,C11,True,"Yes, because personalized recommendations with 4 firms can reduce search costs and increase the likelihood of finding a profitable deal, outweighing the privacy cost of 0.042.",-1,"### Decision:  
I'll **leave** (choose number -1) because:  
- The searched firm has negative profit (-0.22), offering no gain.  
- Personalized sorting by decreasing valuation makes further searches unlikely to yield positive profit, and the 0.02 search cost is unjustified.","C11 Search #1 (Searched:1/4, SearchCost:0.00, BestProfit:-0.22@F3) → Leave Market",-0.04,0.042,"[0.35, 0.27, 0.27, 0.42]"
4,10,C12,True,"Yes, because personalized recommendations with 4 firms significantly reduce expected search costs and improve deal likelihood, outweighing the privacy cost of 0.053.",2,"### Decision:
I'll **purchase Firm 2** (choose number 2) because: 
- Positive profit of 0.16 available.
- Additional search cost unlikely to yield better deal given personalized sorting.","C12 Search #1 (Searched:1/4, SearchCost:0.00, BestProfit:0.16@F2) → Purchase F2",0.11,0.053,"[0.18, 0.09, 0.8, 0.33]"
4,10,C13,True,"Yes, because personalized recommendations with 4 firms reduce search costs, outweighing the privacy cost of 0.053.",2,"### Decision:
I'll **purchase Firm 2** (choose number 2) because: 
- It offers a positive profit of 0.22.
- With personalized recommendations sorting highest value first, further searches are unlikely to justify the 0.02 search cost.","C13 Search #1 (Searched:1/4, SearchCost:0.00, BestProfit:0.22@F2) → Purchase F2",0.17,0.053,"[0.46, 0.69, 0.86, 0.42]"
4,10,C14,True,"Yes, because personalized recommendations with 4 firms reduce search costs and improve deal quality, outweighing the privacy cost of 0.046.",3,"### Decision:
I'll **purchase Firm 3** (choose number 3) because: 
- It offers a positive profit of 0.16 with no additional search cost.
- Personalized recommendations indicate it is the best option, minimizing risk of better deals.","C14 Search #1 (Searched:1/4, SearchCost:0.00, BestProfit:0.16@F3) → Purchase F3",0.11,0.046,"[0.46, 0.19, 0.03, 0.8]"
4,10,C15,True,"Yes, because personalized recommendations with 4 firms significantly reduce expected search costs, outweighing the low privacy cost of 0.029.",-1,"### Decision:
I'll **leave** (choose number -1) because: 
- The searched firm has negative profit (-0.15).
- Sorted recommendations ensure lower valuations in subsequent searches, making positive profit unlikely with search cost of 0.02.","C15 Search #1 (Searched:1/4, SearchCost:0.00, BestProfit:-0.15@F3) → Leave Market",-0.03,0.029,"[0.26, 0.17, 0.04, 0.49]"
4,10,C16,True,"Yes, because personalized recommendations with 4 firms significantly reduce expected search costs, outweighing the privacy cost of 0.052.",3,"### Decision:
I'll **purchase Firm 3** (choose number 3) because: 
- The firm offers a positive profit of 0.20.
- With data shared and search sorted by highest valuation, additional searches are unlikely to yield a better deal, avoiding unnecessary search cost.","C16 Search #1 (Searched:1/4, SearchCost:0.00, BestProfit:0.20@F3) → Purchase F3",0.15,0.052,"[0.06, 0.08, 0.17, 0.84]"
4,10,C17,True,"Yes, because personalized recommendations with 4 firms greatly reduce expected search costs, outweighing the privacy cost of 0.038.",1,"### Decision:
I'll **purchase Firm 1** (choose number 1) because: 
- Firm 1 offers a positive profit of 0.5.
- Personalized recommendations indicate it is likely the best deal, making further search unnecessary.","C17 Search #1 (Searched:1/4, SearchCost:0.00, BestProfit:0.50@F1) → Purchase F1",0.46,0.038,"[0.1, 1.0, 0.16, 0.12]"
4,10,C18,True,"Yes, because personalized recommendations with 4 firms significantly reduce search costs and minimize risks, outweighing the privacy cost of 0.054.",3,"### Decision:  
I'll **purchase Firm 3** (choose number 3) because:  
- Positive profit of 0.03 available.  
- Personalized recommendations indicate it's the best option.","C18 Search #1 (Searched:1/4, SearchCost:0.00, BestProfit:0.03@F3) → Purchase F3",-0.02,0.054,"[0.26, 0.39, 0.44, 0.67]"
4,10,C19,True,"Yes, because personalized recommendations with 4 firms significantly reduce expected search costs, outweighing the privacy cost of 0.034.",0,"### Decision:
I'll **purchase Firm 0** because: 
- Positive profit of 0.34 available.
- With data sharing, search sequence sorted by highest valuation, so additional search unlikely to yield better deal.","C19 Search #1 (Searched:1/4, SearchCost:0.00, BestProfit:0.34@F0) → Purchase F0",0.31,0.034,"[0.98, 0.02, 0.75, 0.67]"
4,10,C20,True,"Yes, because personalized recommendations with 4 firms significantly reduce expected search costs, outweighing the privacy cost of 0.044.",0,"### Decision:
I'll **purchase Firm 0** (choose number 0) because: 
- Firm 0 offers a positive profit of 0.35.
- Personalized recommendations indicate it is the best option, avoiding additional search costs.","C20 Search #1 (Searched:1/4, SearchCost:0.00, BestProfit:0.35@F0) → Purchase F0",0.31,0.044,"[0.99, 0.0, 0.19, 0.67]"
5,1,C1,True,"Yes, because the potential reduction in search cost and improved product selection with personalized recommendations for 5 firms outweigh the privacy cost of 0.039.",3,"### Decision:
I'll **purchase Firm 3** because: 
- It offers positive profit of 0.1
- Additional search cost may not yield a better deal given personalized sorting","C1 Search #1 (Searched:1/5, SearchCost:0.00, BestProfit:0.10@F3) → Purchase F3",0.06,0.039,"[0.1, 0.48, 0.62, 0.8, 0.07]"
5,1,C2,True,"Yes, because with 5 firms, personalized recommendations significantly reduce search costs, likely outweighing the privacy value of 0.034.",2,"### Decision:
I'll **purchase Firm 2** (choose number 2) because: 
- Positive profit of 0.15 ensures revenue gain.
- Searching incurs additional cost with likely diminishing returns.","C2 Search #1 (Searched:1/5, SearchCost:0.00, BestProfit:0.15@F2) → Purchase F2",0.12,0.034,"[0.65, 0.31, 0.65, 0.26, 0.01]"
5,1,C3,True,"yes, recommendations with 5 firms significantly reduce search costs, offsetting the privacy cost of 0.048.",4,"### Decision:
I'll **purchase Firm 4** (choose number 4) because: 
- Positive profit of 0.11 available.
- Search cost of 0.02 unlikely to be offset by better deal.","C3 Search #1 (Searched:1/5, SearchCost:0.00, BestProfit:0.11@F4) → Purchase F4",0.06,0.048,"[0.02, 0.66, 0.58, 0.05, 0.81]"
5,1,C4,True,"Yes, because the substantial search cost savings from personalized recommendations with 5 firms exceed the privacy cost of 0.03.",3,"### Decision:
I'll **purchase Firm 3** (choose number 3) because: 
- Firm offers positive profit of 0.15
- Rational to buy when positive profit is available, avoiding additional search costs","C4 Search #1 (Searched:1/5, SearchCost:0.00, BestProfit:0.15@F3) → Purchase F3",0.12,0.03,"[0.68, 0.01, 0.19, 0.85, 0.51]"
5,1,C5,True,"Yes, because the potential reduction in search cost with personalized recommendations for 5 firms likely exceeds the privacy cost of 0.034.",0,"### Decision:
I'll **purchase Firm 0** (choose number 0) because: 
- The firm offers a positive profit of 0.36.
- Searching may not yield a better deal due to sorted valuation order, and the search cost of 0.02 is not justified.","C5 Search #1 (Searched:1/5, SearchCost:0.00, BestProfit:0.36@F0) → Purchase F0",0.33,0.034,"[0.96, 0.39, 0.95, 0.25, 0.91]"
5,1,C6,True,"Yes, because personalized recommendations with 5 firms will likely reduce search costs more than the privacy value of 0.054.",4,"### Decision:
I'll **purchase Firm 4** (choose number 4) because: 
- The firm offers a positive profit of 0.26.
- Searching further incurs a search cost with likely diminishing returns due to sorted recommendations.","C6 Search #1 (Searched:1/5, SearchCost:0.00, BestProfit:0.26@F4) → Purchase F4",0.21,0.054,"[0.08, 0.73, 0.02, 0.36, 0.96]"
5,1,C7,True,"yes, expected search cost savings with 5 firms likely exceed privacy value of 0.028.",-1,"### Decision:
I'll **leave** (choose number -1) because: 
- Both searched firms have negative profits.
- Decreasing valuations suggest low chance of positive profit, outweighing search cost.","C7 Search #1 (Searched:1/5, SearchCost:0.00, BestProfit:-0.05@F0) → Search Next; C7 Search #2 (Searched:2/5, SearchCost:0.02, BestProfit:-0.05@F0) → Leave Market",-0.05,0.028,"[0.55, 0.14, 0.22, 0.36, 0.33]"
5,1,C8,True,"Yes, because with 5 firms, personalized recommendations significantly reduce expected search costs, likely exceeding the privacy cost of 0.054.",2,"### Decision:
I'll **purchase Firm 2** because: 
- It offers a positive profit of 0.43.
- Additional search costs 0.02 and is unlikely to yield a better deal given the sorted valuation sequence.","C8 Search #1 (Searched:1/5, SearchCost:0.00, BestProfit:0.43@F2) → Purchase F2",0.38,0.054,"[0.29, 0.19, 0.93, 0.85, 0.27]"
5,1,C9,True,"Yes, because the potential reduction in search cost with personalized recommendations for 5 firms likely exceeds the privacy cost of 0.031.",1,"### Decision:
I'll **purchase Firm 1** (choose number 1) because: 
- It offers a positive profit of 0.21.
- Searching further may not yield a better deal and incurs additional cost.","C9 Search #1 (Searched:1/5, SearchCost:0.00, BestProfit:0.21@F1) → Purchase F1",0.18,0.031,"[0.44, 0.87, 0.49, 0.19, 0.56]"
5,1,C10,True,"yes, to reduce search costs significantly with multiple firms.",0,"### Decision:
I'll **purchase Firm 0** (choose number 0) because: 
- Firm 0 offers positive profit of 0.12.
- Rational to buy when positive profit is available, avoiding unnecessary search costs.","C10 Search #1 (Searched:1/5, SearchCost:0.00, BestProfit:0.12@F0) → Purchase F0",0.07,0.05,"[0.72, 0.58, 0.01, 0.46, 0.66]"
5,1,C11,True,"Yes, because the privacy cost (0.027) is low compared to potential search cost savings from personalized recommendations with 5 firms.",-1,"### Decision:
I'll **leave** (choose number -1) because: 
- The only searched firm has negative profit.
- Future firms likely have lower valuations, reducing profit chances.","C11 Search #1 (Searched:1/5, SearchCost:0.00, BestProfit:-0.03@F4) → Leave Market",-0.03,0.027,"[0.41, 0.06, 0.1, 0.53, 0.67]"
5,1,C12,True,"Yes, to gain better product recommendations and reduce search costs, outweighing the privacy cost.",-1,"### Decision:
I'll **leave** (choose number -1) because: 
- Both searched firms have negative profit.
- Future firms likely offer lower or negative profit, making additional search costly.","C12 Search #1 (Searched:1/5, SearchCost:0.00, BestProfit:-0.06@F1) → Search Next; C12 Search #2 (Searched:2/5, SearchCost:0.02, BestProfit:-0.06@F0) → Leave Market",-0.07,0.05,"[0.54, 0.6, 0.05, 0.22, 0.06]"
5,1,C13,True,"yes, expected search cost savings with 5 firms exceed privacy cost of 0.029.",2,"### Decision:
I'll **purchase Firm 2** (choose number 2) because: 
- The firm offers a positive profit of 0.36, ensuring immediate gain.
- Searching further incurs a cost of 0.02 and is unlikely to yield a better deal due to sorted recommendations.","C13 Search #1 (Searched:1/5, SearchCost:0.00, BestProfit:0.36@F2) → Purchase F2",0.33,0.029,"[0.12, 0.52, 0.86, 0.62, 0.3]"
5,1,C14,False,"No, privacy cost (0.041) likely exceeds expected search cost savings with 5 firms.",3,"### Decision:
I'll **purchase Firm 3** (choose number 3) because: 
- It offers positive profit of 0.18
- Rational to buy and not leave without purchasing when positive profit is available","C14 Search #1 (Searched:1/5, SearchCost:0.00, BestProfit:-0.06@F0) → Search Next; C14 Search #2 (Searched:2/5, SearchCost:0.02, BestProfit:0.18@F3) → Purchase F3",0.16,0.041,"[0.54, 0.98, 0.81, 0.88, 0.01]"
5,1,C15,True,"Yes, because with 5 firms, personalized recommendations will likely reduce search costs by more than the privacy value of 0.028.",-1,"### Decision:
I'll **leave** (choose number -1) because: 
- The searched firm has negative profit.
- Future searches likely yield lower valuations and no positive profit.","C15 Search #1 (Searched:1/5, SearchCost:0.00, BestProfit:-0.09@F3) → Leave Market",-0.03,0.028,"[0.31, 0.22, 0.57, 0.61, 0.26]"
5,1,C16,True,"Yes, because with 5 firms, personalized recommendations will likely reduce search costs by more than the privacy value of 0.048.",4,"### Decision:  
I'll **purchase Firm 4** (choose number 4) because:  
- It offers a positive profit of 0.23.  
- Additional search costs 0.02 with uncertain benefits, likely not justifying the expense.","C16 Search #1 (Searched:1/5, SearchCost:0.00, BestProfit:0.23@F4) → Purchase F4",0.18,0.048,"[0.25, 0.18, 0.59, 0.86, 0.93]"
5,1,C17,True,"Yes, because personalized recommendations with 5 firms significantly reduce search costs, likely offsetting the privacy cost of 0.047.",-1,"### Decision:
I'll **leave** (choose number -1) because: 
- The first firm with highest valuation has negative profit, indicating low likelihood of better deals.
- Additional searches increase costs with minimal expected revenue gain.","C17 Search #1 (Searched:1/5, SearchCost:0.00, BestProfit:-0.02@F0) → Leave Market",-0.05,0.047,"[0.58, 0.47, 0.31, 0.14, 0.28]"
5,1,C18,True,"Yes, to gain better product matching and lower search costs despite privacy cost.",-1,"### Decision:
I'll **leave** (choose number -1) because: 
- The first firm with highest valuation has negative profit (-0.22), indicating low likelihood of positive profit elsewhere.
- Additional search cost (0.02) risks reducing total revenue further without certain benefits.","C18 Search #1 (Searched:1/5, SearchCost:0.00, BestProfit:-0.22@F2) → Leave Market",-0.05,0.054,"[0.1, 0.27, 0.28, 0.04, 0.07]"
5,1,C19,True,"Yes, because with 5 firms, personalized recommendations will likely reduce search costs more than the privacy cost of 0.044.",4,"### Decision:
I'll **purchase Firm 4** because: 
- It offers a positive profit of 0.07, ensuring rational purchase.
- Searching may not yield a better deal, risking unnecessary cost of 0.02.","C19 Search #1 (Searched:1/5, SearchCost:0.00, BestProfit:0.07@F4) → Purchase F4",0.03,0.044,"[0.5, 0.01, 0.62, 0.55, 0.77]"
5,1,C20,True,"Yes, to significantly reduce search costs and potentially increase product surplus, outweighing the privacy cost of 0.043.",1,"### Decision:
I'll **purchase Firm 1** (choose number 1) because: 
- Current firm offers positive profit of 0.31.
- Search cost of 0.02 may not justify uncertain gains from additional searches.","C20 Search #1 (Searched:1/5, SearchCost:0.00, BestProfit:0.31@F1) → Purchase F1",0.27,0.043,"[0.07, 0.97, 0.76, 0.56, 0.07]"
5,2,C1,True,"Yes, because expected search cost savings with 5 firms exceed privacy cost of 0.039.",-1,"### Decision:
I'll **leave** (choose number -1) because: 
- Searched firm has zero profit
- Additional search unlikely to improve outcome given personalized sorting","C1 Search #1 (Searched:1/5, SearchCost:0.00, BestProfit:0.00@F3) → Leave Market",-0.04,0.039,"[0.1, 0.48, 0.62, 0.8, 0.07]"
5,2,C2,True,"yes, because with 5 firms, personalized recommendations greatly reduce expected search costs, outweighing the privacy cost of 0.034.",-1,"### Decision:
I'll **leave** (choose number -1) because: 
- Both searched firms have negative profit, indicating no gain. 
- Further searches risk higher costs without likely improving revenue.","C2 Search #1 (Searched:1/5, SearchCost:0.00, BestProfit:-0.05@F2) → Search Next; C2 Search #2 (Searched:2/5, SearchCost:0.02, BestProfit:-0.05@F2) → Leave Market",-0.05,0.034,"[0.65, 0.31, 0.65, 0.26, 0.01]"
5,2,C3,True,"Yes, because with 5 firms, personalized recommendations significantly reduce expected search costs, likely offsetting the privacy cost of 0.048.",4,"### Decision:
I'll **purchase Firm 4** (choose number 4) because: 
- Positive profit of 0.11 available.
- Additional search cost of 0.02 unlikely to yield a better deal.","C3 Search #1 (Searched:1/5, SearchCost:0.00, BestProfit:0.11@F4) → Purchase F4",0.06,0.048,"[0.02, 0.66, 0.58, 0.05, 0.81]"
5,2,C4,True,"Yes, because personalized recommendations with 5 firms likely reduce search costs and improve product match, exceeding the privacy cost of 0.03.",3,"### Decision:
I'll **purchase Firm 3** (choose number 3) because: 
- Firm 3 offers positive profit of 0.05
- Rational to buy when positive profit is available, avoiding additional search costs","C4 Search #1 (Searched:1/5, SearchCost:0.00, BestProfit:0.05@F3) → Purchase F3",0.02,0.03,"[0.68, 0.01, 0.19, 0.85, 0.51]"
5,2,C5,True,"Yes, because with 5 firms, personalized recommendations significantly reduce expected search costs, likely exceeding the privacy cost of 0.034.",0,"### Decision:
I'll **purchase Firm 0** (choose number 0) because: 
- It offers a positive profit of 0.26, ensuring a rational purchase.
- Searching may yield lower profit due to sorted valuation order, and the 0.02 search cost outweighs potential gains.","C5 Search #1 (Searched:1/5, SearchCost:0.00, BestProfit:0.26@F0) → Purchase F0",0.23,0.034,"[0.96, 0.39, 0.95, 0.25, 0.91]"
5,2,C6,True,"Yes, because with 5 firms, personalized recommendations significantly reduce expected search costs, likely exceeding the privacy cost of 0.054.",4,"### Decision:
I'll **purchase Firm 4** (choose number 4) because: 
- The firm offers a positive profit of 0.26.
- Searching further costs 0.02 with likely diminishing returns due to sorted recommendations.","C6 Search #1 (Searched:1/5, SearchCost:0.00, BestProfit:0.26@F4) → Purchase F4",0.21,0.054,"[0.08, 0.73, 0.02, 0.36, 0.96]"
5,2,C7,True,"Yes, because with 5 firms, personalized recommendations are likely to reduce search costs significantly, exceeding the privacy value of 0.028.",-1,"### Decision:
I'll **leave** (choose number -1) because: 
- Searched firm has negative profit of -0.15.
- Decreasing valuations likely mean low chance of positive profit, making further search cost of 0.02 unjustified.","C7 Search #1 (Searched:1/5, SearchCost:0.00, BestProfit:-0.15@F0) → Leave Market",-0.03,0.028,"[0.55, 0.14, 0.22, 0.36, 0.33]"
5,2,C8,True,"Yes, because with 5 firms, personalized recommendations will likely reduce search costs more than the privacy cost of 0.054.",2,"### Decision:
I'll **purchase Firm 2** because: 
- It offers a positive profit of 0.23.
- Additional search is unlikely to yield a better deal given the sorted valuation sequence and search cost of 0.02.","C8 Search #1 (Searched:1/5, SearchCost:0.00, BestProfit:0.23@F2) → Purchase F2",0.18,0.054,"[0.29, 0.19, 0.93, 0.85, 0.27]"
5,2,C9,True,"Yes, because expected search cost savings with personalized recommendations for 5 firms likely exceed the privacy cost of 0.031.",1,"### Decision:
I'll **purchase Firm 1** (choose number 1) because: 
- It offers a positive profit of 0.17.
- With personalized recommendations, further searches are unlikely to improve profit significantly and would add search costs.","C9 Search #1 (Searched:1/5, SearchCost:0.00, BestProfit:0.17@F1) → Purchase F1",0.14,0.031,"[0.44, 0.87, 0.49, 0.19, 0.56]"
5,2,C10,True,"yes, expected search cost savings with 5 firms outweigh privacy cost of 0.05.",0,"### Decision:
I'll **purchase Firm 0** (choose number 0) because: 
- Firm 0 offers positive profit of 0.02.
- Rational to buy when positive profit is available, avoiding further search costs.","C10 Search #1 (Searched:1/5, SearchCost:0.00, BestProfit:0.02@F0) → Purchase F0",-0.03,0.05,"[0.72, 0.58, 0.01, 0.46, 0.66]"
5,2,C11,True,"Yes, because with 5 firms, personalized recommendations are likely to reduce search costs significantly, outweighing the low privacy cost of 0.027.",-1,"### Decision:
I'll **leave** (choose number -1) because: 
- Current firm has negative profit.
- Future firms likely have lower valuations, reducing profit chances.","C11 Search #1 (Searched:1/5, SearchCost:0.00, BestProfit:-0.03@F4) → Leave Market",-0.03,0.027,"[0.41, 0.06, 0.1, 0.53, 0.67]"
5,2,C12,True,"Yes, because with 5 firms, personalized recommendations significantly reduce expected search costs, likely exceeding the privacy cost of 0.05.",-1,"### Decision:
I'll **leave** (choose number -1) because: 
- Both searched firms have negative profit.
- Future firms likely offer lower valuations, making positive profit unlikely and additional search costly.","C12 Search #1 (Searched:1/5, SearchCost:0.00, BestProfit:-0.10@F1) → Search Next; C12 Search #2 (Searched:2/5, SearchCost:0.02, BestProfit:-0.10@F1) → Leave Market",-0.07,0.05,"[0.54, 0.6, 0.05, 0.22, 0.06]"
5,2,C13,True,"Yes, because with 5 firms, personalized recommendations significantly reduce expected search costs, likely exceeding the privacy cost of 0.029.",2,"### Decision:
I'll **purchase Firm 2** (choose number 2) because: 
- It offers a positive profit of 0.16, ensuring a gain.
- Sorted recommendations make further search unlikely to improve the deal, and the 0.02 search cost is not justified.","C13 Search #1 (Searched:1/5, SearchCost:0.00, BestProfit:0.16@F2) → Purchase F2",0.13,0.029,"[0.12, 0.52, 0.86, 0.62, 0.3]"
5,2,C14,True,"Yes, because with 5 firms, personalized recommendations likely reduce search costs more than the privacy cost of 0.041.",1,"### Decision:
I'll **purchase Firm 1** (choose number 1) because: 
- It offers positive profit of 0.28
- Rational to buy when positive profit is available, avoiding unnecessary search cost","C14 Search #1 (Searched:1/5, SearchCost:0.00, BestProfit:0.28@F1) → Purchase F1",0.24,0.041,"[0.54, 0.98, 0.81, 0.88, 0.01]"
5,2,C15,True,"Yes, because with 5 firms, personalized recommendations will likely reduce search costs by more than the privacy cost of 0.028.",-1,"### Decision:
I'll **leave** (choose number -1) because: 
- The searched firm has negative profit (-0.19).
- With personalized sorting, future valuations will be lower, making positive profit unlikely.","C15 Search #1 (Searched:1/5, SearchCost:0.00, BestProfit:-0.19@F3) → Leave Market",-0.03,0.028,"[0.31, 0.22, 0.57, 0.61, 0.26]"
5,2,C16,True,"Yes, because with 5 firms, personalized recommendations will likely reduce search costs by more than the privacy value of 0.048.",4,"### Decision:
I'll **purchase Firm 4** (choose number 4) because: 
- It offers a positive profit of 0.23.
- Additional search costs 0.02 with likely lower or no better returns due to sorted recommendations.","C16 Search #1 (Searched:1/5, SearchCost:0.00, BestProfit:0.23@F4) → Purchase F4",0.18,0.048,"[0.25, 0.18, 0.59, 0.86, 0.93]"
5,2,C17,True,"yes, because with 5 firms, personalized recommendations significantly reduce expected search costs, likely offsetting the privacy cost of 0.047.",-1,"### Decision:
I'll **leave** (choose number -1) because: 
- The firm with highest valuation has negative profit (-0.12).
- Additional searches increase costs with low chance of better deals.","C17 Search #1 (Searched:1/5, SearchCost:0.00, BestProfit:-0.12@F0) → Leave Market",-0.05,0.047,"[0.58, 0.47, 0.31, 0.14, 0.28]"
5,2,C18,True,"yes, because with 5 firms, personalized recommendations significantly reduce expected search costs, likely exceeding the privacy cost of 0.054.",-1,"### Decision:
I'll **leave** (choose number -1) because: 
- The highest-valuation firm searched has negative profit (-0.42), indicating low likelihood of positive profit from remaining firms.
- Additional search cost (0.02) risks further reducing revenue with minimal expected gain.","C18 Search #1 (Searched:1/5, SearchCost:0.00, BestProfit:-0.42@F2) → Leave Market",-0.05,0.054,"[0.1, 0.27, 0.28, 0.04, 0.07]"
5,2,C19,True,"Yes, because with 5 firms, personalized recommendations are likely to reduce search costs more than the privacy cost of 0.044.",4,"### Decision:
I'll **purchase Firm 4** because: 
- It offers positive profit of 0.07.
- Searching more risks additional 0.02 cost with uncertain gains.","C19 Search #1 (Searched:1/5, SearchCost:0.00, BestProfit:0.07@F4) → Purchase F4",0.03,0.044,"[0.5, 0.01, 0.62, 0.55, 0.77]"
5,2,C20,True,"Yes, because with 5 firms, personalized recommendations significantly reduce expected search costs, outweighing the privacy cost of 0.043.",1,"### Decision:
I'll **purchase Firm 1** (choose number 1) because: 
- Current firm offers positive profit of 0.27.
- Search cost of 0.02 unlikely to yield better deal given sorted valuation order.","C20 Search #1 (Searched:1/5, SearchCost:0.00, BestProfit:0.27@F1) → Purchase F1",0.23,0.043,"[0.07, 0.97, 0.76, 0.56, 0.07]"
5,3,C1,True,"Yes, because with 5 firms, personalized recommendations significantly reduce expected search costs, likely exceeding the privacy cost of 0.039.",3,"### Decision:
I'll **purchase Firm 3** (choose number 3) because: 
- It offers positive profit of 0.1
- Additional search unlikely to yield better deal given personalized sorting from highest valuation.","C1 Search #1 (Searched:1/5, SearchCost:0.00, BestProfit:0.10@F3) → Purchase F3",0.06,0.039,"[0.1, 0.48, 0.62, 0.8, 0.07]"
5,3,C2,True,"Yes, because with 5 firms, personalized recommendations greatly reduce expected search costs, outweighing the privacy cost of 0.034.",-1,"### Decision:
I'll **leave** (choose number -1) because: 
- The only searched firm has negative profit, indicating no gain.
- Additional searches cost 0.02 with low likelihood of finding a better deal, given personalized ordering.","C2 Search #1 (Searched:1/5, SearchCost:0.00, BestProfit:-0.05@F2) → Leave Market",-0.03,0.034,"[0.65, 0.31, 0.65, 0.26, 0.01]"
5,3,C3,True,"Yes, because with 5 firms, personalized recommendations significantly reduce search costs, likely offsetting the privacy cost of 0.048.",4,"### Decision:
I'll **purchase Firm 4** (choose number 4) because: 
- Positive profit of 0.11 available.
- Additional search cost of 0.02 unlikely to yield a better deal given sorted recommendations.","C3 Search #1 (Searched:1/5, SearchCost:0.00, BestProfit:0.11@F4) → Purchase F4",0.06,0.048,"[0.02, 0.66, 0.58, 0.05, 0.81]"
5,3,C4,True,"Yes, because with 5 firms, personalized recommendations significantly reduce expected search costs, outweighing the privacy cost of 0.03.",3,"### Decision:
I'll **purchase Firm 3** (choose number 3) because: 
- Firm 3 offers positive profit of 0.15
- Rational to buy and avoid additional search costs","C4 Search #1 (Searched:1/5, SearchCost:0.00, BestProfit:0.15@F3) → Purchase F3",0.12,0.03,"[0.68, 0.01, 0.19, 0.85, 0.51]"
5,3,C5,True,"Yes, because with 5 firms, personalized recommendations significantly reduce expected search costs, likely exceeding the privacy cost of 0.034.",0,"### Decision:
I'll **purchase Firm 0** (choose number 0) because: 
- It offers a high positive profit of 0.46.
- With personalized sorting, further searches are unlikely to yield better deals, and the 0.02 search cost is not justified.","C5 Search #1 (Searched:1/5, SearchCost:0.00, BestProfit:0.46@F0) → Purchase F0",0.43,0.034,"[0.96, 0.39, 0.95, 0.25, 0.91]"
5,3,C6,True,"Yes, because with 5 firms, personalized recommendations significantly reduce expected search costs, outweighing the privacy cost of 0.054.",4,"### Decision:
I'll **purchase Firm 4** (choose number 4) because: 
- The firm offers a positive profit of 0.26.
- Further search costs 0.02 with likely diminishing returns due to sorted recommendations.","C6 Search #1 (Searched:1/5, SearchCost:0.00, BestProfit:0.26@F4) → Purchase F4",0.21,0.054,"[0.08, 0.73, 0.02, 0.36, 0.96]"
5,3,C7,True,"Yes, because with 5 firms, personalized recommendations will likely reduce search costs significantly, outweighing the low privacy cost of 0.028.",0,"### Decision:
I'll **purchase Firm 0** (choose number 0) because: 
- It offers a positive profit of 0.05.
- As a rational consumer, I won't leave without buying when a positive profit option exists.","C7 Search #1 (Searched:1/5, SearchCost:0.00, BestProfit:0.05@F0) → Purchase F0",0.02,0.028,"[0.55, 0.14, 0.22, 0.36, 0.33]"
5,3,C8,True,"Yes, because with 5 firms, personalized recommendations significantly reduce expected search costs, likely outweighing the privacy cost of 0.054.",2,"### Decision:
I'll **purchase Firm 2** because: 
- It offers a positive profit of 0.23.
- Additional search is unlikely to yield a better deal given the sorted valuation sequence and search cost of 0.02.","C8 Search #1 (Searched:1/5, SearchCost:0.00, BestProfit:0.23@F2) → Purchase F2",0.18,0.054,"[0.29, 0.19, 0.93, 0.85, 0.27]"
5,3,C9,True,"Yes, because with 5 firms, personalized recommendations significantly reduce expected search costs, likely outweighing the privacy cost of 0.031.",1,"### Decision:
I'll **purchase Firm 1** (choose number 1) because: 
- It offers a positive profit of 0.17.
- With personalized recommendations sorting by valuation, further searches are unlikely to improve profit and would add a search cost of 0.02.","C9 Search #1 (Searched:1/5, SearchCost:0.00, BestProfit:0.17@F1) → Purchase F1",0.14,0.031,"[0.44, 0.87, 0.49, 0.19, 0.56]"
5,3,C10,True,"Yes, because with 5 firms, personalized recommendations minimize search costs, outweighing the 0.05 privacy cost.",0,"### Decision:
I'll **purchase Firm 0** (choose number 0) because: 
- Firm 0 offers a positive profit of 0.22.
- With personalized recommendations, it's likely the best option, so no need for further search.","C10 Search #1 (Searched:1/5, SearchCost:0.00, BestProfit:0.22@F0) → Purchase F0",0.17,0.05,"[0.72, 0.58, 0.01, 0.46, 0.66]"
5,3,C11,True,"Yes, because the low privacy cost of 0.027 is outweighed by potential search cost savings from personalized recommendations with 5 firms.",-1,"### Decision:
I'll **leave** (choose number -1) because: 
- The only searched firm has negative profit.
- Personalized recommendations sort high to low, so future firms are likely worse, with no chance of positive profit.","C11 Search #1 (Searched:1/5, SearchCost:0.00, BestProfit:-0.03@F4) → Leave Market",-0.03,0.027,"[0.41, 0.06, 0.1, 0.53, 0.67]"
5,3,C12,True,"Yes, because with 5 firms, personalized recommendations will likely reduce search costs more than the privacy cost of 0.05.",-1,"### Decision:
I'll **leave** (choose number -1) because: 
- Searched firm has negative profit.
- With personalized recommendations, this is likely the best option, so further search is unprofitable.","C12 Search #1 (Searched:1/5, SearchCost:0.00, BestProfit:-0.10@F1) → Leave Market",-0.05,0.05,"[0.54, 0.6, 0.05, 0.22, 0.06]"
5,3,C13,True,"Yes, because with 5 firms, personalized recommendations likely reduce search costs more than the privacy cost of 0.029.",2,"### Decision:
I'll **purchase Firm 2** (choose number 2) because: 
- It offers a positive profit of 0.16, ensuring a gain.
- Sorted recommendations reduce the likelihood of finding a better deal, and the 0.02 search cost is not justified.","C13 Search #1 (Searched:1/5, SearchCost:0.00, BestProfit:0.16@F2) → Purchase F2",0.13,0.029,"[0.12, 0.52, 0.86, 0.62, 0.3]"
5,3,C14,True,"Yes, because with 5 firms, personalized recommendations significantly reduce expected search costs and improve product matching, outweighing the privacy cost of 0.041.",1,"### Decision:
I'll **purchase Firm 1** (choose number 1) because: 
- It offers positive profit of 0.28
- Rational to buy when positive profit is available, avoiding unnecessary search cost","C14 Search #1 (Searched:1/5, SearchCost:0.00, BestProfit:0.28@F1) → Purchase F1",0.24,0.041,"[0.54, 0.98, 0.81, 0.88, 0.01]"
5,3,C15,True,"Yes, because with 5 firms, personalized recommendations reduce expected search costs more than the privacy cost of 0.028.",-1,"### Decision:  
I'll **leave** (choose number -1) because:  
- Current firm has negative profit (-0.09).  
- Personalized sorting ensures future valuations are lower, unlikely to yield positive profit.","C15 Search #1 (Searched:1/5, SearchCost:0.00, BestProfit:-0.09@F3) → Leave Market",-0.03,0.028,"[0.31, 0.22, 0.57, 0.61, 0.26]"
5,3,C16,True,"Yes, because with 5 firms, personalized recommendations significantly reduce expected search costs, outweighing the privacy cost of 0.048.",4,"### Decision:  
I'll **purchase Firm 4** (choose number 4) because:  
- It offers a positive profit of 0.23.  
- Additional search costs 0.02 with uncertain benefits, likely not justifying the expense.","C16 Search #1 (Searched:1/5, SearchCost:0.00, BestProfit:0.23@F4) → Purchase F4",0.18,0.048,"[0.25, 0.18, 0.59, 0.86, 0.93]"
5,3,C17,True,"Yes, because with 5 firms, personalized recommendations significantly reduce expected search costs, likely offsetting the privacy cost of 0.047.",0,"### Decision:
I'll **purchase Firm 0** (choose number 0) because: 
- It offers a positive profit of 0.08.
- Additional searches are unlikely to yield better deals due to personalized sorting, and incur unnecessary costs.","C17 Search #1 (Searched:1/5, SearchCost:0.00, BestProfit:0.08@F0) → Purchase F0",0.03,0.047,"[0.58, 0.47, 0.31, 0.14, 0.28]"
5,3,C18,True,"Yes, because with 5 firms, personalized recommendations significantly reduce expected search costs, likely outweighing the privacy cost of 0.054.",-1,"### Decision:
I'll **leave** (choose number -1) because: 
- The searched firm has negative profit (-0.42), indicating low likelihood of positive profit elsewhere.
- Additional search cost (0.02) risks reducing revenue further with minimal expected gain.","C18 Search #1 (Searched:1/5, SearchCost:0.00, BestProfit:-0.42@F2) → Leave Market",-0.05,0.054,"[0.1, 0.27, 0.28, 0.04, 0.07]"
5,3,C19,True,"Yes, because with 5 firms, personalized recommendations significantly reduce expected search costs, outweighing the privacy cost of 0.044.",4,"### Decision:
I'll **purchase Firm 4** because: 
- It offers a positive profit of 0.07, ensuring a rational purchase.
- Searching more would incur an additional cost of 0.02 with uncertain gains, likely not improving the deal.","C19 Search #1 (Searched:1/5, SearchCost:0.00, BestProfit:0.07@F4) → Purchase F4",0.03,0.044,"[0.5, 0.01, 0.62, 0.55, 0.77]"
5,3,C20,True,"Yes, because personalized recommendations with 5 firms likely reduce search costs more than the privacy cost of 0.043.",1,"### Decision:
I'll **purchase Firm 1** (choose number 1) because: 
- Positive profit of 0.27 available.
- Sorted recommendations make additional search unlikely to yield better deal, with search cost of 0.02 not justified.","C20 Search #1 (Searched:1/5, SearchCost:0.00, BestProfit:0.27@F1) → Purchase F1",0.23,0.043,"[0.07, 0.97, 0.76, 0.56, 0.07]"
5,4,C1,True,"Yes, because with 5 firms, personalized recommendations significantly reduce expected search costs, likely exceeding the privacy cost of 0.039.",3,"### Decision:
I'll **purchase Firm 3** (choose number 3) because: 
- It offers high positive profit of 0.3
- Personalized sorting makes additional search unlikely to improve outcome","C1 Search #1 (Searched:1/5, SearchCost:0.00, BestProfit:0.30@F3) → Purchase F3",0.26,0.039,"[0.1, 0.48, 0.62, 0.8, 0.07]"
5,4,C2,True,"Yes, because with 5 firms, personalized recommendations significantly reduce expected search costs, likely exceeding the privacy cost of 0.034.",2,"### Decision:
I'll **purchase Firm 2** (choose number 2) because: 
- Positive profit of 0.15 ensures revenue gain.
- Searching further risks unnecessary costs with likely diminishing returns.","C2 Search #1 (Searched:1/5, SearchCost:0.00, BestProfit:0.15@F2) → Purchase F2",0.12,0.034,"[0.65, 0.31, 0.65, 0.26, 0.01]"
5,4,C3,True,"Yes, because with 5 firms, personalized recommendations significantly reduce expected search costs, likely offsetting the privacy cost of 0.048.",4,"### Decision:
I'll **purchase Firm 4** (choose number 4) because: 
- Positive profit of 0.01 available.
- Searching more unlikely to yield better deal given sorted recommendations and search cost of 0.02.","C3 Search #1 (Searched:1/5, SearchCost:0.00, BestProfit:0.01@F4) → Purchase F4",-0.04,0.048,"[0.02, 0.66, 0.58, 0.05, 0.81]"
5,4,C4,True,"Yes, because with 5 firms, personalized recommendations significantly reduce expected search costs, outweighing the privacy cost of 0.03.",3,"### Decision:
I'll **purchase Firm 3** (choose number 3) because: 
- Firm 3 offers positive profit of 0.35
- Rational to buy and avoid additional search costs","C4 Search #1 (Searched:1/5, SearchCost:0.00, BestProfit:0.35@F3) → Purchase F3",0.32,0.03,"[0.68, 0.01, 0.19, 0.85, 0.51]"
5,4,C5,True,"Yes, because with 5 firms, personalized recommendations significantly reduce expected search costs, likely exceeding the privacy cost of 0.034.",0,"### Decision:
I'll **purchase Firm 0** (choose number 0) because: 
- It offers a positive profit of 0.26.
- With personalized sorting, further searches are unlikely to yield better deals, and the 0.02 search cost is not justified.","C5 Search #1 (Searched:1/5, SearchCost:0.00, BestProfit:0.26@F0) → Purchase F0",0.23,0.034,"[0.96, 0.39, 0.95, 0.25, 0.91]"
5,4,C6,True,"Yes, because with 5 firms, personalized recommendations significantly reduce expected search costs, outweighing the privacy cost of 0.054.",4,"### Decision:
I'll **purchase Firm 4** (choose number 4) because: 
- The firm offers a positive profit of 0.16.
- Further search costs 0.02 with likely diminishing returns due to sorted recommendations.","C6 Search #1 (Searched:1/5, SearchCost:0.00, BestProfit:0.16@F4) → Purchase F4",0.11,0.054,"[0.08, 0.73, 0.02, 0.36, 0.96]"
5,4,C7,True,"Yes, because with 5 firms, personalized recommendations will likely reduce search costs significantly, exceeding the privacy cost of 0.028.",-1,"### Decision:
I'll **leave** (choose number -1) because: 
- Searched firm has negative profit of -0.15.
- Decreasing valuations from personalized sorting make further search unlikely to yield positive profit, outweighing the 0.02 search cost.","C7 Search #1 (Searched:1/5, SearchCost:0.00, BestProfit:-0.15@F0) → Leave Market",-0.03,0.028,"[0.55, 0.14, 0.22, 0.36, 0.33]"
5,4,C8,True,"Yes, because with 5 firms, personalized recommendations significantly reduce expected search costs, likely outweighing the privacy cost of 0.054.",2,"### Decision:
I'll **purchase Firm 2** because: 
- It offers a positive profit of 0.43.
- Additional search costs 0.02 and is unlikely to yield a better deal given the sorted valuation sequence.","C8 Search #1 (Searched:1/5, SearchCost:0.00, BestProfit:0.43@F2) → Purchase F2",0.38,0.054,"[0.29, 0.19, 0.93, 0.85, 0.27]"
5,4,C9,True,"Yes, because personalized recommendations with 5 firms likely reduce search costs more than the 0.031 privacy cost.",1,"### Decision:
I'll **purchase Firm 1** (choose number 1) because: 
- It offers a positive profit of 0.17.
- Further searches are unlikely to improve profit significantly and would add a search cost of 0.02.","C9 Search #1 (Searched:1/5, SearchCost:0.00, BestProfit:0.17@F1) → Purchase F1",0.14,0.031,"[0.44, 0.87, 0.49, 0.19, 0.56]"
5,4,C10,True,"Yes, because with 5 firms, personalized recommendations greatly reduce expected search costs, likely offsetting the 0.05 privacy cost through fewer searches and better product matching.",0,"### Decision:
I'll **purchase Firm 0** (choose number 0) because: 
- Firm 0 offers positive profit of 0.02.
- Rational to buy when positive profit is available, avoiding further search costs.","C10 Search #1 (Searched:1/5, SearchCost:0.00, BestProfit:0.02@F0) → Purchase F0",-0.03,0.05,"[0.72, 0.58, 0.01, 0.46, 0.66]"
5,4,C11,True,"Yes, because the low privacy cost of 0.027 is likely outweighed by significant search cost reductions from personalized recommendations with 5 firms.",-1,"### Decision:
I'll **leave** (choose number -1) because: 
- The searched firm has negative profit (-0.13).
- Personalized sorting ensures future firms have lower valuations, making positive profit unlikely.","C11 Search #1 (Searched:1/5, SearchCost:0.00, BestProfit:-0.13@F4) → Leave Market",-0.03,0.027,"[0.41, 0.06, 0.1, 0.53, 0.67]"
5,4,C12,True,"Yes, because with 5 firms, personalized recommendations likely reduce search costs more than the privacy cost of 0.05.",-1,"### Decision:
I'll **leave** (choose number -1) because: 
- Searched firm has negative profit (-0.1).
- Personalized recommendations indicate this is likely the best option, so further search is unprofitable.","C12 Search #1 (Searched:1/5, SearchCost:0.00, BestProfit:-0.10@F1) → Leave Market",-0.05,0.05,"[0.54, 0.6, 0.05, 0.22, 0.06]"
5,4,C13,True,"Yes, because with 5 firms, personalized recommendations significantly reduce expected search costs, outweighing the privacy cost of 0.029.",2,"### Decision:
I'll **purchase Firm 2** (choose number 2) because: 
- It offers a positive profit of 0.36, ensuring a gain.
- Sorted recommendations make further search unlikely to improve the deal, and the 0.02 cost is not justified.","C13 Search #1 (Searched:1/5, SearchCost:0.00, BestProfit:0.36@F2) → Purchase F2",0.33,0.029,"[0.12, 0.52, 0.86, 0.62, 0.3]"
5,4,C14,True,"Yes, because with 5 firms, personalized recommendations significantly reduce expected search costs and improve product matching, outweighing the privacy cost of 0.041.",1,"### Decision:
I'll **purchase Firm 1** (choose number 1) because: 
- It offers positive profit of 0.28
- Rational to buy immediately to avoid additional search costs, as further searches are unlikely to yield significant improvement given personalized sorting.","C14 Search #1 (Searched:1/5, SearchCost:0.00, BestProfit:0.28@F1) → Purchase F1",0.24,0.041,"[0.54, 0.98, 0.81, 0.88, 0.01]"
5,4,C15,True,"Yes, because with 5 firms, personalized recommendations significantly reduce expected search costs, outweighing the privacy cost of 0.028.",3,"### Decision:
I'll **purchase Firm 3** (choose number 3) because: 
- The firm offers positive profit of 0.11.
- Rational to buy and avoid further search costs.","C15 Search #1 (Searched:1/5, SearchCost:0.00, BestProfit:0.11@F3) → Purchase F3",0.08,0.028,"[0.31, 0.22, 0.57, 0.61, 0.26]"
5,4,C16,True,"Yes, because with 5 firms, personalized recommendations significantly reduce expected search costs, likely outweighing the privacy cost of 0.048.",4,"### Decision:  
I'll **purchase Firm 4** (choose number 4) because:  
- It offers a positive profit of 0.13.  
- Additional search costs 0.02 with uncertain benefits, likely not justifying the expense.","C16 Search #1 (Searched:1/5, SearchCost:0.00, BestProfit:0.13@F4) → Purchase F4",0.08,0.048,"[0.25, 0.18, 0.59, 0.86, 0.93]"
5,4,C17,True,"Yes, because with 5 firms, personalized recommendations significantly reduce expected search costs, likely offsetting the privacy cost of 0.047.",-1,"### Decision:
I'll **leave** (choose number -1) because: 
- The only searched firm has negative profit (-0.12), indicating no good deals.
- Additional searches incur costs with low chance of better profit due to decreasing valuations.","C17 Search #1 (Searched:1/5, SearchCost:0.00, BestProfit:-0.12@F0) → Leave Market",-0.05,0.047,"[0.58, 0.47, 0.31, 0.14, 0.28]"
5,4,C18,True,"Yes, because with 5 firms, personalized recommendations significantly reduce expected search costs, likely outweighing the privacy cost of 0.054.",-1,"### Decision:
I'll **leave** (choose number -1) because: 
- The best firm has negative profit (-0.22), indicating no value in purchasing or searching further.
- Additional search cost (0.02) risks reducing revenue with minimal expected gain from lower-valuation firms.","C18 Search #1 (Searched:1/5, SearchCost:0.00, BestProfit:-0.22@F2) → Leave Market",-0.05,0.054,"[0.1, 0.27, 0.28, 0.04, 0.07]"
5,4,C19,True,"Yes, because with 5 firms, personalized recommendations significantly reduce expected search costs, outweighing the privacy cost of 0.044.",-1,"### Decision:
I'll **leave** (choose number -1) because: 
- The only searched firm has negative profit of -0.03.
- With personalized ordering, additional searches are unlikely to yield positive profit and would increase costs.","C19 Search #1 (Searched:1/5, SearchCost:0.00, BestProfit:-0.03@F4) → Leave Market",-0.04,0.044,"[0.5, 0.01, 0.62, 0.55, 0.77]"
5,4,C20,True,"Yes, because with 5 firms, personalized recommendations significantly reduce expected search costs, outweighing the privacy cost of 0.043.",1,"### Decision:
I'll **purchase Firm 1** (choose number 1) because: 
- Current firm offers positive profit of 0.27.
- Search cost of 0.02 unlikely to yield better deal with sorted recommendations.","C20 Search #1 (Searched:1/5, SearchCost:0.00, BestProfit:0.27@F1) → Purchase F1",0.23,0.043,"[0.07, 0.97, 0.76, 0.56, 0.07]"
5,5,C1,True,"Yes, because expected search cost savings from personalized recommendations with 5 firms outweigh the privacy cost of 0.039.",3,"### Decision:
I'll **purchase Firm 3** (choose number 3) because: 
- It offers positive profit of 0.1
- Additional search unlikely to improve outcome due to personalized sorting.","C1 Search #1 (Searched:1/5, SearchCost:0.00, BestProfit:0.10@F3) → Purchase F3",0.06,0.039,"[0.1, 0.48, 0.62, 0.8, 0.07]"
5,5,C2,True,"yes, because with 5 firms, personalized recommendations significantly reduce expected search costs, outweighing the privacy cost of 0.034.",-1,"### Decision:
I'll **leave** (choose number -1) because: 
- The searched firm has negative profit (-0.15), indicating no gain.
- Further searches cost 0.02 with low likelihood of finding a better deal, given personalized ordering by valuation.","C2 Search #1 (Searched:1/5, SearchCost:0.00, BestProfit:-0.15@F2) → Leave Market",-0.03,0.034,"[0.65, 0.31, 0.65, 0.26, 0.01]"
5,5,C3,True,"Yes, because with 5 firms, personalized recommendations significantly reduce expected search costs, likely offsetting the privacy cost of 0.048.",4,"### Decision:
I'll **purchase Firm 4** (choose number 4) because: 
- Positive profit of 0.11 available.
- Additional search cost of 0.02 unlikely to yield a better deal given sorted recommendations.","C3 Search #1 (Searched:1/5, SearchCost:0.00, BestProfit:0.11@F4) → Purchase F4",0.06,0.048,"[0.02, 0.66, 0.58, 0.05, 0.81]"
5,5,C4,True,"Yes, because with 5 firms, personalized recommendations reduce search costs and improve valuations, outweighing the 0.03 privacy cost.",3,"### Decision:
I'll **purchase Firm 3** (choose number 3) because: 
- Firm 3 offers positive profit of 0.15
- Rational to buy and avoid additional search costs","C4 Search #1 (Searched:1/5, SearchCost:0.00, BestProfit:0.15@F3) → Purchase F3",0.12,0.03,"[0.68, 0.01, 0.19, 0.85, 0.51]"
5,5,C5,True,"Yes, because with 5 firms, personalized recommendations significantly reduce expected search costs, likely outweighing the privacy cost of 0.034.",0,"### Decision:
I'll **purchase Firm 0** (choose number 0) because: 
- It offers a positive profit of 0.16.
- With personalized sorting, further searches are unlikely to yield better deals, and the 0.02 search cost is not justified.","C5 Search #1 (Searched:1/5, SearchCost:0.00, BestProfit:0.16@F0) → Purchase F0",0.13,0.034,"[0.96, 0.39, 0.95, 0.25, 0.91]"
5,5,C6,True,"Yes, because with 5 firms, personalized recommendations significantly reduce expected search costs, outweighing the privacy cost of 0.054.",4,"### Decision:
I'll **purchase Firm 4** (choose number 4) because: 
- The firm offers a positive profit of 0.26.
- Further search costs 0.02 with likely diminishing returns due to sorted recommendations.","C6 Search #1 (Searched:1/5, SearchCost:0.00, BestProfit:0.26@F4) → Purchase F4",0.21,0.054,"[0.08, 0.73, 0.02, 0.36, 0.96]"
5,5,C7,True,"Yes, because with 5 firms, personalized recommendations significantly reduce expected search costs, likely outweighing the privacy cost of 0.028.",-1,"### Decision:
I'll **leave** (choose number -1) because: 
- The searched firm has negative profit of -0.25.
- Personalized sorting likely presents firms from high to low value, so further searches are unlikely to improve profit and would incur unnecessary cost.","C7 Search #1 (Searched:1/5, SearchCost:0.00, BestProfit:-0.25@F0) → Leave Market",-0.03,0.028,"[0.55, 0.14, 0.22, 0.36, 0.33]"
5,5,C8,True,"Yes, because with 5 firms, personalized recommendations greatly reduce expected search costs, likely exceeding the privacy cost of 0.054.",2,"### Decision:
I'll **purchase Firm 2** because: 
- It offers a positive profit of 0.13.
- Additional search costs 0.02 and is unlikely to yield a better deal given the sorted sequence.","C8 Search #1 (Searched:1/5, SearchCost:0.00, BestProfit:0.13@F2) → Purchase F2",0.08,0.054,"[0.29, 0.19, 0.93, 0.85, 0.27]"
5,5,C9,True,"Yes, because personalized recommendations with 5 firms likely reduce search costs more than the 0.031 privacy cost, based on past benefits.",1,"### Decision:
I'll **purchase Firm 1** (choose number 1) because: 
- It offers a positive profit of 0.07.
- With personalized recommendations sorting by valuation, further searches are unlikely to improve profit and would add a search cost of 0.02.","C9 Search #1 (Searched:1/5, SearchCost:0.00, BestProfit:0.07@F1) → Purchase F1",0.04,0.031,"[0.44, 0.87, 0.49, 0.19, 0.56]"
5,5,C10,True,"Yes, because with 5 firms, personalized recommendations greatly reduce expected search costs, likely outweighing the privacy cost of 0.05.",-1,"### Decision:
I'll **leave** (choose number -1) because: 
- Both searched firms have negative profits.
- Additional search costs are unlikely to yield a positive deal, minimizing further losses.","C10 Search #1 (Searched:1/5, SearchCost:0.00, BestProfit:-0.08@F0) → Search Next; C10 Search #2 (Searched:2/5, SearchCost:0.02, BestProfit:-0.04@F4) → Leave Market",-0.07,0.05,"[0.72, 0.58, 0.01, 0.46, 0.66]"
5,5,C11,True,"Yes, because the low privacy cost of 0.027 is likely outweighed by significant search cost savings from personalized recommendations with 5 firms.",-1,"### Decision:
I'll **leave** (choose number -1) because: 
- The searched firm has negative profit (-0.03).
- Personalized sorting ensures future firms have lower valuations, making positive profit unlikely.","C11 Search #1 (Searched:1/5, SearchCost:0.00, BestProfit:-0.03@F4) → Leave Market",-0.03,0.027,"[0.41, 0.06, 0.1, 0.53, 0.67]"
5,5,C12,True,"Yes, because with 5 firms, personalized recommendations will likely reduce search costs more than the privacy cost of 0.05.",-1,"### Decision:
I'll **leave** (choose number -1) because: 
- Searched firm has negative profit (-0.2).
- Personalized recommendations sort high to low valuation, making further search unlikely to yield positive profit and incurring unnecessary cost.","C12 Search #1 (Searched:1/5, SearchCost:0.00, BestProfit:-0.20@F1) → Leave Market",-0.05,0.05,"[0.54, 0.6, 0.05, 0.22, 0.06]"
5,5,C13,True,"Yes, because with 5 firms, personalized recommendations significantly reduce expected search costs, outweighing the privacy cost of 0.029.",2,"### Decision:
I'll **purchase Firm 2** (choose number 2) because: 
- It offers a positive profit of 0.06, ensuring a gain.
- Sorted recommendations make further search unlikely to improve the deal, and the 0.02 search cost is not justified.","C13 Search #1 (Searched:1/5, SearchCost:0.00, BestProfit:0.06@F2) → Purchase F2",0.03,0.029,"[0.12, 0.52, 0.86, 0.62, 0.3]"
5,5,C14,True,"Yes, because with 5 firms, personalized recommendations significantly reduce expected search costs, outweighing the privacy cost of 0.041.",1,"### Decision:
I'll **purchase Firm 1** (choose number 1) because: 
- It offers positive profit of 0.18
- With personalized recommendations, further searches are unlikely to yield significant improvement, avoiding additional search costs.","C14 Search #1 (Searched:1/5, SearchCost:0.00, BestProfit:0.18@F1) → Purchase F1",0.14,0.041,"[0.54, 0.98, 0.81, 0.88, 0.01]"
5,5,C15,True,"Yes, because personalized recommendations with 5 firms likely reduce search costs more than the privacy cost of 0.028.",-1,"### Decision:  
I'll **leave** (choose number -1) because:  
- The searched firm has negative profit (-0.09).  
- Personalized sorting ensures future valuations are lower, unlikely to yield positive profit.","C15 Search #1 (Searched:1/5, SearchCost:0.00, BestProfit:-0.09@F3) → Leave Market",-0.03,0.028,"[0.31, 0.22, 0.57, 0.61, 0.26]"
5,5,C16,True,"Yes, because personalized recommendations with 5 firms significantly reduce search costs, outweighing the privacy cost of 0.048.",4,"### Decision:
I'll **purchase Firm 4** (choose number 4) because: 
- It offers a positive profit of 0.23.
- Additional search costs 0.02 with no potential for better profit due to sorted recommendations.","C16 Search #1 (Searched:1/5, SearchCost:0.00, BestProfit:0.23@F4) → Purchase F4",0.18,0.048,"[0.25, 0.18, 0.59, 0.86, 0.93]"
5,5,C17,True,"Yes, because with 5 firms, personalized recommendations greatly reduce expected search costs, outweighing the privacy cost of 0.047.",-1,"### Decision:
I'll **leave** (choose number -1) because: 
- The searched firm has negative profit (-0.22), indicating no good deals.
- Additional searches cost 0.02 with low chance of better profit due to sorted order.","C17 Search #1 (Searched:1/5, SearchCost:0.00, BestProfit:-0.22@F0) → Leave Market",-0.05,0.047,"[0.58, 0.47, 0.31, 0.14, 0.28]"
5,5,C18,True,"Yes, because with 5 firms, personalized recommendations greatly reduce expected search costs, likely offsetting the 0.054 privacy cost.",-1,"### Decision:
I'll **leave** (choose number -1) because: 
- The searched firm has negative profit (-0.52), suggesting low probability of positive profit elsewhere given sorted valuations.
- Incurring additional search cost (0.02) could worsen revenue with minimal expected gain.","C18 Search #1 (Searched:1/5, SearchCost:0.00, BestProfit:-0.52@F2) → Leave Market",-0.05,0.054,"[0.1, 0.27, 0.28, 0.04, 0.07]"
5,5,C19,True,"Yes, because with 5 firms, personalized recommendations significantly reduce expected search costs, outweighing the privacy cost of 0.044.",4,"### Decision:
I'll **purchase Firm 4** because: 
- It offers a positive profit of 0.07, ensuring a rational purchase.
- Searching more would incur an additional cost of 0.02 with uncertain gains, likely not improving the deal.","C19 Search #1 (Searched:1/5, SearchCost:0.00, BestProfit:0.07@F4) → Purchase F4",0.03,0.044,"[0.5, 0.01, 0.62, 0.55, 0.77]"
5,5,C20,True,"Yes, because with 5 firms, personalized recommendations significantly reduce expected search costs, outweighing the privacy cost of 0.043.",1,"### Decision:
I'll **purchase Firm 1** (choose number 1) because: 
- Current firm offers positive profit of 0.17.
- Search cost of 0.02 unlikely to yield better deal with sorted recommendations.","C20 Search #1 (Searched:1/5, SearchCost:0.00, BestProfit:0.17@F1) → Purchase F1",0.13,0.043,"[0.07, 0.97, 0.76, 0.56, 0.07]"
5,6,C1,True,"Yes, because with 5 firms, personalized recommendations significantly reduce expected search costs, outweighing the privacy cost of 0.039.",3,"### Decision:
I'll **purchase Firm 3** (choose number 3) because: 
- It offers positive profit of 0.2
- Personalized sorting makes additional search unlikely to improve outcome.","C1 Search #1 (Searched:1/5, SearchCost:0.00, BestProfit:0.20@F3) → Purchase F3",0.16,0.039,"[0.1, 0.48, 0.62, 0.8, 0.07]"
5,6,C2,True,"Yes, because with 5 firms, personalized recommendations significantly reduce expected search costs, outweighing the privacy cost of 0.034.",-1,"### Decision:
I'll **leave** (choose number -1) because: 
- The searched firm has negative profit (-0.05), indicating no gain.
- With personalized ordering by valuation, further searches are unlikely to yield positive profit, outweighing the low search cost.","C2 Search #1 (Searched:1/5, SearchCost:0.00, BestProfit:-0.05@F2) → Leave Market",-0.03,0.034,"[0.65, 0.31, 0.65, 0.26, 0.01]"
5,6,C3,True,"Yes, because with 5 firms, personalized recommendations significantly reduce expected search costs, likely offsetting the privacy cost of 0.048.",4,"### Decision:
I'll **purchase Firm 4** (choose number 4) because: 
- Positive profit of 0.11 available.
- Additional search cost of 0.02 unlikely to yield a better deal given sorted recommendations.","C3 Search #1 (Searched:1/5, SearchCost:0.00, BestProfit:0.11@F4) → Purchase F4",0.06,0.048,"[0.02, 0.66, 0.58, 0.05, 0.81]"
5,6,C4,True,"Yes, because with 5 firms, personalized recommendations significantly reduce expected search costs, outweighing the privacy cost of 0.03.",3,"### Decision:
I'll **purchase Firm 3** (choose number 3) because: 
- Firm 3 offers positive profit of 0.25
- Rational to buy and avoid additional search costs","C4 Search #1 (Searched:1/5, SearchCost:0.00, BestProfit:0.25@F3) → Purchase F3",0.22,0.03,"[0.68, 0.01, 0.19, 0.85, 0.51]"
5,6,C5,True,"Yes, because with 5 firms, personalized recommendations significantly reduce expected search costs, outweighing the privacy cost of 0.034.",0,"### Decision:
I'll **purchase Firm 0** (choose number 0) because: 
- It offers a positive profit of 0.26.
- With personalized sorting, further searches are unlikely to yield better deals, and the 0.02 search cost is not justified.","C5 Search #1 (Searched:1/5, SearchCost:0.00, BestProfit:0.26@F0) → Purchase F0",0.23,0.034,"[0.96, 0.39, 0.95, 0.25, 0.91]"
5,6,C6,True,"Yes, because with 5 firms, personalized recommendations significantly reduce expected search costs, outweighing the privacy cost of 0.054.",4,"### Decision:
I'll **purchase Firm 4** (choose number 4) because: 
- The firm offers a positive profit of 0.26.
- Further search costs 0.02 with likely diminishing returns due to sorted recommendations.","C6 Search #1 (Searched:1/5, SearchCost:0.00, BestProfit:0.26@F4) → Purchase F4",0.21,0.054,"[0.08, 0.73, 0.02, 0.36, 0.96]"
5,6,C7,True,"Yes, because with 5 firms, personalized recommendations significantly reduce expected search costs, outweighing the privacy cost of 0.028.",-1,"### Decision:
I'll **leave** (choose number -1) because: 
- The searched firm has negative profit of -0.15.
- Personalized sorting from high to low valuation makes further searches unlikely to yield positive profit, outweighing the 0.02 search cost.","C7 Search #1 (Searched:1/5, SearchCost:0.00, BestProfit:-0.15@F0) → Leave Market",-0.03,0.028,"[0.55, 0.14, 0.22, 0.36, 0.33]"
5,6,C8,True,"Yes, because with 5 firms, personalized recommendations significantly reduce expected search costs, outweighing the privacy cost of 0.054.",2,"### Decision:
I'll **purchase Firm 2** because: 
- It offers a positive profit of 0.23.
- Additional search costs 0.02 and is unlikely to yield a better deal given the sorted valuation sequence.","C8 Search #1 (Searched:1/5, SearchCost:0.00, BestProfit:0.23@F2) → Purchase F2",0.18,0.054,"[0.29, 0.19, 0.93, 0.85, 0.27]"
5,6,C9,True,"Yes, because with 5 firms, personalized recommendations significantly reduce expected search costs, outweighing the privacy cost of 0.031.",-1,"### Decision:  
I'll **leave** (choose number -1) because:  
- The searched firm has negative profit (-0.03).  
- With personalized recommendations, further searches are unlikely to yield positive profit and would incur additional cost (0.02).","C9 Search #1 (Searched:1/5, SearchCost:0.00, BestProfit:-0.03@F1) → Leave Market",-0.03,0.031,"[0.44, 0.87, 0.49, 0.19, 0.56]"
5,6,C10,True,"Yes, because personalized recommendations with 5 firms greatly reduce expected search costs, outweighing the 0.05 privacy cost.",0,"### Decision:
I'll **purchase Firm 0** (choose number 0) because: 
- Firm 0 offers positive profit of 0.02.
- Rational to buy when positive profit is available, avoiding further search costs.","C10 Search #1 (Searched:1/5, SearchCost:0.00, BestProfit:0.02@F0) → Purchase F0",-0.03,0.05,"[0.72, 0.58, 0.01, 0.46, 0.66]"
5,6,C11,True,"Yes, because the low privacy cost of 0.027 is likely outweighed by significant search cost savings from personalized recommendations with 5 firms.",-1,"### Decision:
I'll **leave** (choose number -1) because: 
- The searched firm has negative profit (-0.03).
- Personalized sorting ensures future firms have lower valuations, making positive profit unlikely.","C11 Search #1 (Searched:1/5, SearchCost:0.00, BestProfit:-0.03@F4) → Leave Market",-0.03,0.027,"[0.41, 0.06, 0.1, 0.53, 0.67]"
5,6,C12,True,"Yes, because with 5 firms, personalized recommendations significantly reduce expected search costs, outweighing the privacy cost of 0.05.",-1,"### Decision:
I'll **leave** (choose number -1) because: 
- The searched firm has a negative profit of -0.3.
- Personalized recommendations sort by decreasing valuation, so further searches are unlikely to yield positive profit and would incur additional cost.","C12 Search #1 (Searched:1/5, SearchCost:0.00, BestProfit:-0.30@F1) → Leave Market",-0.05,0.05,"[0.54, 0.6, 0.05, 0.22, 0.06]"
5,6,C13,True,"Yes, because with 5 firms, personalized recommendations significantly reduce expected search costs, outweighing the privacy cost of 0.029.",2,"### Decision:
I'll **purchase Firm 2** (choose number 2) because: 
- It offers a positive profit of 0.16, ensuring a gain.
- Sorted recommendations make further search unlikely to improve the deal, and the 0.02 cost is not justified.","C13 Search #1 (Searched:1/5, SearchCost:0.00, BestProfit:0.16@F2) → Purchase F2",0.13,0.029,"[0.12, 0.52, 0.86, 0.62, 0.3]"
5,6,C14,True,"Yes, because with 5 firms, personalized recommendations significantly reduce search costs and improve matching, outweighing the privacy cost of 0.041.",1,"### Decision:  
I'll **purchase Firm 1** (choose number 1) because:  
- It offers positive profit of 0.08.  
- With personalized recommendations, further searches are unlikely to improve profit significantly, avoiding additional search costs.","C14 Search #1 (Searched:1/5, SearchCost:0.00, BestProfit:0.08@F1) → Purchase F1",0.04,0.041,"[0.54, 0.98, 0.81, 0.88, 0.01]"
5,6,C15,True,"Yes, because personalized recommendations with 5 firms significantly reduce expected search costs, outweighing the privacy cost of 0.028.",3,"### Decision:  
I'll **purchase Firm 3** (choose number 3) because:  
- The firm offers a positive profit of 0.01.  
- Rational to buy and avoid further search costs.","C15 Search #1 (Searched:1/5, SearchCost:0.00, BestProfit:0.01@F3) → Purchase F3",-0.02,0.028,"[0.31, 0.22, 0.57, 0.61, 0.26]"
5,6,C16,True,"Yes, because personalized recommendations with 5 firms significantly reduce expected search costs, outweighing the privacy cost of 0.048.",4,"### Decision:  
I'll **purchase Firm 4** (choose number 4) because:  
- It offers a positive profit of 0.23.  
- Additional search costs 0.02 with uncertain benefits, unlikely to improve outcome due to sorted recommendations.","C16 Search #1 (Searched:1/5, SearchCost:0.00, BestProfit:0.23@F4) → Purchase F4",0.18,0.048,"[0.25, 0.18, 0.59, 0.86, 0.93]"
5,6,C17,True,"Yes, because with 5 firms, personalized recommendations significantly reduce expected search costs, likely offsetting the privacy cost of 0.047.",-1,"### Decision:
I'll **leave** (choose number -1) because: 
- The searched firm has negative profit (-0.12).
- Additional searches cost 0.02 with low chance of better deals due to sorted order.","C17 Search #1 (Searched:1/5, SearchCost:0.00, BestProfit:-0.12@F0) → Leave Market",-0.05,0.047,"[0.58, 0.47, 0.31, 0.14, 0.28]"
5,6,C18,True,"Yes, because with 5 firms, personalized recommendations significantly reduce expected search costs, likely outweighing the privacy cost of 0.054.",-1,"### Decision:
I'll **leave** (choose number -1) because: 
- The highest-valuation firm has negative profit (-0.42), indicating low likelihood of positive profit elsewhere.
- Additional search cost (0.02) risks reducing revenue with minimal expected gain from lower-valuation firms.","C18 Search #1 (Searched:1/5, SearchCost:0.00, BestProfit:-0.42@F2) → Leave Market",-0.05,0.054,"[0.1, 0.27, 0.28, 0.04, 0.07]"
5,6,C19,True,"Yes, because with 5 firms, personalized recommendations significantly reduce expected search costs, outweighing the privacy cost of 0.044.",4,"### Decision:
I'll **purchase Firm 4** because: 
- It offers a positive profit of 0.07, ensuring a rational purchase.
- Searching more would incur an additional cost of 0.02 with uncertain gains, likely not improving the deal.","C19 Search #1 (Searched:1/5, SearchCost:0.00, BestProfit:0.07@F4) → Purchase F4",0.03,0.044,"[0.5, 0.01, 0.62, 0.55, 0.77]"
5,6,C20,True,"Yes, because with 5 firms, personalized recommendations significantly reduce expected search costs, outweighing the privacy cost of 0.043.",1,"### Decision:
I'll **purchase Firm 1** (choose number 1) because: 
- Current firm offers positive profit of 0.07.
- Search cost of 0.02 unlikely to yield better deal with sorted recommendations.","C20 Search #1 (Searched:1/5, SearchCost:0.00, BestProfit:0.07@F1) → Purchase F1",0.03,0.043,"[0.07, 0.97, 0.76, 0.56, 0.07]"
5,7,C1,True,"Yes, because personalized recommendations with 5 firms significantly reduce expected search costs, outweighing the privacy cost of 0.039.",3,"### Decision:
I'll **purchase Firm 3** (choose number 3) because: 
- It offers positive profit of 0.1
- Personalized sorting makes additional search unlikely to improve outcome","C1 Search #1 (Searched:1/5, SearchCost:0.00, BestProfit:0.10@F3) → Purchase F3",0.06,0.039,"[0.1, 0.48, 0.62, 0.8, 0.07]"
5,7,C2,True,"Yes, because with 5 firms, personalized recommendations significantly reduce expected search costs, outweighing the privacy cost of 0.034.",-1,"### Decision:
I'll **leave** (choose number -1) because: 
- The searched firm has negative profit (-0.15), indicating no gain.
- With personalized ordering by valuation, further searches are unlikely to improve profit, outweighing the search cost of 0.02.","C2 Search #1 (Searched:1/5, SearchCost:0.00, BestProfit:-0.15@F2) → Leave Market",-0.03,0.034,"[0.65, 0.31, 0.65, 0.26, 0.01]"
5,7,C3,True,"Yes, because with 5 firms, personalized recommendations significantly reduce expected search costs, likely offsetting the privacy cost of 0.048.",4,"### Decision:
I'll **purchase Firm 4** (choose number 4) because: 
- Positive profit of 0.21 available.
- Additional search cost of 0.02 unlikely to yield a better deal given sorted recommendations.","C3 Search #1 (Searched:1/5, SearchCost:0.00, BestProfit:0.21@F4) → Purchase F4",0.16,0.048,"[0.02, 0.66, 0.58, 0.05, 0.81]"
5,7,C4,True,"Yes, because with 5 firms, personalized recommendations significantly reduce expected search costs, outweighing the 0.03 privacy cost.",3,"### Decision:
I'll **purchase Firm 3** (choose number 3) because: 
- Firm 3 offers positive profit of 0.15
- Rational to buy and avoid additional search costs","C4 Search #1 (Searched:1/5, SearchCost:0.00, BestProfit:0.15@F3) → Purchase F3",0.12,0.03,"[0.68, 0.01, 0.19, 0.85, 0.51]"
5,7,C5,True,"Yes, because with 5 firms, personalized recommendations significantly reduce expected search costs, outweighing the privacy cost of 0.034.",0,"### Decision:
I'll **purchase Firm 0** (choose number 0) because: 
- It offers a high positive profit of 0.46.
- With personalized sorting, further searches are unlikely to yield better deals, and the 0.02 search cost is not justified.","C5 Search #1 (Searched:1/5, SearchCost:0.00, BestProfit:0.46@F0) → Purchase F0",0.43,0.034,"[0.96, 0.39, 0.95, 0.25, 0.91]"
5,7,C6,True,"Yes, because with 5 firms, personalized recommendations significantly reduce expected search costs, outweighing the privacy cost of 0.054.",4,"### Decision:
I'll **purchase Firm 4** (choose number 4) because: 
- The firm offers a positive profit of 0.36.
- Searching further incurs a cost of 0.02 with likely diminishing returns due to sorted recommendations.","C6 Search #1 (Searched:1/5, SearchCost:0.00, BestProfit:0.36@F4) → Purchase F4",0.31,0.054,"[0.08, 0.73, 0.02, 0.36, 0.96]"
5,7,C7,True,"Yes, because with 5 firms, personalized recommendations significantly reduce expected search costs, outweighing the privacy cost of 0.028.",0,"### Decision:
I'll **purchase Firm 0** (choose number 0) because: 
- It offers a positive profit of 0.05.
- Rational to buy when profit exists, avoiding unnecessary search cost.","C7 Search #1 (Searched:1/5, SearchCost:0.00, BestProfit:0.05@F0) → Purchase F0",0.02,0.028,"[0.55, 0.14, 0.22, 0.36, 0.33]"
5,7,C8,True,"Yes, because with 5 firms, personalized recommendations greatly reduce expected search costs, likely exceeding the privacy cost of 0.054.",2,"### Decision:
I'll **purchase Firm 2** (choose number 2) because: 
- Offers positive profit of 0.13.
- Additional search costs 0.02 and is unlikely to yield a better deal given the sorted valuation sequence.","C8 Search #1 (Searched:1/5, SearchCost:0.00, BestProfit:0.13@F2) → Purchase F2",0.08,0.054,"[0.29, 0.19, 0.93, 0.85, 0.27]"
5,7,C9,True,"Yes, because personalized recommendations with 5 firms likely reduce search costs more than the privacy cost of 0.031.",1,"### Decision:
I'll **purchase Firm 1** (choose number 1) because: 
- It offers a positive profit of 0.17.
- With personalized recommendations, further searches are unlikely to improve profit and would add a search cost of 0.02.","C9 Search #1 (Searched:1/5, SearchCost:0.00, BestProfit:0.17@F1) → Purchase F1",0.14,0.031,"[0.44, 0.87, 0.49, 0.19, 0.56]"
5,7,C10,True,"Yes, because with 5 firms, personalized recommendations significantly reduce expected search costs, outweighing the 0.05 privacy cost.",0,"### Decision:
I'll **purchase Firm 0** (choose number 0) because: 
- Firm 0 offers positive profit of 0.22.
- With personalized recommendations sorting highest value first, it's likely the best option, avoiding unnecessary search costs.","C10 Search #1 (Searched:1/5, SearchCost:0.00, BestProfit:0.22@F0) → Purchase F0",0.17,0.05,"[0.72, 0.58, 0.01, 0.46, 0.66]"
5,7,C11,True,"Yes, because the low privacy cost of 0.027 is outweighed by significant potential search cost savings from personalized recommendations with 5 firms.",4,"### Decision:
I'll **purchase Firm 4** (choose number 4) because: 
- The firm has a positive profit of 0.07.
- Personalized sorting ensures future firms are likely worse, maximizing current revenue.","C11 Search #1 (Searched:1/5, SearchCost:0.00, BestProfit:0.07@F4) → Purchase F4",0.04,0.027,"[0.41, 0.06, 0.1, 0.53, 0.67]"
5,7,C12,True,"Yes, because with 5 firms, personalized recommendations significantly reduce expected search costs, outweighing the privacy cost of 0.05.",-1,"### Decision:
I'll **leave** (choose number -1) because: 
- The searched firm has negative profit (-0.1).
- Personalized recommendations sort by highest valuation first, making further searches unlikely to yield positive profit and incurring unnecessary cost.","C12 Search #1 (Searched:1/5, SearchCost:0.00, BestProfit:-0.10@F1) → Leave Market",-0.05,0.05,"[0.54, 0.6, 0.05, 0.22, 0.06]"
5,7,C13,True,"Yes, because with 5 firms, personalized recommendations significantly reduce expected search costs, outweighing the privacy cost of 0.029.",2,"### Decision:
I'll **purchase Firm 2** (choose number 2) because: 
- It offers a positive profit of 0.06, ensuring a gain.
- Sorted recommendations make further search unlikely to improve the deal, and the 0.02 search cost is not justified.","C13 Search #1 (Searched:1/5, SearchCost:0.00, BestProfit:0.06@F2) → Purchase F2",0.03,0.029,"[0.12, 0.52, 0.86, 0.62, 0.3]"
5,7,C14,True,"Yes, because with 5 firms, personalized recommendations significantly reduce search costs and enhance product matching, outweighing the privacy cost of 0.041.",1,"### Decision:
I'll **purchase Firm 1** (choose number 1) because: 
- It offers positive profit of 0.28.
- With personalized recommendations, further searches are unlikely to yield significant improvement, avoiding additional search costs.","C14 Search #1 (Searched:1/5, SearchCost:0.00, BestProfit:0.28@F1) → Purchase F1",0.24,0.041,"[0.54, 0.98, 0.81, 0.88, 0.01]"
5,7,C15,True,"Yes, because personalized recommendations with 5 firms significantly reduce expected search costs, outweighing the privacy cost of 0.028.",-1,"### Decision:  
I'll **leave** (choose number -1) because:  
- The searched firm has negative profit (-0.09).  
- Personalized sorting ensures future valuations are lower, unlikely to yield positive profit.","C15 Search #1 (Searched:1/5, SearchCost:0.00, BestProfit:-0.09@F3) → Leave Market",-0.03,0.028,"[0.31, 0.22, 0.57, 0.61, 0.26]"
5,7,C16,True,"Yes, because personalized recommendations with 5 firms likely reduce search costs significantly, outweighing the privacy cost of 0.048.",4,"### Decision:  
I'll **purchase Firm 4** (choose number 4) because:  
- It offers a positive profit of 0.33.  
- Additional search costs 0.02 with no expected improvement due to sorted recommendations.","C16 Search #1 (Searched:1/5, SearchCost:0.00, BestProfit:0.33@F4) → Purchase F4",0.28,0.048,"[0.25, 0.18, 0.59, 0.86, 0.93]"
5,7,C17,True,"Yes, because with 5 firms, personalized recommendations significantly reduce expected search costs, outweighing the privacy cost of 0.047.",0,"### Decision:
I'll **purchase Firm 0** (choose number 0) because: 
- It offers a positive profit of 0.08.
- Additional searches are unlikely to yield better deals due to decreasing valuations and would incur extra costs.","C17 Search #1 (Searched:1/5, SearchCost:0.00, BestProfit:0.08@F0) → Purchase F0",0.03,0.047,"[0.58, 0.47, 0.31, 0.14, 0.28]"
5,7,C18,True,"Yes, because with 5 firms, personalized recommendations reduce expected search costs, outweighing the privacy cost of 0.054.",-1,"### Decision:
I'll **leave** (choose number -1) because: 
- The searched firm has negative profit (-0.52), and with sorted decreasing valuations, further firms are unlikely to offer positive profit.
- Additional search cost (0.02) risks reducing revenue with minimal expected gain.","C18 Search #1 (Searched:1/5, SearchCost:0.00, BestProfit:-0.52@F2) → Leave Market",-0.05,0.054,"[0.1, 0.27, 0.28, 0.04, 0.07]"
5,7,C19,True,"Yes, because personalized recommendations with 5 firms likely reduce search costs more than the privacy cost of 0.044.",4,"### Decision:
I'll **purchase Firm 4** because: 
- It offers a positive profit of 0.17, ensuring a rational purchase.
- Searching more would incur an additional cost of 0.02 with uncertain gains.","C19 Search #1 (Searched:1/5, SearchCost:0.00, BestProfit:0.17@F4) → Purchase F4",0.13,0.044,"[0.5, 0.01, 0.62, 0.55, 0.77]"
5,7,C20,True,"Yes, because with 5 firms, personalized recommendations significantly reduce expected search costs, outweighing the privacy cost of 0.043.",1,"### Decision:
I'll **purchase Firm 1** (choose number 1) because: 
- Current firm offers positive profit of 0.27.
- Search cost of 0.02 unlikely to yield better deal with sorted recommendations.","C20 Search #1 (Searched:1/5, SearchCost:0.00, BestProfit:0.27@F1) → Purchase F1",0.23,0.043,"[0.07, 0.97, 0.76, 0.56, 0.07]"
5,8,C1,True,"Yes, because with 5 firms, personalized recommendations significantly reduce expected search costs, outweighing the privacy cost of 0.039.",3,"### Decision:
I'll **purchase Firm 3** (choose number 3) because: 
- It offers positive profit of 0.2
- Personalized sorting makes additional search unlikely to improve outcome","C1 Search #1 (Searched:1/5, SearchCost:0.00, BestProfit:0.20@F3) → Purchase F3",0.16,0.039,"[0.1, 0.48, 0.62, 0.8, 0.07]"
5,8,C2,True,"Yes, because with 5 firms, personalized recommendations significantly reduce expected search costs, outweighing the privacy cost of 0.034.",2,"### Decision:
I'll **purchase Firm 2** (choose number 2) because: 
- Positive profit of 0.05 ensures revenue gain.
- Further search costs 0.02 with likely diminishing returns due to personalized ordering.","C2 Search #1 (Searched:1/5, SearchCost:0.00, BestProfit:0.05@F2) → Purchase F2",0.02,0.034,"[0.65, 0.31, 0.65, 0.26, 0.01]"
5,8,C3,True,"Yes, because with 5 firms, personalized recommendations significantly reduce search costs, likely offsetting the privacy cost of 0.048.",4,"### Decision:
I'll **purchase Firm 4** (choose number 4) because: 
- Positive profit of 0.21 available.
- Additional search cost of 0.02 unlikely to yield a better deal given sorted recommendations.","C3 Search #1 (Searched:1/5, SearchCost:0.00, BestProfit:0.21@F4) → Purchase F4",0.16,0.048,"[0.02, 0.66, 0.58, 0.05, 0.81]"
5,8,C4,True,"Yes, because personalized recommendations with 5 firms significantly reduce expected search costs, outweighing the 0.03 privacy cost.",3,"### Decision:
I'll **purchase Firm 3** (choose number 3) because: 
- Firm 3 offers positive profit of 0.25
- Rational to buy and avoid additional search costs","C4 Search #1 (Searched:1/5, SearchCost:0.00, BestProfit:0.25@F3) → Purchase F3",0.22,0.03,"[0.68, 0.01, 0.19, 0.85, 0.51]"
5,8,C5,True,"Yes, because personalized recommendations with 5 firms significantly reduce expected search costs, outweighing the privacy cost of 0.034.",0,"### Decision:
I'll **purchase Firm 0** (choose number 0) because: 
- It offers a positive profit of 0.36.
- With personalized sorting, further searches are unlikely to yield better deals, and the 0.02 search cost is not justified.","C5 Search #1 (Searched:1/5, SearchCost:0.00, BestProfit:0.36@F0) → Purchase F0",0.33,0.034,"[0.96, 0.39, 0.95, 0.25, 0.91]"
5,8,C6,True,"Yes, because with 5 firms, personalized recommendations minimize search costs, likely saving more than the 0.054 privacy cost based on past experiences.",4,"### Decision:
I'll **purchase Firm 4** (choose number 4) because: 
- The firm offers a high positive profit of 0.36.
- Further searching costs 0.02 with likely diminishing returns due to sorted recommendations.","C6 Search #1 (Searched:1/5, SearchCost:0.00, BestProfit:0.36@F4) → Purchase F4",0.31,0.054,"[0.08, 0.73, 0.02, 0.36, 0.96]"
5,8,C7,True,"Yes, because with 5 firms, personalized recommendations significantly reduce expected search costs, outweighing the privacy cost of 0.028.",-1,"### Decision:
I'll **leave** (choose number -1) because: 
- The searched firm has negative profit of -0.05.
- Decreasing valuations from personalized sorting make further searches unlikely to yield positive profit, outweighing the 0.02 search cost.","C7 Search #1 (Searched:1/5, SearchCost:0.00, BestProfit:-0.05@F0) → Leave Market",-0.03,0.028,"[0.55, 0.14, 0.22, 0.36, 0.33]"
5,8,C8,True,"Yes, because with 5 firms, personalized recommendations significantly reduce expected search costs, outweighing the privacy cost of 0.054.",2,"### Decision:
I'll **purchase Firm 2** (choose number 2) because: 
- It offers a positive profit of 0.33.
- Additional search costs 0.02 and is unlikely to yield a better deal given the sorted valuation sequence.","C8 Search #1 (Searched:1/5, SearchCost:0.00, BestProfit:0.33@F2) → Purchase F2",0.28,0.054,"[0.29, 0.19, 0.93, 0.85, 0.27]"
5,8,C9,True,"Yes, because personalized recommendations with 5 firms likely reduce search costs more than the privacy cost of 0.031.",1,"### Decision:  
I'll **purchase Firm 1** (choose number 1) because:  
- It offers a positive profit of 0.27.  
- Further searches are unlikely to improve profit and would add a search cost of 0.02.","C9 Search #1 (Searched:1/5, SearchCost:0.00, BestProfit:0.27@F1) → Purchase F1",0.24,0.031,"[0.44, 0.87, 0.49, 0.19, 0.56]"
5,8,C10,True,"Yes, because with 5 firms, personalized recommendations greatly reduce expected search costs, outweighing the privacy cost of 0.05.",0,"### Decision:
I'll **purchase Firm 0** (choose number 0) because: 
- Firm 0 offers positive profit of 0.12.
- Rational to buy when positive profit is available, avoiding further search costs.","C10 Search #1 (Searched:1/5, SearchCost:0.00, BestProfit:0.12@F0) → Purchase F0",0.07,0.05,"[0.72, 0.58, 0.01, 0.46, 0.66]"
5,8,C11,True,"Yes, because the low privacy cost of 0.027 is outweighed by significant search cost savings from personalized recommendations with 5 firms.",4,"### Decision:
I'll **purchase Firm 4** (choose number 4) because: 
- The firm offers a positive profit of 0.07.
- Personalized sorting indicates future firms will likely be worse, avoiding unnecessary search costs.","C11 Search #1 (Searched:1/5, SearchCost:0.00, BestProfit:0.07@F4) → Purchase F4",0.04,0.027,"[0.41, 0.06, 0.1, 0.53, 0.67]"
5,8,C12,True,"Yes, because with 5 firms, personalized recommendations significantly reduce expected search costs, outweighing the privacy cost of 0.05.",-1,"### Decision:
I'll **leave** (choose number -1) because: 
- The searched firm offers zero profit, providing no gain.
- Personalized recommendations sort high to low, so further search is unlikely to yield positive profit and would incur cost.","C12 Search #1 (Searched:1/5, SearchCost:0.00, BestProfit:0.00@F1) → Leave Market",-0.05,0.05,"[0.54, 0.6, 0.05, 0.22, 0.06]"
5,8,C13,True,"Yes, because with 5 firms, personalized recommendations significantly reduce expected search costs, outweighing the privacy cost of 0.029.",2,"### Decision:
I'll **purchase Firm 2** (choose number 2) because: 
- It offers a positive profit of 0.26.
- Sorted recommendations make further search unlikely to improve the deal, and the 0.02 search cost is not justified.","C13 Search #1 (Searched:1/5, SearchCost:0.00, BestProfit:0.26@F2) → Purchase F2",0.23,0.029,"[0.12, 0.52, 0.86, 0.62, 0.3]"
5,8,C14,True,"Yes, because with 5 firms, personalized recommendations significantly reduce search costs, likely outweighing the privacy cost of 0.041 based on past experiences and benefits observed.",1,"### Decision:
I'll **purchase Firm 1** (choose number 1) because: 
- It offers positive profit of 0.38.
- With personalized recommendations sorting by valuation, further searches are unlikely to yield significant improvement, avoiding additional search costs.","C14 Search #1 (Searched:1/5, SearchCost:0.00, BestProfit:0.38@F1) → Purchase F1",0.34,0.041,"[0.54, 0.98, 0.81, 0.88, 0.01]"
5,8,C15,True,"Yes, because with 5 firms, personalized recommendations significantly reduce expected search costs, outweighing the privacy cost of 0.028.",3,"### Decision:  
I'll **purchase Firm 3** (choose number 3) because:  
- The firm offers a positive profit of 0.01.  
- Rational to buy and avoid further search costs.","C15 Search #1 (Searched:1/5, SearchCost:0.00, BestProfit:0.01@F3) → Purchase F3",-0.02,0.028,"[0.31, 0.22, 0.57, 0.61, 0.26]"
5,8,C16,True,"Yes, because with 5 firms, personalized recommendations significantly reduce expected search costs, outweighing the privacy cost of 0.048.",4,"### Decision:  
I'll **purchase Firm 4** (choose number 4) because:  
- It offers a positive profit of 0.33.  
- Additional search costs 0.02 and is unlikely to improve outcome due to sorted recommendations.","C16 Search #1 (Searched:1/5, SearchCost:0.00, BestProfit:0.33@F4) → Purchase F4",0.28,0.048,"[0.25, 0.18, 0.59, 0.86, 0.93]"
5,8,C17,True,"Yes, because personalized recommendations with 5 firms significantly reduce expected search costs, outweighing the privacy cost of 0.047.",-1,"### Decision:
I'll **leave** (choose number -1) because: 
- The searched firm has negative profit (-0.02).
- Additional searches cost 0.02 with low chance of better deals due to sorted valuation order.","C17 Search #1 (Searched:1/5, SearchCost:0.00, BestProfit:-0.02@F0) → Leave Market",-0.05,0.047,"[0.58, 0.47, 0.31, 0.14, 0.28]"
5,8,C18,True,"Yes, because personalized recommendations with 5 firms reduce expected search costs, likely outweighing the 0.054 privacy cost.",-1,"### Decision:
I'll **leave** (choose number -1) because: 
- The searched firm has negative profit (-0.32), and with decreasing valuations in personalized recommendations, positive profit is unlikely.
- Additional search cost of 0.02 risks further revenue loss with minimal expected gain.","C18 Search #1 (Searched:1/5, SearchCost:0.00, BestProfit:-0.32@F2) → Leave Market",-0.05,0.054,"[0.1, 0.27, 0.28, 0.04, 0.07]"
5,8,C19,True,"Yes, because with 5 firms, personalized recommendations significantly reduce expected search costs, outweighing the privacy cost of 0.044.",4,"### Decision:
I'll **purchase Firm 4** because: 
- It offers a positive profit of 0.17, ensuring a rational purchase.
- Searching more would incur an additional cost of 0.02 with uncertain gains, given personalized recommendations.","C19 Search #1 (Searched:1/5, SearchCost:0.00, BestProfit:0.17@F4) → Purchase F4",0.13,0.044,"[0.5, 0.01, 0.62, 0.55, 0.77]"
5,8,C20,True,"Yes, because with 5 firms, personalized recommendations significantly reduce expected search costs, outweighing the privacy cost of 0.043.",1,"### Decision:
I'll **purchase Firm 1** (choose number 1) because: 
- Current firm offers positive profit of 0.37.
- Sorted recommendations make additional search unlikely to yield better deal, with search cost of 0.02 not justified.","C20 Search #1 (Searched:1/5, SearchCost:0.00, BestProfit:0.37@F1) → Purchase F1",0.33,0.043,"[0.07, 0.97, 0.76, 0.56, 0.07]"
5,9,C1,True,"Yes, because with 5 firms, personalized recommendations significantly reduce expected search costs, likely outweighing the privacy cost of 0.039.",3,"### Decision:
I'll **purchase Firm 3** (choose number 3) because: 
- It offers positive profit of 0.2
- Personalized sorting makes additional search unlikely to improve outcome","C1 Search #1 (Searched:1/5, SearchCost:0.00, BestProfit:0.20@F3) → Purchase F3",0.16,0.039,"[0.1, 0.48, 0.62, 0.8, 0.07]"
5,9,C2,True,"Yes, because with 5 firms, personalized recommendations significantly reduce expected search costs, outweighing the privacy cost of 0.034.",2,"### Decision:
I'll **purchase Firm 2** (choose number 2) because: 
- Positive profit of 0.05 ensures revenue gain.
- Further search costs 0.02 with likely lower returns due to personalized ordering.","C2 Search #1 (Searched:1/5, SearchCost:0.00, BestProfit:0.05@F2) → Purchase F2",0.02,0.034,"[0.65, 0.31, 0.65, 0.26, 0.01]"
5,9,C3,True,"Yes, because with 5 firms, personalized recommendations significantly reduce expected search costs, likely offsetting the privacy cost of 0.048.",4,"### Decision:
I'll **purchase Firm 4** (choose number 4) because: 
- Positive profit of 0.21 available.
- Additional search cost of 0.02 unlikely to yield a better deal given sorted recommendations.","C3 Search #1 (Searched:1/5, SearchCost:0.00, BestProfit:0.21@F4) → Purchase F4",0.16,0.048,"[0.02, 0.66, 0.58, 0.05, 0.81]"
5,9,C4,True,"Yes, because personalized recommendations with 5 firms reduce search costs, outweighing the 0.03 privacy cost.",3,"### Decision:
I'll **purchase Firm 3** (choose number 3) because: 
- Firm 3 offers positive profit of 0.25
- Rational to buy and avoid additional search costs","C4 Search #1 (Searched:1/5, SearchCost:0.00, BestProfit:0.25@F3) → Purchase F3",0.22,0.03,"[0.68, 0.01, 0.19, 0.85, 0.51]"
5,9,C5,True,"Yes, because personalized recommendations with 5 firms significantly reduce search costs and improve product valuation, outweighing the privacy cost of 0.034.",0,"### Decision:
I'll **purchase Firm 0** (choose number 0) because: 
- It offers a high positive profit of 0.46.
- With personalized sorting, further searches are unlikely to yield better deals, and the 0.02 search cost is not justified.","C5 Search #1 (Searched:1/5, SearchCost:0.00, BestProfit:0.46@F0) → Purchase F0",0.43,0.034,"[0.96, 0.39, 0.95, 0.25, 0.91]"
5,9,C6,True,"Yes, because with 5 firms, personalized recommendations significantly reduce expected search costs, outweighing the privacy cost of 0.054 based on past experiences and benefits.",4,"### Decision:
I'll **purchase Firm 4** (choose number 4) because: 
- The firm offers a high positive profit of 0.36.
- Further searching costs 0.02 with likely diminishing returns due to sorted recommendations.","C6 Search #1 (Searched:1/5, SearchCost:0.00, BestProfit:0.36@F4) → Purchase F4",0.31,0.054,"[0.08, 0.73, 0.02, 0.36, 0.96]"
5,9,C7,True,"Yes, because with 5 firms, personalized recommendations likely reduce search costs significantly, outweighing the privacy cost of 0.028.",0,"### Decision:
I'll **purchase Firm 0** (choose number 0) because: 
- It offers a positive profit of 0.05.
- Personalized sorting makes further searches unlikely to improve profit, avoiding additional cost.","C7 Search #1 (Searched:1/5, SearchCost:0.00, BestProfit:0.05@F0) → Purchase F0",0.02,0.028,"[0.55, 0.14, 0.22, 0.36, 0.33]"
5,9,C8,True,"Yes, because with 5 firms, personalized recommendations significantly reduce expected search costs, likely outweighing the privacy cost of 0.054.",2,"### Decision:
I'll **purchase Firm 2** (choose number 2) because: 
- It offers a positive profit of 0.33.
- Additional search costs 0.02 and is unlikely to yield a better deal given the sorted valuation sequence.","C8 Search #1 (Searched:1/5, SearchCost:0.00, BestProfit:0.33@F2) → Purchase F2",0.28,0.054,"[0.29, 0.19, 0.93, 0.85, 0.27]"
5,9,C9,True,"Yes, because with 5 firms, personalized recommendations significantly reduce expected search costs, likely outweighing the privacy cost of 0.031.",1,"### Decision:  
I'll **purchase Firm 1** (choose number 1) because:  
- It offers a positive profit of 0.17.  
- With personalized recommendations sorting by valuation, further searches are unlikely to improve profit and would add a search cost of 0.02.","C9 Search #1 (Searched:1/5, SearchCost:0.00, BestProfit:0.17@F1) → Purchase F1",0.14,0.031,"[0.44, 0.87, 0.49, 0.19, 0.56]"
5,9,C10,True,"Yes, because with 5 firms, personalized recommendations significantly reduce expected search costs, outweighing the 0.05 privacy cost.",0,"### Decision:
I'll **purchase Firm 0** (choose number 0) because: 
- Firm 0 offers positive profit of 0.22.
- Rational to buy when positive profit is available, avoiding unnecessary search costs.","C10 Search #1 (Searched:1/5, SearchCost:0.00, BestProfit:0.22@F0) → Purchase F0",0.17,0.05,"[0.72, 0.58, 0.01, 0.46, 0.66]"
5,9,C11,True,"Yes, because the low privacy cost of 0.027 is likely outweighed by significant search cost savings from personalized recommendations with 5 firms.",4,"### Decision:
I'll **purchase Firm 4** (choose number 4) because: 
- The firm has a positive profit of 0.07.
- Personalized sorting ensures future firms are likely worse, maximizing current revenue without additional search costs.","C11 Search #1 (Searched:1/5, SearchCost:0.00, BestProfit:0.07@F4) → Purchase F4",0.04,0.027,"[0.41, 0.06, 0.1, 0.53, 0.67]"
5,9,C12,True,"Yes, because with 5 firms, personalized recommendations significantly reduce expected search costs, likely outweighing the privacy cost of 0.05 based on observed benefits from other consumers.",-1,"### Decision:
I'll **leave** (choose number -1) because: 
- The searched firm has negative profit (-0.1).
- Personalized recommendations sort by decreasing valuation, making further searches unlikely to yield positive profit and incurring additional cost.","C12 Search #1 (Searched:1/5, SearchCost:0.00, BestProfit:-0.10@F1) → Leave Market",-0.05,0.05,"[0.54, 0.6, 0.05, 0.22, 0.06]"
5,9,C13,True,"Yes, because personalized recommendations with 5 firms significantly reduce expected search costs, outweighing the privacy cost of 0.029.",2,"### Decision:
I'll **purchase Firm 2** (choose number 2) because: 
- It offers a positive profit of 0.26, ensuring a gain.
- Sorted recommendations make further search unlikely to improve the deal, and the 0.02 search cost is not justified.","C13 Search #1 (Searched:1/5, SearchCost:0.00, BestProfit:0.26@F2) → Purchase F2",0.23,0.029,"[0.12, 0.52, 0.86, 0.62, 0.3]"
5,9,C14,True,"Yes, because with 5 firms, personalized recommendations greatly reduce search costs and improve matching, outweighing the privacy cost of 0.041 based on past benefits.",1,"### Decision:  
I'll **purchase Firm 1** (choose number 1) because:  
- It offers positive profit of 0.28.  
- With personalized recommendations sorting by highest value, further searches are unlikely to yield significant improvement, avoiding additional search costs.","C14 Search #1 (Searched:1/5, SearchCost:0.00, BestProfit:0.28@F1) → Purchase F1",0.24,0.041,"[0.54, 0.98, 0.81, 0.88, 0.01]"
5,9,C15,True,"Yes, because with 5 firms, personalized recommendations significantly reduce expected search costs, outweighing the privacy cost of 0.028.",3,"### Decision:  
I'll **purchase Firm 3** (choose number 3) because:  
- The firm offers a positive profit of 0.01.  
- Rational to buy and avoid further search costs, as future firms may yield lower valuations.","C15 Search #1 (Searched:1/5, SearchCost:0.00, BestProfit:0.01@F3) → Purchase F3",-0.02,0.028,"[0.31, 0.22, 0.57, 0.61, 0.26]"
5,9,C16,True,"Yes, because personalized recommendations with 5 firms significantly reduce search costs, likely outweighing the privacy cost of 0.048 based on historical benefits.",4,"### Decision:  
I'll **purchase Firm 4** (choose number 4) because:  
- It offers a positive profit of 0.33.  
- Due to sorted recommendations, additional search is unlikely to yield better options.","C16 Search #1 (Searched:1/5, SearchCost:0.00, BestProfit:0.33@F4) → Purchase F4",0.28,0.048,"[0.25, 0.18, 0.59, 0.86, 0.93]"
5,9,C17,True,"Yes, because personalized recommendations with 5 firms greatly reduce expected search costs, likely outweighing the privacy cost of 0.047 based on past benefits.",0,"### Decision:
I'll **purchase Firm 0** (choose number 0) because: 
- It offers a positive profit of 0.08.
- Additional searches are unlikely to yield better deals due to sorted order and would incur extra costs.","C17 Search #1 (Searched:1/5, SearchCost:0.00, BestProfit:0.08@F0) → Purchase F0",0.03,0.047,"[0.58, 0.47, 0.31, 0.14, 0.28]"
5,9,C18,True,"Yes, because with 5 firms, personalized recommendations significantly reduce expected search costs, likely outweighing the privacy cost of 0.054.",-1,"### Decision:
I'll **leave** (choose number -1) because: 
- The searched firm has negative profit (-0.32), and with sorted decreasing valuations, positive profit is unlikely.
- Additional search cost (0.02) risks reducing revenue with minimal expected gain.","C18 Search #1 (Searched:1/5, SearchCost:0.00, BestProfit:-0.32@F2) → Leave Market",-0.05,0.054,"[0.1, 0.27, 0.28, 0.04, 0.07]"
5,9,C19,True,"Yes, because with 5 firms, personalized recommendations significantly reduce expected search costs, likely outweighing the privacy cost of 0.044 based on past experiences.",4,"### Decision:
I'll **purchase Firm 4** because: 
- It offers a positive profit of 0.17, ensuring a rational purchase.
- With personalized recommendations, this is likely the best option, and further searching incurs unnecessary cost.","C19 Search #1 (Searched:1/5, SearchCost:0.00, BestProfit:0.17@F4) → Purchase F4",0.13,0.044,"[0.5, 0.01, 0.62, 0.55, 0.77]"
5,9,C20,True,"Yes, because with 5 firms, personalized recommendations significantly reduce expected search costs, outweighing the privacy cost of 0.043 based on past benefits.",1,"### Decision:
I'll **purchase Firm 1** (choose number 1) because: 
- Current firm offers positive profit of 0.27.
- Search cost of 0.02 unlikely to yield better deal with sorted recommendations.","C20 Search #1 (Searched:1/5, SearchCost:0.00, BestProfit:0.27@F1) → Purchase F1",0.23,0.043,"[0.07, 0.97, 0.76, 0.56, 0.07]"
5,10,C1,True,"Yes, because personalized recommendations with 5 firms significantly reduce expected search costs, outweighing the privacy cost of 0.039.",3,"### Decision:
I'll **purchase Firm 3** (choose number 3) because: 
- It offers positive profit of 0.2
- Personalized sorting makes additional search unlikely to improve outcome","C1 Search #1 (Searched:1/5, SearchCost:0.00, BestProfit:0.20@F3) → Purchase F3",0.16,0.039,"[0.1, 0.48, 0.62, 0.8, 0.07]"
5,10,C2,True,"Yes, because with 5 firms, personalized recommendations significantly reduce expected search costs, outweighing the privacy cost of 0.034.",2,"### Decision:  
I'll **purchase Firm 2** (choose number 2) because:  
- Positive profit of 0.05 ensures revenue gain.  
- Further search costs 0.02 with likely diminishing returns due to personalized ordering.","C2 Search #1 (Searched:1/5, SearchCost:0.00, BestProfit:0.05@F2) → Purchase F2",0.02,0.034,"[0.65, 0.31, 0.65, 0.26, 0.01]"
5,10,C3,True,"Yes, because with 5 firms, personalized recommendations significantly reduce expected search costs, likely offsetting the privacy cost of 0.048 based on past benefits.",4,"### Decision:
I'll **purchase Firm 4** (choose number 4) because: 
- Positive profit of 0.21 available.
- Additional search cost of 0.02 unlikely to yield a better deal given sorted recommendations.","C3 Search #1 (Searched:1/5, SearchCost:0.00, BestProfit:0.21@F4) → Purchase F4",0.16,0.048,"[0.02, 0.66, 0.58, 0.05, 0.81]"
5,10,C4,True,"Yes, because personalized recommendations with 5 firms significantly reduce expected search costs, outweighing the 0.03 privacy cost.",3,"### Decision:
I'll **purchase Firm 3** (choose number 3) because: 
- Firm 3 offers positive profit of 0.25
- Rational to buy and avoid additional search costs","C4 Search #1 (Searched:1/5, SearchCost:0.00, BestProfit:0.25@F3) → Purchase F3",0.22,0.03,"[0.68, 0.01, 0.19, 0.85, 0.51]"
5,10,C5,True,"Yes, because personalized recommendations with 5 firms significantly reduce search costs, outweighing the privacy cost of 0.034.",0,"### Decision:
I'll **purchase Firm 0** (choose number 0) because: 
- It offers a high positive profit of 0.46.
- With personalized sorting by valuation, further searches are unlikely to yield better deals, and the 0.02 search cost is not justified.","C5 Search #1 (Searched:1/5, SearchCost:0.00, BestProfit:0.46@F0) → Purchase F0",0.43,0.034,"[0.96, 0.39, 0.95, 0.25, 0.91]"
5,10,C6,True,"Yes, because personalized recommendations with 5 firms reduce expected search costs by more than the 0.054 privacy cost, based on past experiences and benefits.",4,"### Decision:
I'll **purchase Firm 4** (choose number 4) because: 
- The firm offers a high positive profit of 0.36.
- Further searching costs 0.02 with likely diminishing returns due to sorted recommendations.","C6 Search #1 (Searched:1/5, SearchCost:0.00, BestProfit:0.36@F4) → Purchase F4",0.31,0.054,"[0.08, 0.73, 0.02, 0.36, 0.96]"
5,10,C7,True,"Yes, because with 5 firms, personalized recommendations significantly reduce expected search costs, outweighing the privacy cost of 0.028.",0,"### Decision:
I'll **purchase Firm 0** (choose number 0) because: 
- It offers a positive profit of 0.05.
- Personalized sorting likely presents the best option first, avoiding unnecessary search cost.","C7 Search #1 (Searched:1/5, SearchCost:0.00, BestProfit:0.05@F0) → Purchase F0",0.02,0.028,"[0.55, 0.14, 0.22, 0.36, 0.33]"
5,10,C8,True,"Yes, because personalized recommendations with 5 firms significantly reduce expected search costs, outweighing the privacy cost of 0.054 based on past benefits.",2,"### Decision:
I'll **purchase Firm 2** (choose number 2) because: 
- It offers a positive profit of 0.33.
- Additional search costs 0.02 and is unlikely to yield a better deal given the sorted valuation sequence.","C8 Search #1 (Searched:1/5, SearchCost:0.00, BestProfit:0.33@F2) → Purchase F2",0.28,0.054,"[0.29, 0.19, 0.93, 0.85, 0.27]"
5,10,C9,True,"Yes, because personalized recommendations with 5 firms likely reduce search costs more than the 0.031 privacy cost, based on past benefits.",1,"### Decision:  
I'll **purchase Firm 1** (choose number 1) because:  
- It offers a positive profit of 0.07.  
- With personalized recommendations sorting by valuation, further searches are unlikely to improve profit and would add a search cost of 0.02.","C9 Search #1 (Searched:1/5, SearchCost:0.00, BestProfit:0.07@F1) → Purchase F1",0.04,0.031,"[0.44, 0.87, 0.49, 0.19, 0.56]"
5,10,C10,True,"Yes, because personalized recommendations with 5 firms significantly reduce expected search costs, outweighing the 0.05 privacy cost.",0,"### Decision:
I'll **purchase Firm 0** (choose number 0) because: 
- Firm 0 offers positive profit of 0.22.
- Rational to buy when positive profit is available, avoiding further search costs.","C10 Search #1 (Searched:1/5, SearchCost:0.00, BestProfit:0.22@F0) → Purchase F0",0.17,0.05,"[0.72, 0.58, 0.01, 0.46, 0.66]"
5,10,C11,True,"Yes, because the low privacy cost of 0.027 is likely outweighed by significant search cost savings from personalized recommendations with 5 firms.",4,"### Decision:
I'll **purchase Firm 4** (choose number 4) because: 
- The firm has a positive profit of 0.07.
- Personalized sorting ensures future firms are likely worse, avoiding unnecessary search costs.","C11 Search #1 (Searched:1/5, SearchCost:0.00, BestProfit:0.07@F4) → Purchase F4",0.04,0.027,"[0.41, 0.06, 0.1, 0.53, 0.67]"
5,10,C12,True,"Yes, because personalized recommendations with 5 firms reduce expected search costs, likely outweighing the 0.05 privacy cost based on other consumers' positive results.",-1,"### Decision:
I'll **leave** (choose number -1) because: 
- Searched firm has negative profit (-0.2).
- Personalized recommendations sort by decreasing valuation, making further search unlikely to yield positive profit and incurring unnecessary cost.","C12 Search #1 (Searched:1/5, SearchCost:0.00, BestProfit:-0.20@F1) → Leave Market",-0.05,0.05,"[0.54, 0.6, 0.05, 0.22, 0.06]"
5,10,C13,True,"Yes, because personalized recommendations with 5 firms significantly reduce expected search costs, outweighing the low privacy cost of 0.029.",2,"### Decision:
I'll **purchase Firm 2** (choose number 2) because: 
- It offers a positive profit of 0.26.
- Sorted recommendations make further search unlikely to improve the deal, and the 0.02 search cost is not justified.","C13 Search #1 (Searched:1/5, SearchCost:0.00, BestProfit:0.26@F2) → Purchase F2",0.23,0.029,"[0.12, 0.52, 0.86, 0.62, 0.3]"
5,10,C14,True,"Yes, because with 5 firms, personalized recommendations significantly reduce expected search costs and improve matching, outweighing the privacy cost of 0.041.",1,"### Decision:  
I'll **purchase Firm 1** (choose number 1) because:  
- It offers positive profit of 0.18.  
- With personalized recommendations sorting by valuation, further searches are unlikely to yield significant improvement, avoiding additional search costs.","C14 Search #1 (Searched:1/5, SearchCost:0.00, BestProfit:0.18@F1) → Purchase F1",0.14,0.041,"[0.54, 0.98, 0.81, 0.88, 0.01]"
5,10,C15,True,"Yes, because with 5 firms, personalized recommendations significantly reduce expected search costs, outweighing the privacy cost of 0.028.",3,"### Decision:  
I'll **purchase Firm 3** (choose number 3) because:  
- The firm offers a positive profit of 0.01.  
- Rational to buy and avoid further search costs, as future firms may yield lower valuations due to sorting.","C15 Search #1 (Searched:1/5, SearchCost:0.00, BestProfit:0.01@F3) → Purchase F3",-0.02,0.028,"[0.31, 0.22, 0.57, 0.61, 0.26]"
5,10,C16,True,"Yes, because personalized recommendations with 5 firms significantly reduce expected search costs, outweighing the privacy cost of 0.048 based on historical benefits.",4,"### Decision:  
I'll **purchase Firm 4** (choose number 4) because:  
- It offers a positive profit of 0.33.  
- Additional search costs 0.02 and is unlikely to improve due to sorted recommendations.","C16 Search #1 (Searched:1/5, SearchCost:0.00, BestProfit:0.33@F4) → Purchase F4",0.28,0.048,"[0.25, 0.18, 0.59, 0.86, 0.93]"
5,10,C17,True,"Yes, because personalized recommendations with 5 firms significantly reduce expected search costs, offsetting the privacy cost.",0,"### Decision:
I'll **purchase Firm 0** (choose number 0) because: 
- It offers a positive profit of 0.08.
- Additional searches are unlikely to yield better deals due to personalized sorting and would incur extra costs.","C17 Search #1 (Searched:1/5, SearchCost:0.00, BestProfit:0.08@F0) → Purchase F0",0.03,0.047,"[0.58, 0.47, 0.31, 0.14, 0.28]"
5,10,C18,True,"Yes, because with 5 firms, personalized recommendations significantly reduce expected search costs, likely outweighing the privacy cost of 0.054.",-1,"### Decision:
I'll **leave** (choose number -1) because: 
- The searched firm has negative profit (-0.32), and with decreasing valuations in personalized recommendations, positive profit is unlikely.
- Additional search cost (0.02) risks reducing revenue with minimal expected gain from lower-valuation firms.","C18 Search #1 (Searched:1/5, SearchCost:0.00, BestProfit:-0.32@F2) → Leave Market",-0.05,0.054,"[0.1, 0.27, 0.28, 0.04, 0.07]"
5,10,C19,True,"Yes, because with 5 firms, personalized recommendations significantly reduce expected search costs, outweighing the privacy cost of 0.044 based on past benefits.",4,"### Decision:
I'll **purchase Firm 4** because: 
- It offers a positive profit of 0.17, ensuring a rational purchase.
- With personalized recommendations, further searching is unlikely to improve the deal and would incur an additional cost of 0.02.","C19 Search #1 (Searched:1/5, SearchCost:0.00, BestProfit:0.17@F4) → Purchase F4",0.13,0.044,"[0.5, 0.01, 0.62, 0.55, 0.77]"
5,10,C20,True,"Yes, because with 5 firms, personalized recommendations significantly reduce search costs, outweighing the privacy cost of 0.043 based on past benefits.",1,"### Decision:
I'll **purchase Firm 1** (choose number 1) because: 
- Current firm offers positive profit of 0.17.
- Search cost of 0.02 unlikely to yield better deal with sorted recommendations.","C20 Search #1 (Searched:1/5, SearchCost:0.00, BestProfit:0.17@F1) → Purchase F1",0.13,0.043,"[0.07, 0.97, 0.76, 0.56, 0.07]"
6,1,C1,True,"Yes, because the potential reduction in search costs with personalized recommendations for 6 firms likely exceeds the privacy value of 0.041.",0,"### Decision:
I'll **purchase Firm 0** (choose number 0) because: 
- Positive profit of 0.48
- Rational to buy when profit is positive, avoiding unnecessary search cost","C1 Search #1 (Searched:1/6, SearchCost:0.00, BestProfit:0.48@F0) → Purchase F0",0.44,0.041,"[0.98, 0.24, 0.38, 0.77, 0.88, 0.85]"
6,1,C2,True,"Yes, because with 6 firms, personalized recommendations significantly reduce expected search costs, likely exceeding the privacy cost of 0.035.",4,"### Decision:
I'll **purchase Firm 4** because: 
- The firm offers a positive profit of 0.51, ensuring a gain.
- Searching further incurs a cost of 0.02 with uncertain improvement in profit.","C2 Search #1 (Searched:1/6, SearchCost:0.00, BestProfit:0.51@F4) → Purchase F4",0.48,0.035,"[0.05, 0.25, 0.39, 0.63, 0.93, 0.5]"
6,1,C3,True,"Yes, because the potential search cost savings from personalized recommendations with 6 firms outweigh the low privacy cost of 0.037.",5,"### Decision:
I'll **purchase Firm 5** (choose number 5) because: 
- Positive profit of 0.22 available.
- Additional search cost of 0.02 unlikely to yield better profit given sorted valuation order.","C3 Search #1 (Searched:1/6, SearchCost:0.00, BestProfit:0.22@F5) → Purchase F5",0.18,0.037,"[0.72, 0.33, 0.88, 0.92, 0.72, 0.92]"
6,1,C4,True,"Yes, to reduce search costs and gain better product matches, offsetting the privacy cost.",2,"### Decision:
I'll **purchase Firm 2** (choose number 2) because: 
- Positive profit of 0.34 available.
- Search sorted by valuation, so likely optimal option.","C4 Search #1 (Searched:1/6, SearchCost:0.00, BestProfit:0.34@F2) → Purchase F2",0.3,0.045,"[0.76, 0.36, 0.89, 0.78, 0.68, 0.7]"
6,1,C5,True,"yes, expected search cost savings outweigh privacy cost.",2,"### Decision:
I'll **purchase Firm 2** because: 
- It offers a positive profit of 0.37.
- Additional search costs 0.02 with likely lower expected profit due to sorted recommendations.","C5 Search #1 (Searched:1/6, SearchCost:0.00, BestProfit:0.37@F2) → Purchase F2",0.34,0.034,"[0.43, 0.44, 0.92, 0.02, 0.82, 0.66]"
6,1,C6,True,"Yes, because with 6 firms, personalized recommendations significantly reduce search costs, likely exceeding the low privacy value of 0.034.",3,"### Decision:
I'll **purchase Firm 3** (choose number 3) because: 
- Firm 3 offers a positive profit of 0.38.
- Rationality requires buying when positive profit is available.","C6 Search #1 (Searched:1/6, SearchCost:0.00, BestProfit:0.38@F3) → Purchase F3",0.35,0.034,"[0.59, 0.45, 0.58, 0.98, 0.87, 0.87]"
6,1,C7,True,"Yes, because the potential reduction in search costs with personalized recommendations outweighs the low privacy value of 0.025.",2,"### Decision:
I'll **purchase Firm 2** (choose number 2) because: 
- Firm 2 offers a positive profit of 0.20.
- With personalized recommendations, it is likely optimal, and further search costs (0.02) may not yield significant gains.","C7 Search #1 (Searched:1/6, SearchCost:0.00, BestProfit:0.20@F2) → Purchase F2",0.17,0.025,"[0.66, 0.63, 0.75, 0.26, 0.27, 0.58]"
6,1,C8,True,"Yes, because the potential reduction in search cost with personalized recommendations for 6 firms likely outweighs the low privacy value of 0.029.",2,"### Decision:
I'll **purchase Firm 2** (choose number 2) because: 
- Positive profit of 0.38 available.
- Additional search cost outweighs uncertain benefit.","C8 Search #1 (Searched:1/6, SearchCost:0.00, BestProfit:0.38@F2) → Purchase F2",0.35,0.029,"[0.61, 0.31, 0.93, 0.56, 0.86, 0.59]"
6,1,C9,True,"yes, because the low privacy cost (0.049) is outweighed by significant search cost savings from personalized recommendations with 6 firms.",1,"### Decision:
I'll **purchase Firm 1** (choose number 1) because: 
- Current firm offers positive profit of 0.32 with no additional search cost needed.
- Searching more would incur a cost of 0.02 with likely diminishing returns due to sorted recommendations.","C9 Search #1 (Searched:1/6, SearchCost:0.00, BestProfit:0.32@F1) → Purchase F1",0.27,0.049,"[0.24, 0.82, 0.16, 0.01, 0.48, 0.07]"
6,1,C10,True,"Yes, because the potential reduction in search cost with personalized recommendations for 6 firms likely exceeds the privacy cost of 0.031.",3,"### Decision:
I'll **purchase Firm 3** because: 
- Positive profit of 0.21 with no additional cost.
- Risk of lower future profits and search cost of 0.02.","C10 Search #1 (Searched:1/6, SearchCost:0.00, BestProfit:0.21@F3) → Purchase F3",0.18,0.031,"[0.65, 0.2, 0.66, 0.81, 0.71, 0.24]"
6,1,C11,True,"Yes, because with 6 firms, personalized recommendations significantly reduce expected search costs (likely saving more than the 0.036 privacy cost) while potentially increasing product valuation surplus.",3,"### Decision:
I'll **purchase Firm 3** (choose number 3) because: 
- It offers a positive profit of 0.04.
- Additional search costs 0.02 and may not yield a better deal, reducing net revenue.","C11 Search #1 (Searched:1/6, SearchCost:0.00, BestProfit:0.04@F3) → Purchase F3",0.0,0.036,"[0.6, 0.32, 0.29, 0.64, 0.5, 0.59]"
6,1,C12,True,"Yes, because with 6 firms, personalized recommendations will significantly reduce search costs, likely exceeding the privacy cost of 0.04.",-1,"### Decision:
I'll **leave** (choose number -1) because: 
- The searched firm offers zero profit, providing no benefit.
- Further searching incurs additional cost with low likelihood of positive profit.","C12 Search #1 (Searched:1/6, SearchCost:0.00, BestProfit:0.00@F1) → Leave Market",-0.04,0.04,"[0.33, 0.5, 0.21, 0.22, 0.18, 0.21]"
6,1,C13,True,"Yes, because with 6 firms, personalized recommendations will likely reduce search costs by more than the privacy value of 0.03.",-1,"### Decision:
I'll **leave** (choose number -1) because: 
- The highest-valuation firm searched has negative profit, indicating low likelihood of finding a profitable option.
- Further searches incur costs with minimal expected gain, avoiding additional losses.","C13 Search #1 (Searched:1/6, SearchCost:0.00, BestProfit:-0.24@F5) → Leave Market",-0.03,0.03,"[0.07, 0.0, 0.41, 0.14, 0.03, 0.46]"
6,1,C14,True,"Yes, because with 6 firms, personalized recommendations likely reduce search costs by more than the privacy value of 0.049.",3,"### Decision:
I'll **purchase Firm 3** (choose number 3) because: 
- It offers a positive profit of 0.39.
- Personalized sorting suggests it may be the best option, and further search cost (0.02) is unlikely to yield a better deal.","C14 Search #1 (Searched:1/6, SearchCost:0.00, BestProfit:0.39@F3) → Purchase F3",0.34,0.049,"[0.96, 0.97, 0.81, 0.99, 0.29, 0.52]"
6,1,C15,True,"Yes, because the potential reduction in search cost with personalized recommendations outweighs the small privacy cost of 0.028.",1,"### Decision:
I'll **purchase Firm 1** because: 
- Offers positive profit of 0.46
- Additional search cost of 0.02 unlikely to yield better deal","C15 Search #1 (Searched:1/6, SearchCost:0.00, BestProfit:0.46@F1) → Purchase F1",0.43,0.028,"[0.9, 0.96, 0.15, 0.8, 0.71, 0.94]"
6,1,C16,True,"Yes, privacy cost is low (0.039), and with 6 firms, recommendations significantly reduce search costs.",2,"### Decision:
I'll **purchase Firm 2** (choose number 2) because: 
- It offers a positive profit of 0.44.
- Further search may not yield better deals, given sorted valuation and search cost of 0.02.","C16 Search #1 (Searched:1/6, SearchCost:0.00, BestProfit:0.44@F2) → Purchase F2",0.4,0.039,"[0.71, 0.79, 0.99, 0.1, 0.74, 0.8]"
6,1,C17,True,"Yes, because personalized recommendations with 6 firms significantly reduce expected search costs, likely outweighing the privacy cost of 0.042.",1,"### Decision:
I'll **purchase Firm 1** (choose number 1) because: 
- Positive profit of 0.41 available
- Rational to buy when positive profit exists","C17 Search #1 (Searched:1/6, SearchCost:0.00, BestProfit:0.41@F1) → Purchase F1",0.37,0.042,"[0.57, 0.91, 0.76, 0.43, 0.85, 0.49]"
6,1,C18,True,"Yes, because with 6 firms, personalized recommendations significantly reduce expected search costs, likely exceeding the privacy cost of 0.047.",-1,"### Decision:
I'll **leave** (choose number -1) because: 
- The first firm, with the highest valuation, offers negative profit (-0.1), indicating low potential for positive profit in subsequent searches.
- Searching further risks additional costs (0.02 per search) with minimal expected benefit, reducing total revenue.","C18 Search #1 (Searched:1/6, SearchCost:0.00, BestProfit:-0.10@F2) → Leave Market",-0.05,0.047,"[0.01, 0.09, 0.45, 0.44, 0.25, 0.06]"
6,1,C19,True,"Yes, because with 6 firms, personalized recommendations will likely reduce search costs more than the privacy cost of 0.045.",4,"### Decision:
I'll **purchase Firm 4** (choose number 4) because: 
- It offers a positive profit of 0.51, ensuring immediate gain.
- With personalized sorting, further searches may not improve the deal significantly, avoiding unnecessary cost.","C19 Search #1 (Searched:1/6, SearchCost:0.00, BestProfit:0.51@F4) → Purchase F4",0.46,0.045,"[0.23, 0.33, 0.11, 0.21, 0.93, 0.22]"
6,1,C20,True,"Yes, because with 6 firms, personalized recommendations can significantly reduce search costs, likely exceeding the privacy value of 0.037.",0,"### Decision:  
I'll **purchase Firm 0** because:  
- It offers a positive profit of 0.2.  
- Searching further incurs a cost of 0.02 with uncertain benefits due to decreasing valuation order.","C20 Search #1 (Searched:1/6, SearchCost:0.00, BestProfit:0.20@F0) → Purchase F0",0.16,0.037,"[0.7, 0.55, 0.39, 0.64, 0.37, 0.6]"
6,2,C1,True,"Yes, because with 6 firms, personalized recommendations likely reduce search costs more than the privacy cost of 0.041.",0,"### Decision:
I'll **purchase Firm 0** (choose number 0) because: 
- Positive profit of 0.43
- Rational to buy when profit is positive, avoiding additional search cost","C1 Search #1 (Searched:1/6, SearchCost:0.00, BestProfit:0.43@F0) → Purchase F0",0.39,0.041,"[0.98, 0.24, 0.38, 0.77, 0.88, 0.85]"
6,2,C2,True,"Yes, because with 6 firms, personalized recommendations significantly reduce expected search costs, likely exceeding the privacy cost of 0.035.",4,"### Decision:
I'll **purchase Firm 4** (choose number 4) because: 
- It offers a positive profit of 0.38, ensuring a gain.
- Additional searches are unlikely to yield significant improvements given the valuation-sorted sequence and search cost of 0.02.","C2 Search #1 (Searched:1/6, SearchCost:0.00, BestProfit:0.38@F4) → Purchase F4",0.34,0.035,"[0.05, 0.25, 0.39, 0.63, 0.93, 0.5]"
6,2,C3,True,"Yes, expected search cost savings from personalized recommendations with 6 firms outweigh the privacy cost of 0.037.",5,"### Decision:
I'll **purchase Firm 5** (choose number 5) because: 
- Positive profit of 0.37 available.
- Additional search cost unlikely to yield better profit given sorted valuation order.","C3 Search #1 (Searched:1/6, SearchCost:0.00, BestProfit:0.37@F5) → Purchase F5",0.33,0.037,"[0.72, 0.33, 0.88, 0.92, 0.72, 0.92]"
6,2,C4,True,"Yes, because with 6 firms, personalized recommendations will likely reduce search costs and improve matching, exceeding the privacy cost of 0.045.",2,"### Decision:
I'll **purchase Firm 2** (choose number 2) because: 
- Positive profit of 0.34 available.
- Search sorted by valuation, likely optimal option.","C4 Search #1 (Searched:1/6, SearchCost:0.00, BestProfit:0.34@F2) → Purchase F2",0.3,0.045,"[0.76, 0.36, 0.89, 0.78, 0.68, 0.7]"
6,2,C5,True,"Yes, because with 6 firms, personalized recommendations will likely reduce search costs more than the privacy cost of 0.034.",2,"### Decision:
I'll **purchase Firm 2** because: 
- It offers a positive profit of 0.37.
- Additional search costs 0.02 with likely lower expected profit due to sorted recommendations.","C5 Search #1 (Searched:1/6, SearchCost:0.00, BestProfit:0.37@F2) → Purchase F2",0.34,0.034,"[0.43, 0.44, 0.92, 0.02, 0.82, 0.66]"
6,2,C6,True,"Yes, because with 6 firms, personalized recommendations significantly reduce expected search costs, likely exceeding the privacy cost of 0.034.",3,"### Decision:
I'll **purchase Firm 3** (choose number 3) because: 
- Firm 3 offers a positive profit of 0.43.
- Rationality requires buying when positive profit is available, and additional search may not improve the outcome.","C6 Search #1 (Searched:1/6, SearchCost:0.00, BestProfit:0.43@F3) → Purchase F3",0.4,0.034,"[0.59, 0.45, 0.58, 0.98, 0.87, 0.87]"
6,2,C7,True,"Yes, because personalized recommendations with 6 firms likely reduce search costs more than the privacy cost of 0.025.",2,"### Decision:
I'll **purchase Firm 2** (choose number 2) because: 
- Firm 2 offers a positive profit of 0.20.
- With personalized recommendations, it is likely optimal, and further search costs may not yield significant gains.","C7 Search #1 (Searched:1/6, SearchCost:0.00, BestProfit:0.20@F2) → Purchase F2",0.17,0.025,"[0.66, 0.63, 0.75, 0.26, 0.27, 0.58]"
6,2,C8,True,"Yes, because with 6 firms, personalized recommendations likely reduce search costs more than the privacy cost of 0.029.",2,"### Decision:
I'll **purchase Firm 2** (choose number 2) because: 
- Positive profit of 0.38 available.
- Rational to buy when profit is positive, avoiding unnecessary search costs.","C8 Search #1 (Searched:1/6, SearchCost:0.00, BestProfit:0.38@F2) → Purchase F2",0.35,0.029,"[0.61, 0.31, 0.93, 0.56, 0.86, 0.59]"
6,2,C9,True,"Yes, because the potential search cost savings from personalized recommendations with 6 firms likely outweigh the privacy cost of 0.049.",1,"### Decision:
I'll **purchase Firm 1** (choose number 1) because: 
- Current firm offers positive profit of 0.27.
- Additional search cost of 0.02 likely not offset by better deal due to diminishing returns in sorted recommendations.","C9 Search #1 (Searched:1/6, SearchCost:0.00, BestProfit:0.27@F1) → Purchase F1",0.22,0.049,"[0.24, 0.82, 0.16, 0.01, 0.48, 0.07]"
6,2,C10,True,"Yes, because with 6 firms, personalized recommendations will likely reduce search costs more than the privacy cost of 0.031.",3,"### Decision:
I'll **purchase Firm 3** because: 
- Positive profit of 0.26 with no additional search cost.
- Personalized sorting likely makes this the best option, so further search is unnecessary.","C10 Search #1 (Searched:1/6, SearchCost:0.00, BestProfit:0.26@F3) → Purchase F3",0.23,0.031,"[0.65, 0.2, 0.66, 0.81, 0.71, 0.24]"
6,2,C11,True,"Yes, because with 6 firms, personalized recommendations will likely reduce search costs more than the 0.036 privacy cost.",3,"### Decision:
I'll **purchase Firm 3** (choose number 3) because: 
- It offers a positive profit of 0.09, ensuring net gain after costs.
- Personalized sorting likely presents the best option first, making additional search costly and unlikely to improve significantly.","C11 Search #1 (Searched:1/6, SearchCost:0.00, BestProfit:0.09@F3) → Purchase F3",0.05,0.036,"[0.6, 0.32, 0.29, 0.64, 0.5, 0.59]"
6,2,C12,True,"Yes, because personalized recommendations with 6 firms will likely reduce search costs more than the privacy cost of 0.04.",-1,"### Decision:
I'll **leave** (choose number -1) because: 
- The searched firm offers negative profit.
- Further searching incurs additional cost with low likelihood of positive profit.","C12 Search #1 (Searched:1/6, SearchCost:0.00, BestProfit:-0.05@F1) → Leave Market",-0.04,0.04,"[0.33, 0.5, 0.21, 0.22, 0.18, 0.21]"
6,2,C13,True,"Yes, because with 6 firms, personalized recommendations likely reduce search costs more than the privacy cost of 0.03.",-1,"### Decision:
I'll **leave** (choose number -1) because: 
- The only searched firm has negative profit, indicating no immediate gain.
- Additional searches incur costs with low expected improvement due to personalized sorting.","C13 Search #1 (Searched:1/6, SearchCost:0.00, BestProfit:-0.09@F5) → Leave Market",-0.03,0.03,"[0.07, 0.0, 0.41, 0.14, 0.03, 0.46]"
6,2,C14,True,"Yes, because with 6 firms, personalized recommendations significantly reduce expected search costs, likely outweighing the privacy cost of 0.049.",3,"### Decision:
I'll **purchase Firm 3** (choose number 3) because: 
- It offers a high profit of 0.44 with no additional search cost.
- Personalized sorting indicates it is likely the best option, and further search may not improve profit enough to justify the 0.02 cost.","C14 Search #1 (Searched:1/6, SearchCost:0.00, BestProfit:0.44@F3) → Purchase F3",0.39,0.049,"[0.96, 0.97, 0.81, 0.99, 0.29, 0.52]"
6,2,C15,True,"Yes, because with 6 firms, personalized recommendations significantly reduce expected search costs, outweighing the low privacy cost of 0.028.",1,"### Decision:
I'll **purchase Firm 1** because: 
- Offers positive profit of 0.41
- Unlikely to find better deal with search cost of 0.02 given personalized sorting","C15 Search #1 (Searched:1/6, SearchCost:0.00, BestProfit:0.41@F1) → Purchase F1",0.38,0.028,"[0.9, 0.96, 0.15, 0.8, 0.71, 0.94]"
6,2,C16,True,"Yes, because with 6 firms, personalized recommendations likely reduce search costs more than the privacy cost of 0.039.",2,"### Decision:
I'll **purchase Firm 2** (choose number 2) because: 
- Positive profit of 0.44.
- Recommendations sort by highest valuation, so further search unlikely to improve profit significantly.","C16 Search #1 (Searched:1/6, SearchCost:0.00, BestProfit:0.44@F2) → Purchase F2",0.4,0.039,"[0.71, 0.79, 0.99, 0.1, 0.74, 0.8]"
6,2,C17,True,"Yes, because personalized recommendations with 6 firms reduce expected search costs, likely exceeding the 0.042 privacy cost.",1,"### Decision:
I'll **purchase Firm 1** (choose number 1) because: 
- Positive profit of 0.36 available
- Rational to buy when positive profit exists","C17 Search #1 (Searched:1/6, SearchCost:0.00, BestProfit:0.36@F1) → Purchase F1",0.32,0.042,"[0.57, 0.91, 0.76, 0.43, 0.85, 0.49]"
6,2,C18,True,"Yes, because with 6 firms, personalized recommendations will likely reduce search costs significantly, outweighing the privacy cost of 0.047.",-1,"### Decision:
I'll **leave** (choose number -1) because: 
- The highest-valuation firm searched offers negative profit (-0.10), indicating low potential for positive profit in subsequent searches.
- With decreasing valuations and search cost of 0.02, expected benefits do not justify the risk of additional costs.","C18 Search #1 (Searched:1/6, SearchCost:0.00, BestProfit:-0.10@F2) → Leave Market",-0.05,0.047,"[0.01, 0.09, 0.45, 0.44, 0.25, 0.06]"
6,2,C19,True,"Yes, because with 6 firms, personalized recommendations will significantly reduce expected search costs, likely exceeding the privacy cost of 0.045.",4,"### Decision:
I'll **purchase Firm 4** (choose number 4) because: 
- It offers a positive profit of 0.38, ensuring immediate gain.
- With personalized sorting, further searches are unlikely to improve the deal significantly, avoiding unnecessary search cost.","C19 Search #1 (Searched:1/6, SearchCost:0.00, BestProfit:0.38@F4) → Purchase F4",0.34,0.045,"[0.23, 0.33, 0.11, 0.21, 0.93, 0.22]"
6,2,C20,True,"Yes, because with 6 firms, personalized recommendations greatly reduce expected search costs, outweighing the privacy cost of 0.037.",0,"### Decision:
I'll **purchase Firm 0** because: 
- It offers a positive profit of 0.15.
- Searching further incurs a cost of 0.02 with uncertain benefits due to decreasing valuation order.","C20 Search #1 (Searched:1/6, SearchCost:0.00, BestProfit:0.15@F0) → Purchase F0",0.11,0.037,"[0.7, 0.55, 0.39, 0.64, 0.37, 0.6]"
6,3,C1,True,"Yes, because with 6 firms, personalized recommendations likely reduce search costs more than the privacy cost of 0.041.",0,"### Decision:
I'll **purchase Firm 0** (choose number 0) because: 
- Positive profit of 0.43
- Avoid additional search cost of 0.02","C1 Search #1 (Searched:1/6, SearchCost:0.00, BestProfit:0.43@F0) → Purchase F0",0.39,0.041,"[0.98, 0.24, 0.38, 0.77, 0.88, 0.85]"
6,3,C2,True,"Yes, because with 6 firms, personalized recommendations significantly reduce expected search costs, likely exceeding the privacy cost of 0.035.",4,"### Decision:
I'll **purchase Firm 4** (choose number 4) because: 
- It offers a positive profit of 0.43, ensuring a gain.
- Additional search costs 0.02 with low expected improvement due to personalized sorting.","C2 Search #1 (Searched:1/6, SearchCost:0.00, BestProfit:0.43@F4) → Purchase F4",0.4,0.035,"[0.05, 0.25, 0.39, 0.63, 0.93, 0.5]"
6,3,C3,True,"Yes, because with 6 firms, personalized recommendations significantly reduce expected search costs, likely exceeding the privacy cost of 0.037.",5,"### Decision:
I'll **purchase Firm 5** (choose number 5) because: 
- Positive profit of 0.32 available.
- Additional search cost unlikely to yield better profit given sorted valuation order.","C3 Search #1 (Searched:1/6, SearchCost:0.00, BestProfit:0.32@F5) → Purchase F5",0.28,0.037,"[0.72, 0.33, 0.88, 0.92, 0.72, 0.92]"
6,3,C4,True,"Yes, because with 6 firms, personalized recommendations significantly reduce search costs and improve matching, likely offsetting the privacy cost of 0.045.",2,"### Decision:
I'll **purchase Firm 2** (choose number 2) because: 
- Positive profit of 0.34 available.
- Search sorted by valuation, likely optimal option.","C4 Search #1 (Searched:1/6, SearchCost:0.00, BestProfit:0.34@F2) → Purchase F2",0.3,0.045,"[0.76, 0.36, 0.89, 0.78, 0.68, 0.7]"
6,3,C5,True,"Yes, because personalized recommendations with 6 firms likely reduce search costs more than the privacy cost of 0.034.",2,"### Decision:
I'll **purchase Firm 2** because: 
- It offers a positive profit of 0.37.
- Additional search costs 0.02 with likely lower expected profit due to sorted recommendations.","C5 Search #1 (Searched:1/6, SearchCost:0.00, BestProfit:0.37@F2) → Purchase F2",0.34,0.034,"[0.43, 0.44, 0.92, 0.02, 0.82, 0.66]"
6,3,C6,True,"Yes, because with 6 firms, personalized recommendations significantly reduce expected search costs, likely exceeding the privacy cost of 0.034.",3,"### Decision:
I'll **purchase Firm 3** (choose number 3) because: 
- Firm 3 offers a positive profit of 0.38.
- Rationality requires buying when positive profit is available, and additional search is unlikely to improve the outcome significantly.","C6 Search #1 (Searched:1/6, SearchCost:0.00, BestProfit:0.38@F3) → Purchase F3",0.35,0.034,"[0.59, 0.45, 0.58, 0.98, 0.87, 0.87]"
6,3,C7,True,"Yes, because with 6 firms, personalized recommendations significantly reduce expected search costs, outweighing the privacy cost of 0.025.",2,"### Decision:
I'll **purchase Firm 2** (choose number 2) because: 
- Firm 2 offers a positive profit of 0.20.
- With personalized recommendations from data sharing, it is likely optimal, and further search costs may not yield significant gains.","C7 Search #1 (Searched:1/6, SearchCost:0.00, BestProfit:0.20@F2) → Purchase F2",0.17,0.025,"[0.66, 0.63, 0.75, 0.26, 0.27, 0.58]"
6,3,C8,True,"Yes, because personalized recommendations with 6 firms likely reduce search costs more than the privacy cost of 0.029.",2,"### Decision:
I'll **purchase Firm 2** (choose number 2) because: 
- Positive profit of 0.38 available.
- Additional search cost outweighs uncertain benefit from other firms.","C8 Search #1 (Searched:1/6, SearchCost:0.00, BestProfit:0.38@F2) → Purchase F2",0.35,0.029,"[0.61, 0.31, 0.93, 0.56, 0.86, 0.59]"
6,3,C9,True,"Yes, because with 6 firms, personalized recommendations significantly reduce expected search costs, likely outweighing the privacy cost of 0.049 based on past benefits.",1,"### Decision:
I'll **purchase Firm 1** (choose number 1) because: 
- Current firm offers positive profit of 0.22 with no additional cost.
- Searching more would cost 0.02 and likely yield worse profit due to sorted recommendations.","C9 Search #1 (Searched:1/6, SearchCost:0.00, BestProfit:0.22@F1) → Purchase F1",0.17,0.049,"[0.24, 0.82, 0.16, 0.01, 0.48, 0.07]"
6,3,C10,True,"Yes, because with 6 firms, personalized recommendations will likely reduce search costs more than the privacy cost of 0.031.",3,"### Decision:
I'll **purchase Firm 3** because: 
- Positive profit of 0.21 with no additional search cost.
- Personalized recommendations from data sharing likely make this the best option, reducing need for further search.","C10 Search #1 (Searched:1/6, SearchCost:0.00, BestProfit:0.21@F3) → Purchase F3",0.18,0.031,"[0.65, 0.2, 0.66, 0.81, 0.71, 0.24]"
6,3,C11,True,"Yes, because with 6 firms, personalized recommendations will likely reduce search costs more than the 0.036 privacy cost.",3,"### Decision:
I'll **purchase Firm 3** (choose number 3) because: 
- It offers a positive profit of 0.04.
- Personalized sorting likely presents the best option first, making additional search costly and unlikely to improve.","C11 Search #1 (Searched:1/6, SearchCost:0.00, BestProfit:0.04@F3) → Purchase F3",0.0,0.036,"[0.6, 0.32, 0.29, 0.64, 0.5, 0.59]"
6,3,C12,True,"Yes, because with 6 firms, personalized recommendations will likely reduce search costs more than the privacy cost of 0.04.",-1,"### Decision:
I'll **leave** (choose number -1) because: 
- The searched firm with highest valuation offers negative profit.
- Further searching is unlikely to yield positive profit, adding unnecessary cost.","C12 Search #1 (Searched:1/6, SearchCost:0.00, BestProfit:-0.10@F1) → Leave Market",-0.04,0.04,"[0.33, 0.5, 0.21, 0.22, 0.18, 0.21]"
6,3,C13,True,"Yes, because with 6 firms, personalized recommendations likely reduce search costs more than the privacy cost of 0.03.",-1,"### Decision:
I'll **leave** (choose number -1) because: 
- The best firm searched has negative profit, indicating no viable options.
- Additional searches cost 0.02 with low expected gain due to personalized sorting.","C13 Search #1 (Searched:1/6, SearchCost:0.00, BestProfit:-0.14@F5) → Leave Market",-0.03,0.03,"[0.07, 0.0, 0.41, 0.14, 0.03, 0.46]"
6,3,C14,True,"Yes, because personalized recommendations with 6 firms significantly reduce expected search costs, outweighing the privacy cost of 0.049.",3,"### Decision:
I'll **purchase Firm 3** (choose number 3) because: 
- It offers a positive profit of 0.39.
- Personalized sorting indicates it is likely the best option, and further search cost of 0.02 may not yield a better deal.","C14 Search #1 (Searched:1/6, SearchCost:0.00, BestProfit:0.39@F3) → Purchase F3",0.34,0.049,"[0.96, 0.97, 0.81, 0.99, 0.29, 0.52]"
6,3,C15,True,"Yes, because with 6 firms, personalized recommendations significantly reduce search costs, outweighing the low privacy cost of 0.028.",1,"### Decision:  
I'll **purchase Firm 1** because:  
- Offers positive profit of 0.36  
- Additional search cost of 0.02 unlikely to yield better deal with personalized sorting","C15 Search #1 (Searched:1/6, SearchCost:0.00, BestProfit:0.36@F1) → Purchase F1",0.33,0.028,"[0.9, 0.96, 0.15, 0.8, 0.71, 0.94]"
6,3,C16,True,"yes, because with 6 firms, personalized recommendations significantly reduce expected search costs, outweighing the privacy cost of 0.039.",2,"### Decision:
I'll **purchase Firm 2** (choose number 2) because: 
- It offers a positive profit of 0.44.
- Further search is unlikely to improve profit significantly, given sorted valuations and search cost of 0.02.","C16 Search #1 (Searched:1/6, SearchCost:0.00, BestProfit:0.44@F2) → Purchase F2",0.4,0.039,"[0.71, 0.79, 0.99, 0.1, 0.74, 0.8]"
6,3,C17,True,"Yes, because with 6 firms, personalized recommendations significantly reduce expected search costs, likely exceeding the privacy cost of 0.042.",1,"### Decision:
I'll **purchase Firm 1** (choose number 1) because: 
- Positive profit of 0.31 available
- Rational to buy immediately when profit is positive, avoiding unnecessary search cost.","C17 Search #1 (Searched:1/6, SearchCost:0.00, BestProfit:0.31@F1) → Purchase F1",0.27,0.042,"[0.57, 0.91, 0.76, 0.43, 0.85, 0.49]"
6,3,C18,True,"Yes, because with 6 firms, personalized recommendations reduce expected search costs, likely outweighing the privacy cost of 0.047.",-1,"### Decision:
I'll **leave** (choose number -1) because: 
- The highest-valuation firm searched yields negative profit (-0.10), suggesting no better options in subsequent searches.
- Further searches cost 0.02 with low expected benefit, risking reduced total revenue.","C18 Search #1 (Searched:1/6, SearchCost:0.00, BestProfit:-0.10@F2) → Leave Market",-0.05,0.047,"[0.01, 0.09, 0.45, 0.44, 0.25, 0.06]"
6,3,C19,True,"Yes, because with 6 firms, personalized recommendations will likely reduce search costs more than the privacy cost of 0.045.",4,"### Decision:
I'll **purchase Firm 4** (choose number 4) because: 
- It offers a positive profit of 0.43, ensuring immediate gain.
- With personalized sorting, further searches are unlikely to improve the deal significantly, avoiding unnecessary search cost.","C19 Search #1 (Searched:1/6, SearchCost:0.00, BestProfit:0.43@F4) → Purchase F4",0.39,0.045,"[0.23, 0.33, 0.11, 0.21, 0.93, 0.22]"
6,3,C20,True,"Yes, because with 6 firms, personalized recommendations significantly reduce expected search costs, likely exceeding the privacy cost of 0.037.",0,"### Decision:
I'll **purchase Firm 0** because: 
- It offers a positive profit of 0.15.
- Further search costs 0.02 with uncertain benefits due to decreasing valuation order.","C20 Search #1 (Searched:1/6, SearchCost:0.00, BestProfit:0.15@F0) → Purchase F0",0.11,0.037,"[0.7, 0.55, 0.39, 0.64, 0.37, 0.6]"
6,4,C1,True,"Yes, because with 6 firms, personalized recommendations likely reduce search costs more than the privacy cost of 0.041.",0,"### Decision:
I'll **purchase Firm 0** (choose number 0) because: 
- Positive profit of 0.38
- Avoid additional search cost of 0.02","C1 Search #1 (Searched:1/6, SearchCost:0.00, BestProfit:0.38@F0) → Purchase F0",0.34,0.041,"[0.98, 0.24, 0.38, 0.77, 0.88, 0.85]"
6,4,C2,True,"Yes, because with 6 firms, personalized recommendations significantly reduce expected search costs, likely exceeding the privacy cost of 0.035.",4,"### Decision:
I'll **purchase Firm 4** (choose number 4) because: 
- It offers a positive profit of 0.38.
- Additional searches cost 0.02 with low expected improvement due to valuation sorting.","C2 Search #1 (Searched:1/6, SearchCost:0.00, BestProfit:0.38@F4) → Purchase F4",0.34,0.035,"[0.05, 0.25, 0.39, 0.63, 0.93, 0.5]"
6,4,C3,True,"Yes, because personalized recommendations with 6 firms likely reduce search costs more than the privacy cost of 0.037.",5,"### Decision:
I'll **purchase Firm 5** (choose number 5) because: 
- Positive profit of 0.37 available.
- Additional search cost unlikely to yield better profit given sorted valuation order.","C3 Search #1 (Searched:1/6, SearchCost:0.00, BestProfit:0.37@F5) → Purchase F5",0.33,0.037,"[0.72, 0.33, 0.88, 0.92, 0.72, 0.92]"
6,4,C4,True,"Yes, because with 6 firms, personalized recommendations reduce expected search costs significantly, likely offsetting the privacy cost of 0.045.",2,"### Decision:
I'll **purchase Firm 2** (choose number 2) because: 
- Positive profit of 0.34 available.
- Search sorted by valuation, likely optimal option.","C4 Search #1 (Searched:1/6, SearchCost:0.00, BestProfit:0.34@F2) → Purchase F2",0.3,0.045,"[0.76, 0.36, 0.89, 0.78, 0.68, 0.7]"
6,4,C5,True,"Yes, because with 6 firms, personalized recommendations will likely reduce search costs more than the privacy cost of 0.034.",2,"### Decision:
I'll **purchase Firm 2** because: 
- It offers a positive profit of 0.37.
- Additional search costs 0.02 with likely lower expected profit due to sorted recommendations.","C5 Search #1 (Searched:1/6, SearchCost:0.00, BestProfit:0.37@F2) → Purchase F2",0.34,0.034,"[0.43, 0.44, 0.92, 0.02, 0.82, 0.66]"
6,4,C6,True,"Yes, because with 6 firms, personalized recommendations greatly reduce search costs, outweighing the privacy cost of 0.034.",3,"3  
### Decision:  
I'll **purchase Firm 3** (choose number 3) because:  
- Firm 3 offers a positive profit of 0.43.  
- Additional search costs 0.02 and is unlikely to significantly improve the outcome.","C6 Search #1 (Searched:1/6, SearchCost:0.00, BestProfit:0.43@F3) → Purchase F3",0.4,0.034,"[0.59, 0.45, 0.58, 0.98, 0.87, 0.87]"
6,4,C7,True,"Yes, because with 6 firms, personalized recommendations significantly reduce expected search costs, outweighing the privacy cost of 0.025.",2,"### Decision:
I'll **purchase Firm 2** (choose number 2) because: 
- Firm 2 offers a positive profit of 0.20.
- With personalized recommendations, it is likely optimal, and further search costs of 0.02 may not yield significant gains.","C7 Search #1 (Searched:1/6, SearchCost:0.00, BestProfit:0.20@F2) → Purchase F2",0.17,0.025,"[0.66, 0.63, 0.75, 0.26, 0.27, 0.58]"
6,4,C8,True,"Yes, because personalized recommendations with 6 firms significantly reduce search costs, outweighing the low privacy cost of 0.029.",2,"### Decision:  
I'll **purchase Firm 2** (choose number 2) because:  
- Positive profit of 0.38 available.  
- Additional search costs 0.02 and likely yields lower or no better profit.","C8 Search #1 (Searched:1/6, SearchCost:0.00, BestProfit:0.38@F2) → Purchase F2",0.35,0.029,"[0.61, 0.31, 0.93, 0.56, 0.86, 0.59]"
6,4,C9,True,"Yes, because with 6 firms, personalized recommendations significantly reduce expected search costs, outweighing the privacy cost of 0.049.",1,"### Decision:
I'll **purchase Firm 1** (choose number 1) because: 
- It offers a positive profit of 0.17 with no additional cost.
- Further search costs 0.02 and is unlikely to improve profit due to sorted recommendations.","C9 Search #1 (Searched:1/6, SearchCost:0.00, BestProfit:0.17@F1) → Purchase F1",0.12,0.049,"[0.24, 0.82, 0.16, 0.01, 0.48, 0.07]"
6,4,C10,True,"Yes, because personalized recommendations with 6 firms likely reduce search costs more than the privacy cost of 0.031.",3,"### Decision:
I'll **purchase Firm 3** because: 
- Positive profit of 0.26 with no additional cost.
- Personalized recommendations likely make it the best option, reducing need for further search.","C10 Search #1 (Searched:1/6, SearchCost:0.00, BestProfit:0.26@F3) → Purchase F3",0.23,0.031,"[0.65, 0.2, 0.66, 0.81, 0.71, 0.24]"
6,4,C11,True,"Yes, because with 6 firms, personalized recommendations significantly reduce expected search costs, outweighing the 0.036 privacy cost.",3,"### Decision:
I'll **purchase Firm 3** (choose number 3) because: 
- It offers a positive profit of 0.09.
- Additional search costs 0.02 and is unlikely to improve the deal due to personalized sorting.","C11 Search #1 (Searched:1/6, SearchCost:0.00, BestProfit:0.09@F3) → Purchase F3",0.05,0.036,"[0.6, 0.32, 0.29, 0.64, 0.5, 0.59]"
6,4,C12,True,"Yes, because with 6 firms, personalized recommendations likely reduce search costs more than the privacy cost of 0.04.",-1,"### Decision:
I'll **leave** (choose number -1) because: 
- The searched firm with highest valuation offers negative profit.
- Further searching is unlikely to yield positive profit, adding unnecessary cost.","C12 Search #1 (Searched:1/6, SearchCost:0.00, BestProfit:-0.15@F1) → Leave Market",-0.04,0.04,"[0.33, 0.5, 0.21, 0.22, 0.18, 0.21]"
6,4,C13,True,"Yes, because with 6 firms, personalized recommendations likely reduce search costs more than the privacy cost of 0.03.",-1,"### Decision:
I'll **leave** (choose number -1) because: 
- The best-valuation firm has negative profit, indicating no viable options.
- Additional searches cost 0.02 with low expected gain due to personalized sorting.","C13 Search #1 (Searched:1/6, SearchCost:0.00, BestProfit:-0.09@F5) → Leave Market",-0.03,0.03,"[0.07, 0.0, 0.41, 0.14, 0.03, 0.46]"
6,4,C14,True,"Yes, because with 6 firms, personalized recommendations significantly reduce expected search costs, outweighing the privacy cost of 0.049.",3,"### Decision:
I'll **purchase Firm 3** (choose number 3) because: 
- It offers a high profit of 0.44 with no additional search cost.
- Personalized sorting suggests it is likely the best option, and further search may not improve profit enough to justify the 0.02 cost.","C14 Search #1 (Searched:1/6, SearchCost:0.00, BestProfit:0.44@F3) → Purchase F3",0.39,0.049,"[0.96, 0.97, 0.81, 0.99, 0.29, 0.52]"
6,4,C15,True,"yes, because with 6 firms, personalized recommendations greatly reduce expected search costs, exceeding the low privacy cost of 0.028.",1,"### Decision:
I'll **purchase Firm 1** because: 
- Offers positive profit of 0.31
- Additional search cost of 0.02 unlikely to yield better deal with personalized sorting","C15 Search #1 (Searched:1/6, SearchCost:0.00, BestProfit:0.31@F1) → Purchase F1",0.28,0.028,"[0.9, 0.96, 0.15, 0.8, 0.71, 0.94]"
6,4,C16,True,"Yes, because with 6 firms, personalized recommendations significantly reduce expected search costs, outweighing the privacy cost of 0.039.",2,"### Decision:  
I'll **purchase Firm 2** (choose number 2) because:  
- It offers a positive profit of 0.44.  
- Further search is unlikely to improve profit significantly, given sorted valuations and search cost of 0.02.","C16 Search #1 (Searched:1/6, SearchCost:0.00, BestProfit:0.44@F2) → Purchase F2",0.4,0.039,"[0.71, 0.79, 0.99, 0.1, 0.74, 0.8]"
6,4,C17,True,"Yes, because with 6 firms, personalized recommendations greatly reduce expected search costs, outweighing the 0.042 privacy cost.",1,"### Decision:
I'll **purchase Firm 1** (choose number 1) because: 
- Positive profit of 0.26 available
- Rational to buy immediately to avoid unnecessary search costs","C17 Search #1 (Searched:1/6, SearchCost:0.00, BestProfit:0.26@F1) → Purchase F1",0.22,0.042,"[0.57, 0.91, 0.76, 0.43, 0.85, 0.49]"
6,4,C18,True,"Yes, because with 6 firms, personalized recommendations significantly reduce expected search costs, likely outweighing the privacy cost of 0.047.",-1,"### Decision:
I'll **leave** (choose number -1) because: 
- The highest-valuation firm offers negative profit (-0.10), indicating low potential for positive profit in subsequent searches.
- Additional search cost (0.02) risks reducing revenue with minimal expected benefit.","C18 Search #1 (Searched:1/6, SearchCost:0.00, BestProfit:-0.10@F2) → Leave Market",-0.05,0.047,"[0.01, 0.09, 0.45, 0.44, 0.25, 0.06]"
6,4,C19,True,"Yes, because with 6 firms, personalized recommendations significantly reduce expected search costs, outweighing the privacy cost of 0.045.",4,"### Decision:
I'll **purchase Firm 4** (choose number 4) because: 
- It offers a positive profit of 0.38.
- Personalized sorting makes further searches unlikely to improve the deal significantly.","C19 Search #1 (Searched:1/6, SearchCost:0.00, BestProfit:0.38@F4) → Purchase F4",0.34,0.045,"[0.23, 0.33, 0.11, 0.21, 0.93, 0.22]"
6,4,C20,True,"Yes, because with 6 firms, personalized recommendations significantly reduce expected search costs, likely exceeding the privacy cost of 0.037.",0,"### Decision:  
I'll **purchase Firm 0** because:  
- It offers a positive profit of 0.1.  
- Searching further incurs a cost of 0.02 with uncertain benefits due to decreasing valuation order.","C20 Search #1 (Searched:1/6, SearchCost:0.00, BestProfit:0.10@F0) → Purchase F0",0.06,0.037,"[0.7, 0.55, 0.39, 0.64, 0.37, 0.6]"
6,5,C1,True,"Yes, because with 6 firms, personalized recommendations significantly reduce search costs, outweighing the privacy cost of 0.041.",0,"### Decision:
I'll **purchase Firm 0** (choose number 0) because: 
- Positive profit of 0.33
- Avoid additional search cost of 0.02","C1 Search #1 (Searched:1/6, SearchCost:0.00, BestProfit:0.33@F0) → Purchase F0",0.29,0.041,"[0.98, 0.24, 0.38, 0.77, 0.88, 0.85]"
6,5,C2,True,"Yes, because personalized recommendations with 6 firms significantly reduce search costs, outweighing the privacy cost of 0.035.",4,"### Decision:
I'll **purchase Firm 4** (choose number 4) because: 
- It offers a positive profit of 0.43, ensuring a gain.
- Additional searches cost 0.02 with low expected improvement due to valuation-sorted sequence.","C2 Search #1 (Searched:1/6, SearchCost:0.00, BestProfit:0.43@F4) → Purchase F4",0.4,0.035,"[0.05, 0.25, 0.39, 0.63, 0.93, 0.5]"
6,5,C3,True,"Yes, because with 6 firms, personalized recommendations significantly reduce expected search costs, outweighing the privacy cost of 0.037.",5,"### Decision:
I'll **purchase Firm 5** (choose number 5) because: 
- Positive profit of 0.42 available.
- Additional search cost unlikely to yield better profit given sorted valuation order.","C3 Search #1 (Searched:1/6, SearchCost:0.00, BestProfit:0.42@F5) → Purchase F5",0.38,0.037,"[0.72, 0.33, 0.88, 0.92, 0.72, 0.92]"
6,5,C4,True,"Yes, because with 6 firms, personalized recommendations significantly reduce search costs, likely offsetting the privacy cost of 0.045.",2,"### Decision:
I'll **purchase Firm 2** (choose number 2) because: 
- Positive profit of 0.34 available.
- Search sorted by valuation, likely optimal option.","C4 Search #1 (Searched:1/6, SearchCost:0.00, BestProfit:0.34@F2) → Purchase F2",0.3,0.045,"[0.76, 0.36, 0.89, 0.78, 0.68, 0.7]"
6,5,C5,True,"Yes, because with 6 firms, personalized recommendations significantly reduce search costs, outweighing the low privacy cost of 0.034.",2,"### Decision:
I'll **purchase Firm 2** because: 
- It offers a positive profit of 0.37.
- Additional search costs 0.02 with likely lower expected profit due to sorted recommendations.","C5 Search #1 (Searched:1/6, SearchCost:0.00, BestProfit:0.37@F2) → Purchase F2",0.34,0.034,"[0.43, 0.44, 0.92, 0.02, 0.82, 0.66]"
6,5,C6,True,"Yes, because personalized recommendations with 6 firms significantly reduce search costs, outweighing the privacy cost of 0.034.",3,"### Decision:  
I'll **purchase Firm 3** (choose number 3) because:  
- Firm 3 offers a positive profit of 0.38.  
- Additional search costs 0.02 and is unlikely to significantly improve the outcome.","C6 Search #1 (Searched:1/6, SearchCost:0.00, BestProfit:0.38@F3) → Purchase F3",0.35,0.034,"[0.59, 0.45, 0.58, 0.98, 0.87, 0.87]"
6,5,C7,True,"Yes, because with 6 firms, personalized recommendations greatly reduce search costs, outweighing the privacy cost of 0.025.",2,"### Decision:
I'll **purchase Firm 2** (choose number 2) because: 
- Firm 2 offers a positive profit of 0.20.
- With personalized recommendations, it is likely optimal, and further search costs of 0.02 may not yield significant gains.","C7 Search #1 (Searched:1/6, SearchCost:0.00, BestProfit:0.20@F2) → Purchase F2",0.17,0.025,"[0.66, 0.63, 0.75, 0.26, 0.27, 0.58]"
6,5,C8,True,"Yes, because personalized recommendations with 6 firms significantly reduce search costs, outweighing the low privacy cost of 0.029.",2,"### Decision:
I'll **purchase Firm 2** (choose number 2) because: 
- Positive profit of 0.38 available.
- Additional search cost of 0.02 unlikely to yield better profit.","C8 Search #1 (Searched:1/6, SearchCost:0.00, BestProfit:0.38@F2) → Purchase F2",0.35,0.029,"[0.61, 0.31, 0.93, 0.56, 0.86, 0.59]"
6,5,C9,True,"Yes, because personalized recommendations with 6 firms significantly reduce search costs and improve product selection, outweighing the privacy cost of 0.049 based on past benefits.",1,"### Decision:
I'll **purchase Firm 1** (choose number 1) because: 
- Current firm offers positive profit of 0.27 with no additional cost.
- Searching more costs 0.02 and is unlikely to improve profit due to sorted recommendations.","C9 Search #1 (Searched:1/6, SearchCost:0.00, BestProfit:0.27@F1) → Purchase F1",0.22,0.049,"[0.24, 0.82, 0.16, 0.01, 0.48, 0.07]"
6,5,C10,True,"Yes, because with 6 firms, personalized recommendations significantly reduce expected search costs, outweighing the privacy cost of 0.031.",3,"### Decision:
I'll **purchase Firm 3** because: 
- Positive profit of 0.21 with no additional search cost.
- Personalized recommendations from data sharing likely make this the best option, reducing need for further search.","C10 Search #1 (Searched:1/6, SearchCost:0.00, BestProfit:0.21@F3) → Purchase F3",0.18,0.031,"[0.65, 0.2, 0.66, 0.81, 0.71, 0.24]"
6,5,C11,True,"Yes, because with 6 firms, personalized recommendations significantly reduce expected search costs, outweighing the privacy cost of 0.036.",3,"### Decision:
I'll **purchase Firm 3** (choose number 3) because: 
- It offers a positive profit of 0.04.
- Personalized sorting likely presents the best option first, making additional search costly and unlikely to improve the deal.","C11 Search #1 (Searched:1/6, SearchCost:0.00, BestProfit:0.04@F3) → Purchase F3",0.0,0.036,"[0.6, 0.32, 0.29, 0.64, 0.5, 0.59]"
6,5,C12,True,"Yes, because with 6 firms, personalized recommendations can significantly reduce search costs, potentially outweighing the privacy cost of 0.04, as seen in other consumers' positive outcomes.",-1,"### Decision:
I'll **leave** (choose number -1) because: 
- The searched firm offers negative profit.
- With personalized sorting, further searches are unlikely to yield positive profit, adding unnecessary cost.","C12 Search #1 (Searched:1/6, SearchCost:0.00, BestProfit:-0.05@F1) → Leave Market",-0.04,0.04,"[0.33, 0.5, 0.21, 0.22, 0.18, 0.21]"
6,5,C13,True,"Yes, because with 6 firms, personalized recommendations likely reduce search costs more than the privacy value of 0.03.",-1,"### Decision:
I'll **leave** (choose number -1) because: 
- The best firm has negative profit (-0.04), indicating no viable options.
- Additional searches cost 0.02 with low expected gain due to personalized sorting.","C13 Search #1 (Searched:1/6, SearchCost:0.00, BestProfit:-0.04@F5) → Leave Market",-0.03,0.03,"[0.07, 0.0, 0.41, 0.14, 0.03, 0.46]"
6,5,C14,True,"Yes, because personalized recommendations with 6 firms significantly reduce search costs, outweighing the privacy cost of 0.049.",3,"### Decision:
I'll **purchase Firm 3** (choose number 3) because: 
- It offers a positive profit of 0.39.
- Personalized sorting suggests it is likely the best option, and further search cost of 0.02 may not yield a better deal.","C14 Search #1 (Searched:1/6, SearchCost:0.00, BestProfit:0.39@F3) → Purchase F3",0.34,0.049,"[0.96, 0.97, 0.81, 0.99, 0.29, 0.52]"
6,5,C15,True,"Yes, because with 6 firms, personalized recommendations significantly reduce search costs, outweighing the low privacy cost of 0.028.",1,"### Decision:
I'll **purchase Firm 1** because: 
- Offers positive profit of 0.41
- Additional search cost unlikely to yield better deal with personalized sorting","C15 Search #1 (Searched:1/6, SearchCost:0.00, BestProfit:0.41@F1) → Purchase F1",0.38,0.028,"[0.9, 0.96, 0.15, 0.8, 0.71, 0.94]"
6,5,C16,True,"Yes, because with 6 firms, personalized recommendations significantly reduce expected search costs, outweighing the privacy cost of 0.039.",2,"### Decision:
I'll **purchase Firm 2** (choose number 2) because: 
- It offers a positive profit of 0.44.
- Further search is unlikely to improve profit significantly, given sorted valuations and search cost of 0.02.","C16 Search #1 (Searched:1/6, SearchCost:0.00, BestProfit:0.44@F2) → Purchase F2",0.4,0.039,"[0.71, 0.79, 0.99, 0.1, 0.74, 0.8]"
6,5,C17,True,"Yes, because with 6 firms, personalized recommendations significantly reduce expected search costs, likely outweighing the privacy cost of 0.042.",1,"### Decision:
I'll **purchase Firm 1** (choose number 1) because: 
- Positive profit of 0.36 available
- Rational to buy immediately to avoid unnecessary search costs","C17 Search #1 (Searched:1/6, SearchCost:0.00, BestProfit:0.36@F1) → Purchase F1",0.32,0.042,"[0.57, 0.91, 0.76, 0.43, 0.85, 0.49]"
6,5,C18,True,"Yes, because with 6 firms, personalized recommendations significantly reduce expected search costs, likely outweighing the privacy cost of 0.047.",-1,"### Decision:
I'll **leave** (choose number -1) because: 
- The highest-valuation firm yields negative profit (-0.10), indicating low likelihood of positive profit in subsequent searches.
- Additional search cost (0.02) risks reducing revenue with minimal expected benefit.","C18 Search #1 (Searched:1/6, SearchCost:0.00, BestProfit:-0.10@F2) → Leave Market",-0.05,0.047,"[0.01, 0.09, 0.45, 0.44, 0.25, 0.06]"
6,5,C19,True,"Yes, because with 6 firms, personalized recommendations significantly reduce expected search costs, outweighing the privacy cost of 0.045.",4,"### Decision:
I'll **purchase Firm 4** (choose number 4) because: 
- It offers a positive profit of 0.43.
- Personalized sorting reduces the likelihood of finding a better deal, making further search inefficient.","C19 Search #1 (Searched:1/6, SearchCost:0.00, BestProfit:0.43@F4) → Purchase F4",0.39,0.045,"[0.23, 0.33, 0.11, 0.21, 0.93, 0.22]"
6,5,C20,True,"Yes, because with 6 firms, personalized recommendations significantly reduce expected search costs, likely exceeding the privacy cost of 0.037.",0,"### Decision:  
I'll **purchase Firm 0** because:  
- It offers a positive profit of 0.05.  
- Searching further incurs a cost of 0.02 with uncertain benefits due to decreasing valuation order.","C20 Search #1 (Searched:1/6, SearchCost:0.00, BestProfit:0.05@F0) → Purchase F0",0.01,0.037,"[0.7, 0.55, 0.39, 0.64, 0.37, 0.6]"
6,6,C1,True,"Yes, because personalized recommendations with 6 firms significantly reduce search costs, outweighing the privacy cost of 0.041.",0,"### Decision:
I'll **purchase Firm 0** (choose number 0) because: 
- Positive profit of 0.43
- Avoid additional search cost of 0.02","C1 Search #1 (Searched:1/6, SearchCost:0.00, BestProfit:0.43@F0) → Purchase F0",0.39,0.041,"[0.98, 0.24, 0.38, 0.77, 0.88, 0.85]"
6,6,C2,True,"Yes, because with 6 firms, personalized recommendations significantly reduce search costs, outweighing the privacy cost of 0.035.",4,"### Decision:
I'll **purchase Firm 4** (choose number 4) because: 
- It offers a positive profit of 0.38, ensuring a gain.
- Additional searches cost 0.02 with low expected improvement due to valuation-sorted sequence.","C2 Search #1 (Searched:1/6, SearchCost:0.00, BestProfit:0.38@F4) → Purchase F4",0.34,0.035,"[0.05, 0.25, 0.39, 0.63, 0.93, 0.5]"
6,6,C3,True,"Yes, because with 6 firms, personalized recommendations greatly reduce expected search costs, outweighing the privacy cost of 0.037.",5,"### Decision:
I'll **purchase Firm 5** (choose number 5) because: 
- Positive profit of 0.42 available.
- Additional search cost unlikely to yield better profit given sorted valuation order.","C3 Search #1 (Searched:1/6, SearchCost:0.00, BestProfit:0.42@F5) → Purchase F5",0.38,0.037,"[0.72, 0.33, 0.88, 0.92, 0.72, 0.92]"
6,6,C4,True,"Yes, because personalized recommendations with 6 firms reduce search costs and improve matching, outweighing the privacy cost of 0.045.",2,"### Decision:
I'll **purchase Firm 2** (choose number 2) because: 
- Positive profit of 0.34 available.
- Search sorted by valuation, likely optimal option.","C4 Search #1 (Searched:1/6, SearchCost:0.00, BestProfit:0.34@F2) → Purchase F2",0.3,0.045,"[0.76, 0.36, 0.89, 0.78, 0.68, 0.7]"
6,6,C5,True,"Yes, because with 6 firms, personalized recommendations significantly reduce expected search costs, outweighing the low privacy cost of 0.034.",2,"### Decision:
I'll **purchase Firm 2** because: 
- It offers a positive profit of 0.37.
- Additional search costs 0.02 with likely lower expected profit due to sorted recommendations.","C5 Search #1 (Searched:1/6, SearchCost:0.00, BestProfit:0.37@F2) → Purchase F2",0.34,0.034,"[0.43, 0.44, 0.92, 0.02, 0.82, 0.66]"
6,6,C6,True,"Yes, because personalized recommendations with 6 firms significantly reduce search costs, outweighing the privacy cost of 0.034.",3,"### Decision:  
I'll **purchase Firm 3** (choose number 3) because:  
- Firm 3 offers a positive profit of 0.43.  
- Additional search costs 0.02 and is unlikely to significantly improve the outcome.","C6 Search #1 (Searched:1/6, SearchCost:0.00, BestProfit:0.43@F3) → Purchase F3",0.4,0.034,"[0.59, 0.45, 0.58, 0.98, 0.87, 0.87]"
6,6,C7,True,"Yes, because with 6 firms, personalized recommendations significantly reduce expected search costs, outweighing the low privacy cost of 0.025.",2,"### Decision:
I'll **purchase Firm 2** (choose number 2) because: 
- Firm 2 offers a positive profit of 0.20.
- With personalized recommendations, it is likely optimal, and further search costs of 0.02 may not yield significant gains.","C7 Search #1 (Searched:1/6, SearchCost:0.00, BestProfit:0.20@F2) → Purchase F2",0.17,0.025,"[0.66, 0.63, 0.75, 0.26, 0.27, 0.58]"
6,6,C8,True,"Yes, because with 6 firms, personalized recommendations greatly reduce search costs, easily outweighing the low privacy cost of 0.029.",2,"### Decision:  
I'll **purchase Firm 2** (choose number 2) because:  
- Positive profit of 0.38 available.  
- Additional search cost of 0.02 unlikely to yield better profit.","C8 Search #1 (Searched:1/6, SearchCost:0.00, BestProfit:0.38@F2) → Purchase F2",0.35,0.029,"[0.61, 0.31, 0.93, 0.56, 0.86, 0.59]"
6,6,C9,True,"Yes, because personalized recommendations with 6 firms significantly reduce search costs and improve valuations, outweighing the privacy cost of 0.049.",1,"### Decision:
I'll **purchase Firm 1** (choose number 1) because: 
- It offers a positive profit of 0.17 with no additional cost.
- Searching more costs 0.02 and is unlikely to improve profit due to sorted recommendations.","C9 Search #1 (Searched:1/6, SearchCost:0.00, BestProfit:0.17@F1) → Purchase F1",0.12,0.049,"[0.24, 0.82, 0.16, 0.01, 0.48, 0.07]"
6,6,C10,True,"Yes, because with 6 firms, personalized recommendations significantly reduce expected search costs, outweighing the privacy cost of 0.031.",3,"### Decision:
I'll **purchase Firm 3** because: 
- Positive profit of 0.26 with no additional search cost.
- Personalized recommendations ensure it is the best option, making further search unnecessary.","C10 Search #1 (Searched:1/6, SearchCost:0.00, BestProfit:0.26@F3) → Purchase F3",0.23,0.031,"[0.65, 0.2, 0.66, 0.81, 0.71, 0.24]"
6,6,C11,True,"Yes, because with 6 firms, personalized recommendations significantly reduce expected search costs, outweighing the privacy cost of 0.036.",3,"### Decision:
I'll **purchase Firm 3** (choose number 3) because: 
- It offers a positive profit of 0.09.
- Personalized sorting likely presents the best option first, making additional search costly and unlikely to improve.","C11 Search #1 (Searched:1/6, SearchCost:0.00, BestProfit:0.09@F3) → Purchase F3",0.05,0.036,"[0.6, 0.32, 0.29, 0.64, 0.5, 0.59]"
6,6,C12,True,"Yes, because with 6 firms, personalized recommendations significantly reduce expected search costs, potentially outweighing the privacy cost of 0.04, as evidenced by other consumers' positive outcomes.",-1,"### Decision:
I'll **leave** (choose number -1) because: 
- The searched firm with highest valuation offers negative profit.
- With personalized sorting, further searches are unlikely to yield positive profit, adding unnecessary cost.","C12 Search #1 (Searched:1/6, SearchCost:0.00, BestProfit:-0.15@F1) → Leave Market",-0.04,0.04,"[0.33, 0.5, 0.21, 0.22, 0.18, 0.21]"
6,6,C13,True,"Yes, because with 6 firms, personalized recommendations likely reduce search costs more than the privacy cost of 0.03.",-1,"### Decision:
I'll **leave** (choose number -1) because: 
- The searched firm has negative profit (-0.04).
- Additional searches cost 0.02 with low expected gain due to personalized sorting.","C13 Search #1 (Searched:1/6, SearchCost:0.00, BestProfit:-0.04@F5) → Leave Market",-0.03,0.03,"[0.07, 0.0, 0.41, 0.14, 0.03, 0.46]"
6,6,C14,True,"Yes, because with 6 firms, personalized recommendations significantly reduce expected search costs, outweighing the privacy cost of 0.049.",3,"### Decision:
I'll **purchase Firm 3** (choose number 3) because: 
- It offers a high profit of 0.44 with no additional search cost.
- Personalized sorting indicates it is likely the best option, and further search may not improve profit enough to justify the 0.02 cost.","C14 Search #1 (Searched:1/6, SearchCost:0.00, BestProfit:0.44@F3) → Purchase F3",0.39,0.049,"[0.96, 0.97, 0.81, 0.99, 0.29, 0.52]"
6,6,C15,True,"Yes, because with 6 firms, personalized recommendations significantly reduce expected search costs, outweighing the low privacy cost of 0.028.",1,"### Decision:  
I'll **purchase Firm 1** because:  
- Offers positive profit of 0.31  
- Additional search cost unlikely to yield better deal with personalized sorting","C15 Search #1 (Searched:1/6, SearchCost:0.00, BestProfit:0.31@F1) → Purchase F1",0.28,0.028,"[0.9, 0.96, 0.15, 0.8, 0.71, 0.94]"
6,6,C16,True,"Yes, because personalized recommendations with 6 firms significantly reduce search costs, outweighing the privacy cost of 0.039.",2,"### Decision:  
I'll **purchase Firm 2** (choose number 2) because:  
- It offers a positive profit of 0.44.  
- Further search is unlikely to improve profit significantly, given sorted valuations and search cost of 0.02.","C16 Search #1 (Searched:1/6, SearchCost:0.00, BestProfit:0.44@F2) → Purchase F2",0.4,0.039,"[0.71, 0.79, 0.99, 0.1, 0.74, 0.8]"
6,6,C17,True,"Yes, because personalized recommendations with 6 firms significantly reduce expected search costs, outweighing the privacy cost of 0.042.",1,"### Decision:
I'll **purchase Firm 1** (choose number 1) because: 
- Positive profit of 0.26 available
- Rational to buy immediately to avoid unnecessary search costs","C17 Search #1 (Searched:1/6, SearchCost:0.00, BestProfit:0.26@F1) → Purchase F1",0.22,0.042,"[0.57, 0.91, 0.76, 0.43, 0.85, 0.49]"
6,6,C18,True,"Yes, because with 6 firms, personalized recommendations likely reduce search costs significantly, outweighing the privacy cost of 0.047.",-1,"### Decision:
I'll **leave** (choose number -1) because: 
- The highest-valuation firm yields negative profit (-0.10), suggesting no better options in subsequent searches.
- Further search costs 0.02 with low expected benefit, risking reduced revenue.","C18 Search #1 (Searched:1/6, SearchCost:0.00, BestProfit:-0.10@F2) → Leave Market",-0.05,0.047,"[0.01, 0.09, 0.45, 0.44, 0.25, 0.06]"
6,6,C19,True,"Yes, because with 6 firms, personalized recommendations significantly reduce expected search costs, outweighing the privacy cost of 0.045.",4,"### Decision:
I'll **purchase Firm 4** (choose number 4) because: 
- It offers a positive profit of 0.38, ensuring immediate gain.
- Personalized sorting reduces the likelihood of finding a significantly better deal, making further search inefficient.","C19 Search #1 (Searched:1/6, SearchCost:0.00, BestProfit:0.38@F4) → Purchase F4",0.34,0.045,"[0.23, 0.33, 0.11, 0.21, 0.93, 0.22]"
6,6,C20,True,"yes, because with 6 firms, personalized recommendations significantly reduce expected search costs, outweighing the privacy cost of 0.037.",0,"### Decision:  
I'll **purchase Firm 0** because:  
- It offers a positive profit of 0.15.  
- Searching further costs 0.02 with uncertain benefits due to decreasing valuation order.","C20 Search #1 (Searched:1/6, SearchCost:0.00, BestProfit:0.15@F0) → Purchase F0",0.11,0.037,"[0.7, 0.55, 0.39, 0.64, 0.37, 0.6]"
6,7,C1,True,"Yes, because personalized recommendations with 6 firms significantly reduce search costs, outweighing the privacy cost of 0.041.",0,"### Decision:
I'll **purchase Firm 0** (choose number 0) because: 
- Positive profit of 0.33
- Avoid additional search cost of 0.02","C1 Search #1 (Searched:1/6, SearchCost:0.00, BestProfit:0.33@F0) → Purchase F0",0.29,0.041,"[0.98, 0.24, 0.38, 0.77, 0.88, 0.85]"
6,7,C2,True,"Yes, because personalized recommendations with 6 firms significantly reduce search costs, outweighing the privacy cost of 0.035.",4,"### Decision:
I'll **purchase Firm 4** (choose number 4) because: 
- It offers a positive profit of 0.38.
- Additional searches cost 0.02 with low expected improvement due to valuation-sorted sequence.","C2 Search #1 (Searched:1/6, SearchCost:0.00, BestProfit:0.38@F4) → Purchase F4",0.34,0.035,"[0.05, 0.25, 0.39, 0.63, 0.93, 0.5]"
6,7,C3,True,"Yes, because with 6 firms, personalized recommendations significantly reduce search costs, outweighing the low privacy cost of 0.037.",5,"### Decision:
I'll **purchase Firm 5** (choose number 5) because: 
- Positive profit of 0.37 available.
- Additional search cost unlikely to yield better profit given sorted valuation order.","C3 Search #1 (Searched:1/6, SearchCost:0.00, BestProfit:0.37@F5) → Purchase F5",0.33,0.037,"[0.72, 0.33, 0.88, 0.92, 0.72, 0.92]"
6,7,C4,True,"Yes, because personalized recommendations with 6 firms reduce search costs significantly, offsetting the privacy cost of 0.045.",2,"### Decision:
I'll **purchase Firm 2** (choose number 2) because: 
- Positive profit of 0.34 available.
- Search sorted by valuation, likely optimal option.","C4 Search #1 (Searched:1/6, SearchCost:0.00, BestProfit:0.34@F2) → Purchase F2",0.3,0.045,"[0.76, 0.36, 0.89, 0.78, 0.68, 0.7]"
6,7,C5,True,"Yes, because personalized recommendations with 6 firms reduce search costs more than the privacy cost of 0.034.",2,"### Decision:
I'll **purchase Firm 2** because: 
- It offers a positive profit of 0.37.
- Additional search costs 0.02 with likely lower expected profit due to sorted recommendations.","C5 Search #1 (Searched:1/6, SearchCost:0.00, BestProfit:0.37@F2) → Purchase F2",0.34,0.034,"[0.43, 0.44, 0.92, 0.02, 0.82, 0.66]"
6,7,C6,True,"Yes, because personalized recommendations with 6 firms significantly reduce search costs, outweighing the privacy cost of 0.034.",3,"### Decision:
I'll **purchase Firm 3** (choose number 3) because: 
- Firm 3 offers a positive profit of 0.38.
- Rationality requires buying when positive profit is available, and additional search is unlikely to improve the outcome significantly.","C6 Search #1 (Searched:1/6, SearchCost:0.00, BestProfit:0.38@F3) → Purchase F3",0.35,0.034,"[0.59, 0.45, 0.58, 0.98, 0.87, 0.87]"
6,7,C7,True,"Yes, because personalized recommendations with 6 firms greatly reduce search costs, outweighing the privacy cost of 0.025.",2,"### Decision:
I'll **purchase Firm 2** (choose number 2) because: 
- Firm 2 offers a positive profit of 0.20.
- With personalized recommendations, it is likely optimal, and further search costs of 0.02 may not yield significant gains.","C7 Search #1 (Searched:1/6, SearchCost:0.00, BestProfit:0.20@F2) → Purchase F2",0.17,0.025,"[0.66, 0.63, 0.75, 0.26, 0.27, 0.58]"
6,7,C8,True,"Yes, because personalized recommendations with 6 firms reduce search costs more than the privacy cost of 0.029.",2,"### Decision:  
I'll **purchase Firm 2** (choose number 2) because:  
- Positive profit of 0.38 available.  
- Additional search cost of 0.02 unlikely to yield better profit.","C8 Search #1 (Searched:1/6, SearchCost:0.00, BestProfit:0.38@F2) → Purchase F2",0.35,0.029,"[0.61, 0.31, 0.93, 0.56, 0.86, 0.59]"
6,7,C9,True,"Yes, because personalized recommendations with 6 firms significantly reduce search costs, outweighing the privacy cost of 0.049.",1,"### Decision:
I'll **purchase Firm 1** (choose number 1) because: 
- Current firm offers positive profit of 0.27 with no additional cost.
- Searching more would cost 0.02 and is unlikely to improve profit due to sorted recommendations.","C9 Search #1 (Searched:1/6, SearchCost:0.00, BestProfit:0.27@F1) → Purchase F1",0.22,0.049,"[0.24, 0.82, 0.16, 0.01, 0.48, 0.07]"
6,7,C10,True,"Yes, because with 6 firms, personalized recommendations significantly reduce search costs, outweighing the privacy cost of 0.031.",3,"### Decision:
I'll **purchase Firm 3** because: 
- Positive profit of 0.21 with no additional cost.
- Personalized recommendations ensure it is the best option, making further search unnecessary.","C10 Search #1 (Searched:1/6, SearchCost:0.00, BestProfit:0.21@F3) → Purchase F3",0.18,0.031,"[0.65, 0.2, 0.66, 0.81, 0.71, 0.24]"
6,7,C11,True,"Yes, because personalized recommendations with 6 firms reduce search costs more than the 0.036 privacy cost.",3,"### Decision:
I'll **purchase Firm 3** (choose number 3) because: 
- It offers a positive profit of 0.04.
- Additional search costs 0.02 and is unlikely to improve the deal due to personalized sorting.","C11 Search #1 (Searched:1/6, SearchCost:0.00, BestProfit:0.04@F3) → Purchase F3",0.0,0.036,"[0.6, 0.32, 0.29, 0.64, 0.5, 0.59]"
6,7,C12,False,"No, because historical outcomes show no positive profit despite sharing, making the privacy cost of 0.04 unjustified.",-1,"### Decision:
I'll **leave** (choose number -1) because: 
- The searched firm offers negative profit.
- Further searching adds cost with uncertain benefits.","C12 Search #1 (Searched:1/6, SearchCost:0.00, BestProfit:-0.38@F3) → Leave Market",0.0,0.04,"[0.33, 0.5, 0.21, 0.22, 0.18, 0.21]"
6,7,C13,True,"Yes, because with 6 firms, personalized recommendations likely reduce search costs more than the privacy cost of 0.03.",-1,"### Decision:
I'll **leave** (choose number -1) because: 
- The searched firm has negative profit (-0.09), indicating no viable options.
- With personalized sorting, further searches cost 0.02 and are unlikely to yield positive profit.","C13 Search #1 (Searched:1/6, SearchCost:0.00, BestProfit:-0.09@F5) → Leave Market",-0.03,0.03,"[0.07, 0.0, 0.41, 0.14, 0.03, 0.46]"
6,7,C14,True,"Yes, because personalized recommendations with 6 firms significantly reduce expected search costs, outweighing the privacy cost of 0.049.",3,"### Decision:
I'll **purchase Firm 3** (choose number 3) because: 
- It offers a positive profit of 0.39.
- Personalized sorting indicates it is likely the best option, and further search cost of 0.02 may not yield a better deal.","C14 Search #1 (Searched:1/6, SearchCost:0.00, BestProfit:0.39@F3) → Purchase F3",0.34,0.049,"[0.96, 0.97, 0.81, 0.99, 0.29, 0.52]"
6,7,C15,True,"Yes, because personalized recommendations with 6 firms significantly reduce search costs, outweighing the low privacy cost of 0.028.",1,"### Decision:
I'll **purchase Firm 1** because: 
- Offers positive profit of 0.41
- Unlikely to find better deal with personalized sorting and search cost of 0.02","C15 Search #1 (Searched:1/6, SearchCost:0.00, BestProfit:0.41@F1) → Purchase F1",0.38,0.028,"[0.9, 0.96, 0.15, 0.8, 0.71, 0.94]"
6,7,C16,True,"yes, because personalized recommendations with 6 firms significantly reduce search costs, outweighing the privacy cost of 0.039.",2,"### Decision:  
I'll **purchase Firm 2** (choose number 2) because:  
- It offers a positive profit of 0.44.  
- Further search is unlikely to improve profit significantly, given sorted recommendations and search cost of 0.02.","C16 Search #1 (Searched:1/6, SearchCost:0.00, BestProfit:0.44@F2) → Purchase F2",0.4,0.039,"[0.71, 0.79, 0.99, 0.1, 0.74, 0.8]"
6,7,C17,True,"Yes, because personalized recommendations with 6 firms significantly reduce expected search costs, outweighing the privacy cost of 0.042.",1,"### Decision:
I'll **purchase Firm 1** (choose number 1) because: 
- Positive profit of 0.36 available
- Rational to buy immediately to avoid unnecessary search costs","C17 Search #1 (Searched:1/6, SearchCost:0.00, BestProfit:0.36@F1) → Purchase F1",0.32,0.042,"[0.57, 0.91, 0.76, 0.43, 0.85, 0.49]"
6,7,C18,True,"Yes, because with 6 firms, personalized recommendations significantly reduce expected search costs, likely outweighing the privacy cost of 0.047.",-1,"### Decision:
I'll **leave** (choose number -1) because: 
- The highest-valuation firm yields negative profit (-0.10), indicating low likelihood of positive profit in subsequent searches.
- Additional search cost (0.02) risks reducing revenue with minimal expected benefit.","C18 Search #1 (Searched:1/6, SearchCost:0.00, BestProfit:-0.10@F2) → Leave Market",-0.05,0.047,"[0.01, 0.09, 0.45, 0.44, 0.25, 0.06]"
6,7,C19,True,"Yes, because with 6 firms, personalized recommendations significantly reduce expected search costs, outweighing the privacy cost of 0.045.",4,"### Decision:
I'll **purchase Firm 4** (choose number 4) because: 
- It offers a positive profit of 0.38, ensuring immediate gain.
- Personalized sorting reduces the likelihood of finding a better deal, making further search inefficient.","C19 Search #1 (Searched:1/6, SearchCost:0.00, BestProfit:0.38@F4) → Purchase F4",0.34,0.045,"[0.23, 0.33, 0.11, 0.21, 0.93, 0.22]"
6,7,C20,True,"Yes, because with 6 firms, personalized recommendations significantly reduce expected search costs, outweighing the privacy cost of 0.037.",0,"### Decision:  
I'll **purchase Firm 0** because:  
- It offers a positive profit of 0.05.  
- Searching further incurs a cost of 0.02 with uncertain benefits due to decreasing valuation order.","C20 Search #1 (Searched:1/6, SearchCost:0.00, BestProfit:0.05@F0) → Purchase F0",0.01,0.037,"[0.7, 0.55, 0.39, 0.64, 0.37, 0.6]"
6,8,C1,True,"Yes, because personalized recommendations with 6 firms significantly reduce search costs, outweighing the privacy cost of 0.041.",0,"### Decision:
I'll **purchase Firm 0** (choose number 0) because: 
- Positive profit of 0.38
- With personalized recommendations, this is likely the best option, avoiding additional search cost of 0.02","C1 Search #1 (Searched:1/6, SearchCost:0.00, BestProfit:0.38@F0) → Purchase F0",0.34,0.041,"[0.98, 0.24, 0.38, 0.77, 0.88, 0.85]"
6,8,C2,True,"yes, because personalized recommendations with 6 firms reduce search costs more than the privacy cost of 0.035.",4,"### Decision:
I'll **purchase Firm 4** (choose number 4) because: 
- It offers a positive profit of 0.38, ensuring a gain.
- Additional searches cost 0.02 with low expected improvement due to valuation-sorted sequence.","C2 Search #1 (Searched:1/6, SearchCost:0.00, BestProfit:0.38@F4) → Purchase F4",0.34,0.035,"[0.05, 0.25, 0.39, 0.63, 0.93, 0.5]"
6,8,C3,True,"Yes, because with 6 firms, personalized recommendations significantly reduce search costs, outweighing the privacy cost of 0.037.",5,"### Decision:
I'll **purchase Firm 5** (choose number 5) because: 
- Positive profit of 0.42 available.
- Additional search cost unlikely to yield better profit given sorted valuation order.","C3 Search #1 (Searched:1/6, SearchCost:0.00, BestProfit:0.42@F5) → Purchase F5",0.38,0.037,"[0.72, 0.33, 0.88, 0.92, 0.72, 0.92]"
6,8,C4,True,"Yes, because personalized recommendations with 6 firms significantly reduce search costs, outweighing the privacy cost of 0.045.",2,"### Decision:
I'll **purchase Firm 2** (choose number 2) because: 
- Positive profit of 0.34 available.
- Avoids unnecessary search cost of 0.02 with uncertain benefits.","C4 Search #1 (Searched:1/6, SearchCost:0.00, BestProfit:0.34@F2) → Purchase F2",0.3,0.045,"[0.76, 0.36, 0.89, 0.78, 0.68, 0.7]"
6,8,C5,True,"Yes, because personalized recommendations with 6 firms significantly reduce search costs, outweighing the privacy cost of 0.034.",2,"### Decision:
I'll **purchase Firm 2** (choose number 2) because: 
- It offers a positive profit of 0.37. 
- Additional search costs 0.02 with likely lower expected profit due to sorted recommendations.","C5 Search #1 (Searched:1/6, SearchCost:0.00, BestProfit:0.37@F2) → Purchase F2",0.34,0.034,"[0.43, 0.44, 0.92, 0.02, 0.82, 0.66]"
6,8,C6,True,"Yes, because personalized recommendations with 6 firms significantly reduce search costs, outweighing the privacy cost of 0.034.",3,"### Decision:  
I'll **purchase Firm 3** (choose number 3) because:  
- Firm 3 offers a positive profit of 0.43.  
- Additional search costs 0.02 and is unlikely to improve the outcome with personalized recommendations.","C6 Search #1 (Searched:1/6, SearchCost:0.00, BestProfit:0.43@F3) → Purchase F3",0.4,0.034,"[0.59, 0.45, 0.58, 0.98, 0.87, 0.87]"
6,8,C7,True,"Yes, because personalized recommendations with 6 firms significantly reduce search costs, outweighing the privacy cost of 0.025.",2,"### Decision:
I'll **purchase Firm 2** (choose number 2) because: 
- Firm 2 offers a positive profit of 0.20.
- With personalized recommendations, it is likely optimal, and further search costs of 0.02 may not yield significant gains.","C7 Search #1 (Searched:1/6, SearchCost:0.00, BestProfit:0.20@F2) → Purchase F2",0.17,0.025,"[0.66, 0.63, 0.75, 0.26, 0.27, 0.58]"
6,8,C8,True,"Yes, because personalized recommendations with 6 firms significantly reduce search costs, outweighing the low privacy cost of 0.029.",2,"### Decision:  
I'll **purchase Firm 2** (choose number 2) because:  
- Positive profit of 0.38 available.  
- Additional search cost of 0.02 unlikely to yield better profit.","C8 Search #1 (Searched:1/6, SearchCost:0.00, BestProfit:0.38@F2) → Purchase F2",0.35,0.029,"[0.61, 0.31, 0.93, 0.56, 0.86, 0.59]"
6,8,C9,True,"yes, because personalized recommendations with 6 firms significantly reduce search costs, outweighing the privacy cost of 0.049.",1,"### Decision:
I'll **purchase Firm 1** (choose number 1) because: 
- It offers a positive profit of 0.17 with no additional cost.
- Searching more would cost 0.02 and is unlikely to improve profit due to sorted recommendations.","C9 Search #1 (Searched:1/6, SearchCost:0.00, BestProfit:0.17@F1) → Purchase F1",0.12,0.049,"[0.24, 0.82, 0.16, 0.01, 0.48, 0.07]"
6,8,C10,True,"Yes, because with 6 firms, personalized recommendations significantly reduce search costs, outweighing the privacy cost of 0.031.",3,"### Decision:
I'll **purchase Firm 3** because: 
- Positive profit of 0.26 with no additional cost.
- Personalized recommendations ensure it is the best option, making further search unnecessary.","C10 Search #1 (Searched:1/6, SearchCost:0.00, BestProfit:0.26@F3) → Purchase F3",0.23,0.031,"[0.65, 0.2, 0.66, 0.81, 0.71, 0.24]"
6,8,C11,True,"Yes, because personalized recommendations with 6 firms greatly reduce expected search costs, easily outweighing the 0.036 privacy cost based on past benefits.",3,"### Decision:
I'll **purchase Firm 3** (choose number 3) because: 
- It offers a positive profit of 0.09.
- Additional search costs 0.02 and is unlikely to improve the deal due to personalized sorting.","C11 Search #1 (Searched:1/6, SearchCost:0.00, BestProfit:0.09@F3) → Purchase F3",0.05,0.036,"[0.6, 0.32, 0.29, 0.64, 0.5, 0.59]"
6,8,C12,True,"yes, because personalized recommendations with 6 firms reduce search costs, potentially outweighing the privacy cost, based on other consumers' positive outcomes.",-1,"### Decision:
I'll **leave** (choose number -1) because: 
- The searched firm offers negative profit.
- With personalized sorting, further searches are unlikely to yield positive profit, adding unnecessary cost.","C12 Search #1 (Searched:1/6, SearchCost:0.00, BestProfit:-0.15@F1) → Leave Market",-0.04,0.04,"[0.33, 0.5, 0.21, 0.22, 0.18, 0.21]"
6,8,C13,True,"yes, because with 6 firms, personalized recommendations significantly reduce search costs, outweighing the privacy cost of 0.03.",-1,"### Decision:
I'll **leave** (choose number -1) because: 
- The searched firm has negative profit (-0.04), indicating no viable options.
- Additional searches cost 0.02 with low expected gain due to personalized sorting.","C13 Search #1 (Searched:1/6, SearchCost:0.00, BestProfit:-0.04@F5) → Leave Market",-0.03,0.03,"[0.07, 0.0, 0.41, 0.14, 0.03, 0.46]"
6,8,C14,True,"Yes, because personalized recommendations with 6 firms significantly reduce search costs, outweighing the privacy cost of 0.049.",3,"### Decision:
I'll **purchase Firm 3** (choose number 3) because: 
- It offers a high profit of 0.44 with no additional search cost.
- Personalized sorting indicates it is likely the best option, and further search may not improve profit enough to justify the 0.02 cost.","C14 Search #1 (Searched:1/6, SearchCost:0.00, BestProfit:0.44@F3) → Purchase F3",0.39,0.049,"[0.96, 0.97, 0.81, 0.99, 0.29, 0.52]"
6,8,C15,True,"Yes, because personalized recommendations with 6 firms significantly reduce search costs, outweighing the low privacy cost of 0.028.",1,"### Decision:
I'll **purchase Firm 1** because: 
- Offers positive profit of 0.31
- Additional search cost unlikely to yield better deal with personalized sorting","C15 Search #1 (Searched:1/6, SearchCost:0.00, BestProfit:0.31@F1) → Purchase F1",0.28,0.028,"[0.9, 0.96, 0.15, 0.8, 0.71, 0.94]"
6,8,C16,True,"Yes, because personalized recommendations with 6 firms significantly reduce search costs, outweighing the privacy cost of 0.039.",2,"### Decision:  
I'll **purchase Firm 2** (choose number 2) because:  
- It offers a positive profit of 0.44.  
- Further search is unlikely to improve profit significantly, given sorted valuations and search cost of 0.02.","C16 Search #1 (Searched:1/6, SearchCost:0.00, BestProfit:0.44@F2) → Purchase F2",0.4,0.039,"[0.71, 0.79, 0.99, 0.1, 0.74, 0.8]"
6,8,C17,True,"Yes, because personalized recommendations with 6 firms significantly reduce expected search costs, outweighing the privacy cost of 0.042.",1,"### Decision:
I'll **purchase Firm 1** (choose number 1) because: 
- Positive profit of 0.26 available
- Rational to buy immediately to avoid unnecessary search costs","C17 Search #1 (Searched:1/6, SearchCost:0.00, BestProfit:0.26@F1) → Purchase F1",0.22,0.042,"[0.57, 0.91, 0.76, 0.43, 0.85, 0.49]"
6,8,C18,True,"yes, because personalized recommendations with 6 firms significantly reduce expected search costs, outweighing the privacy cost of 0.047.",-1,"### Decision:
I'll **leave** (choose number -1) because: 
- The highest-valuation firm yields negative profit (-0.10), indicating no positive profit likely in subsequent searches.
- Additional search costs 0.02 with minimal expected benefit, risking reduced revenue.","C18 Search #1 (Searched:1/6, SearchCost:0.00, BestProfit:-0.10@F2) → Leave Market",-0.05,0.047,"[0.01, 0.09, 0.45, 0.44, 0.25, 0.06]"
6,8,C19,True,"Yes, because with 6 firms, personalized recommendations significantly reduce expected search costs, outweighing the privacy cost of 0.045.",4,"### Decision:
I'll **purchase Firm 4** (choose number 4) because: 
- It offers a positive profit of 0.38, ensuring immediate gain.
- Personalized sorting reduces the likelihood of finding a better deal, making further search inefficient.","C19 Search #1 (Searched:1/6, SearchCost:0.00, BestProfit:0.38@F4) → Purchase F4",0.34,0.045,"[0.23, 0.33, 0.11, 0.21, 0.93, 0.22]"
6,8,C20,True,"Yes, because with 6 firms, personalized recommendations significantly reduce expected search costs, outweighing the privacy cost of 0.037.",0,"### Decision:  
I'll **purchase Firm 0** because:  
- It offers a positive profit of 0.1.  
- Searching further incurs a cost of 0.02 with uncertain benefits due to decreasing valuation order.","C20 Search #1 (Searched:1/6, SearchCost:0.00, BestProfit:0.10@F0) → Purchase F0",0.06,0.037,"[0.7, 0.55, 0.39, 0.64, 0.37, 0.6]"
6,9,C1,True,"Yes, because personalized recommendations with 6 firms significantly reduce search costs, outweighing the privacy cost of 0.041.",0,"### Decision:
I'll **purchase Firm 0** (choose number 0) because: 
- Positive profit of 0.33
- With personalized recommendations, it's likely the best option, avoiding additional search cost of 0.02","C1 Search #1 (Searched:1/6, SearchCost:0.00, BestProfit:0.33@F0) → Purchase F0",0.29,0.041,"[0.98, 0.24, 0.38, 0.77, 0.88, 0.85]"
6,9,C2,True,"Yes, because personalized recommendations with 6 firms significantly reduce search costs, outweighing the privacy cost of 0.035.",4,"### Decision:
I'll **purchase Firm 4** (choose number 4) because: 
- It offers a positive profit of 0.43, ensuring a gain.
- Additional searches cost 0.02 with low expected improvement due to valuation-sorted sequence.","C2 Search #1 (Searched:1/6, SearchCost:0.00, BestProfit:0.43@F4) → Purchase F4",0.4,0.035,"[0.05, 0.25, 0.39, 0.63, 0.93, 0.5]"
6,9,C3,True,"Yes, because with 6 firms, personalized recommendations significantly reduce expected search costs, outweighing the privacy cost of 0.037.",5,"### Decision:
I'll **purchase Firm 5** (choose number 5) because: 
- Positive profit of 0.42 available.
- Additional search cost unlikely to yield better profit given sorted valuation order.","C3 Search #1 (Searched:1/6, SearchCost:0.00, BestProfit:0.42@F5) → Purchase F5",0.38,0.037,"[0.72, 0.33, 0.88, 0.92, 0.72, 0.92]"
6,9,C4,True,"Yes, because personalized recommendations with 6 firms significantly reduce search costs and improve matching, outweighing the privacy cost of 0.045.",2,"### Decision:
I'll **purchase Firm 2** (choose number 2) because: 
- Positive profit of 0.34 available.
- Search sorted by valuation, likely optimal option.","C4 Search #1 (Searched:1/6, SearchCost:0.00, BestProfit:0.34@F2) → Purchase F2",0.3,0.045,"[0.76, 0.36, 0.89, 0.78, 0.68, 0.7]"
6,9,C5,True,"Yes, because personalized recommendations with 6 firms significantly reduce search costs, outweighing the privacy cost of 0.034.",2,"### Decision:
I'll **purchase Firm 2** (choose number 2) because: 
- It offers a positive profit of 0.37.
- Additional search costs 0.02 with likely lower expected profit due to sorted recommendations.","C5 Search #1 (Searched:1/6, SearchCost:0.00, BestProfit:0.37@F2) → Purchase F2",0.34,0.034,"[0.43, 0.44, 0.92, 0.02, 0.82, 0.66]"
6,9,C6,True,"Yes, because personalized recommendations with 6 firms significantly reduce search costs, outweighing the privacy cost of 0.034.",3,"### Decision:  
I'll **purchase Firm 3** (choose number 3) because:  
- Firm 3 offers a positive profit of 0.38.  
- Additional search costs 0.02 and is unlikely to improve the outcome with personalized recommendations.","C6 Search #1 (Searched:1/6, SearchCost:0.00, BestProfit:0.38@F3) → Purchase F3",0.35,0.034,"[0.59, 0.45, 0.58, 0.98, 0.87, 0.87]"
6,9,C7,True,"Yes, because personalized recommendations with 6 firms significantly reduce search costs, outweighing the low privacy cost of 0.025.",2,"### Decision:
I'll **purchase Firm 2** (choose number 2) because: 
- Firm 2 offers a positive profit of 0.20.
- With personalized recommendations, it is likely optimal, and further search costs of 0.02 may not yield significant gains.","C7 Search #1 (Searched:1/6, SearchCost:0.00, BestProfit:0.20@F2) → Purchase F2",0.17,0.025,"[0.66, 0.63, 0.75, 0.26, 0.27, 0.58]"
6,9,C8,True,"Yes, because personalized recommendations with 6 firms greatly reduce search costs, easily outweighing the low privacy cost of 0.029.",2,"### Decision:  
I'll **purchase Firm 2** (choose number 2) because:  
- Positive profit of 0.38 available.  
- Additional search cost of 0.02 unlikely to yield better profit.","C8 Search #1 (Searched:1/6, SearchCost:0.00, BestProfit:0.38@F2) → Purchase F2",0.35,0.029,"[0.61, 0.31, 0.93, 0.56, 0.86, 0.59]"
6,9,C9,True,"Yes, because personalized recommendations with 6 firms significantly reduce search costs, outweighing the privacy cost of 0.049.",1,"### Decision:
I'll **purchase Firm 1** (choose number 1) because: 
- It offers a positive profit of 0.12 with no additional cost.
- Searching more would cost 0.02 and is unlikely to improve profit due to sorted recommendations.","C9 Search #1 (Searched:1/6, SearchCost:0.00, BestProfit:0.12@F1) → Purchase F1",0.07,0.049,"[0.24, 0.82, 0.16, 0.01, 0.48, 0.07]"
6,9,C10,True,"Yes, because personalized recommendations with 6 firms significantly reduce search costs, outweighing the privacy cost of 0.031.",3,"### Decision:
I'll **purchase Firm 3** because: 
- Positive profit of 0.21 with no additional cost.
- Personalized recommendations ensure it is the best option, making further search unnecessary.","C10 Search #1 (Searched:1/6, SearchCost:0.00, BestProfit:0.21@F3) → Purchase F3",0.18,0.031,"[0.65, 0.2, 0.66, 0.81, 0.71, 0.24]"
6,9,C11,True,"Yes, because personalized recommendations with 6 firms significantly reduce search costs, outweighing the privacy cost of 0.036.",3,"### Decision:
I'll **purchase Firm 3** (choose number 3) because: 
- It offers a positive profit of 0.04.
- Personalized sorting likely presents the best option first, making additional search costly and unlikely to improve.","C11 Search #1 (Searched:1/6, SearchCost:0.00, BestProfit:0.04@F3) → Purchase F3",0.0,0.036,"[0.6, 0.32, 0.29, 0.64, 0.5, 0.59]"
6,9,C12,True,"Yes, because personalized recommendations with 6 firms reduce search costs, potentially outweighing the 0.04 privacy cost, as shown by other consumers' positive outcomes.",-1,"### Decision:
I'll **leave** (choose number -1) because: 
- The searched firm with highest valuation offers negative profit.
- With personalized sorting, further searches are unlikely to yield positive profit, adding unnecessary cost.","C12 Search #1 (Searched:1/6, SearchCost:0.00, BestProfit:-0.20@F1) → Leave Market",-0.04,0.04,"[0.33, 0.5, 0.21, 0.22, 0.18, 0.21]"
6,9,C13,True,"Yes, because personalized recommendations with 6 firms likely reduce search costs more than the privacy cost of 0.03.",-1,"### Decision:
I'll **leave** (choose number -1) because: 
- The searched firm has negative profit (-0.04), indicating no viable options.
- Additional searches cost 0.02 with low expected gain due to decreasing valuations.","C13 Search #1 (Searched:1/6, SearchCost:0.00, BestProfit:-0.04@F5) → Leave Market",-0.03,0.03,"[0.07, 0.0, 0.41, 0.14, 0.03, 0.46]"
6,9,C14,True,"Yes, because personalized recommendations with 6 firms significantly reduce search costs, outweighing the privacy cost of 0.049.",3,"### Decision:
I'll **purchase Firm 3** (choose number 3) because: 
- It offers a positive profit of 0.39.
- Personalized sorting suggests it is the best option, and further search costs 0.02 with unlikely improvement.","C14 Search #1 (Searched:1/6, SearchCost:0.00, BestProfit:0.39@F3) → Purchase F3",0.34,0.049,"[0.96, 0.97, 0.81, 0.99, 0.29, 0.52]"
6,9,C15,True,"Yes, because personalized recommendations with 6 firms reduce search costs more than my privacy cost of 0.028.",1,"### Decision:
I'll **purchase Firm 1** because: 
- Offers positive profit of 0.26
- Additional search cost of 0.02 unlikely to yield better deal with personalized sorting","C15 Search #1 (Searched:1/6, SearchCost:0.00, BestProfit:0.26@F1) → Purchase F1",0.23,0.028,"[0.9, 0.96, 0.15, 0.8, 0.71, 0.94]"
6,9,C16,True,"yes, because personalized recommendations with 6 firms significantly reduce search costs, outweighing the privacy cost of 0.039.",2,"### Decision:  
I'll **purchase Firm 2** (choose number 2) because:  
- It offers a positive profit of 0.44.  
- Further search is unlikely to improve profit significantly, given sorted recommendations and search cost of 0.02.","C16 Search #1 (Searched:1/6, SearchCost:0.00, BestProfit:0.44@F2) → Purchase F2",0.4,0.039,"[0.71, 0.79, 0.99, 0.1, 0.74, 0.8]"
6,9,C17,True,"Yes, because personalized recommendations with 6 firms significantly reduce expected search costs, outweighing the privacy cost of 0.042.",1,"### Decision:
I'll **purchase Firm 1** (choose number 1) because: 
- Positive profit of 0.21 available
- Rational to buy immediately to avoid unnecessary search costs","C17 Search #1 (Searched:1/6, SearchCost:0.00, BestProfit:0.21@F1) → Purchase F1",0.17,0.042,"[0.57, 0.91, 0.76, 0.43, 0.85, 0.49]"
6,9,C18,True,"Yes, because with 6 firms, personalized recommendations significantly reduce expected search costs, likely outweighing the privacy cost of 0.047.",-1,"### Decision:
I'll **leave** (choose number -1) because: 
- The highest-valuation firm yields negative profit (-0.10), indicating low likelihood of positive profit in subsequent searches.
- Additional search cost (0.02) risks reducing revenue with minimal expected benefit.","C18 Search #1 (Searched:1/6, SearchCost:0.00, BestProfit:-0.10@F2) → Leave Market",-0.05,0.047,"[0.01, 0.09, 0.45, 0.44, 0.25, 0.06]"
6,9,C19,True,"Yes, because personalized recommendations with 6 firms significantly reduce expected search costs, outweighing the privacy cost of 0.045.",4,"### Decision:
I'll **purchase Firm 4** (choose number 4) because: 
- It offers a positive profit of 0.43.
- Personalized sorting makes further searches unlikely to improve the deal significantly.","C19 Search #1 (Searched:1/6, SearchCost:0.00, BestProfit:0.43@F4) → Purchase F4",0.39,0.045,"[0.23, 0.33, 0.11, 0.21, 0.93, 0.22]"
6,9,C20,True,"Yes, because personalized recommendations with 6 firms significantly reduce search costs, outweighing the privacy cost of 0.037.",0,"### Decision:  
I'll **purchase Firm 0** because:  
- It offers a positive profit of 0.05.  
- Searching further incurs a cost of 0.02 with uncertain benefits due to decreasing valuation order.","C20 Search #1 (Searched:1/6, SearchCost:0.00, BestProfit:0.05@F0) → Purchase F0",0.01,0.037,"[0.7, 0.55, 0.39, 0.64, 0.37, 0.6]"
6,10,C1,True,"Yes, because personalized recommendations with 6 firms significantly reduce search costs, outweighing the privacy cost of 0.041.",0,"### Decision:
I'll **purchase Firm 0** (choose number 0) because: 
- Positive profit of 0.43
- Avoid additional search cost of 0.02","C1 Search #1 (Searched:1/6, SearchCost:0.00, BestProfit:0.43@F0) → Purchase F0",0.39,0.041,"[0.98, 0.24, 0.38, 0.77, 0.88, 0.85]"
6,10,C2,True,"Yes, because personalized recommendations with 6 firms reduce search costs and improve deal quality, outweighing the privacy cost of 0.035.",4,"### Decision:
I'll **purchase Firm 4** (choose number 4) because: 
- It offers a positive profit of 0.38, ensuring a gain.
- Additional searches cost 0.02 with low expected improvement due to valuation-sorted sequence.","C2 Search #1 (Searched:1/6, SearchCost:0.00, BestProfit:0.38@F4) → Purchase F4",0.34,0.035,"[0.05, 0.25, 0.39, 0.63, 0.93, 0.5]"
6,10,C3,True,"Yes, because with 6 firms, personalized recommendations significantly reduce search costs, outweighing the privacy cost of 0.037.",5,"### Decision:
I'll **purchase Firm 5** (choose number 5) because: 
- Positive profit of 0.37 available.
- Additional search cost unlikely to yield better profit given sorted valuation order.","C3 Search #1 (Searched:1/6, SearchCost:0.00, BestProfit:0.37@F5) → Purchase F5",0.33,0.037,"[0.72, 0.33, 0.88, 0.92, 0.72, 0.92]"
6,10,C4,True,"Yes, because personalized recommendations with 6 firms reduce search costs significantly, outweighing the privacy cost of 0.045.",2,"### Decision:
I'll **purchase Firm 2** (choose number 2) because: 
- Positive profit of 0.34 available.
- Search sorted by valuation, likely optimal option.","C4 Search #1 (Searched:1/6, SearchCost:0.00, BestProfit:0.34@F2) → Purchase F2",0.3,0.045,"[0.76, 0.36, 0.89, 0.78, 0.68, 0.7]"
6,10,C5,True,"Yes, because personalized recommendations with 6 firms reduce search costs significantly, outweighing the privacy cost of 0.034.",2,"### Decision:
I'll **purchase Firm 2** (choose number 2) because: 
- It offers a positive profit of 0.37.
- Additional search costs 0.02 with likely lower expected profit due to sorted recommendations.","C5 Search #1 (Searched:1/6, SearchCost:0.00, BestProfit:0.37@F2) → Purchase F2",0.34,0.034,"[0.43, 0.44, 0.92, 0.02, 0.82, 0.66]"
6,10,C6,True,"Yes, because personalized recommendations with 6 firms greatly reduce search costs, outweighing the privacy cost of 0.034.",3,"### Decision:  
I'll **purchase Firm 3** (choose number 3) because:  
- Firm 3 offers a positive profit of 0.43.  
- Additional search costs 0.02 and is unlikely to significantly improve the outcome with personalized recommendations.","C6 Search #1 (Searched:1/6, SearchCost:0.00, BestProfit:0.43@F3) → Purchase F3",0.4,0.034,"[0.59, 0.45, 0.58, 0.98, 0.87, 0.87]"
6,10,C7,True,"Yes, because personalized recommendations with 6 firms significantly reduce search costs, outweighing the low privacy cost of 0.025.",2,"### Decision:
I'll **purchase Firm 2** (choose number 2) because: 
- Firm 2 offers a positive profit of 0.20.
- With personalized recommendations, it is likely optimal, and further search costs of 0.02 may not yield significant gains.","C7 Search #1 (Searched:1/6, SearchCost:0.00, BestProfit:0.20@F2) → Purchase F2",0.17,0.025,"[0.66, 0.63, 0.75, 0.26, 0.27, 0.58]"
6,10,C8,True,"Yes, because personalized recommendations with 6 firms significantly reduce search costs, outweighing the low privacy cost of 0.029.",2,"### Decision:  
I'll **purchase Firm 2** (choose number 2) because:  
- Positive profit of 0.38 available.  
- Additional search cost of 0.02 unlikely to yield better profit.","C8 Search #1 (Searched:1/6, SearchCost:0.00, BestProfit:0.38@F2) → Purchase F2",0.35,0.029,"[0.61, 0.31, 0.93, 0.56, 0.86, 0.59]"
6,10,C9,True,"yes, because personalized recommendations with 6 firms significantly reduce search costs, outweighing the privacy cost of 0.049.",1,"### Decision:
I'll **purchase Firm 1** (choose number 1) because: 
- Current firm offers positive profit of 0.27 with no additional cost.
- Searching more would cost 0.02 and is unlikely to improve profit due to sorted recommendations.","C9 Search #1 (Searched:1/6, SearchCost:0.00, BestProfit:0.27@F1) → Purchase F1",0.22,0.049,"[0.24, 0.82, 0.16, 0.01, 0.48, 0.07]"
6,10,C10,True,"Yes, because personalized recommendations with 6 firms reduce search costs more than the privacy cost of 0.031.",3,"### Decision:
I'll **purchase Firm 3** because: 
- Positive profit of 0.26 with no additional cost.
- Personalized recommendations ensure it is the best option, making further search unnecessary.","C10 Search #1 (Searched:1/6, SearchCost:0.00, BestProfit:0.26@F3) → Purchase F3",0.23,0.031,"[0.65, 0.2, 0.66, 0.81, 0.71, 0.24]"
6,10,C11,True,"Yes, because with 6 firms, personalized recommendations significantly reduce expected search costs, outweighing the privacy cost of 0.036.",3,"### Decision:
I'll **purchase Firm 3** (choose number 3) because: 
- It offers a positive profit of 0.09.
- Additional search costs 0.02 and is unlikely to improve the deal due to personalized sorting.","C11 Search #1 (Searched:1/6, SearchCost:0.00, BestProfit:0.09@F3) → Purchase F3",0.05,0.036,"[0.6, 0.32, 0.29, 0.64, 0.5, 0.59]"
6,10,C12,True,"Yes, because personalized recommendations with 6 firms reduce search costs and increase the chance of finding a profitable deal, outweighing the privacy cost of 0.04, as shown by other consumers' positive outcomes.",-1,"### Decision:
I'll **leave** (choose number -1) because: 
- The searched firm offers negative profit.
- With personalized sorting, further searches are unlikely to yield positive profit, adding unnecessary cost.","C12 Search #1 (Searched:1/6, SearchCost:0.00, BestProfit:-0.05@F1) → Leave Market",-0.04,0.04,"[0.33, 0.5, 0.21, 0.22, 0.18, 0.21]"
6,10,C13,True,"Yes, because personalized recommendations with 6 firms likely reduce search costs more than the privacy cost of 0.03.",-1,"### Decision:
I'll **leave** (choose number -1) because: 
- The searched firm has negative profit (-0.09), indicating no viable options.
- Personalized sorting suggests lower valuations ahead, with search cost 0.02 unlikely to yield positive gain.","C13 Search #1 (Searched:1/6, SearchCost:0.00, BestProfit:-0.09@F5) → Leave Market",-0.03,0.03,"[0.07, 0.0, 0.41, 0.14, 0.03, 0.46]"
6,10,C14,True,"Yes, because personalized recommendations with 6 firms significantly reduce search costs, outweighing the privacy cost of 0.049.",3,"### Decision:
I'll **purchase Firm 3** (choose number 3) because: 
- It offers a high profit of 0.44 with no additional search cost.
- Personalized sorting indicates it is likely the best option, and further search may not improve profit enough to justify the 0.02 cost.","C14 Search #1 (Searched:1/6, SearchCost:0.00, BestProfit:0.44@F3) → Purchase F3",0.39,0.049,"[0.96, 0.97, 0.81, 0.99, 0.29, 0.52]"
6,10,C15,True,"Yes, because personalized recommendations with 6 firms greatly reduce expected search costs, outweighing the low privacy cost of 0.028.",1,"### Decision:  
I'll **purchase Firm 1** because:  
- Offers positive profit of 0.41  
- Additional search cost unlikely to yield better deal with personalized sorting","C15 Search #1 (Searched:1/6, SearchCost:0.00, BestProfit:0.41@F1) → Purchase F1",0.38,0.028,"[0.9, 0.96, 0.15, 0.8, 0.71, 0.94]"
6,10,C16,True,"Yes, because personalized recommendations with 6 firms significantly reduce search costs, outweighing the privacy cost of 0.039.",2,"### Decision:  
I'll **purchase Firm 2** (choose number 2) because:  
- It offers a positive profit of 0.44.  
- Further search is unlikely to improve profit significantly, given sorted recommendations and search cost of 0.02.","C16 Search #1 (Searched:1/6, SearchCost:0.00, BestProfit:0.44@F2) → Purchase F2",0.4,0.039,"[0.71, 0.79, 0.99, 0.1, 0.74, 0.8]"
6,10,C17,True,"Yes, because personalized recommendations with 6 firms significantly reduce expected search costs, outweighing the privacy cost of 0.042.",1,"### Decision:
I'll **purchase Firm 1** (choose number 1) because: 
- Positive profit of 0.36 available
- Rational to buy immediately to avoid unnecessary search costs","C17 Search #1 (Searched:1/6, SearchCost:0.00, BestProfit:0.36@F1) → Purchase F1",0.32,0.042,"[0.57, 0.91, 0.76, 0.43, 0.85, 0.49]"
6,10,C18,True,"Yes, because personalized recommendations with 6 firms can significantly reduce expected search costs, likely outweighing the privacy cost of 0.047.",-1,"### Decision:
I'll **leave** (choose number -1) because: 
- The highest-valuation firm yields negative profit (-0.10), indicating low likelihood of positive profit in subsequent searches.
- Additional search cost (0.02) risks reducing revenue with minimal expected benefit.","C18 Search #1 (Searched:1/6, SearchCost:0.00, BestProfit:-0.10@F2) → Leave Market",-0.05,0.047,"[0.01, 0.09, 0.45, 0.44, 0.25, 0.06]"
6,10,C19,True,"Yes, because personalized recommendations with 6 firms significantly reduce expected search costs, outweighing the privacy cost of 0.045.",4,"### Decision:
I'll **purchase Firm 4** (choose number 4) because: 
- It offers a positive profit of 0.38, ensuring immediate gain.
- Personalized sorting reduces the likelihood of finding a better deal, making further search inefficient.","C19 Search #1 (Searched:1/6, SearchCost:0.00, BestProfit:0.38@F4) → Purchase F4",0.34,0.045,"[0.23, 0.33, 0.11, 0.21, 0.93, 0.22]"
6,10,C20,True,"Yes, because personalized recommendations with 6 firms significantly reduce expected search costs, outweighing the privacy cost of 0.037.",0,"### Decision:  
I'll **purchase Firm 0** because:  
- It offers a positive profit of 0.15.  
- Searching further incurs a cost of 0.02 with uncertain benefits due to decreasing valuation order.","C20 Search #1 (Searched:1/6, SearchCost:0.00, BestProfit:0.15@F0) → Purchase F0",0.11,0.037,"[0.7, 0.55, 0.39, 0.64, 0.37, 0.6]"
7,1,C1,True,"Yes, because the potential reduction in search cost with personalized recommendations for 7 firms likely exceeds the privacy value of 0.04.",3,"### Decision:
I'll **purchase Firm 3** (choose number 3) because: 
- Positive profit of 0.5 is available.
- Additional search cost of 0.02 may not yield better profit.","C1 Search #1 (Searched:1/7, SearchCost:0.00, BestProfit:0.50@F3) → Purchase F3",0.46,0.04,"[0.48, 0.92, 0.72, 1.0, 0.85, 0.67, 0.48]"
7,1,C2,True,"Yes, because with 7 firms, personalized recommendations substantially reduce search costs, likely outweighing the privacy cost of 0.048.",0,"### Decision:
I'll **purchase Firm 0** (choose number 0) because: 
- Offers positive profit of 0.30
- Sorted recommendations likely make it the best option, avoiding further search costs","C2 Search #1 (Searched:1/7, SearchCost:0.00, BestProfit:0.30@F0) → Purchase F0",0.25,0.048,"[0.85, 0.29, 0.26, 0.57, 0.06, 0.79, 0.81]"
7,1,C3,True,"Yes, because with 7 firms, personalized recommendations significantly reduce search costs and improve product valuation, outweighing the 0.03 privacy cost.",3,"### Decision: I'll **purchase Firm 3** (choose number 3) because: 
- Positive profit of 0.5 available.
- Additional search cost outweighs uncertain benefits.","C3 Search #1 (Searched:1/7, SearchCost:0.00, BestProfit:0.50@F3) → Purchase F3",0.47,0.03,"[0.94, 0.05, 0.74, 1.0, 0.34, 0.32, 0.86]"
7,1,C4,True,"Yes, because the potential search cost savings with personalized recommendations for 7 firms outweigh the low privacy cost of 0.037.",0,"### Decision:
I'll **purchase Firm 0** because: 
- The firm offers a positive profit of 0.34.
- Additional searches cost 0.02 with uncertain improvement in profit.","C4 Search #1 (Searched:1/7, SearchCost:0.00, BestProfit:0.34@F0) → Purchase F0",0.3,0.037,"[0.89, 0.38, 0.44, 0.48, 0.32, 0.55, 0.06]"
7,1,C5,True,"Yes, because the expected reduction in search cost with personalized recommendations likely exceeds the privacy cost of 0.029.",6,"### Decision:
I'll **purchase Firm 6** (choose number 6) because: 
- Positive profit of 0.5 available.
- Additional search cost of 0.02 unlikely to yield better deal.","C5 Search #1 (Searched:1/7, SearchCost:0.00, BestProfit:0.50@F6) → Purchase F6",0.47,0.029,"[0.16, 0.97, 0.92, 0.93, 0.48, 0.6, 1.0]"
7,1,C6,True,"Yes, because the potential reduction in search costs with personalized recommendations for 7 firms outweighs the privacy cost of 0.038.",3,"### Decision:
I'll **purchase Firm 3** because: 
- It offers a positive profit of 0.24.
- Rationality requires buying when positive profit is available.","C6 Search #1 (Searched:1/7, SearchCost:0.00, BestProfit:0.24@F3) → Purchase F3",0.2,0.038,"[0.44, 0.23, 0.52, 0.74, 0.08, 0.47, 0.45]"
7,1,C7,True,"Yes, because the potential reduction in search cost with personalized recommendations for 7 firms likely exceeds the privacy cost of 0.026.",0,"### Decision:
I'll **purchase Firm 0** (choose number 0) because: 
- Positive profit of 0.32 available
- Rational to buy and avoid further search costs","C7 Search #1 (Searched:1/7, SearchCost:0.00, BestProfit:0.32@F0) → Purchase F0",0.29,0.026,"[0.87, 0.68, 0.35, 0.49, 0.02, 0.59, 0.86]"
7,1,C8,True,"Yes, because the significant reduction in search cost with personalized recommendations for 7 firms outweighs the privacy cost of 0.03.",0,"### Decision:
I'll **purchase Firm 0** because: 
- It offers a positive profit of 0.39.
- Additional search costs 0.02 and is unlikely to yield a better deal given the sorted valuation sequence.","C8 Search #1 (Searched:1/7, SearchCost:0.00, BestProfit:0.39@F0) → Purchase F0",0.36,0.03,"[0.94, 0.64, 0.13, 0.24, 0.71, 0.52, 0.57]"
7,1,C9,True,"Yes, because with 7 firms, personalized recommendations will likely reduce search costs more than the privacy cost of 0.043.",6,"### Decision:
I'll **purchase Firm 6** (choose number 6) because: 
- Positive profit of 0.21 available
- Rational to buy when profit is positive, per guidelines","C9 Search #1 (Searched:1/7, SearchCost:0.00, BestProfit:0.21@F6) → Purchase F6",0.17,0.043,"[0.69, 0.67, 0.15, 0.31, 0.33, 0.08, 0.71]"
7,1,C10,True,"Yes, because with 7 firms, personalized recommendations will significantly reduce search costs, likely outweighing the privacy cost of 0.047.",6,"### Decision:
I'll **purchase Firm 6** (choose number 6) because: 
- The firm offers a positive profit of 0.48.
- Rational to buy rather than incur additional search costs.","C10 Search #1 (Searched:1/7, SearchCost:0.00, BestProfit:0.48@F6) → Purchase F6",0.43,0.047,"[0.72, 0.42, 0.01, 0.19, 0.75, 0.49, 0.98]"
7,1,C11,True,"Yes, because with 7 firms, personalized recommendations will likely reduce search costs more than the privacy cost of 0.043.",6,"### Decision:
I'll **purchase Firm 6** (choose number 6) because: 
- Positive profit of 0.24 is available.
- Additional search cost of 0.02 is unlikely to yield better profit given sorted recommendations.","C11 Search #1 (Searched:1/7, SearchCost:0.00, BestProfit:0.24@F6) → Purchase F6",0.2,0.043,"[0.13, 0.35, 0.45, 0.31, 0.71, 0.1, 0.74]"
7,1,C12,True,"Yes, expected search cost savings with 7 firms exceed privacy cost of 0.054.",2,"### Decision:
I'll **purchase Firm 2** (choose number 2) because: 
- Positive profit of 0.43 is available.
- Expected gain from further search is low due to diminishing returns.","C12 Search #1 (Searched:1/7, SearchCost:0.00, BestProfit:0.43@F2) → Purchase F2",0.38,0.054,"[0.18, 0.16, 0.93, 0.13, 0.71, 0.88, 0.4]"
7,1,C13,True,"Yes, because with 7 firms, personalized recommendations significantly reduce expected search costs, outweighing the low privacy cost of 0.026.",2,"### Decision:
I'll **purchase Firm 2** because: 
- It offers a positive profit of 0.48
- Searching further may not improve the outcome and adds a search cost of 0.02","C13 Search #1 (Searched:1/7, SearchCost:0.00, BestProfit:0.48@F2) → Purchase F2",0.45,0.026,"[0.35, 0.28, 0.98, 0.05, 0.85, 0.19, 0.63]"
7,1,C14,True,"Yes, expected reduction in search costs and improved product matching with 7 firms outweigh the privacy cost of 0.035.",5,"### Decision:
I'll **purchase Firm 5** (choose number 5) because: 
- It offers a positive profit of 0.32, ensuring rational purchase.
- Personalized sorting likely presents the best option first, minimizing further search benefits.","C14 Search #1 (Searched:1/7, SearchCost:0.00, BestProfit:0.32@F5) → Purchase F5",0.28,0.035,"[0.65, 0.09, 0.17, 0.8, 0.77, 0.87, 0.62]"
7,1,C15,True,"Yes, because with 7 firms, personalized recommendations will significantly reduce search costs, outweighing the low privacy cost of 0.054.",3,"### Decision:
I'll **purchase Firm 3** (choose number 3) because: 
- It offers a positive profit of 0.28, ensuring immediate gain.
- Further search costs 0.02 and may not improve profit, given sorted valuation order.","C15 Search #1 (Searched:1/7, SearchCost:0.00, BestProfit:0.28@F3) → Purchase F3",0.23,0.054,"[0.69, 0.15, 0.49, 0.78, 0.05, 0.34, 0.26]"
7,1,C16,True,"Yes, because with 7 firms, personalized recommendations will likely reduce search costs significantly, exceeding the privacy cost of 0.033.",6,"### Decision:
I'll **purchase Firm 6** (choose number 6) because: 
- Positive profit of 0.38 available.
- Rational to buy when positive profit exists, avoiding further search costs.","C16 Search #1 (Searched:1/7, SearchCost:0.00, BestProfit:0.38@F6) → Purchase F6",0.35,0.033,"[0.88, 0.7, 0.7, 0.83, 0.26, 0.18, 0.88]"
7,1,C17,True,"Yes, because with 7 firms, personalized recommendations significantly reduce expected search costs, likely exceeding the privacy cost of 0.045.",1,"### Decision:
I'll **purchase Firm 1** (choose number 1) because: 
- Firm 1 offers a positive profit of 0.43.
- Rationality dictates buying if a searched firm has positive profit, avoiding unnecessary search costs.","C17 Search #1 (Searched:1/7, SearchCost:0.00, BestProfit:0.43@F1) → Purchase F1",0.39,0.045,"[0.87, 0.93, 0.12, 0.16, 0.78, 0.67, 0.22]"
7,1,C18,True,"Yes, because the potential reduction in search cost with 7 firms outweighs the privacy cost of 0.033.",6,"### Decision:
I'll **purchase Firm 6** (choose number 6) because: 
- Positive profit of 0.42 available.
- Searching may not improve deal and incurs additional cost of 0.02.","C18 Search #1 (Searched:1/7, SearchCost:0.00, BestProfit:0.42@F6) → Purchase F6",0.39,0.033,"[0.23, 0.2, 0.13, 0.42, 0.31, 0.16, 0.92]"
7,1,C19,True,"Yes, because with 7 firms, personalized recommendations can significantly reduce search costs, likely exceeding the privacy value of 0.03.",3,"### Decision:
I'll **purchase Firm 3** (choose number 3) because: 
- Positive profit of 0.31 available
- Unlikely to improve with additional search cost of 0.02","C19 Search #1 (Searched:1/7, SearchCost:0.00, BestProfit:0.31@F3) → Purchase F3",0.28,0.03,"[0.23, 0.73, 0.26, 0.81, 0.04, 0.11, 0.13]"
7,1,C20,True,"Yes, because with 7 firms, personalized recommendations will likely reduce search costs more than the privacy cost of 0.049.",3,"### Decision:
I'll **purchase Firm 3** (choose number 3) because: 
- It offers a positive profit of 0.48, and I won't leave without buying per the guidelines.
- Searching further may not improve the deal and incurs additional cost of 0.02.","C20 Search #1 (Searched:1/7, SearchCost:0.00, BestProfit:0.48@F3) → Purchase F3",0.43,0.049,"[0.65, 0.49, 0.16, 0.98, 0.01, 0.45, 0.01]"
7,2,C1,True,"Yes, because personalized recommendations for 7 firms likely reduce search costs more than the 0.04 privacy cost.",3,"### Decision:
I'll **purchase Firm 3** (choose number 3) because: 
- Searched firm offers positive profit of 0.5.
- Additional search cost of 0.02 unlikely to yield better profit with sorted valuations.","C1 Search #1 (Searched:1/7, SearchCost:0.00, BestProfit:0.50@F3) → Purchase F3",0.46,0.04,"[0.48, 0.92, 0.72, 1.0, 0.85, 0.67, 0.48]"
7,2,C2,True,"Yes, because with 7 firms, personalized recommendations greatly reduce search costs, likely exceeding the 0.048 privacy cost based on past benefits.",0,"### Decision:
I'll **purchase Firm 0** (choose number 0) because: 
- Offers positive profit of 0.35
- Personalized recommendations suggest it's likely the best, avoiding unnecessary search costs","C2 Search #1 (Searched:1/7, SearchCost:0.00, BestProfit:0.35@F0) → Purchase F0",0.3,0.048,"[0.85, 0.29, 0.26, 0.57, 0.06, 0.79, 0.81]"
7,2,C3,True,"Yes, because personalized recommendations with 7 firms significantly reduce search costs and improve product valuation, outweighing the 0.03 privacy cost.",3,"### Decision:
I'll **purchase Firm 3** (choose number 3) because: 
- Positive profit of 0.5 available.
- Additional search cost of 0.02 outweighs uncertain benefits from further searches due to decreasing valuation order.","C3 Search #1 (Searched:1/7, SearchCost:0.00, BestProfit:0.50@F3) → Purchase F3",0.47,0.03,"[0.94, 0.05, 0.74, 1.0, 0.34, 0.32, 0.86]"
7,2,C4,True,"Yes, because the expected reduction in search cost from personalized recommendations with 7 firms likely exceeds the privacy cost of 0.037.",0,"### Decision:
I'll **purchase Firm 0** because: 
- Positive profit of 0.39 with no search cost sunk yet.
- Uncertain improvement from additional search given cost of 0.02.","C4 Search #1 (Searched:1/7, SearchCost:0.00, BestProfit:0.39@F0) → Purchase F0",0.35,0.037,"[0.89, 0.38, 0.44, 0.48, 0.32, 0.55, 0.06]"
7,2,C5,True,"Yes, because personalized recommendations with 7 firms likely reduce search costs more than the 0.029 privacy cost.",6,"### Decision:
I'll **purchase Firm 6** (choose number 6) because: 
- Positive profit of 0.5 available.
- Additional search cost of 0.02 unlikely to yield better deal due to personalized sorting.","C5 Search #1 (Searched:1/7, SearchCost:0.00, BestProfit:0.50@F6) → Purchase F6",0.47,0.029,"[0.16, 0.97, 0.92, 0.93, 0.48, 0.6, 1.0]"
7,2,C6,True,"Yes, because personalized recommendations for 7 firms are likely to reduce search costs enough to outweigh the 0.038 privacy cost.",3,"### Decision:
I'll **purchase Firm 3** because: 
- It offers a positive profit of 0.24.
- Rationality requires buying when positive profit is available to avoid unnecessary search costs.","C6 Search #1 (Searched:1/7, SearchCost:0.00, BestProfit:0.24@F3) → Purchase F3",0.2,0.038,"[0.44, 0.23, 0.52, 0.74, 0.08, 0.47, 0.45]"
7,2,C7,True,"Yes, because personalized recommendations with 7 firms likely reduce search costs more than the 0.026 privacy cost.",0,"### Decision:
I'll **purchase Firm 0** (choose number 0) because: 
- Positive profit of 0.37 available
- Personalized recommendations suggest it's likely the best option, minimizing further search costs","C7 Search #1 (Searched:1/7, SearchCost:0.00, BestProfit:0.37@F0) → Purchase F0",0.34,0.026,"[0.87, 0.68, 0.35, 0.49, 0.02, 0.59, 0.86]"
7,2,C8,True,"Yes, because personalized recommendations with 7 firms significantly reduce search costs, outweighing the 0.03 privacy cost.",0,"### Decision:
I'll **purchase Firm 0** because: 
- It offers a high positive profit of 0.44.
- Searching further costs 0.02 and is unlikely to yield a better deal given the sorted valuation sequence.","C8 Search #1 (Searched:1/7, SearchCost:0.00, BestProfit:0.44@F0) → Purchase F0",0.41,0.03,"[0.94, 0.64, 0.13, 0.24, 0.71, 0.52, 0.57]"
7,2,C9,True,"Yes, because personalized recommendations for 7 firms will likely reduce search costs more than the privacy cost of 0.043.",6,"### Decision:
I'll **purchase Firm 6** (choose number 6) because: 
- Positive profit of 0.21 available
- Rational to buy and not search further with sorted recommendations","C9 Search #1 (Searched:1/7, SearchCost:0.00, BestProfit:0.21@F6) → Purchase F6",0.17,0.043,"[0.69, 0.67, 0.15, 0.31, 0.33, 0.08, 0.71]"
7,2,C10,True,"Yes, because personalized recommendations for 7 firms will likely reduce search costs more than the 0.047 privacy cost.",6,"### Decision:
I'll **purchase Firm 6** (choose number 6) because: 
- The firm offers a positive profit of 0.48.
- Rational to avoid additional search costs per rationality rule.","C10 Search #1 (Searched:1/7, SearchCost:0.00, BestProfit:0.48@F6) → Purchase F6",0.43,0.047,"[0.72, 0.42, 0.01, 0.19, 0.75, 0.49, 0.98]"
7,2,C11,True,"Yes, because personalized recommendations with 7 firms likely reduce search costs more than the 0.043 privacy cost.",6,"### Decision:
I'll **purchase Firm 6** (choose number 6) because: 
- Positive profit of 0.24 is available.
- Additional search cost is unlikely to yield better profit given sorted recommendations.","C11 Search #1 (Searched:1/7, SearchCost:0.00, BestProfit:0.24@F6) → Purchase F6",0.2,0.043,"[0.13, 0.35, 0.45, 0.31, 0.71, 0.1, 0.74]"
7,2,C12,True,"Yes, because personalized recommendations with 7 firms likely reduce search costs and increase valuation, outweighing the 0.054 privacy cost based on past experience.",2,"### Decision:
I'll **purchase Firm 2** (choose number 2) because: 
- Positive profit of 0.43 is available.
- Expected gain from further search is low due to diminishing returns.","C12 Search #1 (Searched:1/7, SearchCost:0.00, BestProfit:0.43@F2) → Purchase F2",0.38,0.054,"[0.18, 0.16, 0.93, 0.13, 0.71, 0.88, 0.4]"
7,2,C13,True,"Yes, because the expected reduction in search cost with personalized recommendations for 7 firms outweighs the low privacy cost of 0.026.",2,"### Decision:
I'll **purchase Firm 2** because: 
- It offers a positive profit of 0.48
- Searching further incurs additional cost with potentially lower benefits","C13 Search #1 (Searched:1/7, SearchCost:0.00, BestProfit:0.48@F2) → Purchase F2",0.45,0.026,"[0.35, 0.28, 0.98, 0.05, 0.85, 0.19, 0.63]"
7,2,C14,True,"Yes, because with 7 firms, personalized recommendations significantly reduce search costs and improve product matching, outweighing the 0.035 privacy cost.",5,"### Decision:
I'll **purchase Firm 5** (choose number 5) because: 
- Positive profit of 0.37 ensures a good deal.
- Data sharing likely sorted best option first, reducing search benefits.","C14 Search #1 (Searched:1/7, SearchCost:0.00, BestProfit:0.37@F5) → Purchase F5",0.34,0.035,"[0.65, 0.09, 0.17, 0.8, 0.77, 0.87, 0.62]"
7,2,C15,True,"Yes, because personalized recommendations with 7 firms reduce search costs and improve expected profit, outweighing the privacy cost of 0.054.",3,"### Decision:
I'll **purchase Firm 3** (choose number 3) because: 
- It offers a positive profit of 0.28, ensuring gain.
- Further search costs 0.02 and is unlikely to improve profit given sorted valuation order.","C15 Search #1 (Searched:1/7, SearchCost:0.00, BestProfit:0.28@F3) → Purchase F3",0.23,0.054,"[0.69, 0.15, 0.49, 0.78, 0.05, 0.34, 0.26]"
7,2,C16,True,"Yes, because with 7 firms, personalized recommendations will significantly reduce search costs and improve product valuations, outweighing the low privacy cost of 0.033.",6,"### Decision:
I'll **purchase Firm 6** (choose number 6) because: 
- Positive profit of 0.38 available, rational to buy and avoid further search costs.","C16 Search #1 (Searched:1/7, SearchCost:0.00, BestProfit:0.38@F6) → Purchase F6",0.35,0.033,"[0.88, 0.7, 0.7, 0.83, 0.26, 0.18, 0.88]"
7,2,C17,True,"Yes, because with 7 firms, personalized recommendations will likely reduce search costs significantly, offsetting the 0.045 privacy cost.",1,"### Decision:
I'll **purchase Firm 1** (choose number 1) because: 
- Firm 1 offers positive profit of 0.43.
- Rationality requires buying when positive profit is found, avoiding unnecessary search costs.","C17 Search #1 (Searched:1/7, SearchCost:0.00, BestProfit:0.43@F1) → Purchase F1",0.39,0.045,"[0.87, 0.93, 0.12, 0.16, 0.78, 0.67, 0.22]"
7,2,C18,True,"Yes, because with 7 firms, personalized recommendations likely reduce search costs significantly, outweighing the 0.033 privacy cost.",6,"### Decision:
I'll **purchase Firm 6** (choose number 6) because: 
- Positive profit of 0.42 available.
- Searching may not yield better deal and incurs additional cost of 0.02.","C18 Search #1 (Searched:1/7, SearchCost:0.00, BestProfit:0.42@F6) → Purchase F6",0.39,0.033,"[0.23, 0.2, 0.13, 0.42, 0.31, 0.16, 0.92]"
7,2,C19,True,"Yes, because personalized recommendations with 7 firms likely reduce search costs more than the 0.03 privacy cost.",3,"### Decision:
I'll **purchase Firm 3** (choose number 3) because: 
- Positive profit of 0.31 available
- Unlikely to improve with additional search cost of 0.02","C19 Search #1 (Searched:1/7, SearchCost:0.00, BestProfit:0.31@F3) → Purchase F3",0.28,0.03,"[0.23, 0.73, 0.26, 0.81, 0.04, 0.11, 0.13]"
7,2,C20,True,"Yes, because with 7 firms, personalized recommendations reduce search costs and improve deal quality, outweighing the 0.049 privacy cost.",3,"### Decision:
I'll **purchase Firm 3** (choose number 3) because: 
- It offers a positive profit of 0.48.
- Further searches may not improve the deal and add a cost of 0.02.","C20 Search #1 (Searched:1/7, SearchCost:0.00, BestProfit:0.48@F3) → Purchase F3",0.43,0.049,"[0.65, 0.49, 0.16, 0.98, 0.01, 0.45, 0.01]"
7,3,C1,True,"Yes, because personalized recommendations with 7 firms significantly reduce search costs, outweighing the 0.04 privacy value.",3,"### Decision:
I'll **purchase Firm 3** (choose number 3) because: 
- Searched firm offers positive profit of 0.5.
- Additional search cost of 0.02 unlikely to yield better profit with sorted recommendations.","C1 Search #1 (Searched:1/7, SearchCost:0.00, BestProfit:0.50@F3) → Purchase F3",0.46,0.04,"[0.48, 0.92, 0.72, 1.0, 0.85, 0.67, 0.48]"
7,3,C2,True,"Yes, because with 7 firms, personalized recommendations reduce search costs and improve valuation matching, likely outweighing the 0.048 privacy cost based on past benefits.",0,"### Decision:
I'll **purchase Firm 0** (choose number 0) because: 
- Offers positive profit of 0.35
- Personalized recommendations ensure it's likely the best, avoiding additional search costs","C2 Search #1 (Searched:1/7, SearchCost:0.00, BestProfit:0.35@F0) → Purchase F0",0.3,0.048,"[0.85, 0.29, 0.26, 0.57, 0.06, 0.79, 0.81]"
7,3,C3,True,"Yes, because personalized recommendations with 7 firms reduce search costs and improve valuations, outweighing the 0.03 privacy cost.",3,"### Decision:
I'll **purchase Firm 3** (choose number 3) because: 
- Positive profit of 0.5 available.
- Additional search cost of 0.02 outweighs uncertain benefits from further searches due to decreasing valuation order.","C3 Search #1 (Searched:1/7, SearchCost:0.00, BestProfit:0.50@F3) → Purchase F3",0.47,0.03,"[0.94, 0.05, 0.74, 1.0, 0.34, 0.32, 0.86]"
7,3,C4,True,"Yes, because personalized recommendations with 7 firms reduce search costs more than the 0.037 privacy cost.",0,"### Decision:
I'll **purchase Firm 0** because: 
- Positive profit of 0.39 with no additional search cost.
- Uncertain if further search at 0.02 cost will yield better profit.","C4 Search #1 (Searched:1/7, SearchCost:0.00, BestProfit:0.39@F0) → Purchase F0",0.35,0.037,"[0.89, 0.38, 0.44, 0.48, 0.32, 0.55, 0.06]"
7,3,C5,True,"Yes, because personalized recommendations with 7 firms significantly reduce search costs, likely outweighing the low privacy cost of 0.029.",6,"### Decision:
I'll **purchase Firm 6** (choose number 6) because: 
- Positive profit of 0.5 available.
- Additional search cost of 0.02 unlikely to yield better deal due to personalized sorting.","C5 Search #1 (Searched:1/7, SearchCost:0.00, BestProfit:0.50@F6) → Purchase F6",0.47,0.029,"[0.16, 0.97, 0.92, 0.93, 0.48, 0.6, 1.0]"
7,3,C6,True,"Yes, because personalized recommendations for 7 firms likely reduce search costs enough to outweigh the 0.038 privacy cost.",3,"### Decision:
I'll **purchase Firm 3** (choose number 3) because: 
- It offers a positive profit of 0.24.
- Rationality requires buying when positive profit is available to avoid unnecessary search costs.","C6 Search #1 (Searched:1/7, SearchCost:0.00, BestProfit:0.24@F3) → Purchase F3",0.2,0.038,"[0.44, 0.23, 0.52, 0.74, 0.08, 0.47, 0.45]"
7,3,C7,True,"Yes, because personalized recommendations with 7 firms likely reduce search costs more than the 0.026 privacy cost.",0,"### Decision:
I'll **purchase Firm 0** (choose number 0) because: 
- Positive profit of 0.37 available
- Personalized recommendations suggest it's the best option, avoiding unnecessary search costs","C7 Search #1 (Searched:1/7, SearchCost:0.00, BestProfit:0.37@F0) → Purchase F0",0.34,0.026,"[0.87, 0.68, 0.35, 0.49, 0.02, 0.59, 0.86]"
7,3,C8,True,"Yes, because personalized recommendations with 7 firms greatly reduce search costs, outweighing the 0.03 privacy cost.",0,"### Decision:
I'll **purchase Firm 0** because: 
- It offers a positive profit of 0.44.
- Additional search costs 0.02 and is unlikely to yield a better deal with personalized sorting.","C8 Search #1 (Searched:1/7, SearchCost:0.00, BestProfit:0.44@F0) → Purchase F0",0.41,0.03,"[0.94, 0.64, 0.13, 0.24, 0.71, 0.52, 0.57]"
7,3,C9,True,"Yes, because personalized recommendations with 7 firms significantly reduce search costs, outweighing the 0.043 privacy cost.",6,"### Decision:
I'll **purchase Firm 6** (choose number 6) because: 
- Positive profit of 0.21 available
- Rational to buy and not search further with sorted recommendations","C9 Search #1 (Searched:1/7, SearchCost:0.00, BestProfit:0.21@F6) → Purchase F6",0.17,0.043,"[0.69, 0.67, 0.15, 0.31, 0.33, 0.08, 0.71]"
7,3,C10,True,"Yes, because personalized recommendations with 7 firms reduce search costs and improve valuations, outweighing the 0.047 privacy cost.",6,"### Decision:
I'll **purchase Firm 6** (choose number 6) because: 
- Firm offers positive profit of 0.48.
- Rational to avoid additional search costs per rationality rule.","C10 Search #1 (Searched:1/7, SearchCost:0.00, BestProfit:0.48@F6) → Purchase F6",0.43,0.047,"[0.72, 0.42, 0.01, 0.19, 0.75, 0.49, 0.98]"
7,3,C11,True,"Yes, because personalized recommendations with 7 firms will likely reduce search costs more than the 0.043 privacy cost.",6,"### Decision:
I'll **purchase Firm 6** (choose number 6) because: 
- Positive profit of 0.24 is available.
- Additional search is unlikely to yield better profit due to sorted recommendations.","C11 Search #1 (Searched:1/7, SearchCost:0.00, BestProfit:0.24@F6) → Purchase F6",0.2,0.043,"[0.13, 0.35, 0.45, 0.31, 0.71, 0.1, 0.74]"
7,3,C12,True,"Yes, because personalized recommendations with 7 firms likely reduce search costs and improve valuations, outweighing the 0.054 privacy cost based on past positive experiences.",2,"### Decision:
I'll **purchase Firm 2** (choose number 2) because: 
- Positive profit of 0.43 is available.
- Expected gain from further search is low due to personalized recommendations and diminishing returns.","C12 Search #1 (Searched:1/7, SearchCost:0.00, BestProfit:0.43@F2) → Purchase F2",0.38,0.054,"[0.18, 0.16, 0.93, 0.13, 0.71, 0.88, 0.4]"
7,3,C13,True,"Yes, because personalized recommendations with 7 firms greatly reduce search costs, outweighing the low privacy cost of 0.026.",2,"### Decision:
I'll **purchase Firm 2** because: 
- It offers a positive profit of 0.48
- Further search adds cost with likely low benefit due to sorted recommendations","C13 Search #1 (Searched:1/7, SearchCost:0.00, BestProfit:0.48@F2) → Purchase F2",0.45,0.026,"[0.35, 0.28, 0.98, 0.05, 0.85, 0.19, 0.63]"
7,3,C14,True,"Yes, because with 7 firms, personalized recommendations significantly reduce search costs, outweighing the 0.035 privacy cost based on past successful experiences.",5,"### Decision:
I'll **purchase Firm 5** (choose number 5) because: 
- Positive profit of 0.37 ensures rational purchase.
- Data sharing with personalized sorting likely presents the best option first, minimizing search benefits.","C14 Search #1 (Searched:1/7, SearchCost:0.00, BestProfit:0.37@F5) → Purchase F5",0.34,0.035,"[0.65, 0.09, 0.17, 0.8, 0.77, 0.87, 0.62]"
7,3,C15,True,"Yes, because with 7 firms, personalized recommendations significantly reduce search costs, likely outweighing the 0.054 privacy cost based on past beneficial outcomes.",3,"### Decision:
I'll **purchase Firm 3** (choose number 3) because: 
- It offers a positive profit of 0.28.
- Further search costs 0.02 and is unlikely to improve profit given sorted valuation order.","C15 Search #1 (Searched:1/7, SearchCost:0.00, BestProfit:0.28@F3) → Purchase F3",0.23,0.054,"[0.69, 0.15, 0.49, 0.78, 0.05, 0.34, 0.26]"
7,3,C16,True,"Yes, because with 7 firms, personalized recommendations will significantly reduce search costs, outweighing the 0.033 privacy cost.",6,"### Decision:
I'll **purchase Firm 6** (choose number 6) because: 
- Positive profit of 0.38 available.
- Personalized search order suggests no better options, avoiding unnecessary costs.","C16 Search #1 (Searched:1/7, SearchCost:0.00, BestProfit:0.38@F6) → Purchase F6",0.35,0.033,"[0.88, 0.7, 0.7, 0.83, 0.26, 0.18, 0.88]"
7,3,C17,True,"Yes, because personalized recommendations with 7 firms significantly reduce expected search costs, likely exceeding the 0.045 privacy cost.",1,"### Decision:
I'll **purchase Firm 1** (choose number 1) because: 
- Firm 1 offers positive profit of 0.43.
- Rationality requires buying when positive profit is found, avoiding unnecessary search costs.","C17 Search #1 (Searched:1/7, SearchCost:0.00, BestProfit:0.43@F1) → Purchase F1",0.39,0.045,"[0.87, 0.93, 0.12, 0.16, 0.78, 0.67, 0.22]"
7,3,C18,True,"Yes, because personalized recommendations with 7 firms likely reduce search costs more than the 0.033 privacy cost.",6,"### Decision:
I'll **purchase Firm 6** (choose number 6) because: 
- Positive profit of 0.42 available.
- Searching may not yield better deal and incurs additional cost of 0.02.","C18 Search #1 (Searched:1/7, SearchCost:0.00, BestProfit:0.42@F6) → Purchase F6",0.39,0.033,"[0.23, 0.2, 0.13, 0.42, 0.31, 0.16, 0.92]"
7,3,C19,True,"Yes, because personalized recommendations with 7 firms reduce search costs more than the 0.03 privacy cost.",3,"### Decision:
I'll **purchase Firm 3** (choose number 3) because: 
- Positive profit of 0.31 available
- Unlikely to improve with additional search cost of 0.02","C19 Search #1 (Searched:1/7, SearchCost:0.00, BestProfit:0.31@F3) → Purchase F3",0.28,0.03,"[0.23, 0.73, 0.26, 0.81, 0.04, 0.11, 0.13]"
7,3,C20,True,"Yes, because with 7 firms, personalized recommendations significantly reduce search costs, outweighing the 0.049 privacy cost.",3,"### Decision:
I'll **purchase Firm 3** (choose number 3) because: 
- It offers a positive profit of 0.48.
- Further search costs 0.02 and is unlikely to improve the deal significantly.","C20 Search #1 (Searched:1/7, SearchCost:0.00, BestProfit:0.48@F3) → Purchase F3",0.43,0.049,"[0.65, 0.49, 0.16, 0.98, 0.01, 0.45, 0.01]"
7,4,C1,True,"Yes, because personalized recommendations with 7 firms significantly reduce search costs, outweighing the 0.04 privacy value.",3,"### Decision:
I'll **purchase Firm 3** (choose number 3) because: 
- Positive profit of 0.5 is available.
- Additional search cost of 0.02 unlikely to yield better profit with sorted recommendations.","C1 Search #1 (Searched:1/7, SearchCost:0.00, BestProfit:0.50@F3) → Purchase F3",0.46,0.04,"[0.48, 0.92, 0.72, 1.0, 0.85, 0.67, 0.48]"
7,4,C2,True,"Yes, because personalized recommendations with 7 firms significantly reduce search costs, outweighing the 0.048 privacy cost based on past benefits.",0,"### Decision:
I'll **purchase Firm 0** (choose number 0) because: 
- Offers positive profit of 0.35
- Personalized recommendations ensure it's likely the best, avoiding additional search costs","C2 Search #1 (Searched:1/7, SearchCost:0.00, BestProfit:0.35@F0) → Purchase F0",0.3,0.048,"[0.85, 0.29, 0.26, 0.57, 0.06, 0.79, 0.81]"
7,4,C3,True,"Yes, because personalized recommendations with 7 firms greatly reduce search costs, improving expected revenue and outweighing the 0.03 privacy cost, as shown by past successful outcomes.",3,"### Decision:
I'll **purchase Firm 3** (choose number 3) because: 
- Positive profit of 0.5 available.
- Additional search cost of 0.02 outweighs uncertain benefits from further searches due to decreasing valuation order.","C3 Search #1 (Searched:1/7, SearchCost:0.00, BestProfit:0.50@F3) → Purchase F3",0.47,0.03,"[0.94, 0.05, 0.74, 1.0, 0.34, 0.32, 0.86]"
7,4,C4,True,"Yes, because personalized recommendations with 7 firms reduce search costs and improve deal quality, outweighing the 0.037 privacy cost.",0,"### Decision:
I'll **purchase Firm 0** because: 
- Positive profit of 0.39 with no additional search cost.
- Uncertain if further search at 0.02 cost will yield better profit.","C4 Search #1 (Searched:1/7, SearchCost:0.00, BestProfit:0.39@F0) → Purchase F0",0.35,0.037,"[0.89, 0.38, 0.44, 0.48, 0.32, 0.55, 0.06]"
7,4,C5,True,"Yes, because personalized recommendations with 7 firms significantly reduce search costs, outweighing the low privacy cost of 0.029.",6,"### Decision:
I'll **purchase Firm 6** (choose number 6) because: 
- Positive profit of 0.5 available.
- Additional search cost of 0.02 unlikely to yield better deal due to personalized sorting.","C5 Search #1 (Searched:1/7, SearchCost:0.00, BestProfit:0.50@F6) → Purchase F6",0.47,0.029,"[0.16, 0.97, 0.92, 0.93, 0.48, 0.6, 1.0]"
7,4,C6,True,"Yes, because personalized recommendations with 7 firms significantly reduce search costs, likely outweighing the low privacy cost of 0.038.",3,"### Decision:
I'll **purchase Firm 3** (choose number 3) because: 
- It offers a positive profit of 0.24.
- Rationality requires buying when positive profit is available to avoid unnecessary search costs.","C6 Search #1 (Searched:1/7, SearchCost:0.00, BestProfit:0.24@F3) → Purchase F3",0.2,0.038,"[0.44, 0.23, 0.52, 0.74, 0.08, 0.47, 0.45]"
7,4,C7,True,"Yes, because personalized recommendations with 7 firms likely reduce search costs and improve valuations, outweighing the 0.026 privacy cost.",0,"### Decision:
I'll **purchase Firm 0** (choose number 0) because: 
- Positive profit of 0.37 available
- Personalized recommendations suggest it's the best option, minimizing further search costs","C7 Search #1 (Searched:1/7, SearchCost:0.00, BestProfit:0.37@F0) → Purchase F0",0.34,0.026,"[0.87, 0.68, 0.35, 0.49, 0.02, 0.59, 0.86]"
7,4,C8,True,"Yes, because personalized recommendations with 7 firms significantly reduce search costs, outweighing the 0.03 privacy cost.",0,"### Decision:
I'll **purchase Firm 0** because: 
- It offers a high positive profit of 0.44.
- Searching further costs 0.02 and is unlikely to yield a better deal given the sorted valuation sequence.","C8 Search #1 (Searched:1/7, SearchCost:0.00, BestProfit:0.44@F0) → Purchase F0",0.41,0.03,"[0.94, 0.64, 0.13, 0.24, 0.71, 0.52, 0.57]"
7,4,C9,True,"Yes, because with 7 firms, personalized recommendations significantly reduce search costs, outweighing the 0.043 privacy cost.",6,"### Decision:
I'll **purchase Firm 6** (choose number 6) because: 
- Positive profit of 0.21 available
- Rational not to search further with sorted recommendations","C9 Search #1 (Searched:1/7, SearchCost:0.00, BestProfit:0.21@F6) → Purchase F6",0.17,0.043,"[0.69, 0.67, 0.15, 0.31, 0.33, 0.08, 0.71]"
7,4,C10,True,"Yes, because personalized recommendations with 7 firms significantly reduce search costs, outweighing the 0.047 privacy cost.",6,"### Decision:
I'll **purchase Firm 6** (choose number 6) because: 
- Firm offers positive profit of 0.48.
- Rational to avoid additional search costs per rationality rule.","C10 Search #1 (Searched:1/7, SearchCost:0.00, BestProfit:0.48@F6) → Purchase F6",0.43,0.047,"[0.72, 0.42, 0.01, 0.19, 0.75, 0.49, 0.98]"
7,4,C11,True,"Yes, because personalized recommendations with 7 firms likely reduce search costs more than the 0.043 privacy cost.",6,"### Decision:
I'll **purchase Firm 6** (choose number 6) because: 
- Positive profit of 0.24 is available.
- Additional search is unlikely to yield better profit due to sorted recommendations.","C11 Search #1 (Searched:1/7, SearchCost:0.00, BestProfit:0.24@F6) → Purchase F6",0.2,0.043,"[0.13, 0.35, 0.45, 0.31, 0.71, 0.1, 0.74]"
7,4,C12,True,"Yes, because personalized recommendations with 7 firms significantly reduce search costs and improve valuations, outweighing the 0.054 privacy cost based on past positive experiences.",2,"### Decision:
I'll **purchase Firm 2** (choose number 2) because: 
- Positive profit of 0.43 is available.
- Expected gain from further search is low due to personalized recommendations sorting firms from highest to lowest value.","C12 Search #1 (Searched:1/7, SearchCost:0.00, BestProfit:0.43@F2) → Purchase F2",0.38,0.054,"[0.18, 0.16, 0.93, 0.13, 0.71, 0.88, 0.4]"
7,4,C13,True,"Yes, because personalized recommendations with 7 firms significantly reduce search costs, outweighing the low privacy cost of 0.026.",2,"### Decision:
I'll **purchase Firm 2** because: 
- It offers a positive profit of 0.48
- Further searching adds a cost of 0.02 with likely low benefit due to sorted recommendations","C13 Search #1 (Searched:1/7, SearchCost:0.00, BestProfit:0.48@F2) → Purchase F2",0.45,0.026,"[0.35, 0.28, 0.98, 0.05, 0.85, 0.19, 0.63]"
7,4,C14,True,"Yes, because personalized recommendations with 7 firms significantly reduce search costs, outweighing the low privacy cost of 0.035 based on past successful experiences.",5,"### Decision:
I'll **purchase Firm 5** (choose number 5) because: 
- Positive profit of 0.37 ensures a good deal.
- Data sharing with personalized sorting likely presents the best option first, reducing search benefits.","C14 Search #1 (Searched:1/7, SearchCost:0.00, BestProfit:0.37@F5) → Purchase F5",0.34,0.035,"[0.65, 0.09, 0.17, 0.8, 0.77, 0.87, 0.62]"
7,4,C15,True,"Yes, because personalized recommendations with 7 firms significantly reduce search costs, outweighing the 0.054 privacy cost.",3,"### Decision:
I'll **purchase Firm 3** (choose number 3) because: 
- It offers a positive profit of 0.28, ensuring immediate gain.
- Further search costs 0.02 and is unlikely to improve profit given sorted valuation order.","C15 Search #1 (Searched:1/7, SearchCost:0.00, BestProfit:0.28@F3) → Purchase F3",0.23,0.054,"[0.69, 0.15, 0.49, 0.78, 0.05, 0.34, 0.26]"
7,4,C16,True,"Yes, because with 7 firms, personalized recommendations significantly reduce search costs, outweighing the low privacy cost of 0.033.",6,"### Decision:
I'll **purchase Firm 6** (choose number 6) because: 
- Positive profit of 0.38 available.
- Personalized recommendations indicate it's optimal, avoiding unnecessary search costs.","C16 Search #1 (Searched:1/7, SearchCost:0.00, BestProfit:0.38@F6) → Purchase F6",0.35,0.033,"[0.88, 0.7, 0.7, 0.83, 0.26, 0.18, 0.88]"
7,4,C17,True,"Yes, because personalized recommendations with 7 firms significantly reduce expected search costs and may increase valuation, outweighing the 0.045 privacy cost.",1,"### Decision:
I'll **purchase Firm 1** (choose number 1) because: 
- Firm 1 offers positive profit of 0.43.
- Rationality requires buying when positive profit is found, avoiding unnecessary search costs.","C17 Search #1 (Searched:1/7, SearchCost:0.00, BestProfit:0.43@F1) → Purchase F1",0.39,0.045,"[0.87, 0.93, 0.12, 0.16, 0.78, 0.67, 0.22]"
7,4,C18,True,"Yes, because with 7 firms, personalized recommendations greatly reduce search costs, outweighing the low privacy cost of 0.033.",6,"### Decision:
I'll **purchase Firm 6** (choose number 6) because: 
- Positive profit of 0.42 available.
- Searching may not improve deal and incurs additional cost of 0.02.","C18 Search #1 (Searched:1/7, SearchCost:0.00, BestProfit:0.42@F6) → Purchase F6",0.39,0.033,"[0.23, 0.2, 0.13, 0.42, 0.31, 0.16, 0.92]"
7,4,C19,True,"Yes, because personalized recommendations with 7 firms significantly reduce search costs, likely exceeding the 0.03 privacy cost based on past outcomes.",3,"### Decision:
I'll **purchase Firm 3** (choose number 3) because: 
- Positive profit of 0.31 available
- Unlikely to improve with additional search cost of 0.02","C19 Search #1 (Searched:1/7, SearchCost:0.00, BestProfit:0.31@F3) → Purchase F3",0.28,0.03,"[0.23, 0.73, 0.26, 0.81, 0.04, 0.11, 0.13]"
7,4,C20,True,"Yes, because personalized recommendations with 7 firms significantly reduce search costs, outweighing the 0.049 privacy cost.",3,"### Decision:
I'll **purchase Firm 3** (choose number 3) because: 
- It offers a positive profit of 0.48.
- Further searches cost 0.02 and are unlikely to yield a better deal given the sorted recommendations.","C20 Search #1 (Searched:1/7, SearchCost:0.00, BestProfit:0.48@F3) → Purchase F3",0.43,0.049,"[0.65, 0.49, 0.16, 0.98, 0.01, 0.45, 0.01]"
7,5,C1,True,"Yes, because personalized recommendations with 7 firms significantly reduce search costs, outweighing the 0.04 privacy value based on consistent past benefits.",3,"### Decision:
I'll **purchase Firm 3** (choose number 3) because: 
- Positive profit of 0.5 is available.
- Additional search cost of 0.02 unlikely to yield better profit with sorted recommendations.","C1 Search #1 (Searched:1/7, SearchCost:0.00, BestProfit:0.50@F3) → Purchase F3",0.46,0.04,"[0.48, 0.92, 0.72, 1.0, 0.85, 0.67, 0.48]"
7,5,C2,True,"Yes, because personalized recommendations with 7 firms significantly reduce search costs, likely outweighing the 0.048 privacy cost based on past benefits.",0,"### Decision:
I'll **purchase Firm 0** (choose number 0) because: 
- Offers positive profit of 0.35
- Personalized recommendations indicate it's likely the best, avoiding additional search costs","C2 Search #1 (Searched:1/7, SearchCost:0.00, BestProfit:0.35@F0) → Purchase F0",0.3,0.048,"[0.85, 0.29, 0.26, 0.57, 0.06, 0.79, 0.81]"
7,5,C3,True,"Yes, because personalized recommendations with 7 firms significantly reduce search costs, improving revenue and outweighing the 0.03 privacy cost.",3,"### Decision:
I'll **purchase Firm 3** (choose number 3) because: 
- Positive profit of 0.5 available.
- Additional search cost of 0.02 outweighs uncertain benefits from further searches due to decreasing valuation order.","C3 Search #1 (Searched:1/7, SearchCost:0.00, BestProfit:0.50@F3) → Purchase F3",0.47,0.03,"[0.94, 0.05, 0.74, 1.0, 0.34, 0.32, 0.86]"
7,5,C4,True,"Yes, because personalized recommendations with 7 firms significantly reduce search costs, outweighing the low privacy cost of 0.037.",0,"### Decision:
I'll **purchase Firm 0** because: 
- Positive profit of 0.39 with no additional search cost.
- Uncertain if further search at 0.02 cost will yield better profit.","C4 Search #1 (Searched:1/7, SearchCost:0.00, BestProfit:0.39@F0) → Purchase F0",0.35,0.037,"[0.89, 0.38, 0.44, 0.48, 0.32, 0.55, 0.06]"
7,5,C5,True,"Yes, because personalized recommendations with 7 firms greatly reduce search costs, outweighing the low privacy cost of 0.029.",6,"### Decision:
I'll **purchase Firm 6** (choose number 6) because: 
- Positive profit of 0.5 available.
- Additional search cost of 0.02 unlikely to yield better deal due to personalized sorting.","C5 Search #1 (Searched:1/7, SearchCost:0.00, BestProfit:0.50@F6) → Purchase F6",0.47,0.029,"[0.16, 0.97, 0.92, 0.93, 0.48, 0.6, 1.0]"
7,5,C6,True,"Yes, because personalized recommendations with 7 firms significantly reduce search costs, outweighing the 0.038 privacy cost.",3,"### Decision:
I'll **purchase Firm 3** (choose number 3) because: 
- It offers a positive profit of 0.24.
- Rationality requires buying when positive profit is available to avoid unnecessary search costs.","C6 Search #1 (Searched:1/7, SearchCost:0.00, BestProfit:0.24@F3) → Purchase F3",0.2,0.038,"[0.44, 0.23, 0.52, 0.74, 0.08, 0.47, 0.45]"
7,5,C7,True,"Yes, because personalized recommendations with 7 firms significantly reduce search costs, outweighing the 0.026 privacy cost.",0,"### Decision:
I'll **purchase Firm 0** (choose number 0) because: 
- Positive profit of 0.37 available
- Personalized recommendations suggest it's the best option, minimizing further search costs","C7 Search #1 (Searched:1/7, SearchCost:0.00, BestProfit:0.37@F0) → Purchase F0",0.34,0.026,"[0.87, 0.68, 0.35, 0.49, 0.02, 0.59, 0.86]"
7,5,C8,True,"Yes, because personalized recommendations with 7 firms significantly reduce search costs, outweighing the 0.03 privacy cost.",0,"### Decision:
I'll **purchase Firm 0** because: 
- It offers a high positive profit of 0.44.
- Searching further costs 0.02 and is unlikely to yield a better deal given the sorted valuation sequence.","C8 Search #1 (Searched:1/7, SearchCost:0.00, BestProfit:0.44@F0) → Purchase F0",0.41,0.03,"[0.94, 0.64, 0.13, 0.24, 0.71, 0.52, 0.57]"
7,5,C9,True,"Yes, because personalized recommendations with 7 firms significantly reduce search costs, likely outweighing the 0.043 privacy cost based on past benefits.",6,"### Decision:
I'll **purchase Firm 6** (choose number 6) because: 
- Positive profit of 0.21 available
- Sorted recommendations make further search unnecessary","C9 Search #1 (Searched:1/7, SearchCost:0.00, BestProfit:0.21@F6) → Purchase F6",0.17,0.043,"[0.69, 0.67, 0.15, 0.31, 0.33, 0.08, 0.71]"
7,5,C10,True,"Yes, because personalized recommendations with 7 firms significantly reduce search costs, outweighing the 0.047 privacy cost based on past successful outcomes.",6,"### Decision:
I'll **purchase Firm 6** (choose number 6) because: 
- Firm offers positive profit of 0.48.
- Rational to avoid additional search costs, as data sharing likely presents best option first.","C10 Search #1 (Searched:1/7, SearchCost:0.00, BestProfit:0.48@F6) → Purchase F6",0.43,0.047,"[0.72, 0.42, 0.01, 0.19, 0.75, 0.49, 0.98]"
7,5,C11,True,"Yes, because personalized recommendations with 7 firms reduce search costs more than the 0.043 privacy cost, based on past benefits.",6,"### Decision:
I'll **purchase Firm 6** (choose number 6) because: 
- Positive profit of 0.24 is available.
- Additional search unlikely to yield better profit due to sorted recommendations.","C11 Search #1 (Searched:1/7, SearchCost:0.00, BestProfit:0.24@F6) → Purchase F6",0.2,0.043,"[0.13, 0.35, 0.45, 0.31, 0.71, 0.1, 0.74]"
7,5,C12,True,"Yes, because personalized recommendations for 7 firms significantly reduce search costs, outweighing the 0.054 privacy cost based on past benefits.",2,"### Decision:
I'll **purchase Firm 2** (choose number 2) because: 
- Positive profit of 0.43 is available.
- Expected gain from further search is low due to personalized recommendations sorting firms from highest to lowest value.","C12 Search #1 (Searched:1/7, SearchCost:0.00, BestProfit:0.43@F2) → Purchase F2",0.38,0.054,"[0.18, 0.16, 0.93, 0.13, 0.71, 0.88, 0.4]"
7,5,C13,True,"Yes, because personalized recommendations with 7 firms greatly reduce search costs, outweighing the low privacy cost of 0.026.",2,"### Decision:
I'll **purchase Firm 2** because: 
- It offers a positive profit of 0.48
- Further searching adds a cost of 0.02 with unlikely improvement due to sorted recommendations","C13 Search #1 (Searched:1/7, SearchCost:0.00, BestProfit:0.48@F2) → Purchase F2",0.45,0.026,"[0.35, 0.28, 0.98, 0.05, 0.85, 0.19, 0.63]"
7,5,C14,True,"Yes, because personalized recommendations with 7 firms significantly reduce search costs, outweighing the 0.035 privacy cost based on past successful experiences.",5,"### Decision:
I'll **purchase Firm 5** (choose number 5) because: 
- Positive profit of 0.37 ensures a good deal.
- Data sharing with personalized sorting likely presents the best option first, minimizing further search benefits.","C14 Search #1 (Searched:1/7, SearchCost:0.00, BestProfit:0.37@F5) → Purchase F5",0.34,0.035,"[0.65, 0.09, 0.17, 0.8, 0.77, 0.87, 0.62]"
7,5,C15,True,"Yes, because personalized recommendations with 7 firms reduce search costs, outweighing the 0.054 privacy cost based on past beneficial outcomes.",3,"### Decision:
I'll **purchase Firm 3** (choose number 3) because: 
- It offers a positive profit of 0.28, ensuring gain.
- Further search costs 0.02 and is unlikely to improve profit given sorted valuation order.","C15 Search #1 (Searched:1/7, SearchCost:0.00, BestProfit:0.28@F3) → Purchase F3",0.23,0.054,"[0.69, 0.15, 0.49, 0.78, 0.05, 0.34, 0.26]"
7,5,C16,True,"Yes, because personalized recommendations with 7 firms significantly reduce search costs, outweighing the 0.033 privacy cost.",6,"### Decision:
I'll **purchase Firm 6** (choose number 6) because: 
- Positive profit of 0.38 available.
- Personalized recommendations indicate it's optimal, avoiding further search costs.","C16 Search #1 (Searched:1/7, SearchCost:0.00, BestProfit:0.38@F6) → Purchase F6",0.35,0.033,"[0.88, 0.7, 0.7, 0.83, 0.26, 0.18, 0.88]"
7,5,C17,True,"Yes, because personalized recommendations with 7 firms significantly reduce expected search costs, likely offsetting the 0.045 privacy cost based on past outcomes.",1,"### Decision:
I'll **purchase Firm 1** (choose number 1) because: 
- Firm 1 offers a positive profit of 0.43.
- Rationality requires buying when positive profit is found to avoid unnecessary search costs.","C17 Search #1 (Searched:1/7, SearchCost:0.00, BestProfit:0.43@F1) → Purchase F1",0.39,0.045,"[0.87, 0.93, 0.12, 0.16, 0.78, 0.67, 0.22]"
7,5,C18,True,"Yes, because personalized recommendations with 7 firms greatly reduce search costs, outweighing the low privacy cost of 0.033.",6,"### Decision:
I'll **purchase Firm 6** (choose number 6) because: 
- Positive profit of 0.42 available.
- Searching may not yield better deal and incurs additional cost of 0.02.","C18 Search #1 (Searched:1/7, SearchCost:0.00, BestProfit:0.42@F6) → Purchase F6",0.39,0.033,"[0.23, 0.2, 0.13, 0.42, 0.31, 0.16, 0.92]"
7,5,C19,True,"Yes, because personalized recommendations with 7 firms significantly reduce search costs, likely exceeding the 0.03 privacy cost based on past outcomes.",3,"### Decision:  
I'll **purchase Firm 3** (choose number 3) because:  
- Positive profit of 0.31 available  
- Unlikely to improve with additional search cost of 0.02","C19 Search #1 (Searched:1/7, SearchCost:0.00, BestProfit:0.31@F3) → Purchase F3",0.28,0.03,"[0.23, 0.73, 0.26, 0.81, 0.04, 0.11, 0.13]"
7,5,C20,True,"Yes, because personalized recommendations with 7 firms reduce search costs and improve expected profit, outweighing the low privacy cost of 0.049.",3,"### Decision:
I'll **purchase Firm 3** (choose number 3) because: 
- It offers a positive profit of 0.48.
- Further searches cost 0.02 and are unlikely to improve the deal given sorted recommendations.","C20 Search #1 (Searched:1/7, SearchCost:0.00, BestProfit:0.48@F3) → Purchase F3",0.43,0.049,"[0.65, 0.49, 0.16, 0.98, 0.01, 0.45, 0.01]"
7,6,C1,True,"Yes, because personalized recommendations with 7 firms significantly reduce search costs, outweighing the 0.04 privacy value based on past benefits.",3,"### Decision:
I'll **purchase Firm 3** (choose number 3) because: 
- Positive profit of 0.5 is available.
- Additional search cost unlikely to yield better profit with sorted recommendations.","C1 Search #1 (Searched:1/7, SearchCost:0.00, BestProfit:0.50@F3) → Purchase F3",0.46,0.04,"[0.48, 0.92, 0.72, 1.0, 0.85, 0.67, 0.48]"
7,6,C2,True,"Yes, because personalized recommendations with 7 firms significantly reduce search costs, likely outweighing the 0.048 privacy cost based on past benefits and top consumers' high revenues.",0,"### Decision:
I'll **purchase Firm 0** (choose number 0) because: 
- Offers positive profit of 0.30
- Personalized recommendations indicate it's likely the best, avoiding additional search costs","C2 Search #1 (Searched:1/7, SearchCost:0.00, BestProfit:0.30@F0) → Purchase F0",0.25,0.048,"[0.85, 0.29, 0.26, 0.57, 0.06, 0.79, 0.81]"
7,6,C3,True,"Yes, because personalized recommendations with 7 firms greatly reduce search costs, consistently improving revenue and outweighing the 0.03 privacy cost, as shown by past outcomes.",3,"### Decision:
I'll **purchase Firm 3** (choose number 3) because: 
- Positive profit of 0.5 available.
- Additional search cost of 0.02 outweighs uncertain benefits from further searches due to decreasing valuation order.","C3 Search #1 (Searched:1/7, SearchCost:0.00, BestProfit:0.50@F3) → Purchase F3",0.47,0.03,"[0.94, 0.05, 0.74, 1.0, 0.34, 0.32, 0.86]"
7,6,C4,True,"Yes, because personalized recommendations with 7 firms significantly reduce search costs, outweighing the 0.037 privacy cost.",0,"### Decision:
I'll **purchase Firm 0** because: 
- The firm offers a positive profit of 0.34.
- Additional searches cost 0.02 with uncertain improvement in profit.","C4 Search #1 (Searched:1/7, SearchCost:0.00, BestProfit:0.34@F0) → Purchase F0",0.3,0.037,"[0.89, 0.38, 0.44, 0.48, 0.32, 0.55, 0.06]"
7,6,C5,True,"Yes, because personalized recommendations with 7 firms significantly reduce search costs, outweighing the low privacy cost of 0.029.",6,"### Decision:
I'll **purchase Firm 6** (choose number 6) because: 
- Positive profit of 0.5 available.
- Additional search cost of 0.02 unlikely to yield better deal due to personalized sorting.","C5 Search #1 (Searched:1/7, SearchCost:0.00, BestProfit:0.50@F6) → Purchase F6",0.47,0.029,"[0.16, 0.97, 0.92, 0.93, 0.48, 0.6, 1.0]"
7,6,C6,True,"Yes, because personalized recommendations with 7 firms significantly reduce search costs, outweighing the low privacy cost of 0.038.",3,"### Decision:
I'll **purchase Firm 3** (choose number 3) because: 
- It offers a positive profit of 0.24.
- Rationality requires buying when positive profit is available to avoid unnecessary search costs.","C6 Search #1 (Searched:1/7, SearchCost:0.00, BestProfit:0.24@F3) → Purchase F3",0.2,0.038,"[0.44, 0.23, 0.52, 0.74, 0.08, 0.47, 0.45]"
7,6,C7,True,"Yes, because personalized recommendations with 7 firms significantly reduce search costs, likely exceeding the 0.026 privacy cost based on past benefits.",0,"### Decision:
I'll **purchase Firm 0** (choose number 0) because: 
- Positive profit of 0.32 available
- Personalized recommendations indicate it's the best option, avoiding additional search costs","C7 Search #1 (Searched:1/7, SearchCost:0.00, BestProfit:0.32@F0) → Purchase F0",0.29,0.026,"[0.87, 0.68, 0.35, 0.49, 0.02, 0.59, 0.86]"
7,6,C8,True,"Yes, because personalized recommendations with 7 firms significantly reduce search costs, outweighing the 0.03 privacy cost based on past benefits.",0,"### Decision:
I'll **purchase Firm 0** because: 
- It offers a positive profit of 0.39.
- Additional search costs 0.02 and is unlikely to yield a better deal given the sorted valuation sequence.","C8 Search #1 (Searched:1/7, SearchCost:0.00, BestProfit:0.39@F0) → Purchase F0",0.36,0.03,"[0.94, 0.64, 0.13, 0.24, 0.71, 0.52, 0.57]"
7,6,C9,True,"Yes, because with 7 firms, personalized recommendations significantly reduce search costs, outweighing the 0.043 privacy cost based on past benefits.",6,"### Decision:
I'll **purchase Firm 6** (choose number 6) because: 
- Positive profit of 0.21 available.
- Sorted recommendations make further search unnecessary.","C9 Search #1 (Searched:1/7, SearchCost:0.00, BestProfit:0.21@F6) → Purchase F6",0.17,0.043,"[0.69, 0.67, 0.15, 0.31, 0.33, 0.08, 0.71]"
7,6,C10,True,"Yes, because personalized recommendations with 7 firms significantly reduce search costs, outweighing the 0.047 privacy cost based on past successful outcomes.",6,"### Decision:
I'll **purchase Firm 6** (choose number 6) because: 
- The firm offers a positive profit of 0.48.
- With personalized recommendations from data sharing, this is likely the best option, making further searches unnecessary and costly.","C10 Search #1 (Searched:1/7, SearchCost:0.00, BestProfit:0.48@F6) → Purchase F6",0.43,0.047,"[0.72, 0.42, 0.01, 0.19, 0.75, 0.49, 0.98]"
7,6,C11,True,"Yes, because personalized recommendations with 7 firms greatly reduce search costs, outweighing the 0.043 privacy cost based on consistent past benefits.",6,"### Decision:
I'll **purchase Firm 6** (choose number 6) because: 
- Positive profit of 0.24 is available.
- Additional search is unlikely to yield better profit due to sorted recommendations.","C11 Search #1 (Searched:1/7, SearchCost:0.00, BestProfit:0.24@F6) → Purchase F6",0.2,0.043,"[0.13, 0.35, 0.45, 0.31, 0.71, 0.1, 0.74]"
7,6,C12,True,"Yes, because personalized recommendations with 7 firms significantly reduce search costs, outweighing the 0.054 privacy cost based on past positive experiences.",2,"### Decision:
I'll **purchase Firm 2** (choose number 2) because: 
- Positive profit of 0.43 is available.
- Expected gain from further search is low due to personalized recommendations sorting firms from highest to lowest value.","C12 Search #1 (Searched:1/7, SearchCost:0.00, BestProfit:0.43@F2) → Purchase F2",0.38,0.054,"[0.18, 0.16, 0.93, 0.13, 0.71, 0.88, 0.4]"
7,6,C13,True,"Yes, because personalized recommendations with 7 firms greatly reduce search costs, outweighing the low privacy cost of 0.026.",2,"### Decision:
I'll **purchase Firm 2** because: 
- It offers a positive profit of 0.48
- Further searching adds a cost of 0.02 with unlikely improvement due to sorted recommendations","C13 Search #1 (Searched:1/7, SearchCost:0.00, BestProfit:0.48@F2) → Purchase F2",0.45,0.026,"[0.35, 0.28, 0.98, 0.05, 0.85, 0.19, 0.63]"
7,6,C14,True,"Yes, because personalized recommendations with 7 firms significantly reduce search costs, outweighing the 0.035 privacy cost based on past successful experiences.",5,"### Decision:
I'll **purchase Firm 5** (choose number 5) because: 
- Positive profit of 0.37 ensures a good deal. 
- Data sharing with personalized sorting likely presents the best option first, minimizing further search benefits.","C14 Search #1 (Searched:1/7, SearchCost:0.00, BestProfit:0.37@F5) → Purchase F5",0.34,0.035,"[0.65, 0.09, 0.17, 0.8, 0.77, 0.87, 0.62]"
7,6,C15,True,"Yes, because personalized recommendations with 7 firms reduce search costs and improve expected revenue, outweighing the 0.054 privacy cost based on past beneficial outcomes.",3,"### Decision:
I'll **purchase Firm 3** (choose number 3) because: 
- It offers a positive profit of 0.28, ensuring immediate gain.
- Further search costs 0.02 and is unlikely to improve profit given sorted valuation order.","C15 Search #1 (Searched:1/7, SearchCost:0.00, BestProfit:0.28@F3) → Purchase F3",0.23,0.054,"[0.69, 0.15, 0.49, 0.78, 0.05, 0.34, 0.26]"
7,6,C16,True,"Yes, because personalized recommendations with 7 firms greatly reduce search costs, outweighing the 0.033 privacy cost based on past benefits.",6,"### Decision:
I'll **purchase Firm 6** (choose number 6) because: 
- Positive profit of 0.38 available.
- Rational to buy and avoid further search costs.","C16 Search #1 (Searched:1/7, SearchCost:0.00, BestProfit:0.38@F6) → Purchase F6",0.35,0.033,"[0.88, 0.7, 0.7, 0.83, 0.26, 0.18, 0.88]"
7,6,C17,True,"Yes, because personalized recommendations with 7 firms reduce search costs significantly, outweighing the 0.045 privacy cost based on past benefits.",1,"### Decision:
I'll **purchase Firm 1** (choose number 1) because: 
- Firm 1 offers a positive profit of 0.43.
- Rationality requires buying when positive profit is found, avoiding unnecessary search costs.","C17 Search #1 (Searched:1/7, SearchCost:0.00, BestProfit:0.43@F1) → Purchase F1",0.39,0.045,"[0.87, 0.93, 0.12, 0.16, 0.78, 0.67, 0.22]"
7,6,C18,True,"Yes, because personalized recommendations with 7 firms greatly reduce search costs, outweighing the low privacy cost of 0.033.",6,"### Decision:
I'll **purchase Firm 6** (choose number 6) because: 
- Positive profit of 0.42 available.
- Searching may not yield a better deal and incurs an additional cost of 0.02.","C18 Search #1 (Searched:1/7, SearchCost:0.00, BestProfit:0.42@F6) → Purchase F6",0.39,0.033,"[0.23, 0.2, 0.13, 0.42, 0.31, 0.16, 0.92]"
7,6,C19,True,"Yes, because personalized recommendations with 7 firms significantly reduce search costs, outweighing the 0.03 privacy cost.",3,"### Decision:  
I'll **purchase Firm 3** (choose number 3) because:  
- Positive profit of 0.31 available  
- Unlikely to improve with additional search cost of 0.02","C19 Search #1 (Searched:1/7, SearchCost:0.00, BestProfit:0.31@F3) → Purchase F3",0.28,0.03,"[0.23, 0.73, 0.26, 0.81, 0.04, 0.11, 0.13]"
7,6,C20,True,"Yes, because personalized recommendations with 7 firms significantly reduce search costs, outweighing the 0.049 privacy cost based on past benefits.",3,"### Decision:
I'll **purchase Firm 3** (choose number 3) because: 
- It offers a positive profit of 0.48.
- Further searches cost 0.02 and are unlikely to improve the deal given sorted recommendations.","C20 Search #1 (Searched:1/7, SearchCost:0.00, BestProfit:0.48@F3) → Purchase F3",0.43,0.049,"[0.65, 0.49, 0.16, 0.98, 0.01, 0.45, 0.01]"
7,7,C1,True,"Yes, because personalized recommendations with 7 firms greatly reduce search costs, consistently outweighing the 0.04 privacy value based on past benefits.",3,"### Decision:
I'll **purchase Firm 3** (choose number 3) because: 
- Positive profit of 0.5 is available.
- Additional search cost unlikely to yield better profit with sorted recommendations.","C1 Search #1 (Searched:1/7, SearchCost:0.00, BestProfit:0.50@F3) → Purchase F3",0.46,0.04,"[0.48, 0.92, 0.72, 1.0, 0.85, 0.67, 0.48]"
7,7,C2,True,"Yes, because personalized recommendations with 7 firms significantly reduce search costs, outweighing the 0.048 privacy cost based on past benefits and top consumers' high revenues.",0,"### Decision:
I'll **purchase Firm 0** (choose number 0) because: 
- Offers positive profit of 0.35
- Personalized recommendations indicate it's likely the best, avoiding additional search costs","C2 Search #1 (Searched:1/7, SearchCost:0.00, BestProfit:0.35@F0) → Purchase F0",0.3,0.048,"[0.85, 0.29, 0.26, 0.57, 0.06, 0.79, 0.81]"
7,7,C3,True,"Yes, because personalized recommendations with 7 firms significantly reduce search costs, outweighing the 0.03 privacy cost based on consistent past benefits.",3,"### Decision:
I'll **purchase Firm 3** (choose number 3) because: 
- Positive profit of 0.5 available.
- Additional search cost of 0.02 outweighs uncertain benefits from further searches due to decreasing valuation order.","C3 Search #1 (Searched:1/7, SearchCost:0.00, BestProfit:0.50@F3) → Purchase F3",0.47,0.03,"[0.94, 0.05, 0.74, 1.0, 0.34, 0.32, 0.86]"
7,7,C4,True,"Yes, because personalized recommendations with 7 firms significantly reduce search costs, outweighing the low privacy cost of 0.037 based on past benefits.",0,"### Decision:
I'll **purchase Firm 0** because: 
- Positive profit of 0.39 with no additional search cost.
- Uncertain if further search at 0.02 cost will yield better profit.","C4 Search #1 (Searched:1/7, SearchCost:0.00, BestProfit:0.39@F0) → Purchase F0",0.35,0.037,"[0.89, 0.38, 0.44, 0.48, 0.32, 0.55, 0.06]"
7,7,C5,True,"Yes, because personalized recommendations with 7 firms greatly reduce search costs, outweighing the low privacy cost of 0.029.",6,"### Decision:
I'll **purchase Firm 6** (choose number 6) because: 
- Positive profit of 0.5 available.
- Additional search cost of 0.02 unlikely to yield better deal due to personalized sorting.","C5 Search #1 (Searched:1/7, SearchCost:0.00, BestProfit:0.50@F6) → Purchase F6",0.47,0.029,"[0.16, 0.97, 0.92, 0.93, 0.48, 0.6, 1.0]"
7,7,C6,True,"Yes, because personalized recommendations with 7 firms significantly reduce search costs, outweighing the low privacy cost of 0.038.",3,"### Decision:
I'll **purchase Firm 3** (choose number 3) because: 
- It offers a positive profit of 0.24.
- Rationality requires buying when positive profit is available to avoid unnecessary search costs.","C6 Search #1 (Searched:1/7, SearchCost:0.00, BestProfit:0.24@F3) → Purchase F3",0.2,0.038,"[0.44, 0.23, 0.52, 0.74, 0.08, 0.47, 0.45]"
7,7,C7,True,"Yes, because personalized recommendations with 7 firms significantly reduce search costs, outweighing the low privacy cost of 0.026 based on past benefits.",0,"### Decision:
I'll **purchase Firm 0** (choose number 0) because: 
- Positive profit of 0.37 available
- Personalized recommendations suggest it's the best option, minimizing further search costs","C7 Search #1 (Searched:1/7, SearchCost:0.00, BestProfit:0.37@F0) → Purchase F0",0.34,0.026,"[0.87, 0.68, 0.35, 0.49, 0.02, 0.59, 0.86]"
7,7,C8,True,"Yes, because personalized recommendations with 7 firms significantly reduce search costs, outweighing the 0.03 privacy cost.",0,"### Decision:
I'll **purchase Firm 0** because: 
- It offers a high positive profit of 0.44.
- Searching further costs 0.02 and is unlikely to yield a better deal given the sorted valuation sequence.","C8 Search #1 (Searched:1/7, SearchCost:0.00, BestProfit:0.44@F0) → Purchase F0",0.41,0.03,"[0.94, 0.64, 0.13, 0.24, 0.71, 0.52, 0.57]"
7,7,C9,True,"Yes, because personalized recommendations with 7 firms significantly reduce search costs, outweighing the 0.043 privacy cost based on past benefits.",6,"### Decision:
I'll **purchase Firm 6** (choose number 6) because: 
- Positive profit of 0.21 available
- Sorted recommendations make further search unnecessary","C9 Search #1 (Searched:1/7, SearchCost:0.00, BestProfit:0.21@F6) → Purchase F6",0.17,0.043,"[0.69, 0.67, 0.15, 0.31, 0.33, 0.08, 0.71]"
7,7,C10,True,"Yes, because personalized recommendations with 7 firms significantly reduce search costs, outweighing the 0.047 privacy cost based on consistent past benefits.",6,"### Decision:
I'll **purchase Firm 6** (choose number 6) because: 
- The firm offers a positive profit of 0.48.
- Rational to avoid additional search costs per rationality rule.","C10 Search #1 (Searched:1/7, SearchCost:0.00, BestProfit:0.48@F6) → Purchase F6",0.43,0.047,"[0.72, 0.42, 0.01, 0.19, 0.75, 0.49, 0.98]"
7,7,C11,True,"Yes, because personalized recommendations with 7 firms significantly reduce search costs, outweighing the 0.043 privacy cost based on consistent past benefits.",6,"### Decision:
I'll **purchase Firm 6** (choose number 6) because: 
- Positive profit of 0.24 is available.
- Additional search is unlikely to yield better profit due to sorted recommendations.","C11 Search #1 (Searched:1/7, SearchCost:0.00, BestProfit:0.24@F6) → Purchase F6",0.2,0.043,"[0.13, 0.35, 0.45, 0.31, 0.71, 0.1, 0.74]"
7,7,C12,True,"Yes, because personalized recommendations with 7 firms reduce search costs and improve valuations, outweighing the 0.054 privacy cost based on past benefits.",2,"### Decision:
I'll **purchase Firm 2** (choose number 2) because: 
- Positive profit of 0.43 is available.
- Expected gain from further search is low due to personalized recommendations sorting firms from highest to lowest value.","C12 Search #1 (Searched:1/7, SearchCost:0.00, BestProfit:0.43@F2) → Purchase F2",0.38,0.054,"[0.18, 0.16, 0.93, 0.13, 0.71, 0.88, 0.4]"
7,7,C13,True,"Yes, because personalized recommendations with 7 firms greatly reduce search costs, outweighing the low privacy cost of 0.026.",2,"### Decision:  
I'll **purchase Firm 2** because:  
- It offers a positive profit of 0.48  
- Further searching adds cost with low expected benefit due to sorted recommendations","C13 Search #1 (Searched:1/7, SearchCost:0.00, BestProfit:0.48@F2) → Purchase F2",0.45,0.026,"[0.35, 0.28, 0.98, 0.05, 0.85, 0.19, 0.63]"
7,7,C14,True,"Yes, because personalized recommendations with 7 firms significantly reduce search costs, consistently improving revenue and outweighing the 0.035 privacy cost based on past experiences.",5,"### Decision:
I'll **purchase Firm 5** (choose number 5) because: 
- Positive profit of 0.27 ensures a good deal.
- Personalized sorting likely presents the best option first, minimizing further search benefits.","C14 Search #1 (Searched:1/7, SearchCost:0.00, BestProfit:0.27@F5) → Purchase F5",0.24,0.035,"[0.65, 0.09, 0.17, 0.8, 0.77, 0.87, 0.62]"
7,7,C15,True,"Yes, because personalized recommendations with 7 firms significantly reduce search costs, outweighing the 0.054 privacy cost based on past beneficial outcomes.",3,"### Decision:
I'll **purchase Firm 3** (choose number 3) because: 
- It offers a positive profit of 0.28, ensuring immediate gain.
- Further search costs 0.02 and is unlikely to improve profit given sorted valuation order.","C15 Search #1 (Searched:1/7, SearchCost:0.00, BestProfit:0.28@F3) → Purchase F3",0.23,0.054,"[0.69, 0.15, 0.49, 0.78, 0.05, 0.34, 0.26]"
7,7,C16,True,"Yes, because personalized recommendations with 7 firms significantly reduce search costs, outweighing the 0.033 privacy cost.",6,"### Decision:
I'll **purchase Firm 6** (choose number 6) because: 
- Positive profit of 0.38 available.
- Personalized recommendations indicate it's optimal, avoiding further search costs.","C16 Search #1 (Searched:1/7, SearchCost:0.00, BestProfit:0.38@F6) → Purchase F6",0.35,0.033,"[0.88, 0.7, 0.7, 0.83, 0.26, 0.18, 0.88]"
7,7,C17,False,"No, because the privacy cost of 0.045 exceeds the expected benefits from reduced search costs and improved valuation with personalized recommendations, based on historical outcomes and trade-off analysis.",5,"### Decision:
I'll **purchase Firm 5** (choose number 5) because: 
- Firm 5 offers a positive profit of 0.07.
- Rationality requires buying when positive profit is found to avoid unnecessary search costs.","C17 Search #1 (Searched:1/7, SearchCost:0.00, BestProfit:-0.38@F2) → Search Next; C17 Search #2 (Searched:2/7, SearchCost:0.02, BestProfit:0.07@F5) → Purchase F5",0.05,0.045,"[0.87, 0.93, 0.12, 0.16, 0.78, 0.67, 0.22]"
7,7,C18,True,"Yes, because personalized recommendations with 7 firms significantly reduce search costs, outweighing the low privacy cost of 0.033 based on past benefits.",6,"### Decision:
I'll **purchase Firm 6** (choose number 6) because: 
- Positive profit of 0.42 available.
- Searching may not yield better deal and incurs additional cost of 0.02.","C18 Search #1 (Searched:1/7, SearchCost:0.00, BestProfit:0.42@F6) → Purchase F6",0.39,0.033,"[0.23, 0.2, 0.13, 0.42, 0.31, 0.16, 0.92]"
7,7,C19,True,"Yes, because personalized recommendations with 7 firms significantly reduce search costs, outweighing the 0.03 privacy cost based on past benefits.",3,"### Decision:  
I'll **purchase Firm 3** (choose number 3) because:  
- Positive profit of 0.31 available.  
- Unlikely to improve with additional search cost of 0.02.","C19 Search #1 (Searched:1/7, SearchCost:0.00, BestProfit:0.31@F3) → Purchase F3",0.28,0.03,"[0.23, 0.73, 0.26, 0.81, 0.04, 0.11, 0.13]"
7,7,C20,True,"Yes, because personalized recommendations with 7 firms significantly reduce search costs and improve revenue, outweighing the 0.049 privacy cost based on past benefits.",3,"### Decision:
I'll **purchase Firm 3** (choose number 3) because: 
- It offers a positive profit of 0.48.
- Further searches cost 0.02 and are unlikely to improve the deal given sorted recommendations.","C20 Search #1 (Searched:1/7, SearchCost:0.00, BestProfit:0.48@F3) → Purchase F3",0.43,0.049,"[0.65, 0.49, 0.16, 0.98, 0.01, 0.45, 0.01]"
7,8,C1,True,"Yes, because personalized recommendations with 7 firms significantly reduce search costs, outweighing the 0.04 privacy value based on past benefits.",3,"### Decision:
I'll **purchase Firm 3** (choose number 3) because: 
- Positive profit of 0.5 is available.
- Additional search cost unlikely to yield better profit with sorted recommendations.","C1 Search #1 (Searched:1/7, SearchCost:0.00, BestProfit:0.50@F3) → Purchase F3",0.46,0.04,"[0.48, 0.92, 0.72, 1.0, 0.85, 0.67, 0.48]"
7,8,C2,True,"Yes, because personalized recommendations with 7 firms significantly reduce search costs, likely outweighing the 0.048 privacy cost based on past benefits and top consumers' high revenues.",0,"### Decision:
I'll **purchase Firm 0** (choose number 0) because: 
- Offers positive profit of 0.35
- Personalized recommendations indicate it's likely the best, avoiding additional search costs","C2 Search #1 (Searched:1/7, SearchCost:0.00, BestProfit:0.35@F0) → Purchase F0",0.3,0.048,"[0.85, 0.29, 0.26, 0.57, 0.06, 0.79, 0.81]"
7,8,C3,True,"Yes, because personalized recommendations with 7 firms significantly reduce search costs, consistently improving revenue and outweighing the 0.03 privacy cost based on past outcomes.",3,"### Decision:  
I'll **purchase Firm 3** (choose number 3) because:  
- Positive profit of 0.5 available.  
- Additional search cost of 0.02 outweighs uncertain benefits from further searches due to decreasing valuation order.","C3 Search #1 (Searched:1/7, SearchCost:0.00, BestProfit:0.50@F3) → Purchase F3",0.47,0.03,"[0.94, 0.05, 0.74, 1.0, 0.34, 0.32, 0.86]"
7,8,C4,True,"Yes, because personalized recommendations with 7 firms reduce search costs more than the 0.037 privacy cost, based on past benefits.",0,"### Decision:
I'll **purchase Firm 0** because: 
- The firm offers a positive profit of 0.39.
- Additional searches cost 0.02 with uncertain improvement in profit.","C4 Search #1 (Searched:1/7, SearchCost:0.00, BestProfit:0.39@F0) → Purchase F0",0.35,0.037,"[0.89, 0.38, 0.44, 0.48, 0.32, 0.55, 0.06]"
7,8,C5,True,"Yes, because personalized recommendations with 7 firms significantly reduce search costs, outweighing the low privacy cost of 0.029.",6,"### Decision:
I'll **purchase Firm 6** (choose number 6) because: 
- Positive profit of 0.5 available.
- Additional search cost of 0.02 unlikely to yield better deal due to personalized sorting.","C5 Search #1 (Searched:1/7, SearchCost:0.00, BestProfit:0.50@F6) → Purchase F6",0.47,0.029,"[0.16, 0.97, 0.92, 0.93, 0.48, 0.6, 1.0]"
7,8,C6,True,"Yes, because personalized recommendations with 7 firms significantly reduce search costs, outweighing the low privacy cost of 0.038 based on consistent past benefits.",3,"### Decision:
I'll **purchase Firm 3** (choose number 3) because: 
- It offers a positive profit of 0.24.
- Rationality requires buying when positive profit is available to avoid unnecessary search costs.","C6 Search #1 (Searched:1/7, SearchCost:0.00, BestProfit:0.24@F3) → Purchase F3",0.2,0.038,"[0.44, 0.23, 0.52, 0.74, 0.08, 0.47, 0.45]"
7,8,C7,True,"Yes, because personalized recommendations with 7 firms significantly reduce search costs, outweighing the low privacy cost of 0.026 based on past benefits.",0,"### Decision:
I'll **purchase Firm 0** (choose number 0) because: 
- Positive profit of 0.37 available
- Personalized recommendations indicate it's the best option, avoiding additional search costs","C7 Search #1 (Searched:1/7, SearchCost:0.00, BestProfit:0.37@F0) → Purchase F0",0.34,0.026,"[0.87, 0.68, 0.35, 0.49, 0.02, 0.59, 0.86]"
7,8,C8,True,"Yes, because personalized recommendations with 7 firms greatly reduce search costs, consistently outweighing the 0.03 privacy cost based on past benefits.",0,"### Decision:
I'll **purchase Firm 0** because: 
- It offers a high positive profit of 0.44.
- Additional search costs 0.02 and is unlikely to yield a better deal given the sorted valuation sequence.","C8 Search #1 (Searched:1/7, SearchCost:0.00, BestProfit:0.44@F0) → Purchase F0",0.41,0.03,"[0.94, 0.64, 0.13, 0.24, 0.71, 0.52, 0.57]"
7,8,C9,True,"Yes, because personalized recommendations with 7 firms significantly reduce search costs, outweighing the 0.043 privacy cost based on past benefits.",6,"### Decision:
I'll **purchase Firm 6** (choose number 6) because: 
- Positive profit of 0.21 available
- Sorted recommendations make further search unnecessary","C9 Search #1 (Searched:1/7, SearchCost:0.00, BestProfit:0.21@F6) → Purchase F6",0.17,0.043,"[0.69, 0.67, 0.15, 0.31, 0.33, 0.08, 0.71]"
7,8,C10,True,"Yes, because personalized recommendations with 7 firms significantly reduce search costs, outweighing the 0.047 privacy cost based on past benefits.",6,"### Decision:
I'll **purchase Firm 6** (choose number 6) because: 
- The firm offers a positive profit of 0.48.
- With personalized recommendations, this is likely the best option, avoiding unnecessary search costs.","C10 Search #1 (Searched:1/7, SearchCost:0.00, BestProfit:0.48@F6) → Purchase F6",0.43,0.047,"[0.72, 0.42, 0.01, 0.19, 0.75, 0.49, 0.98]"
7,8,C11,True,"Yes, because personalized recommendations with 7 firms significantly reduce search costs, outweighing the 0.043 privacy cost based on consistent past benefits.",6,"### Decision:
I'll **purchase Firm 6** (choose number 6) because: 
- Positive profit of 0.24 is available.
- Additional search is unlikely to yield better profit due to sorted recommendations.","C11 Search #1 (Searched:1/7, SearchCost:0.00, BestProfit:0.24@F6) → Purchase F6",0.2,0.043,"[0.13, 0.35, 0.45, 0.31, 0.71, 0.1, 0.74]"
7,8,C12,True,"Yes, because personalized recommendations with 7 firms significantly reduce search costs, outweighing the 0.054 privacy cost based on past benefits.",2,"### Decision:
I'll **purchase Firm 2** (choose number 2) because: 
- Positive profit of 0.43 is available.
- Expected gain from further search is low due to personalized recommendations sorting firms from highest to lowest value.","C12 Search #1 (Searched:1/7, SearchCost:0.00, BestProfit:0.43@F2) → Purchase F2",0.38,0.054,"[0.18, 0.16, 0.93, 0.13, 0.71, 0.88, 0.4]"
7,8,C13,True,"Yes, because personalized recommendations with 7 firms significantly reduce search costs, outweighing the low privacy cost of 0.026 based on consistent past benefits.",2,"### Decision:  
I'll **purchase Firm 2** because:  
- It offers a positive profit of 0.48  
- Further searching adds a cost of 0.02 with unlikely improvement due to sorted recommendations","C13 Search #1 (Searched:1/7, SearchCost:0.00, BestProfit:0.48@F2) → Purchase F2",0.45,0.026,"[0.35, 0.28, 0.98, 0.05, 0.85, 0.19, 0.63]"
7,8,C14,True,"Yes, because personalized recommendations with 7 firms significantly reduce search costs, consistently outweighing the 0.035 privacy cost based on past benefits.",5,"### Decision:
I'll **purchase Firm 5** (choose number 5) because: 
- Positive profit of 0.37 ensures a good deal.
- Personalized sorting likely presents the best option first, minimizing further search benefits.","C14 Search #1 (Searched:1/7, SearchCost:0.00, BestProfit:0.37@F5) → Purchase F5",0.34,0.035,"[0.65, 0.09, 0.17, 0.8, 0.77, 0.87, 0.62]"
7,8,C15,True,"Yes, because personalized recommendations with 7 firms reduce search costs, outweighing the 0.054 privacy cost based on past benefits.",3,"### Decision:
I'll **purchase Firm 3** (choose number 3) because: 
- It offers a positive profit of 0.28, ensuring immediate gain.
- Further search costs 0.02 and is unlikely to improve profit given sorted valuation order.","C15 Search #1 (Searched:1/7, SearchCost:0.00, BestProfit:0.28@F3) → Purchase F3",0.23,0.054,"[0.69, 0.15, 0.49, 0.78, 0.05, 0.34, 0.26]"
7,8,C16,True,"Yes, because with 7 firms, personalized recommendations significantly reduce search costs, outweighing the 0.033 privacy cost based on past benefits.",6,"### Decision:
I'll **purchase Firm 6** (choose number 6) because: 
- Positive profit of 0.38 available.
- Personalized recommendations suggest it's optimal, avoiding additional search costs.","C16 Search #1 (Searched:1/7, SearchCost:0.00, BestProfit:0.38@F6) → Purchase F6",0.35,0.033,"[0.88, 0.7, 0.7, 0.83, 0.26, 0.18, 0.88]"
7,8,C17,True,"Yes, because personalized recommendations with 7 firms greatly reduce search costs, consistently leading to higher revenue based on past outcomes, outweighing the 0.045 privacy cost.",1,"### Decision:  
I'll **purchase Firm 1** (choose number 1) because:  
- Firm 1 offers a positive profit of 0.48.  
- Rationality requires buying when positive profit is found to avoid unnecessary search costs.","C17 Search #1 (Searched:1/7, SearchCost:0.00, BestProfit:0.48@F1) → Purchase F1",0.44,0.045,"[0.87, 0.93, 0.12, 0.16, 0.78, 0.67, 0.22]"
7,8,C18,True,"Yes, because personalized recommendations with 7 firms significantly reduce search costs, outweighing the low privacy cost of 0.033.",6,"### Decision:
I'll **purchase Firm 6** (choose number 6) because: 
- Positive profit of 0.42 available.
- Additional search unlikely to improve deal due to personalized sorting and costs 0.02.","C18 Search #1 (Searched:1/7, SearchCost:0.00, BestProfit:0.42@F6) → Purchase F6",0.39,0.033,"[0.23, 0.2, 0.13, 0.42, 0.31, 0.16, 0.92]"
7,8,C19,True,"Yes, because personalized recommendations with 7 firms greatly reduce search costs, outweighing the 0.03 privacy cost.",3,"### Decision:  
I'll **purchase Firm 3** (choose number 3) because:  
- Positive profit of 0.31 available  
- Unlikely to improve with additional search cost of 0.02","C19 Search #1 (Searched:1/7, SearchCost:0.00, BestProfit:0.31@F3) → Purchase F3",0.28,0.03,"[0.23, 0.73, 0.26, 0.81, 0.04, 0.11, 0.13]"
7,8,C20,True,"Yes, because personalized recommendations with 7 firms greatly reduce search costs, outweighing the 0.049 privacy cost based on past benefits.",3,"### Decision:
I'll **purchase Firm 3** (choose number 3) because: 
- It offers a positive profit of 0.48.
- Further searches cost 0.02 and are unlikely to improve the deal given sorted recommendations.","C20 Search #1 (Searched:1/7, SearchCost:0.00, BestProfit:0.48@F3) → Purchase F3",0.43,0.049,"[0.65, 0.49, 0.16, 0.98, 0.01, 0.45, 0.01]"
7,9,C1,True,"Yes, because personalized recommendations with 7 firms reduce search costs and improve outcomes, outweighing the 0.04 privacy value based on consistent past benefits.",3,"### Decision:
I'll **purchase Firm 3** (choose number 3) because: 
- Positive profit of 0.5 is available.
- Additional search cost unlikely to yield better profit with sorted recommendations.","C1 Search #1 (Searched:1/7, SearchCost:0.00, BestProfit:0.50@F3) → Purchase F3",0.46,0.04,"[0.48, 0.92, 0.72, 1.0, 0.85, 0.67, 0.48]"
7,9,C2,True,"Yes, because personalized recommendations with 7 firms significantly reduce search costs, likely outweighing the 0.048 privacy cost based on past benefits and top consumers' high revenues.",0,"### Decision:
I'll **purchase Firm 0** (choose number 0) because: 
- Offers positive profit of 0.35
- Personalized recommendations indicate it's likely the best, avoiding additional search costs","C2 Search #1 (Searched:1/7, SearchCost:0.00, BestProfit:0.35@F0) → Purchase F0",0.3,0.048,"[0.85, 0.29, 0.26, 0.57, 0.06, 0.79, 0.81]"
7,9,C3,True,"Yes, because personalized recommendations with 7 firms significantly reduce search costs and improve revenue, outweighing the 0.03 privacy cost based on consistent past benefits.",3,"### Decision:  
I'll **purchase Firm 3** (choose number 3) because:  
- Positive profit of 0.5 available.  
- Additional search cost of 0.02 outweighs uncertain benefits from further searches due to decreasing valuation order.","C3 Search #1 (Searched:1/7, SearchCost:0.00, BestProfit:0.50@F3) → Purchase F3",0.47,0.03,"[0.94, 0.05, 0.74, 1.0, 0.34, 0.32, 0.86]"
7,9,C4,True,"Yes, because personalized recommendations with 7 firms significantly reduce search costs, outweighing the low privacy cost of 0.037 based on past benefits.",0,"### Decision:
I'll **purchase Firm 0** because: 
- The firm offers a positive profit of 0.39 with no additional search cost.
- Additional searches cost 0.02 with uncertain improvement in profit.","C4 Search #1 (Searched:1/7, SearchCost:0.00, BestProfit:0.39@F0) → Purchase F0",0.35,0.037,"[0.89, 0.38, 0.44, 0.48, 0.32, 0.55, 0.06]"
7,9,C5,True,"Yes, because personalized recommendations with 7 firms greatly reduce search costs, outweighing the low privacy cost of 0.029.",6,"### Decision:
I'll **purchase Firm 6** (choose number 6) because: 
- Positive profit of 0.5 available.
- Additional search cost of 0.02 unlikely to yield better deal due to personalized sorting.","C5 Search #1 (Searched:1/7, SearchCost:0.00, BestProfit:0.50@F6) → Purchase F6",0.47,0.029,"[0.16, 0.97, 0.92, 0.93, 0.48, 0.6, 1.0]"
7,9,C6,True,"Yes, because personalized recommendations with 7 firms significantly reduce search costs, outweighing the 0.038 privacy cost based on consistent past benefits.",3,"### Decision:
I'll **purchase Firm 3** (choose number 3) because: 
- It offers a positive profit of 0.24.
- Rationality requires buying when positive profit is available to avoid unnecessary search costs.","C6 Search #1 (Searched:1/7, SearchCost:0.00, BestProfit:0.24@F3) → Purchase F3",0.2,0.038,"[0.44, 0.23, 0.52, 0.74, 0.08, 0.47, 0.45]"
7,9,C7,True,"Yes, because personalized recommendations with 7 firms significantly reduce search costs, outweighing the low privacy cost of 0.026 based on past benefits.",0,"### Decision:
I'll **purchase Firm 0** (choose number 0) because: 
- Positive profit of 0.37 available
- Personalized recommendations suggest it's the best option, avoiding additional search costs","C7 Search #1 (Searched:1/7, SearchCost:0.00, BestProfit:0.37@F0) → Purchase F0",0.34,0.026,"[0.87, 0.68, 0.35, 0.49, 0.02, 0.59, 0.86]"
7,9,C8,True,"Yes, because personalized recommendations with 7 firms greatly reduce search costs, consistently outweighing the 0.03 privacy cost based on past benefits.",0,"### Decision:
I'll **purchase Firm 0** because: 
- It offers a positive profit of 0.44.
- Searching further costs 0.02 and is unlikely to yield a better deal given the sorted valuation sequence.","C8 Search #1 (Searched:1/7, SearchCost:0.00, BestProfit:0.44@F0) → Purchase F0",0.41,0.03,"[0.94, 0.64, 0.13, 0.24, 0.71, 0.52, 0.57]"
7,9,C9,True,"Yes, because personalized recommendations with 7 firms significantly reduce search costs, outweighing the 0.043 privacy cost based on past benefits.",6,"### Decision:
I'll **purchase Firm 6** (choose number 6) because: 
- Positive profit of 0.21 available
- Sorted recommendations make further search unnecessary","C9 Search #1 (Searched:1/7, SearchCost:0.00, BestProfit:0.21@F6) → Purchase F6",0.17,0.043,"[0.69, 0.67, 0.15, 0.31, 0.33, 0.08, 0.71]"
7,9,C10,True,"Yes, because personalized recommendations with 7 firms significantly reduce search costs, outweighing the 0.047 privacy cost based on consistent past benefits.",6,"### Decision:
I'll **purchase Firm 6** (choose number 6) because: 
- The firm offers a positive profit of 0.48.
- With personalized recommendations, this is likely the best option, avoiding additional search costs.","C10 Search #1 (Searched:1/7, SearchCost:0.00, BestProfit:0.48@F6) → Purchase F6",0.43,0.047,"[0.72, 0.42, 0.01, 0.19, 0.75, 0.49, 0.98]"
7,9,C11,True,"Yes, because personalized recommendations with 7 firms reduce search costs more than the 0.043 privacy cost, based on consistent past benefits.",6,"### Decision:
I'll **purchase Firm 6** (choose number 6) because: 
- Positive profit of 0.24 is available.
- Additional search is unlikely to yield better profit due to sorted recommendations.","C11 Search #1 (Searched:1/7, SearchCost:0.00, BestProfit:0.24@F6) → Purchase F6",0.2,0.043,"[0.13, 0.35, 0.45, 0.31, 0.71, 0.1, 0.74]"
7,9,C12,True,"Yes, because personalized recommendations with 7 firms reduce search costs and outweigh the 0.054 privacy cost based on past benefits.",2,"### Decision:
I'll **purchase Firm 2** (choose number 2) because: 
- Positive profit of 0.43 is available.
- Expected gain from further search is low due to personalized recommendations sorting firms from highest to lowest value.","C12 Search #1 (Searched:1/7, SearchCost:0.00, BestProfit:0.43@F2) → Purchase F2",0.38,0.054,"[0.18, 0.16, 0.93, 0.13, 0.71, 0.88, 0.4]"
7,9,C13,True,"Yes, because personalized recommendations with 7 firms significantly reduce search costs, outweighing the low privacy cost of 0.026 based on consistent past benefits.",2,"### Decision:  
I'll **purchase Firm 2** because:  
- It offers a positive profit of 0.48  
- Further searching adds a cost of 0.02 with unlikely improvement due to sorted recommendations","C13 Search #1 (Searched:1/7, SearchCost:0.00, BestProfit:0.48@F2) → Purchase F2",0.45,0.026,"[0.35, 0.28, 0.98, 0.05, 0.85, 0.19, 0.63]"
7,9,C14,True,"Yes, because personalized recommendations with 7 firms significantly reduce search costs, outweighing the 0.035 privacy cost based on past benefits.",5,"### Decision:
I'll **purchase Firm 5** (choose number 5) because: 
- Positive profit of 0.27 ensures a good deal.
- Personalized sorting likely presents the best option first, minimizing search benefits.","C14 Search #1 (Searched:1/7, SearchCost:0.00, BestProfit:0.27@F5) → Purchase F5",0.24,0.035,"[0.65, 0.09, 0.17, 0.8, 0.77, 0.87, 0.62]"
7,9,C15,True,"Yes, because personalized recommendations with 7 firms significantly reduce search costs, consistently improving revenue and outweighing the 0.054 privacy cost based on past outcomes.",3,"### Decision:
I'll **purchase Firm 3** (choose number 3) because: 
- It offers a positive profit of 0.28, ensuring immediate gain.
- Further search costs 0.02 and is unlikely to improve profit given sorted valuation order.","C15 Search #1 (Searched:1/7, SearchCost:0.00, BestProfit:0.28@F3) → Purchase F3",0.23,0.054,"[0.69, 0.15, 0.49, 0.78, 0.05, 0.34, 0.26]"
7,9,C16,True,"Yes, because personalized recommendations with 7 firms significantly reduce search costs, outweighing the 0.033 privacy cost based on consistent past benefits.",6,"### Decision:
I'll **purchase Firm 6** (choose number 6) because: 
- Positive profit of 0.38 available.
- Personalized recommendations indicate it's optimal, avoiding further search costs.","C16 Search #1 (Searched:1/7, SearchCost:0.00, BestProfit:0.38@F6) → Purchase F6",0.35,0.033,"[0.88, 0.7, 0.7, 0.83, 0.26, 0.18, 0.88]"
7,9,C17,True,"Yes, because personalized recommendations with 7 firms greatly reduce search costs, consistently improving revenue and outweighing the 0.045 privacy cost based on past outcomes.",1,"### Decision:  
I'll **purchase Firm 1** (choose number 1) because:  
- Firm 1 offers a positive profit of 0.43.  
- Rationality requires buying when positive profit is found to avoid unnecessary search costs.","C17 Search #1 (Searched:1/7, SearchCost:0.00, BestProfit:0.43@F1) → Purchase F1",0.39,0.045,"[0.87, 0.93, 0.12, 0.16, 0.78, 0.67, 0.22]"
7,9,C18,True,"Yes, because personalized recommendations with 7 firms significantly reduce search costs, outweighing the low privacy cost of 0.033 based on past benefits.",6,"### Decision:
I'll **purchase Firm 6** (choose number 6) because: 
- Positive profit of 0.42 available.
- Additional search costs 0.02 and is unlikely to improve deal with personalized sorting.","C18 Search #1 (Searched:1/7, SearchCost:0.00, BestProfit:0.42@F6) → Purchase F6",0.39,0.033,"[0.23, 0.2, 0.13, 0.42, 0.31, 0.16, 0.92]"
7,9,C19,True,"Yes, because personalized recommendations with 7 firms greatly reduce search costs, outweighing the low privacy cost of 0.03 based on past benefits.",3,"### Decision:  
I'll **purchase Firm 3** (choose number 3) because:  
- Positive profit of 0.31 available  
- Unlikely to improve with additional search cost of 0.02","C19 Search #1 (Searched:1/7, SearchCost:0.00, BestProfit:0.31@F3) → Purchase F3",0.28,0.03,"[0.23, 0.73, 0.26, 0.81, 0.04, 0.11, 0.13]"
7,9,C20,True,"Yes, because personalized recommendations with 7 firms significantly reduce search costs, outweighing the 0.049 privacy cost based on past benefits.",3,"### Decision:
I'll **purchase Firm 3** (choose number 3) because: 
- It offers a positive profit of 0.48.
- Further searches cost 0.02 and are unlikely to improve the deal given sorted recommendations.","C20 Search #1 (Searched:1/7, SearchCost:0.00, BestProfit:0.48@F3) → Purchase F3",0.43,0.049,"[0.65, 0.49, 0.16, 0.98, 0.01, 0.45, 0.01]"
7,10,C1,True,"Yes, because personalized recommendations with 7 firms consistently reduce search costs and improve outcomes, outweighing the 0.04 privacy cost based on past benefits.",3,"### Decision:
I'll **purchase Firm 3** (choose number 3) because: 
- Positive profit of 0.5 is available.
- Additional search cost of 0.02 unlikely to yield better profit with sorted recommendations.","C1 Search #1 (Searched:1/7, SearchCost:0.00, BestProfit:0.50@F3) → Purchase F3",0.46,0.04,"[0.48, 0.92, 0.72, 1.0, 0.85, 0.67, 0.48]"
7,10,C2,True,"Yes, because personalized recommendations with 7 firms significantly reduce search costs and improve matching, outweighing the 0.048 privacy cost based on past benefits and top consumers' high revenues.",0,"### Decision:
I'll **purchase Firm 0** (choose number 0) because: 
- Offers positive profit of 0.30
- Personalized recommendations indicate it's likely the best, avoiding additional search costs","C2 Search #1 (Searched:1/7, SearchCost:0.00, BestProfit:0.30@F0) → Purchase F0",0.25,0.048,"[0.85, 0.29, 0.26, 0.57, 0.06, 0.79, 0.81]"
7,10,C3,True,"Yes, because personalized recommendations with 7 firms consistently reduce search costs and improve revenue, outweighing the 0.03 privacy cost based on past successful outcomes.",3,"### Decision:  
I'll **purchase Firm 3** (choose number 3) because:  
- Positive profit of 0.5 available.  
- Additional search cost of 0.02 outweighs uncertain benefits from further searches due to decreasing valuation order.","C3 Search #1 (Searched:1/7, SearchCost:0.00, BestProfit:0.50@F3) → Purchase F3",0.47,0.03,"[0.94, 0.05, 0.74, 1.0, 0.34, 0.32, 0.86]"
7,10,C4,True,"Yes, because personalized recommendations with 7 firms significantly reduce search costs, outweighing the 0.037 privacy cost.",0,"### Decision:
I'll **purchase Firm 0** because: 
- The firm offers a positive profit of 0.34.
- Additional search costs 0.02 with uncertain improvement in profit.","C4 Search #1 (Searched:1/7, SearchCost:0.00, BestProfit:0.34@F0) → Purchase F0",0.3,0.037,"[0.89, 0.38, 0.44, 0.48, 0.32, 0.55, 0.06]"
7,10,C5,True,"Yes, because personalized recommendations with 7 firms greatly reduce search costs, outweighing the low privacy cost of 0.029.",6,"### Decision:
I'll **purchase Firm 6** (choose number 6) because: 
- Positive profit of 0.5 available.
- Additional search cost of 0.02 unlikely to yield better deal due to personalized sorting.","C5 Search #1 (Searched:1/7, SearchCost:0.00, BestProfit:0.50@F6) → Purchase F6",0.47,0.029,"[0.16, 0.97, 0.92, 0.93, 0.48, 0.6, 1.0]"
7,10,C6,True,"Yes, because personalized recommendations with 7 firms significantly reduce search costs, outweighing the low privacy cost of 0.038 based on consistent past benefits.",3,"### Decision:
I'll **purchase Firm 3** (choose number 3) because: 
- It offers a positive profit of 0.24.
- Rationality requires buying when positive profit is available to avoid unnecessary search costs.","C6 Search #1 (Searched:1/7, SearchCost:0.00, BestProfit:0.24@F3) → Purchase F3",0.2,0.038,"[0.44, 0.23, 0.52, 0.74, 0.08, 0.47, 0.45]"
7,10,C7,True,"Yes, because personalized recommendations with 7 firms reduce search costs and improve outcomes, outweighing the low privacy cost of 0.026 based on past benefits.",0,"### Decision:
I'll **purchase Firm 0** (choose number 0) because: 
- Positive profit of 0.32 available
- Personalized recommendations indicate it's the best option, avoiding additional search costs","C7 Search #1 (Searched:1/7, SearchCost:0.00, BestProfit:0.32@F0) → Purchase F0",0.29,0.026,"[0.87, 0.68, 0.35, 0.49, 0.02, 0.59, 0.86]"
7,10,C8,True,"Yes, because personalized recommendations with 7 firms significantly reduce search costs, outweighing the 0.03 privacy cost based on consistent past benefits.",0,"### Decision:
I'll **purchase Firm 0** because: 
- It offers a positive profit of 0.39.
- Additional search costs 0.02 and is unlikely to yield a better deal given the sorted valuation sequence.","C8 Search #1 (Searched:1/7, SearchCost:0.00, BestProfit:0.39@F0) → Purchase F0",0.36,0.03,"[0.94, 0.64, 0.13, 0.24, 0.71, 0.52, 0.57]"
7,10,C9,True,"Yes, because personalized recommendations with 7 firms significantly reduce search costs, outweighing the 0.043 privacy cost based on past benefits.",6,"### Decision:
I'll **purchase Firm 6** (choose number 6) because: 
- Positive profit of 0.21 available
- Sorted recommendations make further search unnecessary","C9 Search #1 (Searched:1/7, SearchCost:0.00, BestProfit:0.21@F6) → Purchase F6",0.17,0.043,"[0.69, 0.67, 0.15, 0.31, 0.33, 0.08, 0.71]"
7,10,C10,True,"Yes, because personalized recommendations with 7 firms reduce search costs and improve outcomes, outweighing the 0.047 privacy cost based on past benefits.",6,"### Decision:
I'll **purchase Firm 6** (choose number 6) because: 
- The firm offers a positive profit of 0.48.
- With personalized recommendations, this is likely the best option, avoiding unnecessary search costs.","C10 Search #1 (Searched:1/7, SearchCost:0.00, BestProfit:0.48@F6) → Purchase F6",0.43,0.047,"[0.72, 0.42, 0.01, 0.19, 0.75, 0.49, 0.98]"
7,10,C11,True,"Yes, because personalized recommendations with 7 firms significantly reduce search costs, outweighing the 0.043 privacy cost based on consistent past benefits.",6,"### Decision:
I'll **purchase Firm 6** (choose number 6) because: 
- Positive profit of 0.24 is available.
- Additional search unlikely to yield better profit due to sorted recommendations.","C11 Search #1 (Searched:1/7, SearchCost:0.00, BestProfit:0.24@F6) → Purchase F6",0.2,0.043,"[0.13, 0.35, 0.45, 0.31, 0.71, 0.1, 0.74]"
7,10,C12,True,"Yes, because personalized recommendations with 7 firms significantly reduce search costs and provide higher valuations, outweighing the 0.054 privacy cost based on past benefits.",2,"### Decision:
I'll **purchase Firm 2** (choose number 2) because: 
- Positive profit of 0.43 is available.
- Expected gain from further search is low due to personalized recommendations sorting firms from highest to lowest value.","C12 Search #1 (Searched:1/7, SearchCost:0.00, BestProfit:0.43@F2) → Purchase F2",0.38,0.054,"[0.18, 0.16, 0.93, 0.13, 0.71, 0.88, 0.4]"
7,10,C13,True,"Yes, because personalized recommendations with 7 firms significantly reduce search costs, outweighing the low privacy cost of 0.026.",2,"### Decision:  
I'll **purchase Firm 2** because:  
- It offers a positive profit of 0.48  
- Further searching adds a cost of 0.02 with unlikely improvement due to sorted recommendations","C13 Search #1 (Searched:1/7, SearchCost:0.00, BestProfit:0.48@F2) → Purchase F2",0.45,0.026,"[0.35, 0.28, 0.98, 0.05, 0.85, 0.19, 0.63]"
7,10,C14,True,"Yes, because personalized recommendations with 7 firms greatly reduce search costs, consistently improving revenue and outweighing the 0.035 privacy cost based on past experiences.",5,"### Decision:
I'll **purchase Firm 5** (choose number 5) because: 
- Positive profit of 0.37 ensures a good deal.
- Personalized sorting likely presents the best option first, minimizing further search benefits.","C14 Search #1 (Searched:1/7, SearchCost:0.00, BestProfit:0.37@F5) → Purchase F5",0.34,0.035,"[0.65, 0.09, 0.17, 0.8, 0.77, 0.87, 0.62]"
7,10,C15,True,"Yes, because personalized recommendations with 7 firms reduce search costs, outweighing the 0.054 privacy cost based on past benefits.",3,"### Decision:
I'll **purchase Firm 3** (choose number 3) because: 
- It offers a positive profit of 0.28, ensuring immediate gain.
- Further search costs 0.02 and is unlikely to improve profit given sorted valuation order.","C15 Search #1 (Searched:1/7, SearchCost:0.00, BestProfit:0.28@F3) → Purchase F3",0.23,0.054,"[0.69, 0.15, 0.49, 0.78, 0.05, 0.34, 0.26]"
7,10,C16,True,"Yes, because personalized recommendations with 7 firms significantly reduce search costs, outweighing the low privacy cost of 0.033 based on consistent past benefits.",6,"### Decision:
I'll **purchase Firm 6** (choose number 6) because: 
- Positive profit of 0.38 available.
- Personalized recommendations indicate it's optimal, avoiding further search costs.","C16 Search #1 (Searched:1/7, SearchCost:0.00, BestProfit:0.38@F6) → Purchase F6",0.35,0.033,"[0.88, 0.7, 0.7, 0.83, 0.26, 0.18, 0.88]"
7,10,C17,True,"Yes, because with 7 firms, personalized recommendations significantly reduce search costs and improve revenue, outweighing the 0.045 privacy cost based on consistent past benefits.",1,"### Decision:  
I'll **purchase Firm 1** (choose number 1) because:  
- Firm 1 offers a positive profit of 0.43.  
- Rationality requires buying when positive profit is found to avoid unnecessary search costs.","C17 Search #1 (Searched:1/7, SearchCost:0.00, BestProfit:0.43@F1) → Purchase F1",0.39,0.045,"[0.87, 0.93, 0.12, 0.16, 0.78, 0.67, 0.22]"
7,10,C18,True,"Yes, because personalized recommendations with 7 firms significantly reduce search costs, outweighing the low privacy cost of 0.033 based on past benefits.",6,"### Decision:
I'll **purchase Firm 6** (choose number 6) because: 
- Positive profit of 0.42 available.
- Additional search unlikely to improve deal due to personalized sorting and costs 0.02.","C18 Search #1 (Searched:1/7, SearchCost:0.00, BestProfit:0.42@F6) → Purchase F6",0.39,0.033,"[0.23, 0.2, 0.13, 0.42, 0.31, 0.16, 0.92]"
7,10,C19,True,"Yes, because personalized recommendations with 7 firms significantly reduce search costs, outweighing the 0.03 privacy cost based on past benefits.",3,"### Decision:  
I'll **purchase Firm 3** (choose number 3) because:  
- Positive profit of 0.31 available.  
- Unlikely to improve with additional search cost of 0.02.","C19 Search #1 (Searched:1/7, SearchCost:0.00, BestProfit:0.31@F3) → Purchase F3",0.28,0.03,"[0.23, 0.73, 0.26, 0.81, 0.04, 0.11, 0.13]"
7,10,C20,True,"Yes, because personalized recommendations with 7 firms reduce search costs and improve revenue, outweighing the 0.049 privacy cost based on past benefits.",3,"### Decision:
I'll **purchase Firm 3** (choose number 3) because: 
- It offers a positive profit of 0.48.
- Further searches cost 0.02 and are unlikely to improve the deal given sorted recommendations.","C20 Search #1 (Searched:1/7, SearchCost:0.00, BestProfit:0.48@F3) → Purchase F3",0.43,0.049,"[0.65, 0.49, 0.16, 0.98, 0.01, 0.45, 0.01]"
8,1,C1,True,"Yes, because the potential reduction in search cost with personalized recommendations for 8 firms likely exceeds the privacy cost of 0.036.",3,"### Decision:
I'll **purchase Firm 3** because: 
- It offers a positive profit of 0.49, which is rational to accept.
- Searching further may yield diminishing returns due to sorted recommendations and incurs a search cost of 0.02.","C1 Search #1 (Searched:1/8, SearchCost:0.00, BestProfit:0.49@F3) → Purchase F3",0.45,0.036,"[0.63, 0.51, 0.25, 0.99, 0.93, 0.29, 0.17, 0.07]"
8,1,C2,True,"Yes, because with 8 firms, personalized recommendations significantly reduce search costs, likely outweighing the privacy cost of 0.053.",7,"### Decision:
I'll **purchase Firm 7** because: 
- It offers a positive profit of 0.3, ensuring immediate gain.
- Expected benefit from additional search is low due to decreasing valuation and search cost of 0.02.","C2 Search #1 (Searched:1/8, SearchCost:0.00, BestProfit:0.30@F7) → Purchase F7",0.25,0.053,"[0.28, 0.21, 0.15, 0.14, 0.29, 0.49, 0.32, 0.8]"
8,1,C3,True,"Yes, because the potential reduction in search cost with personalized recommendations for 8 firms likely exceeds the privacy value of 0.03.",4,"### Decision:  
I'll purchase Firm 4 because:  
- It offers a positive profit of 0.27  
- Expected gain from further search is unlikely to exceed the search cost of 0.02","C3 Search #1 (Searched:1/8, SearchCost:0.00, BestProfit:0.27@F4) → Purchase F4",0.24,0.03,"[0.47, 0.51, 0.14, 0.38, 0.79, 0.32, 0.64, 0.78]"
8,1,C4,True,"yes, expected search cost savings with 8 firms' recommendations exceed privacy cost of 0.049.",3,"### Decision:
I'll **purchase Firm 3** (choose number 3) because: 
- It offers positive profit of 0.35.
- I am rational and won't leave without buying when positive profit exists.","C4 Search #1 (Searched:1/8, SearchCost:0.00, BestProfit:0.35@F3) → Purchase F3",0.3,0.049,"[0.59, 0.61, 0.19, 0.85, 0.41, 0.26, 0.54, 0.4]"
8,1,C5,True,"Yes, because the significant search cost reduction from personalized recommendations with 8 firms outweighs the 0.04 privacy cost.",2,"### Decision:
I'll **purchase Firm 2** (choose number 2) because: 
- It offers a positive profit of 0.28.
- Further search is unlikely to improve profit and adds a cost of 0.02.","C5 Search #1 (Searched:1/8, SearchCost:0.00, BestProfit:0.28@F2) → Purchase F2",0.24,0.04,"[0.03, 0.74, 0.98, 0.26, 0.26, 0.92, 0.73, 0.49]"
8,1,C6,True,"Yes, because with 8 firms, personalized recommendations will likely reduce search costs substantially, offsetting the small privacy cost of 0.033.",2,"### Decision:
I'll **purchase Firm 2** (choose number 2) because: 
- Positive profit of 0.29 available.
- Additional search cost of 0.02 unlikely to improve outcome.","C6 Search #1 (Searched:1/8, SearchCost:0.00, BestProfit:0.29@F2) → Purchase F2",0.26,0.033,"[0.73, 0.88, 0.99, 0.99, 0.36, 0.27, 0.77, 0.91]"
8,1,C7,True,"Yes, because with 8 firms, personalized recommendations significantly reduce search costs, likely outweighing the privacy cost of 0.043.",5,"### Decision:
I'll **purchase Firm 5** (choose number 5) because: 
- Positive profit of 0.43 available.
- Rational to buy when positive profit exists, avoiding unnecessary search cost.","C7 Search #1 (Searched:1/8, SearchCost:0.00, BestProfit:0.43@F5) → Purchase F5",0.39,0.043,"[0.86, 0.71, 0.08, 0.73, 0.13, 0.98, 0.02, 0.69]"
8,1,C8,True,"yes, because the expected reduction in search costs with personalized recommendations outweighs the privacy cost of 0.042.",1,"### Decision:
I'll **purchase Firm 1** because: 
- Offers positive profit of 0.25
- High valuation and sorted recommendations suggest limited improvement from further search","C8 Search #1 (Searched:1/8, SearchCost:0.00, BestProfit:0.25@F1) → Purchase F1",0.21,0.042,"[0.08, 0.98, 0.98, 0.78, 0.31, 0.76, 0.69, 0.12]"
8,1,C9,True,"Yes, expected search cost savings from personalized recommendations likely exceed the privacy cost of 0.053.",4,"### Decision:
I'll **purchase Firm 4** because: 
- It offers a positive profit of 0.32
- Further search costs 0.02 with low expected gain","C9 Search #1 (Searched:1/8, SearchCost:0.00, BestProfit:0.32@F4) → Purchase F4",0.27,0.053,"[0.3, 0.09, 0.4, 0.53, 0.84, 0.28, 0.8, 0.18]"
8,1,C10,True,"Yes, because with 8 firms, personalized recommendations significantly reduce expected search costs, outweighing the privacy cost of 0.033.",2,"### Decision:
I'll **purchase Firm 2** because: 
- Firm offers positive profit of 0.15, and I must buy if positive profit is available.
- Additional search costs 0.02 and likely yields lower or similar profit due to decreasing valuation order.","C10 Search #1 (Searched:1/8, SearchCost:0.00, BestProfit:0.15@F2) → Purchase F2",0.12,0.033,"[0.05, 0.83, 0.85, 0.25, 0.82, 0.05, 0.12, 0.28]"
8,1,C11,True,"Yes, because with 8 firms, personalized recommendations significantly reduce search costs, likely exceeding the privacy cost of 0.033.",3,"### Decision:
I'll purchase Firm 3 because: 
- It offers a positive profit of 0.48
- Rules dictate I won't leave without buying if positive profit is available","C11 Search #1 (Searched:1/8, SearchCost:0.00, BestProfit:0.48@F3) → Purchase F3",0.45,0.033,"[0.02, 0.52, 0.32, 0.98, 0.4, 0.34, 0.88, 0.49]"
8,1,C12,True,"Yes, because with 8 firms, personalized recommendations significantly reduce expected search costs, likely exceeding the privacy cost of 0.044.",5,"### Decision:
I'll **purchase Firm 5** (choose number 5) because: 
- Firm offers positive profit of 0.45.
- Rational to buy when positive profit is available, avoiding unnecessary search costs.","C12 Search #1 (Searched:1/8, SearchCost:0.00, BestProfit:0.45@F5) → Purchase F5",0.41,0.044,"[0.11, 0.18, 0.85, 0.82, 0.17, 1.0, 0.87, 0.02]"
8,1,C13,True,"yes, expected search cost savings with 8 firms exceed privacy cost of 0.034.",3,"### Decision:
I'll **purchase Firm 3** (choose number 3) because: 
- Current firm offers positive profit of 0.44.
- Expected gain from further search is minimal due to sorted recommendations.","C13 Search #1 (Searched:1/8, SearchCost:0.00, BestProfit:0.44@F3) → Purchase F3",0.41,0.034,"[0.07, 0.63, 0.4, 0.94, 0.57, 0.88, 0.44, 0.83]"
8,1,C14,True,"Yes, because with 8 firms, personalized recommendations significantly reduce search costs, and my low privacy value of 0.035 makes sharing worthwhile.",0,"### Decision:
I'll **purchase Firm 0** because: 
- It offers a positive profit of 0.22, requiring purchase per rationality.
- Personalized data sharing sorts firms by highest value first, minimizing further search needs.","C14 Search #1 (Searched:1/8, SearchCost:0.00, BestProfit:0.22@F0) → Purchase F0",0.18,0.035,"[0.98, 0.62, 0.12, 0.0, 0.69, 0.62, 0.42, 0.51]"
8,1,C15,False,"no, privacy cost too high",-1,"### Decision:
I'll **leave** (choose number -1) because: 
- Both searched firms have negative profit, indicating no current value.
- Additional search cost risks further loss with uncertain benefit.","C15 Search #1 (Searched:1/8, SearchCost:0.00, BestProfit:-0.12@F3) → Search Next; C15 Search #2 (Searched:2/8, SearchCost:0.02, BestProfit:-0.11@F5) → Leave Market",-0.02,0.051,"[0.65, 0.76, 0.89, 0.38, 0.73, 0.44, 0.49, 0.64]"
8,1,C16,True,"Yes, because with 8 firms, personalized recommendations will significantly reduce search costs, likely exceeding the privacy cost of 0.029.",7,"### Decision:
I'll **purchase Firm 7** because: 
- It offers a positive profit of 0.32.
- Additional searches may not improve profit and incur a cost of 0.02.","C16 Search #1 (Searched:1/8, SearchCost:0.00, BestProfit:0.32@F7) → Purchase F7",0.29,0.029,"[0.16, 0.72, 0.3, 0.55, 0.76, 0.67, 0.61, 0.82]"
8,1,C17,True,"Yes, because personalized recommendations with 8 firms will likely reduce search costs more than the privacy value of 0.05.",7,"### Decision:
I'll **purchase Firm 7** (choose number 7) because: 
- It offers a positive profit of 0.48, ensuring immediate gain.
- Additional searches may not improve profit significantly due to sorting and incur extra cost of 0.02.","C17 Search #1 (Searched:1/8, SearchCost:0.00, BestProfit:0.48@F7) → Purchase F7",0.43,0.05,"[0.22, 0.73, 0.45, 0.1, 0.94, 0.98, 0.96, 0.98]"
8,1,C18,True,"Yes, because the significant reduction in search cost from personalized recommendations with 8 firms likely outweighs the privacy cost of 0.05.",4,"### Decision:
I'll **purchase Firm 4** (choose number 4) because: 
- It offers a positive profit of 0.43.
- Personalized sorting likely makes it the best option, avoiding unnecessary search costs.","C18 Search #1 (Searched:1/8, SearchCost:0.00, BestProfit:0.43@F4) → Purchase F4",0.38,0.05,"[0.31, 0.89, 0.25, 0.3, 0.95, 0.85, 0.39, 0.01]"
8,1,C19,True,"Yes, because the significant reduction in search cost with personalized recommendations for 8 firms likely exceeds the privacy cost of 0.047.",6,"### Decision:
I'll **purchase Firm 6** (choose number 6) because: 
- It offers a positive profit of 0.22.
- Rationality dictates not leaving without buying when positive profit is available.","C19 Search #1 (Searched:1/8, SearchCost:0.00, BestProfit:0.22@F6) → Purchase F6",0.17,0.047,"[0.94, 0.37, 0.01, 0.36, 0.23, 0.94, 0.97, 0.09]"
8,1,C20,True,"Yes, because the significant potential reduction in search cost with personalized recommendations for 8 firms outweighs the low privacy cost of 0.026.",2,"### Decision:
I'll **purchase Firm 2** (choose number 2) because: 
- The firm offers a positive profit of 0.2.
- Rationality rule requires buying if positive profit is available.","C20 Search #1 (Searched:1/8, SearchCost:0.00, BestProfit:0.20@F2) → Purchase F2",0.17,0.026,"[0.44, 0.31, 0.9, 0.51, 0.24, 0.14, 0.76, 0.53]"
8,2,C1,True,"Yes, because personalized recommendations for 8 firms will likely reduce search costs more than the privacy cost of 0.036.",3,"### Decision:
I'll **purchase Firm 3** because: 
- It offers a positive profit of 0.29, which is rational to accept.
- Searching further may yield diminishing returns due to sorted recommendations and incurs a search cost of 0.02.","C1 Search #1 (Searched:1/8, SearchCost:0.00, BestProfit:0.29@F3) → Purchase F3",0.25,0.036,"[0.63, 0.51, 0.25, 0.99, 0.93, 0.29, 0.17, 0.07]"
8,2,C2,True,"Yes, because with 8 firms, personalized recommendations will likely reduce search costs more than the privacy cost of 0.053.",7,"### Decision:
I'll **purchase Firm 7** because: 
- It offers a positive profit of 0.2, ensuring immediate gain.
- Expected benefit from additional search is low due to decreasing valuation and search cost of 0.02.","C2 Search #1 (Searched:1/8, SearchCost:0.00, BestProfit:0.20@F7) → Purchase F7",0.15,0.053,"[0.28, 0.21, 0.15, 0.14, 0.29, 0.49, 0.32, 0.8]"
8,2,C3,True,"Yes, because personalized recommendations for 8 firms likely reduce search costs more than the privacy cost of 0.03.",4,"### Decision:
I'll **purchase Firm 4** because: 
- It offers a positive profit of 0.17
- Expected gain from further search is unlikely to exceed the search cost of 0.02","C3 Search #1 (Searched:1/8, SearchCost:0.00, BestProfit:0.17@F4) → Purchase F4",0.14,0.03,"[0.47, 0.51, 0.14, 0.38, 0.79, 0.32, 0.64, 0.78]"
8,2,C4,True,"Yes, because with 8 firms, personalized recommendations will likely reduce search costs more than the privacy cost of 0.049.",3,"### Decision:
I'll **purchase Firm 3** (choose number 3) because: 
- It offers a positive profit of 0.15.
- I am rational and won't leave without buying when positive profit exists.","C4 Search #1 (Searched:1/8, SearchCost:0.00, BestProfit:0.15@F3) → Purchase F3",0.1,0.049,"[0.59, 0.61, 0.19, 0.85, 0.41, 0.26, 0.54, 0.4]"
8,2,C5,True,"Yes, because personalized recommendations with 8 firms significantly reduce search costs, likely exceeding the 0.04 privacy cost.",2,"### Decision:
I'll **purchase Firm 2** (choose number 2) because: 
- It offers a positive profit of 0.18.
- Further search costs 0.02 and is unlikely to yield a better deal given personalized sorting.","C5 Search #1 (Searched:1/8, SearchCost:0.00, BestProfit:0.18@F2) → Purchase F2",0.14,0.04,"[0.03, 0.74, 0.98, 0.26, 0.26, 0.92, 0.73, 0.49]"
8,2,C6,True,"Yes, because with 8 firms, personalized recommendations will significantly reduce search costs, likely exceeding the privacy cost of 0.033.",2,"### Decision:
I'll **purchase Firm 2** (choose number 2) because: 
- Positive profit of 0.19 available.
- With data sharing, additional search unlikely to yield better profit, given sorting by valuation.","C6 Search #1 (Searched:1/8, SearchCost:0.00, BestProfit:0.19@F2) → Purchase F2",0.16,0.033,"[0.73, 0.88, 0.99, 0.99, 0.36, 0.27, 0.77, 0.91]"
8,2,C7,True,"Yes, because personalized recommendations with 8 firms likely reduce search costs more than the privacy cost of 0.043.",5,"### Decision:
I'll **purchase Firm 5** (choose number 5) because: 
- Positive profit of 0.33 ensures gain.
- Personalized sorting likely presents best option, avoiding search cost.","C7 Search #1 (Searched:1/8, SearchCost:0.00, BestProfit:0.33@F5) → Purchase F5",0.29,0.043,"[0.86, 0.71, 0.08, 0.73, 0.13, 0.98, 0.02, 0.69]"
8,2,C8,True,"Yes, because personalized recommendations with 8 firms likely reduce search costs and improve product selection more than the privacy cost of 0.042.",1,"### Decision:
I'll **purchase Firm 1** (choose number 1) because: 
- Offers high positive profit of 0.48
- Personalized sorting suggests limited improvement from further search","C8 Search #1 (Searched:1/8, SearchCost:0.00, BestProfit:0.48@F1) → Purchase F1",0.44,0.042,"[0.08, 0.98, 0.98, 0.78, 0.31, 0.76, 0.69, 0.12]"
8,2,C9,True,"yes, because personalized recommendations for 8 firms likely reduce search costs more than the privacy cost of 0.053.",4,"### Decision:
I'll **purchase Firm 4** because: 
- It offers a positive profit of 0.22
- Further search costs 0.02 with likely low expected gain due to personalized sorting","C9 Search #1 (Searched:1/8, SearchCost:0.00, BestProfit:0.22@F4) → Purchase F4",0.17,0.053,"[0.3, 0.09, 0.4, 0.53, 0.84, 0.28, 0.8, 0.18]"
8,2,C10,True,"Yes, because personalized recommendations with 8 firms significantly reduce search costs, likely exceeding the privacy cost of 0.033.",2,"### Decision:
I'll **purchase Firm 2** (choose number 2) because: 
- It offers a positive profit of 0.05, which I must act on rationally.
- Personalized recommendations sort firms by highest value first, making additional searches unlikely to improve profit and costing 0.02.","C10 Search #1 (Searched:1/8, SearchCost:0.00, BestProfit:0.05@F2) → Purchase F2",0.02,0.033,"[0.05, 0.83, 0.85, 0.25, 0.82, 0.05, 0.12, 0.28]"
8,2,C11,True,"Yes, because with 8 firms, personalized recommendations will likely reduce search costs significantly, exceeding the privacy cost of 0.033.",3,"### Decision:
I'll **purchase Firm 3** because: 
- It offers a positive profit of 0.28.
- Rational rule requires buying if positive profit is available, avoiding unnecessary search costs.","C11 Search #1 (Searched:1/8, SearchCost:0.00, BestProfit:0.28@F3) → Purchase F3",0.25,0.033,"[0.02, 0.52, 0.32, 0.98, 0.4, 0.34, 0.88, 0.49]"
8,2,C12,True,"Yes, because with 8 firms, personalized recommendations significantly reduce expected search costs, likely exceeding the privacy cost of 0.044.",5,"### Decision:
I'll **purchase Firm 5** (choose number 5) because: 
- Firm 5 offers positive profit of 0.35.
- Rational to buy when positive profit is found, avoiding additional search costs.","C12 Search #1 (Searched:1/8, SearchCost:0.00, BestProfit:0.35@F5) → Purchase F5",0.31,0.044,"[0.11, 0.18, 0.85, 0.82, 0.17, 1.0, 0.87, 0.02]"
8,2,C13,True,"Yes, because personalized recommendations with 8 firms significantly reduce expected search costs, likely exceeding the privacy cost of 0.034.",3,"### Decision:
I'll **purchase Firm 3** (choose number 3) because: 
- Current firm offers positive profit of 0.24.
- Expected gain from further search is minimal due to sorted recommendations.","C13 Search #1 (Searched:1/8, SearchCost:0.00, BestProfit:0.24@F3) → Purchase F3",0.21,0.034,"[0.07, 0.63, 0.4, 0.94, 0.57, 0.88, 0.44, 0.83]"
8,2,C14,True,"Yes, because with 8 firms, personalized recommendations significantly reduce search costs, and my low privacy value of 0.035 makes sharing worthwhile.",0,"### Decision:
I'll **purchase Firm 0** because: 
- It offers a positive profit of 0.28, requiring purchase per rationality.
- With personalized recommendations sorting by highest value, further search is unlikely to yield significant gains and incurs a cost of 0.02.","C14 Search #1 (Searched:1/8, SearchCost:0.00, BestProfit:0.28@F0) → Purchase F0",0.25,0.035,"[0.98, 0.62, 0.12, 0.0, 0.69, 0.62, 0.42, 0.51]"
8,2,C15,True,"Yes, because personalized recommendations for 8 firms will likely reduce search costs more than the privacy cost of 0.051, based on observed benefits.",2,"### Decision:
I'll **purchase Firm 2** (choose number 2) because: 
- It offers a positive profit of 0.09.
- Further searching costs 0.02 with uncertain benefits, risking reduced net revenue.","C15 Search #1 (Searched:1/8, SearchCost:0.00, BestProfit:0.09@F2) → Purchase F2",0.04,0.051,"[0.65, 0.76, 0.89, 0.38, 0.73, 0.44, 0.49, 0.64]"
8,2,C16,True,"Yes, because the expected reduction in search cost from personalized recommendations with 8 firms likely exceeds the low privacy cost of 0.029.",7,"### Decision:
I'll **purchase Firm 7** because: 
- It offers a positive profit of 0.22.
- With data shared and personalized recommendations, this is likely the best option, and further search costs 0.02 with uncertain gains.","C16 Search #1 (Searched:1/8, SearchCost:0.00, BestProfit:0.22@F7) → Purchase F7",0.19,0.029,"[0.16, 0.72, 0.3, 0.55, 0.76, 0.67, 0.61, 0.82]"
8,2,C17,True,"Yes, because personalized recommendations with 8 firms will likely reduce search costs more than the privacy cost of 0.05, based on historical consumer outcomes.",7,"### Decision:
I'll **purchase Firm 7** (choose number 7) because: 
- Positive profit of 0.38 guarantees immediate gain.
- Searching incurs 0.02 cost with likely lower or no better profit due to sorted recommendations.","C17 Search #1 (Searched:1/8, SearchCost:0.00, BestProfit:0.38@F7) → Purchase F7",0.33,0.05,"[0.22, 0.73, 0.45, 0.1, 0.94, 0.98, 0.96, 0.98]"
8,2,C18,True,"Yes, because personalized recommendations with 8 firms will reduce search costs more than the privacy cost of 0.05.",4,"### Decision:
I'll **purchase Firm 4** (choose number 4) because: 
- It offers a positive profit of 0.33.
- Personalized sorting likely ensures it's the best option, avoiding additional search costs.","C18 Search #1 (Searched:1/8, SearchCost:0.00, BestProfit:0.33@F4) → Purchase F4",0.28,0.05,"[0.31, 0.89, 0.25, 0.3, 0.95, 0.85, 0.39, 0.01]"
8,2,C19,True,"Yes, because personalized recommendations for 8 firms will likely reduce search costs more than the privacy cost of 0.047.",6,"### Decision:
I'll **purchase Firm 6** (choose number 6) because: 
- It offers a positive profit of 0.27.
- Further searches may not yield better deals and add unnecessary cost.","C19 Search #1 (Searched:1/8, SearchCost:0.00, BestProfit:0.27@F6) → Purchase F6",0.22,0.047,"[0.94, 0.37, 0.01, 0.36, 0.23, 0.94, 0.97, 0.09]"
8,2,C20,True,"Yes, because with 8 firms, personalized recommendations significantly reduce search costs and improve product match, outweighing the low privacy cost of 0.026.",2,"### Decision:
I'll **purchase Firm 2** (choose number 2) because: 
- It offers a positive profit of 0.1.
- Rationality rule requires buying if positive profit is available.","C20 Search #1 (Searched:1/8, SearchCost:0.00, BestProfit:0.10@F2) → Purchase F2",0.07,0.026,"[0.44, 0.31, 0.9, 0.51, 0.24, 0.14, 0.76, 0.53]"
8,3,C1,True,"Yes, because personalized recommendations for 8 firms likely reduce search costs more than the privacy cost of 0.036.",3,"### Decision:
I'll **purchase Firm 3** because: 
- It offers a positive profit of 0.19.
- Searching further may yield diminishing returns due to sorted recommendations and incurs a search cost of 0.02.","C1 Search #1 (Searched:1/8, SearchCost:0.00, BestProfit:0.19@F3) → Purchase F3",0.15,0.036,"[0.63, 0.51, 0.25, 0.99, 0.93, 0.29, 0.17, 0.07]"
8,3,C2,True,"Yes, because with 8 firms, personalized recommendations significantly reduce expected search costs, outweighing the privacy cost of 0.053 based on past positive outcomes.",-1,"### Decision:
I'll **leave** (choose number -1) because: 
- The searched firm offers zero profit, yielding no benefit.
- Further search costs 0.02 with likely negative or zero expected surplus.","C2 Search #1 (Searched:1/8, SearchCost:0.00, BestProfit:0.00@F7) → Leave Market",-0.05,0.053,"[0.28, 0.21, 0.15, 0.14, 0.29, 0.49, 0.32, 0.8]"
8,3,C3,True,"Yes, because with 8 firms, personalized recommendations likely reduce search costs more than the privacy cost of 0.03.",4,"### Decision:
I'll **purchase Firm 4** because: 
- It offers a positive profit of 0.09
- Expected gain from further search is unlikely to exceed the search cost of 0.02","C3 Search #1 (Searched:1/8, SearchCost:0.00, BestProfit:0.09@F4) → Purchase F4",0.06,0.03,"[0.47, 0.51, 0.14, 0.38, 0.79, 0.32, 0.64, 0.78]"
8,3,C4,True,"Yes, because with 8 firms, personalized recommendations will likely reduce search costs more than the privacy cost of 0.049.",3,"### Decision:
I'll **purchase Firm 3** (choose number 3) because: 
- It offers a positive profit of 0.05.
- Searching further may not improve profit enough to offset the 0.02 search cost.","C4 Search #1 (Searched:1/8, SearchCost:0.00, BestProfit:0.05@F3) → Purchase F3",0.0,0.049,"[0.59, 0.61, 0.19, 0.85, 0.41, 0.26, 0.54, 0.4]"
8,3,C5,True,"Yes, because personalized recommendations with 8 firms greatly reduce search costs, outweighing the 0.04 privacy cost based on past benefits.",2,"### Decision:  
I'll **purchase Firm 2** (choose number 2) because:  
- It offers a positive profit of 0.08.  
- Further search costs 0.02 and is unlikely to improve profit given personalized sorting.","C5 Search #1 (Searched:1/8, SearchCost:0.00, BestProfit:0.08@F2) → Purchase F2",0.04,0.04,"[0.03, 0.74, 0.98, 0.26, 0.26, 0.92, 0.73, 0.49]"
8,3,C6,True,"Yes, because with 8 firms, personalized recommendations significantly reduce search costs, likely offsetting the privacy cost of 0.033 based on past positive outcomes.",2,"### Decision:
I'll **purchase Firm 2** (choose number 2) because: 
- Positive profit of 0.09 available.
- With data sharing and sorting by valuation, additional search unlikely to yield better profit.","C6 Search #1 (Searched:1/8, SearchCost:0.00, BestProfit:0.09@F2) → Purchase F2",0.06,0.033,"[0.73, 0.88, 0.99, 0.99, 0.36, 0.27, 0.77, 0.91]"
8,3,C7,True,"Yes, because personalized recommendations with 8 firms likely reduce search costs more than the privacy cost of 0.043, based on historical outcomes.",5,"### Decision:
I'll **purchase Firm 5** (choose number 5) because: 
- Positive profit of 0.23 available.
- Personalized recommendations likely present the best option, avoiding unnecessary search cost.","C7 Search #1 (Searched:1/8, SearchCost:0.00, BestProfit:0.23@F5) → Purchase F5",0.19,0.043,"[0.86, 0.71, 0.08, 0.73, 0.13, 0.98, 0.02, 0.69]"
8,3,C8,True,"Yes, because with 8 firms, personalized recommendations significantly reduce expected search costs, outweighing the privacy cost of 0.042.",1,"### Decision:
I'll **purchase Firm 1** (choose number 1) because: 
- Offers positive profit of 0.18
- Personalized recommendations suggest limited improvement from further search","C8 Search #1 (Searched:1/8, SearchCost:0.00, BestProfit:0.18@F1) → Purchase F1",0.14,0.042,"[0.08, 0.98, 0.98, 0.78, 0.31, 0.76, 0.69, 0.12]"
8,3,C9,True,"Yes, because personalized recommendations with 8 firms significantly reduce expected search costs, outweighing the privacy cost of 0.053.",4,"### Decision:
I'll **purchase Firm 4** because: 
- It offers a positive profit of 0.14
- Further search costs 0.02 with likely low expected gain due to personalized recommendations","C9 Search #1 (Searched:1/8, SearchCost:0.00, BestProfit:0.14@F4) → Purchase F4",0.09,0.053,"[0.3, 0.09, 0.4, 0.53, 0.84, 0.28, 0.8, 0.18]"
8,3,C10,True,"Yes, because personalized recommendations with 8 firms significantly reduce search costs, outweighing the privacy cost of 0.033.",-1,"### Decision:
I'll **leave** (choose number -1) because: 
- The first firm with highest valuation has negative profit (-0.05), suggesting low likelihood of positive profit in subsequent searches.
- Additional search costs 0.02 with minimal expected gain, risking further loss.","C10 Search #1 (Searched:1/8, SearchCost:0.00, BestProfit:-0.05@F2) → Leave Market",-0.03,0.033,"[0.05, 0.83, 0.85, 0.25, 0.82, 0.05, 0.12, 0.28]"
8,3,C11,True,"Yes, because with 8 firms, personalized recommendations significantly reduce search costs, outweighing the privacy cost of 0.033.",3,"### Decision:
I'll **purchase Firm 3** because: 
- It offers a positive profit of 0.18.
- Rational rule requires buying if positive profit is available to avoid unnecessary search costs.","C11 Search #1 (Searched:1/8, SearchCost:0.00, BestProfit:0.18@F3) → Purchase F3",0.15,0.033,"[0.02, 0.52, 0.32, 0.98, 0.4, 0.34, 0.88, 0.49]"
8,3,C12,True,"Yes, because personalized recommendations with 8 firms reduce search costs more than the privacy cost of 0.044.",5,"### Decision:
I'll **purchase Firm 5** (choose number 5) because: 
- Firm 5 offers positive profit of 0.25.
- Rational to buy when positive profit is available, avoiding additional search costs.","C12 Search #1 (Searched:1/8, SearchCost:0.00, BestProfit:0.25@F5) → Purchase F5",0.21,0.044,"[0.11, 0.18, 0.85, 0.82, 0.17, 1.0, 0.87, 0.02]"
8,3,C13,True,"Yes, because with 8 firms, personalized recommendations likely reduce search costs substantially, exceeding the privacy cost of 0.034.",3,"### Decision:
I'll **purchase Firm 3** (choose number 3) because: 
- Current firm offers positive profit of 0.14.
- Expected gain from further search is minimal due to sorted recommendations.","C13 Search #1 (Searched:1/8, SearchCost:0.00, BestProfit:0.14@F3) → Purchase F3",0.11,0.034,"[0.07, 0.63, 0.4, 0.94, 0.57, 0.88, 0.44, 0.83]"
8,3,C14,True,"Yes, because with 8 firms, personalized recommendations significantly reduce search costs, outweighing the low privacy cost of 0.035.",0,"### Decision:
I'll **purchase Firm 0** because: 
- It offers a positive profit of 0.18, requiring purchase per rationality.
- With personalized recommendations sorting by highest value, further search is unlikely to yield significant gains and incurs a cost of 0.02.","C14 Search #1 (Searched:1/8, SearchCost:0.00, BestProfit:0.18@F0) → Purchase F0",0.14,0.035,"[0.98, 0.62, 0.12, 0.0, 0.69, 0.62, 0.42, 0.51]"
8,3,C15,True,"Yes, because personalized recommendations with 8 firms reduce search costs more than the privacy cost of 0.051, based on past benefits.",-1,"### Decision:
I'll **leave** (choose number -1) because: 
- The only searched firm has negative profit.
- Additional search costs 0.02 with uncertain and likely low benefits due to personalized sorting.","C15 Search #1 (Searched:1/8, SearchCost:0.00, BestProfit:-0.01@F2) → Leave Market",-0.05,0.051,"[0.65, 0.76, 0.89, 0.38, 0.73, 0.44, 0.49, 0.64]"
8,3,C16,True,"Yes, because with 8 firms, personalized recommendations significantly reduce expected search costs, outweighing the low privacy cost of 0.029.",7,"### Decision:
I'll **purchase Firm 7** because: 
- It offers a positive profit of 0.02.
- With personalized recommendations sorting by highest value, this is likely the best option, and further search costs 0.02 with low expected gain.","C16 Search #1 (Searched:1/8, SearchCost:0.00, BestProfit:0.02@F7) → Purchase F7",-0.01,0.029,"[0.16, 0.72, 0.3, 0.55, 0.76, 0.67, 0.61, 0.82]"
8,3,C17,True,"Yes, because personalized recommendations with 8 firms reduce search costs more than the privacy cost of 0.05.",7,"### Decision:
I'll **purchase Firm 7** (choose number 7) because: 
- It provides a positive profit of 0.18, guaranteeing a gain.
- Further searches are unlikely to improve profit due to sorted recommendations and would add a 0.02 cost.","C17 Search #1 (Searched:1/8, SearchCost:0.00, BestProfit:0.18@F7) → Purchase F7",0.13,0.05,"[0.22, 0.73, 0.45, 0.1, 0.94, 0.98, 0.96, 0.98]"
8,3,C18,True,"Yes, because personalized recommendations with 8 firms significantly reduce expected search costs, outweighing the privacy cost of 0.05.",4,"### Decision:
I'll **purchase Firm 4** (choose number 4) because: 
- It offers a positive profit of 0.25.
- Personalized sorting likely ensures it's the best option, avoiding additional search costs.","C18 Search #1 (Searched:1/8, SearchCost:0.00, BestProfit:0.25@F4) → Purchase F4",0.2,0.05,"[0.31, 0.89, 0.25, 0.3, 0.95, 0.85, 0.39, 0.01]"
8,3,C19,True,"Yes, because personalized recommendations with 8 firms greatly reduce search costs and enhance product selection, likely exceeding the privacy cost of 0.047.",6,"### Decision:
I'll **purchase Firm 6** (choose number 6) because: 
- It offers a positive profit of 0.17.
- With personalized recommendations, further searches are unlikely to yield significant improvements and would add costs.","C19 Search #1 (Searched:1/8, SearchCost:0.00, BestProfit:0.17@F6) → Purchase F6",0.12,0.047,"[0.94, 0.37, 0.01, 0.36, 0.23, 0.94, 0.97, 0.09]"
8,3,C20,True,"Yes, because personalized recommendations with 8 firms significantly reduce search costs, outweighing the low privacy cost of 0.026.",-1,"### Decision:
I'll **leave** (choose number -1) because: 
- No searched firm offers positive profit.
- Searching incurs additional cost with uncertain benefit.","C20 Search #1 (Searched:1/8, SearchCost:0.00, BestProfit:0.00@F2) → Leave Market",-0.03,0.026,"[0.44, 0.31, 0.9, 0.51, 0.24, 0.14, 0.76, 0.53]"
8,4,C1,True,"Yes, because personalized recommendations for 8 firms will likely reduce search costs more than the privacy cost of 0.036.",3,"### Decision:
I'll **purchase Firm 3** because: 
- It offers a positive profit of 0.09, which is rational to accept.
- Searching further may yield diminishing returns due to sorted recommendations and incurs a search cost of 0.02.","C1 Search #1 (Searched:1/8, SearchCost:0.00, BestProfit:0.09@F3) → Purchase F3",0.05,0.036,"[0.63, 0.51, 0.25, 0.99, 0.93, 0.29, 0.17, 0.07]"
8,4,C2,True,"Yes, because personalized recommendations with 8 firms significantly reduce expected search costs, outweighing the privacy cost of 0.053.",7,"### Decision:
I'll **purchase Firm 7** (choose number 7) because: 
- It offers a positive profit of 0.1, ensuring immediate gain.
- Expected benefit from additional search is low due to personalized sorting and search cost of 0.02.","C2 Search #1 (Searched:1/8, SearchCost:0.00, BestProfit:0.10@F7) → Purchase F7",0.05,0.053,"[0.28, 0.21, 0.15, 0.14, 0.29, 0.49, 0.32, 0.8]"
8,4,C3,True,"Yes, because personalized recommendations with 8 firms significantly reduce search costs, outweighing the privacy cost of 0.03.",7,"### Decision:  
I'll **purchase Firm 7** because:  
- It offers a positive profit of 0.08  
- Expected gain from further search is unlikely to exceed the search cost of 0.02","C3 Search #1 (Searched:1/8, SearchCost:0.00, BestProfit:-0.01@F4) → Search Next; C3 Search #2 (Searched:2/8, SearchCost:0.02, BestProfit:0.08@F7) → Purchase F7",0.03,0.03,"[0.47, 0.51, 0.14, 0.38, 0.79, 0.32, 0.64, 0.78]"
8,4,C4,True,"Yes, because personalized recommendations with 8 firms significantly reduce expected search costs, outweighing the privacy cost of 0.049.",-1,"### Decision:  
I'll **leave** (choose number -1) because:  
- Both searched firms have negative profits.  
- Further search would increase costs without likely improving outcome.","C4 Search #1 (Searched:1/8, SearchCost:0.00, BestProfit:-0.05@F3) → Search Next; C4 Search #2 (Searched:2/8, SearchCost:0.02, BestProfit:-0.05@F3) → Leave Market",-0.07,0.049,"[0.59, 0.61, 0.19, 0.85, 0.41, 0.26, 0.54, 0.4]"
8,4,C5,True,"Yes, because personalized recommendations with 8 firms significantly reduce search costs, outweighing the 0.04 privacy cost based on past benefits.",2,"### Decision:
I'll **purchase Firm 2** (choose number 2) because: 
- It offers a positive profit of 0.18.
- Further search costs 0.02 and is unlikely to yield a better deal given personalized sorting.","C5 Search #1 (Searched:1/8, SearchCost:0.00, BestProfit:0.18@F2) → Purchase F2",0.14,0.04,"[0.03, 0.74, 0.98, 0.26, 0.26, 0.92, 0.73, 0.49]"
8,4,C6,True,"Yes, because with 8 firms, personalized recommendations significantly reduce expected search costs, outweighing the privacy cost of 0.033.",2,"### Decision:
I'll **purchase Firm 2** (choose number 2) because: 
- Positive profit of 0.19 available.
- With data sharing and sorting by valuation, additional search unlikely to yield better profit.","C6 Search #1 (Searched:1/8, SearchCost:0.00, BestProfit:0.19@F2) → Purchase F2",0.16,0.033,"[0.73, 0.88, 0.99, 0.99, 0.36, 0.27, 0.77, 0.91]"
8,4,C7,True,"Yes, because personalized recommendations with 8 firms greatly reduce search costs, outweighing the privacy cost of 0.043 based on historical benefits.",5,"### Decision:
I'll **purchase Firm 5** (choose number 5) because: 
- Positive profit of 0.18 ensures gain.
- Rational to buy when profit exists, avoiding additional search cost.","C7 Search #1 (Searched:1/8, SearchCost:0.00, BestProfit:0.18@F5) → Purchase F5",0.14,0.043,"[0.86, 0.71, 0.08, 0.73, 0.13, 0.98, 0.02, 0.69]"
8,4,C8,True,"Yes, because personalized recommendations with 8 firms significantly reduce search costs, outweighing the privacy cost of 0.042.",1,"### Decision:
I'll **purchase Firm 1** (choose number 1) because: 
- Offers positive profit of 0.18
- Personalized recommendations indicate limited improvement from further search","C8 Search #1 (Searched:1/8, SearchCost:0.00, BestProfit:0.18@F1) → Purchase F1",0.14,0.042,"[0.08, 0.98, 0.98, 0.78, 0.31, 0.76, 0.69, 0.12]"
8,4,C9,True,"Yes, because personalized recommendations with 8 firms significantly reduce expected search costs, outweighing the privacy cost of 0.053.",4,"### Decision:
I'll **purchase Firm 4** because: 
- It offers a positive profit of 0.04
- Further search costs 0.02 with likely low expected gain due to personalized sorting","C9 Search #1 (Searched:1/8, SearchCost:0.00, BestProfit:0.04@F4) → Purchase F4",-0.01,0.053,"[0.3, 0.09, 0.4, 0.53, 0.84, 0.28, 0.8, 0.18]"
8,4,C10,True,"Yes, because with 8 firms, personalized recommendations significantly reduce expected search costs, outweighing the privacy cost of 0.033.",-1,"### Decision:
I'll **leave** (choose number -1) because: 
- The first firm with highest valuation has negative profit (-0.05), indicating low likelihood of positive profit in subsequent searches due to decreasing valuations.
- Additional search costs 0.02 with minimal expected gain, and caution is needed given the risk of further loss.","C10 Search #1 (Searched:1/8, SearchCost:0.00, BestProfit:0.05@F2) → Leave Market",-0.03,0.033,"[0.05, 0.83, 0.85, 0.25, 0.82, 0.05, 0.12, 0.28]"
8,4,C11,True,"Yes, because with 8 firms, personalized recommendations significantly reduce search costs, outweighing the privacy cost of 0.033.",3,"### Decision:
I'll **purchase Firm 3** because: 
- It offers a positive profit of 0.08.
- Rational rule requires buying if positive profit is available to avoid unnecessary search costs.","C11 Search #1 (Searched:1/8, SearchCost:0.00, BestProfit:0.08@F3) → Purchase F3",0.05,0.033,"[0.02, 0.52, 0.32, 0.98, 0.4, 0.34, 0.88, 0.49]"
8,4,C12,True,"Yes, because personalized recommendations with 8 firms reduce search costs more than the privacy cost of 0.044.",5,"### Decision:  
I'll **purchase Firm 5** (choose number 5) because:  
- Firm 5 offers positive profit of 0.2.  
- Rational to buy when positive profit is available, avoiding additional search costs.","C12 Search #1 (Searched:1/8, SearchCost:0.00, BestProfit:0.20@F5) → Purchase F5",0.16,0.044,"[0.11, 0.18, 0.85, 0.82, 0.17, 1.0, 0.87, 0.02]"
8,4,C13,True,"Yes, because with 8 firms, personalized recommendations significantly reduce expected search costs, likely exceeding the privacy cost of 0.034.",3,"### Decision:
I'll **purchase Firm 3** (choose number 3) because: 
- Current firm offers positive profit of 0.04.
- Expected gain from further search is minimal due to sorted recommendations.","C13 Search #1 (Searched:1/8, SearchCost:0.00, BestProfit:0.04@F3) → Purchase F3",0.01,0.034,"[0.07, 0.63, 0.4, 0.94, 0.57, 0.88, 0.44, 0.83]"
8,4,C14,True,"Yes, because with 8 firms, personalized recommendations significantly reduce search costs, outweighing the privacy cost of 0.035.",0,"### Decision:
I'll **purchase Firm 0** because: 
- It offers a positive profit of 0.18, requiring purchase per rationality.
- With personalized recommendations sorting by highest value, further search is unlikely to yield significant gains and incurs a cost of 0.02.","C14 Search #1 (Searched:1/8, SearchCost:0.00, BestProfit:0.18@F0) → Purchase F0",0.14,0.035,"[0.98, 0.62, 0.12, 0.0, 0.69, 0.62, 0.42, 0.51]"
8,4,C15,True,"Yes, because personalized recommendations with 8 firms likely reduce search costs more than the privacy cost of 0.051, based on past benefits.",2,"### Decision:
I'll **purchase Firm 2** (choose number 2) because: 
- It offers a positive profit of 0.09.
- Further searching costs 0.02 with likely diminishing returns due to personalized sorting.","C15 Search #1 (Searched:1/8, SearchCost:0.00, BestProfit:0.09@F2) → Purchase F2",0.04,0.051,"[0.65, 0.76, 0.89, 0.38, 0.73, 0.44, 0.49, 0.64]"
8,4,C16,True,"Yes, because with 8 firms, personalized recommendations significantly reduce expected search costs, outweighing the low privacy cost of 0.029.",7,"### Decision:
I'll **purchase Firm 7** because: 
- It offers a positive profit of 0.12.
- With personalized recommendations sorting by highest valuation, this is likely the best option, and further search costs 0.02 with low expected gain.","C16 Search #1 (Searched:1/8, SearchCost:0.00, BestProfit:0.12@F7) → Purchase F7",0.09,0.029,"[0.16, 0.72, 0.3, 0.55, 0.76, 0.67, 0.61, 0.82]"
8,4,C17,True,"Yes, because personalized recommendations for 8 firms likely reduce search costs more than the privacy cost of 0.05, based on historical outcomes.",7,"### Decision:
I'll **purchase Firm 7** (choose number 7) because: 
- It offers a positive profit of 0.28, ensuring a gain.
- Additional searches are unlikely to improve profit due to sorted recommendations and would add a 0.02 cost.","C17 Search #1 (Searched:1/8, SearchCost:0.00, BestProfit:0.28@F7) → Purchase F7",0.23,0.05,"[0.22, 0.73, 0.45, 0.1, 0.94, 0.98, 0.96, 0.98]"
8,4,C18,True,"Yes, because personalized recommendations with 8 firms significantly reduce expected search costs, outweighing the privacy cost of 0.05 based on historical outcomes.",4,"### Decision:
I'll **purchase Firm 4** (choose number 4) because: 
- It offers a positive profit of 0.15.
- Personalized sorting ensures it's likely the best option, avoiding additional search costs.","C18 Search #1 (Searched:1/8, SearchCost:0.00, BestProfit:0.15@F4) → Purchase F4",0.1,0.05,"[0.31, 0.89, 0.25, 0.3, 0.95, 0.85, 0.39, 0.01]"
8,4,C19,True,"Yes, because personalized recommendations with 8 firms significantly reduce search costs, outweighing the privacy cost of 0.047 based on historical benefits.",6,"### Decision:
I'll **purchase Firm 6** (choose number 6) because: 
- It offers a high positive profit of 0.47.
- With personalized recommendations, further searches are unlikely to yield better deals and would add unnecessary search costs.","C19 Search #1 (Searched:1/8, SearchCost:0.00, BestProfit:0.47@F6) → Purchase F6",0.42,0.047,"[0.94, 0.37, 0.01, 0.36, 0.23, 0.94, 0.97, 0.09]"
8,4,C20,True,"Yes, because personalized recommendations for 8 firms likely reduce search costs more than the privacy cost of 0.026.",2,"### Decision:
I'll **purchase Firm 2** (choose number 2) because: 
- It offers a positive profit of 0.1.
- Rationality rule requires buying if positive profit is available.","C20 Search #1 (Searched:1/8, SearchCost:0.00, BestProfit:0.10@F2) → Purchase F2",0.07,0.026,"[0.44, 0.31, 0.9, 0.51, 0.24, 0.14, 0.76, 0.53]"
8,5,C1,True,"Yes, because personalized recommendations for 8 firms will likely reduce search costs more than the privacy cost of 0.036.",3,"### Decision:
I'll **purchase Firm 3** because: 
- It offers a positive profit of 0.19.
- Searching further may yield diminishing returns due to sorted recommendations and incurs a search cost of 0.02.","C1 Search #1 (Searched:1/8, SearchCost:0.00, BestProfit:0.19@F3) → Purchase F3",0.15,0.036,"[0.63, 0.51, 0.25, 0.99, 0.93, 0.29, 0.17, 0.07]"
8,5,C2,True,"Yes, because personalized recommendations with 8 firms significantly reduce expected search costs, outweighing the privacy cost of 0.053 based on historical benefits.",-1,"### Decision:
I'll **leave** (choose number -1) because: 
- The searched firm offers zero profit, providing no benefit.
- Further search costs 0.02 with likely low or negative expected surplus.","C2 Search #1 (Searched:1/8, SearchCost:0.00, BestProfit:0.00@F7) → Leave Market",-0.05,0.053,"[0.28, 0.21, 0.15, 0.14, 0.29, 0.49, 0.32, 0.8]"
8,5,C3,True,"Yes, because with 8 firms, personalized recommendations significantly reduce expected search costs, outweighing the privacy cost of 0.03 based on historical benefits.",4,"### Decision:  
I'll **purchase Firm 4** because:  
- It offers a positive profit of 0.09  
- Expected gain from further search is unlikely to exceed the search cost of 0.02","C3 Search #1 (Searched:1/8, SearchCost:0.00, BestProfit:0.09@F4) → Purchase F4",0.06,0.03,"[0.47, 0.51, 0.14, 0.38, 0.79, 0.32, 0.64, 0.78]"
8,5,C4,True,"Yes, because personalized recommendations with 8 firms significantly reduce expected search costs, outweighing the privacy cost of 0.049 based on historical benefits.",3,"### Decision:
I'll **purchase Firm 3** (choose number 3) because: 
- It offers a positive profit of 0.05.
- I am rational and won't leave without buying when positive profit exists.","C4 Search #1 (Searched:1/8, SearchCost:0.00, BestProfit:0.05@F3) → Purchase F3",0.0,0.049,"[0.59, 0.61, 0.19, 0.85, 0.41, 0.26, 0.54, 0.4]"
8,5,C5,True,"Yes, because personalized recommendations with 8 firms significantly reduce search costs, outweighing the 0.04 privacy cost.",2,"### Decision:
I'll **purchase Firm 2** (choose number 2) because: 
- It offers a positive profit of 0.18.
- Further search costs 0.02 and is unlikely to yield a better deal given personalized sorting.","C5 Search #1 (Searched:1/8, SearchCost:0.00, BestProfit:0.18@F2) → Purchase F2",0.14,0.04,"[0.03, 0.74, 0.98, 0.26, 0.26, 0.92, 0.73, 0.49]"
8,5,C6,True,"Yes, because personalized recommendations with 8 firms reduce search costs, outweighing the privacy cost of 0.033.",2,"### Decision:
I'll **purchase Firm 2** (choose number 2) because: 
- Positive profit of 0.19 available.
- With data sharing and sorting by valuation, additional search unlikely to yield better profit.","C6 Search #1 (Searched:1/8, SearchCost:0.00, BestProfit:0.19@F2) → Purchase F2",0.16,0.033,"[0.73, 0.88, 0.99, 0.99, 0.36, 0.27, 0.77, 0.91]"
8,5,C7,True,"Yes, because personalized recommendations with 8 firms significantly reduce search costs, outweighing the privacy cost of 0.043 based on historical benefits.",5,"### Decision:
I'll **purchase Firm 5** (choose number 5) because: 
- Positive profit of 0.13 ensures gain.
- Personalized recommendations likely present the best option, avoiding additional search cost.","C7 Search #1 (Searched:1/8, SearchCost:0.00, BestProfit:0.13@F5) → Purchase F5",0.09,0.043,"[0.86, 0.71, 0.08, 0.73, 0.13, 0.98, 0.02, 0.69]"
8,5,C8,True,"Yes, because personalized recommendations with 8 firms significantly reduce search costs, outweighing the privacy cost of 0.042.",1,"### Decision:
I'll **purchase Firm 1** (choose number 1) because: 
- Offers positive profit of 0.48
- Personalized sorting suggests limited improvement from further search","C8 Search #1 (Searched:1/8, SearchCost:0.00, BestProfit:0.48@F1) → Purchase F1",0.44,0.042,"[0.08, 0.98, 0.98, 0.78, 0.31, 0.76, 0.69, 0.12]"
8,5,C9,True,"Yes, because personalized recommendations with 8 firms likely reduce search costs more than the privacy cost of 0.053, based on historical benefits.",4,"### Decision:
I'll **purchase Firm 4** because: 
- It offers a positive profit of 0.14
- Further search costs 0.02 with likely low expected gain due to personalized recommendations","C9 Search #1 (Searched:1/8, SearchCost:0.00, BestProfit:0.14@F4) → Purchase F4",0.09,0.053,"[0.3, 0.09, 0.4, 0.53, 0.84, 0.28, 0.8, 0.18]"
8,5,C10,True,"Yes, because with 8 firms, personalized recommendations greatly reduce expected search costs, outweighing the privacy cost of 0.033.",2,"### Decision:
I'll **purchase Firm 2** (choose number 2) because: 
- It offers a positive profit of 0.05, which I must act on rationally.
- Personalized recommendations sort firms by highest value first, making additional searches unlikely to improve profit and costing 0.02.","C10 Search #1 (Searched:1/8, SearchCost:0.00, BestProfit:0.05@F2) → Purchase F2",0.02,0.033,"[0.05, 0.83, 0.85, 0.25, 0.82, 0.05, 0.12, 0.28]"
8,5,C11,True,"Yes, because with 8 firms, personalized recommendations significantly reduce search costs, outweighing the privacy cost of 0.033 based on historical benefits.",3,"### Decision:
I'll **purchase Firm 3** because: 
- It offers a positive profit of 0.18.
- Rational rule requires buying if positive profit is available to avoid unnecessary search costs.","C11 Search #1 (Searched:1/8, SearchCost:0.00, BestProfit:0.18@F3) → Purchase F3",0.15,0.033,"[0.02, 0.52, 0.32, 0.98, 0.4, 0.34, 0.88, 0.49]"
8,5,C12,True,"Yes, because personalized recommendations with 8 firms significantly reduce expected search costs, outweighing the privacy cost of 0.044.",5,"### Decision:
I'll **purchase Firm 5** (choose number 5) because: 
- Firm 5 offers positive profit of 0.15.
- Rational to buy when positive profit is available, avoiding additional search costs.","C12 Search #1 (Searched:1/8, SearchCost:0.00, BestProfit:0.15@F5) → Purchase F5",0.11,0.044,"[0.11, 0.18, 0.85, 0.82, 0.17, 1.0, 0.87, 0.02]"
8,5,C13,True,"Yes, because with 8 firms, personalized recommendations significantly reduce expected search costs, exceeding the privacy cost of 0.034.",3,"### Decision:
I'll **purchase Firm 3** (choose number 3) because: 
- Current firm offers positive profit of 0.14.
- Expected gain from further search is minimal due to sorted recommendations.","C13 Search #1 (Searched:1/8, SearchCost:0.00, BestProfit:0.14@F3) → Purchase F3",0.11,0.034,"[0.07, 0.63, 0.4, 0.94, 0.57, 0.88, 0.44, 0.83]"
8,5,C14,True,"Yes, because with 8 firms, personalized recommendations greatly reduce search costs, outweighing the low privacy cost of 0.035.",0,"### Decision:
I'll **purchase Firm 0** because: 
- It offers a positive profit of 0.18, requiring purchase per rationality.
- Personalized recommendations sort by highest value, making further search unlikely to improve gains and costly at 0.02.","C14 Search #1 (Searched:1/8, SearchCost:0.00, BestProfit:0.18@F0) → Purchase F0",0.14,0.035,"[0.98, 0.62, 0.12, 0.0, 0.69, 0.62, 0.42, 0.51]"
8,5,C15,True,"Yes, because with 8 firms, personalized recommendations significantly reduce search costs, outweighing the privacy cost of 0.051 based on past benefits and observed high-revenue strategies.",2,"### Decision:
I'll **purchase Firm 2** (choose number 2) because: 
- It offers a positive profit of 0.09.
- Further searching costs 0.02 with uncertain and likely lower benefits due to personalized sorting.","C15 Search #1 (Searched:1/8, SearchCost:0.00, BestProfit:0.09@F2) → Purchase F2",0.04,0.051,"[0.65, 0.76, 0.89, 0.38, 0.73, 0.44, 0.49, 0.64]"
8,5,C16,True,"Yes, because with 8 firms, personalized recommendations significantly reduce expected search costs, outweighing the low privacy cost of 0.029.",7,"### Decision:
I'll **purchase Firm 7** because: 
- It offers a positive profit of 0.02.
- With personalized recommendations sorting by highest value, this is likely the best option, and further search costs 0.02 with low expected gain.","C16 Search #1 (Searched:1/8, SearchCost:0.00, BestProfit:0.02@F7) → Purchase F7",-0.01,0.029,"[0.16, 0.72, 0.3, 0.55, 0.76, 0.67, 0.61, 0.82]"
8,5,C17,True,"Yes, because personalized recommendations with 8 firms will likely reduce search costs more than the privacy cost of 0.05, based on historical benefits.",7,"### Decision:
I'll **purchase Firm 7** (choose number 7) because: 
- It provides a positive profit of 0.18.
- Additional searches are unlikely to yield better profit due to sorted recommendations and would add a 0.02 cost.","C17 Search #1 (Searched:1/8, SearchCost:0.00, BestProfit:0.18@F7) → Purchase F7",0.13,0.05,"[0.22, 0.73, 0.45, 0.1, 0.94, 0.98, 0.96, 0.98]"
8,5,C18,True,"Yes, because personalized recommendations with 8 firms significantly reduce expected search costs, outweighing the privacy cost of 0.05 based on historical benefits.",4,"### Decision:
I'll **purchase Firm 4** (choose number 4) because: 
- It offers a positive profit of 0.25.
- Personalized sorting ensures it's likely the best option, avoiding additional search costs.","C18 Search #1 (Searched:1/8, SearchCost:0.00, BestProfit:0.25@F4) → Purchase F4",0.2,0.05,"[0.31, 0.89, 0.25, 0.3, 0.95, 0.85, 0.39, 0.01]"
8,5,C19,True,"Yes, because personalized recommendations with 8 firms significantly reduce search costs, outweighing the privacy cost of 0.047 based on historical benefits.",6,"### Decision:
I'll **purchase Firm 6** (choose number 6) because: 
- It offers a positive profit of 0.17.
- With personalized recommendations sorting searches, further exploration is unlikely to yield improvements and would incur additional costs.","C19 Search #1 (Searched:1/8, SearchCost:0.00, BestProfit:0.17@F6) → Purchase F6",0.12,0.047,"[0.94, 0.37, 0.01, 0.36, 0.23, 0.94, 0.97, 0.09]"
8,5,C20,True,"Yes, because with 8 firms, personalized recommendations significantly reduce expected search costs, outweighing the low privacy cost of 0.026.",2,"### Decision:
I'll **purchase Firm 2** (choose number 2) because: 
- It offers a positive profit of 0.1.
- Rationality rule requires buying if positive profit is available.","C20 Search #1 (Searched:1/8, SearchCost:0.00, BestProfit:0.10@F2) → Purchase F2",0.07,0.026,"[0.44, 0.31, 0.9, 0.51, 0.24, 0.14, 0.76, 0.53]"
8,6,C1,True,"Yes, because personalized recommendations for 8 firms will likely reduce search costs more than the privacy cost of 0.036.",3,"### Decision:
I'll **purchase Firm 3** because: 
- It offers a positive profit of 0.19, which is rational to accept.
- Searching further may yield diminishing returns due to sorted recommendations and incurs a search cost of 0.02.","C1 Search #1 (Searched:1/8, SearchCost:0.00, BestProfit:0.19@F3) → Purchase F3",0.15,0.036,"[0.63, 0.51, 0.25, 0.99, 0.93, 0.29, 0.17, 0.07]"
8,6,C2,True,"Yes, because with 8 firms, personalized recommendations significantly reduce expected search costs, outweighing the privacy cost of 0.053 based on historical benefits.",7,"### Decision:
I'll **purchase Firm 7** (choose number 7) because: 
- It offers a positive profit of 0.1, ensuring immediate gain.
- Expected benefit from additional search is low due to personalized sorting and search cost of 0.02.","C2 Search #1 (Searched:1/8, SearchCost:0.00, BestProfit:0.10@F7) → Purchase F7",0.05,0.053,"[0.28, 0.21, 0.15, 0.14, 0.29, 0.49, 0.32, 0.8]"
8,6,C3,True,"Yes, because personalized recommendations with 8 firms significantly reduce search costs, outweighing the privacy cost of 0.03.",7,"### Decision:  
I'll **purchase Firm 7** because:  
- It offers a positive profit of 0.08  
- Expected gain from further search is unlikely to exceed the search cost of 0.02","C3 Search #1 (Searched:1/8, SearchCost:0.00, BestProfit:-0.01@F4) → Search Next; C3 Search #2 (Searched:2/8, SearchCost:0.02, BestProfit:0.08@F7) → Purchase F7",0.03,0.03,"[0.47, 0.51, 0.14, 0.38, 0.79, 0.32, 0.64, 0.78]"
8,6,C4,True,"yes, because personalized recommendations with 8 firms likely reduce search costs more than the privacy cost of 0.049, based on historical benefits.",3,"### Decision:  
I'll **purchase Firm 3** (choose number 3) because:  
- It offers positive profit of 0.05.  
- I am rational and won't search further when positive profit exists.","C4 Search #1 (Searched:1/8, SearchCost:0.00, BestProfit:0.05@F3) → Purchase F3",0.0,0.049,"[0.59, 0.61, 0.19, 0.85, 0.41, 0.26, 0.54, 0.4]"
8,6,C5,True,"Yes, because personalized recommendations with 8 firms greatly reduce search costs, outweighing the 0.04 privacy cost based on past benefits.",2,"### Decision:  
I'll **purchase Firm 2** (choose number 2) because:  
- It offers a positive profit of 0.18.  
- Further search costs 0.02 and is unlikely to yield a better deal given personalized sorting.","C5 Search #1 (Searched:1/8, SearchCost:0.00, BestProfit:0.18@F2) → Purchase F2",0.14,0.04,"[0.03, 0.74, 0.98, 0.26, 0.26, 0.92, 0.73, 0.49]"
8,6,C6,True,"Yes, because with 8 firms, personalized recommendations significantly reduce search costs, outweighing the privacy cost of 0.033 based on past benefits.",2,"### Decision:
I'll **purchase Firm 2** (choose number 2) because: 
- Positive profit of 0.19 available.
- With data sharing and sorting by valuation, additional search unlikely to yield better profit, given search cost of 0.02.","C6 Search #1 (Searched:1/8, SearchCost:0.00, BestProfit:0.19@F2) → Purchase F2",0.16,0.033,"[0.73, 0.88, 0.99, 0.99, 0.36, 0.27, 0.77, 0.91]"
8,6,C7,True,"Yes, because with 8 firms, personalized recommendations significantly reduce search costs, outweighing the privacy cost of 0.043 based on historical benefits.",5,"### Decision:
I'll **purchase Firm 5** (choose number 5) because: 
- Positive profit of 0.18 ensures gain.
- Personalized recommendations likely present the best option, avoiding additional search cost.","C7 Search #1 (Searched:1/8, SearchCost:0.00, BestProfit:0.18@F5) → Purchase F5",0.14,0.043,"[0.86, 0.71, 0.08, 0.73, 0.13, 0.98, 0.02, 0.69]"
8,6,C8,True,"yes, because personalized recommendations with 8 firms significantly reduce search costs, outweighing the privacy cost of 0.042.",1,"### Decision:
I'll **purchase Firm 1** (choose number 1) because: 
- Offers positive profit of 0.18
- Personalized recommendations indicate limited improvement from further search","C8 Search #1 (Searched:1/8, SearchCost:0.00, BestProfit:0.18@F1) → Purchase F1",0.14,0.042,"[0.08, 0.98, 0.98, 0.78, 0.31, 0.76, 0.69, 0.12]"
8,6,C9,True,"Yes, because personalized recommendations with 8 firms significantly reduce expected search costs, outweighing the privacy cost of 0.053.",4,"### Decision:
I'll **purchase Firm 4** because: 
- It offers a positive profit of 0.04
- Further search costs 0.02 with no expected gain due to personalized sorting","C9 Search #1 (Searched:1/8, SearchCost:0.00, BestProfit:0.04@F4) → Purchase F4",-0.01,0.053,"[0.3, 0.09, 0.4, 0.53, 0.84, 0.28, 0.8, 0.18]"
8,6,C10,True,"Yes, because personalized recommendations with 8 firms significantly reduce search costs, outweighing the privacy cost of 0.033.",2,"### Decision:
I'll **purchase Firm 2** (choose number 2) because: 
- It offers a positive profit of 0.05.
- Rationality requires buying if positive profit is available, avoiding further search costs.","C10 Search #1 (Searched:1/8, SearchCost:0.00, BestProfit:0.05@F2) → Purchase F2",0.02,0.033,"[0.05, 0.83, 0.85, 0.25, 0.82, 0.05, 0.12, 0.28]"
8,6,C11,True,"Yes, because with 8 firms, personalized recommendations greatly reduce expected search costs, exceeding the privacy cost of 0.033.",3,"### Decision:
I'll **purchase Firm 3** (choose number 3) because: 
- It offers a positive profit of 0.18.
- Rational rule requires buying if positive profit is available to avoid unnecessary search costs.","C11 Search #1 (Searched:1/8, SearchCost:0.00, BestProfit:0.18@F3) → Purchase F3",0.15,0.033,"[0.02, 0.52, 0.32, 0.98, 0.4, 0.34, 0.88, 0.49]"
8,6,C12,True,"Yes, because personalized recommendations with 8 firms greatly reduce search costs, outweighing the privacy cost of 0.044.",5,"### Decision:  
I'll **purchase Firm 5** (choose number 5) because:  
- Firm offers positive profit of 0.2.  
- Rational to buy when positive profit is available, avoiding additional search costs.","C12 Search #1 (Searched:1/8, SearchCost:0.00, BestProfit:0.20@F5) → Purchase F5",0.16,0.044,"[0.11, 0.18, 0.85, 0.82, 0.17, 1.0, 0.87, 0.02]"
8,6,C13,True,"Yes, because personalized recommendations with 8 firms significantly reduce expected search costs, exceeding the privacy cost of 0.034.",3,"### Decision:
I'll **purchase Firm 3** (choose number 3) because: 
- Current firm offers positive profit of 0.14.
- Expected gain from further search is minimal due to sorted recommendations.","C13 Search #1 (Searched:1/8, SearchCost:0.00, BestProfit:0.14@F3) → Purchase F3",0.11,0.034,"[0.07, 0.63, 0.4, 0.94, 0.57, 0.88, 0.44, 0.83]"
8,6,C14,True,"Yes, because personalized recommendations with 8 firms significantly reduce search costs, outweighing the privacy cost of 0.035.",0,"### Decision:
I'll **purchase Firm 0** because: 
- It offers a positive profit of 0.48, requiring purchase per rationality.
- With personalized recommendations sorting by highest value, further search is unlikely to yield gains and costs 0.02.","C14 Search #1 (Searched:1/8, SearchCost:0.00, BestProfit:0.48@F0) → Purchase F0",0.44,0.035,"[0.98, 0.62, 0.12, 0.0, 0.69, 0.62, 0.42, 0.51]"
8,6,C15,True,"Yes, because with 8 firms, personalized recommendations greatly reduce search costs, outweighing the privacy cost of 0.051 based on past benefits.",2,"### Decision:
I'll **purchase Firm 2** (choose number 2) because: 
- It offers a positive profit of 0.09.
- Further searching costs 0.02 with uncertain benefits, likely reducing net revenue due to personalized sorting.","C15 Search #1 (Searched:1/8, SearchCost:0.00, BestProfit:0.09@F2) → Purchase F2",0.04,0.051,"[0.65, 0.76, 0.89, 0.38, 0.73, 0.44, 0.49, 0.64]"
8,6,C16,True,"Yes, because personalized recommendations with 8 firms greatly reduce expected search costs, likely exceeding the privacy cost of 0.029 based on past benefits.",7,"### Decision:
I'll **purchase Firm 7** because: 
- It offers a positive profit of 0.12.
- With personalized recommendations sorting by highest value, this is likely the best option, and further search costs 0.02 with low expected gain.","C16 Search #1 (Searched:1/8, SearchCost:0.00, BestProfit:0.12@F7) → Purchase F7",0.09,0.029,"[0.16, 0.72, 0.3, 0.55, 0.76, 0.67, 0.61, 0.82]"
8,6,C17,True,"Yes, because personalized recommendations with 8 firms reduce expected search costs more than the 0.05 privacy cost, based on historical benefits.",7,"### Decision:  
I'll **purchase Firm 7** (choose number 7) because:  
- It offers a positive profit of 0.28, ensuring a gain.  
- Additional searches are unlikely to improve profit due to sorted recommendations and would add a 0.02 cost.","C17 Search #1 (Searched:1/8, SearchCost:0.00, BestProfit:0.28@F7) → Purchase F7",0.23,0.05,"[0.22, 0.73, 0.45, 0.1, 0.94, 0.98, 0.96, 0.98]"
8,6,C18,True,"Yes, because personalized recommendations with 8 firms greatly reduce search costs, outweighing the privacy cost of 0.05.",4,"### Decision:
I'll **purchase Firm 4** (choose number 4) because: 
- It offers a positive profit of 0.15.
- Personalized sorting ensures it's likely the best option, avoiding additional search costs.","C18 Search #1 (Searched:1/8, SearchCost:0.00, BestProfit:0.15@F4) → Purchase F4",0.1,0.05,"[0.31, 0.89, 0.25, 0.3, 0.95, 0.85, 0.39, 0.01]"
8,6,C19,True,"Yes, because personalized recommendations with 8 firms greatly reduce search costs, consistently leading to positive revenue in past rounds and outweighing the privacy cost of 0.047.",6,"### Decision:
I'll **purchase Firm 6** (choose number 6) because: 
- It offers a positive profit of 0.07.
- With personalized recommendations, further searches are unlikely to yield significant improvements and would add search costs.","C19 Search #1 (Searched:1/8, SearchCost:0.00, BestProfit:0.07@F6) → Purchase F6",0.02,0.047,"[0.94, 0.37, 0.01, 0.36, 0.23, 0.94, 0.97, 0.09]"
8,6,C20,True,"Yes, because with 8 firms, personalized recommendations significantly reduce search costs, outweighing the low privacy cost of 0.026.",2,"### Decision:
I'll **purchase Firm 2** (choose number 2) because: 
- It offers a positive profit of 0.1.
- Rationality rule requires buying if positive profit is available.","C20 Search #1 (Searched:1/8, SearchCost:0.00, BestProfit:0.10@F2) → Purchase F2",0.07,0.026,"[0.44, 0.31, 0.9, 0.51, 0.24, 0.14, 0.76, 0.53]"
8,7,C1,True,"Yes, because personalized recommendations for 8 firms significantly reduce search costs, outweighing the privacy cost of 0.036.",3,"### Decision:
I'll **purchase Firm 3** because: 
- It offers a positive profit of 0.19.
- Searching further may yield diminishing returns due to sorted recommendations and incurs a search cost of 0.02.","C1 Search #1 (Searched:1/8, SearchCost:0.00, BestProfit:0.19@F3) → Purchase F3",0.15,0.036,"[0.63, 0.51, 0.25, 0.99, 0.93, 0.29, 0.17, 0.07]"
8,7,C2,True,"Yes, because personalized recommendations with 8 firms significantly reduce expected search costs, outweighing the privacy cost of 0.053.",7,"### Decision:
I'll **purchase Firm 7** (choose number 7) because: 
- It offers a positive profit of 0.1.
- Expected benefit from additional search is low due to personalized sorting and search cost of 0.02.","C2 Search #1 (Searched:1/8, SearchCost:0.00, BestProfit:0.10@F7) → Purchase F7",0.05,0.053,"[0.28, 0.21, 0.15, 0.14, 0.29, 0.49, 0.32, 0.8]"
8,7,C3,True,"Yes, because personalized recommendations with 8 firms significantly reduce search costs, outweighing the 0.03 privacy cost based on historical benefits.",4,"### Decision:  
I'll **purchase Firm 4** because:  
- It offers a positive profit of 0.09  
- Expected gain from further search is unlikely to exceed the search cost of 0.02","C3 Search #1 (Searched:1/8, SearchCost:0.00, BestProfit:0.09@F4) → Purchase F4",0.06,0.03,"[0.47, 0.51, 0.14, 0.38, 0.79, 0.32, 0.64, 0.78]"
8,7,C4,True,"Yes, because personalized recommendations with 8 firms significantly reduce expected search costs, outweighing the privacy cost of 0.049 based on historical benefits.",3,"### Decision:  
I'll **purchase Firm 3** (choose number 3) because:  
- It offers a positive profit of 0.05.  
- I am rational and won't leave without buying when positive profit exists.","C4 Search #1 (Searched:1/8, SearchCost:0.00, BestProfit:0.05@F3) → Purchase F3",0.0,0.049,"[0.59, 0.61, 0.19, 0.85, 0.41, 0.26, 0.54, 0.4]"
8,7,C5,True,"Yes, because personalized recommendations with 8 firms greatly reduce search costs, outweighing the 0.04 privacy cost based on past benefits.",2,"### Decision:
I'll **purchase Firm 2** (choose number 2) because:
- It offers a positive profit of 0.18.
- Further search costs 0.02 and is unlikely to yield a better deal given personalized sorting.","C5 Search #1 (Searched:1/8, SearchCost:0.00, BestProfit:0.18@F2) → Purchase F2",0.14,0.04,"[0.03, 0.74, 0.98, 0.26, 0.26, 0.92, 0.73, 0.49]"
8,7,C6,True,"Yes, because with 8 firms, personalized recommendations significantly reduce search costs, likely offsetting the privacy cost of 0.033 based on past benefits.",2,"### Decision:
I'll **purchase Firm 2** (choose number 2) because: 
- Positive profit of 0.19 available.
- With data sharing and sorting by valuation, additional search unlikely to yield better profit.","C6 Search #1 (Searched:1/8, SearchCost:0.00, BestProfit:0.19@F2) → Purchase F2",0.16,0.033,"[0.73, 0.88, 0.99, 0.99, 0.36, 0.27, 0.77, 0.91]"
8,7,C7,True,"Yes, because personalized recommendations with 8 firms significantly reduce search costs, outweighing the privacy cost of 0.043 based on historical benefits.",5,"### Decision:
I'll **purchase Firm 5** (choose number 5) because: 
- Positive profit of 0.13 ensures gain.
- Personalized recommendations likely present the best option, avoiding additional search cost.","C7 Search #1 (Searched:1/8, SearchCost:0.00, BestProfit:0.13@F5) → Purchase F5",0.09,0.043,"[0.86, 0.71, 0.08, 0.73, 0.13, 0.98, 0.02, 0.69]"
8,7,C8,True,"Yes, because personalized recommendations with 8 firms significantly reduce search costs, outweighing the privacy cost of 0.042.",1,"### Decision:
I'll **purchase Firm 1** (choose number 1) because: 
- Offers positive profit of 0.18
- Personalized recommendations suggest it's the best with limited improvement from further search","C8 Search #1 (Searched:1/8, SearchCost:0.00, BestProfit:0.18@F1) → Purchase F1",0.14,0.042,"[0.08, 0.98, 0.98, 0.78, 0.31, 0.76, 0.69, 0.12]"
8,7,C9,True,"Yes, because personalized recommendations with 8 firms significantly reduce expected search costs, outweighing the privacy cost of 0.053 based on historical benefits.",4,"### Decision:
I'll **purchase Firm 4** because: 
- It offers a positive profit of 0.14
- Further search costs 0.02 with no expected gain due to personalized sorting","C9 Search #1 (Searched:1/8, SearchCost:0.00, BestProfit:0.14@F4) → Purchase F4",0.09,0.053,"[0.3, 0.09, 0.4, 0.53, 0.84, 0.28, 0.8, 0.18]"
8,7,C10,True,"Yes, because with 8 firms, personalized recommendations significantly reduce expected search costs, outweighing the privacy cost of 0.033 based on past benefits.",2,"### Decision:
I'll **purchase Firm 2** (choose number 2) because: 
- It offers a positive profit of 0.05, which I must act on rationally.
- Additional search costs 0.02 and is unlikely to yield better profit due to sorted recommendations.","C10 Search #1 (Searched:1/8, SearchCost:0.00, BestProfit:0.05@F2) → Purchase F2",0.02,0.033,"[0.05, 0.83, 0.85, 0.25, 0.82, 0.05, 0.12, 0.28]"
8,7,C11,True,"Yes, because with 8 firms, personalized recommendations significantly reduce search costs, outweighing the privacy cost of 0.033.",3,"### Decision:
I'll **purchase Firm 3** (choose number 3) because: 
- It offers a positive profit of 0.18.
- Rational rule requires buying if positive profit is available to avoid unnecessary search costs.","C11 Search #1 (Searched:1/8, SearchCost:0.00, BestProfit:0.18@F3) → Purchase F3",0.15,0.033,"[0.02, 0.52, 0.32, 0.98, 0.4, 0.34, 0.88, 0.49]"
8,7,C12,True,"Yes, because personalized recommendations with 8 firms significantly reduce search costs, outweighing the privacy cost of 0.044.",5,"### Decision:
I'll **purchase Firm 5** (choose number 5) because: 
- Firm 5 offers positive profit of 0.15.
- Rational to buy when positive profit is available, avoiding additional search costs.","C12 Search #1 (Searched:1/8, SearchCost:0.00, BestProfit:0.15@F5) → Purchase F5",0.11,0.044,"[0.11, 0.18, 0.85, 0.82, 0.17, 1.0, 0.87, 0.02]"
8,7,C13,True,"Yes, because with 8 firms, personalized recommendations significantly reduce expected search costs, likely exceeding the privacy cost of 0.034 based on historical benefits.",3,"### Decision:
I'll **purchase Firm 3** (choose number 3) because: 
- Current firm offers positive profit of 0.14.
- Expected gain from further search is minimal due to sorted recommendations.","C13 Search #1 (Searched:1/8, SearchCost:0.00, BestProfit:0.14@F3) → Purchase F3",0.11,0.034,"[0.07, 0.63, 0.4, 0.94, 0.57, 0.88, 0.44, 0.83]"
8,7,C14,True,"Yes, because personalized recommendations with 8 firms greatly reduce search costs, outweighing the low privacy cost of 0.035.",0,"### Decision:
I'll **purchase Firm 0** because: 
- It offers a positive profit of 0.18, requiring purchase as a rational consumer.
- With personalized recommendations sorting by highest value, further search is unlikely to yield gains and costs 0.02.","C14 Search #1 (Searched:1/8, SearchCost:0.00, BestProfit:0.18@F0) → Purchase F0",0.14,0.035,"[0.98, 0.62, 0.12, 0.0, 0.69, 0.62, 0.42, 0.51]"
8,7,C15,True,"Yes, because with 8 firms, personalized recommendations significantly reduce expected search costs, outweighing the privacy cost of 0.051 based on past benefits.",2,"### Decision:
I'll **purchase Firm 2** (choose number 2) because: 
- It offers a positive profit of 0.09.
- Further searching costs 0.02 with uncertain and likely lower benefits due to personalized sorting.","C15 Search #1 (Searched:1/8, SearchCost:0.00, BestProfit:0.09@F2) → Purchase F2",0.04,0.051,"[0.65, 0.76, 0.89, 0.38, 0.73, 0.44, 0.49, 0.64]"
8,7,C16,True,"Yes, because with 8 firms, personalized recommendations significantly reduce expected search costs, outweighing the low privacy cost of 0.029.",7,"### Decision:
I'll **purchase Firm 7** because: 
- It offers a positive profit of 0.12.
- With personalized recommendations sorting by highest value, this is likely the best option, and further search costs 0.02 with low expected gain.","C16 Search #1 (Searched:1/8, SearchCost:0.00, BestProfit:0.12@F7) → Purchase F7",0.09,0.029,"[0.16, 0.72, 0.3, 0.55, 0.76, 0.67, 0.61, 0.82]"
8,7,C17,True,"Yes, because personalized recommendations with 8 firms will reduce search costs more than the 0.05 privacy cost, based on historical benefits and efficient deal-finding.",7,"### Decision:  
I'll **purchase Firm 7** (choose number 7) because:  
- It offers a positive profit of 0.28.  
- Additional searches are unlikely to improve profit due to sorted recommendations and would add a 0.02 cost.","C17 Search #1 (Searched:1/8, SearchCost:0.00, BestProfit:0.28@F7) → Purchase F7",0.23,0.05,"[0.22, 0.73, 0.45, 0.1, 0.94, 0.98, 0.96, 0.98]"
8,7,C18,True,"Yes, because personalized recommendations with 8 firms significantly reduce search costs, outweighing the privacy cost of 0.05.",4,"### Decision:
I'll **purchase Firm 4** (choose number 4) because: 
- It offers a positive profit of 0.25.
- Personalized sorting ensures it's likely the best option, avoiding additional search costs.","C18 Search #1 (Searched:1/8, SearchCost:0.00, BestProfit:0.25@F4) → Purchase F4",0.2,0.05,"[0.31, 0.89, 0.25, 0.3, 0.95, 0.85, 0.39, 0.01]"
8,7,C19,True,"Yes, because personalized recommendations with 8 firms reduce search costs more than the 0.047 privacy cost, based on consistent past benefits.",6,"### Decision:
I'll **purchase Firm 6** (choose number 6) because: 
- It offers a high positive profit of 0.47.
- With personalized recommendations, further searches are unlikely to improve the deal and would add costs.","C19 Search #1 (Searched:1/8, SearchCost:0.00, BestProfit:0.47@F6) → Purchase F6",0.42,0.047,"[0.94, 0.37, 0.01, 0.36, 0.23, 0.94, 0.97, 0.09]"
8,7,C20,True,"Yes, because with 8 firms, personalized recommendations significantly reduce search costs, outweighing the low privacy cost of 0.026.",2,"### Decision:
I'll **purchase Firm 2** (choose number 2) because: 
- It offers a positive profit of 0.1.
- Rationality rule requires buying if positive profit is available.","C20 Search #1 (Searched:1/8, SearchCost:0.00, BestProfit:0.10@F2) → Purchase F2",0.07,0.026,"[0.44, 0.31, 0.9, 0.51, 0.24, 0.14, 0.76, 0.53]"
8,8,C1,True,"Yes, because with 8 firms, personalized recommendations significantly reduce search costs, likely exceeding the 0.036 privacy cost based on past benefits.",3,"### Decision:
I'll **purchase Firm 3** because: 
- It offers a positive profit of 0.19.
- Searching further may yield diminishing returns due to sorted recommendations and incurs a search cost of 0.02.","C1 Search #1 (Searched:1/8, SearchCost:0.00, BestProfit:0.19@F3) → Purchase F3",0.15,0.036,"[0.63, 0.51, 0.25, 0.99, 0.93, 0.29, 0.17, 0.07]"
8,8,C2,True,"Yes, because with 8 firms, personalized recommendations significantly reduce expected search costs, outweighing the 0.053 privacy cost based on historical benefits.",-1,"### Decision:
I'll **leave** (choose number -1) because: 
- The searched firm offers zero profit, providing no benefit.
- Further search costs 0.02 with likely low or negative expected surplus.","C2 Search #1 (Searched:1/8, SearchCost:0.00, BestProfit:0.00@F7) → Leave Market",-0.05,0.053,"[0.28, 0.21, 0.15, 0.14, 0.29, 0.49, 0.32, 0.8]"
8,8,C3,True,"Yes, because personalized recommendations with 8 firms significantly reduce search costs, outweighing the 0.03 privacy cost based on historical benefits.",4,"### Decision:  
I'll **purchase Firm 4** because:  
- It offers a positive profit of 0.19  
- Expected gain from further search is unlikely to exceed the search cost of 0.02","C3 Search #1 (Searched:1/8, SearchCost:0.00, BestProfit:0.19@F4) → Purchase F4",0.16,0.03,"[0.47, 0.51, 0.14, 0.38, 0.79, 0.32, 0.64, 0.78]"
8,8,C4,True,"yes, because personalized recommendations with 8 firms reduce expected search costs more than the 0.049 privacy cost, based on historical benefits.",3,"### Decision:  
I'll **purchase Firm 3** (choose number 3) because:  
- It offers a positive profit of 0.05.  
- I am rational and won't search further when positive profit exists.","C4 Search #1 (Searched:1/8, SearchCost:0.00, BestProfit:0.05@F3) → Purchase F3",0.0,0.049,"[0.59, 0.61, 0.19, 0.85, 0.41, 0.26, 0.54, 0.4]"
8,8,C5,True,"Yes, because personalized recommendations with 8 firms reduce search costs more than the 0.04 privacy cost.",2,"### Decision:  
I'll **purchase Firm 2** (choose number 2) because:  
- It offers a positive profit of 0.18.  
- Further search costs 0.02 and is unlikely to yield a better deal given personalized sorting by valuation.","C5 Search #1 (Searched:1/8, SearchCost:0.00, BestProfit:0.18@F2) → Purchase F2",0.14,0.04,"[0.03, 0.74, 0.98, 0.26, 0.26, 0.92, 0.73, 0.49]"
8,8,C6,True,"Yes, because with 8 firms, personalized recommendations significantly reduce search costs, outweighing the privacy cost of 0.033.",2,"### Decision:
I'll **purchase Firm 2** (choose number 2) because: 
- Positive profit of 0.19 available.
- With data sharing and sorting by valuation, additional search unlikely to yield better profit.","C6 Search #1 (Searched:1/8, SearchCost:0.00, BestProfit:0.19@F2) → Purchase F2",0.16,0.033,"[0.73, 0.88, 0.99, 0.99, 0.36, 0.27, 0.77, 0.91]"
8,8,C7,True,"Yes, because personalized recommendations with 8 firms significantly reduce search costs, outweighing the 0.043 privacy cost based on historical benefits.",5,"### Decision:
I'll **purchase Firm 5** (choose number 5) because: 
- Positive profit of 0.08 ensures gain.
- Personalized recommendations likely present the best option, avoiding additional search cost.","C7 Search #1 (Searched:1/8, SearchCost:0.00, BestProfit:0.08@F5) → Purchase F5",0.04,0.043,"[0.86, 0.71, 0.08, 0.73, 0.13, 0.98, 0.02, 0.69]"
8,8,C8,True,"Yes, because personalized recommendations with 8 firms significantly reduce search costs, outweighing the privacy cost of 0.042 based on consistent past benefits.",1,"### Decision:
I'll **purchase Firm 1** (choose number 1) because: 
- Offers positive profit of 0.18
- Personalized recommendations indicate it's the best with limited improvement from further search","C8 Search #1 (Searched:1/8, SearchCost:0.00, BestProfit:0.18@F1) → Purchase F1",0.14,0.042,"[0.08, 0.98, 0.98, 0.78, 0.31, 0.76, 0.69, 0.12]"
8,8,C9,True,"Yes, because personalized recommendations with 8 firms reduce expected search costs more than the 0.053 privacy cost, based on historical benefits.",4,"### Decision:
I'll **purchase Firm 4** (choose number 4) because: 
- It offers a positive profit of 0.24
- Further search costs 0.02 with likely low expected gain due to personalized sorting","C9 Search #1 (Searched:1/8, SearchCost:0.00, BestProfit:0.24@F4) → Purchase F4",0.19,0.053,"[0.3, 0.09, 0.4, 0.53, 0.84, 0.28, 0.8, 0.18]"
8,8,C10,True,"Yes, because personalized recommendations with 8 firms significantly reduce expected search costs, outweighing the privacy cost of 0.033.",2,"### Decision:
I'll **purchase Firm 2** (choose number 2) because: 
- It offers a positive profit of 0.05.
- Rationality requires buying when profit is positive, avoiding additional search costs.","C10 Search #1 (Searched:1/8, SearchCost:0.00, BestProfit:0.05@F2) → Purchase F2",0.02,0.033,"[0.05, 0.83, 0.85, 0.25, 0.82, 0.05, 0.12, 0.28]"
8,8,C11,True,"Yes, because with 8 firms, personalized recommendations significantly reduce search costs, outweighing the privacy cost of 0.033.",3,"### Decision:
I'll **purchase Firm 3** (choose number 3) because: 
- It offers a positive profit of 0.18.
- Rational rule requires buying to avoid unnecessary search costs.","C11 Search #1 (Searched:1/8, SearchCost:0.00, BestProfit:0.18@F3) → Purchase F3",0.15,0.033,"[0.02, 0.52, 0.32, 0.98, 0.4, 0.34, 0.88, 0.49]"
8,8,C12,True,"Yes, because personalized recommendations with 8 firms significantly reduce expected search costs, outweighing the privacy cost of 0.044 based on past benefits.",5,"### Decision:  
I'll **purchase Firm 5** (choose number 5) because:  
- Firm 5 offers positive profit of 0.1.  
- Rational to buy when positive profit is available, avoiding additional search costs.","C12 Search #1 (Searched:1/8, SearchCost:0.00, BestProfit:0.10@F5) → Purchase F5",0.06,0.044,"[0.11, 0.18, 0.85, 0.82, 0.17, 1.0, 0.87, 0.02]"
8,8,C13,True,"Yes, because with 8 firms, personalized recommendations significantly reduce expected search costs, likely exceeding the privacy cost of 0.034 based on historical benefits.",3,"### Decision:
I'll **purchase Firm 3** (choose number 3) because: 
- Current firm offers positive profit of 0.14.
- Expected gain from further search is minimal due to sorted recommendations.","C13 Search #1 (Searched:1/8, SearchCost:0.00, BestProfit:0.14@F3) → Purchase F3",0.11,0.034,"[0.07, 0.63, 0.4, 0.94, 0.57, 0.88, 0.44, 0.83]"
8,8,C14,True,"Yes, because with 8 firms, personalized recommendations significantly reduce search costs, outweighing the low privacy cost of 0.035.",0,"### Decision:
I'll **purchase Firm 0** because: 
- It offers a positive profit of 0.28, requiring purchase as a rational consumer.
- With personalized recommendations sorting by highest value, further search is unlikely to yield gains and costs 0.02.","C14 Search #1 (Searched:1/8, SearchCost:0.00, BestProfit:0.28@F0) → Purchase F0",0.25,0.035,"[0.98, 0.62, 0.12, 0.0, 0.69, 0.62, 0.42, 0.51]"
8,8,C15,True,"Yes, because personalized recommendations with 8 firms reduce search costs more than the 0.051 privacy cost, based on past benefits.",2,"### Decision:
I'll **purchase Firm 2** (choose number 2) because: 
- It offers a positive profit of 0.09.
- Further searching costs 0.02 with uncertain benefits due to personalized sorting.","C15 Search #1 (Searched:1/8, SearchCost:0.00, BestProfit:0.09@F2) → Purchase F2",0.04,0.051,"[0.65, 0.76, 0.89, 0.38, 0.73, 0.44, 0.49, 0.64]"
8,8,C16,True,"Yes, because personalized recommendations with 8 firms will likely reduce search costs more than the low privacy cost of 0.029.",7,"### Decision:
I'll **purchase Firm 7** because: 
- It offers a positive profit of 0.02.
- With personalized recommendations sorting by highest value, this is likely the best option, and further search costs 0.02 with low expected gain.","C16 Search #1 (Searched:1/8, SearchCost:0.00, BestProfit:0.02@F7) → Purchase F7",-0.01,0.029,"[0.16, 0.72, 0.3, 0.55, 0.76, 0.67, 0.61, 0.82]"
8,8,C17,True,"Yes, because personalized recommendations with 8 firms reduce search costs more than the 0.05 privacy cost, based on historical benefits.",7,"### Decision:  
I'll **purchase Firm 7** (choose number 7) because:  
- It offers a positive profit of 0.18, ensuring a gain.  
- Additional searches are unlikely to improve profit due to sorted recommendations and would add a 0.02 cost.","C17 Search #1 (Searched:1/8, SearchCost:0.00, BestProfit:0.18@F7) → Purchase F7",0.13,0.05,"[0.22, 0.73, 0.45, 0.1, 0.94, 0.98, 0.96, 0.98]"
8,8,C18,True,"Yes, because personalized recommendations with 8 firms reduce search costs more than the 0.05 privacy cost, based on historical benefits.",4,"### Decision:
I'll **purchase Firm 4** (choose number 4) because: 
- It offers a positive profit of 0.35.
- Personalized sorting ensures it's likely the best option, avoiding additional search costs.","C18 Search #1 (Searched:1/8, SearchCost:0.00, BestProfit:0.35@F4) → Purchase F4",0.3,0.05,"[0.31, 0.89, 0.25, 0.3, 0.95, 0.85, 0.39, 0.01]"
8,8,C19,True,"Yes, because personalized recommendations with 8 firms reduce search costs more than the 0.047 privacy cost, based on consistent past benefits.",6,"### Decision:
I'll **purchase Firm 6** (choose number 6) because: 
- It offers a positive profit of 0.17.
- With personalized recommendations sorting searches, further exploration is unlikely to improve the deal and would add search costs.","C19 Search #1 (Searched:1/8, SearchCost:0.00, BestProfit:0.17@F6) → Purchase F6",0.12,0.047,"[0.94, 0.37, 0.01, 0.36, 0.23, 0.94, 0.97, 0.09]"
8,8,C20,True,"Yes, because with 8 firms, personalized recommendations significantly reduce search costs, outweighing the low privacy cost of 0.026.",2,"### Decision:
I'll **purchase Firm 2** (choose number 2) because: 
- It offers a positive profit of 0.1.
- Rationality rule requires buying if positive profit is available.","C20 Search #1 (Searched:1/8, SearchCost:0.00, BestProfit:0.10@F2) → Purchase F2",0.07,0.026,"[0.44, 0.31, 0.9, 0.51, 0.24, 0.14, 0.76, 0.53]"
8,9,C1,True,"Yes, because with 8 firms, personalized recommendations significantly reduce search costs, outweighing the 0.036 privacy cost based on historical benefits.",3,"### Decision:
I'll **purchase Firm 3** because: 
- It offers a positive profit of 0.19, which I must accept per rationality.
- Further search likely yields lower profit due to sorted recommendations, with search cost of 0.02 not justified.","C1 Search #1 (Searched:1/8, SearchCost:0.00, BestProfit:0.19@F3) → Purchase F3",0.15,0.036,"[0.63, 0.51, 0.25, 0.99, 0.93, 0.29, 0.17, 0.07]"
8,9,C2,True,"Yes, because personalized recommendations with 8 firms reduce expected search costs more than the 0.053 privacy cost, based on historical benefits.",7,"### Decision:
I'll **purchase Firm 7** (choose number 7) because: 
- It offers a positive profit of 0.1, ensuring immediate gain.
- Expected benefit from additional search is low due to personalized sorting and search cost of 0.02.","C2 Search #1 (Searched:1/8, SearchCost:0.00, BestProfit:0.10@F7) → Purchase F7",0.05,0.053,"[0.28, 0.21, 0.15, 0.14, 0.29, 0.49, 0.32, 0.8]"
8,9,C3,True,"Yes, because personalized recommendations with 8 firms significantly reduce expected search costs, outweighing the 0.03 privacy cost based on historical benefits.",4,"### Decision:  
I'll **purchase Firm 4** because:  
- It offers a positive profit of 0.09  
- Expected gain from further search is unlikely to exceed the search cost of 0.02","C3 Search #1 (Searched:1/8, SearchCost:0.00, BestProfit:0.09@F4) → Purchase F4",0.06,0.03,"[0.47, 0.51, 0.14, 0.38, 0.79, 0.32, 0.64, 0.78]"
8,9,C4,True,"Yes, because personalized recommendations with 8 firms likely reduce search costs more than the 0.049 privacy cost, based on historical benefits.",3,"### Decision:  
I'll **purchase Firm 3** (choose number 3) because:  
- It offers a positive profit of 0.05.  
- I am rational and won't search further when positive profit exists.","C4 Search #1 (Searched:1/8, SearchCost:0.00, BestProfit:0.05@F3) → Purchase F3",0.0,0.049,"[0.59, 0.61, 0.19, 0.85, 0.41, 0.26, 0.54, 0.4]"
8,9,C5,True,"Yes, because personalized recommendations with 8 firms reduce search costs more than the 0.04 privacy cost, based on past benefits.",2,"### Decision:  
I'll **purchase Firm 2** (choose number 2) because:  
- It offers a positive profit of 0.18.  
- Further search costs 0.02 and is unlikely to yield a better deal given personalized sorting.","C5 Search #1 (Searched:1/8, SearchCost:0.00, BestProfit:0.18@F2) → Purchase F2",0.14,0.04,"[0.03, 0.74, 0.98, 0.26, 0.26, 0.92, 0.73, 0.49]"
8,9,C6,True,"Yes, because with 8 firms, personalized recommendations significantly reduce search costs, outweighing the low privacy cost of 0.033 based on past benefits.",2,"### Decision:
I'll **purchase Firm 2** (choose number 2) because: 
- Positive profit of 0.19 available.
- With data sharing and sorting by valuation, additional search unlikely to yield better profit.","C6 Search #1 (Searched:1/8, SearchCost:0.00, BestProfit:0.19@F2) → Purchase F2",0.16,0.033,"[0.73, 0.88, 0.99, 0.99, 0.36, 0.27, 0.77, 0.91]"
8,9,C7,True,"Yes, because personalized recommendations with 8 firms significantly reduce search costs, outweighing the 0.043 privacy cost based on historical benefits.",-1,"### Decision:
I'll **leave** (choose number -1) because: 
- Negative profit (-0.02) from the searched firm with highest valuation.
- Unlikely to find positive profit elsewhere, avoiding unnecessary search cost.","C7 Search #1 (Searched:1/8, SearchCost:0.00, BestProfit:-0.02@F5) → Leave Market",-0.04,0.043,"[0.86, 0.71, 0.08, 0.73, 0.13, 0.98, 0.02, 0.69]"
8,9,C8,True,"Yes, because personalized recommendations with 8 firms significantly reduce expected search costs, outweighing the privacy cost of 0.042 based on consistent past benefits.",1,"### Decision:
I'll **purchase Firm 1** (choose number 1) because: 
- Offers positive profit of 0.18
- Personalized recommendations indicate it's the best with limited improvement from further search","C8 Search #1 (Searched:1/8, SearchCost:0.00, BestProfit:0.18@F1) → Purchase F1",0.14,0.042,"[0.08, 0.98, 0.98, 0.78, 0.31, 0.76, 0.69, 0.12]"
8,9,C9,True,"Yes, because personalized recommendations with 8 firms significantly reduce expected search costs, outweighing the 0.053 privacy cost based on historical benefits.",4,"### Decision:
I'll **purchase Firm 4** (choose number 4) because: 
- It offers a positive profit of 0.14
- Further search costs 0.02 with likely low expected gain due to personalized sorting","C9 Search #1 (Searched:1/8, SearchCost:0.00, BestProfit:0.14@F4) → Purchase F4",0.09,0.053,"[0.3, 0.09, 0.4, 0.53, 0.84, 0.28, 0.8, 0.18]"
8,9,C10,True,"Yes, because personalized recommendations with 8 firms significantly reduce expected search costs, outweighing the privacy cost of 0.033 based on past benefits.",2,"### Decision:
I'll **purchase Firm 2** (choose number 2) because: 
- It offers a positive profit of 0.05, which I must act on rationally.
- Additional search costs 0.02 and is unlikely to yield better profit due to sorted recommendations.","C10 Search #1 (Searched:1/8, SearchCost:0.00, BestProfit:0.05@F2) → Purchase F2",0.02,0.033,"[0.05, 0.83, 0.85, 0.25, 0.82, 0.05, 0.12, 0.28]"
8,9,C11,True,"Yes, because with 8 firms, personalized recommendations significantly reduce search costs, outweighing the privacy cost of 0.033.",3,"### Decision:
I'll **purchase Firm 3** (choose number 3) because: 
- It offers a positive profit of 0.18.
- Rational rule requires buying if positive profit is available to avoid unnecessary search costs.","C11 Search #1 (Searched:1/8, SearchCost:0.00, BestProfit:0.18@F3) → Purchase F3",0.15,0.033,"[0.02, 0.52, 0.32, 0.98, 0.4, 0.34, 0.88, 0.49]"
8,9,C12,True,"Yes, because personalized recommendations with 8 firms significantly reduce search costs, outweighing the 0.044 privacy cost.",-1,"### Decision:
I'll **leave** (choose number -1) because: 
- No positive profit from searched firm (profit 0.0).
- Additional search costs 0.02 with low expected benefit, risking lower revenue.","C12 Search #1 (Searched:1/8, SearchCost:0.00, BestProfit:0.00@F5) → Leave Market",-0.04,0.044,"[0.11, 0.18, 0.85, 0.82, 0.17, 1.0, 0.87, 0.02]"
8,9,C13,True,"Yes, because personalized recommendations with 8 firms significantly reduce expected search costs, exceeding the privacy cost of 0.034.",3,"### Decision:
I'll **purchase Firm 3** (choose number 3) because: 
- Current firm offers positive profit of 0.14.
- Expected gain from further search is minimal due to sorted recommendations.","C13 Search #1 (Searched:1/8, SearchCost:0.00, BestProfit:0.14@F3) → Purchase F3",0.11,0.034,"[0.07, 0.63, 0.4, 0.94, 0.57, 0.88, 0.44, 0.83]"
8,9,C14,True,"Yes, because personalized recommendations with 8 firms significantly reduce search costs, outweighing the low privacy cost of 0.035.",0,"### Decision:
I'll **purchase Firm 0** because: 
- It offers a positive profit of 0.18, requiring purchase as a rational consumer.
- With personalized recommendations sorting by highest value, further search is unlikely to yield gains and costs 0.02.","C14 Search #1 (Searched:1/8, SearchCost:0.00, BestProfit:0.18@F0) → Purchase F0",0.14,0.035,"[0.98, 0.62, 0.12, 0.0, 0.69, 0.62, 0.42, 0.51]"
8,9,C15,True,"Yes, because personalized recommendations with 8 firms reduce search costs more than the 0.051 privacy cost, based on past benefits.",2,"### Decision:
I'll **purchase Firm 2** (choose number 2) because: 
- It offers a positive profit of 0.09.
- Further searching costs 0.02 with uncertain and likely lower benefits due to personalized sorting.","C15 Search #1 (Searched:1/8, SearchCost:0.00, BestProfit:0.09@F2) → Purchase F2",0.04,0.051,"[0.65, 0.76, 0.89, 0.38, 0.73, 0.44, 0.49, 0.64]"
8,9,C16,True,"Yes, because with 8 firms, personalized recommendations significantly reduce expected search costs, outweighing the low privacy cost of 0.029.",7,"### Decision:
I'll **purchase Firm 7** because: 
- It offers a positive profit of 0.12.
- With personalized recommendations sorting by highest value, this is likely the best option, and further search costs 0.02 with low expected gain.","C16 Search #1 (Searched:1/8, SearchCost:0.00, BestProfit:0.12@F7) → Purchase F7",0.09,0.029,"[0.16, 0.72, 0.3, 0.55, 0.76, 0.67, 0.61, 0.82]"
8,9,C17,True,"Yes, because personalized recommendations with 8 firms significantly reduce search costs, outweighing the 0.05 privacy cost based on historical benefits.",7,"### Decision:  
I'll **purchase Firm 7** (choose number 7) because:  
- It offers a positive profit of 0.28, ensuring a gain.  
- Additional searches are unlikely to improve profit due to sorted recommendations and would add a 0.02 cost.","C17 Search #1 (Searched:1/8, SearchCost:0.00, BestProfit:0.28@F7) → Purchase F7",0.23,0.05,"[0.22, 0.73, 0.45, 0.1, 0.94, 0.98, 0.96, 0.98]"
8,9,C18,True,"Yes, because with 8 firms, personalized recommendations greatly reduce search costs, outweighing the 0.05 privacy cost based on historical benefits.",4,"### Decision:
I'll **purchase Firm 4** (choose number 4) because: 
- It offers a positive profit of 0.25.
- Personalized sorting likely ensures it's the best option, avoiding additional search costs.","C18 Search #1 (Searched:1/8, SearchCost:0.00, BestProfit:0.25@F4) → Purchase F4",0.2,0.05,"[0.31, 0.89, 0.25, 0.3, 0.95, 0.85, 0.39, 0.01]"
8,9,C19,True,"Yes, because personalized recommendations with 8 firms reduce search costs more than the 0.047 privacy cost, based on consistent historical benefits.",6,"### Decision:
I'll **purchase Firm 6** (choose number 6) because: 
- It offers a positive profit of 0.07.
- With personalized recommendations sorting searches, further exploration is unlikely to improve the deal and would add search costs.","C19 Search #1 (Searched:1/8, SearchCost:0.00, BestProfit:0.07@F6) → Purchase F6",0.02,0.047,"[0.94, 0.37, 0.01, 0.36, 0.23, 0.94, 0.97, 0.09]"
8,9,C20,True,"Yes, because with 8 firms, personalized recommendations significantly reduce search costs, outweighing the low privacy cost of 0.026.",2,"### Decision:
I'll **purchase Firm 2** (choose number 2) because: 
- It offers a positive profit of 0.1.
- Rationality rule requires buying if positive profit is available.","C20 Search #1 (Searched:1/8, SearchCost:0.00, BestProfit:0.10@F2) → Purchase F2",0.07,0.026,"[0.44, 0.31, 0.9, 0.51, 0.24, 0.14, 0.76, 0.53]"
8,10,C1,True,"Yes, because personalized recommendations for 8 firms significantly reduce search costs, outweighing the 0.036 privacy cost based on historical benefits.",3,"### Decision:
I'll **purchase Firm 3** because: 
- It offers a positive profit of 0.19, which is rational to accept.
- Searching further may yield diminishing returns due to sorted recommendations and incurs a search cost of 0.02.","C1 Search #1 (Searched:1/8, SearchCost:0.00, BestProfit:0.19@F3) → Purchase F3",0.15,0.036,"[0.63, 0.51, 0.25, 0.99, 0.93, 0.29, 0.17, 0.07]"
8,10,C2,True,"Yes, because personalized recommendations with 8 firms significantly reduce expected search costs, outweighing the 0.053 privacy cost based on historical benefits.",7,"### Decision:
I'll **purchase Firm 7** (choose number 7) because: 
- It offers a positive profit of 0.1.
- Expected benefit from additional search is low due to personalized sorting and search cost of 0.02.","C2 Search #1 (Searched:1/8, SearchCost:0.00, BestProfit:0.10@F7) → Purchase F7",0.05,0.053,"[0.28, 0.21, 0.15, 0.14, 0.29, 0.49, 0.32, 0.8]"
8,10,C3,True,"Yes, because personalized recommendations with 8 firms significantly reduce expected search costs, outweighing the 0.03 privacy cost based on historical benefits.",4,"### Decision:  
I'll **purchase Firm 4** because:  
- It offers a positive profit of 0.09  
- Expected gain from further search is unlikely to exceed the search cost of 0.02","C3 Search #1 (Searched:1/8, SearchCost:0.00, BestProfit:0.09@F4) → Purchase F4",0.06,0.03,"[0.47, 0.51, 0.14, 0.38, 0.79, 0.32, 0.64, 0.78]"
8,10,C4,True,"Yes, because with 8 firms, personalized recommendations significantly reduce expected search costs, outweighing the 0.049 privacy cost based on historical benefits.",3,"### Decision:
I'll **purchase Firm 3** (choose number 3) because: 
- It offers a positive profit of 0.05.
- I am rational and won't search further when positive profit exists.","C4 Search #1 (Searched:1/8, SearchCost:0.00, BestProfit:0.05@F3) → Purchase F3",0.0,0.049,"[0.59, 0.61, 0.19, 0.85, 0.41, 0.26, 0.54, 0.4]"
8,10,C5,True,"Yes, because the search cost savings from personalized recommendations with 8 firms outweigh the 0.04 privacy cost.",2,"### Decision:  
I'll **purchase Firm 2** (choose number 2) because:  
- It offers a positive profit of 0.18.  
- Further search costs 0.02 and is unlikely to yield a better deal given personalized sorting by valuation.","C5 Search #1 (Searched:1/8, SearchCost:0.00, BestProfit:0.18@F2) → Purchase F2",0.14,0.04,"[0.03, 0.74, 0.98, 0.26, 0.26, 0.92, 0.73, 0.49]"
8,10,C6,True,"Yes, because personalized recommendations with 8 firms greatly reduce search costs, outweighing the low privacy cost of 0.033 based on past benefits.",2,"### Decision:
I'll **purchase Firm 2** (choose number 2) because: 
- Positive profit of 0.19 available.
- With data sharing and sorting by valuation, additional search unlikely to yield better profit, given search cost of 0.02.","C6 Search #1 (Searched:1/8, SearchCost:0.00, BestProfit:0.19@F2) → Purchase F2",0.16,0.033,"[0.73, 0.88, 0.99, 0.99, 0.36, 0.27, 0.77, 0.91]"
8,10,C7,True,"Yes, because personalized recommendations with 8 firms greatly reduce search costs, outweighing the 0.043 privacy cost based on historical benefits.",5,"### Decision:
I'll **purchase Firm 5** (choose number 5) because: 
- Positive profit of 0.18 ensures gain.
- Avoids additional search cost with uncertain benefits.","C7 Search #1 (Searched:1/8, SearchCost:0.00, BestProfit:0.18@F5) → Purchase F5",0.14,0.043,"[0.86, 0.71, 0.08, 0.73, 0.13, 0.98, 0.02, 0.69]"
8,10,C8,True,"Yes, because with 8 firms, personalized recommendations significantly reduce search costs, outweighing the low privacy cost of 0.042 based on consistent past benefits.",1,"### Decision:
I'll **purchase Firm 1** (choose number 1) because: 
- Offers positive profit of 0.18
- Personalized recommendations indicate limited improvement from further search","C8 Search #1 (Searched:1/8, SearchCost:0.00, BestProfit:0.18@F1) → Purchase F1",0.14,0.042,"[0.08, 0.98, 0.98, 0.78, 0.31, 0.76, 0.69, 0.12]"
8,10,C9,True,"Yes, because personalized recommendations with 8 firms significantly reduce expected search costs, outweighing the 0.053 privacy cost based on historical benefits.",4,"### Decision:
I'll **purchase Firm 4** (choose number 4) because: 
- It offers a positive profit of 0.14
- Further search costs 0.02 with likely low expected gain due to personalized recommendations","C9 Search #1 (Searched:1/8, SearchCost:0.00, BestProfit:0.14@F4) → Purchase F4",0.09,0.053,"[0.3, 0.09, 0.4, 0.53, 0.84, 0.28, 0.8, 0.18]"
8,10,C10,True,"Yes, because personalized recommendations with 8 firms greatly reduce search costs, outweighing the low privacy cost of 0.033.",2,"### Decision:
I'll **purchase Firm 2** (choose number 2) because: 
- It offers a positive profit of 0.05, which I must act on rationally.
- Additional search costs 0.02 and is unlikely to yield better profit due to sorted recommendations.","C10 Search #1 (Searched:1/8, SearchCost:0.00, BestProfit:0.05@F2) → Purchase F2",0.02,0.033,"[0.05, 0.83, 0.85, 0.25, 0.82, 0.05, 0.12, 0.28]"
8,10,C11,True,"Yes, because with 8 firms, personalized recommendations significantly reduce search costs, outweighing the low privacy cost of 0.033 based on historical benefits.",3,"### Decision:
I'll **purchase Firm 3** (choose number 3) because: 
- It offers a positive profit of 0.18.
- Rational rule requires buying to avoid unnecessary search costs.","C11 Search #1 (Searched:1/8, SearchCost:0.00, BestProfit:0.18@F3) → Purchase F3",0.15,0.033,"[0.02, 0.52, 0.32, 0.98, 0.4, 0.34, 0.88, 0.49]"
8,10,C12,True,"Yes, because personalized recommendations with 8 firms significantly reduce expected search costs, outweighing the 0.044 privacy cost based on historical benefits.",5,"### Decision:  
I'll **purchase Firm 5** (choose number 5) because:  
- Firm 5 offers positive profit of 0.2.  
- Rational to buy when positive profit is available, avoiding additional search costs.","C12 Search #1 (Searched:1/8, SearchCost:0.00, BestProfit:0.20@F5) → Purchase F5",0.16,0.044,"[0.11, 0.18, 0.85, 0.82, 0.17, 1.0, 0.87, 0.02]"
8,10,C13,True,"Yes, because with 8 firms, personalized recommendations significantly reduce expected search costs, exceeding the privacy cost of 0.034.",3,"### Decision:
I'll **purchase Firm 3** (choose number 3) because: 
- Current firm offers positive profit of 0.14.
- Expected gain from further search is minimal due to sorted recommendations.","C13 Search #1 (Searched:1/8, SearchCost:0.00, BestProfit:0.14@F3) → Purchase F3",0.11,0.034,"[0.07, 0.63, 0.4, 0.94, 0.57, 0.88, 0.44, 0.83]"
8,10,C14,True,"Yes, because with 8 firms, personalized recommendations significantly reduce search costs, outweighing the low privacy cost of 0.035.",0,"### Decision:
I'll **purchase Firm 0** because: 
- It offers a positive profit of 0.18, requiring purchase as a rational consumer.
- With personalized recommendations sorting by highest value, further search is unlikely to yield significant gains and costs 0.02.","C14 Search #1 (Searched:1/8, SearchCost:0.00, BestProfit:0.18@F0) → Purchase F0",0.14,0.035,"[0.98, 0.62, 0.12, 0.0, 0.69, 0.62, 0.42, 0.51]"
8,10,C15,True,"Yes, because personalized recommendations with 8 firms significantly reduce search costs, outweighing the 0.051 privacy cost based on past benefits.",2,"### Decision:
I'll **purchase Firm 2** (choose number 2) because: 
- It offers a positive profit of 0.09.
- Further searching costs 0.02 with uncertain and likely lower benefits due to personalized sorting.","C15 Search #1 (Searched:1/8, SearchCost:0.00, BestProfit:0.09@F2) → Purchase F2",0.04,0.051,"[0.65, 0.76, 0.89, 0.38, 0.73, 0.44, 0.49, 0.64]"
8,10,C16,True,"Yes, because with 8 firms, personalized recommendations significantly reduce search costs, outweighing the low privacy cost of 0.029 based on past benefits.",7,"### Decision:
I'll **purchase Firm 7** because: 
- It offers a positive profit of 0.12.
- With personalized recommendations sorting by highest value, this is likely the best option, and further search costs 0.02 with low expected gain.","C16 Search #1 (Searched:1/8, SearchCost:0.00, BestProfit:0.12@F7) → Purchase F7",0.09,0.029,"[0.16, 0.72, 0.3, 0.55, 0.76, 0.67, 0.61, 0.82]"
8,10,C17,True,"Yes, because personalized recommendations with 8 firms will significantly reduce search costs, outweighing the 0.05 privacy cost based on historical benefits.",7,"### Decision:  
I'll **purchase Firm 7** (choose number 7) because:  
- It offers a positive profit of 0.28, ensuring a gain.  
- Additional searches are unlikely to improve profit due to sorted recommendations and would add a 0.02 cost.","C17 Search #1 (Searched:1/8, SearchCost:0.00, BestProfit:0.28@F7) → Purchase F7",0.23,0.05,"[0.22, 0.73, 0.45, 0.1, 0.94, 0.98, 0.96, 0.98]"
8,10,C18,True,"Yes, because personalized recommendations with 8 firms greatly reduce search costs, outweighing the 0.05 privacy cost based on historical benefits.",4,"### Decision:
I'll **purchase Firm 4** (choose number 4) because: 
- It offers a positive profit of 0.25.
- Personalized sorting likely ensures it's the best option, avoiding additional search costs.","C18 Search #1 (Searched:1/8, SearchCost:0.00, BestProfit:0.25@F4) → Purchase F4",0.2,0.05,"[0.31, 0.89, 0.25, 0.3, 0.95, 0.85, 0.39, 0.01]"
8,10,C19,True,"Yes, because personalized recommendations with 8 firms significantly reduce search costs, outweighing the 0.047 privacy cost based on consistent historical benefits.",6,"### Decision:
I'll **purchase Firm 6** (choose number 6) because: 
- It offers a positive profit of 0.17.
- With personalized recommendations, further searches are unlikely to improve the deal and would add search costs.","C19 Search #1 (Searched:1/8, SearchCost:0.00, BestProfit:0.17@F6) → Purchase F6",0.12,0.047,"[0.94, 0.37, 0.01, 0.36, 0.23, 0.94, 0.97, 0.09]"
8,10,C20,True,"Yes, because with 8 firms, personalized recommendations greatly reduce search costs, outweighing the low privacy cost of 0.026.",2,"### Decision:
I'll **purchase Firm 2** (choose number 2) because: 
- It offers a positive profit of 0.1.
- Rationality rule requires buying if positive profit is available.","C20 Search #1 (Searched:1/8, SearchCost:0.00, BestProfit:0.10@F2) → Purchase F2",0.07,0.026,"[0.44, 0.31, 0.9, 0.51, 0.24, 0.14, 0.76, 0.53]"
9,1,C1,True,"Yes, because the expected reduction in search cost with personalized recommendations for 9 firms outweighs the privacy cost of 0.034.",6,"### Decision:
I'll **purchase Firm 6** (choose number 6) because:
- It offers a positive profit of 0.3.
- As a rational consumer, I must buy when positive profit is available from searched firms.","C1 Search #1 (Searched:1/9, SearchCost:0.00, BestProfit:0.30@F6) → Purchase F6",0.27,0.034,"[0.62, 0.25, 0.82, 0.48, 0.59, 0.43, 0.88, 0.13, 0.43]"
9,1,C2,True,"Yes, expected reduction in search cost with recommendations outweighs privacy value of 0.028.",2,"### Decision:
I'll **purchase Firm 2** (choose number 2) because: 
- Positive profit of 0.14 already found.
- Search cost of 0.02 unlikely to yield better profit given sorting.","C2 Search #1 (Searched:1/9, SearchCost:0.00, BestProfit:0.14@F2) → Purchase F2",0.11,0.028,"[0.69, 0.55, 0.9, 0.7, 0.66, 0.83, 0.53, 0.19, 0.85]"
9,1,C3,True,"Yes, because the potential reduction in search cost with personalized recommendations for 9 firms likely exceeds the privacy cost of 0.052.",5,"### Decision:
I'll **purchase Firm 5** (choose number 5) because: 
- It offers a positive profit of 0.33
- As a rational consumer, I will not leave without buying when positive profit is available","C3 Search #1 (Searched:1/9, SearchCost:0.00, BestProfit:0.33@F5) → Purchase F5",0.28,0.052,"[0.07, 0.0, 0.5, 0.86, 0.94, 0.99, 0.87, 0.86, 0.72]"
9,1,C4,True,"Yes, because with 9 firms, personalized recommendations will substantially reduce search costs, likely exceeding the privacy cost of 0.04.",2,"### Decision:
I'll **purchase Firm 2** (choose number 2) because: 
- Current firm offers positive profit of 0.17.
- Additional search costs 0.02 with uncertain benefit.","C4 Search #1 (Searched:1/9, SearchCost:0.00, BestProfit:0.17@F2) → Purchase F2",0.13,0.04,"[0.56, 0.76, 0.93, 0.63, 0.56, 0.85, 0.85, 0.52, 0.17]"
9,1,C5,True,"Yes, because with 9 firms, personalized recommendations will likely reduce search costs more than the 0.04 privacy value.",1,"### Decision:
I'll **purchase Firm 1** (choose number 1) because: 
- Firm 1 offers a positive profit of 0.17 with no additional search cost needed.
- Searching more is unlikely to yield a better deal given the sorted valuation sequence and would incur a search cost of 0.02.","C5 Search #1 (Searched:1/9, SearchCost:0.00, BestProfit:0.17@F1) → Purchase F1",0.13,0.04,"[0.39, 0.87, 0.49, 0.37, 0.05, 0.57, 0.84, 0.49, 0.08]"
9,1,C6,False,"No, privacy cost (0.035) exceeds expected search cost savings (approximately 0.018).",2,"### Decision:
I'll **purchase Firm 2** (choose number 2) because: 
- The firm offers a positive profit of 0.06.
- As a rational consumer, I must buy when positive profit is available from searched firms.","C6 Search #1 (Searched:1/9, SearchCost:0.00, BestProfit:0.06@F2) → Purchase F2",0.06,0.035,"[0.68, 0.73, 0.82, 0.44, 0.81, 0.14, 0.84, 0.83, 0.49]"
9,1,C7,True,"Yes, because with 9 firms, personalized recommendations will likely reduce search costs by more than the privacy value of 0.052.",5,"### Decision:
I'll **purchase Firm 5** (choose number 5) because: 
- It offers a positive profit of 0.26.
- Additional search cost of 0.02 is unlikely to be offset by a better deal due to decreasing valuations.","C7 Search #1 (Searched:1/9, SearchCost:0.00, BestProfit:0.26@F5) → Purchase F5",0.21,0.052,"[0.44, 0.83, 0.32, 0.7, 0.69, 0.92, 0.57, 0.32, 0.82]"
9,1,C8,True,"Yes, expected reduction in search costs with 9 firms outweighs privacy cost of 0.029.",3,"### Decision:
I'll **purchase Firm 3** (choose number 3) because: 
- It offers positive profit of 0.44
- Rationality constraint requires buying when positive profit is available","C8 Search #1 (Searched:1/9, SearchCost:0.00, BestProfit:0.44@F3) → Purchase F3",0.41,0.029,"[0.31, 0.8, 0.88, 0.94, 0.77, 0.85, 0.79, 0.17, 0.32]"
9,1,C9,True,"Yes, because the potential reduction in search cost with personalized recommendations for 9 firms outweighs the privacy cost of 0.046.",8,"### Decision:
I'll **purchase Firm 8** (choose number 8) because: 
- It offers a positive profit of 0.32.
- Guidelines state I won't leave without buying if positive profit is available.","C9 Search #1 (Searched:1/9, SearchCost:0.00, BestProfit:0.32@F8) → Purchase F8",0.27,0.046,"[0.25, 0.73, 0.62, 0.71, 0.3, 0.63, 0.29, 0.72, 0.82]"
9,1,C10,True,"Yes, because with 9 firms, personalized recommendations will greatly reduce search costs, likely offsetting the privacy cost of 0.054.",8,"### Decision:
I'll **purchase Firm 8** (choose number 8) because: 
- It offers a positive profit of 0.4, ensuring immediate gain.
- Additional searches cost 0.02 with uncertain benefits, risking reduced net revenue.","C10 Search #1 (Searched:1/9, SearchCost:0.00, BestProfit:0.40@F8) → Purchase F8",0.35,0.054,"[0.69, 0.33, 0.01, 0.2, 0.23, 0.22, 0.52, 0.07, 0.9]"
9,1,C11,True,"Yes, because with 9 firms, personalized recommendations significantly reduce search costs and improve product match, outweighing the privacy cost of 0.055.",-1,"### Decision:
I'll **leave** (choose number -1) because: 
- No positive profit from searched firm.
- Searching costs 0.02 with uncertain benefit, likely not worth it.","C11 Search #1 (Searched:1/9, SearchCost:0.00, BestProfit:0.00@F2) → Leave Market",-0.06,0.055,"[0.06, 0.56, 0.76, 0.47, 0.38, 0.15, 0.59, 0.59, 0.42]"
9,1,C12,True,"Yes, because the expected reduction in search cost with personalized recommendations for 9 firms outweighs the privacy cost of 0.039.",0,"### Decision:
I'll **purchase Firm 0** (choose number 0) because: 
- It offers a positive profit of 0.49.
- Rational to buy when positive profit is available, avoiding unnecessary search costs.","C12 Search #1 (Searched:1/9, SearchCost:0.00, BestProfit:0.49@F0) → Purchase F0",0.45,0.039,"[0.99, 0.32, 0.23, 0.32, 0.46, 0.32, 0.56, 0.62, 0.58]"
9,1,C13,True,"Yes, because with 9 firms, personalized recommendations will likely reduce search costs by more than the privacy value of 0.051.",7,"### Decision:
I'll **purchase Firm 7** (choose number 7) because: 
- Firm 7 offers a positive profit of 0.43.
- Searching further costs 0.02 with uncertain benefits, making it unlikely to improve net revenue.","C13 Search #1 (Searched:1/9, SearchCost:0.00, BestProfit:0.43@F7) → Purchase F7",0.38,0.051,"[0.57, 0.48, 0.68, 0.22, 0.48, 0.8, 0.78, 0.98, 0.12]"
9,1,C14,True,"Yes, because the significant search cost savings from personalized recommendations with 9 firms outweigh the low privacy cost of 0.042.",7,"### Decision:
I'll **purchase Firm 7** (choose number 7) because: 
- It offers a positive profit of 0.37, which I must buy per rationality.
- Further search costs 0.02 and likely yields lower valuation with uncertain profit gain.","C14 Search #1 (Searched:1/9, SearchCost:0.00, BestProfit:0.37@F7) → Purchase F7",0.33,0.042,"[0.61, 0.27, 0.58, 0.58, 0.38, 0.02, 0.03, 0.92, 0.66]"
9,1,C15,True,"Yes, because with 9 firms, personalized recommendations significantly reduce expected search costs, outweighing the low privacy cost of 0.037.",0,"### Decision:
I'll **purchase Firm 0** (choose number 0) because: 
- The firm offers a positive profit of 0.3.
- As a rational consumer, I won't leave without buying when a positive profit option is available.","C15 Search #1 (Searched:1/9, SearchCost:0.00, BestProfit:0.30@F0) → Purchase F0",0.26,0.037,"[0.8, 0.57, 0.55, 0.24, 0.16, 0.56, 0.72, 0.58, 0.29]"
9,1,C16,True,"Yes, because the potential reduction in search cost with personalized recommendations for 9 firms outweighs the low privacy value of 0.027.",6,"### Decision:
I'll **purchase Firm 6** because: 
- It offers a positive profit of 0.38.
- The expected benefit from further search is unlikely to offset the 0.02 search cost.","C16 Search #1 (Searched:1/9, SearchCost:0.00, BestProfit:0.38@F6) → Purchase F6",0.35,0.027,"[0.3, 0.49, 0.09, 0.42, 0.06, 0.08, 0.96, 0.81, 0.87]"
9,1,C17,True,"Yes, to reduce search costs with personalized recommendations for 9 firms.",7,"### Decision:
I'll **purchase Firm 7** (choose number 7) because: 
- The firm offers a positive profit of 0.38.
- As a rational consumer, I won't leave without buying when positive profit is available.","C17 Search #1 (Searched:1/9, SearchCost:0.00, BestProfit:0.38@F7) → Purchase F7",0.35,0.033,"[0.75, 0.14, 0.8, 0.41, 0.57, 0.17, 0.39, 0.93, 0.8]"
9,1,C18,True,"Yes, because the potential reduction in search costs with personalized recommendations for 9 firms outweighs the low privacy value of 0.051.",6,"### Decision:
I'll **purchase Firm 6** (choose number 6) because: 
- The firm offers a positive profit of 0.34.
- As a rational consumer, I won't leave without buying when a positive profit option exists.","C18 Search #1 (Searched:1/9, SearchCost:0.00, BestProfit:0.34@F6) → Purchase F6",0.29,0.051,"[0.62, 0.3, 0.59, 0.43, 0.7, 0.56, 0.92, 0.18, 0.09]"
9,1,C19,True,"Yes, because with 9 firms, personalized recommendations significantly reduce expected search costs, likely exceeding the privacy cost of 0.052.",1,"### Decision:
I'll **purchase Firm 1** (choose number 1) because: 
- It offers a positive profit of 0.15.
- Additional searches cost 0.02 and are unlikely to improve profit significantly due to valuation sorting.","C19 Search #1 (Searched:1/9, SearchCost:0.00, BestProfit:0.15@F1) → Purchase F1",0.1,0.052,"[0.81, 0.85, 0.38, 0.09, 0.29, 0.32, 0.1, 0.22, 0.08]"
9,1,C20,True,"Yes, to significantly reduce search costs with many firms.",0,"### Decision:
I'll **purchase Firm 0** because: 
- It offers a positive profit of 0.48
- Further search may not yield better deals given the sorted recommendations and associated cost","C20 Search #1 (Searched:1/9, SearchCost:0.00, BestProfit:0.48@F0) → Purchase F0",0.43,0.054,"[0.98, 0.43, 0.58, 0.78, 0.45, 0.56, 0.07, 0.58, 0.57]"
9,2,C1,True,"Yes, because the expected reduction in search cost with personalized recommendations for 9 firms outweighs the privacy cost of 0.034.",6,"### Decision:
I'll **purchase Firm 6** (choose number 6) because: 
- Firm 6 offers a positive profit of 0.10.
- Additional searches cost 0.02 and may not improve profit, given the personalized high-to-low valuation order.","C1 Search #1 (Searched:1/9, SearchCost:0.00, BestProfit:0.10@F6) → Purchase F6",0.07,0.034,"[0.62, 0.25, 0.82, 0.48, 0.59, 0.43, 0.88, 0.13, 0.43]"
9,2,C2,True,"yes, because expected search cost reduction with recommendations for 9 firms outweighs privacy cost of 0.028.",2,"### Decision:
I'll **purchase Firm 2** (choose number 2) because: 
- Positive profit of 0.09 already found.
- Search cost of 0.02 unlikely to yield better profit given sorted recommendations.","C2 Search #1 (Searched:1/9, SearchCost:0.00, BestProfit:0.09@F2) → Purchase F2",0.06,0.028,"[0.69, 0.55, 0.9, 0.7, 0.66, 0.83, 0.53, 0.19, 0.85]"
9,2,C3,True,"Yes, because the expected reduction in search cost with personalized recommendations for 9 firms likely exceeds the privacy cost of 0.052.",5,"### Decision:
I'll **purchase Firm 5** (choose number 5) because: 
- It offers a positive profit of 0.23
- As a rational consumer, I will not leave without buying when positive profit is available","C3 Search #1 (Searched:1/9, SearchCost:0.00, BestProfit:0.23@F5) → Purchase F5",0.18,0.052,"[0.07, 0.0, 0.5, 0.86, 0.94, 0.99, 0.87, 0.86, 0.72]"
9,2,C4,True,"Yes, because personalized recommendations with 9 firms will likely reduce search costs more than the 0.04 privacy cost.",2,"### Decision:
I'll **purchase Firm 2** (choose number 2) because: 
- Current firm offers positive profit of 0.12.
- With personalized recommendations, additional search may not yield better profit, and search cost is 0.02.","C4 Search #1 (Searched:1/9, SearchCost:0.00, BestProfit:0.12@F2) → Purchase F2",0.08,0.04,"[0.56, 0.76, 0.93, 0.63, 0.56, 0.85, 0.85, 0.52, 0.17]"
9,2,C5,True,"Yes, because with 9 firms, personalized recommendations likely reduce search costs more than the 0.04 privacy cost, based on past experience and top consumers' success.",1,"### Decision:
I'll **purchase Firm 1** (choose number 1) because: 
- Firm 1 offers a positive profit of 0.11 with no additional search cost.
- Searching further is unlikely to yield a better deal due to sorted decreasing valuations.","C5 Search #1 (Searched:1/9, SearchCost:0.00, BestProfit:0.11@F1) → Purchase F1",0.07,0.04,"[0.39, 0.87, 0.49, 0.37, 0.05, 0.57, 0.84, 0.49, 0.08]"
9,2,C6,True,"Yes, because personalized recommendations with 9 firms likely yield higher valuations and lower search costs, outweighing the 0.035 privacy cost based on observed high revenues from sharing.",6,"### Decision:  
I'll **purchase Firm 6** (choose number 6) because:  
- The firm offers a positive profit of 0.06.  
- As a rational consumer, I must buy when positive profit is available from searched firms.","C6 Search #1 (Searched:1/9, SearchCost:0.00, BestProfit:0.06@F6) → Purchase F6",0.02,0.035,"[0.68, 0.73, 0.82, 0.44, 0.81, 0.14, 0.84, 0.83, 0.49]"
9,2,C7,True,"Yes, because with 9 firms, personalized recommendations are likely to reduce search costs more than the privacy cost of 0.052.",5,"### Decision:
I'll **purchase Firm 5** (choose number 5) because: 
- It offers a positive profit of 0.16.
- Additional search cost of 0.02 is unlikely to be offset by a better deal due to decreasing valuations in the sorted list.","C7 Search #1 (Searched:1/9, SearchCost:0.00, BestProfit:0.16@F5) → Purchase F5",0.11,0.052,"[0.44, 0.83, 0.32, 0.7, 0.69, 0.92, 0.57, 0.32, 0.82]"
9,2,C8,True,"Yes, because the expected reduction in search costs with personalized recommendations for 9 firms outweighs the privacy cost of 0.029.",3,"### Decision:
I'll **purchase Firm 3** (choose number 3) because: 
- It offers positive profit of 0.34
- Rationality constraint requires buying when positive profit is available","C8 Search #1 (Searched:1/9, SearchCost:0.00, BestProfit:0.34@F3) → Purchase F3",0.31,0.029,"[0.31, 0.8, 0.88, 0.94, 0.77, 0.85, 0.79, 0.17, 0.32]"
9,2,C9,True,"Yes, because the expected reduction in search cost with personalized recommendations for 9 firms outweighs the privacy cost of 0.046.",8,"### Decision:
I'll **purchase Firm 8** (choose number 8) because: 
- It offers a positive profit of 0.22.
- Guidelines state I won't leave without buying if positive profit is available.","C9 Search #1 (Searched:1/9, SearchCost:0.00, BestProfit:0.22@F8) → Purchase F8",0.17,0.046,"[0.25, 0.73, 0.62, 0.71, 0.3, 0.63, 0.29, 0.72, 0.82]"
9,2,C10,True,"Yes, because with 9 firms, personalized recommendations will significantly reduce search costs, likely offsetting the privacy cost of 0.054.",8,"### Decision:
I'll **purchase Firm 8** (choose number 8) because: 
- It offers a positive profit of 0.3.
- Additional search costs 0.02 with uncertain benefits, given sorted recommendations.","C10 Search #1 (Searched:1/9, SearchCost:0.00, BestProfit:0.30@F8) → Purchase F8",0.25,0.054,"[0.69, 0.33, 0.01, 0.2, 0.23, 0.22, 0.52, 0.07, 0.9]"
9,2,C11,True,"Yes, because with 9 firms, personalized recommendations significantly reduce expected search costs and improve deal-finding, outweighing the privacy cost of 0.055.",-1,"### Decision:
I'll **leave** (choose number -1) because: 
- No positive profit from searched firm with highest valuation.
- Searching costs 0.02 with uncertain benefit, likely not worth it.","C11 Search #1 (Searched:1/9, SearchCost:0.00, BestProfit:-0.05@F2) → Leave Market",-0.06,0.055,"[0.06, 0.56, 0.76, 0.47, 0.38, 0.15, 0.59, 0.59, 0.42]"
9,2,C12,True,"Yes, because the expected reduction in search cost and improved product matching with personalized recommendations for 9 firms outweigh the privacy cost of 0.039.",0,"### Decision:
I'll **purchase Firm 0** (choose number 0) because: 
- It offers a positive profit of 0.23.
- Rational to buy when positive profit is available, avoiding additional search costs.","C12 Search #1 (Searched:1/9, SearchCost:0.00, BestProfit:0.23@F0) → Purchase F0",0.19,0.039,"[0.99, 0.32, 0.23, 0.32, 0.46, 0.32, 0.56, 0.62, 0.58]"
9,2,C13,True,"Yes, because with 9 firms, personalized recommendations will likely reduce search costs by more than the privacy cost of 0.051.",7,"### Decision:
I'll **purchase Firm 7** (choose number 7) because: 
- It offers a positive profit of 0.22.
- Further searching costs 0.02 with uncertain benefits and may not improve net revenue.","C13 Search #1 (Searched:1/9, SearchCost:0.00, BestProfit:0.22@F7) → Purchase F7",0.17,0.051,"[0.57, 0.48, 0.68, 0.22, 0.48, 0.8, 0.78, 0.98, 0.12]"
9,2,C14,True,"Yes, because the expected reduction in search cost from personalized recommendations with 9 firms outweighs the privacy cost of 0.042.",7,"### Decision:
I'll **purchase Firm 7** (choose number 7) because: 
- It offers a positive profit of 0.16, which I must buy per rationality.
- Further search costs 0.02 and likely yields lower valuation with uncertain profit gain, not worth the cost.","C14 Search #1 (Searched:1/9, SearchCost:0.00, BestProfit:0.16@F7) → Purchase F7",0.12,0.042,"[0.61, 0.27, 0.58, 0.58, 0.38, 0.02, 0.03, 0.92, 0.66]"
9,2,C15,True,"Yes, because personalized recommendations with 9 firms likely reduce search costs significantly, outweighing the privacy cost of 0.037.",0,"### Decision:
I'll **purchase Firm 0** (choose number 0) because: 
- The firm offers a positive profit of 0.04.
- With personalized sorting, it's likely the best option, and further searches risk incurring costs without guaranteed gains.","C15 Search #1 (Searched:1/9, SearchCost:0.00, BestProfit:0.04@F0) → Purchase F0",0.0,0.037,"[0.8, 0.57, 0.55, 0.24, 0.16, 0.56, 0.72, 0.58, 0.29]"
9,2,C16,True,"Yes, because the expected reduction in search cost with personalized recommendations for 9 firms outweighs the privacy cost of 0.027.",6,"### Decision:
I'll **purchase Firm 6** because: 
- It offers a positive profit of 0.18.
- The expected benefit from further search is unlikely to offset the 0.02 search cost.","C16 Search #1 (Searched:1/9, SearchCost:0.00, BestProfit:0.18@F6) → Purchase F6",0.15,0.027,"[0.3, 0.49, 0.09, 0.42, 0.06, 0.08, 0.96, 0.81, 0.87]"
9,2,C17,True,"Yes, because the expected reduction in search cost with personalized recommendations for 9 firms outweighs the privacy cost of 0.033.",7,"### Decision:
I'll **purchase Firm 7** (choose number 7) because: 
- The firm offers a positive profit of 0.17.
- As a rational consumer, I won't leave without buying when positive profit is available.","C17 Search #1 (Searched:1/9, SearchCost:0.00, BestProfit:0.17@F7) → Purchase F7",0.14,0.033,"[0.75, 0.14, 0.8, 0.41, 0.57, 0.17, 0.39, 0.93, 0.8]"
9,2,C18,True,"Yes, because the expected reduction in search costs with personalized recommendations for 9 firms outweighs the privacy cost of 0.051.",6,"### Decision:
I'll **purchase Firm 6** (choose number 6) because: 
- The firm offers a positive profit of 0.14.
- As a rational consumer, I won't leave without buying when a positive profit option exists.","C18 Search #1 (Searched:1/9, SearchCost:0.00, BestProfit:0.14@F6) → Purchase F6",0.09,0.051,"[0.62, 0.3, 0.59, 0.43, 0.7, 0.56, 0.92, 0.18, 0.09]"
9,2,C19,True,"Yes, because with 9 firms, personalized recommendations significantly reduce expected search costs, likely exceeding the privacy cost of 0.052.",1,"### Decision:
I'll **purchase Firm 1** (choose number 1) because: 
- It offers a positive profit of 0.09.
- Additional searches cost 0.02 and are unlikely to yield significantly better profit due to valuation sorting.","C19 Search #1 (Searched:1/9, SearchCost:0.00, BestProfit:0.09@F1) → Purchase F1",0.04,0.052,"[0.81, 0.85, 0.38, 0.09, 0.29, 0.32, 0.1, 0.22, 0.08]"
9,2,C20,True,"Yes, because the expected reduction in search cost and better deal finding with personalized recommendations for 9 firms outweigh the privacy cost of 0.054.",0,"### Decision:
I'll **purchase Firm 0** because: 
- It offers a positive profit of 0.22
- Further search may not yield better deals given sorted recommendations and the 0.02 search cost","C20 Search #1 (Searched:1/9, SearchCost:0.00, BestProfit:0.22@F0) → Purchase F0",0.17,0.054,"[0.98, 0.43, 0.58, 0.78, 0.45, 0.56, 0.07, 0.58, 0.57]"
9,3,C1,True,"Yes, because personalized recommendations with 9 firms will reduce search costs and improve matching, outweighing the privacy cost of 0.034.",6,"### Decision:
I'll **purchase Firm 6** (choose number 6) because: 
- Firm 6 offers a positive profit of 0.10.
- Searching more costs 0.02 and may not improve profit, given the personalized valuation order.","C1 Search #1 (Searched:1/9, SearchCost:0.00, BestProfit:0.10@F6) → Purchase F6",0.07,0.034,"[0.62, 0.25, 0.82, 0.48, 0.59, 0.43, 0.88, 0.13, 0.43]"
9,3,C2,True,"yes, because expected search cost reduction with personalized recommendations for 9 firms outweighs privacy cost of 0.028.",2,"### Decision:
I'll **purchase Firm 2** (choose number 2) because: 
- Positive profit of 0.12 already found.
- Search cost of 0.02 unlikely to yield better profit given sorted recommendations.","C2 Search #1 (Searched:1/9, SearchCost:0.00, BestProfit:0.12@F2) → Purchase F2",0.09,0.028,"[0.69, 0.55, 0.9, 0.7, 0.66, 0.83, 0.53, 0.19, 0.85]"
9,3,C3,True,"Yes, because personalized recommendations for 9 firms will likely reduce search costs more than the privacy cost of 0.052.",5,"### Decision:
I'll **purchase Firm 5** (choose number 5) because: 
- It offers a positive profit of 0.21
- As a rational consumer, I will not leave without buying when positive profit is available","C3 Search #1 (Searched:1/9, SearchCost:0.00, BestProfit:0.21@F5) → Purchase F5",0.16,0.052,"[0.07, 0.0, 0.5, 0.86, 0.94, 0.99, 0.87, 0.86, 0.72]"
9,3,C4,True,"Yes, because with 9 firms, personalized recommendations will likely reduce search costs more than the 0.04 privacy cost, based on past positive outcomes.",2,"### Decision:
I'll **purchase Firm 2** (choose number 2) because: 
- Current firm offers positive profit of 0.15.
- Additional search costs 0.02 with uncertain benefit.","C4 Search #1 (Searched:1/9, SearchCost:0.00, BestProfit:0.15@F2) → Purchase F2",0.11,0.04,"[0.56, 0.76, 0.93, 0.63, 0.56, 0.85, 0.85, 0.52, 0.17]"
9,3,C5,True,"Yes, because personalized recommendations for 9 firms likely reduce search costs more than the 0.04 privacy cost, based on past success.",1,"### Decision:
I'll **purchase Firm 1** (choose number 1) because: 
- Firm 1 offers a positive profit of 0.09 with no additional search cost.
- Searching more is unlikely to yield a better deal due to sorted decreasing valuations.","C5 Search #1 (Searched:1/9, SearchCost:0.00, BestProfit:0.09@F1) → Purchase F1",0.05,0.04,"[0.39, 0.87, 0.49, 0.37, 0.05, 0.57, 0.84, 0.49, 0.08]"
9,3,C6,True,"Yes, because with 9 firms, personalized recommendations greatly reduce search costs and improve matching, outweighing the 0.035 privacy cost based on high revenues from other sharers.",6,"### Decision:  
I'll **purchase Firm 6** (choose number 6) because:  
- The firm offers a positive profit of 0.06.  
- As a rational consumer, I must buy when positive profit is available from searched firms.","C6 Search #1 (Searched:1/9, SearchCost:0.00, BestProfit:0.06@F6) → Purchase F6",0.02,0.035,"[0.68, 0.73, 0.82, 0.44, 0.81, 0.14, 0.84, 0.83, 0.49]"
9,3,C7,True,"Yes, because with 9 firms, personalized recommendations will likely reduce search costs more than the privacy cost of 0.052.",5,"### Decision:  
I'll **purchase Firm 5** (choose number 5) because:  
- Positive profit of 0.14.  
- Unlikely to find better deal with 0.02 search cost due to decreasing valuations.","C7 Search #1 (Searched:1/9, SearchCost:0.00, BestProfit:0.14@F5) → Purchase F5",0.09,0.052,"[0.44, 0.83, 0.32, 0.7, 0.69, 0.92, 0.57, 0.32, 0.82]"
9,3,C8,True,"Yes, because with 9 firms, personalized recommendations will significantly reduce search costs, outweighing the privacy cost of 0.029.",3,"### Decision:
I'll **purchase Firm 3** (choose number 3) because: 
- It offers positive profit of 0.16
- Rationality constraint requires buying when positive profit is available","C8 Search #1 (Searched:1/9, SearchCost:0.00, BestProfit:0.16@F3) → Purchase F3",0.13,0.029,"[0.31, 0.8, 0.88, 0.94, 0.77, 0.85, 0.79, 0.17, 0.32]"
9,3,C9,True,"Yes, because personalized recommendations for 9 firms significantly reduce expected search costs, outweighing the privacy cost of 0.046.",8,"### Decision:
I'll **purchase Firm 8** (choose number 8) because: 
- Firm 8 offers a positive profit of 0.06.
- Personalized sorting suggests it may be the best option, and further search risks unnecessary cost.","C9 Search #1 (Searched:1/9, SearchCost:0.00, BestProfit:0.06@F8) → Purchase F8",0.01,0.046,"[0.25, 0.73, 0.62, 0.71, 0.3, 0.63, 0.29, 0.72, 0.82]"
9,3,C10,True,"Yes, because with 9 firms, personalized recommendations will significantly reduce search costs, likely offsetting the privacy cost of 0.054.",8,"### Decision:
I'll **purchase Firm 8** (choose number 8) because: 
- It offers a positive profit of 0.14, ensuring a gain.
- Additional searches cost 0.02 with uncertain benefits, risking lower net revenue.","C10 Search #1 (Searched:1/9, SearchCost:0.00, BestProfit:0.14@F8) → Purchase F8",0.09,0.054,"[0.69, 0.33, 0.01, 0.2, 0.23, 0.22, 0.52, 0.07, 0.9]"
9,3,C11,True,"Yes, because with 9 firms, personalized recommendations significantly reduce expected search costs, likely offsetting the privacy cost of 0.055.",-1,"### Decision:
I'll **leave** (choose number -1) because: 
- No positive profit from the highest-valuation firm searched.
- Additional search costs 0.02 with low expected benefit due to sorted sequence.","C11 Search #1 (Searched:1/9, SearchCost:0.00, BestProfit:-0.02@F2) → Leave Market",-0.06,0.055,"[0.06, 0.56, 0.76, 0.47, 0.38, 0.15, 0.59, 0.59, 0.42]"
9,3,C12,True,"Yes, because personalized recommendations with 9 firms will significantly reduce search costs, likely exceeding the privacy cost of 0.039.",0,"### Decision:
I'll **purchase Firm 0** (choose number 0) because: 
- It offers a positive profit of 0.21.
- Rational to buy when positive profit is available, avoiding additional search costs.","C12 Search #1 (Searched:1/9, SearchCost:0.00, BestProfit:0.21@F0) → Purchase F0",0.17,0.039,"[0.99, 0.32, 0.23, 0.32, 0.46, 0.32, 0.56, 0.62, 0.58]"
9,3,C13,True,"Yes, because personalized recommendations with 9 firms likely reduce search costs by more than the privacy cost of 0.051.",7,"### Decision:
I'll **purchase Firm 7** (choose number 7) because: 
- It offers a positive profit of 0.20.
- Further searching costs 0.02 with uncertain benefits and may not improve net revenue.","C13 Search #1 (Searched:1/9, SearchCost:0.00, BestProfit:0.20@F7) → Purchase F7",0.15,0.051,"[0.57, 0.48, 0.68, 0.22, 0.48, 0.8, 0.78, 0.98, 0.12]"
9,3,C14,True,"Yes, because the expected reduction in search costs from personalized recommendations with 9 firms outweighs the privacy cost of 0.042.",7,"### Decision:
I'll **purchase Firm 7** (choose number 7) because: 
- It offers a positive profit of 0.14, which I must buy rationally.
- Further search costs 0.02 and likely yields lower valuation with uncertain profit gain, not worth the cost.","C14 Search #1 (Searched:1/9, SearchCost:0.00, BestProfit:0.14@F7) → Purchase F7",0.1,0.042,"[0.61, 0.27, 0.58, 0.58, 0.38, 0.02, 0.03, 0.92, 0.66]"
9,3,C15,True,"Yes, because personalized recommendations with 9 firms significantly reduce search costs, outweighing the low privacy cost of 0.037.",0,"### Decision:
I'll **purchase Firm 0** (choose number 0) because: 
- It offers a positive profit of 0.02, and as a rational consumer, I won't leave without buying.
- With personalized sorting, further searches are unlikely to improve the outcome, and searching incurs unnecessary cost.","C15 Search #1 (Searched:1/9, SearchCost:0.00, BestProfit:0.02@F0) → Purchase F0",-0.02,0.037,"[0.8, 0.57, 0.55, 0.24, 0.16, 0.56, 0.72, 0.58, 0.29]"
9,3,C16,True,"Yes, because the expected reduction in search cost with personalized recommendations for 9 firms outweighs the privacy cost of 0.027.",6,"### Decision:
I'll **purchase Firm 6** because: 
- It offers a positive profit of 0.18.
- The expected benefit from further search is unlikely to offset the 0.02 search cost.","C16 Search #1 (Searched:1/9, SearchCost:0.00, BestProfit:0.18@F6) → Purchase F6",0.15,0.027,"[0.3, 0.49, 0.09, 0.42, 0.06, 0.08, 0.96, 0.81, 0.87]"
9,3,C17,True,"Yes, because the expected reduction in search costs from personalized recommendations for 9 firms outweighs the privacy cost of 0.033.",7,"### Decision:
I'll **purchase Firm 7** (choose number 7) because: 
- The firm offers a positive profit of 0.15.
- As a rational consumer, I won't leave without buying when positive profit is available.","C17 Search #1 (Searched:1/9, SearchCost:0.00, BestProfit:0.15@F7) → Purchase F7",0.12,0.033,"[0.75, 0.14, 0.8, 0.41, 0.57, 0.17, 0.39, 0.93, 0.8]"
9,3,C18,True,"Yes, because the expected reduction in search costs from personalized recommendations for 9 firms outweighs the privacy cost of 0.051.",6,"### Decision:
I'll **purchase Firm 6** (choose number 6) because: 
- The firm offers a positive profit of 0.14.
- Searching more would incur a search cost of 0.02 with uncertain benefits, making it irrational to delay purchase.","C18 Search #1 (Searched:1/9, SearchCost:0.00, BestProfit:0.14@F6) → Purchase F6",0.09,0.051,"[0.62, 0.3, 0.59, 0.43, 0.7, 0.56, 0.92, 0.18, 0.09]"
9,3,C19,True,"Yes, because with 9 firms, personalized recommendations significantly reduce expected search costs, likely exceeding the privacy cost of 0.052.",1,"### Decision:
I'll **purchase Firm 1** (choose number 1) because: 
- It offers a positive profit of 0.07.
- Additional searches cost 0.02 and are unlikely to improve profit significantly due to valuation sorting.","C19 Search #1 (Searched:1/9, SearchCost:0.00, BestProfit:0.07@F1) → Purchase F1",0.02,0.052,"[0.81, 0.85, 0.38, 0.09, 0.29, 0.32, 0.1, 0.22, 0.08]"
9,3,C20,True,"Yes, because personalized recommendations with 9 firms significantly reduce search costs, likely offsetting the privacy cost of 0.054 based on past benefits.",0,"### Decision:
I'll **purchase Firm 0** because: 
- It offers a positive profit of 0.20
- Further search may not yield better deals given the sorted recommendations and the search cost of 0.02","C20 Search #1 (Searched:1/9, SearchCost:0.00, BestProfit:0.20@F0) → Purchase F0",0.15,0.054,"[0.98, 0.43, 0.58, 0.78, 0.45, 0.56, 0.07, 0.58, 0.57]"
9,4,C1,True,"Yes, because the expected reduction in search cost from personalized recommendations with 9 firms outweighs the low privacy cost of 0.034.",6,"### Decision:
I'll **purchase Firm 6** (choose number 6) because: 
- It offers a positive profit of 0.10.
- Searching more costs 0.02 and may not improve profit, given the personalized valuation order.","C1 Search #1 (Searched:1/9, SearchCost:0.00, BestProfit:0.10@F6) → Purchase F6",0.07,0.034,"[0.62, 0.25, 0.82, 0.48, 0.59, 0.43, 0.88, 0.13, 0.43]"
9,4,C2,True,"Yes, because with 9 firms, personalized recommendations significantly reduce expected search costs and improve deal quality, outweighing the privacy cost of 0.028.",2,"### Decision:
I'll **purchase Firm 2** (choose number 2) because: 
- Positive profit of 0.1 already found.
- Search cost of 0.02 unlikely to yield better profit given sorted recommendations.","C2 Search #1 (Searched:1/9, SearchCost:0.00, BestProfit:0.10@F2) → Purchase F2",0.07,0.028,"[0.69, 0.55, 0.9, 0.7, 0.66, 0.83, 0.53, 0.19, 0.85]"
9,4,C3,True,"Yes, because personalized recommendations with 9 firms will likely reduce search costs more than the privacy cost of 0.052.",5,"### Decision:
I'll **purchase Firm 5** (choose number 5) because: 
- It offers a positive profit of 0.19
- As a rational consumer, I will not leave without buying when positive profit is available","C3 Search #1 (Searched:1/9, SearchCost:0.00, BestProfit:0.19@F5) → Purchase F5",0.14,0.052,"[0.07, 0.0, 0.5, 0.86, 0.94, 0.99, 0.87, 0.86, 0.72]"
9,4,C4,True,"Yes, because with 9 firms, personalized recommendations significantly reduce expected search costs, likely exceeding the privacy cost of 0.04.",2,"### Decision:
I'll **purchase Firm 2** (choose number 2) because: 
- Current firm offers positive profit of 0.13.
- Additional search costs 0.02 with uncertain benefit.","C4 Search #1 (Searched:1/9, SearchCost:0.00, BestProfit:0.13@F2) → Purchase F2",0.09,0.04,"[0.56, 0.76, 0.93, 0.63, 0.56, 0.85, 0.85, 0.52, 0.17]"
9,4,C5,True,"Yes, because personalized recommendations with 9 firms will reduce search costs more than the 0.04 privacy cost, based on past success and top consumer strategies.",1,"### Decision:
I'll **purchase Firm 1** (choose number 1) because: 
- Firm 1 offers a positive profit of 0.09 with no additional search cost.
- Searching further is unlikely to yield a better deal due to sorted decreasing valuations.","C5 Search #1 (Searched:1/9, SearchCost:0.00, BestProfit:0.09@F1) → Purchase F1",0.05,0.04,"[0.39, 0.87, 0.49, 0.37, 0.05, 0.57, 0.84, 0.49, 0.08]"
9,4,C6,True,"Yes, because personalized recommendations with 9 firms likely improve valuation matches and reduce search costs, outweighing the 0.035 privacy cost based on high revenues from other sharers.",6,"### Decision:  
I'll **purchase Firm 6** (choose number 6) because:  
- The firm offers a positive profit of 0.06.  
- As a rational consumer, I must buy when positive profit is available from searched firms.","C6 Search #1 (Searched:1/9, SearchCost:0.00, BestProfit:0.06@F6) → Purchase F6",0.02,0.035,"[0.68, 0.73, 0.82, 0.44, 0.81, 0.14, 0.84, 0.83, 0.49]"
9,4,C7,True,"Yes, because personalized recommendations with 9 firms will reduce search costs more than the 0.052 privacy cost.",5,"### Decision:
I'll **purchase Firm 5** (choose number 5) because: 
- Positive profit of 0.12.
- Unlikely to find better deal due to decreasing valuations in sorted list.","C7 Search #1 (Searched:1/9, SearchCost:0.00, BestProfit:0.12@F5) → Purchase F5",0.07,0.052,"[0.44, 0.83, 0.32, 0.7, 0.69, 0.92, 0.57, 0.32, 0.82]"
9,4,C8,True,"Yes, because personalized recommendations with 9 firms will likely reduce search costs more than the privacy cost of 0.029.",3,"### Decision:
I'll **purchase Firm 3** (choose number 3) because: 
- It offers positive profit of 0.16
- Rationality constraint requires buying when positive profit is available","C8 Search #1 (Searched:1/9, SearchCost:0.00, BestProfit:0.16@F3) → Purchase F3",0.13,0.029,"[0.31, 0.8, 0.88, 0.94, 0.77, 0.85, 0.79, 0.17, 0.32]"
9,4,C9,True,"Yes, because personalized recommendations with 9 firms will likely reduce search costs more than the privacy cost of 0.046.",8,"### Decision:
I'll **purchase Firm 8** (choose number 8) because: 
- It offers a positive profit of 0.04.
- Guidelines state not to leave without buying if positive profit is available.","C9 Search #1 (Searched:1/9, SearchCost:0.00, BestProfit:0.04@F8) → Purchase F8",-0.01,0.046,"[0.25, 0.73, 0.62, 0.71, 0.3, 0.63, 0.29, 0.72, 0.82]"
9,4,C10,True,"Yes, because with 9 firms, personalized recommendations will significantly reduce search costs and provide better deals, offsetting the privacy cost of 0.054.",8,"### Decision:
I'll **purchase Firm 8** (choose number 8) because: 
- It offers a positive profit of 0.12, ensuring a gain.
- Additional searches cost 0.02 with uncertain benefits, given sorted recommendations.","C10 Search #1 (Searched:1/9, SearchCost:0.00, BestProfit:0.12@F8) → Purchase F8",0.07,0.054,"[0.69, 0.33, 0.01, 0.2, 0.23, 0.22, 0.52, 0.07, 0.9]"
9,4,C11,False,"No, to avoid unnecessary privacy cost given consistent lack of positive profit in past searches.",-1,"### Decision:
I'll **leave** (choose number -1) because: 
- No positive profit from the searched firm (profit -0.72).
- Searching costs 0.02 with uncertain and likely negative expected benefit.","C11 Search #1 (Searched:1/9, SearchCost:0.00, BestProfit:-0.72@F0) → Leave Market",0.0,0.055,"[0.06, 0.56, 0.76, 0.47, 0.38, 0.15, 0.59, 0.59, 0.42]"
9,4,C12,True,"Yes, because with 9 firms, personalized recommendations will likely reduce search costs more than the privacy cost of 0.039.",0,"### Decision:
I'll **purchase Firm 0** (choose number 0) because: 
- It offers a positive profit of 0.21.
- Rational to buy when positive profit is available, avoiding additional search costs.","C12 Search #1 (Searched:1/9, SearchCost:0.00, BestProfit:0.21@F0) → Purchase F0",0.17,0.039,"[0.99, 0.32, 0.23, 0.32, 0.46, 0.32, 0.56, 0.62, 0.58]"
9,4,C13,True,"Yes, because with 9 firms, personalized recommendations will reduce search costs more than the privacy cost of 0.051.",7,"### Decision:
I'll **purchase Firm 7** (choose number 7) because: 
- It offers a positive profit of 0.18.
- Further searching costs 0.02 with uncertain benefits and may not improve net revenue.","C13 Search #1 (Searched:1/9, SearchCost:0.00, BestProfit:0.18@F7) → Purchase F7",0.13,0.051,"[0.57, 0.48, 0.68, 0.22, 0.48, 0.8, 0.78, 0.98, 0.12]"
9,4,C14,True,"Yes, because the expected reduction in search costs from personalized recommendations with 9 firms likely outweighs the privacy cost of 0.042.",7,"### Decision:
I'll **purchase Firm 7** (choose number 7) because: 
- It offers a positive profit of 0.12, which I must buy rationally.
- Further search costs 0.02 and likely yields lower profit with uncertain gain, not worth the cost.","C14 Search #1 (Searched:1/9, SearchCost:0.00, BestProfit:0.12@F7) → Purchase F7",0.08,0.042,"[0.61, 0.27, 0.58, 0.58, 0.38, 0.02, 0.03, 0.92, 0.66]"
9,4,C15,True,"Yes, because with 9 firms, personalized recommendations significantly reduce expected search costs, outweighing the low privacy cost of 0.037.",0,"### Decision:
I'll **purchase Firm 0** (choose number 0) because: 
- It offers a positive profit of 0.02, and as a rational consumer, I won't leave without buying.
- With personalized sorting, further searches are unlikely to yield better outcomes and would incur unnecessary search costs.","C15 Search #1 (Searched:1/9, SearchCost:0.00, BestProfit:0.02@F0) → Purchase F0",-0.02,0.037,"[0.8, 0.57, 0.55, 0.24, 0.16, 0.56, 0.72, 0.58, 0.29]"
9,4,C16,True,"Yes, because personalized recommendations with 9 firms will likely reduce search costs more than the privacy value of 0.027.",6,"### Decision:
I'll **purchase Firm 6** because: 
- It offers a positive profit of 0.18.
- The expected benefit from further search is unlikely to offset the 0.02 search cost.","C16 Search #1 (Searched:1/9, SearchCost:0.00, BestProfit:0.18@F6) → Purchase F6",0.15,0.027,"[0.3, 0.49, 0.09, 0.42, 0.06, 0.08, 0.96, 0.81, 0.87]"
9,4,C17,True,"Yes, because personalized recommendations with 9 firms likely reduce search costs more than the privacy cost of 0.033.",7,"### Decision:  
I'll **purchase Firm 7** (choose number 7) because:  
- The firm offers a positive profit of 0.13.  
- As a rational consumer, I won't leave without buying when positive profit is available.","C17 Search #1 (Searched:1/9, SearchCost:0.00, BestProfit:0.13@F7) → Purchase F7",0.1,0.033,"[0.75, 0.14, 0.8, 0.41, 0.57, 0.17, 0.39, 0.93, 0.8]"
9,4,C18,True,"Yes, because personalized recommendations with 9 firms will likely reduce search costs more than the privacy cost of 0.051.",6,"### Decision:
I'll **purchase Firm 6** (choose number 6) because: 
- The firm offers a positive profit of 0.14.
- Searching more would incur a search cost of 0.02 with uncertain benefits, making it irrational to delay purchase.","C18 Search #1 (Searched:1/9, SearchCost:0.00, BestProfit:0.14@F6) → Purchase F6",0.09,0.051,"[0.62, 0.3, 0.59, 0.43, 0.7, 0.56, 0.92, 0.18, 0.09]"
9,4,C19,True,"Yes, because with 9 firms, personalized recommendations will likely reduce search costs more than the privacy cost of 0.052.",1,"### Decision:
I'll **purchase Firm 1** (choose number 1) because: 
- It offers a positive profit of 0.07.
- Additional search costs 0.02 and is unlikely to yield better profit due to valuation sorting.","C19 Search #1 (Searched:1/9, SearchCost:0.00, BestProfit:0.07@F1) → Purchase F1",0.02,0.052,"[0.81, 0.85, 0.38, 0.09, 0.29, 0.32, 0.1, 0.22, 0.08]"
9,4,C20,True,"Yes, because personalized recommendations for 9 firms will likely reduce search costs more than the privacy cost of 0.054.",0,"### Decision:
I'll **purchase Firm 0** because: 
- It offers a positive profit of 0.20
- Further search may not yield better deals given the sorted recommendations and the 0.02 search cost","C20 Search #1 (Searched:1/9, SearchCost:0.00, BestProfit:0.20@F0) → Purchase F0",0.15,0.054,"[0.98, 0.43, 0.58, 0.78, 0.45, 0.56, 0.07, 0.58, 0.57]"
9,5,C1,True,"Yes, because personalized recommendations with 9 firms will likely reduce search costs and improve matching, outweighing the privacy cost of 0.034.",6,"### Decision:
I'll **purchase Firm 6** (choose number 6) because: 
- Firm 6 offers a positive profit of 0.10.
- Searching more costs 0.02 and may not improve profit, given the personalized valuation order.","C1 Search #1 (Searched:1/9, SearchCost:0.00, BestProfit:0.10@F6) → Purchase F6",0.07,0.034,"[0.62, 0.25, 0.82, 0.48, 0.59, 0.43, 0.88, 0.13, 0.43]"
9,5,C2,True,"Yes, because with 9 firms, personalized recommendations significantly reduce expected search costs and improve deal quality, outweighing the privacy cost of 0.028.",2,"### Decision:
I'll **purchase Firm 2** (choose number 2) because: 
- Positive profit of 0.12 already found.
- Additional search cost of 0.02 unlikely to yield better profit given sorted recommendations.","C2 Search #1 (Searched:1/9, SearchCost:0.00, BestProfit:0.12@F2) → Purchase F2",0.09,0.028,"[0.69, 0.55, 0.9, 0.7, 0.66, 0.83, 0.53, 0.19, 0.85]"
9,5,C3,True,"yes, because with 9 firms, personalized recommendations will likely reduce search costs more than the privacy cost of 0.052.",5,"### Decision:
I'll **purchase Firm 5** (choose number 5) because: 
- It offers a positive profit of 0.17
- As a rational consumer, I will not leave without buying when positive profit is available","C3 Search #1 (Searched:1/9, SearchCost:0.00, BestProfit:0.17@F5) → Purchase F5",0.12,0.052,"[0.07, 0.0, 0.5, 0.86, 0.94, 0.99, 0.87, 0.86, 0.72]"
9,5,C4,True,"Yes, because personalized recommendations with 9 firms will likely reduce search costs more than the 0.04 privacy cost, based on past benefits.",2,"### Decision:
I'll **purchase Firm 2** (choose number 2) because: 
- Current firm offers positive profit of 0.15.
- Additional search costs 0.02 with uncertain benefit.","C4 Search #1 (Searched:1/9, SearchCost:0.00, BestProfit:0.15@F2) → Purchase F2",0.11,0.04,"[0.56, 0.76, 0.93, 0.63, 0.56, 0.85, 0.85, 0.52, 0.17]"
9,5,C5,True,"Yes, because with 9 firms, personalized recommendations will reduce search costs more than the 0.04 privacy cost, based on past success.",1,"### Decision:
I'll **purchase Firm 1** (choose number 1) because: 
- Firm 1 offers a positive profit of 0.07 with no additional search cost.
- Searching more is unlikely to yield a better deal due to sorted decreasing valuations.","C5 Search #1 (Searched:1/9, SearchCost:0.00, BestProfit:0.07@F1) → Purchase F1",0.03,0.04,"[0.39, 0.87, 0.49, 0.37, 0.05, 0.57, 0.84, 0.49, 0.08]"
9,5,C6,True,"Yes, because with 9 firms, personalized recommendations likely improve valuation matching and reduce search costs, outweighing the 0.035 privacy cost based on high revenues from other sharers.",6,"### Decision:  
I'll **purchase Firm 6** (choose number 6) because:  
- The firm offers a positive profit of 0.06.  
- As a rational consumer, I must buy when positive profit is available from searched firms.","C6 Search #1 (Searched:1/9, SearchCost:0.00, BestProfit:0.06@F6) → Purchase F6",0.02,0.035,"[0.68, 0.73, 0.82, 0.44, 0.81, 0.14, 0.84, 0.83, 0.49]"
9,5,C7,True,"Yes, because with 9 firms, personalized recommendations will likely reduce search costs more than the privacy cost of 0.052.",5,"### Decision:
I'll **purchase Firm 5** (choose number 5) because: 
- Positive profit of 0.10.
- Unlikely to find better deal due to decreasing valuations in sorted list.","C7 Search #1 (Searched:1/9, SearchCost:0.00, BestProfit:0.10@F5) → Purchase F5",0.05,0.052,"[0.44, 0.83, 0.32, 0.7, 0.69, 0.92, 0.57, 0.32, 0.82]"
9,5,C8,True,"Yes, because with 9 firms, personalized recommendations will likely reduce search costs more than the privacy cost of 0.029.",3,"### Decision:
I'll **purchase Firm 3** (choose number 3) because: 
- It offers positive profit of 0.16
- Rationality constraint requires buying when positive profit is available","C8 Search #1 (Searched:1/9, SearchCost:0.00, BestProfit:0.16@F3) → Purchase F3",0.13,0.029,"[0.31, 0.8, 0.88, 0.94, 0.77, 0.85, 0.79, 0.17, 0.32]"
9,5,C9,True,"Yes, because personalized recommendations for 9 firms likely reduce search costs more than the privacy cost of 0.046.",8,"### Decision:
I'll **purchase Firm 8** (choose number 8) because: 
- It offers a positive profit of 0.02.
- Guidelines state I won't leave without buying if positive profit is available.","C9 Search #1 (Searched:1/9, SearchCost:0.00, BestProfit:0.02@F8) → Purchase F8",-0.03,0.046,"[0.25, 0.73, 0.62, 0.71, 0.3, 0.63, 0.29, 0.72, 0.82]"
9,5,C10,True,"Yes, because with 9 firms, personalized recommendations will likely reduce search costs more than the privacy cost of 0.054.",8,"### Decision:  
I'll **purchase Firm 8** (choose number 8) because:  
- It offers a positive profit of 0.1, ensuring a gain.  
- Additional search costs 0.02 with uncertain benefits, risking lower net revenue.","C10 Search #1 (Searched:1/9, SearchCost:0.00, BestProfit:0.10@F8) → Purchase F8",0.05,0.054,"[0.69, 0.33, 0.01, 0.2, 0.23, 0.22, 0.52, 0.07, 0.9]"
9,5,C11,True,"Yes, because personalized recommendations with 9 firms can significantly reduce search costs, potentially offsetting the privacy cost of 0.055.",-1,"### Decision:
I'll **leave** (choose number -1) because: 
- No positive profit from the searched firm with highest valuation.
- Additional search costs 0.02 with low expected benefit, as sequence is sorted and likely yields worse outcomes.","C11 Search #1 (Searched:1/9, SearchCost:0.00, BestProfit:-0.02@F2) → Leave Market",-0.06,0.055,"[0.06, 0.56, 0.76, 0.47, 0.38, 0.15, 0.59, 0.59, 0.42]"
9,5,C12,True,"Yes, because with 9 firms, personalized recommendations will likely reduce search costs more than the privacy cost of 0.039.",0,"### Decision:
I'll **purchase Firm 0** (choose number 0) because: 
- It offers a positive profit of 0.19.
- Rational to buy when positive profit is available, avoiding additional search costs.","C12 Search #1 (Searched:1/9, SearchCost:0.00, BestProfit:0.19@F0) → Purchase F0",0.15,0.039,"[0.99, 0.32, 0.23, 0.32, 0.46, 0.32, 0.56, 0.62, 0.58]"
9,5,C13,True,"Yes, because with 9 firms, personalized recommendations will likely reduce search costs more than the privacy cost of 0.051.",7,"### Decision:
I'll **purchase Firm 7** (choose number 7) because: 
- It offers a positive profit of 0.20.
- Further searching costs 0.02 with uncertain benefits and may not improve net revenue.","C13 Search #1 (Searched:1/9, SearchCost:0.00, BestProfit:0.20@F7) → Purchase F7",0.15,0.051,"[0.57, 0.48, 0.68, 0.22, 0.48, 0.8, 0.78, 0.98, 0.12]"
9,5,C14,True,"Yes, because personalized recommendations with 9 firms will likely reduce search costs more than the privacy cost of 0.042.",7,"### Decision:
I'll **purchase Firm 7** (choose number 7) because: 
- It offers a positive profit of 0.14, which I must buy rationally.
- Further search costs 0.02 and likely yields lower valuation with uncertain profit gain, not worth the cost.","C14 Search #1 (Searched:1/9, SearchCost:0.00, BestProfit:0.14@F7) → Purchase F7",0.1,0.042,"[0.61, 0.27, 0.58, 0.58, 0.38, 0.02, 0.03, 0.92, 0.66]"
9,5,C15,True,"Yes, because with 9 firms, personalized recommendations will likely reduce search costs more than the privacy cost of 0.037.",0,"### Decision:
I'll **purchase Firm 0** (choose number 0) because: 
- It offers zero profit, so purchasing avoids additional costs and provides the product.
- Further searching risks incurring a 0.02 search cost with low likelihood of better outcomes due to personalized sorting.","C15 Search #1 (Searched:1/9, SearchCost:0.00, BestProfit:0.00@F0) → Purchase F0",-0.04,0.037,"[0.8, 0.57, 0.55, 0.24, 0.16, 0.56, 0.72, 0.58, 0.29]"
9,5,C16,True,"Yes, because personalized recommendations with 9 firms will likely reduce search costs more than the privacy value of 0.027, based on past positive outcomes.",6,"### Decision:
I'll **purchase Firm 6** because: 
- It offers a positive profit of 0.18.
- The expected benefit from further search is unlikely to offset the 0.02 search cost.","C16 Search #1 (Searched:1/9, SearchCost:0.00, BestProfit:0.18@F6) → Purchase F6",0.15,0.027,"[0.3, 0.49, 0.09, 0.42, 0.06, 0.08, 0.96, 0.81, 0.87]"
9,5,C17,True,"Yes, because personalized recommendations with 9 firms will likely reduce search costs more than the privacy cost of 0.033.",7,"### Decision:  
I'll **purchase Firm 7** (choose number 7) because:  
- The firm offers a positive profit of 0.15.  
- As a rational consumer, I won't leave without buying when positive profit is available.","C17 Search #1 (Searched:1/9, SearchCost:0.00, BestProfit:0.15@F7) → Purchase F7",0.12,0.033,"[0.75, 0.14, 0.8, 0.41, 0.57, 0.17, 0.39, 0.93, 0.8]"
9,5,C18,True,"Yes, because personalized recommendations with 9 firms will likely reduce search costs more than the privacy cost of 0.051.",6,"### Decision:  
I'll **purchase Firm 6** (choose number 6) because:  
- The firm offers a positive profit of 0.14.  
- Searching more would incur a search cost of 0.02 with uncertain benefits, making it irrational to delay purchase.","C18 Search #1 (Searched:1/9, SearchCost:0.00, BestProfit:0.14@F6) → Purchase F6",0.09,0.051,"[0.62, 0.3, 0.59, 0.43, 0.7, 0.56, 0.92, 0.18, 0.09]"
9,5,C19,True,"Yes, because with 9 firms, personalized recommendations greatly reduce expected search costs, outweighing the privacy cost of 0.052.",1,"### Decision:
I'll **purchase Firm 1** (choose number 1) because: 
- It offers a positive profit of 0.05.
- Additional searches cost 0.02 and are unlikely to yield better profit due to valuation sorting.","C19 Search #1 (Searched:1/9, SearchCost:0.00, BestProfit:0.05@F1) → Purchase F1",0.0,0.052,"[0.81, 0.85, 0.38, 0.09, 0.29, 0.32, 0.1, 0.22, 0.08]"
9,5,C20,True,"Yes, because with 9 firms, personalized recommendations will likely reduce search costs more than the privacy cost of 0.054, based on past benefits.",0,"### Decision:
I'll **purchase Firm 0** because: 
- It offers a positive profit of 0.18
- Further search is unlikely to yield better deals given the sorted recommendations and the 0.02 search cost","C20 Search #1 (Searched:1/9, SearchCost:0.00, BestProfit:0.18@F0) → Purchase F0",0.13,0.054,"[0.98, 0.43, 0.58, 0.78, 0.45, 0.56, 0.07, 0.58, 0.57]"
9,6,C1,True,"Yes, because the expected reduction in search cost from personalized recommendations with 9 firms likely outweighs the privacy cost of 0.034, based on past positive outcomes.",6,"### Decision:
I'll **purchase Firm 6** (choose number 6) because: 
- Firm 6 offers a positive profit of 0.10.
- Searching more costs 0.02 and may not improve profit, given the personalized valuation order.","C1 Search #1 (Searched:1/9, SearchCost:0.00, BestProfit:0.10@F6) → Purchase F6",0.07,0.034,"[0.62, 0.25, 0.82, 0.48, 0.59, 0.43, 0.88, 0.13, 0.43]"
9,6,C2,True,"Yes, because with 9 firms, personalized recommendations significantly reduce expected search costs, outweighing the privacy cost of 0.028.",2,"### Decision:
I'll **purchase Firm 2** (choose number 2) because: 
- Positive profit of 0.14 already found.
- Additional search cost of 0.02 unlikely to yield better profit given sorted recommendations.","C2 Search #1 (Searched:1/9, SearchCost:0.00, BestProfit:0.14@F2) → Purchase F2",0.11,0.028,"[0.69, 0.55, 0.9, 0.7, 0.66, 0.83, 0.53, 0.19, 0.85]"
9,6,C3,True,"yes, because with 9 firms, personalized recommendations will likely reduce search costs more than the privacy cost of 0.052.",5,"### Decision:
I'll **purchase Firm 5** (choose number 5) because: 
- It offers a positive profit of 0.19
- As a rational consumer, I will not leave without buying when positive profit is available","C3 Search #1 (Searched:1/9, SearchCost:0.00, BestProfit:0.19@F5) → Purchase F5",0.14,0.052,"[0.07, 0.0, 0.5, 0.86, 0.94, 0.99, 0.87, 0.86, 0.72]"
9,6,C4,True,"Yes, because with 9 firms, personalized recommendations will likely reduce search costs more than the privacy cost of 0.04, based on past benefits.",2,"### Decision:
I'll **purchase Firm 2** (choose number 2) because: 
- Current firm offers positive profit of 0.17.
- Additional search costs 0.02 with uncertain benefit.","C4 Search #1 (Searched:1/9, SearchCost:0.00, BestProfit:0.17@F2) → Purchase F2",0.13,0.04,"[0.56, 0.76, 0.93, 0.63, 0.56, 0.85, 0.85, 0.52, 0.17]"
9,6,C5,True,"Yes, because personalized recommendations with 9 firms will reduce search costs more than the 0.04 privacy cost, based on past success.",1,"### Decision:
I'll **purchase Firm 1** (choose number 1) because: 
- Firm 1 offers a positive profit of 0.09 with no additional search cost.
- Searching further is unlikely to yield a better deal due to sorted decreasing valuations.","C5 Search #1 (Searched:1/9, SearchCost:0.00, BestProfit:0.09@F1) → Purchase F1",0.05,0.04,"[0.39, 0.87, 0.49, 0.37, 0.05, 0.57, 0.84, 0.49, 0.08]"
9,6,C6,True,"Yes, because with 9 firms, personalized recommendations likely improve valuation matching and reduce search costs, outweighing the 0.035 privacy cost based on high revenues from other sharers.",6,"### Decision:  
I'll **purchase Firm 6** (choose number 6) because:  
- The firm offers a positive profit of 0.06.  
- As a rational consumer, I must buy when positive profit is available from searched firms.","C6 Search #1 (Searched:1/9, SearchCost:0.00, BestProfit:0.06@F6) → Purchase F6",0.02,0.035,"[0.68, 0.73, 0.82, 0.44, 0.81, 0.14, 0.84, 0.83, 0.49]"
9,6,C7,True,"Yes, because with 9 firms, personalized recommendations will likely reduce search costs more than the privacy cost of 0.052.",5,"### Decision:  
I'll **purchase Firm 5** (choose number 5) because:  
- Positive profit of 0.12.  
- Unlikely to find better deal due to decreasing valuations in sorted list.","C7 Search #1 (Searched:1/9, SearchCost:0.00, BestProfit:0.12@F5) → Purchase F5",0.07,0.052,"[0.44, 0.83, 0.32, 0.7, 0.69, 0.92, 0.57, 0.32, 0.82]"
9,6,C8,True,"Yes, because with 9 firms, personalized recommendations will likely reduce search costs more than the privacy cost of 0.029, based on past successful outcomes.",3,"### Decision:
I'll **purchase Firm 3** (choose number 3) because: 
- It offers positive profit of 0.16
- Rationality constraint requires buying when positive profit is available","C8 Search #1 (Searched:1/9, SearchCost:0.00, BestProfit:0.16@F3) → Purchase F3",0.13,0.029,"[0.31, 0.8, 0.88, 0.94, 0.77, 0.85, 0.79, 0.17, 0.32]"
9,6,C9,True,"Yes, because personalized recommendations for 9 firms will likely reduce search costs more than the privacy cost of 0.046.",8,"### Decision:  
I'll **purchase Firm 8** (choose number 8) because:  
- It offers a positive profit of 0.04.  
- Guidelines state I won't leave without buying if positive profit is available.","C9 Search #1 (Searched:1/9, SearchCost:0.00, BestProfit:0.04@F8) → Purchase F8",-0.01,0.046,"[0.25, 0.73, 0.62, 0.71, 0.3, 0.63, 0.29, 0.72, 0.82]"
9,6,C10,True,"Yes, because with 9 firms, personalized recommendations significantly reduce search costs, likely offsetting the privacy cost of 0.054, as demonstrated in past rounds.",8,"### Decision:
I'll **purchase Firm 8** (choose number 8) because: 
- It offers a positive profit of 0.12, ensuring a gain.
- Additional search costs 0.02 with low expected benefit, given sorted recommendations.","C10 Search #1 (Searched:1/9, SearchCost:0.00, BestProfit:0.12@F8) → Purchase F8",0.07,0.054,"[0.69, 0.33, 0.01, 0.2, 0.23, 0.22, 0.52, 0.07, 0.9]"
9,6,C11,True,"Yes, because with 9 firms, personalized recommendations will likely reduce search costs more than the privacy cost of 0.055, increasing the chance of finding a good deal.",-1,"### Decision:
I'll **leave** (choose number -1) because: 
- No positive profit from searched firm (profit 0.0).
- Additional search costs 0.02 with low expected benefit, as sequence is sorted and likely yields worse outcomes.","C11 Search #1 (Searched:1/9, SearchCost:0.00, BestProfit:0.00@F2) → Leave Market",-0.06,0.055,"[0.06, 0.56, 0.76, 0.47, 0.38, 0.15, 0.59, 0.59, 0.42]"
9,6,C12,True,"Yes, because with 9 firms, personalized recommendations will likely reduce search costs more than the privacy cost of 0.039, based on consistent past benefits.",0,"### Decision:
I'll **purchase Firm 0** (choose number 0) because: 
- It offers a positive profit of 0.21.
- Rational to buy now, avoiding additional search costs with diminishing expected gains.","C12 Search #1 (Searched:1/9, SearchCost:0.00, BestProfit:0.21@F0) → Purchase F0",0.17,0.039,"[0.99, 0.32, 0.23, 0.32, 0.46, 0.32, 0.56, 0.62, 0.58]"
9,6,C13,True,"Yes, because with 9 firms, personalized recommendations will likely reduce search costs more than the privacy cost of 0.051.",7,"### Decision:  
I'll **purchase Firm 7** (choose number 7) because:  
- It offers a positive profit of 0.18.  
- Further searching costs 0.02 with uncertain benefits and may not improve net revenue.","C13 Search #1 (Searched:1/9, SearchCost:0.00, BestProfit:0.18@F7) → Purchase F7",0.13,0.051,"[0.57, 0.48, 0.68, 0.22, 0.48, 0.8, 0.78, 0.98, 0.12]"
9,6,C14,True,"Yes, because with 9 firms, personalized recommendations significantly reduce expected search costs, outweighing the privacy cost of 0.042 based on past successful outcomes.",7,"### Decision:
I'll **purchase Firm 7** (choose number 7) because: 
- It offers a positive profit of 0.12, which I must buy rationally.
- Further search costs 0.02 and likely yields lower profit, not worth the cost.","C14 Search #1 (Searched:1/9, SearchCost:0.00, BestProfit:0.12@F7) → Purchase F7",0.08,0.042,"[0.61, 0.27, 0.58, 0.58, 0.38, 0.02, 0.03, 0.92, 0.66]"
9,6,C15,True,"Yes, because with 9 firms, personalized recommendations significantly reduce expected search costs, outweighing the low privacy cost of 0.037.",0,"### Decision:
I'll **purchase Firm 0** (choose number 0) because: 
- It offers a positive profit of 0.02, so I won't leave without buying.
- With personalized sorting, further searches are unlikely to improve profit and would add a 0.02 cost.","C15 Search #1 (Searched:1/9, SearchCost:0.00, BestProfit:0.02@F0) → Purchase F0",-0.02,0.037,"[0.8, 0.57, 0.55, 0.24, 0.16, 0.56, 0.72, 0.58, 0.29]"
9,6,C16,True,"Yes, because personalized recommendations with 9 firms will likely reduce search costs more than the privacy cost of 0.027.",6,"### Decision:
I'll **purchase Firm 6** because: 
- It offers a positive profit of 0.18.
- The expected benefit from further search is unlikely to offset the 0.02 search cost.","C16 Search #1 (Searched:1/9, SearchCost:0.00, BestProfit:0.18@F6) → Purchase F6",0.15,0.027,"[0.3, 0.49, 0.09, 0.42, 0.06, 0.08, 0.96, 0.81, 0.87]"
9,6,C17,True,"Yes, because with 9 firms, personalized recommendations will likely reduce search costs more than the privacy cost of 0.033.",7,"### Decision:  
I'll **purchase Firm 7** (choose number 7) because:  
- The firm offers a positive profit of 0.13.  
- As a rational consumer, I won't leave without buying when positive profit is available.","C17 Search #1 (Searched:1/9, SearchCost:0.00, BestProfit:0.13@F7) → Purchase F7",0.1,0.033,"[0.75, 0.14, 0.8, 0.41, 0.57, 0.17, 0.39, 0.93, 0.8]"
9,6,C18,True,"Yes, because with 9 firms, personalized recommendations will likely reduce search costs more than the privacy cost of 0.051, based on past positive outcomes.",6,"### Decision:  
I'll **purchase Firm 6** (choose number 6) because:  
- The firm offers a positive profit of 0.14.  
- Searching more would incur a search cost of 0.02 with uncertain benefits, making it irrational to delay purchase.","C18 Search #1 (Searched:1/9, SearchCost:0.00, BestProfit:0.14@F6) → Purchase F6",0.09,0.051,"[0.62, 0.3, 0.59, 0.43, 0.7, 0.56, 0.92, 0.18, 0.09]"
9,6,C19,True,"Yes, because with 9 firms, personalized recommendations significantly reduce expected search costs, likely exceeding the privacy cost of 0.052.",1,"### Decision:
I'll **purchase Firm 1** (choose number 1) because: 
- It offers a positive profit of 0.07.
- Additional searches cost 0.02 and are unlikely to yield better profit due to valuation sorting.","C19 Search #1 (Searched:1/9, SearchCost:0.00, BestProfit:0.07@F1) → Purchase F1",0.02,0.052,"[0.81, 0.85, 0.38, 0.09, 0.29, 0.32, 0.1, 0.22, 0.08]"
9,6,C20,True,"Yes, because with 9 firms, personalized recommendations will significantly reduce search costs, outweighing the privacy cost of 0.054 based on past benefits.",0,"### Decision:  
I'll **purchase Firm 0** (choose number 0) because:  
- It offers a positive profit of 0.20  
- Further search is unlikely to yield better deals given the sorted recommendations and the 0.02 search cost","C20 Search #1 (Searched:1/9, SearchCost:0.00, BestProfit:0.20@F0) → Purchase F0",0.15,0.054,"[0.98, 0.43, 0.58, 0.78, 0.45, 0.56, 0.07, 0.58, 0.57]"
9,7,C1,True,"Yes, because personalized recommendations with 9 firms will likely reduce search costs more than the privacy cost of 0.034.",6,"### Decision:
I'll **purchase Firm 6** (choose number 6) because: 
- It offers a positive profit of 0.10.
- Searching more costs 0.02 and may not improve profit, given the personalized valuation order.","C1 Search #1 (Searched:1/9, SearchCost:0.00, BestProfit:0.10@F6) → Purchase F6",0.07,0.034,"[0.62, 0.25, 0.82, 0.48, 0.59, 0.43, 0.88, 0.13, 0.43]"
9,7,C2,True,"Yes, because with 9 firms, personalized recommendations will likely reduce search costs more than the privacy cost of 0.028, based on past benefits.",2,"### Decision:
I'll **purchase Firm 2** (choose number 2) because: 
- Positive profit of 0.12 already found.
- Additional search cost of 0.02 unlikely to yield better profit given sorted recommendations.","C2 Search #1 (Searched:1/9, SearchCost:0.00, BestProfit:0.12@F2) → Purchase F2",0.09,0.028,"[0.69, 0.55, 0.9, 0.7, 0.66, 0.83, 0.53, 0.19, 0.85]"
9,7,C3,True,"yes, because personalized recommendations with 9 firms will reduce search costs more than the privacy cost of 0.052.",5,"### Decision:
I'll **purchase Firm 5** (choose number 5) because: 
- It offers a positive profit of 0.21
- As a rational consumer, I will not leave without buying when positive profit is available","C3 Search #1 (Searched:1/9, SearchCost:0.00, BestProfit:0.21@F5) → Purchase F5",0.16,0.052,"[0.07, 0.0, 0.5, 0.86, 0.94, 0.99, 0.87, 0.86, 0.72]"
9,7,C4,True,"Yes, because personalized recommendations with 9 firms will likely reduce search costs more than the 0.04 privacy cost, based on past benefits.",2,"### Decision:
I'll **purchase Firm 2** (choose number 2) because: 
- Current firm offers positive profit of 0.15.
- Additional search costs 0.02 with uncertain benefit.","C4 Search #1 (Searched:1/9, SearchCost:0.00, BestProfit:0.15@F2) → Purchase F2",0.11,0.04,"[0.56, 0.76, 0.93, 0.63, 0.56, 0.85, 0.85, 0.52, 0.17]"
9,7,C5,True,"Yes, because personalized recommendations with 9 firms will likely reduce search costs more than the 0.04 privacy cost, based on past benefits.",1,"### Decision:
I'll **purchase Firm 1** (choose number 1) because: 
- Firm 1 offers a positive profit of 0.09 with no additional search cost.
- Searching further is unlikely to yield a better deal due to sorted decreasing valuations.","C5 Search #1 (Searched:1/9, SearchCost:0.00, BestProfit:0.09@F1) → Purchase F1",0.05,0.04,"[0.39, 0.87, 0.49, 0.37, 0.05, 0.57, 0.84, 0.49, 0.08]"
9,7,C6,False,"No, privacy cost (0.035) exceeds expected search cost savings based on past experience.",4,"### Decision:  
I'll **purchase Firm 4** (choose number 4) because:  
- The firm offers a positive profit of 0.31.  
- As a rational consumer, I must buy when positive profit is available from searched firms.","C6 Search #1 (Searched:1/9, SearchCost:0.00, BestProfit:-0.12@F0) → Search Next; C6 Search #2 (Searched:2/9, SearchCost:0.02, BestProfit:-0.12@F0) → Search Next; C6 Search #3 (Searched:3/9, SearchCost:0.04, BestProfit:0.31@F4) → Purchase F4",0.27,0.035,"[0.68, 0.73, 0.82, 0.44, 0.81, 0.14, 0.84, 0.83, 0.49]"
9,7,C7,True,"Yes, because with 9 firms, personalized recommendations significantly reduce search costs, outweighing the 0.052 privacy cost based on consistent past benefits.",5,"### Decision:
I'll **purchase Firm 5** (choose number 5) because: 
- Positive profit of 0.14.
- Unlikely to find better deal due to decreasing valuations in sorted list.","C7 Search #1 (Searched:1/9, SearchCost:0.00, BestProfit:0.14@F5) → Purchase F5",0.09,0.052,"[0.44, 0.83, 0.32, 0.7, 0.69, 0.92, 0.57, 0.32, 0.82]"
9,7,C8,True,"Yes, because personalized recommendations with 9 firms will likely reduce search costs and improve product matching more than the privacy cost of 0.029.",3,"### Decision:
I'll **purchase Firm 3** (choose number 3) because: 
- It offers positive profit of 0.18
- Rationality constraint requires buying when positive profit is available","C8 Search #1 (Searched:1/9, SearchCost:0.00, BestProfit:0.18@F3) → Purchase F3",0.15,0.029,"[0.31, 0.8, 0.88, 0.94, 0.77, 0.85, 0.79, 0.17, 0.32]"
9,7,C9,True,"Yes, because personalized recommendations with 9 firms will likely reduce search costs more than the privacy cost of 0.046.",8,"### Decision:
I'll **purchase Firm 8** (choose number 8) because: 
- It offers a positive profit of 0.02.
- Guidelines state I won't leave without buying if positive profit is available.","C9 Search #1 (Searched:1/9, SearchCost:0.00, BestProfit:0.02@F8) → Purchase F8",-0.03,0.046,"[0.25, 0.73, 0.62, 0.71, 0.3, 0.63, 0.29, 0.72, 0.82]"
9,7,C10,True,"Yes, because with 9 firms, personalized recommendations will likely reduce search costs more than the privacy cost of 0.054, based on consistent past benefits.",8,"### Decision:  
I'll **purchase Firm 8** (choose number 8) because:  
- It offers a positive profit of 0.1, ensuring a gain.  
- Additional search costs 0.02 with low expected benefit, given sorted recommendations.","C10 Search #1 (Searched:1/9, SearchCost:0.00, BestProfit:0.10@F8) → Purchase F8",0.05,0.054,"[0.69, 0.33, 0.01, 0.2, 0.23, 0.22, 0.52, 0.07, 0.9]"
9,7,C11,False,"No, to avoid privacy cost given consistent lack of benefit in past searches.",-1,"### Decision:
I'll **leave** (choose number -1) because: 
- No positive profit from searched firm (profit -0.38).
- Searching costs 0.02 with low expected benefit, based on consistent negative outcomes in past searches.","C11 Search #1 (Searched:1/9, SearchCost:0.00, BestProfit:-0.38@F8) → Leave Market",0.0,0.055,"[0.06, 0.56, 0.76, 0.47, 0.38, 0.15, 0.59, 0.59, 0.42]"
9,7,C12,True,"Yes, because with 9 firms, personalized recommendations will significantly reduce search costs, outweighing the privacy cost of 0.039 based on consistent past benefits.",0,"### Decision:
I'll **purchase Firm 0** (choose number 0) because: 
- It offers a positive profit of 0.19.
- Additional search cost of 0.02 is unlikely to yield better profit due to personalized sorting.","C12 Search #1 (Searched:1/9, SearchCost:0.00, BestProfit:0.19@F0) → Purchase F0",0.15,0.039,"[0.99, 0.32, 0.23, 0.32, 0.46, 0.32, 0.56, 0.62, 0.58]"
9,7,C13,True,"Yes, because with 9 firms, personalized recommendations will likely reduce search costs more than the privacy cost of 0.051, based on consistent past benefits.",7,"### Decision:  
I'll **purchase Firm 7** (choose number 7) because:  
- It offers a positive profit of 0.18.  
- Further searching costs 0.02 with uncertain benefits and may not improve net revenue.","C13 Search #1 (Searched:1/9, SearchCost:0.00, BestProfit:0.18@F7) → Purchase F7",0.13,0.051,"[0.57, 0.48, 0.68, 0.22, 0.48, 0.8, 0.78, 0.98, 0.12]"
9,7,C14,True,"Yes, because with 9 firms, personalized recommendations significantly reduce expected search costs, outweighing the privacy cost of 0.042 based on past benefits.",7,"### Decision:
I'll **purchase Firm 7** (choose number 7) because: 
- It offers a positive profit of 0.12, which I must buy rationally.
- Further search costs 0.02 and likely yields lower valuation with uncertain profit gain, not worth the cost.","C14 Search #1 (Searched:1/9, SearchCost:0.00, BestProfit:0.12@F7) → Purchase F7",0.08,0.042,"[0.61, 0.27, 0.58, 0.58, 0.38, 0.02, 0.03, 0.92, 0.66]"
9,7,C15,True,"Yes, because with 9 firms, personalized recommendations will likely reduce search costs more than the privacy cost of 0.037, based on past benefits and rational maximization of revenue.",0,"### Decision:
I'll **purchase Firm 0** (choose number 0) because: 
- It offers zero profit, and purchasing provides the product without additional costs.
- With personalized sorting, further searches are unlikely to improve the outcome.","C15 Search #1 (Searched:1/9, SearchCost:0.00, BestProfit:0.00@F0) → Purchase F0",-0.04,0.037,"[0.8, 0.57, 0.55, 0.24, 0.16, 0.56, 0.72, 0.58, 0.29]"
9,7,C16,True,"Yes, because personalized recommendations with 9 firms will likely reduce search costs more than the privacy cost of 0.027, based on past benefits.",6,"### Decision:
I'll **purchase Firm 6** because: 
- It offers a positive profit of 0.18.
- The expected benefit from further search is unlikely to offset the 0.02 search cost.","C16 Search #1 (Searched:1/9, SearchCost:0.00, BestProfit:0.18@F6) → Purchase F6",0.15,0.027,"[0.3, 0.49, 0.09, 0.42, 0.06, 0.08, 0.96, 0.81, 0.87]"
9,7,C17,True,"Yes, because personalized recommendations with 9 firms will likely reduce search costs more than the privacy cost of 0.033.",7,"### Decision:  
I'll **purchase Firm 7** (choose number 7) because:  
- The firm offers a positive profit of 0.13.  
- As a rational consumer, I won't leave without buying when positive profit is available.","C17 Search #1 (Searched:1/9, SearchCost:0.00, BestProfit:0.13@F7) → Purchase F7",0.1,0.033,"[0.75, 0.14, 0.8, 0.41, 0.57, 0.17, 0.39, 0.93, 0.8]"
9,7,C18,True,"Yes, because personalized recommendations with 9 firms will likely reduce search costs more than the privacy cost of 0.051, based on consistent past benefits.",6,"### Decision:  
I'll **purchase Firm 6** (choose number 6) because:  
- The firm offers a positive profit of 0.14.  
- Searching more would incur a search cost of 0.02 with uncertain benefits, making it irrational to delay purchase.","C18 Search #1 (Searched:1/9, SearchCost:0.00, BestProfit:0.14@F6) → Purchase F6",0.09,0.051,"[0.62, 0.3, 0.59, 0.43, 0.7, 0.56, 0.92, 0.18, 0.09]"
9,7,C19,True,"Yes, because with 9 firms, personalized recommendations will likely reduce search costs more than the privacy cost of 0.052, based on consistent past benefits.",1,"### Decision:
I'll **purchase Firm 1** (choose number 1) because: 
- It offers a positive profit of 0.07.
- Additional search costs 0.02 and is unlikely to yield better profit due to valuation sorting.","C19 Search #1 (Searched:1/9, SearchCost:0.00, BestProfit:0.07@F1) → Purchase F1",0.02,0.052,"[0.81, 0.85, 0.38, 0.09, 0.29, 0.32, 0.1, 0.22, 0.08]"
9,7,C20,True,"Yes, because with 9 firms, personalized recommendations will likely reduce search costs more than the privacy cost of 0.054, based on past benefits.",0,"### Decision:
I'll **purchase Firm 0** (choose number 0) because: 
- It offers a positive profit of 0.18
- Further search is unlikely to yield better deals given the sorted recommendations and the 0.02 search cost","C20 Search #1 (Searched:1/9, SearchCost:0.00, BestProfit:0.18@F0) → Purchase F0",0.13,0.054,"[0.98, 0.43, 0.58, 0.78, 0.45, 0.56, 0.07, 0.58, 0.57]"
9,8,C1,True,"Yes, because the expected search cost reduction from personalized recommendations with 9 firms outweighs the privacy cost of 0.034.",6,"### Decision:
I'll **purchase Firm 6** (choose number 6) because: 
- It offers a positive profit of 0.08.
- Searching more costs 0.02 and may not improve profit, given the personalized valuation order.","C1 Search #1 (Searched:1/9, SearchCost:0.00, BestProfit:0.08@F6) → Purchase F6",0.05,0.034,"[0.62, 0.25, 0.82, 0.48, 0.59, 0.43, 0.88, 0.13, 0.43]"
9,8,C2,True,"Yes, because expected search cost reduction with personalized recommendations for 9 firms outweighs privacy value of 0.028, based on past benefits.",2,"### Decision:
I'll **purchase Firm 2** (choose number 2) because: 
- Positive profit of 0.10 already found.
- Additional search cost of 0.02 unlikely to yield better profit given sorted recommendations.","C2 Search #1 (Searched:1/9, SearchCost:0.00, BestProfit:0.10@F2) → Purchase F2",0.07,0.028,"[0.69, 0.55, 0.9, 0.7, 0.66, 0.83, 0.53, 0.19, 0.85]"
9,8,C3,False,"No, because the privacy cost of 0.052 may exceed the expected search cost savings, and not sharing could allow finding better deals, as seen in recent high-revenue cases.",3,"### Decision:
I'll **purchase Firm 3** (choose number 3) because: 
- It offers a positive profit of 0.06
- As a rational consumer, I will not leave without buying when positive profit is available","C3 Search #1 (Searched:1/9, SearchCost:0.00, BestProfit:0.06@F3) → Purchase F3",0.06,0.052,"[0.07, 0.0, 0.5, 0.86, 0.94, 0.99, 0.87, 0.86, 0.72]"
9,8,C4,True,"Yes, because with 9 firms, personalized recommendations will likely reduce search costs more than the privacy cost of 0.04, based on past benefits.",2,"### Decision:
I'll **purchase Firm 2** (choose number 2) because: 
- Current firm offers positive profit of 0.13.
- Additional search costs 0.02 with uncertain benefit due to personalized sorting.","C4 Search #1 (Searched:1/9, SearchCost:0.00, BestProfit:0.13@F2) → Purchase F2",0.09,0.04,"[0.56, 0.76, 0.93, 0.63, 0.56, 0.85, 0.85, 0.52, 0.17]"
9,8,C5,True,"Yes, because personalized recommendations with 9 firms likely reduce search costs more than the 0.04 privacy cost, based on past success.",1,"### Decision:  
I'll **purchase Firm 1** (choose number 1) because:  
- Firm 1 offers a positive profit of 0.07 with no additional search cost.  
- Searching further would cost 0.02 and is unlikely to yield a better deal due to sorted decreasing valuations.","C5 Search #1 (Searched:1/9, SearchCost:0.00, BestProfit:0.07@F1) → Purchase F1",0.03,0.04,"[0.39, 0.87, 0.49, 0.37, 0.05, 0.57, 0.84, 0.49, 0.08]"
9,8,C6,True,"yes, because with 9 firms, personalized recommendations will likely reduce search costs and improve matching, outweighing the 0.035 privacy cost.",6,"### Decision:
I'll **purchase Firm 6** (choose number 6) because: 
- It offers a positive profit of 0.04.
- As a rational consumer, I must buy when positive profit is available from searched firms, especially with personalized recommendations reducing the need for further searches.","C6 Search #1 (Searched:1/9, SearchCost:0.00, BestProfit:0.04@F6) → Purchase F6",0.0,0.035,"[0.68, 0.73, 0.82, 0.44, 0.81, 0.14, 0.84, 0.83, 0.49]"
9,8,C7,False,"No, because the privacy cost of 0.052 may outweigh the expected search cost savings, given that non-sharing consumers achieved higher revenues in recent outcomes.",5,"### Decision:  
I'll **purchase Firm 5** (choose number 5) because:  
- Positive profit of 0.12.  
- Unlikely to find better deal justifying 0.02 search cost.","C7 Search #1 (Searched:1/9, SearchCost:0.00, BestProfit:0.12@F5) → Purchase F5",0.12,0.052,"[0.44, 0.83, 0.32, 0.7, 0.69, 0.92, 0.57, 0.32, 0.82]"
9,8,C8,True,"Yes, expected search cost savings from personalized recommendations with 9 firms outweigh the low privacy cost of 0.029.",3,"### Decision:
I'll **purchase Firm 3** (choose number 3) because: 
- It offers positive profit of 0.14
- Rationality constraint requires buying when positive profit is available","C8 Search #1 (Searched:1/9, SearchCost:0.00, BestProfit:0.14@F3) → Purchase F3",0.11,0.029,"[0.31, 0.8, 0.88, 0.94, 0.77, 0.85, 0.79, 0.17, 0.32]"
9,8,C9,False,"No, to potentially access better deals through multiple searches, as observed in top consumers' outcomes, outweighing the privacy cost of 0.046.",-1,"### Decision:
I'll **leave** (choose number -1) because: 
- No searched firm offers positive profit.
- Further search cost outweighs potential gain.","C9 Search #1 (Searched:1/9, SearchCost:0.00, BestProfit:-0.18@F2) → Search Next; C9 Search #2 (Searched:2/9, SearchCost:0.02, BestProfit:0.00@F8) → Search Next; C9 Search #3 (Searched:3/9, SearchCost:0.04, BestProfit:0.00@F8) → Search Next; C9 Search #4 (Searched:4/9, SearchCost:0.06, BestProfit:0.00@F8) → Leave Market",-0.06,0.046,"[0.25, 0.73, 0.62, 0.71, 0.3, 0.63, 0.29, 0.72, 0.82]"
9,8,C10,False,"No, privacy cost (0.054) likely exceeds search cost savings, as recent recommendations yielded low profits and not sharing may allow finding better deals through exploration.",-1,"### Decision:
I'll **leave** (choose number -1) because: 
- All searched firms have negative profit, yielding no gain.
- Additional search costs 0.02 with low expected benefit, increasing potential losses.","C10 Search #1 (Searched:1/9, SearchCost:0.00, BestProfit:-0.58@F5) → Search Next; C10 Search #2 (Searched:2/9, SearchCost:0.02, BestProfit:-0.47@F1) → Search Next; C10 Search #3 (Searched:3/9, SearchCost:0.04, BestProfit:-0.13@F0) → Leave Market",-0.04,0.054,"[0.69, 0.33, 0.01, 0.2, 0.23, 0.22, 0.52, 0.07, 0.9]"
9,8,C11,True,"Yes, because with 9 firms, personalized recommendations significantly reduce expected search costs, potentially offsetting the privacy cost of 0.055.",-1,"### Decision:
I'll **leave** (choose number -1) because: 
- No positive profit from searched firm (profit -0.04).
- Additional search costs 0.02 with low expected benefit, as sequence is sorted and likely yields worse outcomes.","C11 Search #1 (Searched:1/9, SearchCost:0.00, BestProfit:-0.04@F2) → Leave Market",-0.06,0.055,"[0.06, 0.56, 0.76, 0.47, 0.38, 0.15, 0.59, 0.59, 0.42]"
9,8,C12,True,"Yes, because with 9 firms, personalized recommendations likely reduce search costs more than the privacy cost of 0.039.",0,"### Decision:
I'll **purchase Firm 0** (choose number 0) because: 
- It offers a positive profit of 0.17.
- Rational to buy now, avoiding additional search costs with personalized sorting.","C12 Search #1 (Searched:1/9, SearchCost:0.00, BestProfit:0.17@F0) → Purchase F0",0.13,0.039,"[0.99, 0.32, 0.23, 0.32, 0.46, 0.32, 0.56, 0.62, 0.58]"
9,8,C13,True,"Yes, because with 9 firms, personalized recommendations consistently reduce search costs more than the privacy cost of 0.051, based on past experiences.",7,"### Decision:  
I'll **purchase Firm 7** (choose number 7) because:  
- It offers a positive profit of 0.16.  
- Further searching costs 0.02 with uncertain benefits and may not improve net revenue.","C13 Search #1 (Searched:1/9, SearchCost:0.00, BestProfit:0.16@F7) → Purchase F7",0.11,0.051,"[0.57, 0.48, 0.68, 0.22, 0.48, 0.8, 0.78, 0.98, 0.12]"
9,8,C14,True,"Yes, because with 9 firms, personalized recommendations significantly reduce expected search costs, outweighing the privacy cost of 0.042 based on past benefits.",7,"### Decision:
I'll **purchase Firm 7** (choose number 7) because: 
- It offers a positive profit of 0.10, which I must buy rationally.
- Further search costs 0.02 and likely yields lower valuation with uncertain profit gain, not worth the cost.","C14 Search #1 (Searched:1/9, SearchCost:0.00, BestProfit:0.10@F7) → Purchase F7",0.06,0.042,"[0.61, 0.27, 0.58, 0.58, 0.38, 0.02, 0.03, 0.92, 0.66]"
9,8,C15,False,"No, because recent sharing experiences resulted in low or negative revenue, and the privacy cost of 0.037 may not be offset by search cost savings.",-1,"### Decision:
I'll **leave** (choose number -1) because: 
- Both searched firms have negative profit.
- Further searching incurs additional 0.02 cost with uncertain benefit, risking greater loss.","C15 Search #1 (Searched:1/9, SearchCost:0.00, BestProfit:-0.08@F6) → Search Next; C15 Search #2 (Searched:2/9, SearchCost:0.02, BestProfit:-0.08@F6) → Leave Market",-0.02,0.037,"[0.8, 0.57, 0.55, 0.24, 0.16, 0.56, 0.72, 0.58, 0.29]"
9,8,C16,True,"yes, because personalized recommendations with 9 firms likely reduce search costs more than the privacy cost of 0.027.",6,"### Decision:
I'll **purchase Firm 6** (choose number 6) because: 
- It offers a positive profit of 0.16.
- Expected benefit from further search is unlikely to offset the 0.02 search cost.","C16 Search #1 (Searched:1/9, SearchCost:0.00, BestProfit:0.16@F6) → Purchase F6",0.13,0.027,"[0.3, 0.49, 0.09, 0.42, 0.06, 0.08, 0.96, 0.81, 0.87]"
9,8,C17,False,"No, because privacy cost (0.033) exceeds expected search cost savings, as non-sharers have achieved higher revenue with moderate search costs.",-1,"### Decision:
I'll **leave** (choose number -1) because: 
- No searched firm offers positive profit.
- Further searching risks higher costs with uncertain benefits.","C17 Search #1 (Searched:1/9, SearchCost:0.00, BestProfit:-0.23@F4) → Search Next; C17 Search #2 (Searched:2/9, SearchCost:0.02, BestProfit:0.00@F2) → Search Next; C17 Search #3 (Searched:3/9, SearchCost:0.04, BestProfit:0.00@F2) → Leave Market",-0.04,0.033,"[0.75, 0.14, 0.8, 0.41, 0.57, 0.17, 0.39, 0.93, 0.8]"
9,8,C18,True,"Yes, because personalized recommendations with 9 firms consistently reduce search costs more than the privacy cost of 0.051, based on past benefits.",6,"### Decision:  
I'll **purchase Firm 6** (choose number 6) because:  
- The firm offers a positive profit of 0.12.  
- Searching more would incur a search cost of 0.02 with uncertain benefits, making it irrational to delay purchase.","C18 Search #1 (Searched:1/9, SearchCost:0.00, BestProfit:0.12@F6) → Purchase F6",0.07,0.051,"[0.62, 0.3, 0.59, 0.43, 0.7, 0.56, 0.92, 0.18, 0.09]"
9,8,C19,False,"No, privacy cost (0.052) outweighs potential search cost savings, as past sharing yielded low net revenue while non-sharing consumers achieved higher profits with moderate searching.",-1,"### Decision:
I'll **leave** (choose number -1) because: 
- Both searched firms have negative profits.
- Further searches cost 0.02 with low likelihood of finding positive profit, increasing potential losses.","C19 Search #1 (Searched:1/9, SearchCost:0.00, BestProfit:-0.71@F3) → Search Next; C19 Search #2 (Searched:2/9, SearchCost:0.02, BestProfit:-0.60@F7) → Leave Market",-0.02,0.052,"[0.81, 0.85, 0.38, 0.09, 0.29, 0.32, 0.1, 0.22, 0.08]"
9,8,C20,False,"No, privacy cost (0.054) likely exceeds search cost savings, as non-sharing consumers achieved higher revenue with minimal additional search costs.",-1,"### Decision:  
I'll **leave** (choose number -1) because:  
- All searched firms have negative profit.  
- Further search is unlikely to yield positive profit given high search cost and observed valuations.","C20 Search #1 (Searched:1/9, SearchCost:0.00, BestProfit:-0.35@F4) → Search Next; C20 Search #2 (Searched:2/9, SearchCost:0.02, BestProfit:-0.22@F2) → Search Next; C20 Search #3 (Searched:3/9, SearchCost:0.04, BestProfit:-0.02@F3) → Search Next; C20 Search #4 (Searched:4/9, SearchCost:0.06, BestProfit:-0.02@F3) → Leave Market",-0.06,0.054,"[0.98, 0.43, 0.58, 0.78, 0.45, 0.56, 0.07, 0.58, 0.57]"
9,9,C1,True,"Yes, because with 9 firms, personalized recommendations significantly reduce search costs, outweighing the privacy cost of 0.034 based on past positive outcomes.",6,"### Decision:
I'll **purchase Firm 6** (choose number 6) because: 
- It offers a positive profit of 0.08.
- Searching more costs 0.02 and may not improve profit, given the personalized valuation order.","C1 Search #1 (Searched:1/9, SearchCost:0.00, BestProfit:0.08@F6) → Purchase F6",0.05,0.034,"[0.62, 0.25, 0.82, 0.48, 0.59, 0.43, 0.88, 0.13, 0.43]"
9,9,C2,True,"Yes, because with 9 firms, personalized recommendations significantly reduce expected search costs and improve deal quality, outweighing the privacy cost of 0.028.",2,"### Decision:
I'll **purchase Firm 2** (choose number 2) because: 
- Positive profit of 0.08 already found.
- Additional search cost of 0.02 unlikely to yield better profit given sorted recommendations.","C2 Search #1 (Searched:1/9, SearchCost:0.00, BestProfit:0.08@F2) → Purchase F2",0.05,0.028,"[0.69, 0.55, 0.9, 0.7, 0.66, 0.83, 0.53, 0.19, 0.85]"
9,9,C3,True,"Yes, because with 9 firms, personalized recommendations likely reduce search costs and improve deal quality more than the privacy cost of 0.052.",5,"### Decision:
I'll **purchase Firm 5** (choose number 5) because: 
- It offers a positive profit of 0.21
- As a rational consumer, I will not leave without buying when positive profit is available","C3 Search #1 (Searched:1/9, SearchCost:0.00, BestProfit:0.21@F5) → Purchase F5",0.16,0.052,"[0.07, 0.0, 0.5, 0.86, 0.94, 0.99, 0.87, 0.86, 0.72]"
9,9,C4,True,"Yes, because with 9 firms, personalized recommendations will likely reduce search costs more than the 0.04 privacy cost, based on consistent past benefits and top consumer outcomes.",2,"### Decision:
I'll **purchase Firm 2** (choose number 2) because: 
- Current firm offers positive profit of 0.11.
- Additional search costs 0.02 with uncertain benefit due to personalized sorting.","C4 Search #1 (Searched:1/9, SearchCost:0.00, BestProfit:0.11@F2) → Purchase F2",0.07,0.04,"[0.56, 0.76, 0.93, 0.63, 0.56, 0.85, 0.85, 0.52, 0.17]"
9,9,C5,True,"Yes, because with 9 firms, personalized recommendations likely reduce search costs more than the 0.04 privacy cost, based on past benefits and top consumer success.",1,"### Decision:  
I'll **purchase Firm 1** (choose number 1) because:  
- Firm 1 offers a positive profit of 0.09 with no additional search cost.  
- Searching further would incur a 0.02 cost and is unlikely to yield a better deal due to sorted decreasing valuations.","C5 Search #1 (Searched:1/9, SearchCost:0.00, BestProfit:0.09@F1) → Purchase F1",0.05,0.04,"[0.39, 0.87, 0.49, 0.37, 0.05, 0.57, 0.84, 0.49, 0.08]"
9,9,C6,True,"Yes, because personalized recommendations with 9 firms likely reduce search costs and improve matching, outweighing the 0.035 privacy cost based on top consumers' high revenues.",6,"### Decision:  
I'll **purchase Firm 6** (choose number 6) because:  
- It offers a positive profit of 0.04.  
- As a rational consumer, I must buy when positive profit is available from searched firms.","C6 Search #1 (Searched:1/9, SearchCost:0.00, BestProfit:0.04@F6) → Purchase F6",0.0,0.035,"[0.68, 0.73, 0.82, 0.44, 0.81, 0.14, 0.84, 0.83, 0.49]"
9,9,C7,False,"No, because the privacy cost of 0.052 may outweigh the limited search cost savings, as non-sharing has recently provided comparable revenue.",4,"### Decision:
I'll **purchase Firm 4** (choose number 4) because: 
- Positive profit of 0.19.
- Unlikely to find better deal justifying 0.02 search cost.","C7 Search #1 (Searched:1/9, SearchCost:0.00, BestProfit:0.19@F4) → Purchase F4",0.19,0.052,"[0.44, 0.83, 0.32, 0.7, 0.69, 0.92, 0.57, 0.32, 0.82]"
9,9,C8,True,"Yes, because with 9 firms, personalized recommendations likely reduce search costs and improve matching more than the privacy cost of 0.029.",3,"### Decision:
I'll **purchase Firm 3** (choose number 3) because: 
- It offers positive profit of 0.12
- Rationality constraint requires buying when positive profit is available","C8 Search #1 (Searched:1/9, SearchCost:0.00, BestProfit:0.12@F3) → Purchase F3",0.09,0.029,"[0.31, 0.8, 0.88, 0.94, 0.77, 0.85, 0.79, 0.17, 0.32]"
9,9,C9,True,"Yes, because personalized recommendations for 9 firms likely reduce search costs more than the privacy cost of 0.046.",8,"### Decision:  
I'll **purchase Firm 8** (choose number 8) because:  
- It offers a positive profit of 0.32.  
- Guidelines state I won't leave without buying if positive profit is available.","C9 Search #1 (Searched:1/9, SearchCost:0.00, BestProfit:0.32@F8) → Purchase F8",0.27,0.046,"[0.25, 0.73, 0.62, 0.71, 0.3, 0.63, 0.29, 0.72, 0.82]"
9,9,C10,True,"Yes, because with 9 firms, personalized recommendations will likely reduce search costs more than the privacy cost of 0.054, based on past benefits and top consumer outcomes.",8,"### Decision:  
I'll **purchase Firm 8** (choose number 8) because:  
- It offers a positive profit of 0.4, ensuring a gain.  
- Searching further costs 0.02 with likely lower benefits given sorted recommendations.","C10 Search #1 (Searched:1/9, SearchCost:0.00, BestProfit:0.40@F8) → Purchase F8",0.35,0.054,"[0.69, 0.33, 0.01, 0.2, 0.23, 0.22, 0.52, 0.07, 0.9]"
9,9,C11,True,"Yes, because with 9 firms, personalized recommendations will likely reduce search costs more than the privacy cost of 0.055, increasing the chance of finding a profitable deal.",-1,"### Decision:
I'll **leave** (choose number -1) because: 
- No positive profit from searched firm.
- With sorted recommendations, additional search unlikely to yield better outcomes, and cost 0.02 not justified.","C11 Search #1 (Searched:1/9, SearchCost:0.00, BestProfit:-0.06@F2) → Leave Market",-0.06,0.055,"[0.06, 0.56, 0.76, 0.47, 0.38, 0.15, 0.59, 0.59, 0.42]"
9,9,C12,True,"Yes, because with 9 firms, personalized recommendations will likely reduce search costs and improve product matching more than the privacy cost of 0.039.",0,"### Decision:
I'll **purchase Firm 0** (choose number 0) because: 
- It offers a positive profit of 0.19.
- Personalized recommendations indicate it's the best option, making further searches unnecessary and costly.","C12 Search #1 (Searched:1/9, SearchCost:0.00, BestProfit:0.19@F0) → Purchase F0",0.15,0.039,"[0.99, 0.32, 0.23, 0.32, 0.46, 0.32, 0.56, 0.62, 0.58]"
9,9,C13,False,"No, because the privacy cost of 0.051 may outweigh the limited expected reduction in search costs and improvement in deal quality, based on recent outcomes where non-sharing yielded comparable revenue.",7,"### Decision:
I'll **purchase Firm 7** (choose number 7) because: 
- It offers a positive profit of 0.18.
- Further searching costs 0.02 with uncertain benefits and may reduce net revenue.","C13 Search #1 (Searched:1/9, SearchCost:0.00, BestProfit:-0.02@F4) → Search Next; C13 Search #2 (Searched:2/9, SearchCost:0.02, BestProfit:-0.02@F4) → Search Next; C13 Search #3 (Searched:3/9, SearchCost:0.04, BestProfit:-0.02@F4) → Search Next; C13 Search #4 (Searched:4/9, SearchCost:0.06, BestProfit:0.18@F7) → Purchase F7",0.12,0.051,"[0.57, 0.48, 0.68, 0.22, 0.48, 0.8, 0.78, 0.98, 0.12]"
9,9,C14,True,"Yes, because with 9 firms, personalized recommendations significantly reduce expected search costs and improve deal quality, outweighing the privacy cost of 0.042.",7,"### Decision:
I'll **purchase Firm 7** (choose number 7) because: 
- It offers a positive profit of 0.12, which I must buy rationally.
- Further search costs 0.02 and likely yields lower valuation with uncertain profit gain, not worth the cost.","C14 Search #1 (Searched:1/9, SearchCost:0.00, BestProfit:0.12@F7) → Purchase F7",0.08,0.042,"[0.61, 0.27, 0.58, 0.58, 0.38, 0.02, 0.03, 0.92, 0.66]"
9,9,C15,True,"Yes, because with 9 firms, personalized recommendations significantly reduce expected search costs, outweighing the low privacy cost of 0.037.",0,"### Decision:
I'll **purchase Firm 0** (choose number 0) because: 
- It offers zero profit, providing the product without additional costs.
- With personalized sorting, further searches are unlikely to improve outcomes and would incur a 0.02 cost.","C15 Search #1 (Searched:1/9, SearchCost:0.00, BestProfit:0.00@F0) → Purchase F0",-0.04,0.037,"[0.8, 0.57, 0.55, 0.24, 0.16, 0.56, 0.72, 0.58, 0.29]"
9,9,C16,True,"Yes, because with 9 firms, personalized recommendations likely reduce search costs more than the privacy cost of 0.027, based on past beneficial outcomes.",6,"### Decision:
I'll **purchase Firm 6** (choose number 6) because: 
- It offers a positive profit of 0.16.
- The expected benefit from further search is unlikely to offset the 0.02 search cost.","C16 Search #1 (Searched:1/9, SearchCost:0.00, BestProfit:0.16@F6) → Purchase F6",0.13,0.027,"[0.3, 0.49, 0.09, 0.42, 0.06, 0.08, 0.96, 0.81, 0.87]"
9,9,C17,True,"Yes, because with 9 firms, personalized recommendations likely reduce search costs more than the privacy cost of 0.033.",7,"### Decision:  
I'll **purchase Firm 7** (choose number 7) because:  
- The firm offers a positive profit of 0.13.  
- As a rational consumer, I won't leave without buying when positive profit is available.","C17 Search #1 (Searched:1/9, SearchCost:0.00, BestProfit:0.13@F7) → Purchase F7",0.1,0.033,"[0.75, 0.14, 0.8, 0.41, 0.57, 0.17, 0.39, 0.93, 0.8]"
9,9,C18,True,"Yes, because with 9 firms, personalized recommendations likely reduce search costs more than the privacy cost of 0.051, based on consistent past benefits.",6,"### Decision:
I'll **purchase Firm 6** (choose number 6) because: 
- The firm offers a positive profit of 0.12.
- Searching more would incur a search cost of 0.02 with uncertain benefits, making it irrational to delay purchase.","C18 Search #1 (Searched:1/9, SearchCost:0.00, BestProfit:0.12@F6) → Purchase F6",0.07,0.051,"[0.62, 0.3, 0.59, 0.43, 0.7, 0.56, 0.92, 0.18, 0.09]"
9,9,C19,True,"Yes, because with 9 firms, personalized recommendations significantly reduce expected search costs, likely exceeding the privacy cost of 0.052 based on past experiences and top consumer outcomes.",1,"### Decision:
I'll **purchase Firm 1** (choose number 1) because: 
- It offers a positive profit of 0.07.
- Additional search costs 0.02 and is unlikely to yield better profit due to valuation sorting.","C19 Search #1 (Searched:1/9, SearchCost:0.00, BestProfit:0.07@F1) → Purchase F1",0.02,0.052,"[0.81, 0.85, 0.38, 0.09, 0.29, 0.32, 0.1, 0.22, 0.08]"
9,9,C20,True,"Yes, because with 9 firms, personalized recommendations reduce search costs and risk, outweighing the 0.054 privacy cost based on past benefits.",0,"### Decision:  
I'll **purchase Firm 0** (choose number 0) because:  
- It offers a positive profit of 0.18.  
- Further search is unlikely to yield better deals given the sorted recommendations and the 0.02 search cost.","C20 Search #1 (Searched:1/9, SearchCost:0.00, BestProfit:0.18@F0) → Purchase F0",0.13,0.054,"[0.98, 0.43, 0.58, 0.78, 0.45, 0.56, 0.07, 0.58, 0.57]"
9,10,C1,True,"Yes, because personalized recommendations with 9 firms reduce search costs and improve matching, outweighing the low privacy cost of 0.034 based on past benefits.",6,"### Decision:
I'll **purchase Firm 6** (choose number 6) because: 
- It offers a positive profit of 0.06.
- Searching more costs 0.02 and may not improve profit, given the personalized valuation order.","C1 Search #1 (Searched:1/9, SearchCost:0.00, BestProfit:0.06@F6) → Purchase F6",0.03,0.034,"[0.62, 0.25, 0.82, 0.48, 0.59, 0.43, 0.88, 0.13, 0.43]"
9,10,C2,True,"Yes, because with 9 firms, personalized recommendations significantly reduce expected search costs, outweighing the low privacy cost of 0.028 based on past benefits.",2,"### Decision:
I'll **purchase Firm 2** (choose number 2) because: 
- Positive profit of 0.10 already found.
- Additional search cost of 0.02 unlikely to yield better profit given sorted recommendations.","C2 Search #1 (Searched:1/9, SearchCost:0.00, BestProfit:0.10@F2) → Purchase F2",0.07,0.028,"[0.69, 0.55, 0.9, 0.7, 0.66, 0.83, 0.53, 0.19, 0.85]"
9,10,C3,True,"Yes, because personalized recommendations with 9 firms will likely yield a better deal and reduce search costs, outweighing the privacy cost of 0.052 based on past higher revenues when sharing.",5,"### Decision:
I'll **purchase Firm 5** (choose number 5) because: 
- It offers a positive profit of 0.19
- As a rational consumer, I will not leave without buying when positive profit is available","C3 Search #1 (Searched:1/9, SearchCost:0.00, BestProfit:0.19@F5) → Purchase F5",0.14,0.052,"[0.07, 0.0, 0.5, 0.86, 0.94, 0.99, 0.87, 0.86, 0.72]"
9,10,C4,True,"Yes, because personalized recommendations with 9 firms will likely reduce search costs more than the 0.04 privacy cost, based on past benefits and higher revenues from sharing consumers.",2,"### Decision:
I'll **purchase Firm 2** (choose number 2) because: 
- Current firm offers positive profit of 0.13.
- Additional search costs 0.02 with uncertain benefit due to personalized sorting.","C4 Search #1 (Searched:1/9, SearchCost:0.00, BestProfit:0.13@F2) → Purchase F2",0.09,0.04,"[0.56, 0.76, 0.93, 0.63, 0.56, 0.85, 0.85, 0.52, 0.17]"
9,10,C5,True,"Yes, because personalized recommendations with 9 firms likely reduce search costs more than the 0.04 privacy cost, based on past benefits and top consumers' higher revenues.",1,"### Decision:
I'll **purchase Firm 1** (choose number 1) because: 
- Firm 1 offers a positive profit of 0.07 with no additional search cost.
- Searching further would cost 0.02 and is unlikely to yield a better deal due to sorted decreasing valuations.","C5 Search #1 (Searched:1/9, SearchCost:0.00, BestProfit:0.07@F1) → Purchase F1",0.03,0.04,"[0.39, 0.87, 0.49, 0.37, 0.05, 0.57, 0.84, 0.49, 0.08]"
9,10,C6,True,"Yes, because with 9 firms, personalized recommendations will likely reduce search costs and improve matching, outweighing the 0.035 privacy cost based on top consumers' high revenues.",6,"### Decision:
I'll **purchase Firm 6** (choose number 6) because: 
- The firm offers a positive profit of 0.02.
- As a rational consumer, I must buy when positive profit is available from searched firms.","C6 Search #1 (Searched:1/9, SearchCost:0.00, BestProfit:0.02@F6) → Purchase F6",-0.01,0.035,"[0.68, 0.73, 0.82, 0.44, 0.81, 0.14, 0.84, 0.83, 0.49]"
9,10,C7,True,"Yes, because with 9 firms, personalized recommendations likely provide better deals and reduce search costs more than the 0.052 privacy cost, as evidenced by top consumers' higher revenues.",5,"### Decision:  
I'll **purchase Firm 5** (choose number 5) because:  
- Positive profit of 0.12.  
- Unlikely to find better deal due to decreasing valuations in sorted list.","C7 Search #1 (Searched:1/9, SearchCost:0.00, BestProfit:0.12@F5) → Purchase F5",0.07,0.052,"[0.44, 0.83, 0.32, 0.7, 0.69, 0.92, 0.57, 0.32, 0.82]"
9,10,C8,True,"Yes, because personalized recommendations with 9 firms will likely reduce search costs more than the privacy cost of 0.029.",3,"### Decision:
I'll **purchase Firm 3** (choose number 3) because: 
- It offers positive profit of 0.44
- Rationality constraint requires buying when positive profit is available","C8 Search #1 (Searched:1/9, SearchCost:0.00, BestProfit:0.44@F3) → Purchase F3",0.41,0.029,"[0.31, 0.8, 0.88, 0.94, 0.77, 0.85, 0.79, 0.17, 0.32]"
9,10,C9,True,"Yes, because personalized recommendations for 9 firms will likely reduce search costs more than the privacy cost of 0.046, based on past benefits.",8,"### Decision:  
I'll **purchase Firm 8** (choose number 8) because:  
- It offers a positive profit of 0.02.  
- Guidelines state I won't leave without buying if positive profit is available.","C9 Search #1 (Searched:1/9, SearchCost:0.00, BestProfit:0.02@F8) → Purchase F8",-0.03,0.046,"[0.25, 0.73, 0.62, 0.71, 0.3, 0.63, 0.29, 0.72, 0.82]"
9,10,C10,True,"Yes, because personalized recommendations with 9 firms typically reduce search costs and yield better deals, offsetting the privacy cost based on past positive outcomes.",8,"### Decision:  
I'll **purchase Firm 8** (choose number 8) because:  
- It offers a positive profit of 0.1, ensuring a gain.  
- Additional search costs 0.02 with low expected benefit, given sorted recommendations.","C10 Search #1 (Searched:1/9, SearchCost:0.00, BestProfit:0.10@F8) → Purchase F8",0.05,0.054,"[0.69, 0.33, 0.01, 0.2, 0.23, 0.22, 0.52, 0.07, 0.9]"
9,10,C11,True,"Yes, because with 9 firms, personalized recommendations increase the chance of finding a high-value deal with fewer searches, likely offsetting the privacy cost of 0.055.",-1,"### Decision:
I'll **leave** (choose number -1) because: 
- No positive profit from the searched firm (profit -0.04).
- Additional search costs 0.02 with low expected benefit, as sorted sequence likely yields worse outcomes.","C11 Search #1 (Searched:1/9, SearchCost:0.00, BestProfit:-0.04@F2) → Leave Market",-0.06,0.055,"[0.06, 0.56, 0.76, 0.47, 0.38, 0.15, 0.59, 0.59, 0.42]"
9,10,C12,True,"Yes, because personalized recommendations with 9 firms will reduce search costs more than the privacy cost of 0.039.",0,"### Decision:
I'll **purchase Firm 0** (choose number 0) because: 
- It offers a positive profit of 0.19.
- Personalized recommendations ensure it's the best option, avoiding costly additional searches.","C12 Search #1 (Searched:1/9, SearchCost:0.00, BestProfit:0.19@F0) → Purchase F0",0.15,0.039,"[0.99, 0.32, 0.23, 0.32, 0.46, 0.32, 0.56, 0.62, 0.58]"
9,10,C13,True,"Yes, because with 9 firms, personalized recommendations will likely reduce search costs more than the privacy cost of 0.051, based on top consumers' higher revenues and my past benefits.",7,"### Decision:  
I'll **purchase Firm 7** (choose number 7) because:  
- It offers a positive profit of 0.18.  
- Further searching costs 0.02 with uncertain benefits and may not improve net revenue.","C13 Search #1 (Searched:1/9, SearchCost:0.00, BestProfit:0.18@F7) → Purchase F7",0.13,0.051,"[0.57, 0.48, 0.68, 0.22, 0.48, 0.8, 0.78, 0.98, 0.12]"
9,10,C14,True,"Yes, because personalized recommendations with 9 firms significantly reduce search costs and improve deal quality, outweighing the privacy cost of 0.042 based on past benefits.",7,"### Decision:
I'll **purchase Firm 7** (choose number 7) because: 
- It offers a positive profit of 0.12, which I must buy rationally.
- Further search costs 0.02 and likely yields lower valuation with uncertain profit gain, not worth the cost.","C14 Search #1 (Searched:1/9, SearchCost:0.00, BestProfit:0.12@F7) → Purchase F7",0.08,0.042,"[0.61, 0.27, 0.58, 0.58, 0.38, 0.02, 0.03, 0.92, 0.66]"
9,10,C15,True,"yes, because personalized recommendations with 9 firms will likely reduce search costs more than the privacy cost of 0.037.",0,"### Decision:
I'll **purchase Firm 0** (choose number 0) because: 
- It offers zero profit, allowing me to obtain the product without additional costs.
- With personalized sorting, further searches are unlikely to yield better outcomes and would incur a 0.02 cost.","C15 Search #1 (Searched:1/9, SearchCost:0.00, BestProfit:0.00@F0) → Purchase F0",-0.04,0.037,"[0.8, 0.57, 0.55, 0.24, 0.16, 0.56, 0.72, 0.58, 0.29]"
9,10,C16,True,"Yes, because personalized recommendations with 9 firms likely reduce search costs more than the privacy cost of 0.027, based on past benefits and higher revenues from sharing.",6,"### Decision:
I'll **purchase Firm 6** (choose number 6) because: 
- It offers a positive profit of 0.14.
- The expected benefit from further search is unlikely to offset the 0.02 search cost.","C16 Search #1 (Searched:1/9, SearchCost:0.00, BestProfit:0.14@F6) → Purchase F6",0.11,0.027,"[0.3, 0.49, 0.09, 0.42, 0.06, 0.08, 0.96, 0.81, 0.87]"
9,10,C17,True,"Yes, because with 9 firms, personalized recommendations will likely reduce search costs more than the privacy cost of 0.033.",7,"### Decision:  
I'll **purchase Firm 7** (choose number 7) because:  
- The firm offers a positive profit of 0.13.  
- As a rational consumer, I won't leave without buying when positive profit is available.","C17 Search #1 (Searched:1/9, SearchCost:0.00, BestProfit:0.13@F7) → Purchase F7",0.1,0.033,"[0.75, 0.14, 0.8, 0.41, 0.57, 0.17, 0.39, 0.93, 0.8]"
9,10,C18,True,"Yes, because personalized recommendations with 9 firms likely reduce search costs and improve deal quality more than the privacy cost of 0.051, based on past benefits and top consumer outcomes.",6,"### Decision:  
I'll **purchase Firm 6** (choose number 6) because:  
- The firm offers a positive profit of 0.10.  
- Searching more would incur a search cost of 0.02 with uncertain benefits, making it irrational to delay purchase.","C18 Search #1 (Searched:1/9, SearchCost:0.00, BestProfit:0.10@F6) → Purchase F6",0.05,0.051,"[0.62, 0.3, 0.59, 0.43, 0.7, 0.56, 0.92, 0.18, 0.09]"
9,10,C19,True,"Yes, because with 9 firms, personalized recommendations likely reduce search costs more than the privacy cost of 0.052, based on past benefits and top consumer outcomes.",1,"### Decision:
I'll **purchase Firm 1** (choose number 1) because: 
- It offers a positive profit of 0.05.
- Additional searches cost 0.02 and are unlikely to yield better profit due to valuation sorting.","C19 Search #1 (Searched:1/9, SearchCost:0.00, BestProfit:0.05@F1) → Purchase F1",0.0,0.052,"[0.81, 0.85, 0.38, 0.09, 0.29, 0.32, 0.1, 0.22, 0.08]"
9,10,C20,True,"Yes, because with 9 firms, personalized recommendations will likely reduce search costs more than the privacy cost of 0.054, based on past benefits.",0,"### Decision:  
I'll **purchase Firm 0** (choose number 0) because:  
- It offers a positive profit of 0.18.  
- Further search is unlikely to yield better deals given the sorted recommendations and the 0.02 search cost.","C20 Search #1 (Searched:1/9, SearchCost:0.00, BestProfit:0.18@F0) → Purchase F0",0.13,0.054,"[0.98, 0.43, 0.58, 0.78, 0.45, 0.56, 0.07, 0.58, 0.57]"
10,1,C1,True,"Yes, because the potential reduction in search cost with personalized recommendations for 10 firms likely exceeds the privacy cost of 0.045.",9,"### Decision:
I'll **purchase Firm 9** because: 
- It offers a positive profit of 0.35. 
- As a rational consumer, I won't leave without buying when a positive profit option is available.","C1 Search #1 (Searched:1/10, SearchCost:0.00, BestProfit:0.35@F9) → Purchase F9",0.3,0.045,"[0.69, 0.78, 0.04, 0.3, 0.5, 0.45, 0.32, 0.04, 0.71, 0.85]"
10,1,C2,True,"Yes, expected search cost reduction with personalized recommendations for 10 firms outweighs the privacy cost of 0.025.",6,"### Decision:
I'll **purchase Firm 6** (choose number 6) because: 
- It offers a positive profit of 0.47.
- Searching more costs 0.02 with uncertain gains, risking reduced net revenue.","C2 Search #1 (Searched:1/10, SearchCost:0.00, BestProfit:0.47@F6) → Purchase F6",0.44,0.025,"[0.31, 0.55, 0.82, 0.9, 0.01, 0.15, 0.97, 0.34, 0.85, 0.46]"
10,1,C3,True,"Yes, expected search cost savings with 10 firms exceed privacy cost of 0.039.",8,"### Decision:
I'll **purchase Firm 8** because: 
- Offers positive profit of 0.48
- Unlikely to improve significantly with additional search cost","C3 Search #1 (Searched:1/10, SearchCost:0.00, BestProfit:0.48@F8) → Purchase F8",0.44,0.039,"[0.62, 0.02, 0.63, 0.08, 0.26, 0.61, 0.62, 0.22, 0.98, 0.63]"
10,1,C4,True,"Yes, because the potential reduction in search cost with personalized recommendations for 10 firms outweighs the privacy cost of 0.034.",2,"### Decision:
I'll **purchase Firm 2** (choose number 2) because: 
- The firm offers a positive profit of 0.48.
- With data shared and sorted recommendations, it's likely the best option, minimizing further search costs.","C4 Search #1 (Searched:1/10, SearchCost:0.00, BestProfit:0.48@F2) → Purchase F2",0.45,0.034,"[0.2, 0.01, 0.98, 0.12, 0.42, 0.64, 0.15, 0.22, 0.22, 0.05]"
10,1,C5,True,"Yes, because the significant search cost reduction with personalized recommendations for 10 firms outweighs the low privacy value of 0.029.",1,"### Decision:
I'll **purchase Firm 1** (choose number 1) because: 
- Current firm offers positive profit of 0.42.
- Data sharing optimizes search order, making further searches unlikely to improve the deal significantly.","C5 Search #1 (Searched:1/10, SearchCost:0.00, BestProfit:0.42@F1) → Purchase F1",0.39,0.029,"[0.64, 0.92, 0.66, 0.33, 0.67, 0.92, 0.0, 0.67, 0.13, 0.8]"
10,1,C6,True,"Yes, because the significant reduction in search cost with personalized recommendations for 10 firms outweighs the low privacy cost of 0.036.",9,"### Decision:
I'll **purchase Firm 9** (choose number 9) because: 
- The firm offers a positive profit of 0.49.
- Per rationality, I won't leave without buying if a positive profit option exists.","C6 Search #1 (Searched:1/10, SearchCost:0.00, BestProfit:0.49@F9) → Purchase F9",0.45,0.036,"[0.18, 0.98, 0.23, 0.84, 0.46, 0.19, 0.28, 0.47, 0.54, 0.99]"
10,1,C7,True,"Yes, because the privacy cost (0.027) is low and sharing data with 10 firms will significantly reduce search costs through personalized recommendations, likely saving more than the privacy value.",8,"### Decision:
I'll **purchase Firm 8** because: 
- It offers a positive profit of 0.49.
- Additional search costs 0.02 with low expected improvement due to sorted valuations.","C7 Search #1 (Searched:1/10, SearchCost:0.00, BestProfit:0.49@F8) → Purchase F8",0.46,0.027,"[0.23, 0.19, 0.64, 0.11, 0.38, 0.17, 0.13, 0.87, 0.99, 0.81]"
10,1,C8,True,"Yes, because the potential reduction in search cost and improved product matching with 10 firms outweigh the low privacy cost of 0.055.",1,"### Decision:
I'll **purchase Firm 1** because: 
- Positive profit of 0.49 with no additional search cost needed
- Uncertain and likely diminishing returns from further searches outweigh the 0.02 cost","C8 Search #1 (Searched:1/10, SearchCost:0.00, BestProfit:0.49@F1) → Purchase F1",0.44,0.055,"[0.2, 0.99, 0.03, 0.27, 0.52, 0.77, 0.03, 0.01, 0.2, 0.34]"
10,1,C9,True,"Yes, because the significant reduction in search cost with personalized recommendations for 10 firms likely outweighs my low privacy value of 0.039.",7,"### Decision:
I'll **purchase Firm 7** because: 
- Positive profit of 0.12 is available.
- Rationality rule requires buying when positive profit exists.","C9 Search #1 (Searched:1/10, SearchCost:0.00, BestProfit:0.12@F7) → Purchase F7",0.08,0.039,"[0.02, 0.53, 0.2, 0.74, 0.42, 0.35, 0.89, 0.9, 0.5, 0.18]"
10,1,C10,True,"Yes, because with 10 firms, personalized recommendations will likely reduce search costs by more than the privacy value of 0.055.",1,"### Decision:
I'll **purchase Firm 1** (choose number 1) because: 
- Current firm offers positive profit of 0.37.
- Searching incurs additional cost with uncertain benefit.","C10 Search #1 (Searched:1/10, SearchCost:0.00, BestProfit:0.37@F1) → Purchase F1",0.32,0.055,"[0.18, 0.87, 0.51, 0.61, 0.17, 0.8, 0.67, 0.47, 0.72, 0.35]"
10,1,C11,True,"Yes, expected search cost reduction with personalized recommendations for 10 firms outweighs the privacy cost of 0.047.",0,"### Decision:
I'll **purchase Firm 0** (choose number 0) because: 
- Positive profit of 0.48 available.
- Rationality rule: won't leave without buying if positive profit exists.","C11 Search #1 (Searched:1/10, SearchCost:0.00, BestProfit:0.48@F0) → Purchase F0",0.43,0.047,"[0.98, 0.87, 0.93, 0.94, 0.51, 0.92, 0.49, 0.74, 0.21, 0.59]"
10,1,C12,True,"yes, because with 10 firms, personalized recommendations significantly reduce expected search costs, likely exceeding the privacy cost of 0.038.",6,"### Decision:
I'll **purchase Firm 6** (choose number 6) because: 
- The firm offers a positive profit of 0.38.
- Searching further incurs a cost of 0.02 with likely diminishing returns due to sorted valuation order.","C12 Search #1 (Searched:1/10, SearchCost:0.00, BestProfit:0.38@F6) → Purchase F6",0.34,0.038,"[0.1, 0.53, 0.57, 0.6, 0.79, 0.69, 0.88, 0.04, 0.64, 0.1]"
10,1,C13,True,"Yes, because the expected reduction in search cost with personalized recommendations for 10 firms likely exceeds the privacy cost of 0.032.",6,"### Decision:
I'll **purchase Firm 6** (choose number 6) because: 
- Offers positive profit of 0.49
- Additional search unlikely to yield better deal given sorted recommendations and search cost of 0.02","C13 Search #1 (Searched:1/10, SearchCost:0.00, BestProfit:0.49@F6) → Purchase F6",0.46,0.032,"[0.45, 0.08, 0.95, 0.24, 0.85, 0.11, 0.99, 0.16, 0.04, 0.64]"
10,1,C14,True,"Yes, because sharing data with 10 firms will significantly reduce search costs and potentially increase valuation, likely exceeding the 0.05 privacy cost.",8,"### Decision:
I'll **purchase Firm 8** (choose number 8) because: 
- It offers a positive profit of 0.44.
- Further search costs 0.02 with likely diminishing returns due to personalized sorting.","C14 Search #1 (Searched:1/10, SearchCost:0.00, BestProfit:0.44@F8) → Purchase F8",0.39,0.05,"[0.93, 0.33, 0.55, 0.16, 0.31, 0.24, 0.37, 0.5, 0.94, 0.04]"
10,1,C15,True,"Yes, because the privacy cost (0.037) is low and sharing data will likely reduce search costs significantly with 10 firms.",1,"### Decision:
I'll **purchase Firm 1** (choose number 1) because: 
- It offers a positive profit of 0.46 with no additional search cost needed.
- Further searching incurs a cost of 0.02 with uncertain improvement in profit.","C15 Search #1 (Searched:1/10, SearchCost:0.00, BestProfit:0.46@F1) → Purchase F1",0.42,0.037,"[0.03, 0.96, 0.74, 0.81, 0.34, 0.73, 0.44, 0.09, 0.18, 0.57]"
10,1,C16,True,"Yes, because with 10 firms, personalized recommendations significantly reduce search costs, likely offsetting the privacy cost of 0.033.",5,"### Decision:
I'll **purchase Firm 5** because: 
- It offers a positive profit of 0.44, ensuring a good deal.
- Additional search costs 0.02 with uncertain benefits, making it risky.","C16 Search #1 (Searched:1/10, SearchCost:0.00, BestProfit:0.44@F5) → Purchase F5",0.41,0.033,"[0.73, 0.4, 0.74, 0.69, 0.8, 0.94, 0.42, 0.32, 0.76, 0.3]"
10,1,C17,True,"Yes, because with 10 firms, personalized recommendations will likely reduce search costs more than the privacy value of 0.052.",2,"### Decision:
I'll **purchase Firm 2** (choose number 2) because: 
- It offers a positive profit of 0.24.
- As a rational consumer, I won't leave without buying when positive profit is available.","C17 Search #1 (Searched:1/10, SearchCost:0.00, BestProfit:0.24@F2) → Purchase F2",0.19,0.052,"[0.57, 0.57, 0.74, 0.59, 0.5, 0.62, 0.31, 0.19, 0.1, 0.4]"
10,1,C18,True,"Yes, because the expected reduction in search costs from personalized recommendations likely exceeds the privacy cost of 0.052.",2,"### Decision:
I'll **purchase Firm 2** (choose number 2) because: 
- Positive profit of 0.17 available
- Sorted recommendations make further search unlikely to improve deal, with search cost of 0.02","C18 Search #1 (Searched:1/10, SearchCost:0.00, BestProfit:0.17@F2) → Purchase F2",0.12,0.052,"[0.23, 0.2, 0.67, 0.33, 0.49, 0.47, 0.04, 0.07, 0.42, 0.11]"
10,1,C19,True,"Yes, because the potential reduction in search cost from personalized recommendations with 10 firms likely exceeds the privacy cost of 0.031.",5,"### Decision:
I'll **purchase Firm 5** (choose number 5) because: 
- It offers a positive profit of 0.29.
- Rationality requires buying if positive profit is available.","C19 Search #1 (Searched:1/10, SearchCost:0.00, BestProfit:0.29@F5) → Purchase F5",0.26,0.031,"[0.76, 0.16, 0.06, 0.54, 0.79, 0.79, 0.28, 0.04, 0.27, 0.43]"
10,1,C20,True,"Yes, because the potential reduction in search costs with personalized recommendations for 10 firms likely exceeds the privacy cost of 0.048.",7,"### Decision:
I'll **purchase Firm 7** because: 
- It offers a positive profit of 0.19.
- With data sharing and sorted search, additional searches are unlikely to improve the deal and would incur extra cost.","C20 Search #1 (Searched:1/10, SearchCost:0.00, BestProfit:0.19@F7) → Purchase F7",0.14,0.048,"[0.84, 0.03, 0.67, 0.19, 0.95, 0.85, 0.36, 0.97, 0.33, 0.65]"
10,2,C1,True,"Yes, because the expected reduction in search cost with personalized recommendations for 10 firms outweighs the privacy cost of 0.045.",9,"### Decision:
I'll **purchase Firm 9** (choose number 9) because: 
- It offers a positive profit of 0.35.
- As a rational consumer, I won't leave without buying when a positive profit option is available.","C1 Search #1 (Searched:1/10, SearchCost:0.00, BestProfit:0.35@F9) → Purchase F9",0.3,0.045,"[0.69, 0.78, 0.04, 0.3, 0.5, 0.45, 0.32, 0.04, 0.71, 0.85]"
10,2,C2,True,"Yes, because the low privacy cost (0.025) is outweighed by the expected reduction in search costs from personalized recommendations with 10 firms.",6,"### Decision:
I'll **purchase Firm 6** (choose number 6) because: 
- It offers a positive profit of 0.47.
- Searching more costs 0.02 with likely lower or uncertain gains, risking reduced net revenue.","C2 Search #1 (Searched:1/10, SearchCost:0.00, BestProfit:0.47@F6) → Purchase F6",0.44,0.025,"[0.31, 0.55, 0.82, 0.9, 0.01, 0.15, 0.97, 0.34, 0.85, 0.46]"
10,2,C3,True,"Yes, because the expected reduction in search costs with personalized recommendations for 10 firms outweighs the privacy cost of 0.039.",8,"### Decision:
I'll **purchase Firm 8** because: 
- Offers positive profit of 0.48
- Unlikely to improve significantly with additional search cost","C3 Search #1 (Searched:1/10, SearchCost:0.00, BestProfit:0.48@F8) → Purchase F8",0.44,0.039,"[0.62, 0.02, 0.63, 0.08, 0.26, 0.61, 0.62, 0.22, 0.98, 0.63]"
10,2,C4,True,"Yes, because personalized recommendations with 10 firms significantly reduce search costs, outweighing the low privacy cost of 0.034.",2,"### Decision:
I'll **purchase Firm 2** (choose number 2) because: 
- Firm 2 offers a positive profit of 0.48.
- With shared data and sorted recommendations, it's likely the best option, avoiding unnecessary search costs.","C4 Search #1 (Searched:1/10, SearchCost:0.00, BestProfit:0.48@F2) → Purchase F2",0.45,0.034,"[0.2, 0.01, 0.98, 0.12, 0.42, 0.64, 0.15, 0.22, 0.22, 0.05]"
10,2,C5,True,"Yes, because the low privacy cost of 0.029 is outweighed by the expected reduction in search costs from personalized recommendations with 10 firms.",1,"### Decision:
I'll **purchase Firm 1** (choose number 1) because: 
- Current firm offers positive profit of 0.42.
- Data-shared search order makes further searches unlikely to improve the deal significantly.","C5 Search #1 (Searched:1/10, SearchCost:0.00, BestProfit:0.42@F1) → Purchase F1",0.39,0.029,"[0.64, 0.92, 0.66, 0.33, 0.67, 0.92, 0.0, 0.67, 0.13, 0.8]"
10,2,C6,True,"Yes, because the expected reduction in search cost from personalized recommendations with 10 firms outweighs the privacy cost of 0.036.",9,"### Decision:
I'll **purchase Firm 9** (choose number 9) because: 
- Positive profit of 0.49 is available.
- Additional search cost of 0.02 may not yield better profit.","C6 Search #1 (Searched:1/10, SearchCost:0.00, BestProfit:0.49@F9) → Purchase F9",0.45,0.036,"[0.18, 0.98, 0.23, 0.84, 0.46, 0.19, 0.28, 0.47, 0.54, 0.99]"
10,2,C7,True,"Yes, because the privacy cost (0.027) is low and personalized recommendations with 10 firms will significantly reduce search costs, likely saving more than the privacy value.",8,"### Decision:  
I'll **purchase Firm 8** because:  
- It offers a positive profit of 0.49.  
- Additional search cost (0.02) is unlikely to yield a better deal given sorted recommendations.","C7 Search #1 (Searched:1/10, SearchCost:0.00, BestProfit:0.49@F8) → Purchase F8",0.46,0.027,"[0.23, 0.19, 0.64, 0.11, 0.38, 0.17, 0.13, 0.87, 0.99, 0.81]"
10,2,C8,True,"Yes, because personalized recommendations with 10 firms significantly reduce search costs, likely saving more than the 0.055 privacy cost.",1,"### Decision:
I'll **purchase Firm 1** because: 
- Positive profit of 0.49 available
- Additional search cost and uncertain gains outweigh benefits","C8 Search #1 (Searched:1/10, SearchCost:0.00, BestProfit:0.49@F1) → Purchase F1",0.44,0.055,"[0.2, 0.99, 0.03, 0.27, 0.52, 0.77, 0.03, 0.01, 0.2, 0.34]"
10,2,C9,True,"Yes, because the expected reduction in search cost from personalized recommendations with 10 firms outweighs the low privacy cost of 0.039.",7,"### Decision:
I'll **purchase Firm 7** because: 
- Firm 7 offers a positive profit of 0.4.
- Rationality rule requires buying when positive profit exists.","C9 Search #1 (Searched:1/10, SearchCost:0.00, BestProfit:0.40@F7) → Purchase F7",0.36,0.039,"[0.02, 0.53, 0.2, 0.74, 0.42, 0.35, 0.89, 0.9, 0.5, 0.18]"
10,2,C10,True,"Yes, because personalized recommendations with 10 firms will likely reduce search costs and improve deal quality, outweighing the privacy cost of 0.055.",1,"### Decision:
I'll **purchase Firm 1** (choose number 1) because: 
- Searched firm offers positive profit of 0.37.
- Rational to buy without further search to avoid additional costs.","C10 Search #1 (Searched:1/10, SearchCost:0.00, BestProfit:0.37@F1) → Purchase F1",0.32,0.055,"[0.18, 0.87, 0.51, 0.61, 0.17, 0.8, 0.67, 0.47, 0.72, 0.35]"
10,2,C11,True,"Yes, because the expected reduction in search cost and higher valuation from personalized recommendations outweigh the privacy cost of 0.047.",0,"### Decision:
I'll **purchase Firm 0** (choose number 0) because: 
- Positive profit of 0.48 available, rational to buy.
- Additional search cost (0.02) unlikely to yield better deal.","C11 Search #1 (Searched:1/10, SearchCost:0.00, BestProfit:0.48@F0) → Purchase F0",0.43,0.047,"[0.98, 0.87, 0.93, 0.94, 0.51, 0.92, 0.49, 0.74, 0.21, 0.59]"
10,2,C12,True,"Yes, because sharing data with 10 firms provides personalized recommendations that likely reduce search costs by more than the privacy cost of 0.038.",6,"### Decision:
I'll **purchase Firm 6** (choose number 6) because: 
- The firm offers a positive profit of 0.38.
- Searching further incurs a cost of 0.02 with likely diminishing returns due to sorted valuation order.","C12 Search #1 (Searched:1/10, SearchCost:0.00, BestProfit:0.38@F6) → Purchase F6",0.34,0.038,"[0.1, 0.53, 0.57, 0.6, 0.79, 0.69, 0.88, 0.04, 0.64, 0.1]"
10,2,C13,True,"Yes, because personalized recommendations with 10 firms will likely reduce search costs more than the privacy cost of 0.032.",6,"### Decision:  
I'll **purchase Firm 6** (choose number 6) because:  
- Offers positive profit of 0.49  
- Additional search unlikely to yield better deal given sorted recommendations and search cost of 0.02","C13 Search #1 (Searched:1/10, SearchCost:0.00, BestProfit:0.49@F6) → Purchase F6",0.46,0.032,"[0.45, 0.08, 0.95, 0.24, 0.85, 0.11, 0.99, 0.16, 0.04, 0.64]"
10,2,C14,True,"Yes, because the privacy cost of 0.05 is likely outweighed by significant search cost savings and better valuation matches with personalized recommendations for 10 firms.",8,"### Decision:
I'll **purchase Firm 8** (choose number 8) because: 
- It offers a positive profit of 0.44.
- Additional search costs 0.02 with likely diminishing returns due to valuation sorting.","C14 Search #1 (Searched:1/10, SearchCost:0.00, BestProfit:0.44@F8) → Purchase F8",0.39,0.05,"[0.93, 0.33, 0.55, 0.16, 0.31, 0.24, 0.37, 0.5, 0.94, 0.04]"
10,2,C15,True,"Yes, because the low privacy cost (0.037) is likely outweighed by substantial search cost savings from personalized recommendations with 10 firms.",1,"### Decision:
I'll **purchase Firm 1** (choose number 1) because: 
- It offers a positive profit of 0.46 with no additional search cost needed.
- Further searching incurs a cost of 0.02 with uncertain improvement in profit.","C15 Search #1 (Searched:1/10, SearchCost:0.00, BestProfit:0.46@F1) → Purchase F1",0.42,0.037,"[0.03, 0.96, 0.74, 0.81, 0.34, 0.73, 0.44, 0.09, 0.18, 0.57]"
10,2,C16,True,"Yes, because with 10 firms, personalized recommendations significantly reduce search costs, likely exceeding the privacy cost of 0.033.",5,"### Decision:
I'll **purchase Firm 5** because: 
- It provides a positive profit of 0.44.
- Further search costs 0.02 with uncertain benefits.","C16 Search #1 (Searched:1/10, SearchCost:0.00, BestProfit:0.44@F5) → Purchase F5",0.41,0.033,"[0.73, 0.4, 0.74, 0.69, 0.8, 0.94, 0.42, 0.32, 0.76, 0.3]"
10,2,C17,True,"Yes, because with 10 firms, personalized recommendations will significantly reduce search costs and improve product match, likely outweighing the privacy cost of 0.052.",2,"### Decision:
I'll **purchase Firm 2** (choose number 2) because: 
- It offers positive profit of 0.24, ensuring rational purchase.
- Additional search cost (0.02) may not yield better profit given sorted recommendations.","C17 Search #1 (Searched:1/10, SearchCost:0.00, BestProfit:0.24@F2) → Purchase F2",0.19,0.052,"[0.57, 0.57, 0.74, 0.59, 0.5, 0.62, 0.31, 0.19, 0.1, 0.4]"
10,2,C18,True,"Yes, because the expected reduction in search costs and improved matching with 10 firms likely outweigh the privacy cost of 0.052.",2,"### Decision:
I'll **purchase Firm 2** (choose number 2) because: 
- Positive profit of 0.17 available
- Sorted recommendations make further search unlikely to improve deal, with search cost of 0.02","C18 Search #1 (Searched:1/10, SearchCost:0.00, BestProfit:0.17@F2) → Purchase F2",0.12,0.052,"[0.23, 0.2, 0.67, 0.33, 0.49, 0.47, 0.04, 0.07, 0.42, 0.11]"
10,2,C19,True,"Yes, because the expected reduction in search cost and improved product matching with personalized recommendations for 10 firms outweigh the low privacy cost of 0.031.",5,"### Decision:
I'll **purchase Firm 5** (choose number 5) because: 
- It offers a positive profit of 0.29.
- Rationality requires buying if positive profit is available, avoiding unnecessary search costs.","C19 Search #1 (Searched:1/10, SearchCost:0.00, BestProfit:0.29@F5) → Purchase F5",0.26,0.031,"[0.76, 0.16, 0.06, 0.54, 0.79, 0.79, 0.28, 0.04, 0.27, 0.43]"
10,2,C20,True,"Yes, because the expected reduction in search costs from personalized recommendations with 10 firms likely exceeds the privacy cost of 0.048.",7,"### Decision:
I'll **purchase Firm 7** because: 
- It offers a high positive profit of 0.47.
- With data sharing and sorted search, additional searches are unlikely to improve the deal and would incur extra cost.","C20 Search #1 (Searched:1/10, SearchCost:0.00, BestProfit:0.47@F7) → Purchase F7",0.42,0.048,"[0.84, 0.03, 0.67, 0.19, 0.95, 0.85, 0.36, 0.97, 0.33, 0.65]"
10,3,C1,True,"yes, because personalized recommendations with 10 firms likely reduce search costs more than the privacy cost of 0.045.",9,"### Decision:
I'll **purchase Firm 9** (choose number 9) because: 
- Firm 9 offers a positive profit of 0.35, ensuring a good deal.
- Searching more would incur a cost of 0.02 and is unlikely to yield a better profit due to personalized sorting.","C1 Search #1 (Searched:1/10, SearchCost:0.00, BestProfit:0.35@F9) → Purchase F9",0.3,0.045,"[0.69, 0.78, 0.04, 0.3, 0.5, 0.45, 0.32, 0.04, 0.71, 0.85]"
10,3,C2,True,"Yes, because the privacy cost of 0.025 is low and personalized recommendations with 10 firms will likely reduce search costs significantly.",6,"### Decision:
I'll **purchase Firm 6** (choose number 6) because: 
- It offers a positive profit of 0.47.
- Searching more costs 0.02 with uncertain gains, risking reduced net revenue.","C2 Search #1 (Searched:1/10, SearchCost:0.00, BestProfit:0.47@F6) → Purchase F6",0.44,0.025,"[0.31, 0.55, 0.82, 0.9, 0.01, 0.15, 0.97, 0.34, 0.85, 0.46]"
10,3,C3,True,"Yes, because with 10 firms, personalized recommendations greatly reduce search costs and improve deal quality, outweighing the privacy cost of 0.039.",8,"### Decision:
I'll **purchase Firm 8** because: 
- Offers positive profit of 0.48
- Sorted recommendations make further search unlikely to improve profit","C3 Search #1 (Searched:1/10, SearchCost:0.00, BestProfit:0.48@F8) → Purchase F8",0.44,0.039,"[0.62, 0.02, 0.63, 0.08, 0.26, 0.61, 0.62, 0.22, 0.98, 0.63]"
10,3,C4,True,"Yes, because personalized recommendations with 10 firms significantly reduce search costs, outweighing the low privacy cost of 0.034.",2,"### Decision:
I'll **purchase Firm 2** (choose number 2) because: 
- Firm 2 offers a positive profit of 0.48.
- With shared data and sorted recommendations, it's likely the best option, avoiding additional search costs.","C4 Search #1 (Searched:1/10, SearchCost:0.00, BestProfit:0.48@F2) → Purchase F2",0.45,0.034,"[0.2, 0.01, 0.98, 0.12, 0.42, 0.64, 0.15, 0.22, 0.22, 0.05]"
10,3,C5,True,"Yes, because the low privacy cost of 0.029 is outweighed by the substantial search cost savings from personalized recommendations with 10 firms.",1,"### Decision:
I'll **purchase Firm 1** (choose number 1) because: 
- Current firm offers positive profit of 0.42.
- Data-shared search order by high valuation makes further searches unlikely to improve the deal significantly.","C5 Search #1 (Searched:1/10, SearchCost:0.00, BestProfit:0.42@F1) → Purchase F1",0.39,0.029,"[0.64, 0.92, 0.66, 0.33, 0.67, 0.92, 0.0, 0.67, 0.13, 0.8]"
10,3,C6,True,"Yes, because personalized recommendations with 10 firms will likely reduce search costs more than the privacy cost of 0.036.",9,"### Decision:
I'll **purchase Firm 9** (choose number 9) because: 
- The firm offers a positive profit of 0.49.
- Additional search cost of 0.02 may not yield better profit.","C6 Search #1 (Searched:1/10, SearchCost:0.00, BestProfit:0.49@F9) → Purchase F9",0.45,0.036,"[0.18, 0.98, 0.23, 0.84, 0.46, 0.19, 0.28, 0.47, 0.54, 0.99]"
10,3,C7,True,"Yes, because the privacy cost (0.027) is low and personalized recommendations with 10 firms will significantly reduce search costs, likely saving more than the privacy value.",8,"### Decision:
I'll **purchase Firm 8** because: 
- It offers a positive profit of 0.49.
- Additional search cost of 0.02 is unlikely to yield a better deal due to sorted valuations.","C7 Search #1 (Searched:1/10, SearchCost:0.00, BestProfit:0.49@F8) → Purchase F8",0.46,0.027,"[0.23, 0.19, 0.64, 0.11, 0.38, 0.17, 0.13, 0.87, 0.99, 0.81]"
10,3,C8,True,"Yes, because the low privacy cost of 0.055 is outweighed by the significant search cost savings from personalized recommendations with 10 firms.",1,"### Decision:
I'll **purchase Firm 1** because: 
- Positive profit of 0.49 already available
- Additional search cost and diminishing returns outweigh potential gains","C8 Search #1 (Searched:1/10, SearchCost:0.00, BestProfit:0.49@F1) → Purchase F1",0.44,0.055,"[0.2, 0.99, 0.03, 0.27, 0.52, 0.77, 0.03, 0.01, 0.2, 0.34]"
10,3,C9,True,"Yes, because the low privacy cost of 0.039 is outweighed by the significant search cost savings from personalized recommendations with 10 firms.",7,"### Decision:
I'll **purchase Firm 7** because: 
- Firm 7 offers a positive profit of 0.12.
- Rationality rule requires buying when positive profit exists.","C9 Search #1 (Searched:1/10, SearchCost:0.00, BestProfit:0.12@F7) → Purchase F7",0.08,0.039,"[0.02, 0.53, 0.2, 0.74, 0.42, 0.35, 0.89, 0.9, 0.5, 0.18]"
10,3,C10,True,"Yes, because personalized recommendations with 10 firms will reduce search costs more than the privacy cost of 0.055.",1,"### Decision:
I'll **purchase Firm 1** (choose number 1) because: 
- Searched firm offers positive profit of 0.37.
- Further search costs 0.02 with uncertain benefit.","C10 Search #1 (Searched:1/10, SearchCost:0.00, BestProfit:0.37@F1) → Purchase F1",0.32,0.055,"[0.18, 0.87, 0.51, 0.61, 0.17, 0.8, 0.67, 0.47, 0.72, 0.35]"
10,3,C11,True,"Yes, because personalized recommendations with 10 firms will likely reduce search costs and provide higher valuation, outweighing the privacy cost of 0.047.",0,"### Decision:
I'll **purchase Firm 0** (choose number 0) because: 
- Positive profit of 0.48 available.
- Sorted recommendations make additional search unlikely to improve profit, and search cost of 0.02 would reduce net revenue.","C11 Search #1 (Searched:1/10, SearchCost:0.00, BestProfit:0.48@F0) → Purchase F0",0.43,0.047,"[0.98, 0.87, 0.93, 0.94, 0.51, 0.92, 0.49, 0.74, 0.21, 0.59]"
10,3,C12,True,"Yes, because with 10 firms, personalized recommendations will likely reduce search costs by more than the privacy value of 0.038.",6,"### Decision:
I'll **purchase Firm 6** (choose number 6) because: 
- The firm offers a positive profit of 0.38.
- Searching further costs 0.02 and likely yields diminishing returns due to sorted valuation order.","C12 Search #1 (Searched:1/10, SearchCost:0.00, BestProfit:0.38@F6) → Purchase F6",0.34,0.038,"[0.1, 0.53, 0.57, 0.6, 0.79, 0.69, 0.88, 0.04, 0.64, 0.1]"
10,3,C13,True,"Yes, because personalized recommendations with 10 firms will likely reduce search costs more than the privacy cost of 0.032.",6,"### Decision:  
I'll **purchase Firm 6** (choose number 6) because:  
- Offers high profit of 0.49  
- Additional search unlikely to yield better deal given sorted recommendations and search cost of 0.02","C13 Search #1 (Searched:1/10, SearchCost:0.00, BestProfit:0.49@F6) → Purchase F6",0.46,0.032,"[0.45, 0.08, 0.95, 0.24, 0.85, 0.11, 0.99, 0.16, 0.04, 0.64]"
10,3,C14,True,"Yes, because the low privacy cost of 0.05 is outweighed by significant search cost savings from personalized recommendations with 10 firms.",8,"### Decision:
I'll **purchase Firm 8** (choose number 8) because: 
- It offers a high positive profit of 0.44.
- Additional searches are unlikely to improve due to sorting and would add 0.02 cost.","C14 Search #1 (Searched:1/10, SearchCost:0.00, BestProfit:0.44@F8) → Purchase F8",0.39,0.05,"[0.93, 0.33, 0.55, 0.16, 0.31, 0.24, 0.37, 0.5, 0.94, 0.04]"
10,3,C15,True,"Yes, because the low privacy cost (0.037) is outweighed by significant search cost savings from personalized recommendations with 10 firms.",1,"### Decision:  
I'll **purchase Firm 1** (choose number 1) because:  
- It offers a positive profit of 0.46.  
- Further searching costs 0.02 with uncertain improvement in profit.","C15 Search #1 (Searched:1/10, SearchCost:0.00, BestProfit:0.46@F1) → Purchase F1",0.42,0.037,"[0.03, 0.96, 0.74, 0.81, 0.34, 0.73, 0.44, 0.09, 0.18, 0.57]"
10,3,C16,True,"Yes, because the low privacy cost (0.033) is outweighed by the significant search cost savings from personalized recommendations with 10 firms.",5,"### Decision:
I'll **purchase Firm 5** because: 
- It provides a positive profit of 0.44.
- Additional search costs 0.02 with uncertain benefits.","C16 Search #1 (Searched:1/10, SearchCost:0.00, BestProfit:0.44@F5) → Purchase F5",0.41,0.033,"[0.73, 0.4, 0.74, 0.69, 0.8, 0.94, 0.42, 0.32, 0.76, 0.3]"
10,3,C17,True,"Yes, because personalized recommendations with 10 firms will likely reduce search costs more than the privacy value of 0.052.",2,"### Decision:
I'll **purchase Firm 2** (choose number 2) because: 
- It offers positive profit of 0.24.
- Rational to buy when positive profit is available, avoiding unnecessary search cost.","C17 Search #1 (Searched:1/10, SearchCost:0.00, BestProfit:0.24@F2) → Purchase F2",0.19,0.052,"[0.57, 0.57, 0.74, 0.59, 0.5, 0.62, 0.31, 0.19, 0.1, 0.4]"
10,3,C18,True,"Yes, because personalized recommendations with 10 firms will likely reduce search costs more than the privacy cost of 0.052.",2,"### Decision:
I'll **purchase Firm 2** (choose number 2) because: 
- Positive profit of 0.17 available
- Sorted recommendations make further search unlikely to improve deal, with search cost of 0.02","C18 Search #1 (Searched:1/10, SearchCost:0.00, BestProfit:0.17@F2) → Purchase F2",0.12,0.052,"[0.23, 0.2, 0.67, 0.33, 0.49, 0.47, 0.04, 0.07, 0.42, 0.11]"
10,3,C19,True,"Yes, because personalized recommendations with 10 firms will likely reduce search costs more than the privacy cost of 0.031.",5,"### Decision:
I'll **purchase Firm 5** (choose number 5) because: 
- It offers a positive profit of 0.29.
- Rationality requires buying when profit is positive, avoiding unnecessary search costs.","C19 Search #1 (Searched:1/10, SearchCost:0.00, BestProfit:0.29@F5) → Purchase F5",0.26,0.031,"[0.76, 0.16, 0.06, 0.54, 0.79, 0.79, 0.28, 0.04, 0.27, 0.43]"
10,3,C20,True,"Yes, because personalized recommendations with 10 firms will likely reduce search costs more than the privacy cost of 0.048.",7,"### Decision:
I'll **purchase Firm 7** because: 
- It offers a positive profit of 0.19.
- With data sharing and sorted search, additional searches are unlikely to yield a better deal and would add a search cost of 0.02.","C20 Search #1 (Searched:1/10, SearchCost:0.00, BestProfit:0.19@F7) → Purchase F7",0.14,0.048,"[0.84, 0.03, 0.67, 0.19, 0.95, 0.85, 0.36, 0.97, 0.33, 0.65]"
10,4,C1,True,"Yes, because personalized recommendations with 10 firms will likely reduce search costs more than the privacy cost of 0.045.",9,"### Decision:
I'll **purchase Firm 9** (choose number 9) because: 
- It offers a positive profit of 0.35.
- With personalized sorting, further searching is unlikely to improve profit and would add a search cost of 0.02.","C1 Search #1 (Searched:1/10, SearchCost:0.00, BestProfit:0.35@F9) → Purchase F9",0.3,0.045,"[0.69, 0.78, 0.04, 0.3, 0.5, 0.45, 0.32, 0.04, 0.71, 0.85]"
10,4,C2,True,"Yes, because the low privacy cost of 0.025 is outweighed by the expected reduction in search costs from personalized recommendations with 10 firms.",6,"### Decision:
I'll **purchase Firm 6** (choose number 6) because: 
- It offers a positive profit of 0.47.
- Searching more costs 0.02 with uncertain gains, risking reduced net revenue.","C2 Search #1 (Searched:1/10, SearchCost:0.00, BestProfit:0.47@F6) → Purchase F6",0.44,0.025,"[0.31, 0.55, 0.82, 0.9, 0.01, 0.15, 0.97, 0.34, 0.85, 0.46]"
10,4,C3,True,"Yes, because the expected search cost savings from personalized recommendations with 10 firms outweigh the low privacy cost of 0.039.",8,"### Decision:
I'll **purchase Firm 8** because: 
- Offers positive profit of 0.48
- With personalized sorting, further search unlikely to improve profit significantly","C3 Search #1 (Searched:1/10, SearchCost:0.00, BestProfit:0.48@F8) → Purchase F8",0.44,0.039,"[0.62, 0.02, 0.63, 0.08, 0.26, 0.61, 0.62, 0.22, 0.98, 0.63]"
10,4,C4,True,"Yes, because personalized recommendations with 10 firms will likely reduce search costs more than the privacy cost of 0.034.",2,"### Decision:  
I'll **purchase Firm 2** (choose number 2) because:  
- Firm 2 offers a positive profit of 0.48.  
- With sorted recommendations from shared data, it is likely the best option, avoiding unnecessary search costs.","C4 Search #1 (Searched:1/10, SearchCost:0.00, BestProfit:0.48@F2) → Purchase F2",0.45,0.034,"[0.2, 0.01, 0.98, 0.12, 0.42, 0.64, 0.15, 0.22, 0.22, 0.05]"
10,4,C5,True,"Yes, because the low privacy cost of 0.029 is outweighed by the significant search cost savings from personalized recommendations with 10 firms.",1,"### Decision:
I'll **purchase Firm 1** (choose number 1) because: 
- Current firm offers positive profit of 0.42.
- Data-shared search order makes further searches unlikely to improve the deal significantly.","C5 Search #1 (Searched:1/10, SearchCost:0.00, BestProfit:0.42@F1) → Purchase F1",0.39,0.029,"[0.64, 0.92, 0.66, 0.33, 0.67, 0.92, 0.0, 0.67, 0.13, 0.8]"
10,4,C6,True,"Yes, because personalized recommendations with 10 firms will likely reduce search costs and improve deal quality, outweighing the low privacy cost of 0.036.",9,"### Decision:
I'll **purchase Firm 9** (choose number 9) because: 
- Positive profit of 0.49 is available.
- Additional search costs 0.02 and may not yield better profit.","C6 Search #1 (Searched:1/10, SearchCost:0.00, BestProfit:0.49@F9) → Purchase F9",0.45,0.036,"[0.18, 0.98, 0.23, 0.84, 0.46, 0.19, 0.28, 0.47, 0.54, 0.99]"
10,4,C7,True,"Yes, because the low privacy cost (0.027) is outweighed by significant search cost savings from personalized recommendations with 10 firms.",8,"### Decision:
I'll **purchase Firm 8** because: 
- It offers a positive profit of 0.49.
- Additional search cost of 0.02 is unlikely to yield a better deal due to sorted valuations.","C7 Search #1 (Searched:1/10, SearchCost:0.00, BestProfit:0.49@F8) → Purchase F8",0.46,0.027,"[0.23, 0.19, 0.64, 0.11, 0.38, 0.17, 0.13, 0.87, 0.99, 0.81]"
10,4,C8,True,"Yes, because personalized recommendations with 10 firms significantly reduce search costs and provide high-value options first, outweighing the privacy cost of 0.055.",1,"### Decision:
I'll **purchase Firm 1** because: 
- Positive profit of 0.49 already available
- Additional search cost (0.02) and sorted recommendations suggest diminishing returns","C8 Search #1 (Searched:1/10, SearchCost:0.00, BestProfit:0.49@F1) → Purchase F1",0.44,0.055,"[0.2, 0.99, 0.03, 0.27, 0.52, 0.77, 0.03, 0.01, 0.2, 0.34]"
10,4,C9,True,"Yes, because the low privacy cost of 0.039 is outweighed by significant search cost savings from personalized recommendations with 10 firms.",7,"### Decision:
I'll **purchase Firm 7** because: 
- Firm 7 offers a positive profit of 0.12.
- Rationality rule requires buying when positive profit exists.","C9 Search #1 (Searched:1/10, SearchCost:0.00, BestProfit:0.12@F7) → Purchase F7",0.08,0.039,"[0.02, 0.53, 0.2, 0.74, 0.42, 0.35, 0.89, 0.9, 0.5, 0.18]"
10,4,C10,True,"Yes, because with 10 firms, personalized recommendations will likely reduce search costs more than the privacy value of 0.055.",1,"### Decision:
I'll **purchase Firm 1** (choose number 1) because: 
- Searched firm offers positive profit of 0.37.
- Further search incurs additional cost with uncertain benefit.","C10 Search #1 (Searched:1/10, SearchCost:0.00, BestProfit:0.37@F1) → Purchase F1",0.32,0.055,"[0.18, 0.87, 0.51, 0.61, 0.17, 0.8, 0.67, 0.47, 0.72, 0.35]"
10,4,C11,True,"Yes, because personalized recommendations with 10 firms will likely reduce search costs more than the privacy cost of 0.047.",0,"### Decision:
I'll **purchase Firm 0** (choose number 0) because: 
- Positive profit of 0.48 available, rational to buy immediately.
- With sorted recommendations, additional search unlikely to improve profit and would incur a 0.02 cost, reducing net revenue.","C11 Search #1 (Searched:1/10, SearchCost:0.00, BestProfit:0.48@F0) → Purchase F0",0.43,0.047,"[0.98, 0.87, 0.93, 0.94, 0.51, 0.92, 0.49, 0.74, 0.21, 0.59]"
10,4,C12,True,"Yes, because the privacy cost of 0.038 is low and personalized recommendations with 10 firms will likely reduce search costs substantially.",6,"### Decision:
I'll **purchase Firm 6** (choose number 6) because: 
- The firm offers a positive profit of 0.38.
- Searching further incurs a cost of 0.02 with likely diminishing returns due to sorted valuation order.","C12 Search #1 (Searched:1/10, SearchCost:0.00, BestProfit:0.38@F6) → Purchase F6",0.34,0.038,"[0.1, 0.53, 0.57, 0.6, 0.79, 0.69, 0.88, 0.04, 0.64, 0.1]"
10,4,C13,True,"Yes, because personalized recommendations with 10 firms will likely reduce search costs more than the privacy cost of 0.032.",6,"### Decision:  
I'll **purchase Firm 6** (choose number 6) because:  
- Offers positive profit of 0.49  
- Additional search unlikely to yield better deal given sorted recommendations and search cost of 0.02","C13 Search #1 (Searched:1/10, SearchCost:0.00, BestProfit:0.49@F6) → Purchase F6",0.46,0.032,"[0.45, 0.08, 0.95, 0.24, 0.85, 0.11, 0.99, 0.16, 0.04, 0.64]"
10,4,C14,True,"Yes, because personalized recommendations with 10 firms will likely reduce search costs by more than the 0.05 privacy value.",8,"### Decision:
I'll **purchase Firm 8** (choose number 8) because: 
- It offers a positive profit of 0.44.
- Additional search costs 0.02 with likely diminishing returns due to valuation sorting.","C14 Search #1 (Searched:1/10, SearchCost:0.00, BestProfit:0.44@F8) → Purchase F8",0.39,0.05,"[0.93, 0.33, 0.55, 0.16, 0.31, 0.24, 0.37, 0.5, 0.94, 0.04]"
10,4,C15,True,"Yes, because the low privacy cost (0.037) is likely outweighed by significant search cost savings from personalized recommendations with 10 firms.",1,"### Decision:  
I'll **purchase Firm 1** (choose number 1) because:  
- It offers a positive profit of 0.46.  
- Further searching costs 0.02 with uncertain improvement in profit.","C15 Search #1 (Searched:1/10, SearchCost:0.00, BestProfit:0.46@F1) → Purchase F1",0.42,0.037,"[0.03, 0.96, 0.74, 0.81, 0.34, 0.73, 0.44, 0.09, 0.18, 0.57]"
10,4,C16,True,"Yes, because the low privacy cost of 0.033 is outweighed by the significant search cost savings from personalized recommendations with 10 firms.",5,"### Decision:
I'll **purchase Firm 5** (choose number 5) because: 
- It offers a positive profit of 0.44.
- Additional search costs 0.02 with uncertain benefits, making it risky.","C16 Search #1 (Searched:1/10, SearchCost:0.00, BestProfit:0.44@F5) → Purchase F5",0.41,0.033,"[0.73, 0.4, 0.74, 0.69, 0.8, 0.94, 0.42, 0.32, 0.76, 0.3]"
10,4,C17,True,"Yes, because with 10 firms, personalized recommendations will likely reduce search costs more than the privacy value of 0.052.",2,"### Decision:
I'll **purchase Firm 2** (choose number 2) because: 
- It offers positive profit of 0.24.
- As a rational consumer, I won't leave without buying when positive profit is available.","C17 Search #1 (Searched:1/10, SearchCost:0.00, BestProfit:0.24@F2) → Purchase F2",0.19,0.052,"[0.57, 0.57, 0.74, 0.59, 0.5, 0.62, 0.31, 0.19, 0.1, 0.4]"
10,4,C18,True,"Yes, because personalized recommendations with 10 firms likely reduce search costs more than the privacy cost of 0.052.",2,"### Decision:
I'll **purchase Firm 2** (choose number 2) because: 
- Positive profit of 0.17 available
- Sorted recommendations make further search unlikely to improve deal, with search cost of 0.02","C18 Search #1 (Searched:1/10, SearchCost:0.00, BestProfit:0.17@F2) → Purchase F2",0.12,0.052,"[0.23, 0.2, 0.67, 0.33, 0.49, 0.47, 0.04, 0.07, 0.42, 0.11]"
10,4,C19,True,"Yes, because the low privacy cost (0.031) is outweighed by the potential reduction in search costs from personalized recommendations with 10 firms.",5,"### Decision:
I'll **purchase Firm 5** (choose number 5) because: 
- It offers a positive profit of 0.29.
- Rationality requires buying when profit is positive.","C19 Search #1 (Searched:1/10, SearchCost:0.00, BestProfit:0.29@F5) → Purchase F5",0.26,0.031,"[0.76, 0.16, 0.06, 0.54, 0.79, 0.79, 0.28, 0.04, 0.27, 0.43]"
10,4,C20,True,"Yes, because personalized recommendations with 10 firms will likely reduce search costs more than the privacy cost of 0.048.",7,"### Decision:
I'll **purchase Firm 7** because: 
- It offers a positive profit of 0.19.
- With data sharing and sorted search, additional searches are unlikely to improve the deal and would incur extra cost.","C20 Search #1 (Searched:1/10, SearchCost:0.00, BestProfit:0.19@F7) → Purchase F7",0.14,0.048,"[0.84, 0.03, 0.67, 0.19, 0.95, 0.85, 0.36, 0.97, 0.33, 0.65]"
10,5,C1,True,"Yes, to leverage personalized recommendations for reduced search costs with 10 firms, outweighing the 0.045 privacy cost.",9,"### Decision:
I'll **purchase Firm 9** (choose number 9) because: 
- It offers a positive profit of 0.35.
- Further searching costs 0.02 and is unlikely to yield a better deal due to personalized sorting.","C1 Search #1 (Searched:1/10, SearchCost:0.00, BestProfit:0.35@F9) → Purchase F9",0.3,0.045,"[0.69, 0.78, 0.04, 0.3, 0.5, 0.45, 0.32, 0.04, 0.71, 0.85]"
10,5,C2,True,"Yes, because the privacy cost of 0.025 is low and outweighed by the expected reduction in search costs from personalized recommendations with 10 firms.",6,"### Decision:
I'll **purchase Firm 6** (choose number 6) because: 
- It offers a positive profit of 0.47.
- Searching more costs 0.02 with uncertain gains, risking reduced net revenue.","C2 Search #1 (Searched:1/10, SearchCost:0.00, BestProfit:0.47@F6) → Purchase F6",0.44,0.025,"[0.31, 0.55, 0.82, 0.9, 0.01, 0.15, 0.97, 0.34, 0.85, 0.46]"
10,5,C3,True,"Yes, because expected search cost savings and better deal quality with 10 firms outweigh the privacy cost of 0.039.",8,"### Decision:
I'll **purchase Firm 8** because: 
- Offers positive profit of 0.38
- With personalized recommendations, further search unlikely to improve profit significantly","C3 Search #1 (Searched:1/10, SearchCost:0.00, BestProfit:0.38@F8) → Purchase F8",0.34,0.039,"[0.62, 0.02, 0.63, 0.08, 0.26, 0.61, 0.62, 0.22, 0.98, 0.63]"
10,5,C4,True,"Yes, because personalized recommendations with 10 firms will significantly reduce search costs, outweighing the privacy cost of 0.034.",2,"### Decision:  
I'll **purchase Firm 2** (choose number 2) because:  
- Firm 2 offers a positive profit of 0.48.  
- With shared data and sorted recommendations, it is likely the best option, avoiding additional search costs.","C4 Search #1 (Searched:1/10, SearchCost:0.00, BestProfit:0.48@F2) → Purchase F2",0.45,0.034,"[0.2, 0.01, 0.98, 0.12, 0.42, 0.64, 0.15, 0.22, 0.22, 0.05]"
10,5,C5,True,"Yes, because the low privacy cost of 0.029 is outweighed by significant search cost savings from personalized recommendations with 10 firms.",1,"### Decision:
I'll **purchase Firm 1** (choose number 1) because: 
- Current firm offers positive profit of 0.42.
- Data-shared search order makes further searches unlikely to improve the deal significantly.","C5 Search #1 (Searched:1/10, SearchCost:0.00, BestProfit:0.42@F1) → Purchase F1",0.39,0.029,"[0.64, 0.92, 0.66, 0.33, 0.67, 0.92, 0.0, 0.67, 0.13, 0.8]"
10,5,C6,True,"Yes, because the low privacy cost of 0.036 is outweighed by the significant search cost savings from personalized recommendations with 10 firms.",9,"### Decision:
I'll **purchase Firm 9** (choose number 9) because: 
- Positive profit of 0.49 is available.
- Additional search costs 0.02 and may not yield better profit.","C6 Search #1 (Searched:1/10, SearchCost:0.00, BestProfit:0.49@F9) → Purchase F9",0.45,0.036,"[0.18, 0.98, 0.23, 0.84, 0.46, 0.19, 0.28, 0.47, 0.54, 0.99]"
10,5,C7,True,"Yes, because the low privacy cost (0.027) is outweighed by significant search cost savings and better product matching from personalized recommendations with 10 firms.",8,"### Decision:
I'll **purchase Firm 8** because: 
- It offers a positive profit of 0.39.
- Additional search cost of 0.02 is unlikely to yield a better deal due to sorted valuations.","C7 Search #1 (Searched:1/10, SearchCost:0.00, BestProfit:0.39@F8) → Purchase F8",0.36,0.027,"[0.23, 0.19, 0.64, 0.11, 0.38, 0.17, 0.13, 0.87, 0.99, 0.81]"
10,5,C8,True,"Yes, because personalized recommendations with 10 firms significantly reduce search costs, outweighing the privacy cost of 0.055.",1,"### Decision:
I'll **purchase Firm 1** because: 
- Positive profit of 0.49 already available
- Additional search cost and diminishing returns outweigh potential gains","C8 Search #1 (Searched:1/10, SearchCost:0.00, BestProfit:0.49@F1) → Purchase F1",0.44,0.055,"[0.2, 0.99, 0.03, 0.27, 0.52, 0.77, 0.03, 0.01, 0.2, 0.34]"
10,5,C9,True,"Yes, because the low privacy cost of 0.039 is outweighed by significant search cost savings from personalized recommendations with 10 firms.",7,"### Decision:
I'll **purchase Firm 7** because: 
- Firm 7 offers a positive profit of 0.12.
- Rationality rule requires buying when positive profit exists.","C9 Search #1 (Searched:1/10, SearchCost:0.00, BestProfit:0.12@F7) → Purchase F7",0.08,0.039,"[0.02, 0.53, 0.2, 0.74, 0.42, 0.35, 0.89, 0.9, 0.5, 0.18]"
10,5,C10,True,"Yes, because personalized recommendations with 10 firms will reduce search costs more than the privacy cost of 0.055.",1,"### Decision:
I'll **purchase Firm 1** (choose number 1) because: 
- Searched firm offers positive profit of 0.37.
- Further search incurs cost with uncertain benefit.","C10 Search #1 (Searched:1/10, SearchCost:0.00, BestProfit:0.37@F1) → Purchase F1",0.32,0.055,"[0.18, 0.87, 0.51, 0.61, 0.17, 0.8, 0.67, 0.47, 0.72, 0.35]"
10,5,C11,True,"Yes, because personalized recommendations with 10 firms reduce search costs more than the privacy cost of 0.047.",0,"### Decision:
I'll **purchase Firm 0** (choose number 0) because: 
- Positive profit of 0.48 available, rational to buy immediately.
- Sorted recommendations make additional search unlikely to improve profit and would incur a 0.02 cost, reducing net revenue.","C11 Search #1 (Searched:1/10, SearchCost:0.00, BestProfit:0.48@F0) → Purchase F0",0.43,0.047,"[0.98, 0.87, 0.93, 0.94, 0.51, 0.92, 0.49, 0.74, 0.21, 0.59]"
10,5,C12,True,"Yes, because the low privacy cost of 0.038 is outweighed by the significant reduction in search costs from personalized recommendations with 10 firms.",6,"### Decision:
I'll **purchase Firm 6** (choose number 6) because: 
- The firm offers a positive profit of 0.38.
- Searching further incurs a cost of 0.02 with likely diminishing returns due to sorted valuation order.","C12 Search #1 (Searched:1/10, SearchCost:0.00, BestProfit:0.38@F6) → Purchase F6",0.34,0.038,"[0.1, 0.53, 0.57, 0.6, 0.79, 0.69, 0.88, 0.04, 0.64, 0.1]"
10,5,C13,True,"Yes, because personalized recommendations with 10 firms will likely reduce search costs more than the privacy cost of 0.032.",6,"### Decision:  
I'll **purchase Firm 6** (choose number 6) because:  
- Offers positive profit of 0.49  
- Additional search unlikely to yield better deal given sorted recommendations and search cost of 0.02","C13 Search #1 (Searched:1/10, SearchCost:0.00, BestProfit:0.49@F6) → Purchase F6",0.46,0.032,"[0.45, 0.08, 0.95, 0.24, 0.85, 0.11, 0.99, 0.16, 0.04, 0.64]"
10,5,C14,True,"Yes, because sharing data reduces search costs through personalized recommendations, likely saving more than the 0.05 privacy cost with 10 firms.",8,"### Decision:
I'll **purchase Firm 8** (choose number 8) because: 
- It offers a positive profit of 0.34.
- Further searches are unlikely to yield better options due to sorted recommendations and would add unnecessary cost.","C14 Search #1 (Searched:1/10, SearchCost:0.00, BestProfit:0.34@F8) → Purchase F8",0.29,0.05,"[0.93, 0.33, 0.55, 0.16, 0.31, 0.24, 0.37, 0.5, 0.94, 0.04]"
10,5,C15,True,"Yes, because the low privacy cost (0.037) is likely outweighed by significant search cost savings from personalized recommendations with 10 firms.",1,"### Decision:
I'll **purchase Firm 1** (choose number 1) because: 
- It offers a positive profit of 0.46.
- Further searching costs 0.02 with uncertain improvement in profit.","C15 Search #1 (Searched:1/10, SearchCost:0.00, BestProfit:0.46@F1) → Purchase F1",0.42,0.037,"[0.03, 0.96, 0.74, 0.81, 0.34, 0.73, 0.44, 0.09, 0.18, 0.57]"
10,5,C16,True,"Yes, because with 10 firms, personalized recommendations greatly reduce search costs, easily offsetting the low privacy cost of 0.033.",5,"### Decision:
I'll **purchase Firm 5** (choose number 5) because: 
- It offers a positive profit of 0.44.
- Additional search costs 0.02 with uncertain benefits from lower-valuation firms.","C16 Search #1 (Searched:1/10, SearchCost:0.00, BestProfit:0.44@F5) → Purchase F5",0.41,0.033,"[0.73, 0.4, 0.74, 0.69, 0.8, 0.94, 0.42, 0.32, 0.76, 0.3]"
10,5,C17,True,"Yes, because with 10 firms, personalized recommendations will likely reduce search costs more than the privacy value of 0.052.",2,"### Decision:
I'll **purchase Firm 2** (choose number 2) because: 
- It offers positive profit of 0.24.
- Rational to buy immediately, avoiding unnecessary search cost.","C17 Search #1 (Searched:1/10, SearchCost:0.00, BestProfit:0.24@F2) → Purchase F2",0.19,0.052,"[0.57, 0.57, 0.74, 0.59, 0.5, 0.62, 0.31, 0.19, 0.1, 0.4]"
10,5,C18,True,"Yes, because with 10 firms, personalized recommendations will likely reduce search costs significantly more than the privacy cost of 0.052.",2,"### Decision:
I'll **purchase Firm 2** (choose number 2) because: 
- Positive profit of 0.17 available
- Sorted recommendations make further search unlikely to improve deal, with search cost of 0.02","C18 Search #1 (Searched:1/10, SearchCost:0.00, BestProfit:0.17@F2) → Purchase F2",0.12,0.052,"[0.23, 0.2, 0.67, 0.33, 0.49, 0.47, 0.04, 0.07, 0.42, 0.11]"
10,5,C19,True,"Yes, because the expected search cost savings from personalized recommendations with 10 firms exceed the privacy cost of 0.031.",5,"### Decision:
I'll **purchase Firm 5** (choose number 5) because: 
- It offers a positive profit of 0.29.
- Rationality requires buying when profit is positive, avoiding unnecessary search costs.","C19 Search #1 (Searched:1/10, SearchCost:0.00, BestProfit:0.29@F5) → Purchase F5",0.26,0.031,"[0.76, 0.16, 0.06, 0.54, 0.79, 0.79, 0.28, 0.04, 0.27, 0.43]"
10,5,C20,True,"Yes, because personalized recommendations with 10 firms will likely reduce search costs more than the privacy cost of 0.048.",7,"### Decision:
I'll **purchase Firm 7** because: 
- It offers a positive profit of 0.19.
- With data sharing and sorted search, additional searches are unlikely to improve the deal and would incur extra cost of 0.02.","C20 Search #1 (Searched:1/10, SearchCost:0.00, BestProfit:0.19@F7) → Purchase F7",0.14,0.048,"[0.84, 0.03, 0.67, 0.19, 0.95, 0.85, 0.36, 0.97, 0.33, 0.65]"
10,6,C1,True,"Yes, because personalized recommendations with 10 firms will likely reduce search costs and improve product match, outweighing the privacy cost of 0.045.",9,"### Decision:
I'll **purchase Firm 9** (choose number 9) because: 
- It offers a positive profit of 0.25.
- Further searching costs 0.02 and is unlikely to yield a better deal due to personalized sorting.","C1 Search #1 (Searched:1/10, SearchCost:0.00, BestProfit:0.25@F9) → Purchase F9",0.2,0.045,"[0.69, 0.78, 0.04, 0.3, 0.5, 0.45, 0.32, 0.04, 0.71, 0.85]"
10,6,C2,True,"Yes, because the low privacy cost of 0.025 is outweighed by the significant search cost savings from personalized recommendations with 10 firms.",6,"### Decision:
I'll **purchase Firm 6** (choose number 6) because: 
- It offers a positive profit of 0.47.
- Searching more costs 0.02 with uncertain gains, risking reduced net revenue.","C2 Search #1 (Searched:1/10, SearchCost:0.00, BestProfit:0.47@F6) → Purchase F6",0.44,0.025,"[0.31, 0.55, 0.82, 0.9, 0.01, 0.15, 0.97, 0.34, 0.85, 0.46]"
10,6,C3,True,"Yes, because expected search cost savings with personalized recommendations for 10 firms outweigh the privacy cost of 0.039.",8,"### Decision:
I'll **purchase Firm 8** because: 
- Offers positive profit of 0.33
- With personalized recommendations, further search unlikely to improve profit significantly","C3 Search #1 (Searched:1/10, SearchCost:0.00, BestProfit:0.33@F8) → Purchase F8",0.29,0.039,"[0.62, 0.02, 0.63, 0.08, 0.26, 0.61, 0.62, 0.22, 0.98, 0.63]"
10,6,C4,True,"Yes, because personalized recommendations with 10 firms will significantly reduce search costs, outweighing the privacy cost of 0.034.",2,"### Decision:  
I'll **purchase Firm 2** (choose number 2) because:  
- It offers a positive profit of 0.38.  
- With personalized recommendations from shared data, it is likely the best option, minimizing further search costs.","C4 Search #1 (Searched:1/10, SearchCost:0.00, BestProfit:0.38@F2) → Purchase F2",0.35,0.034,"[0.2, 0.01, 0.98, 0.12, 0.42, 0.64, 0.15, 0.22, 0.22, 0.05]"
10,6,C5,True,"Yes, because personalized recommendations with 10 firms significantly reduce search costs, outweighing the low privacy cost of 0.029.",1,"### Decision:
I'll **purchase Firm 1** (choose number 1) because: 
- Current firm offers positive profit of 0.42.
- Data-shared search order makes further searches unlikely to improve the deal significantly.","C5 Search #1 (Searched:1/10, SearchCost:0.00, BestProfit:0.42@F1) → Purchase F1",0.39,0.029,"[0.64, 0.92, 0.66, 0.33, 0.67, 0.92, 0.0, 0.67, 0.13, 0.8]"
10,6,C6,True,"Yes, because personalized recommendations with 10 firms will significantly reduce search costs, outweighing the privacy cost of 0.036.",9,"### Decision:
I'll **purchase Firm 9** (choose number 9) because: 
- Positive profit of 0.39 is available.
- Additional search costs 0.02 and may not yield better profit.","C6 Search #1 (Searched:1/10, SearchCost:0.00, BestProfit:0.39@F9) → Purchase F9",0.35,0.036,"[0.18, 0.98, 0.23, 0.84, 0.46, 0.19, 0.28, 0.47, 0.54, 0.99]"
10,6,C7,True,"Yes, because the low privacy cost of 0.027 is outweighed by significant search cost savings from personalized recommendations with 10 firms.",8,"### Decision:
I'll **purchase Firm 8** because: 
- It offers a positive profit of 0.34.
- Additional search cost of 0.02 is unlikely to yield a better deal due to sorted valuations.","C7 Search #1 (Searched:1/10, SearchCost:0.00, BestProfit:0.34@F8) → Purchase F8",0.31,0.027,"[0.23, 0.19, 0.64, 0.11, 0.38, 0.17, 0.13, 0.87, 0.99, 0.81]"
10,6,C8,True,"Yes, because personalized recommendations with 10 firms significantly reduce search costs, outweighing the privacy cost of 0.055.",1,"### Decision:
I'll **purchase Firm 1** because: 
- Positive profit of 0.49 already available
- Additional search cost of 0.02 unlikely to yield a better deal due to diminishing returns","C8 Search #1 (Searched:1/10, SearchCost:0.00, BestProfit:0.49@F1) → Purchase F1",0.44,0.055,"[0.2, 0.99, 0.03, 0.27, 0.52, 0.77, 0.03, 0.01, 0.2, 0.34]"
10,6,C9,True,"Yes, because the expected reduction in search cost from personalized recommendations with 10 firms outweighs the low privacy cost of 0.039.",7,"### Decision:
I'll **purchase Firm 7** because: 
- Firm 7 offers a positive profit of 0.12.
- Rationality rule requires buying when positive profit exists.","C9 Search #1 (Searched:1/10, SearchCost:0.00, BestProfit:0.12@F7) → Purchase F7",0.08,0.039,"[0.02, 0.53, 0.2, 0.74, 0.42, 0.35, 0.89, 0.9, 0.5, 0.18]"
10,6,C10,True,"Yes, because personalized recommendations with 10 firms will reduce search costs and improve deal quality more than the privacy cost of 0.055.",1,"### Decision:
I'll **purchase Firm 1** (choose number 1) because: 
- Searched firm offers positive profit of 0.37.
- Further search incurs additional cost with uncertain benefit.","C10 Search #1 (Searched:1/10, SearchCost:0.00, BestProfit:0.37@F1) → Purchase F1",0.32,0.055,"[0.18, 0.87, 0.51, 0.61, 0.17, 0.8, 0.67, 0.47, 0.72, 0.35]"
10,6,C11,True,"Yes, because personalized recommendations with 10 firms significantly reduce expected search costs, outweighing the privacy cost of 0.047.",0,"### Decision:
I'll **purchase Firm 0** (choose number 0) because: 
- Positive profit of 0.48 available.
- With sorted recommendations, additional search unlikely to improve profit and would incur a 0.02 cost.","C11 Search #1 (Searched:1/10, SearchCost:0.00, BestProfit:0.48@F0) → Purchase F0",0.43,0.047,"[0.98, 0.87, 0.93, 0.94, 0.51, 0.92, 0.49, 0.74, 0.21, 0.59]"
10,6,C12,True,"Yes, because the low privacy cost of 0.038 is outweighed by the substantial search cost savings from personalized recommendations with 10 firms.",6,"### Decision:
I'll **purchase Firm 6** (choose number 6) because: 
- The firm offers a positive profit of 0.38.
- Searching further incurs a cost of 0.02 with likely diminishing returns due to sorted valuation order.","C12 Search #1 (Searched:1/10, SearchCost:0.00, BestProfit:0.38@F6) → Purchase F6",0.34,0.038,"[0.1, 0.53, 0.57, 0.6, 0.79, 0.69, 0.88, 0.04, 0.64, 0.1]"
10,6,C13,True,"Yes, because personalized recommendations with 10 firms will likely reduce search costs more than the privacy cost of 0.032.",6,"### Decision:  
I'll **purchase Firm 6** (choose number 6) because:  
- Offers positive profit of 0.49  
- Additional search unlikely to yield better deal given sorted recommendations and search cost of 0.02","C13 Search #1 (Searched:1/10, SearchCost:0.00, BestProfit:0.49@F6) → Purchase F6",0.46,0.032,"[0.45, 0.08, 0.95, 0.24, 0.85, 0.11, 0.99, 0.16, 0.04, 0.64]"
10,6,C14,True,"Yes, because with 10 firms, personalized recommendations will significantly reduce search costs, outweighing the 0.05 privacy cost.",8,"### Decision:
I'll **purchase Firm 8** (choose number 8) because: 
- It offers a positive profit of 0.29.
- Additional search costs 0.02 with likely diminishing returns due to personalized sorting.","C14 Search #1 (Searched:1/10, SearchCost:0.00, BestProfit:0.29@F8) → Purchase F8",0.24,0.05,"[0.93, 0.33, 0.55, 0.16, 0.31, 0.24, 0.37, 0.5, 0.94, 0.04]"
10,6,C15,True,"Yes, because the low privacy cost of 0.037 is outweighed by the significant reduction in search costs from personalized recommendations with 10 firms.",1,"### Decision:  
I'll **purchase Firm 1** (choose number 1) because:  
- It offers a positive profit of 0.46.  
- Further searching costs 0.02 with uncertain improvement in profit.","C15 Search #1 (Searched:1/10, SearchCost:0.00, BestProfit:0.46@F1) → Purchase F1",0.42,0.037,"[0.03, 0.96, 0.74, 0.81, 0.34, 0.73, 0.44, 0.09, 0.18, 0.57]"
10,6,C16,True,"Yes, because the low privacy cost of 0.033 is outweighed by significant search cost savings from personalized recommendations with 10 firms.",5,"### Decision:
I'll **purchase Firm 5** (choose number 5) because: 
- It offers a positive profit of 0.44.
- Additional search costs 0.02 with uncertain benefits from lower-valuation firms.","C16 Search #1 (Searched:1/10, SearchCost:0.00, BestProfit:0.44@F5) → Purchase F5",0.41,0.033,"[0.73, 0.4, 0.74, 0.69, 0.8, 0.94, 0.42, 0.32, 0.76, 0.3]"
10,6,C17,True,"Yes, because with 10 firms, personalized recommendations will reduce search costs more than the privacy cost of 0.052.",2,"### Decision:
I'll **purchase Firm 2** (choose number 2) because: 
- It offers a positive profit of 0.14.
- As a rational consumer, I won't leave without buying when positive profit is available.","C17 Search #1 (Searched:1/10, SearchCost:0.00, BestProfit:0.14@F2) → Purchase F2",0.09,0.052,"[0.57, 0.57, 0.74, 0.59, 0.5, 0.62, 0.31, 0.19, 0.1, 0.4]"
10,6,C18,True,"Yes, because personalized recommendations with 10 firms will likely reduce search costs more than the privacy cost of 0.052.",2,"### Decision:
I'll **purchase Firm 2** (choose number 2) because: 
- Positive profit of 0.07 available
- Sorted recommendations make further search unlikely to improve deal, with search cost of 0.02","C18 Search #1 (Searched:1/10, SearchCost:0.00, BestProfit:0.07@F2) → Purchase F2",0.02,0.052,"[0.23, 0.2, 0.67, 0.33, 0.49, 0.47, 0.04, 0.07, 0.42, 0.11]"
10,6,C19,True,"Yes, because personalized recommendations with 10 firms likely reduce search costs and improve product match more than the privacy cost of 0.031.",5,"### Decision:
I'll **purchase Firm 5** (choose number 5) because: 
- It offers a positive profit of 0.29.
- Personalized recommendations suggest it is likely the best option, making further search inefficient.","C19 Search #1 (Searched:1/10, SearchCost:0.00, BestProfit:0.29@F5) → Purchase F5",0.26,0.031,"[0.76, 0.16, 0.06, 0.54, 0.79, 0.79, 0.28, 0.04, 0.27, 0.43]"
10,6,C20,True,"Yes, because personalized recommendations with 10 firms will likely reduce search costs more than the privacy cost of 0.048.",7,"### Decision:
I'll **purchase Firm 7** because: 
- It offers a positive profit of 0.19.
- With data sharing and sorted search, additional searches are unlikely to improve the deal and would incur extra cost of 0.02.","C20 Search #1 (Searched:1/10, SearchCost:0.00, BestProfit:0.19@F7) → Purchase F7",0.14,0.048,"[0.84, 0.03, 0.67, 0.19, 0.95, 0.85, 0.36, 0.97, 0.33, 0.65]"
10,7,C1,True,"Yes, because personalized recommendations with 10 firms significantly reduce search costs, outweighing the 0.045 privacy cost.",9,"### Decision:
I'll **purchase Firm 9** (choose number 9) because: 
- It offers a positive profit of 0.25.
- Further searching costs 0.02 and is unlikely to yield a better deal due to personalized sorting.","C1 Search #1 (Searched:1/10, SearchCost:0.00, BestProfit:0.35@F9) → Purchase F9",0.3,0.045,"[0.69, 0.78, 0.04, 0.3, 0.5, 0.45, 0.32, 0.04, 0.71, 0.85]"
10,7,C2,True,"Yes, because the low privacy cost of 0.025 is outweighed by the significant search cost savings from personalized recommendations with 10 firms.",6,"### Decision:
I'll **purchase Firm 6** (choose number 6) because: 
- It offers a positive profit of 0.37.
- Searching more costs 0.02 with uncertain gains, risking reduced net revenue.","C2 Search #1 (Searched:1/10, SearchCost:0.00, BestProfit:0.37@F6) → Purchase F6",0.34,0.025,"[0.31, 0.55, 0.82, 0.9, 0.01, 0.15, 0.97, 0.34, 0.85, 0.46]"
10,7,C3,True,"Yes, because expected search cost savings with personalized recommendations for 10 firms outweigh the privacy cost of 0.039.",8,"### Decision:
I'll **purchase Firm 8** because: 
- Offers positive profit of 0.28
- With personalized recommendations, further search unlikely to improve profit significantly","C3 Search #1 (Searched:1/10, SearchCost:0.00, BestProfit:0.28@F8) → Purchase F8",0.24,0.039,"[0.62, 0.02, 0.63, 0.08, 0.26, 0.61, 0.62, 0.22, 0.98, 0.63]"
10,7,C4,True,"Yes, because personalized recommendations with 10 firms significantly reduce search costs, outweighing the privacy cost of 0.034.",2,"### Decision:  
I'll **purchase Firm 2** (choose number 2) because:  
- It offers a positive profit of 0.33.  
- With personalized recommendations from shared data, it is likely the best option, avoiding additional search costs.","C4 Search #1 (Searched:1/10, SearchCost:0.00, BestProfit:0.33@F2) → Purchase F2",0.3,0.034,"[0.2, 0.01, 0.98, 0.12, 0.42, 0.64, 0.15, 0.22, 0.22, 0.05]"
10,7,C5,True,"Yes, because the low privacy cost of 0.029 is outweighed by the significant search cost savings from personalized recommendations with 10 firms.",1,"### Decision:
I'll **purchase Firm 1** (choose number 1) because: 
- Current firm offers positive profit of 0.42.
- Data-shared search order makes further searches unlikely to improve the deal significantly.","C5 Search #1 (Searched:1/10, SearchCost:0.00, BestProfit:0.42@F1) → Purchase F1",0.39,0.029,"[0.64, 0.92, 0.66, 0.33, 0.67, 0.92, 0.0, 0.67, 0.13, 0.8]"
10,7,C6,True,"Yes, because personalized recommendations with 10 firms will likely reduce search costs more than the privacy cost of 0.036.",9,"### Decision:
I'll **purchase Firm 9** (choose number 9) because: 
- Positive profit of 0.49 is available.
- Additional search costs 0.02 and may not yield better profit.","C6 Search #1 (Searched:1/10, SearchCost:0.00, BestProfit:0.49@F9) → Purchase F9",0.45,0.036,"[0.18, 0.98, 0.23, 0.84, 0.46, 0.19, 0.28, 0.47, 0.54, 0.99]"
10,7,C7,True,"Yes, because the low privacy cost of 0.027 is outweighed by significant search cost savings from personalized recommendations with 10 firms.",8,"### Decision:
I'll **purchase Firm 8** because: 
- It offers a positive profit of 0.29.
- Additional search cost of 0.02 is unlikely to yield a better deal due to sorted valuations.","C7 Search #1 (Searched:1/10, SearchCost:0.00, BestProfit:0.29@F8) → Purchase F8",0.26,0.027,"[0.23, 0.19, 0.64, 0.11, 0.38, 0.17, 0.13, 0.87, 0.99, 0.81]"
10,7,C8,True,"Yes, because personalized recommendations with 10 firms significantly reduce search costs, likely saving more than the 0.055 privacy cost.",1,"### Decision:
I'll **purchase Firm 1** because: 
- Positive profit of 0.49 already available
- Additional search cost of 0.02 unlikely to yield better deal due to sorted recommendations","C8 Search #1 (Searched:1/10, SearchCost:0.00, BestProfit:0.49@F1) → Purchase F1",0.44,0.055,"[0.2, 0.99, 0.03, 0.27, 0.52, 0.77, 0.03, 0.01, 0.2, 0.34]"
10,7,C9,True,"Yes, because the low privacy cost of 0.039 is outweighed by significant search cost savings from personalized recommendations with 10 firms.",7,"### Decision:
I'll **purchase Firm 7** because: 
- Firm 7 offers a positive profit of 0.4.
- Rationality rule requires buying when positive profit exists.","C9 Search #1 (Searched:1/10, SearchCost:0.00, BestProfit:0.40@F7) → Purchase F7",0.36,0.039,"[0.02, 0.53, 0.2, 0.74, 0.42, 0.35, 0.89, 0.9, 0.5, 0.18]"
10,7,C10,True,"Yes, because personalized recommendations with 10 firms will likely reduce search costs more than the privacy cost of 0.055.",1,"### Decision:
I'll **purchase Firm 1** (choose number 1) because: 
- Searched firm offers positive profit of 0.37.
- Further search costs 0.02 with uncertain benefit.","C10 Search #1 (Searched:1/10, SearchCost:0.00, BestProfit:0.37@F1) → Purchase F1",0.32,0.055,"[0.18, 0.87, 0.51, 0.61, 0.17, 0.8, 0.67, 0.47, 0.72, 0.35]"
10,7,C11,True,"Yes, because personalized recommendations with 10 firms significantly reduce expected search costs, outweighing the privacy cost of 0.047.",0,"### Decision:
I'll **purchase Firm 0** (choose number 0) because: 
- Positive profit of 0.48 available, rational to buy immediately.
- Sorted recommendations make additional search unlikely to improve profit and would incur a 0.02 cost.","C11 Search #1 (Searched:1/10, SearchCost:0.00, BestProfit:0.48@F0) → Purchase F0",0.43,0.047,"[0.98, 0.87, 0.93, 0.94, 0.51, 0.92, 0.49, 0.74, 0.21, 0.59]"
10,7,C12,True,"Yes, because personalized recommendations with 10 firms likely reduce search costs more than the privacy cost of 0.038.",6,"### Decision:
I'll **purchase Firm 6** (choose number 6) because: 
- The firm offers a positive profit of 0.28.
- Searching further incurs a cost of 0.02 with likely diminishing returns due to sorted valuation order.","C12 Search #1 (Searched:1/10, SearchCost:0.00, BestProfit:0.28@F6) → Purchase F6",0.24,0.038,"[0.1, 0.53, 0.57, 0.6, 0.79, 0.69, 0.88, 0.04, 0.64, 0.1]"
10,7,C13,True,"Yes, because personalized recommendations with 10 firms will likely reduce search costs more than the privacy cost of 0.032.",6,"### Decision:  
I'll **purchase Firm 6** (choose number 6) because:  
- Offers positive profit of 0.39  
- Additional search unlikely to yield better deal given sorted recommendations and search cost of 0.02","C13 Search #1 (Searched:1/10, SearchCost:0.00, BestProfit:0.39@F6) → Purchase F6",0.36,0.032,"[0.45, 0.08, 0.95, 0.24, 0.85, 0.11, 0.99, 0.16, 0.04, 0.64]"
10,7,C14,True,"Yes, because personalized recommendations with 10 firms will likely reduce search costs more than the 0.05 privacy cost, based on past experiences and top consumer outcomes.",8,"### Decision:
I'll **purchase Firm 8** (choose number 8) because: 
- It offers a positive profit of 0.24.
- Further searches cost 0.02 with likely diminishing returns due to sorted recommendations.","C14 Search #1 (Searched:1/10, SearchCost:0.00, BestProfit:0.24@F8) → Purchase F8",0.19,0.05,"[0.93, 0.33, 0.55, 0.16, 0.31, 0.24, 0.37, 0.5, 0.94, 0.04]"
10,7,C15,True,"Yes, because the low privacy cost of 0.037 is likely outweighed by significant search cost savings from personalized recommendations with 10 firms.",1,"### Decision:  
I'll **purchase Firm 1** (choose number 1) because:  
- It offers a positive profit of 0.46.  
- Further searching costs 0.02 with uncertain improvement in profit.","C15 Search #1 (Searched:1/10, SearchCost:0.00, BestProfit:0.46@F1) → Purchase F1",0.42,0.037,"[0.03, 0.96, 0.74, 0.81, 0.34, 0.73, 0.44, 0.09, 0.18, 0.57]"
10,7,C16,True,"Yes, because the low privacy cost of 0.033 is outweighed by significant search cost savings from personalized recommendations with 10 firms.",5,"### Decision:
I'll **purchase Firm 5** (choose number 5) because: 
- It offers a positive profit of 0.44.
- Additional search costs 0.02 with uncertain benefits from lower-valuation firms.","C16 Search #1 (Searched:1/10, SearchCost:0.00, BestProfit:0.44@F5) → Purchase F5",0.41,0.033,"[0.73, 0.4, 0.74, 0.69, 0.8, 0.94, 0.42, 0.32, 0.76, 0.3]"
10,7,C17,True,"Yes, because with 10 firms, personalized recommendations will likely reduce search costs more than the privacy cost of 0.052.",2,"### Decision:
I'll **purchase Firm 2** (choose number 2) because: 
- It offers positive profit of 0.09.
- Rational to buy immediately, avoiding unnecessary search cost.","C17 Search #1 (Searched:1/10, SearchCost:0.00, BestProfit:0.09@F2) → Purchase F2",0.04,0.052,"[0.57, 0.57, 0.74, 0.59, 0.5, 0.62, 0.31, 0.19, 0.1, 0.4]"
10,7,C18,True,"Yes, because personalized recommendations with 10 firms will likely reduce search costs and improve matching, outweighing the privacy cost of 0.052.",2,"### Decision:
I'll **purchase Firm 2** (choose number 2) because: 
- Positive profit of 0.02 available
- Sorted recommendations make further search unlikely to improve deal, with search cost of 0.02","C18 Search #1 (Searched:1/10, SearchCost:0.00, BestProfit:0.02@F2) → Purchase F2",-0.03,0.052,"[0.23, 0.2, 0.67, 0.33, 0.49, 0.47, 0.04, 0.07, 0.42, 0.11]"
10,7,C19,True,"Yes, because the expected search cost savings from personalized recommendations with 10 firms outweigh the low privacy cost of 0.031.",5,"### Decision:
I'll **purchase Firm 5** (choose number 5) because: 
- It offers a positive profit of 0.29.
- With personalized recommendations, it is likely the best option, making further search inefficient.","C19 Search #1 (Searched:1/10, SearchCost:0.00, BestProfit:0.29@F5) → Purchase F5",0.26,0.031,"[0.76, 0.16, 0.06, 0.54, 0.79, 0.79, 0.28, 0.04, 0.27, 0.43]"
10,7,C20,True,"Yes, because personalized recommendations with 10 firms will likely reduce search costs more than the privacy cost of 0.048.",7,"### Decision:
I'll **purchase Firm 7** because: 
- It offers a high positive profit of 0.47.
- With data sharing and sorted search, additional searches are unlikely to improve the deal and would incur an extra cost of 0.02.","C20 Search #1 (Searched:1/10, SearchCost:0.00, BestProfit:0.47@F7) → Purchase F7",0.42,0.048,"[0.84, 0.03, 0.67, 0.19, 0.95, 0.85, 0.36, 0.97, 0.33, 0.65]"
10,8,C1,True,"Yes, because personalized recommendations with 10 firms significantly reduce expected search costs, likely exceeding the 0.045 privacy cost based on past benefits.",9,"### Decision:
I'll **purchase Firm 9** (choose number 9) because: 
- It offers a positive profit of 0.20.
- With personalized recommendations, further searching is unlikely to improve profit and would add a search cost of 0.02.","C1 Search #1 (Searched:1/10, SearchCost:0.00, BestProfit:0.20@F9) → Purchase F9",0.15,0.045,"[0.69, 0.78, 0.04, 0.3, 0.5, 0.45, 0.32, 0.04, 0.71, 0.85]"
10,8,C2,True,"Yes, because the low privacy cost of 0.025 is outweighed by the significant search cost savings from personalized recommendations with 10 firms.",6,"### Decision:
I'll **purchase Firm 6** (choose number 6) because: 
- It offers a positive profit of 0.32.
- Searching more costs 0.02 with uncertain gains, risking reduced net revenue.","C2 Search #1 (Searched:1/10, SearchCost:0.00, BestProfit:0.32@F6) → Purchase F6",0.29,0.025,"[0.31, 0.55, 0.82, 0.9, 0.01, 0.15, 0.97, 0.34, 0.85, 0.46]"
10,8,C3,True,"Yes, because expected search cost savings and better deal quality with personalized recommendations for 10 firms outweigh the privacy cost of 0.039.",8,"### Decision:
I'll **purchase Firm 8** because: 
- Offers positive profit of 0.23
- With personalized recommendations, further search unlikely to improve profit significantly","C3 Search #1 (Searched:1/10, SearchCost:0.00, BestProfit:0.23@F8) → Purchase F8",0.19,0.039,"[0.62, 0.02, 0.63, 0.08, 0.26, 0.61, 0.62, 0.22, 0.98, 0.63]"
10,8,C4,True,"Yes, because personalized recommendations with 10 firms will significantly reduce search costs, outweighing the low privacy cost of 0.034.",2,"### Decision:
I'll **purchase Firm 2** (choose number 2) because: 
- It offers a positive profit of 0.28.
- With personalized recommendations from shared data, it is likely the best option, minimizing further search costs.","C4 Search #1 (Searched:1/10, SearchCost:0.00, BestProfit:0.28@F2) → Purchase F2",0.25,0.034,"[0.2, 0.01, 0.98, 0.12, 0.42, 0.64, 0.15, 0.22, 0.22, 0.05]"
10,8,C5,True,"Yes, because the low privacy cost of 0.029 is outweighed by the significant search cost savings from personalized recommendations with 10 firms.",1,"### Decision:
I'll **purchase Firm 1** (choose number 1) because: 
- Current firm offers positive profit of 0.27.
- Data-shared search order makes further searches unlikely to improve the deal significantly.","C5 Search #1 (Searched:1/10, SearchCost:0.00, BestProfit:0.27@F1) → Purchase F1",0.24,0.029,"[0.64, 0.92, 0.66, 0.33, 0.67, 0.92, 0.0, 0.67, 0.13, 0.8]"
10,8,C6,True,"Yes, because personalized recommendations with 10 firms significantly reduce search costs, outweighing the privacy cost of 0.036.",9,"### Decision:
I'll **purchase Firm 9** (choose number 9) because: 
- Positive profit of 0.34 is available.
- Additional search costs 0.02 and may not yield better profit.","C6 Search #1 (Searched:1/10, SearchCost:0.00, BestProfit:0.34@F9) → Purchase F9",0.3,0.036,"[0.18, 0.98, 0.23, 0.84, 0.46, 0.19, 0.28, 0.47, 0.54, 0.99]"
10,8,C7,True,"Yes, because the low privacy cost of 0.027 is outweighed by significant search cost savings from personalized recommendations with 10 firms.",8,"### Decision:  
I'll **purchase Firm 8** because:  
- It offers a positive profit of 0.24.  
- Additional search cost of 0.02 is unlikely to yield a better deal due to sorted valuations.","C7 Search #1 (Searched:1/10, SearchCost:0.00, BestProfit:0.24@F8) → Purchase F8",0.21,0.027,"[0.23, 0.19, 0.64, 0.11, 0.38, 0.17, 0.13, 0.87, 0.99, 0.81]"
10,8,C8,True,"Yes, because personalized recommendations with 10 firms significantly reduce search costs, likely saving more than the 0.055 privacy cost.",1,"### Decision:
I'll **purchase Firm 1** because: 
- Positive profit of 0.34 already available
- Additional search cost of 0.02 unlikely to yield better deal due to sorted recommendations","C8 Search #1 (Searched:1/10, SearchCost:0.00, BestProfit:0.34@F1) → Purchase F1",0.28,0.055,"[0.2, 0.99, 0.03, 0.27, 0.52, 0.77, 0.03, 0.01, 0.2, 0.34]"
10,8,C9,True,"Yes, because the expected reduction in search cost and better product matching from personalized recommendations with 10 firms outweigh the low privacy cost of 0.039.",7,"### Decision:
I'll **purchase Firm 7** (choose number 7) because: 
- Firm 7 offers a positive profit of 0.12.
- Rationality rule requires buying when positive profit exists.","C9 Search #1 (Searched:1/10, SearchCost:0.00, BestProfit:0.12@F7) → Purchase F7",0.08,0.039,"[0.02, 0.53, 0.2, 0.74, 0.42, 0.35, 0.89, 0.9, 0.5, 0.18]"
10,8,C10,True,"Yes, because personalized recommendations with 10 firms will significantly reduce search costs, outweighing the privacy cost of 0.055.",1,"### Decision:
I'll **purchase Firm 1** (choose number 1) because: 
- Searched firm offers positive profit of 0.22.
- Further search costs 0.02 with uncertain benefit.","C10 Search #1 (Searched:1/10, SearchCost:0.00, BestProfit:0.22@F1) → Purchase F1",0.16,0.055,"[0.18, 0.87, 0.51, 0.61, 0.17, 0.8, 0.67, 0.47, 0.72, 0.35]"
10,8,C11,True,"Yes, because personalized recommendations with 10 firms significantly reduce expected search costs, outweighing the privacy cost of 0.047.",0,"### Decision:
I'll **purchase Firm 0** (choose number 0) because: 
- Positive profit of 0.43 available, rational to buy immediately.
- With sorted recommendations, additional search unlikely to improve profit and would incur a 0.02 cost.","C11 Search #1 (Searched:1/10, SearchCost:0.00, BestProfit:0.43@F0) → Purchase F0",0.38,0.047,"[0.98, 0.87, 0.93, 0.94, 0.51, 0.92, 0.49, 0.74, 0.21, 0.59]"
10,8,C12,True,"Yes, because personalized recommendations with 10 firms reduce search costs and improve product matching, outweighing the low privacy cost of 0.038.",6,"### Decision:
I'll **purchase Firm 6** (choose number 6) because: 
- The firm offers a positive profit of 0.23.
- Searching further incurs a cost of 0.02 with likely diminishing returns due to sorted valuation order.","C12 Search #1 (Searched:1/10, SearchCost:0.00, BestProfit:0.23@F6) → Purchase F6",0.19,0.038,"[0.1, 0.53, 0.57, 0.6, 0.79, 0.69, 0.88, 0.04, 0.64, 0.1]"
10,8,C13,True,"Yes, because personalized recommendations with 10 firms will likely reduce search costs more than the privacy cost of 0.032.",6,"### Decision:  
I'll **purchase Firm 6** (choose number 6) because:  
- Offers positive profit of 0.34  
- Additional search unlikely to yield better deal given sorted recommendations and search cost of 0.02","C13 Search #1 (Searched:1/10, SearchCost:0.00, BestProfit:0.34@F6) → Purchase F6",0.31,0.032,"[0.45, 0.08, 0.95, 0.24, 0.85, 0.11, 0.99, 0.16, 0.04, 0.64]"
10,8,C14,True,"Yes, because personalized recommendations with 10 firms will likely reduce search costs more than the 0.05 privacy cost, based on past experiences.",8,"### Decision:
I'll **purchase Firm 8** (choose number 8) because: 
- It offers a positive profit of 0.19.
- Additional search costs 0.02 with likely diminishing returns due to personalized sorting.","C14 Search #1 (Searched:1/10, SearchCost:0.00, BestProfit:0.19@F8) → Purchase F8",0.14,0.05,"[0.93, 0.33, 0.55, 0.16, 0.31, 0.24, 0.37, 0.5, 0.94, 0.04]"
10,8,C15,True,"Yes, because the low privacy cost of 0.037 is outweighed by significant search cost savings from personalized recommendations with 10 firms.",1,"### Decision:  
I'll **purchase Firm 1** (choose number 1) because:  
- It offers a positive profit of 0.31.  
- Further searching costs 0.02 with uncertain improvement in profit.","C15 Search #1 (Searched:1/10, SearchCost:0.00, BestProfit:0.31@F1) → Purchase F1",0.27,0.037,"[0.03, 0.96, 0.74, 0.81, 0.34, 0.73, 0.44, 0.09, 0.18, 0.57]"
10,8,C16,True,"Yes, because the low privacy cost of 0.033 is outweighed by significant search cost savings from personalized recommendations with 10 firms.",5,"### Decision:
I'll **purchase Firm 5** (choose number 5) because: 
- It offers a positive profit of 0.39.
- Additional search costs 0.02 with uncertain benefits from potentially lower-valuation firms.","C16 Search #1 (Searched:1/10, SearchCost:0.00, BestProfit:0.39@F5) → Purchase F5",0.36,0.033,"[0.73, 0.4, 0.74, 0.69, 0.8, 0.94, 0.42, 0.32, 0.76, 0.3]"
10,8,C17,True,"Yes, because with 10 firms, personalized recommendations will likely reduce search costs more than the privacy cost of 0.052.",2,"### Decision:
I'll **purchase Firm 2** (choose number 2) because: 
- It offers positive profit of 0.04.
- Rational to buy when positive profit is available, minimizing potential losses.","C17 Search #1 (Searched:1/10, SearchCost:0.00, BestProfit:0.04@F2) → Purchase F2",-0.01,0.052,"[0.57, 0.57, 0.74, 0.59, 0.5, 0.62, 0.31, 0.19, 0.1, 0.4]"
10,8,C18,True,"Yes, because with 10 firms, personalized recommendations will likely reduce search costs more than the privacy cost of 0.052.",-1,"### Decision:
I'll **leave** (choose number -1) because: 
- Both searched firms have negative profits
- Additional search cost of 0.02 is unlikely to yield positive profit given sorted recommendations and current results","C18 Search #1 (Searched:1/10, SearchCost:0.00, BestProfit:-0.03@F2) → Search Next; C18 Search #2 (Searched:2/10, SearchCost:0.02, BestProfit:-0.01@F4) → Leave Market",-0.07,0.052,"[0.23, 0.2, 0.67, 0.33, 0.49, 0.47, 0.04, 0.07, 0.42, 0.11]"
10,8,C19,True,"Yes, because the expected reduction in search costs from personalized recommendations with 10 firms outweighs the low privacy cost of 0.031.",5,"### Decision:
I'll **purchase Firm 5** (choose number 5) because: 
- It offers a positive profit of 0.24.
- With personalized recommendations, it is likely the best option, making further search inefficient.","C19 Search #1 (Searched:1/10, SearchCost:0.00, BestProfit:0.24@F5) → Purchase F5",0.21,0.031,"[0.76, 0.16, 0.06, 0.54, 0.79, 0.79, 0.28, 0.04, 0.27, 0.43]"
10,8,C20,True,"Yes, because personalized recommendations with 10 firms will likely reduce search costs more than the privacy cost of 0.048.",7,"### Decision:
I'll **purchase Firm 7** because: 
- It offers a positive profit of 0.19.
- With data sharing and sorted search, additional searches are unlikely to improve the deal and would incur an extra cost of 0.02.","C20 Search #1 (Searched:1/10, SearchCost:0.00, BestProfit:0.19@F7) → Purchase F7",0.14,0.048,"[0.84, 0.03, 0.67, 0.19, 0.95, 0.85, 0.36, 0.97, 0.33, 0.65]"
10,9,C1,True,"Yes, because personalized recommendations with 10 firms significantly reduce expected search costs, outweighing the privacy cost of 0.045.",9,"### Decision:
I'll **purchase Firm 9** (choose number 9) because: 
- It offers a positive profit of 0.10.
- Further searching costs 0.02 and is unlikely to yield a better deal due to personalized sorting.","C1 Search #1 (Searched:1/10, SearchCost:0.00, BestProfit:0.10@F9) → Purchase F9",0.05,0.045,"[0.69, 0.78, 0.04, 0.3, 0.5, 0.45, 0.32, 0.04, 0.71, 0.85]"
10,9,C2,True,"Yes, because the low privacy cost of 0.025 is outweighed by the significant search cost savings from personalized recommendations with 10 firms.",6,"### Decision:
I'll **purchase Firm 6** (choose number 6) because: 
- It offers a positive profit of 0.27.
- Searching more costs 0.02 with uncertain gains, risking reduced net revenue.","C2 Search #1 (Searched:1/10, SearchCost:0.00, BestProfit:0.27@F6) → Purchase F6",0.25,0.025,"[0.31, 0.55, 0.82, 0.9, 0.01, 0.15, 0.97, 0.34, 0.85, 0.46]"
10,9,C3,True,"Yes, because with 10 firms, personalized recommendations significantly reduce expected search costs and improve deal quality, outweighing the privacy cost of 0.039.",8,"### Decision:
I'll **purchase Firm 8** because: 
- Offers positive profit of 0.28
- With personalized recommendations, further search unlikely to improve profit significantly","C3 Search #1 (Searched:1/10, SearchCost:0.00, BestProfit:0.28@F8) → Purchase F8",0.24,0.039,"[0.62, 0.02, 0.63, 0.08, 0.26, 0.61, 0.62, 0.22, 0.98, 0.63]"
10,9,C4,True,"Yes, because personalized recommendations with 10 firms will significantly reduce search costs, outweighing the privacy cost of 0.034.",2,"### Decision:
I'll **purchase Firm 2** (choose number 2) because: 
- It offers a positive profit of 0.33.
- With personalized recommendations from shared data, it is likely the best option, avoiding additional search costs.","C4 Search #1 (Searched:1/10, SearchCost:0.00, BestProfit:0.33@F2) → Purchase F2",0.3,0.034,"[0.2, 0.01, 0.98, 0.12, 0.42, 0.64, 0.15, 0.22, 0.22, 0.05]"
10,9,C5,True,"Yes, because the low privacy cost of 0.029 is outweighed by significant search cost savings from personalized recommendations with 10 firms.",1,"### Decision:
I'll **purchase Firm 1** (choose number 1) because: 
- Current firm offers positive profit of 0.22.
- Data-shared search order makes further searches unlikely to improve the deal significantly, with search cost at 0.02.","C5 Search #1 (Searched:1/10, SearchCost:0.00, BestProfit:0.22@F1) → Purchase F1",0.19,0.029,"[0.64, 0.92, 0.66, 0.33, 0.67, 0.92, 0.0, 0.67, 0.13, 0.8]"
10,9,C6,True,"Yes, because personalized recommendations with 10 firms significantly reduce search costs, outweighing the privacy cost of 0.036.",9,"### Decision:
I'll **purchase Firm 9** (choose number 9) because: 
- Positive profit of 0.24 is available.
- Additional search costs 0.02 and may not yield better profit.","C6 Search #1 (Searched:1/10, SearchCost:0.00, BestProfit:0.24@F9) → Purchase F9",0.2,0.036,"[0.18, 0.98, 0.23, 0.84, 0.46, 0.19, 0.28, 0.47, 0.54, 0.99]"
10,9,C7,True,"Yes, because the low privacy cost of 0.027 is outweighed by significant search cost savings from personalized recommendations with 10 firms.",8,"### Decision:  
I'll **purchase Firm 8** because:  
- It offers a positive profit of 0.29.  
- Additional search cost of 0.02 is unlikely to yield a better deal due to sorted valuations.","C7 Search #1 (Searched:1/10, SearchCost:0.00, BestProfit:0.29@F8) → Purchase F8",0.26,0.027,"[0.23, 0.19, 0.64, 0.11, 0.38, 0.17, 0.13, 0.87, 0.99, 0.81]"
10,9,C8,True,"Yes, because personalized recommendations with 10 firms significantly reduce search costs, likely saving more than the 0.055 privacy cost.",1,"### Decision:
I'll **purchase Firm 1** because: 
- Positive profit of 0.29 already available
- Additional search cost of 0.02 unlikely to yield a better deal due to sorted recommendations","C8 Search #1 (Searched:1/10, SearchCost:0.00, BestProfit:0.29@F1) → Purchase F1",0.24,0.055,"[0.2, 0.99, 0.03, 0.27, 0.52, 0.77, 0.03, 0.01, 0.2, 0.34]"
10,9,C9,True,"Yes, because the low privacy cost of 0.039 is outweighed by significant search cost savings from personalized recommendations with 10 firms.",7,"### Decision:  
I'll **purchase Firm 7** (choose number 7) because:  
- Firm 7 offers a positive profit of 0.25.  
- Rationality rule requires buying when positive profit exists.","C9 Search #1 (Searched:1/10, SearchCost:0.00, BestProfit:0.25@F7) → Purchase F7",0.21,0.039,"[0.02, 0.53, 0.2, 0.74, 0.42, 0.35, 0.89, 0.9, 0.5, 0.18]"
10,9,C10,True,"Yes, because personalized recommendations with 10 firms will reduce search costs more than the privacy cost of 0.055.",1,"### Decision:
I'll **purchase Firm 1** (choose number 1) because: 
- Searched firm offers positive profit of 0.17.
- Further search costs 0.02 with uncertain benefit.","C10 Search #1 (Searched:1/10, SearchCost:0.00, BestProfit:0.17@F1) → Purchase F1",0.12,0.055,"[0.18, 0.87, 0.51, 0.61, 0.17, 0.8, 0.67, 0.47, 0.72, 0.35]"
10,9,C11,True,"Yes, because personalized recommendations with 10 firms significantly reduce expected search costs, outweighing the privacy cost of 0.047.",0,"### Decision:
I'll **purchase Firm 0** (choose number 0) because: 
- Positive profit of 0.33 available, rational to buy immediately.
- With sorted recommendations, additional search unlikely to improve profit and would incur a 0.02 cost.","C11 Search #1 (Searched:1/10, SearchCost:0.00, BestProfit:0.33@F0) → Purchase F0",0.28,0.047,"[0.98, 0.87, 0.93, 0.94, 0.51, 0.92, 0.49, 0.74, 0.21, 0.59]"
10,9,C12,True,"Yes, because the low privacy cost of 0.038 is outweighed by significant search cost savings from personalized recommendations with 10 firms.",6,"### Decision:
I'll **purchase Firm 6** (choose number 6) because: 
- The firm offers a positive profit of 0.18.
- Searching further incurs a cost of 0.02 with likely diminishing returns due to sorted valuation order.","C12 Search #1 (Searched:1/10, SearchCost:0.00, BestProfit:0.18@F6) → Purchase F6",0.14,0.038,"[0.1, 0.53, 0.57, 0.6, 0.79, 0.69, 0.88, 0.04, 0.64, 0.1]"
10,9,C13,True,"Yes, because personalized recommendations with 10 firms will likely reduce search costs more than the privacy cost of 0.032.",6,"### Decision:  
I'll **purchase Firm 6** (choose number 6) because:  
- Offers positive profit of 0.29  
- Additional search unlikely to yield better deal given sorted recommendations and search cost of 0.02","C13 Search #1 (Searched:1/10, SearchCost:0.00, BestProfit:0.29@F6) → Purchase F6",0.26,0.032,"[0.45, 0.08, 0.95, 0.24, 0.85, 0.11, 0.99, 0.16, 0.04, 0.64]"
10,9,C14,True,"Yes, because personalized recommendations with 10 firms reduce search costs more than the 0.05 privacy cost.",8,"### Decision:
I'll **purchase Firm 8** (choose number 8) because: 
- It offers a positive profit of 0.24.
- Additional searches cost 0.02 with likely diminishing returns due to personalized sorting.","C14 Search #1 (Searched:1/10, SearchCost:0.00, BestProfit:0.24@F8) → Purchase F8",0.19,0.05,"[0.93, 0.33, 0.55, 0.16, 0.31, 0.24, 0.37, 0.5, 0.94, 0.04]"
10,9,C15,True,"Yes, because the low privacy cost of 0.037 is outweighed by significant search cost savings from personalized recommendations with 10 firms.",1,"### Decision:  
I'll **purchase Firm 1** (choose number 1) because:  
- It offers a positive profit of 0.26.  
- Further searching costs 0.02 with uncertain improvement in profit.","C15 Search #1 (Searched:1/10, SearchCost:0.00, BestProfit:0.26@F1) → Purchase F1",0.22,0.037,"[0.03, 0.96, 0.74, 0.81, 0.34, 0.73, 0.44, 0.09, 0.18, 0.57]"
10,9,C16,True,"Yes, because the low privacy cost of 0.033 is outweighed by significant search cost savings from personalized recommendations with 10 firms.",5,"### Decision:
I'll **purchase Firm 5** (choose number 5) because: 
- It offers a positive profit of 0.29.
- Additional search costs 0.02 with uncertain benefits.","C16 Search #1 (Searched:1/10, SearchCost:0.00, BestProfit:0.29@F5) → Purchase F5",0.26,0.033,"[0.73, 0.4, 0.74, 0.69, 0.8, 0.94, 0.42, 0.32, 0.76, 0.3]"
10,9,C17,True,"Yes, because with 10 firms, personalized recommendations will likely reduce search costs more than the privacy cost of 0.052.",2,"### Decision:
I'll **purchase Firm 2** (choose number 2) because: 
- It offers positive profit of 0.09.
- Rational to buy immediately, avoiding unnecessary search cost.","C17 Search #1 (Searched:1/10, SearchCost:0.00, BestProfit:0.09@F2) → Purchase F2",0.04,0.052,"[0.57, 0.57, 0.74, 0.59, 0.5, 0.62, 0.31, 0.19, 0.1, 0.4]"
10,9,C18,True,"Yes, because with 10 firms, personalized recommendations will likely reduce search costs more than the privacy cost of 0.052.",2,"### Decision:
I'll **purchase Firm 2** (choose number 2) because: 
- Positive profit of 0.02 available
- Sorted recommendations make further search unlikely to improve deal, with search cost of 0.02","C18 Search #1 (Searched:1/10, SearchCost:0.00, BestProfit:0.02@F2) → Purchase F2",-0.03,0.052,"[0.23, 0.2, 0.67, 0.33, 0.49, 0.47, 0.04, 0.07, 0.42, 0.11]"
10,9,C19,True,"Yes, because the expected search cost savings from personalized recommendations with 10 firms outweigh the low privacy cost of 0.031.",5,"### Decision:
I'll **purchase Firm 5** (choose number 5) because: 
- It offers a positive profit of 0.14.
- With personalized recommendations, it is likely the best option, making further search inefficient.","C19 Search #1 (Searched:1/10, SearchCost:0.00, BestProfit:0.14@F5) → Purchase F5",0.11,0.031,"[0.76, 0.16, 0.06, 0.54, 0.79, 0.79, 0.28, 0.04, 0.27, 0.43]"
10,9,C20,True,"Yes, because personalized recommendations with 10 firms significantly reduce expected search costs and improve deal quality, outweighing the privacy cost of 0.048.",7,"### Decision:
I'll **purchase Firm 7** (choose number 7) because: 
- It offers a positive profit of 0.32.
- With data sharing and sorted search, additional searches are unlikely to improve the deal and would incur extra cost of 0.02.","C20 Search #1 (Searched:1/10, SearchCost:0.00, BestProfit:0.32@F7) → Purchase F7",0.27,0.048,"[0.84, 0.03, 0.67, 0.19, 0.95, 0.85, 0.36, 0.97, 0.33, 0.65]"
10,10,C1,True,"Yes, because personalized recommendations with 10 firms significantly reduce expected search costs, outweighing the privacy cost of 0.045.",9,"### Decision:
I'll **purchase Firm 9** (choose number 9) because: 
- It offers a positive profit of 0.05.
- Further searching costs 0.02 and is unlikely to yield a better deal due to personalized sorting.","C1 Search #1 (Searched:1/10, SearchCost:0.00, BestProfit:0.05@F9) → Purchase F9",0.0,0.045,"[0.69, 0.78, 0.04, 0.3, 0.5, 0.45, 0.32, 0.04, 0.71, 0.85]"
10,10,C2,True,"Yes, because the low privacy cost of 0.025 is outweighed by the expected reduction in search costs from personalized recommendations with 10 firms.",6,"### Decision:
I'll **purchase Firm 6** (choose number 6) because: 
- It offers a positive profit of 0.22.
- Searching more costs 0.02 with uncertain gains, risking reduced net revenue.","C2 Search #1 (Searched:1/10, SearchCost:0.00, BestProfit:0.22@F6) → Purchase F6",0.19,0.025,"[0.31, 0.55, 0.82, 0.9, 0.01, 0.15, 0.97, 0.34, 0.85, 0.46]"
10,10,C3,True,"Yes, because personalized recommendations with 10 firms significantly reduce expected search costs, outweighing the privacy cost of 0.039.",8,"### Decision:  
I'll **purchase Firm 8** (choose number 8) because:  
- Offers positive profit of 0.23  
- With personalized recommendations, further search unlikely to improve profit significantly","C3 Search #1 (Searched:1/10, SearchCost:0.00, BestProfit:0.23@F8) → Purchase F8",0.19,0.039,"[0.62, 0.02, 0.63, 0.08, 0.26, 0.61, 0.62, 0.22, 0.98, 0.63]"
10,10,C4,True,"Yes, because personalized recommendations with 10 firms significantly reduce search costs, outweighing the privacy cost of 0.034.",2,"### Decision:  
I'll **purchase Firm 2** (choose number 2) because:  
- It offers a positive profit of 0.28.  
- With personalized recommendations from shared data, it is likely the best option, minimizing further search costs.","C4 Search #1 (Searched:1/10, SearchCost:0.00, BestProfit:0.28@F2) → Purchase F2",0.25,0.034,"[0.2, 0.01, 0.98, 0.12, 0.42, 0.64, 0.15, 0.22, 0.22, 0.05]"
10,10,C5,True,"Yes, because the low privacy cost of 0.029 is outweighed by the significant search cost savings from personalized recommendations with 10 firms.",1,"### Decision:
I'll **purchase Firm 1** (choose number 1) because: 
- Current firm offers positive profit of 0.17.
- Data-shared search order makes further searches unlikely to improve the deal significantly.","C5 Search #1 (Searched:1/10, SearchCost:0.00, BestProfit:0.17@F1) → Purchase F1",0.14,0.029,"[0.64, 0.92, 0.66, 0.33, 0.67, 0.92, 0.0, 0.67, 0.13, 0.8]"
10,10,C6,True,"Yes, because personalized recommendations with 10 firms significantly reduce search costs, outweighing the privacy cost of 0.036.",9,"### Decision:
I'll **purchase Firm 9** (choose number 9) because: 
- Positive profit of 0.19 is available.
- Additional search costs 0.02 and may not yield better profit.","C6 Search #1 (Searched:1/10, SearchCost:0.00, BestProfit:0.19@F9) → Purchase F9",0.15,0.036,"[0.18, 0.98, 0.23, 0.84, 0.46, 0.19, 0.28, 0.47, 0.54, 0.99]"
10,10,C7,True,"Yes, because the low privacy cost of 0.027 is outweighed by significant search cost savings from personalized recommendations with 10 firms.",8,"### Decision:  
I'll **purchase Firm 8** because:  
- It offers a positive profit of 0.24.  
- Additional search cost of 0.02 is unlikely to yield a better deal due to sorted valuations.","C7 Search #1 (Searched:1/10, SearchCost:0.00, BestProfit:0.24@F8) → Purchase F8",0.21,0.027,"[0.23, 0.19, 0.64, 0.11, 0.38, 0.17, 0.13, 0.87, 0.99, 0.81]"
10,10,C8,True,"Yes, because personalized recommendations with 10 firms significantly reduce search costs, likely saving more than the 0.055 privacy cost based on past experiences.",1,"### Decision:
I'll **purchase Firm 1** because: 
- Positive profit of 0.24 already available
- Additional search cost of 0.02 unlikely to yield a better deal due to sorted recommendations","C8 Search #1 (Searched:1/10, SearchCost:0.00, BestProfit:0.24@F1) → Purchase F1",0.18,0.055,"[0.2, 0.99, 0.03, 0.27, 0.52, 0.77, 0.03, 0.01, 0.2, 0.34]"
10,10,C9,True,"Yes, because the low privacy cost of 0.039 is outweighed by significant search cost savings from personalized recommendations with 10 firms.",7,"### Decision:
I'll **purchase Firm 7** (choose number 7) because: 
- Firm 7 offers a positive profit of 0.2.
- Rationality rule requires buying when positive profit exists.","C9 Search #1 (Searched:1/10, SearchCost:0.00, BestProfit:0.20@F7) → Purchase F7",0.16,0.039,"[0.02, 0.53, 0.2, 0.74, 0.42, 0.35, 0.89, 0.9, 0.5, 0.18]"
10,10,C10,True,"Yes, because personalized recommendations with 10 firms will likely reduce search costs more than the privacy cost of 0.055.",1,"### Decision:
I'll **purchase Firm 1** (choose number 1) because: 
- Searched firm offers positive profit of 0.12.
- Further search costs 0.02 with uncertain benefit.","C10 Search #1 (Searched:1/10, SearchCost:0.00, BestProfit:0.12@F1) → Purchase F1",0.06,0.055,"[0.18, 0.87, 0.51, 0.61, 0.17, 0.8, 0.67, 0.47, 0.72, 0.35]"
10,10,C11,True,"Yes, because personalized recommendations with 10 firms significantly reduce expected search costs, outweighing the privacy cost of 0.047.",0,"### Decision:
I'll **purchase Firm 0** (choose number 0) because: 
- Positive profit of 0.33 available, rational to buy immediately.
- With sorted recommendations, additional search unlikely to improve profit and would incur a 0.02 cost.","C11 Search #1 (Searched:1/10, SearchCost:0.00, BestProfit:0.48@F0) → Purchase F0",0.43,0.047,"[0.98, 0.87, 0.93, 0.94, 0.51, 0.92, 0.49, 0.74, 0.21, 0.59]"
10,10,C12,True,"Yes, because the low privacy cost of 0.038 is outweighed by the substantial reduction in expected search costs from personalized recommendations with 10 firms.",6,"### Decision:
I'll **purchase Firm 6** (choose number 6) because: 
- The firm offers a positive profit of 0.13.
- Searching further incurs a cost of 0.02 with likely diminishing returns due to sorted valuation order.","C12 Search #1 (Searched:1/10, SearchCost:0.00, BestProfit:0.13@F6) → Purchase F6",0.09,0.038,"[0.1, 0.53, 0.57, 0.6, 0.79, 0.69, 0.88, 0.04, 0.64, 0.1]"
10,10,C13,True,"Yes, because personalized recommendations with 10 firms significantly reduce search costs, outweighing the privacy cost of 0.032.",6,"### Decision:  
I'll **purchase Firm 6** (choose number 6) because:  
- Offers positive profit of 0.24  
- Additional search unlikely to yield better deal given sorted recommendations and search cost of 0.02","C13 Search #1 (Searched:1/10, SearchCost:0.00, BestProfit:0.24@F6) → Purchase F6",0.21,0.032,"[0.45, 0.08, 0.95, 0.24, 0.85, 0.11, 0.99, 0.16, 0.04, 0.64]"
10,10,C14,True,"Yes, because personalized recommendations with 10 firms will significantly reduce search costs, outweighing the 0.05 privacy cost.",8,"### Decision:
I'll **purchase Firm 8** (choose number 8) because: 
- It offers a positive profit of 0.19.
- Additional search costs 0.02 with likely diminishing returns due to personalized sorting.","C14 Search #1 (Searched:1/10, SearchCost:0.00, BestProfit:0.19@F8) → Purchase F8",0.14,0.05,"[0.93, 0.33, 0.55, 0.16, 0.31, 0.24, 0.37, 0.5, 0.94, 0.04]"
10,10,C15,True,"Yes, because the low privacy cost of 0.037 is outweighed by significant search cost savings from personalized recommendations with 10 firms.",1,"### Decision:  
I'll **purchase Firm 1** (choose number 1) because:  
- It offers a positive profit of 0.21.  
- Further searching costs 0.02 with uncertain improvement in profit.","C15 Search #1 (Searched:1/10, SearchCost:0.00, BestProfit:0.21@F1) → Purchase F1",0.17,0.037,"[0.03, 0.96, 0.74, 0.81, 0.34, 0.73, 0.44, 0.09, 0.18, 0.57]"
10,10,C16,True,"Yes, because the low privacy cost of 0.033 is outweighed by significant search cost savings from personalized recommendations with 10 firms.",5,"### Decision:
I'll **purchase Firm 5** (choose number 5) because: 
- It offers a positive profit of 0.24.
- Additional search costs 0.02 with uncertain benefits from lower-valuation firms.","C16 Search #1 (Searched:1/10, SearchCost:0.00, BestProfit:0.24@F5) → Purchase F5",0.21,0.033,"[0.73, 0.4, 0.74, 0.69, 0.8, 0.94, 0.42, 0.32, 0.76, 0.3]"
10,10,C17,True,"Yes, because with 10 firms, personalized recommendations will significantly reduce search costs, outweighing the privacy cost of 0.052.",2,"### Decision:
I'll **purchase Firm 2** (choose number 2) because: 
- It offers positive profit of 0.04.
- Rational to buy immediately, avoiding unnecessary search cost.","C17 Search #1 (Searched:1/10, SearchCost:0.00, BestProfit:0.04@F2) → Purchase F2",-0.01,0.052,"[0.57, 0.57, 0.74, 0.59, 0.5, 0.62, 0.31, 0.19, 0.1, 0.4]"
10,10,C18,True,"Yes, because personalized recommendations with 10 firms will likely reduce search costs more than the privacy cost of 0.052.",-1,"### Decision:  
I'll **leave** (choose number -1) because:  
- Searched firm has negative profit of -0.03  
- Personalized sorting makes further search unlikely to improve outcome, with search cost of 0.02","C18 Search #1 (Searched:1/10, SearchCost:0.00, BestProfit:-0.03@F2) → Leave Market",-0.05,0.052,"[0.23, 0.2, 0.67, 0.33, 0.49, 0.47, 0.04, 0.07, 0.42, 0.11]"
10,10,C19,True,"Yes, because personalized recommendations with 10 firms will likely reduce search costs more than the privacy cost of 0.031.",5,"### Decision:
I'll **purchase Firm 5** (choose number 5) because: 
- It offers a positive profit of 0.09.
- With personalized recommendations, it is likely the best option, making further search inefficient.","C19 Search #1 (Searched:1/10, SearchCost:0.00, BestProfit:0.09@F5) → Purchase F5",0.06,0.031,"[0.76, 0.16, 0.06, 0.54, 0.79, 0.79, 0.28, 0.04, 0.27, 0.43]"
10,10,C20,True,"Yes, because personalized recommendations with 10 firms significantly reduce expected search costs, outweighing the privacy cost of 0.048.",7,"### Decision:
I'll **purchase Firm 7** (choose number 7) because: 
- It offers a positive profit of 0.27.
- With data sharing and sorted search, additional searches are unlikely to improve the deal and would incur extra cost of 0.02.","C20 Search #1 (Searched:1/10, SearchCost:0.00, BestProfit:0.27@F7) → Purchase F7",0.22,0.048,"[0.84, 0.03, 0.67, 0.19, 0.95, 0.85, 0.36, 0.97, 0.33, 0.65]"
