firm_num,round,consumer_id,share,share_reason,final_choice,final_reason,decision_sequence,total_revenue,Privacy_Cost,Valuations
9,1,C1,True,"Yes, because the expected reduction in search cost with personalized recommendations for 9 firms outweighs the privacy cost of 0.034.",6,"### Decision:
I'll **purchase Firm 6** (choose number 6) because:
- It offers a positive profit of 0.3.
- As a rational consumer, I must buy when positive profit is available from searched firms.","C1 Search #1 (Searched:1/9, SearchCost:0.00, BestProfit:0.30@F6) → Purchase F6",0.27,0.034,"[0.62, 0.25, 0.82, 0.48, 0.59, 0.43, 0.88, 0.13, 0.43]"
9,1,C2,True,"Yes, expected reduction in search cost with recommendations outweighs privacy value of 0.028.",2,"### Decision:
I'll **purchase Firm 2** (choose number 2) because: 
- Positive profit of 0.14 already found.
- Search cost of 0.02 unlikely to yield better profit given sorting.","C2 Search #1 (Searched:1/9, SearchCost:0.00, BestProfit:0.14@F2) → Purchase F2",0.11,0.028,"[0.69, 0.55, 0.9, 0.7, 0.66, 0.83, 0.53, 0.19, 0.85]"
9,1,C3,True,"Yes, because the potential reduction in search cost with personalized recommendations for 9 firms likely exceeds the privacy cost of 0.052.",5,"### Decision:
I'll **purchase Firm 5** (choose number 5) because: 
- It offers a positive profit of 0.33
- As a rational consumer, I will not leave without buying when positive profit is available","C3 Search #1 (Searched:1/9, SearchCost:0.00, BestProfit:0.33@F5) → Purchase F5",0.28,0.052,"[0.07, 0.0, 0.5, 0.86, 0.94, 0.99, 0.87, 0.86, 0.72]"
9,1,C4,True,"Yes, because with 9 firms, personalized recommendations will substantially reduce search costs, likely exceeding the privacy cost of 0.04.",2,"### Decision:
I'll **purchase Firm 2** (choose number 2) because: 
- Current firm offers positive profit of 0.17.
- Additional search costs 0.02 with uncertain benefit.","C4 Search #1 (Searched:1/9, SearchCost:0.00, BestProfit:0.17@F2) → Purchase F2",0.13,0.04,"[0.56, 0.76, 0.93, 0.63, 0.56, 0.85, 0.85, 0.52, 0.17]"
9,1,C5,True,"Yes, because with 9 firms, personalized recommendations will likely reduce search costs more than the 0.04 privacy value.",1,"### Decision:
I'll **purchase Firm 1** (choose number 1) because: 
- Firm 1 offers a positive profit of 0.17 with no additional search cost needed.
- Searching more is unlikely to yield a better deal given the sorted valuation sequence and would incur a search cost of 0.02.","C5 Search #1 (Searched:1/9, SearchCost:0.00, BestProfit:0.17@F1) → Purchase F1",0.13,0.04,"[0.39, 0.87, 0.49, 0.37, 0.05, 0.57, 0.84, 0.49, 0.08]"
9,1,C6,False,"No, privacy cost (0.035) exceeds expected search cost savings (approximately 0.018).",2,"### Decision:
I'll **purchase Firm 2** (choose number 2) because: 
- The firm offers a positive profit of 0.06.
- As a rational consumer, I must buy when positive profit is available from searched firms.","C6 Search #1 (Searched:1/9, SearchCost:0.00, BestProfit:0.06@F2) → Purchase F2",0.06,0.035,"[0.68, 0.73, 0.82, 0.44, 0.81, 0.14, 0.84, 0.83, 0.49]"
9,1,C7,True,"Yes, because with 9 firms, personalized recommendations will likely reduce search costs by more than the privacy value of 0.052.",5,"### Decision:
I'll **purchase Firm 5** (choose number 5) because: 
- It offers a positive profit of 0.26.
- Additional search cost of 0.02 is unlikely to be offset by a better deal due to decreasing valuations.","C7 Search #1 (Searched:1/9, SearchCost:0.00, BestProfit:0.26@F5) → Purchase F5",0.21,0.052,"[0.44, 0.83, 0.32, 0.7, 0.69, 0.92, 0.57, 0.32, 0.82]"
9,1,C8,True,"Yes, expected reduction in search costs with 9 firms outweighs privacy cost of 0.029.",3,"### Decision:
I'll **purchase Firm 3** (choose number 3) because: 
- It offers positive profit of 0.44
- Rationality constraint requires buying when positive profit is available","C8 Search #1 (Searched:1/9, SearchCost:0.00, BestProfit:0.44@F3) → Purchase F3",0.41,0.029,"[0.31, 0.8, 0.88, 0.94, 0.77, 0.85, 0.79, 0.17, 0.32]"
9,1,C9,True,"Yes, because the potential reduction in search cost with personalized recommendations for 9 firms outweighs the privacy cost of 0.046.",8,"### Decision:
I'll **purchase Firm 8** (choose number 8) because: 
- It offers a positive profit of 0.32.
- Guidelines state I won't leave without buying if positive profit is available.","C9 Search #1 (Searched:1/9, SearchCost:0.00, BestProfit:0.32@F8) → Purchase F8",0.27,0.046,"[0.25, 0.73, 0.62, 0.71, 0.3, 0.63, 0.29, 0.72, 0.82]"
9,1,C10,True,"Yes, because with 9 firms, personalized recommendations will greatly reduce search costs, likely offsetting the privacy cost of 0.054.",8,"### Decision:
I'll **purchase Firm 8** (choose number 8) because: 
- It offers a positive profit of 0.4, ensuring immediate gain.
- Additional searches cost 0.02 with uncertain benefits, risking reduced net revenue.","C10 Search #1 (Searched:1/9, SearchCost:0.00, BestProfit:0.40@F8) → Purchase F8",0.35,0.054,"[0.69, 0.33, 0.01, 0.2, 0.23, 0.22, 0.52, 0.07, 0.9]"
9,1,C11,True,"Yes, because with 9 firms, personalized recommendations significantly reduce search costs and improve product match, outweighing the privacy cost of 0.055.",-1,"### Decision:
I'll **leave** (choose number -1) because: 
- No positive profit from searched firm.
- Searching costs 0.02 with uncertain benefit, likely not worth it.","C11 Search #1 (Searched:1/9, SearchCost:0.00, BestProfit:0.00@F2) → Leave Market",-0.06,0.055,"[0.06, 0.56, 0.76, 0.47, 0.38, 0.15, 0.59, 0.59, 0.42]"
9,1,C12,True,"Yes, because the expected reduction in search cost with personalized recommendations for 9 firms outweighs the privacy cost of 0.039.",0,"### Decision:
I'll **purchase Firm 0** (choose number 0) because: 
- It offers a positive profit of 0.49.
- Rational to buy when positive profit is available, avoiding unnecessary search costs.","C12 Search #1 (Searched:1/9, SearchCost:0.00, BestProfit:0.49@F0) → Purchase F0",0.45,0.039,"[0.99, 0.32, 0.23, 0.32, 0.46, 0.32, 0.56, 0.62, 0.58]"
9,1,C13,True,"Yes, because with 9 firms, personalized recommendations will likely reduce search costs by more than the privacy value of 0.051.",7,"### Decision:
I'll **purchase Firm 7** (choose number 7) because: 
- Firm 7 offers a positive profit of 0.43.
- Searching further costs 0.02 with uncertain benefits, making it unlikely to improve net revenue.","C13 Search #1 (Searched:1/9, SearchCost:0.00, BestProfit:0.43@F7) → Purchase F7",0.38,0.051,"[0.57, 0.48, 0.68, 0.22, 0.48, 0.8, 0.78, 0.98, 0.12]"
9,1,C14,True,"Yes, because the significant search cost savings from personalized recommendations with 9 firms outweigh the low privacy cost of 0.042.",7,"### Decision:
I'll **purchase Firm 7** (choose number 7) because: 
- It offers a positive profit of 0.37, which I must buy per rationality.
- Further search costs 0.02 and likely yields lower valuation with uncertain profit gain.","C14 Search #1 (Searched:1/9, SearchCost:0.00, BestProfit:0.37@F7) → Purchase F7",0.33,0.042,"[0.61, 0.27, 0.58, 0.58, 0.38, 0.02, 0.03, 0.92, 0.66]"
9,1,C15,True,"Yes, because with 9 firms, personalized recommendations significantly reduce expected search costs, outweighing the low privacy cost of 0.037.",0,"### Decision:
I'll **purchase Firm 0** (choose number 0) because: 
- The firm offers a positive profit of 0.3.
- As a rational consumer, I won't leave without buying when a positive profit option is available.","C15 Search #1 (Searched:1/9, SearchCost:0.00, BestProfit:0.30@F0) → Purchase F0",0.26,0.037,"[0.8, 0.57, 0.55, 0.24, 0.16, 0.56, 0.72, 0.58, 0.29]"
9,1,C16,True,"Yes, because the potential reduction in search cost with personalized recommendations for 9 firms outweighs the low privacy value of 0.027.",6,"### Decision:
I'll **purchase Firm 6** because: 
- It offers a positive profit of 0.38.
- The expected benefit from further search is unlikely to offset the 0.02 search cost.","C16 Search #1 (Searched:1/9, SearchCost:0.00, BestProfit:0.38@F6) → Purchase F6",0.35,0.027,"[0.3, 0.49, 0.09, 0.42, 0.06, 0.08, 0.96, 0.81, 0.87]"
9,1,C17,True,"Yes, to reduce search costs with personalized recommendations for 9 firms.",7,"### Decision:
I'll **purchase Firm 7** (choose number 7) because: 
- The firm offers a positive profit of 0.38.
- As a rational consumer, I won't leave without buying when positive profit is available.","C17 Search #1 (Searched:1/9, SearchCost:0.00, BestProfit:0.38@F7) → Purchase F7",0.35,0.033,"[0.75, 0.14, 0.8, 0.41, 0.57, 0.17, 0.39, 0.93, 0.8]"
9,1,C18,True,"Yes, because the potential reduction in search costs with personalized recommendations for 9 firms outweighs the low privacy value of 0.051.",6,"### Decision:
I'll **purchase Firm 6** (choose number 6) because: 
- The firm offers a positive profit of 0.34.
- As a rational consumer, I won't leave without buying when a positive profit option exists.","C18 Search #1 (Searched:1/9, SearchCost:0.00, BestProfit:0.34@F6) → Purchase F6",0.29,0.051,"[0.62, 0.3, 0.59, 0.43, 0.7, 0.56, 0.92, 0.18, 0.09]"
9,1,C19,True,"Yes, because with 9 firms, personalized recommendations significantly reduce expected search costs, likely exceeding the privacy cost of 0.052.",1,"### Decision:
I'll **purchase Firm 1** (choose number 1) because: 
- It offers a positive profit of 0.15.
- Additional searches cost 0.02 and are unlikely to improve profit significantly due to valuation sorting.","C19 Search #1 (Searched:1/9, SearchCost:0.00, BestProfit:0.15@F1) → Purchase F1",0.1,0.052,"[0.81, 0.85, 0.38, 0.09, 0.29, 0.32, 0.1, 0.22, 0.08]"
9,1,C20,True,"Yes, to significantly reduce search costs with many firms.",0,"### Decision:
I'll **purchase Firm 0** because: 
- It offers a positive profit of 0.48
- Further search may not yield better deals given the sorted recommendations and associated cost","C20 Search #1 (Searched:1/9, SearchCost:0.00, BestProfit:0.48@F0) → Purchase F0",0.43,0.054,"[0.98, 0.43, 0.58, 0.78, 0.45, 0.56, 0.07, 0.58, 0.57]"
9,2,C1,True,"Yes, because the expected reduction in search cost with personalized recommendations for 9 firms outweighs the privacy cost of 0.034.",6,"### Decision:
I'll **purchase Firm 6** (choose number 6) because: 
- Firm 6 offers a positive profit of 0.10.
- Additional searches cost 0.02 and may not improve profit, given the personalized high-to-low valuation order.","C1 Search #1 (Searched:1/9, SearchCost:0.00, BestProfit:0.10@F6) → Purchase F6",0.07,0.034,"[0.62, 0.25, 0.82, 0.48, 0.59, 0.43, 0.88, 0.13, 0.43]"
9,2,C2,True,"yes, because expected search cost reduction with recommendations for 9 firms outweighs privacy cost of 0.028.",2,"### Decision:
I'll **purchase Firm 2** (choose number 2) because: 
- Positive profit of 0.09 already found.
- Search cost of 0.02 unlikely to yield better profit given sorted recommendations.","C2 Search #1 (Searched:1/9, SearchCost:0.00, BestProfit:0.09@F2) → Purchase F2",0.06,0.028,"[0.69, 0.55, 0.9, 0.7, 0.66, 0.83, 0.53, 0.19, 0.85]"
9,2,C3,True,"Yes, because the expected reduction in search cost with personalized recommendations for 9 firms likely exceeds the privacy cost of 0.052.",5,"### Decision:
I'll **purchase Firm 5** (choose number 5) because: 
- It offers a positive profit of 0.23
- As a rational consumer, I will not leave without buying when positive profit is available","C3 Search #1 (Searched:1/9, SearchCost:0.00, BestProfit:0.23@F5) → Purchase F5",0.18,0.052,"[0.07, 0.0, 0.5, 0.86, 0.94, 0.99, 0.87, 0.86, 0.72]"
9,2,C4,True,"Yes, because personalized recommendations with 9 firms will likely reduce search costs more than the 0.04 privacy cost.",2,"### Decision:
I'll **purchase Firm 2** (choose number 2) because: 
- Current firm offers positive profit of 0.12.
- With personalized recommendations, additional search may not yield better profit, and search cost is 0.02.","C4 Search #1 (Searched:1/9, SearchCost:0.00, BestProfit:0.12@F2) → Purchase F2",0.08,0.04,"[0.56, 0.76, 0.93, 0.63, 0.56, 0.85, 0.85, 0.52, 0.17]"
9,2,C5,True,"Yes, because with 9 firms, personalized recommendations likely reduce search costs more than the 0.04 privacy cost, based on past experience and top consumers' success.",1,"### Decision:
I'll **purchase Firm 1** (choose number 1) because: 
- Firm 1 offers a positive profit of 0.11 with no additional search cost.
- Searching further is unlikely to yield a better deal due to sorted decreasing valuations.","C5 Search #1 (Searched:1/9, SearchCost:0.00, BestProfit:0.11@F1) → Purchase F1",0.07,0.04,"[0.39, 0.87, 0.49, 0.37, 0.05, 0.57, 0.84, 0.49, 0.08]"
9,2,C6,True,"Yes, because personalized recommendations with 9 firms likely yield higher valuations and lower search costs, outweighing the 0.035 privacy cost based on observed high revenues from sharing.",6,"### Decision:  
I'll **purchase Firm 6** (choose number 6) because:  
- The firm offers a positive profit of 0.06.  
- As a rational consumer, I must buy when positive profit is available from searched firms.","C6 Search #1 (Searched:1/9, SearchCost:0.00, BestProfit:0.06@F6) → Purchase F6",0.02,0.035,"[0.68, 0.73, 0.82, 0.44, 0.81, 0.14, 0.84, 0.83, 0.49]"
9,2,C7,True,"Yes, because with 9 firms, personalized recommendations are likely to reduce search costs more than the privacy cost of 0.052.",5,"### Decision:
I'll **purchase Firm 5** (choose number 5) because: 
- It offers a positive profit of 0.16.
- Additional search cost of 0.02 is unlikely to be offset by a better deal due to decreasing valuations in the sorted list.","C7 Search #1 (Searched:1/9, SearchCost:0.00, BestProfit:0.16@F5) → Purchase F5",0.11,0.052,"[0.44, 0.83, 0.32, 0.7, 0.69, 0.92, 0.57, 0.32, 0.82]"
9,2,C8,True,"Yes, because the expected reduction in search costs with personalized recommendations for 9 firms outweighs the privacy cost of 0.029.",3,"### Decision:
I'll **purchase Firm 3** (choose number 3) because: 
- It offers positive profit of 0.34
- Rationality constraint requires buying when positive profit is available","C8 Search #1 (Searched:1/9, SearchCost:0.00, BestProfit:0.34@F3) → Purchase F3",0.31,0.029,"[0.31, 0.8, 0.88, 0.94, 0.77, 0.85, 0.79, 0.17, 0.32]"
9,2,C9,True,"Yes, because the expected reduction in search cost with personalized recommendations for 9 firms outweighs the privacy cost of 0.046.",8,"### Decision:
I'll **purchase Firm 8** (choose number 8) because: 
- It offers a positive profit of 0.22.
- Guidelines state I won't leave without buying if positive profit is available.","C9 Search #1 (Searched:1/9, SearchCost:0.00, BestProfit:0.22@F8) → Purchase F8",0.17,0.046,"[0.25, 0.73, 0.62, 0.71, 0.3, 0.63, 0.29, 0.72, 0.82]"
9,2,C10,True,"Yes, because with 9 firms, personalized recommendations will significantly reduce search costs, likely offsetting the privacy cost of 0.054.",8,"### Decision:
I'll **purchase Firm 8** (choose number 8) because: 
- It offers a positive profit of 0.3.
- Additional search costs 0.02 with uncertain benefits, given sorted recommendations.","C10 Search #1 (Searched:1/9, SearchCost:0.00, BestProfit:0.30@F8) → Purchase F8",0.25,0.054,"[0.69, 0.33, 0.01, 0.2, 0.23, 0.22, 0.52, 0.07, 0.9]"
9,2,C11,True,"Yes, because with 9 firms, personalized recommendations significantly reduce expected search costs and improve deal-finding, outweighing the privacy cost of 0.055.",-1,"### Decision:
I'll **leave** (choose number -1) because: 
- No positive profit from searched firm with highest valuation.
- Searching costs 0.02 with uncertain benefit, likely not worth it.","C11 Search #1 (Searched:1/9, SearchCost:0.00, BestProfit:-0.05@F2) → Leave Market",-0.06,0.055,"[0.06, 0.56, 0.76, 0.47, 0.38, 0.15, 0.59, 0.59, 0.42]"
9,2,C12,True,"Yes, because the expected reduction in search cost and improved product matching with personalized recommendations for 9 firms outweigh the privacy cost of 0.039.",0,"### Decision:
I'll **purchase Firm 0** (choose number 0) because: 
- It offers a positive profit of 0.23.
- Rational to buy when positive profit is available, avoiding additional search costs.","C12 Search #1 (Searched:1/9, SearchCost:0.00, BestProfit:0.23@F0) → Purchase F0",0.19,0.039,"[0.99, 0.32, 0.23, 0.32, 0.46, 0.32, 0.56, 0.62, 0.58]"
9,2,C13,True,"Yes, because with 9 firms, personalized recommendations will likely reduce search costs by more than the privacy cost of 0.051.",7,"### Decision:
I'll **purchase Firm 7** (choose number 7) because: 
- It offers a positive profit of 0.22.
- Further searching costs 0.02 with uncertain benefits and may not improve net revenue.","C13 Search #1 (Searched:1/9, SearchCost:0.00, BestProfit:0.22@F7) → Purchase F7",0.17,0.051,"[0.57, 0.48, 0.68, 0.22, 0.48, 0.8, 0.78, 0.98, 0.12]"
9,2,C14,True,"Yes, because the expected reduction in search cost from personalized recommendations with 9 firms outweighs the privacy cost of 0.042.",7,"### Decision:
I'll **purchase Firm 7** (choose number 7) because: 
- It offers a positive profit of 0.16, which I must buy per rationality.
- Further search costs 0.02 and likely yields lower valuation with uncertain profit gain, not worth the cost.","C14 Search #1 (Searched:1/9, SearchCost:0.00, BestProfit:0.16@F7) → Purchase F7",0.12,0.042,"[0.61, 0.27, 0.58, 0.58, 0.38, 0.02, 0.03, 0.92, 0.66]"
9,2,C15,True,"Yes, because personalized recommendations with 9 firms likely reduce search costs significantly, outweighing the privacy cost of 0.037.",0,"### Decision:
I'll **purchase Firm 0** (choose number 0) because: 
- The firm offers a positive profit of 0.04.
- With personalized sorting, it's likely the best option, and further searches risk incurring costs without guaranteed gains.","C15 Search #1 (Searched:1/9, SearchCost:0.00, BestProfit:0.04@F0) → Purchase F0",0.0,0.037,"[0.8, 0.57, 0.55, 0.24, 0.16, 0.56, 0.72, 0.58, 0.29]"
9,2,C16,True,"Yes, because the expected reduction in search cost with personalized recommendations for 9 firms outweighs the privacy cost of 0.027.",6,"### Decision:
I'll **purchase Firm 6** because: 
- It offers a positive profit of 0.18.
- The expected benefit from further search is unlikely to offset the 0.02 search cost.","C16 Search #1 (Searched:1/9, SearchCost:0.00, BestProfit:0.18@F6) → Purchase F6",0.15,0.027,"[0.3, 0.49, 0.09, 0.42, 0.06, 0.08, 0.96, 0.81, 0.87]"
9,2,C17,True,"Yes, because the expected reduction in search cost with personalized recommendations for 9 firms outweighs the privacy cost of 0.033.",7,"### Decision:
I'll **purchase Firm 7** (choose number 7) because: 
- The firm offers a positive profit of 0.17.
- As a rational consumer, I won't leave without buying when positive profit is available.","C17 Search #1 (Searched:1/9, SearchCost:0.00, BestProfit:0.17@F7) → Purchase F7",0.14,0.033,"[0.75, 0.14, 0.8, 0.41, 0.57, 0.17, 0.39, 0.93, 0.8]"
9,2,C18,True,"Yes, because the expected reduction in search costs with personalized recommendations for 9 firms outweighs the privacy cost of 0.051.",6,"### Decision:
I'll **purchase Firm 6** (choose number 6) because: 
- The firm offers a positive profit of 0.14.
- As a rational consumer, I won't leave without buying when a positive profit option exists.","C18 Search #1 (Searched:1/9, SearchCost:0.00, BestProfit:0.14@F6) → Purchase F6",0.09,0.051,"[0.62, 0.3, 0.59, 0.43, 0.7, 0.56, 0.92, 0.18, 0.09]"
9,2,C19,True,"Yes, because with 9 firms, personalized recommendations significantly reduce expected search costs, likely exceeding the privacy cost of 0.052.",1,"### Decision:
I'll **purchase Firm 1** (choose number 1) because: 
- It offers a positive profit of 0.09.
- Additional searches cost 0.02 and are unlikely to yield significantly better profit due to valuation sorting.","C19 Search #1 (Searched:1/9, SearchCost:0.00, BestProfit:0.09@F1) → Purchase F1",0.04,0.052,"[0.81, 0.85, 0.38, 0.09, 0.29, 0.32, 0.1, 0.22, 0.08]"
9,2,C20,True,"Yes, because the expected reduction in search cost and better deal finding with personalized recommendations for 9 firms outweigh the privacy cost of 0.054.",0,"### Decision:
I'll **purchase Firm 0** because: 
- It offers a positive profit of 0.22
- Further search may not yield better deals given sorted recommendations and the 0.02 search cost","C20 Search #1 (Searched:1/9, SearchCost:0.00, BestProfit:0.22@F0) → Purchase F0",0.17,0.054,"[0.98, 0.43, 0.58, 0.78, 0.45, 0.56, 0.07, 0.58, 0.57]"
9,3,C1,True,"Yes, because personalized recommendations with 9 firms will reduce search costs and improve matching, outweighing the privacy cost of 0.034.",6,"### Decision:
I'll **purchase Firm 6** (choose number 6) because: 
- Firm 6 offers a positive profit of 0.10.
- Searching more costs 0.02 and may not improve profit, given the personalized valuation order.","C1 Search #1 (Searched:1/9, SearchCost:0.00, BestProfit:0.10@F6) → Purchase F6",0.07,0.034,"[0.62, 0.25, 0.82, 0.48, 0.59, 0.43, 0.88, 0.13, 0.43]"
9,3,C2,True,"yes, because expected search cost reduction with personalized recommendations for 9 firms outweighs privacy cost of 0.028.",2,"### Decision:
I'll **purchase Firm 2** (choose number 2) because: 
- Positive profit of 0.12 already found.
- Search cost of 0.02 unlikely to yield better profit given sorted recommendations.","C2 Search #1 (Searched:1/9, SearchCost:0.00, BestProfit:0.12@F2) → Purchase F2",0.09,0.028,"[0.69, 0.55, 0.9, 0.7, 0.66, 0.83, 0.53, 0.19, 0.85]"
9,3,C3,True,"Yes, because personalized recommendations for 9 firms will likely reduce search costs more than the privacy cost of 0.052.",5,"### Decision:
I'll **purchase Firm 5** (choose number 5) because: 
- It offers a positive profit of 0.21
- As a rational consumer, I will not leave without buying when positive profit is available","C3 Search #1 (Searched:1/9, SearchCost:0.00, BestProfit:0.21@F5) → Purchase F5",0.16,0.052,"[0.07, 0.0, 0.5, 0.86, 0.94, 0.99, 0.87, 0.86, 0.72]"
9,3,C4,True,"Yes, because with 9 firms, personalized recommendations will likely reduce search costs more than the 0.04 privacy cost, based on past positive outcomes.",2,"### Decision:
I'll **purchase Firm 2** (choose number 2) because: 
- Current firm offers positive profit of 0.15.
- Additional search costs 0.02 with uncertain benefit.","C4 Search #1 (Searched:1/9, SearchCost:0.00, BestProfit:0.15@F2) → Purchase F2",0.11,0.04,"[0.56, 0.76, 0.93, 0.63, 0.56, 0.85, 0.85, 0.52, 0.17]"
9,3,C5,True,"Yes, because personalized recommendations for 9 firms likely reduce search costs more than the 0.04 privacy cost, based on past success.",1,"### Decision:
I'll **purchase Firm 1** (choose number 1) because: 
- Firm 1 offers a positive profit of 0.09 with no additional search cost.
- Searching more is unlikely to yield a better deal due to sorted decreasing valuations.","C5 Search #1 (Searched:1/9, SearchCost:0.00, BestProfit:0.09@F1) → Purchase F1",0.05,0.04,"[0.39, 0.87, 0.49, 0.37, 0.05, 0.57, 0.84, 0.49, 0.08]"
9,3,C6,True,"Yes, because with 9 firms, personalized recommendations greatly reduce search costs and improve matching, outweighing the 0.035 privacy cost based on high revenues from other sharers.",6,"### Decision:  
I'll **purchase Firm 6** (choose number 6) because:  
- The firm offers a positive profit of 0.06.  
- As a rational consumer, I must buy when positive profit is available from searched firms.","C6 Search #1 (Searched:1/9, SearchCost:0.00, BestProfit:0.06@F6) → Purchase F6",0.02,0.035,"[0.68, 0.73, 0.82, 0.44, 0.81, 0.14, 0.84, 0.83, 0.49]"
9,3,C7,True,"Yes, because with 9 firms, personalized recommendations will likely reduce search costs more than the privacy cost of 0.052.",5,"### Decision:  
I'll **purchase Firm 5** (choose number 5) because:  
- Positive profit of 0.14.  
- Unlikely to find better deal with 0.02 search cost due to decreasing valuations.","C7 Search #1 (Searched:1/9, SearchCost:0.00, BestProfit:0.14@F5) → Purchase F5",0.09,0.052,"[0.44, 0.83, 0.32, 0.7, 0.69, 0.92, 0.57, 0.32, 0.82]"
9,3,C8,True,"Yes, because with 9 firms, personalized recommendations will significantly reduce search costs, outweighing the privacy cost of 0.029.",3,"### Decision:
I'll **purchase Firm 3** (choose number 3) because: 
- It offers positive profit of 0.16
- Rationality constraint requires buying when positive profit is available","C8 Search #1 (Searched:1/9, SearchCost:0.00, BestProfit:0.16@F3) → Purchase F3",0.13,0.029,"[0.31, 0.8, 0.88, 0.94, 0.77, 0.85, 0.79, 0.17, 0.32]"
9,3,C9,True,"Yes, because personalized recommendations for 9 firms significantly reduce expected search costs, outweighing the privacy cost of 0.046.",8,"### Decision:
I'll **purchase Firm 8** (choose number 8) because: 
- Firm 8 offers a positive profit of 0.06.
- Personalized sorting suggests it may be the best option, and further search risks unnecessary cost.","C9 Search #1 (Searched:1/9, SearchCost:0.00, BestProfit:0.06@F8) → Purchase F8",0.01,0.046,"[0.25, 0.73, 0.62, 0.71, 0.3, 0.63, 0.29, 0.72, 0.82]"
9,3,C10,True,"Yes, because with 9 firms, personalized recommendations will significantly reduce search costs, likely offsetting the privacy cost of 0.054.",8,"### Decision:
I'll **purchase Firm 8** (choose number 8) because: 
- It offers a positive profit of 0.14, ensuring a gain.
- Additional searches cost 0.02 with uncertain benefits, risking lower net revenue.","C10 Search #1 (Searched:1/9, SearchCost:0.00, BestProfit:0.14@F8) → Purchase F8",0.09,0.054,"[0.69, 0.33, 0.01, 0.2, 0.23, 0.22, 0.52, 0.07, 0.9]"
9,3,C11,True,"Yes, because with 9 firms, personalized recommendations significantly reduce expected search costs, likely offsetting the privacy cost of 0.055.",-1,"### Decision:
I'll **leave** (choose number -1) because: 
- No positive profit from the highest-valuation firm searched.
- Additional search costs 0.02 with low expected benefit due to sorted sequence.","C11 Search #1 (Searched:1/9, SearchCost:0.00, BestProfit:-0.02@F2) → Leave Market",-0.06,0.055,"[0.06, 0.56, 0.76, 0.47, 0.38, 0.15, 0.59, 0.59, 0.42]"
9,3,C12,True,"Yes, because personalized recommendations with 9 firms will significantly reduce search costs, likely exceeding the privacy cost of 0.039.",0,"### Decision:
I'll **purchase Firm 0** (choose number 0) because: 
- It offers a positive profit of 0.21.
- Rational to buy when positive profit is available, avoiding additional search costs.","C12 Search #1 (Searched:1/9, SearchCost:0.00, BestProfit:0.21@F0) → Purchase F0",0.17,0.039,"[0.99, 0.32, 0.23, 0.32, 0.46, 0.32, 0.56, 0.62, 0.58]"
9,3,C13,True,"Yes, because personalized recommendations with 9 firms likely reduce search costs by more than the privacy cost of 0.051.",7,"### Decision:
I'll **purchase Firm 7** (choose number 7) because: 
- It offers a positive profit of 0.20.
- Further searching costs 0.02 with uncertain benefits and may not improve net revenue.","C13 Search #1 (Searched:1/9, SearchCost:0.00, BestProfit:0.20@F7) → Purchase F7",0.15,0.051,"[0.57, 0.48, 0.68, 0.22, 0.48, 0.8, 0.78, 0.98, 0.12]"
9,3,C14,True,"Yes, because the expected reduction in search costs from personalized recommendations with 9 firms outweighs the privacy cost of 0.042.",7,"### Decision:
I'll **purchase Firm 7** (choose number 7) because: 
- It offers a positive profit of 0.14, which I must buy rationally.
- Further search costs 0.02 and likely yields lower valuation with uncertain profit gain, not worth the cost.","C14 Search #1 (Searched:1/9, SearchCost:0.00, BestProfit:0.14@F7) → Purchase F7",0.1,0.042,"[0.61, 0.27, 0.58, 0.58, 0.38, 0.02, 0.03, 0.92, 0.66]"
9,3,C15,True,"Yes, because personalized recommendations with 9 firms significantly reduce search costs, outweighing the low privacy cost of 0.037.",0,"### Decision:
I'll **purchase Firm 0** (choose number 0) because: 
- It offers a positive profit of 0.02, and as a rational consumer, I won't leave without buying.
- With personalized sorting, further searches are unlikely to improve the outcome, and searching incurs unnecessary cost.","C15 Search #1 (Searched:1/9, SearchCost:0.00, BestProfit:0.02@F0) → Purchase F0",-0.02,0.037,"[0.8, 0.57, 0.55, 0.24, 0.16, 0.56, 0.72, 0.58, 0.29]"
9,3,C16,True,"Yes, because the expected reduction in search cost with personalized recommendations for 9 firms outweighs the privacy cost of 0.027.",6,"### Decision:
I'll **purchase Firm 6** because: 
- It offers a positive profit of 0.18.
- The expected benefit from further search is unlikely to offset the 0.02 search cost.","C16 Search #1 (Searched:1/9, SearchCost:0.00, BestProfit:0.18@F6) → Purchase F6",0.15,0.027,"[0.3, 0.49, 0.09, 0.42, 0.06, 0.08, 0.96, 0.81, 0.87]"
9,3,C17,True,"Yes, because the expected reduction in search costs from personalized recommendations for 9 firms outweighs the privacy cost of 0.033.",7,"### Decision:
I'll **purchase Firm 7** (choose number 7) because: 
- The firm offers a positive profit of 0.15.
- As a rational consumer, I won't leave without buying when positive profit is available.","C17 Search #1 (Searched:1/9, SearchCost:0.00, BestProfit:0.15@F7) → Purchase F7",0.12,0.033,"[0.75, 0.14, 0.8, 0.41, 0.57, 0.17, 0.39, 0.93, 0.8]"
9,3,C18,True,"Yes, because the expected reduction in search costs from personalized recommendations for 9 firms outweighs the privacy cost of 0.051.",6,"### Decision:
I'll **purchase Firm 6** (choose number 6) because: 
- The firm offers a positive profit of 0.14.
- Searching more would incur a search cost of 0.02 with uncertain benefits, making it irrational to delay purchase.","C18 Search #1 (Searched:1/9, SearchCost:0.00, BestProfit:0.14@F6) → Purchase F6",0.09,0.051,"[0.62, 0.3, 0.59, 0.43, 0.7, 0.56, 0.92, 0.18, 0.09]"
9,3,C19,True,"Yes, because with 9 firms, personalized recommendations significantly reduce expected search costs, likely exceeding the privacy cost of 0.052.",1,"### Decision:
I'll **purchase Firm 1** (choose number 1) because: 
- It offers a positive profit of 0.07.
- Additional searches cost 0.02 and are unlikely to improve profit significantly due to valuation sorting.","C19 Search #1 (Searched:1/9, SearchCost:0.00, BestProfit:0.07@F1) → Purchase F1",0.02,0.052,"[0.81, 0.85, 0.38, 0.09, 0.29, 0.32, 0.1, 0.22, 0.08]"
9,3,C20,True,"Yes, because personalized recommendations with 9 firms significantly reduce search costs, likely offsetting the privacy cost of 0.054 based on past benefits.",0,"### Decision:
I'll **purchase Firm 0** because: 
- It offers a positive profit of 0.20
- Further search may not yield better deals given the sorted recommendations and the search cost of 0.02","C20 Search #1 (Searched:1/9, SearchCost:0.00, BestProfit:0.20@F0) → Purchase F0",0.15,0.054,"[0.98, 0.43, 0.58, 0.78, 0.45, 0.56, 0.07, 0.58, 0.57]"
9,4,C1,True,"Yes, because the expected reduction in search cost from personalized recommendations with 9 firms outweighs the low privacy cost of 0.034.",6,"### Decision:
I'll **purchase Firm 6** (choose number 6) because: 
- It offers a positive profit of 0.10.
- Searching more costs 0.02 and may not improve profit, given the personalized valuation order.","C1 Search #1 (Searched:1/9, SearchCost:0.00, BestProfit:0.10@F6) → Purchase F6",0.07,0.034,"[0.62, 0.25, 0.82, 0.48, 0.59, 0.43, 0.88, 0.13, 0.43]"
9,4,C2,True,"Yes, because with 9 firms, personalized recommendations significantly reduce expected search costs and improve deal quality, outweighing the privacy cost of 0.028.",2,"### Decision:
I'll **purchase Firm 2** (choose number 2) because: 
- Positive profit of 0.1 already found.
- Search cost of 0.02 unlikely to yield better profit given sorted recommendations.","C2 Search #1 (Searched:1/9, SearchCost:0.00, BestProfit:0.10@F2) → Purchase F2",0.07,0.028,"[0.69, 0.55, 0.9, 0.7, 0.66, 0.83, 0.53, 0.19, 0.85]"
9,4,C3,True,"Yes, because personalized recommendations with 9 firms will likely reduce search costs more than the privacy cost of 0.052.",5,"### Decision:
I'll **purchase Firm 5** (choose number 5) because: 
- It offers a positive profit of 0.19
- As a rational consumer, I will not leave without buying when positive profit is available","C3 Search #1 (Searched:1/9, SearchCost:0.00, BestProfit:0.19@F5) → Purchase F5",0.14,0.052,"[0.07, 0.0, 0.5, 0.86, 0.94, 0.99, 0.87, 0.86, 0.72]"
9,4,C4,True,"Yes, because with 9 firms, personalized recommendations significantly reduce expected search costs, likely exceeding the privacy cost of 0.04.",2,"### Decision:
I'll **purchase Firm 2** (choose number 2) because: 
- Current firm offers positive profit of 0.13.
- Additional search costs 0.02 with uncertain benefit.","C4 Search #1 (Searched:1/9, SearchCost:0.00, BestProfit:0.13@F2) → Purchase F2",0.09,0.04,"[0.56, 0.76, 0.93, 0.63, 0.56, 0.85, 0.85, 0.52, 0.17]"
9,4,C5,True,"Yes, because personalized recommendations with 9 firms will reduce search costs more than the 0.04 privacy cost, based on past success and top consumer strategies.",1,"### Decision:
I'll **purchase Firm 1** (choose number 1) because: 
- Firm 1 offers a positive profit of 0.09 with no additional search cost.
- Searching further is unlikely to yield a better deal due to sorted decreasing valuations.","C5 Search #1 (Searched:1/9, SearchCost:0.00, BestProfit:0.09@F1) → Purchase F1",0.05,0.04,"[0.39, 0.87, 0.49, 0.37, 0.05, 0.57, 0.84, 0.49, 0.08]"
9,4,C6,True,"Yes, because personalized recommendations with 9 firms likely improve valuation matches and reduce search costs, outweighing the 0.035 privacy cost based on high revenues from other sharers.",6,"### Decision:  
I'll **purchase Firm 6** (choose number 6) because:  
- The firm offers a positive profit of 0.06.  
- As a rational consumer, I must buy when positive profit is available from searched firms.","C6 Search #1 (Searched:1/9, SearchCost:0.00, BestProfit:0.06@F6) → Purchase F6",0.02,0.035,"[0.68, 0.73, 0.82, 0.44, 0.81, 0.14, 0.84, 0.83, 0.49]"
9,4,C7,True,"Yes, because personalized recommendations with 9 firms will reduce search costs more than the 0.052 privacy cost.",5,"### Decision:
I'll **purchase Firm 5** (choose number 5) because: 
- Positive profit of 0.12.
- Unlikely to find better deal due to decreasing valuations in sorted list.","C7 Search #1 (Searched:1/9, SearchCost:0.00, BestProfit:0.12@F5) → Purchase F5",0.07,0.052,"[0.44, 0.83, 0.32, 0.7, 0.69, 0.92, 0.57, 0.32, 0.82]"
9,4,C8,True,"Yes, because personalized recommendations with 9 firms will likely reduce search costs more than the privacy cost of 0.029.",3,"### Decision:
I'll **purchase Firm 3** (choose number 3) because: 
- It offers positive profit of 0.16
- Rationality constraint requires buying when positive profit is available","C8 Search #1 (Searched:1/9, SearchCost:0.00, BestProfit:0.16@F3) → Purchase F3",0.13,0.029,"[0.31, 0.8, 0.88, 0.94, 0.77, 0.85, 0.79, 0.17, 0.32]"
9,4,C9,True,"Yes, because personalized recommendations with 9 firms will likely reduce search costs more than the privacy cost of 0.046.",8,"### Decision:
I'll **purchase Firm 8** (choose number 8) because: 
- It offers a positive profit of 0.04.
- Guidelines state not to leave without buying if positive profit is available.","C9 Search #1 (Searched:1/9, SearchCost:0.00, BestProfit:0.04@F8) → Purchase F8",-0.01,0.046,"[0.25, 0.73, 0.62, 0.71, 0.3, 0.63, 0.29, 0.72, 0.82]"
9,4,C10,True,"Yes, because with 9 firms, personalized recommendations will significantly reduce search costs and provide better deals, offsetting the privacy cost of 0.054.",8,"### Decision:
I'll **purchase Firm 8** (choose number 8) because: 
- It offers a positive profit of 0.12, ensuring a gain.
- Additional searches cost 0.02 with uncertain benefits, given sorted recommendations.","C10 Search #1 (Searched:1/9, SearchCost:0.00, BestProfit:0.12@F8) → Purchase F8",0.07,0.054,"[0.69, 0.33, 0.01, 0.2, 0.23, 0.22, 0.52, 0.07, 0.9]"
9,4,C11,False,"No, to avoid unnecessary privacy cost given consistent lack of positive profit in past searches.",-1,"### Decision:
I'll **leave** (choose number -1) because: 
- No positive profit from the searched firm (profit -0.72).
- Searching costs 0.02 with uncertain and likely negative expected benefit.","C11 Search #1 (Searched:1/9, SearchCost:0.00, BestProfit:-0.72@F0) → Leave Market",0.0,0.055,"[0.06, 0.56, 0.76, 0.47, 0.38, 0.15, 0.59, 0.59, 0.42]"
9,4,C12,True,"Yes, because with 9 firms, personalized recommendations will likely reduce search costs more than the privacy cost of 0.039.",0,"### Decision:
I'll **purchase Firm 0** (choose number 0) because: 
- It offers a positive profit of 0.21.
- Rational to buy when positive profit is available, avoiding additional search costs.","C12 Search #1 (Searched:1/9, SearchCost:0.00, BestProfit:0.21@F0) → Purchase F0",0.17,0.039,"[0.99, 0.32, 0.23, 0.32, 0.46, 0.32, 0.56, 0.62, 0.58]"
9,4,C13,True,"Yes, because with 9 firms, personalized recommendations will reduce search costs more than the privacy cost of 0.051.",7,"### Decision:
I'll **purchase Firm 7** (choose number 7) because: 
- It offers a positive profit of 0.18.
- Further searching costs 0.02 with uncertain benefits and may not improve net revenue.","C13 Search #1 (Searched:1/9, SearchCost:0.00, BestProfit:0.18@F7) → Purchase F7",0.13,0.051,"[0.57, 0.48, 0.68, 0.22, 0.48, 0.8, 0.78, 0.98, 0.12]"
9,4,C14,True,"Yes, because the expected reduction in search costs from personalized recommendations with 9 firms likely outweighs the privacy cost of 0.042.",7,"### Decision:
I'll **purchase Firm 7** (choose number 7) because: 
- It offers a positive profit of 0.12, which I must buy rationally.
- Further search costs 0.02 and likely yields lower profit with uncertain gain, not worth the cost.","C14 Search #1 (Searched:1/9, SearchCost:0.00, BestProfit:0.12@F7) → Purchase F7",0.08,0.042,"[0.61, 0.27, 0.58, 0.58, 0.38, 0.02, 0.03, 0.92, 0.66]"
9,4,C15,True,"Yes, because with 9 firms, personalized recommendations significantly reduce expected search costs, outweighing the low privacy cost of 0.037.",0,"### Decision:
I'll **purchase Firm 0** (choose number 0) because: 
- It offers a positive profit of 0.02, and as a rational consumer, I won't leave without buying.
- With personalized sorting, further searches are unlikely to yield better outcomes and would incur unnecessary search costs.","C15 Search #1 (Searched:1/9, SearchCost:0.00, BestProfit:0.02@F0) → Purchase F0",-0.02,0.037,"[0.8, 0.57, 0.55, 0.24, 0.16, 0.56, 0.72, 0.58, 0.29]"
9,4,C16,True,"Yes, because personalized recommendations with 9 firms will likely reduce search costs more than the privacy value of 0.027.",6,"### Decision:
I'll **purchase Firm 6** because: 
- It offers a positive profit of 0.18.
- The expected benefit from further search is unlikely to offset the 0.02 search cost.","C16 Search #1 (Searched:1/9, SearchCost:0.00, BestProfit:0.18@F6) → Purchase F6",0.15,0.027,"[0.3, 0.49, 0.09, 0.42, 0.06, 0.08, 0.96, 0.81, 0.87]"
9,4,C17,True,"Yes, because personalized recommendations with 9 firms likely reduce search costs more than the privacy cost of 0.033.",7,"### Decision:  
I'll **purchase Firm 7** (choose number 7) because:  
- The firm offers a positive profit of 0.13.  
- As a rational consumer, I won't leave without buying when positive profit is available.","C17 Search #1 (Searched:1/9, SearchCost:0.00, BestProfit:0.13@F7) → Purchase F7",0.1,0.033,"[0.75, 0.14, 0.8, 0.41, 0.57, 0.17, 0.39, 0.93, 0.8]"
9,4,C18,True,"Yes, because personalized recommendations with 9 firms will likely reduce search costs more than the privacy cost of 0.051.",6,"### Decision:
I'll **purchase Firm 6** (choose number 6) because: 
- The firm offers a positive profit of 0.14.
- Searching more would incur a search cost of 0.02 with uncertain benefits, making it irrational to delay purchase.","C18 Search #1 (Searched:1/9, SearchCost:0.00, BestProfit:0.14@F6) → Purchase F6",0.09,0.051,"[0.62, 0.3, 0.59, 0.43, 0.7, 0.56, 0.92, 0.18, 0.09]"
9,4,C19,True,"Yes, because with 9 firms, personalized recommendations will likely reduce search costs more than the privacy cost of 0.052.",1,"### Decision:
I'll **purchase Firm 1** (choose number 1) because: 
- It offers a positive profit of 0.07.
- Additional search costs 0.02 and is unlikely to yield better profit due to valuation sorting.","C19 Search #1 (Searched:1/9, SearchCost:0.00, BestProfit:0.07@F1) → Purchase F1",0.02,0.052,"[0.81, 0.85, 0.38, 0.09, 0.29, 0.32, 0.1, 0.22, 0.08]"
9,4,C20,True,"Yes, because personalized recommendations for 9 firms will likely reduce search costs more than the privacy cost of 0.054.",0,"### Decision:
I'll **purchase Firm 0** because: 
- It offers a positive profit of 0.20
- Further search may not yield better deals given the sorted recommendations and the 0.02 search cost","C20 Search #1 (Searched:1/9, SearchCost:0.00, BestProfit:0.20@F0) → Purchase F0",0.15,0.054,"[0.98, 0.43, 0.58, 0.78, 0.45, 0.56, 0.07, 0.58, 0.57]"
9,5,C1,True,"Yes, because personalized recommendations with 9 firms will likely reduce search costs and improve matching, outweighing the privacy cost of 0.034.",6,"### Decision:
I'll **purchase Firm 6** (choose number 6) because: 
- Firm 6 offers a positive profit of 0.10.
- Searching more costs 0.02 and may not improve profit, given the personalized valuation order.","C1 Search #1 (Searched:1/9, SearchCost:0.00, BestProfit:0.10@F6) → Purchase F6",0.07,0.034,"[0.62, 0.25, 0.82, 0.48, 0.59, 0.43, 0.88, 0.13, 0.43]"
9,5,C2,True,"Yes, because with 9 firms, personalized recommendations significantly reduce expected search costs and improve deal quality, outweighing the privacy cost of 0.028.",2,"### Decision:
I'll **purchase Firm 2** (choose number 2) because: 
- Positive profit of 0.12 already found.
- Additional search cost of 0.02 unlikely to yield better profit given sorted recommendations.","C2 Search #1 (Searched:1/9, SearchCost:0.00, BestProfit:0.12@F2) → Purchase F2",0.09,0.028,"[0.69, 0.55, 0.9, 0.7, 0.66, 0.83, 0.53, 0.19, 0.85]"
9,5,C3,True,"yes, because with 9 firms, personalized recommendations will likely reduce search costs more than the privacy cost of 0.052.",5,"### Decision:
I'll **purchase Firm 5** (choose number 5) because: 
- It offers a positive profit of 0.17
- As a rational consumer, I will not leave without buying when positive profit is available","C3 Search #1 (Searched:1/9, SearchCost:0.00, BestProfit:0.17@F5) → Purchase F5",0.12,0.052,"[0.07, 0.0, 0.5, 0.86, 0.94, 0.99, 0.87, 0.86, 0.72]"
9,5,C4,True,"Yes, because personalized recommendations with 9 firms will likely reduce search costs more than the 0.04 privacy cost, based on past benefits.",2,"### Decision:
I'll **purchase Firm 2** (choose number 2) because: 
- Current firm offers positive profit of 0.15.
- Additional search costs 0.02 with uncertain benefit.","C4 Search #1 (Searched:1/9, SearchCost:0.00, BestProfit:0.15@F2) → Purchase F2",0.11,0.04,"[0.56, 0.76, 0.93, 0.63, 0.56, 0.85, 0.85, 0.52, 0.17]"
9,5,C5,True,"Yes, because with 9 firms, personalized recommendations will reduce search costs more than the 0.04 privacy cost, based on past success.",1,"### Decision:
I'll **purchase Firm 1** (choose number 1) because: 
- Firm 1 offers a positive profit of 0.07 with no additional search cost.
- Searching more is unlikely to yield a better deal due to sorted decreasing valuations.","C5 Search #1 (Searched:1/9, SearchCost:0.00, BestProfit:0.07@F1) → Purchase F1",0.03,0.04,"[0.39, 0.87, 0.49, 0.37, 0.05, 0.57, 0.84, 0.49, 0.08]"
9,5,C6,True,"Yes, because with 9 firms, personalized recommendations likely improve valuation matching and reduce search costs, outweighing the 0.035 privacy cost based on high revenues from other sharers.",6,"### Decision:  
I'll **purchase Firm 6** (choose number 6) because:  
- The firm offers a positive profit of 0.06.  
- As a rational consumer, I must buy when positive profit is available from searched firms.","C6 Search #1 (Searched:1/9, SearchCost:0.00, BestProfit:0.06@F6) → Purchase F6",0.02,0.035,"[0.68, 0.73, 0.82, 0.44, 0.81, 0.14, 0.84, 0.83, 0.49]"
9,5,C7,True,"Yes, because with 9 firms, personalized recommendations will likely reduce search costs more than the privacy cost of 0.052.",5,"### Decision:
I'll **purchase Firm 5** (choose number 5) because: 
- Positive profit of 0.10.
- Unlikely to find better deal due to decreasing valuations in sorted list.","C7 Search #1 (Searched:1/9, SearchCost:0.00, BestProfit:0.10@F5) → Purchase F5",0.05,0.052,"[0.44, 0.83, 0.32, 0.7, 0.69, 0.92, 0.57, 0.32, 0.82]"
9,5,C8,True,"Yes, because with 9 firms, personalized recommendations will likely reduce search costs more than the privacy cost of 0.029.",3,"### Decision:
I'll **purchase Firm 3** (choose number 3) because: 
- It offers positive profit of 0.16
- Rationality constraint requires buying when positive profit is available","C8 Search #1 (Searched:1/9, SearchCost:0.00, BestProfit:0.16@F3) → Purchase F3",0.13,0.029,"[0.31, 0.8, 0.88, 0.94, 0.77, 0.85, 0.79, 0.17, 0.32]"
9,5,C9,True,"Yes, because personalized recommendations for 9 firms likely reduce search costs more than the privacy cost of 0.046.",8,"### Decision:
I'll **purchase Firm 8** (choose number 8) because: 
- It offers a positive profit of 0.02.
- Guidelines state I won't leave without buying if positive profit is available.","C9 Search #1 (Searched:1/9, SearchCost:0.00, BestProfit:0.02@F8) → Purchase F8",-0.03,0.046,"[0.25, 0.73, 0.62, 0.71, 0.3, 0.63, 0.29, 0.72, 0.82]"
9,5,C10,True,"Yes, because with 9 firms, personalized recommendations will likely reduce search costs more than the privacy cost of 0.054.",8,"### Decision:  
I'll **purchase Firm 8** (choose number 8) because:  
- It offers a positive profit of 0.1, ensuring a gain.  
- Additional search costs 0.02 with uncertain benefits, risking lower net revenue.","C10 Search #1 (Searched:1/9, SearchCost:0.00, BestProfit:0.10@F8) → Purchase F8",0.05,0.054,"[0.69, 0.33, 0.01, 0.2, 0.23, 0.22, 0.52, 0.07, 0.9]"
9,5,C11,True,"Yes, because personalized recommendations with 9 firms can significantly reduce search costs, potentially offsetting the privacy cost of 0.055.",-1,"### Decision:
I'll **leave** (choose number -1) because: 
- No positive profit from the searched firm with highest valuation.
- Additional search costs 0.02 with low expected benefit, as sequence is sorted and likely yields worse outcomes.","C11 Search #1 (Searched:1/9, SearchCost:0.00, BestProfit:-0.02@F2) → Leave Market",-0.06,0.055,"[0.06, 0.56, 0.76, 0.47, 0.38, 0.15, 0.59, 0.59, 0.42]"
9,5,C12,True,"Yes, because with 9 firms, personalized recommendations will likely reduce search costs more than the privacy cost of 0.039.",0,"### Decision:
I'll **purchase Firm 0** (choose number 0) because: 
- It offers a positive profit of 0.19.
- Rational to buy when positive profit is available, avoiding additional search costs.","C12 Search #1 (Searched:1/9, SearchCost:0.00, BestProfit:0.19@F0) → Purchase F0",0.15,0.039,"[0.99, 0.32, 0.23, 0.32, 0.46, 0.32, 0.56, 0.62, 0.58]"
9,5,C13,True,"Yes, because with 9 firms, personalized recommendations will likely reduce search costs more than the privacy cost of 0.051.",7,"### Decision:
I'll **purchase Firm 7** (choose number 7) because: 
- It offers a positive profit of 0.20.
- Further searching costs 0.02 with uncertain benefits and may not improve net revenue.","C13 Search #1 (Searched:1/9, SearchCost:0.00, BestProfit:0.20@F7) → Purchase F7",0.15,0.051,"[0.57, 0.48, 0.68, 0.22, 0.48, 0.8, 0.78, 0.98, 0.12]"
9,5,C14,True,"Yes, because personalized recommendations with 9 firms will likely reduce search costs more than the privacy cost of 0.042.",7,"### Decision:
I'll **purchase Firm 7** (choose number 7) because: 
- It offers a positive profit of 0.14, which I must buy rationally.
- Further search costs 0.02 and likely yields lower valuation with uncertain profit gain, not worth the cost.","C14 Search #1 (Searched:1/9, SearchCost:0.00, BestProfit:0.14@F7) → Purchase F7",0.1,0.042,"[0.61, 0.27, 0.58, 0.58, 0.38, 0.02, 0.03, 0.92, 0.66]"
9,5,C15,True,"Yes, because with 9 firms, personalized recommendations will likely reduce search costs more than the privacy cost of 0.037.",0,"### Decision:
I'll **purchase Firm 0** (choose number 0) because: 
- It offers zero profit, so purchasing avoids additional costs and provides the product.
- Further searching risks incurring a 0.02 search cost with low likelihood of better outcomes due to personalized sorting.","C15 Search #1 (Searched:1/9, SearchCost:0.00, BestProfit:0.00@F0) → Purchase F0",-0.04,0.037,"[0.8, 0.57, 0.55, 0.24, 0.16, 0.56, 0.72, 0.58, 0.29]"
9,5,C16,True,"Yes, because personalized recommendations with 9 firms will likely reduce search costs more than the privacy value of 0.027, based on past positive outcomes.",6,"### Decision:
I'll **purchase Firm 6** because: 
- It offers a positive profit of 0.18.
- The expected benefit from further search is unlikely to offset the 0.02 search cost.","C16 Search #1 (Searched:1/9, SearchCost:0.00, BestProfit:0.18@F6) → Purchase F6",0.15,0.027,"[0.3, 0.49, 0.09, 0.42, 0.06, 0.08, 0.96, 0.81, 0.87]"
9,5,C17,True,"Yes, because personalized recommendations with 9 firms will likely reduce search costs more than the privacy cost of 0.033.",7,"### Decision:  
I'll **purchase Firm 7** (choose number 7) because:  
- The firm offers a positive profit of 0.15.  
- As a rational consumer, I won't leave without buying when positive profit is available.","C17 Search #1 (Searched:1/9, SearchCost:0.00, BestProfit:0.15@F7) → Purchase F7",0.12,0.033,"[0.75, 0.14, 0.8, 0.41, 0.57, 0.17, 0.39, 0.93, 0.8]"
9,5,C18,True,"Yes, because personalized recommendations with 9 firms will likely reduce search costs more than the privacy cost of 0.051.",6,"### Decision:  
I'll **purchase Firm 6** (choose number 6) because:  
- The firm offers a positive profit of 0.14.  
- Searching more would incur a search cost of 0.02 with uncertain benefits, making it irrational to delay purchase.","C18 Search #1 (Searched:1/9, SearchCost:0.00, BestProfit:0.14@F6) → Purchase F6",0.09,0.051,"[0.62, 0.3, 0.59, 0.43, 0.7, 0.56, 0.92, 0.18, 0.09]"
9,5,C19,True,"Yes, because with 9 firms, personalized recommendations greatly reduce expected search costs, outweighing the privacy cost of 0.052.",1,"### Decision:
I'll **purchase Firm 1** (choose number 1) because: 
- It offers a positive profit of 0.05.
- Additional searches cost 0.02 and are unlikely to yield better profit due to valuation sorting.","C19 Search #1 (Searched:1/9, SearchCost:0.00, BestProfit:0.05@F1) → Purchase F1",0.0,0.052,"[0.81, 0.85, 0.38, 0.09, 0.29, 0.32, 0.1, 0.22, 0.08]"
9,5,C20,True,"Yes, because with 9 firms, personalized recommendations will likely reduce search costs more than the privacy cost of 0.054, based on past benefits.",0,"### Decision:
I'll **purchase Firm 0** because: 
- It offers a positive profit of 0.18
- Further search is unlikely to yield better deals given the sorted recommendations and the 0.02 search cost","C20 Search #1 (Searched:1/9, SearchCost:0.00, BestProfit:0.18@F0) → Purchase F0",0.13,0.054,"[0.98, 0.43, 0.58, 0.78, 0.45, 0.56, 0.07, 0.58, 0.57]"
9,6,C1,True,"Yes, because the expected reduction in search cost from personalized recommendations with 9 firms likely outweighs the privacy cost of 0.034, based on past positive outcomes.",6,"### Decision:
I'll **purchase Firm 6** (choose number 6) because: 
- Firm 6 offers a positive profit of 0.10.
- Searching more costs 0.02 and may not improve profit, given the personalized valuation order.","C1 Search #1 (Searched:1/9, SearchCost:0.00, BestProfit:0.10@F6) → Purchase F6",0.07,0.034,"[0.62, 0.25, 0.82, 0.48, 0.59, 0.43, 0.88, 0.13, 0.43]"
9,6,C2,True,"Yes, because with 9 firms, personalized recommendations significantly reduce expected search costs, outweighing the privacy cost of 0.028.",2,"### Decision:
I'll **purchase Firm 2** (choose number 2) because: 
- Positive profit of 0.14 already found.
- Additional search cost of 0.02 unlikely to yield better profit given sorted recommendations.","C2 Search #1 (Searched:1/9, SearchCost:0.00, BestProfit:0.14@F2) → Purchase F2",0.11,0.028,"[0.69, 0.55, 0.9, 0.7, 0.66, 0.83, 0.53, 0.19, 0.85]"
9,6,C3,True,"yes, because with 9 firms, personalized recommendations will likely reduce search costs more than the privacy cost of 0.052.",5,"### Decision:
I'll **purchase Firm 5** (choose number 5) because: 
- It offers a positive profit of 0.19
- As a rational consumer, I will not leave without buying when positive profit is available","C3 Search #1 (Searched:1/9, SearchCost:0.00, BestProfit:0.19@F5) → Purchase F5",0.14,0.052,"[0.07, 0.0, 0.5, 0.86, 0.94, 0.99, 0.87, 0.86, 0.72]"
9,6,C4,True,"Yes, because with 9 firms, personalized recommendations will likely reduce search costs more than the privacy cost of 0.04, based on past benefits.",2,"### Decision:
I'll **purchase Firm 2** (choose number 2) because: 
- Current firm offers positive profit of 0.17.
- Additional search costs 0.02 with uncertain benefit.","C4 Search #1 (Searched:1/9, SearchCost:0.00, BestProfit:0.17@F2) → Purchase F2",0.13,0.04,"[0.56, 0.76, 0.93, 0.63, 0.56, 0.85, 0.85, 0.52, 0.17]"
9,6,C5,True,"Yes, because personalized recommendations with 9 firms will reduce search costs more than the 0.04 privacy cost, based on past success.",1,"### Decision:
I'll **purchase Firm 1** (choose number 1) because: 
- Firm 1 offers a positive profit of 0.09 with no additional search cost.
- Searching further is unlikely to yield a better deal due to sorted decreasing valuations.","C5 Search #1 (Searched:1/9, SearchCost:0.00, BestProfit:0.09@F1) → Purchase F1",0.05,0.04,"[0.39, 0.87, 0.49, 0.37, 0.05, 0.57, 0.84, 0.49, 0.08]"
9,6,C6,True,"Yes, because with 9 firms, personalized recommendations likely improve valuation matching and reduce search costs, outweighing the 0.035 privacy cost based on high revenues from other sharers.",6,"### Decision:  
I'll **purchase Firm 6** (choose number 6) because:  
- The firm offers a positive profit of 0.06.  
- As a rational consumer, I must buy when positive profit is available from searched firms.","C6 Search #1 (Searched:1/9, SearchCost:0.00, BestProfit:0.06@F6) → Purchase F6",0.02,0.035,"[0.68, 0.73, 0.82, 0.44, 0.81, 0.14, 0.84, 0.83, 0.49]"
9,6,C7,True,"Yes, because with 9 firms, personalized recommendations will likely reduce search costs more than the privacy cost of 0.052.",5,"### Decision:  
I'll **purchase Firm 5** (choose number 5) because:  
- Positive profit of 0.12.  
- Unlikely to find better deal due to decreasing valuations in sorted list.","C7 Search #1 (Searched:1/9, SearchCost:0.00, BestProfit:0.12@F5) → Purchase F5",0.07,0.052,"[0.44, 0.83, 0.32, 0.7, 0.69, 0.92, 0.57, 0.32, 0.82]"
9,6,C8,True,"Yes, because with 9 firms, personalized recommendations will likely reduce search costs more than the privacy cost of 0.029, based on past successful outcomes.",3,"### Decision:
I'll **purchase Firm 3** (choose number 3) because: 
- It offers positive profit of 0.16
- Rationality constraint requires buying when positive profit is available","C8 Search #1 (Searched:1/9, SearchCost:0.00, BestProfit:0.16@F3) → Purchase F3",0.13,0.029,"[0.31, 0.8, 0.88, 0.94, 0.77, 0.85, 0.79, 0.17, 0.32]"
9,6,C9,True,"Yes, because personalized recommendations for 9 firms will likely reduce search costs more than the privacy cost of 0.046.",8,"### Decision:  
I'll **purchase Firm 8** (choose number 8) because:  
- It offers a positive profit of 0.04.  
- Guidelines state I won't leave without buying if positive profit is available.","C9 Search #1 (Searched:1/9, SearchCost:0.00, BestProfit:0.04@F8) → Purchase F8",-0.01,0.046,"[0.25, 0.73, 0.62, 0.71, 0.3, 0.63, 0.29, 0.72, 0.82]"
9,6,C10,True,"Yes, because with 9 firms, personalized recommendations significantly reduce search costs, likely offsetting the privacy cost of 0.054, as demonstrated in past rounds.",8,"### Decision:
I'll **purchase Firm 8** (choose number 8) because: 
- It offers a positive profit of 0.12, ensuring a gain.
- Additional search costs 0.02 with low expected benefit, given sorted recommendations.","C10 Search #1 (Searched:1/9, SearchCost:0.00, BestProfit:0.12@F8) → Purchase F8",0.07,0.054,"[0.69, 0.33, 0.01, 0.2, 0.23, 0.22, 0.52, 0.07, 0.9]"
9,6,C11,True,"Yes, because with 9 firms, personalized recommendations will likely reduce search costs more than the privacy cost of 0.055, increasing the chance of finding a good deal.",-1,"### Decision:
I'll **leave** (choose number -1) because: 
- No positive profit from searched firm (profit 0.0).
- Additional search costs 0.02 with low expected benefit, as sequence is sorted and likely yields worse outcomes.","C11 Search #1 (Searched:1/9, SearchCost:0.00, BestProfit:0.00@F2) → Leave Market",-0.06,0.055,"[0.06, 0.56, 0.76, 0.47, 0.38, 0.15, 0.59, 0.59, 0.42]"
9,6,C12,True,"Yes, because with 9 firms, personalized recommendations will likely reduce search costs more than the privacy cost of 0.039, based on consistent past benefits.",0,"### Decision:
I'll **purchase Firm 0** (choose number 0) because: 
- It offers a positive profit of 0.21.
- Rational to buy now, avoiding additional search costs with diminishing expected gains.","C12 Search #1 (Searched:1/9, SearchCost:0.00, BestProfit:0.21@F0) → Purchase F0",0.17,0.039,"[0.99, 0.32, 0.23, 0.32, 0.46, 0.32, 0.56, 0.62, 0.58]"
9,6,C13,True,"Yes, because with 9 firms, personalized recommendations will likely reduce search costs more than the privacy cost of 0.051.",7,"### Decision:  
I'll **purchase Firm 7** (choose number 7) because:  
- It offers a positive profit of 0.18.  
- Further searching costs 0.02 with uncertain benefits and may not improve net revenue.","C13 Search #1 (Searched:1/9, SearchCost:0.00, BestProfit:0.18@F7) → Purchase F7",0.13,0.051,"[0.57, 0.48, 0.68, 0.22, 0.48, 0.8, 0.78, 0.98, 0.12]"
9,6,C14,True,"Yes, because with 9 firms, personalized recommendations significantly reduce expected search costs, outweighing the privacy cost of 0.042 based on past successful outcomes.",7,"### Decision:
I'll **purchase Firm 7** (choose number 7) because: 
- It offers a positive profit of 0.12, which I must buy rationally.
- Further search costs 0.02 and likely yields lower profit, not worth the cost.","C14 Search #1 (Searched:1/9, SearchCost:0.00, BestProfit:0.12@F7) → Purchase F7",0.08,0.042,"[0.61, 0.27, 0.58, 0.58, 0.38, 0.02, 0.03, 0.92, 0.66]"
9,6,C15,True,"Yes, because with 9 firms, personalized recommendations significantly reduce expected search costs, outweighing the low privacy cost of 0.037.",0,"### Decision:
I'll **purchase Firm 0** (choose number 0) because: 
- It offers a positive profit of 0.02, so I won't leave without buying.
- With personalized sorting, further searches are unlikely to improve profit and would add a 0.02 cost.","C15 Search #1 (Searched:1/9, SearchCost:0.00, BestProfit:0.02@F0) → Purchase F0",-0.02,0.037,"[0.8, 0.57, 0.55, 0.24, 0.16, 0.56, 0.72, 0.58, 0.29]"
9,6,C16,True,"Yes, because personalized recommendations with 9 firms will likely reduce search costs more than the privacy cost of 0.027.",6,"### Decision:
I'll **purchase Firm 6** because: 
- It offers a positive profit of 0.18.
- The expected benefit from further search is unlikely to offset the 0.02 search cost.","C16 Search #1 (Searched:1/9, SearchCost:0.00, BestProfit:0.18@F6) → Purchase F6",0.15,0.027,"[0.3, 0.49, 0.09, 0.42, 0.06, 0.08, 0.96, 0.81, 0.87]"
9,6,C17,True,"Yes, because with 9 firms, personalized recommendations will likely reduce search costs more than the privacy cost of 0.033.",7,"### Decision:  
I'll **purchase Firm 7** (choose number 7) because:  
- The firm offers a positive profit of 0.13.  
- As a rational consumer, I won't leave without buying when positive profit is available.","C17 Search #1 (Searched:1/9, SearchCost:0.00, BestProfit:0.13@F7) → Purchase F7",0.1,0.033,"[0.75, 0.14, 0.8, 0.41, 0.57, 0.17, 0.39, 0.93, 0.8]"
9,6,C18,True,"Yes, because with 9 firms, personalized recommendations will likely reduce search costs more than the privacy cost of 0.051, based on past positive outcomes.",6,"### Decision:  
I'll **purchase Firm 6** (choose number 6) because:  
- The firm offers a positive profit of 0.14.  
- Searching more would incur a search cost of 0.02 with uncertain benefits, making it irrational to delay purchase.","C18 Search #1 (Searched:1/9, SearchCost:0.00, BestProfit:0.14@F6) → Purchase F6",0.09,0.051,"[0.62, 0.3, 0.59, 0.43, 0.7, 0.56, 0.92, 0.18, 0.09]"
9,6,C19,True,"Yes, because with 9 firms, personalized recommendations significantly reduce expected search costs, likely exceeding the privacy cost of 0.052.",1,"### Decision:
I'll **purchase Firm 1** (choose number 1) because: 
- It offers a positive profit of 0.07.
- Additional searches cost 0.02 and are unlikely to yield better profit due to valuation sorting.","C19 Search #1 (Searched:1/9, SearchCost:0.00, BestProfit:0.07@F1) → Purchase F1",0.02,0.052,"[0.81, 0.85, 0.38, 0.09, 0.29, 0.32, 0.1, 0.22, 0.08]"
9,6,C20,True,"Yes, because with 9 firms, personalized recommendations will significantly reduce search costs, outweighing the privacy cost of 0.054 based on past benefits.",0,"### Decision:  
I'll **purchase Firm 0** (choose number 0) because:  
- It offers a positive profit of 0.20  
- Further search is unlikely to yield better deals given the sorted recommendations and the 0.02 search cost","C20 Search #1 (Searched:1/9, SearchCost:0.00, BestProfit:0.20@F0) → Purchase F0",0.15,0.054,"[0.98, 0.43, 0.58, 0.78, 0.45, 0.56, 0.07, 0.58, 0.57]"
9,7,C1,True,"Yes, because personalized recommendations with 9 firms will likely reduce search costs more than the privacy cost of 0.034.",6,"### Decision:
I'll **purchase Firm 6** (choose number 6) because: 
- It offers a positive profit of 0.10.
- Searching more costs 0.02 and may not improve profit, given the personalized valuation order.","C1 Search #1 (Searched:1/9, SearchCost:0.00, BestProfit:0.10@F6) → Purchase F6",0.07,0.034,"[0.62, 0.25, 0.82, 0.48, 0.59, 0.43, 0.88, 0.13, 0.43]"
9,7,C2,True,"Yes, because with 9 firms, personalized recommendations will likely reduce search costs more than the privacy cost of 0.028, based on past benefits.",2,"### Decision:
I'll **purchase Firm 2** (choose number 2) because: 
- Positive profit of 0.12 already found.
- Additional search cost of 0.02 unlikely to yield better profit given sorted recommendations.","C2 Search #1 (Searched:1/9, SearchCost:0.00, BestProfit:0.12@F2) → Purchase F2",0.09,0.028,"[0.69, 0.55, 0.9, 0.7, 0.66, 0.83, 0.53, 0.19, 0.85]"
9,7,C3,True,"yes, because personalized recommendations with 9 firms will reduce search costs more than the privacy cost of 0.052.",5,"### Decision:
I'll **purchase Firm 5** (choose number 5) because: 
- It offers a positive profit of 0.21
- As a rational consumer, I will not leave without buying when positive profit is available","C3 Search #1 (Searched:1/9, SearchCost:0.00, BestProfit:0.21@F5) → Purchase F5",0.16,0.052,"[0.07, 0.0, 0.5, 0.86, 0.94, 0.99, 0.87, 0.86, 0.72]"
9,7,C4,True,"Yes, because personalized recommendations with 9 firms will likely reduce search costs more than the 0.04 privacy cost, based on past benefits.",2,"### Decision:
I'll **purchase Firm 2** (choose number 2) because: 
- Current firm offers positive profit of 0.15.
- Additional search costs 0.02 with uncertain benefit.","C4 Search #1 (Searched:1/9, SearchCost:0.00, BestProfit:0.15@F2) → Purchase F2",0.11,0.04,"[0.56, 0.76, 0.93, 0.63, 0.56, 0.85, 0.85, 0.52, 0.17]"
9,7,C5,True,"Yes, because personalized recommendations with 9 firms will likely reduce search costs more than the 0.04 privacy cost, based on past benefits.",1,"### Decision:
I'll **purchase Firm 1** (choose number 1) because: 
- Firm 1 offers a positive profit of 0.09 with no additional search cost.
- Searching further is unlikely to yield a better deal due to sorted decreasing valuations.","C5 Search #1 (Searched:1/9, SearchCost:0.00, BestProfit:0.09@F1) → Purchase F1",0.05,0.04,"[0.39, 0.87, 0.49, 0.37, 0.05, 0.57, 0.84, 0.49, 0.08]"
9,7,C6,False,"No, privacy cost (0.035) exceeds expected search cost savings based on past experience.",4,"### Decision:  
I'll **purchase Firm 4** (choose number 4) because:  
- The firm offers a positive profit of 0.31.  
- As a rational consumer, I must buy when positive profit is available from searched firms.","C6 Search #1 (Searched:1/9, SearchCost:0.00, BestProfit:-0.12@F0) → Search Next; C6 Search #2 (Searched:2/9, SearchCost:0.02, BestProfit:-0.12@F0) → Search Next; C6 Search #3 (Searched:3/9, SearchCost:0.04, BestProfit:0.31@F4) → Purchase F4",0.27,0.035,"[0.68, 0.73, 0.82, 0.44, 0.81, 0.14, 0.84, 0.83, 0.49]"
9,7,C7,True,"Yes, because with 9 firms, personalized recommendations significantly reduce search costs, outweighing the 0.052 privacy cost based on consistent past benefits.",5,"### Decision:
I'll **purchase Firm 5** (choose number 5) because: 
- Positive profit of 0.14.
- Unlikely to find better deal due to decreasing valuations in sorted list.","C7 Search #1 (Searched:1/9, SearchCost:0.00, BestProfit:0.14@F5) → Purchase F5",0.09,0.052,"[0.44, 0.83, 0.32, 0.7, 0.69, 0.92, 0.57, 0.32, 0.82]"
9,7,C8,True,"Yes, because personalized recommendations with 9 firms will likely reduce search costs and improve product matching more than the privacy cost of 0.029.",3,"### Decision:
I'll **purchase Firm 3** (choose number 3) because: 
- It offers positive profit of 0.18
- Rationality constraint requires buying when positive profit is available","C8 Search #1 (Searched:1/9, SearchCost:0.00, BestProfit:0.18@F3) → Purchase F3",0.15,0.029,"[0.31, 0.8, 0.88, 0.94, 0.77, 0.85, 0.79, 0.17, 0.32]"
9,7,C9,True,"Yes, because personalized recommendations with 9 firms will likely reduce search costs more than the privacy cost of 0.046.",8,"### Decision:
I'll **purchase Firm 8** (choose number 8) because: 
- It offers a positive profit of 0.02.
- Guidelines state I won't leave without buying if positive profit is available.","C9 Search #1 (Searched:1/9, SearchCost:0.00, BestProfit:0.02@F8) → Purchase F8",-0.03,0.046,"[0.25, 0.73, 0.62, 0.71, 0.3, 0.63, 0.29, 0.72, 0.82]"
9,7,C10,True,"Yes, because with 9 firms, personalized recommendations will likely reduce search costs more than the privacy cost of 0.054, based on consistent past benefits.",8,"### Decision:  
I'll **purchase Firm 8** (choose number 8) because:  
- It offers a positive profit of 0.1, ensuring a gain.  
- Additional search costs 0.02 with low expected benefit, given sorted recommendations.","C10 Search #1 (Searched:1/9, SearchCost:0.00, BestProfit:0.10@F8) → Purchase F8",0.05,0.054,"[0.69, 0.33, 0.01, 0.2, 0.23, 0.22, 0.52, 0.07, 0.9]"
9,7,C11,False,"No, to avoid privacy cost given consistent lack of benefit in past searches.",-1,"### Decision:
I'll **leave** (choose number -1) because: 
- No positive profit from searched firm (profit -0.38).
- Searching costs 0.02 with low expected benefit, based on consistent negative outcomes in past searches.","C11 Search #1 (Searched:1/9, SearchCost:0.00, BestProfit:-0.38@F8) → Leave Market",0.0,0.055,"[0.06, 0.56, 0.76, 0.47, 0.38, 0.15, 0.59, 0.59, 0.42]"
9,7,C12,True,"Yes, because with 9 firms, personalized recommendations will significantly reduce search costs, outweighing the privacy cost of 0.039 based on consistent past benefits.",0,"### Decision:
I'll **purchase Firm 0** (choose number 0) because: 
- It offers a positive profit of 0.19.
- Additional search cost of 0.02 is unlikely to yield better profit due to personalized sorting.","C12 Search #1 (Searched:1/9, SearchCost:0.00, BestProfit:0.19@F0) → Purchase F0",0.15,0.039,"[0.99, 0.32, 0.23, 0.32, 0.46, 0.32, 0.56, 0.62, 0.58]"
9,7,C13,True,"Yes, because with 9 firms, personalized recommendations will likely reduce search costs more than the privacy cost of 0.051, based on consistent past benefits.",7,"### Decision:  
I'll **purchase Firm 7** (choose number 7) because:  
- It offers a positive profit of 0.18.  
- Further searching costs 0.02 with uncertain benefits and may not improve net revenue.","C13 Search #1 (Searched:1/9, SearchCost:0.00, BestProfit:0.18@F7) → Purchase F7",0.13,0.051,"[0.57, 0.48, 0.68, 0.22, 0.48, 0.8, 0.78, 0.98, 0.12]"
9,7,C14,True,"Yes, because with 9 firms, personalized recommendations significantly reduce expected search costs, outweighing the privacy cost of 0.042 based on past benefits.",7,"### Decision:
I'll **purchase Firm 7** (choose number 7) because: 
- It offers a positive profit of 0.12, which I must buy rationally.
- Further search costs 0.02 and likely yields lower valuation with uncertain profit gain, not worth the cost.","C14 Search #1 (Searched:1/9, SearchCost:0.00, BestProfit:0.12@F7) → Purchase F7",0.08,0.042,"[0.61, 0.27, 0.58, 0.58, 0.38, 0.02, 0.03, 0.92, 0.66]"
9,7,C15,True,"Yes, because with 9 firms, personalized recommendations will likely reduce search costs more than the privacy cost of 0.037, based on past benefits and rational maximization of revenue.",0,"### Decision:
I'll **purchase Firm 0** (choose number 0) because: 
- It offers zero profit, and purchasing provides the product without additional costs.
- With personalized sorting, further searches are unlikely to improve the outcome.","C15 Search #1 (Searched:1/9, SearchCost:0.00, BestProfit:0.00@F0) → Purchase F0",-0.04,0.037,"[0.8, 0.57, 0.55, 0.24, 0.16, 0.56, 0.72, 0.58, 0.29]"
9,7,C16,True,"Yes, because personalized recommendations with 9 firms will likely reduce search costs more than the privacy cost of 0.027, based on past benefits.",6,"### Decision:
I'll **purchase Firm 6** because: 
- It offers a positive profit of 0.18.
- The expected benefit from further search is unlikely to offset the 0.02 search cost.","C16 Search #1 (Searched:1/9, SearchCost:0.00, BestProfit:0.18@F6) → Purchase F6",0.15,0.027,"[0.3, 0.49, 0.09, 0.42, 0.06, 0.08, 0.96, 0.81, 0.87]"
9,7,C17,True,"Yes, because personalized recommendations with 9 firms will likely reduce search costs more than the privacy cost of 0.033.",7,"### Decision:  
I'll **purchase Firm 7** (choose number 7) because:  
- The firm offers a positive profit of 0.13.  
- As a rational consumer, I won't leave without buying when positive profit is available.","C17 Search #1 (Searched:1/9, SearchCost:0.00, BestProfit:0.13@F7) → Purchase F7",0.1,0.033,"[0.75, 0.14, 0.8, 0.41, 0.57, 0.17, 0.39, 0.93, 0.8]"
9,7,C18,True,"Yes, because personalized recommendations with 9 firms will likely reduce search costs more than the privacy cost of 0.051, based on consistent past benefits.",6,"### Decision:  
I'll **purchase Firm 6** (choose number 6) because:  
- The firm offers a positive profit of 0.14.  
- Searching more would incur a search cost of 0.02 with uncertain benefits, making it irrational to delay purchase.","C18 Search #1 (Searched:1/9, SearchCost:0.00, BestProfit:0.14@F6) → Purchase F6",0.09,0.051,"[0.62, 0.3, 0.59, 0.43, 0.7, 0.56, 0.92, 0.18, 0.09]"
9,7,C19,True,"Yes, because with 9 firms, personalized recommendations will likely reduce search costs more than the privacy cost of 0.052, based on consistent past benefits.",1,"### Decision:
I'll **purchase Firm 1** (choose number 1) because: 
- It offers a positive profit of 0.07.
- Additional search costs 0.02 and is unlikely to yield better profit due to valuation sorting.","C19 Search #1 (Searched:1/9, SearchCost:0.00, BestProfit:0.07@F1) → Purchase F1",0.02,0.052,"[0.81, 0.85, 0.38, 0.09, 0.29, 0.32, 0.1, 0.22, 0.08]"
9,7,C20,True,"Yes, because with 9 firms, personalized recommendations will likely reduce search costs more than the privacy cost of 0.054, based on past benefits.",0,"### Decision:
I'll **purchase Firm 0** (choose number 0) because: 
- It offers a positive profit of 0.18
- Further search is unlikely to yield better deals given the sorted recommendations and the 0.02 search cost","C20 Search #1 (Searched:1/9, SearchCost:0.00, BestProfit:0.18@F0) → Purchase F0",0.13,0.054,"[0.98, 0.43, 0.58, 0.78, 0.45, 0.56, 0.07, 0.58, 0.57]"
9,8,C1,True,"Yes, because the expected search cost reduction from personalized recommendations with 9 firms outweighs the privacy cost of 0.034.",6,"### Decision:
I'll **purchase Firm 6** (choose number 6) because: 
- It offers a positive profit of 0.08.
- Searching more costs 0.02 and may not improve profit, given the personalized valuation order.","C1 Search #1 (Searched:1/9, SearchCost:0.00, BestProfit:0.08@F6) → Purchase F6",0.05,0.034,"[0.62, 0.25, 0.82, 0.48, 0.59, 0.43, 0.88, 0.13, 0.43]"
9,8,C2,True,"Yes, because expected search cost reduction with personalized recommendations for 9 firms outweighs privacy value of 0.028, based on past benefits.",2,"### Decision:
I'll **purchase Firm 2** (choose number 2) because: 
- Positive profit of 0.10 already found.
- Additional search cost of 0.02 unlikely to yield better profit given sorted recommendations.","C2 Search #1 (Searched:1/9, SearchCost:0.00, BestProfit:0.10@F2) → Purchase F2",0.07,0.028,"[0.69, 0.55, 0.9, 0.7, 0.66, 0.83, 0.53, 0.19, 0.85]"
9,8,C3,False,"No, because the privacy cost of 0.052 may exceed the expected search cost savings, and not sharing could allow finding better deals, as seen in recent high-revenue cases.",3,"### Decision:
I'll **purchase Firm 3** (choose number 3) because: 
- It offers a positive profit of 0.06
- As a rational consumer, I will not leave without buying when positive profit is available","C3 Search #1 (Searched:1/9, SearchCost:0.00, BestProfit:0.06@F3) → Purchase F3",0.06,0.052,"[0.07, 0.0, 0.5, 0.86, 0.94, 0.99, 0.87, 0.86, 0.72]"
9,8,C4,True,"Yes, because with 9 firms, personalized recommendations will likely reduce search costs more than the privacy cost of 0.04, based on past benefits.",2,"### Decision:
I'll **purchase Firm 2** (choose number 2) because: 
- Current firm offers positive profit of 0.13.
- Additional search costs 0.02 with uncertain benefit due to personalized sorting.","C4 Search #1 (Searched:1/9, SearchCost:0.00, BestProfit:0.13@F2) → Purchase F2",0.09,0.04,"[0.56, 0.76, 0.93, 0.63, 0.56, 0.85, 0.85, 0.52, 0.17]"
9,8,C5,True,"Yes, because personalized recommendations with 9 firms likely reduce search costs more than the 0.04 privacy cost, based on past success.",1,"### Decision:  
I'll **purchase Firm 1** (choose number 1) because:  
- Firm 1 offers a positive profit of 0.07 with no additional search cost.  
- Searching further would cost 0.02 and is unlikely to yield a better deal due to sorted decreasing valuations.","C5 Search #1 (Searched:1/9, SearchCost:0.00, BestProfit:0.07@F1) → Purchase F1",0.03,0.04,"[0.39, 0.87, 0.49, 0.37, 0.05, 0.57, 0.84, 0.49, 0.08]"
9,8,C6,True,"yes, because with 9 firms, personalized recommendations will likely reduce search costs and improve matching, outweighing the 0.035 privacy cost.",6,"### Decision:
I'll **purchase Firm 6** (choose number 6) because: 
- It offers a positive profit of 0.04.
- As a rational consumer, I must buy when positive profit is available from searched firms, especially with personalized recommendations reducing the need for further searches.","C6 Search #1 (Searched:1/9, SearchCost:0.00, BestProfit:0.04@F6) → Purchase F6",0.0,0.035,"[0.68, 0.73, 0.82, 0.44, 0.81, 0.14, 0.84, 0.83, 0.49]"
9,8,C7,False,"No, because the privacy cost of 0.052 may outweigh the expected search cost savings, given that non-sharing consumers achieved higher revenues in recent outcomes.",5,"### Decision:  
I'll **purchase Firm 5** (choose number 5) because:  
- Positive profit of 0.12.  
- Unlikely to find better deal justifying 0.02 search cost.","C7 Search #1 (Searched:1/9, SearchCost:0.00, BestProfit:0.12@F5) → Purchase F5",0.12,0.052,"[0.44, 0.83, 0.32, 0.7, 0.69, 0.92, 0.57, 0.32, 0.82]"
9,8,C8,True,"Yes, expected search cost savings from personalized recommendations with 9 firms outweigh the low privacy cost of 0.029.",3,"### Decision:
I'll **purchase Firm 3** (choose number 3) because: 
- It offers positive profit of 0.14
- Rationality constraint requires buying when positive profit is available","C8 Search #1 (Searched:1/9, SearchCost:0.00, BestProfit:0.14@F3) → Purchase F3",0.11,0.029,"[0.31, 0.8, 0.88, 0.94, 0.77, 0.85, 0.79, 0.17, 0.32]"
9,8,C9,False,"No, to potentially access better deals through multiple searches, as observed in top consumers' outcomes, outweighing the privacy cost of 0.046.",-1,"### Decision:
I'll **leave** (choose number -1) because: 
- No searched firm offers positive profit.
- Further search cost outweighs potential gain.","C9 Search #1 (Searched:1/9, SearchCost:0.00, BestProfit:-0.18@F2) → Search Next; C9 Search #2 (Searched:2/9, SearchCost:0.02, BestProfit:0.00@F8) → Search Next; C9 Search #3 (Searched:3/9, SearchCost:0.04, BestProfit:0.00@F8) → Search Next; C9 Search #4 (Searched:4/9, SearchCost:0.06, BestProfit:0.00@F8) → Leave Market",-0.06,0.046,"[0.25, 0.73, 0.62, 0.71, 0.3, 0.63, 0.29, 0.72, 0.82]"
9,8,C10,False,"No, privacy cost (0.054) likely exceeds search cost savings, as recent recommendations yielded low profits and not sharing may allow finding better deals through exploration.",-1,"### Decision:
I'll **leave** (choose number -1) because: 
- All searched firms have negative profit, yielding no gain.
- Additional search costs 0.02 with low expected benefit, increasing potential losses.","C10 Search #1 (Searched:1/9, SearchCost:0.00, BestProfit:-0.58@F5) → Search Next; C10 Search #2 (Searched:2/9, SearchCost:0.02, BestProfit:-0.47@F1) → Search Next; C10 Search #3 (Searched:3/9, SearchCost:0.04, BestProfit:-0.13@F0) → Leave Market",-0.04,0.054,"[0.69, 0.33, 0.01, 0.2, 0.23, 0.22, 0.52, 0.07, 0.9]"
9,8,C11,True,"Yes, because with 9 firms, personalized recommendations significantly reduce expected search costs, potentially offsetting the privacy cost of 0.055.",-1,"### Decision:
I'll **leave** (choose number -1) because: 
- No positive profit from searched firm (profit -0.04).
- Additional search costs 0.02 with low expected benefit, as sequence is sorted and likely yields worse outcomes.","C11 Search #1 (Searched:1/9, SearchCost:0.00, BestProfit:-0.04@F2) → Leave Market",-0.06,0.055,"[0.06, 0.56, 0.76, 0.47, 0.38, 0.15, 0.59, 0.59, 0.42]"
9,8,C12,True,"Yes, because with 9 firms, personalized recommendations likely reduce search costs more than the privacy cost of 0.039.",0,"### Decision:
I'll **purchase Firm 0** (choose number 0) because: 
- It offers a positive profit of 0.17.
- Rational to buy now, avoiding additional search costs with personalized sorting.","C12 Search #1 (Searched:1/9, SearchCost:0.00, BestProfit:0.17@F0) → Purchase F0",0.13,0.039,"[0.99, 0.32, 0.23, 0.32, 0.46, 0.32, 0.56, 0.62, 0.58]"
9,8,C13,True,"Yes, because with 9 firms, personalized recommendations consistently reduce search costs more than the privacy cost of 0.051, based on past experiences.",7,"### Decision:  
I'll **purchase Firm 7** (choose number 7) because:  
- It offers a positive profit of 0.16.  
- Further searching costs 0.02 with uncertain benefits and may not improve net revenue.","C13 Search #1 (Searched:1/9, SearchCost:0.00, BestProfit:0.16@F7) → Purchase F7",0.11,0.051,"[0.57, 0.48, 0.68, 0.22, 0.48, 0.8, 0.78, 0.98, 0.12]"
9,8,C14,True,"Yes, because with 9 firms, personalized recommendations significantly reduce expected search costs, outweighing the privacy cost of 0.042 based on past benefits.",7,"### Decision:
I'll **purchase Firm 7** (choose number 7) because: 
- It offers a positive profit of 0.10, which I must buy rationally.
- Further search costs 0.02 and likely yields lower valuation with uncertain profit gain, not worth the cost.","C14 Search #1 (Searched:1/9, SearchCost:0.00, BestProfit:0.10@F7) → Purchase F7",0.06,0.042,"[0.61, 0.27, 0.58, 0.58, 0.38, 0.02, 0.03, 0.92, 0.66]"
9,8,C15,False,"No, because recent sharing experiences resulted in low or negative revenue, and the privacy cost of 0.037 may not be offset by search cost savings.",-1,"### Decision:
I'll **leave** (choose number -1) because: 
- Both searched firms have negative profit.
- Further searching incurs additional 0.02 cost with uncertain benefit, risking greater loss.","C15 Search #1 (Searched:1/9, SearchCost:0.00, BestProfit:-0.08@F6) → Search Next; C15 Search #2 (Searched:2/9, SearchCost:0.02, BestProfit:-0.08@F6) → Leave Market",-0.02,0.037,"[0.8, 0.57, 0.55, 0.24, 0.16, 0.56, 0.72, 0.58, 0.29]"
9,8,C16,True,"yes, because personalized recommendations with 9 firms likely reduce search costs more than the privacy cost of 0.027.",6,"### Decision:
I'll **purchase Firm 6** (choose number 6) because: 
- It offers a positive profit of 0.16.
- Expected benefit from further search is unlikely to offset the 0.02 search cost.","C16 Search #1 (Searched:1/9, SearchCost:0.00, BestProfit:0.16@F6) → Purchase F6",0.13,0.027,"[0.3, 0.49, 0.09, 0.42, 0.06, 0.08, 0.96, 0.81, 0.87]"
9,8,C17,False,"No, because privacy cost (0.033) exceeds expected search cost savings, as non-sharers have achieved higher revenue with moderate search costs.",-1,"### Decision:
I'll **leave** (choose number -1) because: 
- No searched firm offers positive profit.
- Further searching risks higher costs with uncertain benefits.","C17 Search #1 (Searched:1/9, SearchCost:0.00, BestProfit:-0.23@F4) → Search Next; C17 Search #2 (Searched:2/9, SearchCost:0.02, BestProfit:0.00@F2) → Search Next; C17 Search #3 (Searched:3/9, SearchCost:0.04, BestProfit:0.00@F2) → Leave Market",-0.04,0.033,"[0.75, 0.14, 0.8, 0.41, 0.57, 0.17, 0.39, 0.93, 0.8]"
9,8,C18,True,"Yes, because personalized recommendations with 9 firms consistently reduce search costs more than the privacy cost of 0.051, based on past benefits.",6,"### Decision:  
I'll **purchase Firm 6** (choose number 6) because:  
- The firm offers a positive profit of 0.12.  
- Searching more would incur a search cost of 0.02 with uncertain benefits, making it irrational to delay purchase.","C18 Search #1 (Searched:1/9, SearchCost:0.00, BestProfit:0.12@F6) → Purchase F6",0.07,0.051,"[0.62, 0.3, 0.59, 0.43, 0.7, 0.56, 0.92, 0.18, 0.09]"
9,8,C19,False,"No, privacy cost (0.052) outweighs potential search cost savings, as past sharing yielded low net revenue while non-sharing consumers achieved higher profits with moderate searching.",-1,"### Decision:
I'll **leave** (choose number -1) because: 
- Both searched firms have negative profits.
- Further searches cost 0.02 with low likelihood of finding positive profit, increasing potential losses.","C19 Search #1 (Searched:1/9, SearchCost:0.00, BestProfit:-0.71@F3) → Search Next; C19 Search #2 (Searched:2/9, SearchCost:0.02, BestProfit:-0.60@F7) → Leave Market",-0.02,0.052,"[0.81, 0.85, 0.38, 0.09, 0.29, 0.32, 0.1, 0.22, 0.08]"
9,8,C20,False,"No, privacy cost (0.054) likely exceeds search cost savings, as non-sharing consumers achieved higher revenue with minimal additional search costs.",-1,"### Decision:  
I'll **leave** (choose number -1) because:  
- All searched firms have negative profit.  
- Further search is unlikely to yield positive profit given high search cost and observed valuations.","C20 Search #1 (Searched:1/9, SearchCost:0.00, BestProfit:-0.35@F4) → Search Next; C20 Search #2 (Searched:2/9, SearchCost:0.02, BestProfit:-0.22@F2) → Search Next; C20 Search #3 (Searched:3/9, SearchCost:0.04, BestProfit:-0.02@F3) → Search Next; C20 Search #4 (Searched:4/9, SearchCost:0.06, BestProfit:-0.02@F3) → Leave Market",-0.06,0.054,"[0.98, 0.43, 0.58, 0.78, 0.45, 0.56, 0.07, 0.58, 0.57]"
9,9,C1,True,"Yes, because with 9 firms, personalized recommendations significantly reduce search costs, outweighing the privacy cost of 0.034 based on past positive outcomes.",6,"### Decision:
I'll **purchase Firm 6** (choose number 6) because: 
- It offers a positive profit of 0.08.
- Searching more costs 0.02 and may not improve profit, given the personalized valuation order.","C1 Search #1 (Searched:1/9, SearchCost:0.00, BestProfit:0.08@F6) → Purchase F6",0.05,0.034,"[0.62, 0.25, 0.82, 0.48, 0.59, 0.43, 0.88, 0.13, 0.43]"
9,9,C2,True,"Yes, because with 9 firms, personalized recommendations significantly reduce expected search costs and improve deal quality, outweighing the privacy cost of 0.028.",2,"### Decision:
I'll **purchase Firm 2** (choose number 2) because: 
- Positive profit of 0.08 already found.
- Additional search cost of 0.02 unlikely to yield better profit given sorted recommendations.","C2 Search #1 (Searched:1/9, SearchCost:0.00, BestProfit:0.08@F2) → Purchase F2",0.05,0.028,"[0.69, 0.55, 0.9, 0.7, 0.66, 0.83, 0.53, 0.19, 0.85]"
9,9,C3,True,"Yes, because with 9 firms, personalized recommendations likely reduce search costs and improve deal quality more than the privacy cost of 0.052.",5,"### Decision:
I'll **purchase Firm 5** (choose number 5) because: 
- It offers a positive profit of 0.21
- As a rational consumer, I will not leave without buying when positive profit is available","C3 Search #1 (Searched:1/9, SearchCost:0.00, BestProfit:0.21@F5) → Purchase F5",0.16,0.052,"[0.07, 0.0, 0.5, 0.86, 0.94, 0.99, 0.87, 0.86, 0.72]"
9,9,C4,True,"Yes, because with 9 firms, personalized recommendations will likely reduce search costs more than the 0.04 privacy cost, based on consistent past benefits and top consumer outcomes.",2,"### Decision:
I'll **purchase Firm 2** (choose number 2) because: 
- Current firm offers positive profit of 0.11.
- Additional search costs 0.02 with uncertain benefit due to personalized sorting.","C4 Search #1 (Searched:1/9, SearchCost:0.00, BestProfit:0.11@F2) → Purchase F2",0.07,0.04,"[0.56, 0.76, 0.93, 0.63, 0.56, 0.85, 0.85, 0.52, 0.17]"
9,9,C5,True,"Yes, because with 9 firms, personalized recommendations likely reduce search costs more than the 0.04 privacy cost, based on past benefits and top consumer success.",1,"### Decision:  
I'll **purchase Firm 1** (choose number 1) because:  
- Firm 1 offers a positive profit of 0.09 with no additional search cost.  
- Searching further would incur a 0.02 cost and is unlikely to yield a better deal due to sorted decreasing valuations.","C5 Search #1 (Searched:1/9, SearchCost:0.00, BestProfit:0.09@F1) → Purchase F1",0.05,0.04,"[0.39, 0.87, 0.49, 0.37, 0.05, 0.57, 0.84, 0.49, 0.08]"
9,9,C6,True,"Yes, because personalized recommendations with 9 firms likely reduce search costs and improve matching, outweighing the 0.035 privacy cost based on top consumers' high revenues.",6,"### Decision:  
I'll **purchase Firm 6** (choose number 6) because:  
- It offers a positive profit of 0.04.  
- As a rational consumer, I must buy when positive profit is available from searched firms.","C6 Search #1 (Searched:1/9, SearchCost:0.00, BestProfit:0.04@F6) → Purchase F6",0.0,0.035,"[0.68, 0.73, 0.82, 0.44, 0.81, 0.14, 0.84, 0.83, 0.49]"
9,9,C7,False,"No, because the privacy cost of 0.052 may outweigh the limited search cost savings, as non-sharing has recently provided comparable revenue.",4,"### Decision:
I'll **purchase Firm 4** (choose number 4) because: 
- Positive profit of 0.19.
- Unlikely to find better deal justifying 0.02 search cost.","C7 Search #1 (Searched:1/9, SearchCost:0.00, BestProfit:0.19@F4) → Purchase F4",0.19,0.052,"[0.44, 0.83, 0.32, 0.7, 0.69, 0.92, 0.57, 0.32, 0.82]"
9,9,C8,True,"Yes, because with 9 firms, personalized recommendations likely reduce search costs and improve matching more than the privacy cost of 0.029.",3,"### Decision:
I'll **purchase Firm 3** (choose number 3) because: 
- It offers positive profit of 0.12
- Rationality constraint requires buying when positive profit is available","C8 Search #1 (Searched:1/9, SearchCost:0.00, BestProfit:0.12@F3) → Purchase F3",0.09,0.029,"[0.31, 0.8, 0.88, 0.94, 0.77, 0.85, 0.79, 0.17, 0.32]"
9,9,C9,True,"Yes, because personalized recommendations for 9 firms likely reduce search costs more than the privacy cost of 0.046.",8,"### Decision:  
I'll **purchase Firm 8** (choose number 8) because:  
- It offers a positive profit of 0.32.  
- Guidelines state I won't leave without buying if positive profit is available.","C9 Search #1 (Searched:1/9, SearchCost:0.00, BestProfit:0.32@F8) → Purchase F8",0.27,0.046,"[0.25, 0.73, 0.62, 0.71, 0.3, 0.63, 0.29, 0.72, 0.82]"
9,9,C10,True,"Yes, because with 9 firms, personalized recommendations will likely reduce search costs more than the privacy cost of 0.054, based on past benefits and top consumer outcomes.",8,"### Decision:  
I'll **purchase Firm 8** (choose number 8) because:  
- It offers a positive profit of 0.4, ensuring a gain.  
- Searching further costs 0.02 with likely lower benefits given sorted recommendations.","C10 Search #1 (Searched:1/9, SearchCost:0.00, BestProfit:0.40@F8) → Purchase F8",0.35,0.054,"[0.69, 0.33, 0.01, 0.2, 0.23, 0.22, 0.52, 0.07, 0.9]"
9,9,C11,True,"Yes, because with 9 firms, personalized recommendations will likely reduce search costs more than the privacy cost of 0.055, increasing the chance of finding a profitable deal.",-1,"### Decision:
I'll **leave** (choose number -1) because: 
- No positive profit from searched firm.
- With sorted recommendations, additional search unlikely to yield better outcomes, and cost 0.02 not justified.","C11 Search #1 (Searched:1/9, SearchCost:0.00, BestProfit:-0.06@F2) → Leave Market",-0.06,0.055,"[0.06, 0.56, 0.76, 0.47, 0.38, 0.15, 0.59, 0.59, 0.42]"
9,9,C12,True,"Yes, because with 9 firms, personalized recommendations will likely reduce search costs and improve product matching more than the privacy cost of 0.039.",0,"### Decision:
I'll **purchase Firm 0** (choose number 0) because: 
- It offers a positive profit of 0.19.
- Personalized recommendations indicate it's the best option, making further searches unnecessary and costly.","C12 Search #1 (Searched:1/9, SearchCost:0.00, BestProfit:0.19@F0) → Purchase F0",0.15,0.039,"[0.99, 0.32, 0.23, 0.32, 0.46, 0.32, 0.56, 0.62, 0.58]"
9,9,C13,False,"No, because the privacy cost of 0.051 may outweigh the limited expected reduction in search costs and improvement in deal quality, based on recent outcomes where non-sharing yielded comparable revenue.",7,"### Decision:
I'll **purchase Firm 7** (choose number 7) because: 
- It offers a positive profit of 0.18.
- Further searching costs 0.02 with uncertain benefits and may reduce net revenue.","C13 Search #1 (Searched:1/9, SearchCost:0.00, BestProfit:-0.02@F4) → Search Next; C13 Search #2 (Searched:2/9, SearchCost:0.02, BestProfit:-0.02@F4) → Search Next; C13 Search #3 (Searched:3/9, SearchCost:0.04, BestProfit:-0.02@F4) → Search Next; C13 Search #4 (Searched:4/9, SearchCost:0.06, BestProfit:0.18@F7) → Purchase F7",0.12,0.051,"[0.57, 0.48, 0.68, 0.22, 0.48, 0.8, 0.78, 0.98, 0.12]"
9,9,C14,True,"Yes, because with 9 firms, personalized recommendations significantly reduce expected search costs and improve deal quality, outweighing the privacy cost of 0.042.",7,"### Decision:
I'll **purchase Firm 7** (choose number 7) because: 
- It offers a positive profit of 0.12, which I must buy rationally.
- Further search costs 0.02 and likely yields lower valuation with uncertain profit gain, not worth the cost.","C14 Search #1 (Searched:1/9, SearchCost:0.00, BestProfit:0.12@F7) → Purchase F7",0.08,0.042,"[0.61, 0.27, 0.58, 0.58, 0.38, 0.02, 0.03, 0.92, 0.66]"
9,9,C15,True,"Yes, because with 9 firms, personalized recommendations significantly reduce expected search costs, outweighing the low privacy cost of 0.037.",0,"### Decision:
I'll **purchase Firm 0** (choose number 0) because: 
- It offers zero profit, providing the product without additional costs.
- With personalized sorting, further searches are unlikely to improve outcomes and would incur a 0.02 cost.","C15 Search #1 (Searched:1/9, SearchCost:0.00, BestProfit:0.00@F0) → Purchase F0",-0.04,0.037,"[0.8, 0.57, 0.55, 0.24, 0.16, 0.56, 0.72, 0.58, 0.29]"
9,9,C16,True,"Yes, because with 9 firms, personalized recommendations likely reduce search costs more than the privacy cost of 0.027, based on past beneficial outcomes.",6,"### Decision:
I'll **purchase Firm 6** (choose number 6) because: 
- It offers a positive profit of 0.16.
- The expected benefit from further search is unlikely to offset the 0.02 search cost.","C16 Search #1 (Searched:1/9, SearchCost:0.00, BestProfit:0.16@F6) → Purchase F6",0.13,0.027,"[0.3, 0.49, 0.09, 0.42, 0.06, 0.08, 0.96, 0.81, 0.87]"
9,9,C17,True,"Yes, because with 9 firms, personalized recommendations likely reduce search costs more than the privacy cost of 0.033.",7,"### Decision:  
I'll **purchase Firm 7** (choose number 7) because:  
- The firm offers a positive profit of 0.13.  
- As a rational consumer, I won't leave without buying when positive profit is available.","C17 Search #1 (Searched:1/9, SearchCost:0.00, BestProfit:0.13@F7) → Purchase F7",0.1,0.033,"[0.75, 0.14, 0.8, 0.41, 0.57, 0.17, 0.39, 0.93, 0.8]"
9,9,C18,True,"Yes, because with 9 firms, personalized recommendations likely reduce search costs more than the privacy cost of 0.051, based on consistent past benefits.",6,"### Decision:
I'll **purchase Firm 6** (choose number 6) because: 
- The firm offers a positive profit of 0.12.
- Searching more would incur a search cost of 0.02 with uncertain benefits, making it irrational to delay purchase.","C18 Search #1 (Searched:1/9, SearchCost:0.00, BestProfit:0.12@F6) → Purchase F6",0.07,0.051,"[0.62, 0.3, 0.59, 0.43, 0.7, 0.56, 0.92, 0.18, 0.09]"
9,9,C19,True,"Yes, because with 9 firms, personalized recommendations significantly reduce expected search costs, likely exceeding the privacy cost of 0.052 based on past experiences and top consumer outcomes.",1,"### Decision:
I'll **purchase Firm 1** (choose number 1) because: 
- It offers a positive profit of 0.07.
- Additional search costs 0.02 and is unlikely to yield better profit due to valuation sorting.","C19 Search #1 (Searched:1/9, SearchCost:0.00, BestProfit:0.07@F1) → Purchase F1",0.02,0.052,"[0.81, 0.85, 0.38, 0.09, 0.29, 0.32, 0.1, 0.22, 0.08]"
9,9,C20,True,"Yes, because with 9 firms, personalized recommendations reduce search costs and risk, outweighing the 0.054 privacy cost based on past benefits.",0,"### Decision:  
I'll **purchase Firm 0** (choose number 0) because:  
- It offers a positive profit of 0.18.  
- Further search is unlikely to yield better deals given the sorted recommendations and the 0.02 search cost.","C20 Search #1 (Searched:1/9, SearchCost:0.00, BestProfit:0.18@F0) → Purchase F0",0.13,0.054,"[0.98, 0.43, 0.58, 0.78, 0.45, 0.56, 0.07, 0.58, 0.57]"
9,10,C1,True,"Yes, because personalized recommendations with 9 firms reduce search costs and improve matching, outweighing the low privacy cost of 0.034 based on past benefits.",6,"### Decision:
I'll **purchase Firm 6** (choose number 6) because: 
- It offers a positive profit of 0.06.
- Searching more costs 0.02 and may not improve profit, given the personalized valuation order.","C1 Search #1 (Searched:1/9, SearchCost:0.00, BestProfit:0.06@F6) → Purchase F6",0.03,0.034,"[0.62, 0.25, 0.82, 0.48, 0.59, 0.43, 0.88, 0.13, 0.43]"
9,10,C2,True,"Yes, because with 9 firms, personalized recommendations significantly reduce expected search costs, outweighing the low privacy cost of 0.028 based on past benefits.",2,"### Decision:
I'll **purchase Firm 2** (choose number 2) because: 
- Positive profit of 0.10 already found.
- Additional search cost of 0.02 unlikely to yield better profit given sorted recommendations.","C2 Search #1 (Searched:1/9, SearchCost:0.00, BestProfit:0.10@F2) → Purchase F2",0.07,0.028,"[0.69, 0.55, 0.9, 0.7, 0.66, 0.83, 0.53, 0.19, 0.85]"
9,10,C3,True,"Yes, because personalized recommendations with 9 firms will likely yield a better deal and reduce search costs, outweighing the privacy cost of 0.052 based on past higher revenues when sharing.",5,"### Decision:
I'll **purchase Firm 5** (choose number 5) because: 
- It offers a positive profit of 0.19
- As a rational consumer, I will not leave without buying when positive profit is available","C3 Search #1 (Searched:1/9, SearchCost:0.00, BestProfit:0.19@F5) → Purchase F5",0.14,0.052,"[0.07, 0.0, 0.5, 0.86, 0.94, 0.99, 0.87, 0.86, 0.72]"
9,10,C4,True,"Yes, because personalized recommendations with 9 firms will likely reduce search costs more than the 0.04 privacy cost, based on past benefits and higher revenues from sharing consumers.",2,"### Decision:
I'll **purchase Firm 2** (choose number 2) because: 
- Current firm offers positive profit of 0.13.
- Additional search costs 0.02 with uncertain benefit due to personalized sorting.","C4 Search #1 (Searched:1/9, SearchCost:0.00, BestProfit:0.13@F2) → Purchase F2",0.09,0.04,"[0.56, 0.76, 0.93, 0.63, 0.56, 0.85, 0.85, 0.52, 0.17]"
9,10,C5,True,"Yes, because personalized recommendations with 9 firms likely reduce search costs more than the 0.04 privacy cost, based on past benefits and top consumers' higher revenues.",1,"### Decision:
I'll **purchase Firm 1** (choose number 1) because: 
- Firm 1 offers a positive profit of 0.07 with no additional search cost.
- Searching further would cost 0.02 and is unlikely to yield a better deal due to sorted decreasing valuations.","C5 Search #1 (Searched:1/9, SearchCost:0.00, BestProfit:0.07@F1) → Purchase F1",0.03,0.04,"[0.39, 0.87, 0.49, 0.37, 0.05, 0.57, 0.84, 0.49, 0.08]"
9,10,C6,True,"Yes, because with 9 firms, personalized recommendations will likely reduce search costs and improve matching, outweighing the 0.035 privacy cost based on top consumers' high revenues.",6,"### Decision:
I'll **purchase Firm 6** (choose number 6) because: 
- The firm offers a positive profit of 0.02.
- As a rational consumer, I must buy when positive profit is available from searched firms.","C6 Search #1 (Searched:1/9, SearchCost:0.00, BestProfit:0.02@F6) → Purchase F6",-0.01,0.035,"[0.68, 0.73, 0.82, 0.44, 0.81, 0.14, 0.84, 0.83, 0.49]"
9,10,C7,True,"Yes, because with 9 firms, personalized recommendations likely provide better deals and reduce search costs more than the 0.052 privacy cost, as evidenced by top consumers' higher revenues.",5,"### Decision:  
I'll **purchase Firm 5** (choose number 5) because:  
- Positive profit of 0.12.  
- Unlikely to find better deal due to decreasing valuations in sorted list.","C7 Search #1 (Searched:1/9, SearchCost:0.00, BestProfit:0.12@F5) → Purchase F5",0.07,0.052,"[0.44, 0.83, 0.32, 0.7, 0.69, 0.92, 0.57, 0.32, 0.82]"
9,10,C8,True,"Yes, because personalized recommendations with 9 firms will likely reduce search costs more than the privacy cost of 0.029.",3,"### Decision:
I'll **purchase Firm 3** (choose number 3) because: 
- It offers positive profit of 0.44
- Rationality constraint requires buying when positive profit is available","C8 Search #1 (Searched:1/9, SearchCost:0.00, BestProfit:0.44@F3) → Purchase F3",0.41,0.029,"[0.31, 0.8, 0.88, 0.94, 0.77, 0.85, 0.79, 0.17, 0.32]"
9,10,C9,True,"Yes, because personalized recommendations for 9 firms will likely reduce search costs more than the privacy cost of 0.046, based on past benefits.",8,"### Decision:  
I'll **purchase Firm 8** (choose number 8) because:  
- It offers a positive profit of 0.02.  
- Guidelines state I won't leave without buying if positive profit is available.","C9 Search #1 (Searched:1/9, SearchCost:0.00, BestProfit:0.02@F8) → Purchase F8",-0.03,0.046,"[0.25, 0.73, 0.62, 0.71, 0.3, 0.63, 0.29, 0.72, 0.82]"
9,10,C10,True,"Yes, because personalized recommendations with 9 firms typically reduce search costs and yield better deals, offsetting the privacy cost based on past positive outcomes.",8,"### Decision:  
I'll **purchase Firm 8** (choose number 8) because:  
- It offers a positive profit of 0.1, ensuring a gain.  
- Additional search costs 0.02 with low expected benefit, given sorted recommendations.","C10 Search #1 (Searched:1/9, SearchCost:0.00, BestProfit:0.10@F8) → Purchase F8",0.05,0.054,"[0.69, 0.33, 0.01, 0.2, 0.23, 0.22, 0.52, 0.07, 0.9]"
9,10,C11,True,"Yes, because with 9 firms, personalized recommendations increase the chance of finding a high-value deal with fewer searches, likely offsetting the privacy cost of 0.055.",-1,"### Decision:
I'll **leave** (choose number -1) because: 
- No positive profit from the searched firm (profit -0.04).
- Additional search costs 0.02 with low expected benefit, as sorted sequence likely yields worse outcomes.","C11 Search #1 (Searched:1/9, SearchCost:0.00, BestProfit:-0.04@F2) → Leave Market",-0.06,0.055,"[0.06, 0.56, 0.76, 0.47, 0.38, 0.15, 0.59, 0.59, 0.42]"
9,10,C12,True,"Yes, because personalized recommendations with 9 firms will reduce search costs more than the privacy cost of 0.039.",0,"### Decision:
I'll **purchase Firm 0** (choose number 0) because: 
- It offers a positive profit of 0.19.
- Personalized recommendations ensure it's the best option, avoiding costly additional searches.","C12 Search #1 (Searched:1/9, SearchCost:0.00, BestProfit:0.19@F0) → Purchase F0",0.15,0.039,"[0.99, 0.32, 0.23, 0.32, 0.46, 0.32, 0.56, 0.62, 0.58]"
9,10,C13,True,"Yes, because with 9 firms, personalized recommendations will likely reduce search costs more than the privacy cost of 0.051, based on top consumers' higher revenues and my past benefits.",7,"### Decision:  
I'll **purchase Firm 7** (choose number 7) because:  
- It offers a positive profit of 0.18.  
- Further searching costs 0.02 with uncertain benefits and may not improve net revenue.","C13 Search #1 (Searched:1/9, SearchCost:0.00, BestProfit:0.18@F7) → Purchase F7",0.13,0.051,"[0.57, 0.48, 0.68, 0.22, 0.48, 0.8, 0.78, 0.98, 0.12]"
9,10,C14,True,"Yes, because personalized recommendations with 9 firms significantly reduce search costs and improve deal quality, outweighing the privacy cost of 0.042 based on past benefits.",7,"### Decision:
I'll **purchase Firm 7** (choose number 7) because: 
- It offers a positive profit of 0.12, which I must buy rationally.
- Further search costs 0.02 and likely yields lower valuation with uncertain profit gain, not worth the cost.","C14 Search #1 (Searched:1/9, SearchCost:0.00, BestProfit:0.12@F7) → Purchase F7",0.08,0.042,"[0.61, 0.27, 0.58, 0.58, 0.38, 0.02, 0.03, 0.92, 0.66]"
9,10,C15,True,"yes, because personalized recommendations with 9 firms will likely reduce search costs more than the privacy cost of 0.037.",0,"### Decision:
I'll **purchase Firm 0** (choose number 0) because: 
- It offers zero profit, allowing me to obtain the product without additional costs.
- With personalized sorting, further searches are unlikely to yield better outcomes and would incur a 0.02 cost.","C15 Search #1 (Searched:1/9, SearchCost:0.00, BestProfit:0.00@F0) → Purchase F0",-0.04,0.037,"[0.8, 0.57, 0.55, 0.24, 0.16, 0.56, 0.72, 0.58, 0.29]"
9,10,C16,True,"Yes, because personalized recommendations with 9 firms likely reduce search costs more than the privacy cost of 0.027, based on past benefits and higher revenues from sharing.",6,"### Decision:
I'll **purchase Firm 6** (choose number 6) because: 
- It offers a positive profit of 0.14.
- The expected benefit from further search is unlikely to offset the 0.02 search cost.","C16 Search #1 (Searched:1/9, SearchCost:0.00, BestProfit:0.14@F6) → Purchase F6",0.11,0.027,"[0.3, 0.49, 0.09, 0.42, 0.06, 0.08, 0.96, 0.81, 0.87]"
9,10,C17,True,"Yes, because with 9 firms, personalized recommendations will likely reduce search costs more than the privacy cost of 0.033.",7,"### Decision:  
I'll **purchase Firm 7** (choose number 7) because:  
- The firm offers a positive profit of 0.13.  
- As a rational consumer, I won't leave without buying when positive profit is available.","C17 Search #1 (Searched:1/9, SearchCost:0.00, BestProfit:0.13@F7) → Purchase F7",0.1,0.033,"[0.75, 0.14, 0.8, 0.41, 0.57, 0.17, 0.39, 0.93, 0.8]"
9,10,C18,True,"Yes, because personalized recommendations with 9 firms likely reduce search costs and improve deal quality more than the privacy cost of 0.051, based on past benefits and top consumer outcomes.",6,"### Decision:  
I'll **purchase Firm 6** (choose number 6) because:  
- The firm offers a positive profit of 0.10.  
- Searching more would incur a search cost of 0.02 with uncertain benefits, making it irrational to delay purchase.","C18 Search #1 (Searched:1/9, SearchCost:0.00, BestProfit:0.10@F6) → Purchase F6",0.05,0.051,"[0.62, 0.3, 0.59, 0.43, 0.7, 0.56, 0.92, 0.18, 0.09]"
9,10,C19,True,"Yes, because with 9 firms, personalized recommendations likely reduce search costs more than the privacy cost of 0.052, based on past benefits and top consumer outcomes.",1,"### Decision:
I'll **purchase Firm 1** (choose number 1) because: 
- It offers a positive profit of 0.05.
- Additional searches cost 0.02 and are unlikely to yield better profit due to valuation sorting.","C19 Search #1 (Searched:1/9, SearchCost:0.00, BestProfit:0.05@F1) → Purchase F1",0.0,0.052,"[0.81, 0.85, 0.38, 0.09, 0.29, 0.32, 0.1, 0.22, 0.08]"
9,10,C20,True,"Yes, because with 9 firms, personalized recommendations will likely reduce search costs more than the privacy cost of 0.054, based on past benefits.",0,"### Decision:  
I'll **purchase Firm 0** (choose number 0) because:  
- It offers a positive profit of 0.18.  
- Further search is unlikely to yield better deals given the sorted recommendations and the 0.02 search cost.","C20 Search #1 (Searched:1/9, SearchCost:0.00, BestProfit:0.18@F0) → Purchase F0",0.13,0.054,"[0.98, 0.43, 0.58, 0.78, 0.45, 0.56, 0.07, 0.58, 0.57]"
